token_index,token_id,probability,logprob,nll,reference_probability,reference_logprob,reference_nll,nll_drift
0,33,0.99418828014020888,-0.0058286736225805968,0.0058286736225805968,0.99418828014020888,-0.0058286736225805968,0.0058286736225805968,0
1,21161,0.99999475613849298,-5.2438752561085319e-06,5.2438752561085319e-06,0.99999475613849298,-5.2438752561085319e-06,5.2438752561085319e-06,0
2,11876,0.99967473592517342,-0.00032531698465915529,0.00032531698465915529,0.99967473592517342,-0.00032531698465915529,0.00032531698465915529,0
3,52757,0.99999856795547593,-1.4320455495007809e-06,1.4320455495007809e-06,0.99999856795547593,-1.4320455495007809e-06,1.4320455495007809e-06,0
4,374,0.99833174292366589,-0.0016696501667413032,0.0016696501667413032,0.99833174292366589,-0.0016696501667413032,0.0016696501667413032,0
5,264,0.94825204340102243,-0.05313494349742004,0.05313494349742004,0.94825204340102243,-0.05313494349742004,0.05313494349742004,0
6,6721,0.58549463806099078,-0.53529825386675856,0.53529825386675856,0.58549463806099078,-0.53529825386675856,0.53529825386675856,0
7,83162,0.99890946686129045,-0.0010911282026367776,0.0010911282026367776,0.99890946686129045,-0.0010911282026367776,0.0010911282026367776,0
8,11,0.99718378298534616,-0.0028201900147642386,0.0028201900147642386,0.99718378298534616,-0.0028201900147642386,0.0028201900147642386,0
9,9709,0.99992833449386354,-7.1668074231499385e-05,7.1668074231499385e-05,0.99992833449386354,-7.1668074231499385e-05,7.1668074231499385e-05,0
10,37959,0.99999492166899162,-5.0783439031615231e-06,5.0783439031615231e-06,0.99999492166899162,-5.0783439031615231e-06,5.0783439031615231e-06,0
11,10255,0.99995114631719528,-4.8854876184799489e-05,4.8854876184799489e-05,0.99995114631719528,-4.8854876184799489e-05,4.8854876184799489e-05,0
12,11,0.99976470220512059,-0.00023532548174868488,0.00023532548174868488,0.99976470220512059,-0.00023532548174868488,0.00023532548174868488,0
13,323,0.99999220304795378,-7.7969824426036352e-06,7.7969824426036352e-06,0.99999220304795378,-7.7969824426036352e-06,7.7969824426036352e-06,0
14,4846,0.99994099554645655,-5.9006194374740374e-05,5.9006194374740374e-05,0.99994099554645655,-5.9006194374740374e-05,5.9006194374740374e-05,0
15,19077,0.99960602170973312,-0.0003940559201037577,0.0003940559201037577,0.99960602170973312,-0.0003940559201037577,0.0003940559201037577,0
16,83162,0.99993173923773171,-6.8263092140127878e-05,6.8263092140127878e-05,0.99993173923773171,-6.8263092140127878e-05,6.8263092140127878e-05,0
17,323,0.99994727115600068,-5.273023421370637e-05,5.273023421370637e-05,0.99994727115600068,-5.273023421370637e-05,5.273023421370637e-05,0
18,6721,0.97089086375898637,-0.029541212724484883,0.029541212724484883,0.97089086375898637,-0.029541212724484883,0.029541212724484883,0
19,3778,0.87656654152419744,-0.1317426601901594,0.1317426601901594,0.87656654152419744,-0.1317426601901594,0.1317426601901594,0
20,9141,0.9999719533585113,-2.8047034803142123e-05,2.8047034803142123e-05,0.9999719533585113,-2.8047034803142123e-05,2.8047034803142123e-05,0
21,2851,0.99999694791996152,-3.0520846960792636e-06,3.0520846960792636e-06,0.99999694791996152,-3.0520846960792636e-06,3.0520846960792636e-06,0
22,13,0.99993631817347228,-6.3683854301294508e-05,6.3683854301294508e-05,0.99993631817347228,-6.3683854301294508e-05,6.3683854301294508e-05,0
23,1283,0.99007502956107585,-0.0099745512897938607,0.0099745512897938607,0.99007502956107585,-0.0099745512897938607,0.0099745512897938607,0
24,374,0.84692060005236891,-0.16614833128337761,0.16614833128337761,0.84692060005236891,-0.16614833128337761,0.16614833128337761,0
25,5131,0.91772193083008824,-0.085860841839914159,0.085860841839914159,0.91772193083008824,-0.085860841839914159,0.085860841839914159,0
26,8667,0.99997577399774418,-2.4226295710157761e-05,2.4226295710157761e-05,0.99997577399774418,-2.4226295710157761e-05,2.4226295710157761e-05,0
27,311,0.99981086808162267,-0.00018914980607410382,0.00018914980607410382,0.99981086808162267,-0.00018914980607410382,0.00018914980607410382,0
28,34538,0.99047337747917907,-0.0095722910652431964,0.0095722910652431964,0.99047337747917907,-0.0095722910652431964,0.0095722910652431964,0
29,389,0.99145517282213191,-0.0085815435197650475,0.0085815435197650475,0.99145517282213191,-0.0085815435197650475,0.0085815435197650475,0
30,279,0.99999955518283268,-4.4481726623267054e-07,4.4481726623267054e-07,0.99999955518283268,-4.4481726623267054e-07,4.4481726623267054e-07,0
31,23886,0.99999497690509997,-5.0231075157940812e-06,5.0231075157940812e-06,0.99999497690509997,-5.0231075157940812e-06,5.0231075157940812e-06,0
32,6883,0.99999856134681275,-1.4386542220610665e-06,1.4386542220610665e-06,0.99999856134681275,-1.4386542220610665e-06,1.4386542220610665e-06,0
33,323,0.82640783828492548,-0.19066687636577745,0.19066687636577745,0.82640783828492548,-0.19066687636577745,0.19066687636577745,0
34,706,0.70601858323058042,-0.34811371997896268,0.34811371997896268,0.70601858323058042,-0.34811371997896268,0.34811371997896268,0
35,2834,0.58047677285989696,-0.54390549094462348,0.54390549094462348,0.58047677285989696,-0.54390549094462348,0.54390549094462348,0
36,12387,0.74331451703789819,-0.29663601691840258,0.29663601691840258,0.74331451703789819,-0.29663601691840258,0.29663601691840258,0
37,59284,0.98758103243517481,-0.01249672741124461,0.01249672741124461,0.98758103243517481,-0.01249672741124461,0.01249672741124461,0
38,11,0.87183213409546423,-0.13715838037622086,0.13715838037622086,0.87183213409546423,-0.13715838037622086,0.13715838037622086,0
39,2737,0.99997743315678056,-2.2567097854528428e-05,2.2567097854528428e-05,0.99997743315678056,-2.2567097854528428e-05,2.2567097854528428e-05,0
40,3116,0.62122451779935217,-0.47606272003934175,0.47606272003934175,0.62122451779935217,-0.47606272003934175,0.47606272003934175,0
41,34538,0.96726892946018173,-0.033278715202542643,0.033278715202542643,0.96726892946018173,-0.033278715202542643,0.033278715202542643,0
42,4435,0.62332371808434084,-0.47268928345373223,0.47268928345373223,0.62332371808434084,-0.47268928345373223,0.47268928345373223,0
43,29201,0.99995739726386768,-4.2603643654637183e-05,4.2603643654637183e-05,0.99995739726386768,-4.2603643654637183e-05,4.2603643654637183e-05,0
44,4870,0.99999938349318629,-6.1650700369980807e-07,6.1650700369980807e-07,0.99999938349318629,-6.1650700369980807e-07,6.1650700369980807e-07,0
45,48854,0.98220534123741465,-0.017954887357351373,0.017954887357351373,0.98220534123741465,-0.017954887357351373,0.017954887357351373,0
46,11,0.94401500336556776,-0.057613219567206435,0.057613219567206435,0.94401500336556776,-0.057613219567206435,0.057613219567206435,0
47,264,0.59681581815867712,-0.51614672548626728,0.51614672548626728,0.59681581815867712,-0.51614672548626728,0.51614672548626728,0
48,28395,0.75810774346396981,-0.27692976166790279,0.27692976166790279,0.75810774346396981,-0.27692976166790279,0.27692976166790279,0
49,29201,0.99997512845979619,-2.4871849505736585e-05,2.4871849505736585e-05,0.99997512845979619,-2.4871849505736585e-05,2.4871849505736585e-05,0
50,4870,0.99999970757095058,-2.9242909214973284e-07,2.9242909214973284e-07,0.99999970757095058,-2.9242909214973284e-07,2.9242909214973284e-07,0
51,19134,0.99984335216724463,-0.00015666010330857356,0.00015666010330857356,0.99984335216724463,-0.00015666010330857356,0.00015666010330857356,0
52,11,0.99996213073554374,-3.7869981514933585e-05,3.7869981514933585e-05,0.99996213073554374,-3.7869981514933585e-05,3.7869981514933585e-05,0
53,323,0.99785830648599871,-0.0021439902193671543,0.0021439902193671543,0.99785830648599871,-0.0021439902193671543,0.0021439902193671543,0
54,459,0.99895019817132069,-0.0010503532565795189,0.0010503532565795189,0.99895019817132069,-0.0010503532565795189,0.0010503532565795189,0
55,34260,0.56537174847177096,-0.57027180230078511,0.57027180230078511,0.56537174847177096,-0.57027180230078511,0.57027180230078511,0
56,14829,0.99999512195562046,-4.8780562772157542e-06,4.8780562772157542e-06,0.99999512195562046,-4.8780562772157542e-06,4.8780562772157542e-06,0
57,358,0.99994256076565335,-5.744088404263168e-05,5.744088404263168e-05,0.99994256076565335,-5.744088404263168e-05,5.744088404263168e-05,0
58,29201,0.99996812116153599,-3.1879346604952466e-05,3.1879346604952466e-05,0.99996812116153599,-3.1879346604952466e-05,3.1879346604952466e-05,0
59,4870,0.99999885215068174,-1.1478499770941555e-06,1.1478499770941555e-06,0.99999885215068174,-1.1478499770941555e-06,1.1478499770941555e-06,0
60,62668,0.99999682983585991,-3.170169165056481e-06,3.170169165056481e-06,0.99999682983585991,-3.170169165056481e-06,3.170169165056481e-06,0
61,19134,0.99215195674159351,-0.0078790012292723442,0.0078790012292723442,0.99215195674159351,-0.0078790012292723442,0.0078790012292723442,0
62,13,0.79258120825730471,-0.232460307493359,0.232460307493359,0.79258120825730471,-0.232460307493359,0.232460307493359,0
63,11876,0.5295342792733716,-0.63575737708738522,0.63575737708738522,0.5295342792733716,-0.63575737708738522,0.63575737708738522,0
64,52757,0.99999749091237244,-2.5090907753045197e-06,2.5090907753045197e-06,0.99999749091237244,-2.5090907753045197e-06,2.5090907753045197e-06,0
65,706,0.98362653374739883,-0.016508992847586352,0.016508992847586352,0.98362653374739883,-0.016508992847586352,0.016508992847586352,0
66,1101,0.97534846456355617,-0.024960472283931289,0.024960472283931289,0.97534846456355617,-0.024960472283931289,0.024960472283931289,0
67,2834,0.45617203267708029,-0.78488527597144297,0.78488527597144297,0.45617203267708029,-0.78488527597144297,0.78488527597144297,0
68,279,0.77638300259314574,-0.25310932051690016,0.25310932051690016,0.77638300259314574,-0.25310932051690016,0.25310932051690016,0
69,75636,0.99818759578753691,-0.0018140486041464648,0.0018140486041464648,0.99818759578753691,-0.0018140486041464648,0.0018140486041464648,0
70,25434,0.99999749488801593,-2.5051151219178212e-06,2.5051151219178212e-06,0.99999749488801593,-2.5051151219178212e-06,2.5051151219178212e-06,0
71,29201,0.99999524282645358,-4.7571848617856425e-06,4.7571848617856425e-06,0.99999524282645358,-4.7571848617856425e-06,4.7571848617856425e-06,0
72,4870,0.9999999333474805,-6.6652521723275416e-08,6.6652521723275416e-08,0.9999999333474805,-6.6652521723275416e-08,6.6652521723275416e-08,0
73,19134,0.99999001279091715,-9.9872589553375837e-06,9.9872589553375837e-06,0.99999001279091715,-9.9872589553375837e-06,9.9872589553375837e-06,0
74,323,0.51929902328848643,-0.65527540895688219,0.65527540895688219,0.51929902328848643,-0.65527540895688219,0.65527540895688219,0
75,374,0.69456828722279096,-0.36446479588663661,0.36446479588663661,0.69456828722279096,-0.36446479588663661,0.36446479588663661,0
76,264,0.95504042608388007,-0.046001608419452486,0.046001608419452486,0.95504042608388007,-0.046001608419452486,0.046001608419452486,0
77,4330,0.97194519014517466,-0.028455864851134945,0.028455864851134945,0.97194519014517466,-0.028455864851134945,0.028455864851134945,0
78,7394,0.99996935458818625,-3.064588139400043e-05,3.064588139400043e-05,0.99996935458818625,-3.064588139400043e-05,3.064588139400043e-05,0
79,1917,0.99999862112157112,-1.3788793794838348e-06,1.3788793794838348e-06,0.99999862112157112,-1.3788793794838348e-06,1.3788793794838348e-06,0
80,18824,0.99997625554778058,-2.3744734123431392e-05,2.3744734123431392e-05,0.99997625554778058,-2.3744734123431392e-05,2.3744734123431392e-05,0
81,304,0.99999570251476533,-4.2974944688786254e-06,4.2974944688786254e-06,0.99999570251476533,-4.2974944688786254e-06,4.2974944688786254e-06,0
82,6721,0.99999605858467266,-3.9414230947128462e-06,3.9414230947128462e-06,0.99999605858467266,-3.9414230947128462e-06,3.9414230947128462e-06,0
83,36540,0.99999432107126429,-5.6789448608950721e-06,5.6789448608950721e-06,0.99999432107126429,-5.6789448608950721e-06,5.6789448608950721e-06,0
84,382,0.84601300196562579,-0.16722055074031708,0.16722055074031708,0.84601300196562579,-0.16722055074031708,0.16722055074031708,0
85,24641,0.96351494516957281,-0.037167279914779507,0.037167279914779507,0.96351494516957281,-0.037167279914779507,0.037167279914779507,0
86,52757,0.99999890790404999,-1.0920965463809783e-06,1.0920965463809783e-06,0.99999890790404999,-1.0920965463809783e-06,1.0920965463809783e-06,0
87,596,0.76363758030840689,-0.26966197368936279,0.26966197368936279,0.76363758030840689,-0.26966197368936279,0.26966197368936279,0
88,19077,0.66636944179641611,-0.4059110448285414,0.4059110448285414,0.66636944179641611,-0.4059110448285414,0.4059110448285414,0
89,36540,0.9999984239996984,-1.5760015434950808e-06,1.5760015434950808e-06,0.9999984239996984,-1.5760015434950808e-06,1.5760015434950808e-06,0
90,7076,0.99998836204260932,-1.1638025112254842e-05,1.1638025112254842e-05,0.99998836204260932,-1.1638025112254842e-05,1.1638025112254842e-05,0
91,574,0.95678047290334756,-0.044181304748893722,0.044181304748893722,0.95678047290334756,-0.044181304748893722,0.044181304748893722,0
92,6992,0.72779998351527642,-0.31772901645415147,0.31772901645415147,0.72779998351527642,-0.31772901645415147,0.31772901645415147,0
93,11,0.99940685452081224,-0.00059332145955896495,0.00059332145955896495,0.99940685452081224,-0.00059332145955896495,0.00059332145955896495,0
94,449,0.99879766743904907,-0.0012030559426328994,0.0012030559426328994,0.99879766743904907,-0.0012030559426328994,0.0012030559426328994,0
95,220,0.99973184155035399,-0.00026819441055199,0.00026819441055199,0.99973184155035399,-0.00026819441055199,0.00026819441055199,0
96,7461,0.99998417894724356,-1.5821177910603916e-05,1.5821177910603916e-05,0.99998417894724356,-1.5821177910603916e-05,1.5821177910603916e-05,0
97,15160,0.99998337667351889,-1.6623464650177055e-05,1.6623464650177055e-05,0.99998337667351889,-1.6623464650177055e-05,1.6623464650177055e-05,0
98,323,0.99999998526648848,-1.4733511635431346e-08,1.4733511635431346e-08,0.99999998526648848,-1.4733511635431346e-08,1.4733511635431346e-08,0
99,220,0.95986909926761566,-0.040958358747000739,0.040958358747000739,0.95986909926761566,-0.040958358747000739,0.040958358747000739,0
100,20,0.99999283867738609,-7.1613482562629428e-06,7.1613482562629428e-06,0.99999283867738609,-7.1613482562629428e-06,7.1613482562629428e-06,0
101,18151,0.99999058293204124,-9.417112299570745e-06,9.417112299570745e-06,0.99999058293204124,-9.417112299570745e-06,9.417112299570745e-06,0
102,520,0.5655644526914001,-0.56993101522314826,0.56993101522314826,0.5655644526914001,-0.56993101522314826,0.56993101522314826,0
103,426,0.99998111523045374,-1.8884947865778435e-05,1.8884947865778435e-05,0.99998111523045374,-1.8884947865778435e-05,1.8884947865778435e-05,0
104,2191,0.99999779521851628,-2.204783914290395e-06,2.204783914290395e-06,0.99999779521851628,-2.204783914290395e-06,2.204783914290395e-06,0
105,277,0.99999972377413349,-2.7622590463537847e-07,2.7622590463537847e-07,0.99999972377413349,-2.7622590463537847e-07,2.7622590463537847e-07,0
106,377,0.99999987586587669,-1.2413413104126005e-07,1.2413413104126005e-07,0.99999987586587669,-1.2413413104126005e-07,1.2413413104126005e-07,0
107,3314,0.99999967590583205,-3.2409422045576926e-07,3.2409422045576926e-07,0.99999967590583205,-3.2409422045576926e-07,3.2409422045576926e-07,0
108,9304,0.99999924055187173,-7.5944841665339387e-07,7.5944841665339387e-07,0.99999924055187173,-7.5944841665339387e-07,7.5944841665339387e-07,0
109,323,0.99999938390924414,-6.160909456573e-07,6.160909456573e-07,0.99999938390924414,-6.160909456573e-07,6.160909456573e-07,0
110,279,0.9999992893124795,-7.1068777300169178e-07,7.1068777300169178e-07,0.9999992893124795,-7.1068777300169178e-07,7.1068777300169178e-07,0
111,3907,0.9999995161852695,-4.8381484749744476e-07,4.8381484749744476e-07,0.9999995161852695,-4.8381484749744476e-07,4.8381484749744476e-07,0
112,315,0.99999982646954055,-1.7353047447697745e-07,1.7353047447697745e-07,0.99999982646954055,-1.7353047447697745e-07,1.7353047447697745e-07,0
113,19461,0.99999720218277288,-2.7978211410623989e-06,2.7978211410623989e-06,0.99999720218277288,-2.7978211410623989e-06,2.7978211410623989e-06,0
114,13,0.9999690937047534,-3.0906772855940343e-05,3.0906772855940343e-05,0.9999690937047534,-3.0906772855940343e-05,3.0906772855940343e-05,0
115,1283,0.9980169658946636,-0.001985002920717174,0.001985002920717174,0.9980169658946636,-0.001985002920717174,0.001985002920717174,0
116,1243,0.54957416165595963,-0.59861155217776107,0.59861155217776107,0.54957416165595963,-0.59861155217776107,0.59861155217776107,0
117,8667,0.99520344863651566,-0.0048080917334152951,0.0048080917334152951,0.99520344863651566,-0.0048080917334152951,0.0048080917334152951,0
118,449,0.99999976288495351,-2.3711507455188381e-07,2.3711507455188381e-07,0.99999976288495351,-2.3711507455188381e-07,2.3711507455188381e-07,0
119,34538,0.99688640750371982,-0.0031184498104817474,0.0031184498104817474,0.99688640750371982,-0.0031184498104817474,0.0031184498104817474,0
120,304,0.96355614806290091,-0.03712451772143955,0.03712451772143955,0.96355614806290091,-0.03712451772143955,0.03712451772143955,0
121,220,0.99999959369006797,-4.06310014579072e-07,4.06310014579072e-07,0.99999959369006797,-4.06310014579072e-07,4.06310014579072e-07,0
122,1049,0.99999985629282606,-1.4370718426279352e-07,1.4370718426279352e-07,0.99999985629282606,-1.4370718426279352e-07,1.4370718426279352e-07,0
123,15,0.99999952038300499,-4.7961711003022018e-07,4.7961711003022018e-07,0.99999952038300499,-4.7961711003022018e-07,4.7961711003022018e-07,0
124,323,0.99975465839308852,-0.00024537170808695358,0.00024537170808695358,0.99975465839308852,-0.00024537170808695358,0.00024537170808695358,0
125,574,0.93921162639499678,-0.062714450944255207,0.062714450944255207,0.93921162639499678,-0.062714450944255207,0.062714450944255207,0
126,12893,0.99966288755810018,-0.00033716927707264544,0.00033716927707264544,0.9996043951490462,-0.00039568312319683622,0.00039568312319683622,-5.8513846124190786e-05
127,311,0.99999996428696603,-3.5713034558073078e-08,3.5713034558073078e-08,0.9999999665470527,-3.345294785184448e-08,3.345294785184448e-08,2.2600867062285984e-09
128,1202,0.86167702928704148,-0.14887475452814636,0.14887475452814636,0.86937065511733924,-0.13998571402522683,0.13998571402522683,0.0088890405029195263
129,48006,0.99988939539000321,-0.00011061072713775994,0.00011061072713775994,0.99988154645856242,-0.000118460557612387,0.000118460557612387,-7.8498304746270543e-06
130,20862,0.9999935506084181,-6.449412379342478e-06,6.449412379342478e-06,0.99999397618772012,-6.0238304231025627e-06,6.0238304231025627e-06,4.2558195623991528e-07
131,14689,0.63404215359945204,-0.45563983842795053,0.45563983842795053,0.60596669479031706,-0.50093025351501486,0.50093025351501486,-0.045290415087064329
132,13345,0.99999857589615304,-1.42410486096527e-06,1.42410486096527e-06,0.99999862564827124,-1.3743526731550268e-06,1.3743526731550268e-06,4.9752187810243154e-08
133,62668,0.99999961035550378,-3.8964457219074917e-07,3.8964457219074917e-07,0.99999960640897501,-3.9359110241326816e-07,3.9359110241326816e-07,-3.9465302225189876e-09
134,320,0.90491990276355028,-0.099908844432676364,0.099908844432676364,0.89999360614636081,-0.10536761996488314,0.10536761996488314,-0.0054587755322067777
135,40057,0.99998769384033948,-1.2306235381912617e-05,1.2306235381912617e-05,0.99998613017668692,-1.3869919499977637e-05,1.3869919499977637e-05,-1.5636841180650201e-06
136,54,0.99999974636114064,-2.5363889147548379e-07,2.5363889147548379e-07,0.99999967365974818,-3.2634030504304006e-07,3.2634030504304006e-07,-7.2701413567556279e-08
137,705,0.99964385747825624,-0.00035620595555311575,0.00035620595555311575,0.99963673319945578,-0.00036333279791196264,0.00036333279791196264,-7.1268423588468862e-06
138,1405,0.99999857644665469,-1.4235543585505103e-06,1.4235543585505103e-06,0.99999869072451131,-1.3092763457740087e-06,1.3092763457740087e-06,1.1427801277650155e-07
139,568,0.99999989503897069,-1.0496103479525422e-07,1.0496103479525422e-07,0.99999991002052713,-8.997947692906705e-08,8.997947692906705e-08,1.498155786618717e-08
140,574,0.71657255278014909,-0.33327577685410548,0.33327577685410548,0.71312878788133083,-0.33809324671458457,0.33809324671458457,-0.0048174698604790955
141,264,0.99999946795196615,-5.3204817542142166e-07,5.3204817542142166e-07,0.9999994674521987,-5.3254794316015428e-07,5.3254794316015428e-07,-4.9976773873262456e-10
142,2380,0.99996730972270953,-3.2690811629202181e-05,3.2690811629202181e-05,0.99996214911272996,-3.7851603632977168e-05,3.7851603632977168e-05,-5.1607920037749865e-06
143,7394,0.99998661597232641,-1.3384117240490112e-05,1.3384117240490112e-05,0.99998622560578798,-1.3774489079867817e-05,1.3774489079867817e-05,-3.9037183937770525e-07
144,75402,0.99998419452777842,-1.5805597129411535e-05,1.5805597129411535e-05,0.99997912921387699,-2.087100392086789e-05,2.087100392086789e-05,-5.0654067914563547e-06
145,54,0.99999994558340177,-5.4416599744488113e-08,5.4416599744488113e-08,0.9999999389603984,-6.1039603507266749e-08,6.1039603507266749e-08,-6.6230037627786363e-09
146,16642,0.99999947527964661,-5.2472049105928514e-07,5.2472049105928514e-07,0.9999994975091584,-5.0249096781902888e-07,5.0249096781902888e-07,2.2229523240256261e-08
147,12633,0.99999864772392122,-1.3522769931023661e-06,1.3522769931023661e-06,0.99999871815737262,-1.2818434489448176e-06,1.2818434489448176e-06,7.0433544157548466e-08
148,8068,0.9999964839744907,-3.5160316904958148e-06,3.5160316904958148e-06,0.99999661941226581,-3.38059344839322e-06,3.38059344839322e-06,1.3543824210259478e-07
149,33597,0.99999104470895783,-8.9553311410292851e-06,8.9553311410292851e-06,0.99999027015971564,-9.7298876195616166e-06,9.7298876195616166e-06,-7.7455647853233147e-07
150,449,0.9995368761470016,-0.00046323112797234489,0.00046323112797234489,0.99938241550733109,-0.0006177752765258712,0.0006177752765258712,-0.00015454414855352631
151,37940,0.99999968038031151,-3.1961973955571254e-07,3.1961973955571254e-07,0.99999966015659147,-3.3984346624195028e-07,3.3984346624195028e-07,-2.022372668623774e-08
152,783,0.99999997736792301,-2.2632077289275971e-08,2.2632077289275971e-08,0.99999997694444487,-2.3055555421044615e-08,2.3055555421044615e-08,-4.234781317686441e-10
153,30411,0.99999996018038595,-3.9819614812040499e-08,3.9819614812040499e-08,0.99999995650368467,-4.3496316268710392e-08,4.3496316268710392e-08,-3.6767014566698935e-09
154,382,0.90859515580454719,-0.0958556571650514,0.0958556571650514,0.89545755146377104,-0.11042046065539018,0.11042046065539018,-0.014564803490338785
155,24641,0.91937146853937235,-0.084065028787452201,0.084065028787452201,0.86246924140305281,-0.14795579285391955,0.14795579285391955,-0.063890764066467348
156,52757,0.99999435407438286,-5.6459415553915017e-06,5.6459415553915017e-06,0.99999481851280858,-5.1815006153898813e-06,5.1815006153898813e-06,4.6444094000162039e-07
157,1903,0.5213020059477339,-0.65142573924361391,0.65142573924361391,0.57269237076560009,-0.55740658119087594,0.55740658119087594,0.094019158052737972
158,813,0.99999271253193844,-7.2874946153324627e-06,7.2874946153324627e-06,0.99999088944897374,-9.1105925276227371e-06,9.1105925276227371e-06,-1.8230979122902744e-06
159,1925,0.79966806340125529,-0.22355855816607265,0.22355855816607265,0.79557778591210848,-0.22868665356845752,0.22868665356845752,-0.0051280954023848746
160,22162,0.99998820682114875,-1.1793248391369048e-05,1.1793248391369048e-05,0.99998744635932624,-1.2553719471321782e-05,1.2553719471321782e-05,-7.6047107995273374e-07
161,17755,0.99998326174778851,-1.6738392297593161e-05,1.6738392297593161e-05,0.99997964168820497,-2.0358519028325216e-05,2.0358519028325216e-05,-3.6201267307320546e-06
162,304,0.99936083580988688,-0.00063936854262527628,0.00063936854262527628,0.99924438606201038,-0.00075589955808930706,0.00075589955808930706,-0.00011653101546403079
163,220,0.91198455197094985,-0.09213222767961031,0.09213222767961031,0.90012629303677749,-0.10522019990612236,0.10522019990612236,-0.013087972226512049
164,1049,0.99999908463971565,-9.1536070329071263e-07,9.1536070329071263e-07,0.99999902830685916,-9.7169361287804946e-07,9.7169361287804946e-07,-5.6332909587336821e-08
165,17,0.9999977385024772,-2.2615000799642863e-06,2.2615000799642863e-06,0.99999720866104025,-2.7913428554952377e-06,2.7913428554952377e-06,-5.2984277553095143e-07
166,323,0.99996139670246209,-3.8604042664393535e-05,3.8604042664393535e-05,0.99995265804899747,-4.7343071668055595e-05,4.7343071668055595e-05,-8.7390290036620604e-06
167,2834,0.82337878179738766,-0.19433893898809013,0.19433893898809013,0.83562754832346353,-0.17957228152882798,0.17957228152882798,0.014766657459262145
168,279,0.95301775322512283,-0.048121746723774991,0.048121746723774991,0.95406103610487902,-0.047027630434853279,0.047027630434853279,0.0010941162889217121
169,34538,0.99998249165646924,-1.75084968035882e-05,1.75084968035882e-05,0.99998227664337858,-1.7723513681977461e-05,1.7723513681977461e-05,-2.1501687838926085e-07
170,19134,0.98402976931397845,-0.016099129019643273,0.016099129019643273,0.98440206216109505,-0.015720865626821935,0.015720865626821935,0.00037826339282133817
171,389,0.97471457879785461,-0.025610590535426414,0.025610590535426414,0.97423527329956428,-0.026102450813347441,0.026102450813347441,-0.00049186027792102668
172,2380,0.99997022592245288,-2.97745208037519e-05,2.97745208037519e-05,0.99996664827286097,-3.3352283320193561e-05,3.3352283320193561e-05,-3.5777625164416606e-06
173,8821,0.99992328745243098,-7.6715490126947125e-05,7.6715490126947125e-05,0.99990332170453011,-9.6682969117474238e-05,9.6682969117474238e-05,-1.9967478990527113e-05
174,25975,0.99999876802533849,-1.2319754204124619e-06,1.2319754204124619e-06,0.9999987820199745,-1.2179807672441257e-06,1.2179807672441257e-06,1.3994653168336124e-08
175,11,0.98587611188044644,-0.014224579453844446,0.014224579453844446,0.9847428486327543,-0.01537473927198277,0.01537473927198277,-0.001150159818138324
176,2737,0.35861928693414125,-1.0254939352804413,1.0254939352804413,0.35019444995897264,-1.0492667074599313,1.0492667074599313,-0.023772772179490032
177,264,0.66887169647672184,-0.40216302128759396,0.40216302128759396,0.67055160630840116,-0.39965461231929389,0.39965461231929389,0.0025084089683000688
178,12845,0.9812632157033907,-0.018914541743459815,0.018914541743459815,0.98007824050604875,-0.020122873253273017,0.020122873253273017,-0.0012083315098132021
179,927,0.99999951223305705,-4.8776706190947586e-07,4.8776706190947586e-07,0.99999938543531419,-6.1456487466084734e-07,6.1456487466084734e-07,-1.2679781275137148e-07
180,578,0.98631410028638933,-0.013780414980822001,0.013780414980822001,0.9847952744180154,-0.015321502642886951,0.015321502642886951,-0.0015410876620649498
181,9305,0.99999267563134675,-7.3243954765534825e-06,7.3243954765534825e-06,0.99999127325981929,-8.7267782589053534e-06,8.7267782589053534e-06,-1.402382782351871e-06
182,13,0.59843441327248825,-0.51343834516446152,0.51343834516446152,0.61201876830611845,-0.49099232977317875,0.49099232977317875,0.02244601539128277
183,1283,0.99999252196846899,-7.4780594916272975e-06,7.4780594916272975e-06,0.99999222560091938,-7.7744293014267411e-06,7.7744293014267411e-06,-2.9636980979944356e-07
184,1101,0.54960849036984283,-0.59854908992213662,0.59854908992213662,0.53358729183148124,-0.6281326005723451,0.6281326005723451,-0.029583510650208478
185,2834,0.99982949617390149,-0.00017051836352839948,0.00017051836352839948,0.99976193384661782,-0.0002380944956272327,0.0002380944956272327,-6.757613209883322e-05
186,279,0.99979652228353566,-0.00020349842086356504,0.00020349842086356504,0.99975028226308604,-0.00024974892157965265,0.00024974892157965265,-4.625050071608761e-05
187,220,0.89504799019399295,-0.11087794181631633,0.11087794181631633,0.89678340201187234,-0.10894091541076975,0.10894091541076975,0.0019370264055465769
188,1049,0.99999952415127935,-4.7584883391851958e-07,4.7584883391851958e-07,0.99999947251826327,-5.2748187583730428e-07,5.2748187583730428e-07,-5.1633041918784698e-08
189,17,0.99990881136161713,-9.1192796319539162e-05,9.1192796319539162e-05,0.99990414929913873,-9.5855294833203027e-05,9.5855294833203027e-05,-4.6624985136638653e-06
190,6342,0.99999186543791863,-8.1345951670891747e-06,8.1345951670891747e-06,0.99999090820551673,-9.091835813842338e-06,9.091835813842338e-06,-9.5724064675316325e-07
191,315,0.9999999488852902,-5.111471115630632e-08,5.111471115630632e-08,0.99999994894432864,-5.1055672607497223e-08,5.1055672607497223e-08,5.9038548809097099e-11
192,279,0.99999972216816857,-2.7783186999526472e-07,2.7783186999526472e-07,0.99999977439906917,-2.2560095622578162e-07,2.2560095622578162e-07,5.2230913769483099e-08
193,22249,0.99999160080765337,-8.399227620032503e-06,8.399227620032503e-06,0.99999185288933468,-8.1471438531623026e-06,8.1471438531623026e-06,2.5208376687020043e-07
194,323,0.99999795757091814,-2.0424311676490655e-06,2.0424311676490655e-06,0.99999748373464681,-2.516268518987451e-06,2.516268518987451e-06,-4.7383735133838552e-07
195,279,0.99916980596645444,-0.00083053883546041051,0.00083053883546041051,0.99908767162343404,-0.00091274480139597763,0.00091274480139597763,-8.2205965935567117e-05
196,220,0.99999772395950381,-2.2760430864088633e-06,2.2760430864088633e-06,0.99999743315951028,-2.5668437840982428e-06,2.5668437840982428e-06,-2.9080069768937949e-07
197,1049,0.99999802367952173,-1.9763224312188379e-06,1.9763224312188379e-06,0.99999698629327127,-3.0137112698963766e-06,3.0137112698963766e-06,-1.0373888386775387e-06
198,18,0.99999541214366339,-4.5878668608320907e-06,4.5878668608320907e-06,0.99999482914416749,-5.170869201381731e-06,5.170869201381731e-06,-5.830023405496403e-07
199,16591,0.99999837280428305,-1.627197040831763e-06,1.627197040831763e-06,0.99999849767117721,-1.5023299512630701e-06,1.5023299512630701e-06,1.2486708956869285e-07
200,432,0.99999873490771707,-1.2650930831985106e-06,1.2650930831985106e-06,0.99999872586019889,-1.2741406128723187e-06,1.2741406128723187e-06,-9.04752967380812e-09
201,23568,0.99999955683149,-4.4316860819959998e-07,4.4316860819959998e-07,0.9999995403404881,-4.5965961752969096e-07,4.5965961752969096e-07,-1.6491009330090981e-08
202,11,0.46616157774164485,-0.76322297160343877,0.76322297160343877,0.52010822274353874,-0.65371836840011288,0.65371836840011288,0.10950460320332589
203,3339,0.98858651864724967,-0.011479115014672161,0.011479115014672161,0.98859094957812255,-0.011474632937626301,0.011474632937626301,4.4820770458593728e-06
204,1461,0.99999833644677383,-1.6635546099173725e-06,1.6635546099173725e-06,0.99999846257506664,-1.5374261151868587e-06,1.5374261151868587e-06,1.2612849473051379e-07
205,279,0.99999257796220764,-7.4220653358104714e-06,7.4220653358104714e-06,0.99998736323268622,-1.2636847158416949e-05,1.2636847158416949e-05,-5.2147818226064781e-06
206,39637,0.9999995153640171,-4.8463610038737037e-07,4.8463610038737037e-07,0.99999946827994679,-5.3172019462015783e-07,5.3172019462015783e-07,-4.7084094232787468e-08
207,6342,0.99372037938745406,-0.0062994203635366045,0.0062994203635366045,0.99444721374211031,-0.0055682602847302439,0.0055682602847302439,0.00073116007880636054
208,315,0.99999974626002452,-2.5374000767633471e-07,2.5374000767633471e-07,0.99999967475211149,-3.2524794142187474e-07,3.2524794142187474e-07,-7.1507933745540033e-08
209,279,0.99999963311274853,-3.6688731872425413e-07,3.6688731872425413e-07,0.99999968270261663,-3.1729743372600186e-07,3.1729743372600186e-07,4.9589884998252269e-08
210,22249,0.99999488968010319,-5.1103329545865711e-06,5.1103329545865711e-06,0.99999433918511715,-5.6608309053461009e-06,5.6608309053461009e-06,-5.5049795075952983e-07
211,323,0.99999717275950417,-2.8272444924417318e-06,2.8272444924417318e-06,0.99999680676628655,-3.1932388117897939e-06,3.1932388117897939e-06,-3.6599431934806215e-07
212,16591,0.99999798263330286,-2.017368731992796e-06,2.017368731992796e-06,0.99999829709180221,-1.7029096477381507e-06,1.7029096477381507e-06,3.1445908425464535e-07
213,432,0.99999954219342979,-4.5780667502538934e-07,4.5780667502538934e-07,0.99999944314529976,-5.568548552815142e-07,5.568548552815142e-07,-9.9048180256124862e-08
214,23568,0.99999952317740237,-4.7682271132186542e-07,4.7682271132186542e-07,0.99999945147436775,-5.4852578267919787e-07,5.4852578267919787e-07,-7.1703071357332452e-08
215,13946,0.99998598761911905,-1.4012479055305632e-05,1.4012479055305632e-05,0.99998681786955379,-1.3182217331287763e-05,1.3182217331287763e-05,8.3026172401786899e-07
216,382,0.60662865589090131,-0.49983844466720806,0.49983844466720806,0.63503177064479843,-0.45408024882953624,0.45408024882953624,0.045758195837671822
217,6153,0.70499320338843752,-0.34956711680011571,0.34956711680011571,0.68734519001483452,-0.37491865295805982,0.37491865295805982,-0.02535153615794411
218,9564,0.99233698795569014,-0.0076925237836536495,0.0076925237836536495,0.9884904537107706,-0.011576293766837829,0.011576293766837829,-0.0038837699831841795
219,34538,0.88190152981668324,-0.12567487340679509,0.12567487340679509,0.89826718831445906,-0.10728771783681501,0.10728771783681501,0.018387155569980079
220,11,0.82208696660598912,-0.19590909073151347,0.19590909073151347,0.78822036605684231,-0.23797757586329074,0.23797757586329074,-0.042068485131777272
221,11876,0.99998414314983475,-1.5856975886389319e-05,1.5856975886389319e-05,0.99998649587245936,-1.3504218722171891e-05,1.3504218722171891e-05,2.3527571642174281e-06
222,52757,0.99999323935948192,-6.7606633712911105e-06,6.7606633712911105e-06,0.99999082593820243,-9.1741038795791996e-06,9.1741038795791996e-06,-2.4134405082880891e-06
223,46531,0.99991566289739087,-8.4340659182545268e-05,8.4340659182545268e-05,0.99990944266616633,-9.0561434396541445e-05,9.0561434396541445e-05,-6.2207752139961772e-06
224,264,0.99999943244093481,-5.675592262038356e-07,5.675592262038356e-07,0.99999949472660465,-5.0527352304650311e-07,5.0527352304650311e-07,6.2285703157332493e-08
225,7076,0.99999924662016881,-7.5338011494164709e-07,7.5338011494164709e-07,0.9999992268936313,-7.7310666759813274e-07,7.7310666759813274e-07,-1.9726552656485651e-08
226,304,0.99999974606888198,-2.5393115028507348e-07,2.5393115028507348e-07,0.99999974536642644,-2.5463360597770011e-07,2.5463360597770011e-07,-7.0245569262663439e-10
227,279,0.99870973787019279,-0.0012910952346818726,0.0012910952346818726,0.99862013615947287,-0.0013808167293083765,0.0013808167293083765,-8.9721494626503889e-05
228,5165,0.99832549606517074,-0.0016759074835939818,0.0016759074835939818,0.99808914450139996,-0.001912683512052545,0.001912683512052545,-0.00023677602845856315
229,21424,0.99999889971899858,-1.1002816066976126e-06,1.1002816066976126e-06,0.99999869197865621,-1.3080221992965574e-06,1.3080221992965574e-06,-2.0774059259894484e-07
230,9130,0.99999713962734982,-2.8603767410890371e-06,2.8603767410890371e-06,0.99999666749930571,-3.3325062470421706e-06,3.3325062470421706e-06,-4.7212950595313344e-07
231,320,0.99999970151284612,-2.9848719837505462e-07,2.9848719837505462e-07,0.99999970064537036,-2.9935467442875236e-07,2.9935467442875236e-07,-8.6747605369774298e-10
232,88201,0.99999122978448973,-8.7702539688391746e-06,8.7702539688391746e-06,0.99998956354868818,-1.0436505771958257e-05,1.0436505771958257e-05,-1.666251803119082e-06
233,8,0.97139963579515531,-0.029017323998342018,0.029017323998342018,0.9718369519924539,-0.028567233456171737,0.028567233456171737,0.0004500905421702811
234,719,0.64792428747025232,-0.43398142977990939,0.43398142977990939,0.61131645165426374,-0.49214052973922978,0.49214052973922978,-0.058159099959320393
235,574,0.99999720175535223,-2.7982485628523497e-06,2.7982485628523497e-06,0.99999754088719472,-2.4591158289213162e-06,2.4591158289213162e-06,3.3913273393103353e-07
236,4018,0.99991112166090557,-8.8882289008023968e-05,8.8882289008023968e-05,0.99990964216881617,-9.0361913698587044e-05,9.0361913698587044e-05,-1.4796246905630759e-06
237,4972,0.99563399061731683,-0.0043755682344856,0.0043755682344856,0.99524014897007484,-0.0047712151963383593,0.0047712151963383593,-0.00039564696185275926
238,311,0.99999993262604636,-6.7373955920606044e-08,6.7373955920606044e-08,0.99999993312322033,-6.6876781874295732e-08,6.6876781874295732e-08,4.9717404631031238e-10
239,279,0.99999978408381973,-2.1591620358785586e-07,2.1591620358785586e-07,0.99999979132393757,-2.086760841776893e-07,2.086760841776893e-07,7.2401194101665583e-09
240,1212,0.99939472658244088,-0.00060545666946284701,0.00060545666946284701,0.9992989387285407,-0.00070130712982700643,0.00070130712982700643,-9.5850460364159417e-05
241,315,0.9999991835496036,-8.1645072968335212e-07,8.1645072968335212e-07,0.9999993434073452,-6.5659287034434532e-07,6.5659287034434532e-07,1.598578593390068e-07
242,279,0.99999938326328941,-6.1673690077042663e-07,6.1673690077042663e-07,0.99999942350512439,-5.7649504184231637e-07,5.7649504184231637e-07,4.0241858928110264e-08
243,220,0.99999944468000201,-5.5532015221544012e-07,5.5532015221544012e-07,0.99999954067549779,-4.5932460766390013e-07,4.5932460766390013e-07,9.5995544551539993e-08
244,1049,0.99999989895832297,-1.0104168213463399e-07,1.0104168213463399e-07,0.99999988026557174,-1.1973443541478494e-07,1.1973443541478494e-07,-1.8692753280150944e-08
245,19,0.99999896611600492,-1.0338845295469074e-06,1.0338845295469074e-06,0.99999912610459785,-8.7389578402904388e-07,8.7389578402904388e-07,1.5998874551786355e-07
246,12,0.99518763790119236,-0.0048239787974507491,0.0048239787974507491,0.99566877713392321,-0.004340629783966393,0.004340629783966393,0.0004833490134843561
247,2304,0.99998344945968753,-1.6550677274133551e-05,1.6550677274133551e-05,0.99998404664156015,-1.595348569606011e-05,1.595348569606011e-05,5.9719157807344085e-07
248,3280,0.99999835673228121,-1.6432690689042848e-06,1.6432690689042848e-06,0.99999843973106128,-1.5602701559911272e-06,1.5602701559911272e-06,8.2998912913157593e-08
249,13,0.99998987670610784,-1.0123345133064016e-05,1.0123345133064016e-05,0.99998828821776142,-1.1711850822084044e-05,1.1711850822084044e-05,-1.5885056890200288e-06
250,1283,0.93313534020888966,-0.069205029481342578,0.069205029481342578,0.93998078908218452,-0.061895841073541,0.061895841073541,0.0073091884078015784
251,1243,0.98524646804473826,-0.014863447744976291,0.014863447744976291,0.98690230340527307,-0.013184227826482762,0.013184227826482762,0.0016792199184935287
252,6052,0.84963533667211577,-0.16294803723119472,0.16294803723119472,0.82810637463289094,-0.18861366106981584,0.18861366106981584,-0.025665623838621116
253,311,0.99999995060530056,-4.9394700664335078e-08,4.9394700664335078e-08,0.99999994693315786,-5.3066843510303047e-08,5.3066843510303047e-08,-3.6721428459679691e-09
254,6721,0.99998759350355559,-1.2406573405652324e-05,1.2406573405652324e-05,0.99998753670957563,-1.2463368091796792e-05,1.2463368091796792e-05,-5.6794686144467848e-08
255,36540,0.99999477278238391,-5.2272312780120354e-06,5.2272312780120354e-06,0.99999477193085951,-5.2280828068488495e-06,5.2280828068488495e-06,-8.515288368141251e-10
256,323,0.99347543651237669,-0.0065459414908035632,0.0065459414908035632,0.99365293370925356,-0.0063672945548442408,0.0063672945548442408,0.00017864693595932239
257,8667,0.99995161594818871,-4.838522235727357e-05,4.838522235727357e-05,0.9999458022771428,-5.4199191606898852e-05,5.4199191606898852e-05,-5.8139692496252826e-06
258,449,0.99999968486141022,-3.1513863948804798e-07,3.1513863948804798e-07,0.99999971126592924,-2.8873411245762565e-07,2.8873411245762565e-07,2.6404527030422335e-08
259,1561,0.99999551562783973,-4.4843822151085983e-06,4.4843822151085983e-06,0.99999565946491809,-4.3405445021115755e-06,4.3405445021115755e-06,1.438377129970228e-07
260,6457,0.99999547802892907,-4.5219812950623303e-06,4.5219812950623303e-06,0.99999573792665741,-4.2620824252587833e-06,4.2620824252587833e-06,2.5989886980354698e-07
261,1322,0.99999981792060677,-1.8207940984866235e-07,1.8207940984866235e-07,0.99999978395326927,-2.1604675401899123e-07,2.1604675401899123e-07,-3.3967344170328882e-08
262,62668,0.99634006178242374,-0.0036666521782481483,0.0036666521782481483,0.99633224265615339,-0.0036745000579551696,0.0036745000579551696,-7.8478797070212665e-06
263,320,0.99999946368236647,-5.3631777736639856e-07,5.3631777736639856e-07,0.99999954894300391,-4.5105709786455273e-07,4.5105709786455273e-07,8.5260679501845831e-08
264,45,0.99966777434676823,-0.00033228085240018137,0.00033228085240018137,0.9996410134253122,-0.00035905102579344305,0.00035905102579344305,-2.6770173393261679e-05
265,28287,0.99996268475239836,-3.7315943832838299e-05,3.7315943832838299e-05,0.99996686615253672,-3.3134396401334044e-05,3.3134396401334044e-05,4.1815474315042543e-06
266,54,0.99999993427973066,-6.5720271508002835e-08,6.5720271508002835e-08,0.99999992486483669,-7.5135166152746521e-08,7.5135166152746521e-08,-9.4148946447436864e-09
267,705,0.961097060980032,-0.039679875132777445,0.039679875132777445,0.96679089735093493,-0.033773045431995191,0.033773045431995191,0.005906829700782254
268,1405,0.99982305242070169,-0.00017696323636826763,0.00017696323636826763,0.99982860268471851,-0.00017141200547989252,0.00017141200547989252,5.5512308883751116e-06
269,568,0.99999986976689004,-1.302331184689311e-07,1.302331184689311e-07,0.9999998560238671,-1.4397614330133801e-07,1.4397614330133801e-07,-1.3743024832406912e-08
270,2834,0.99999772190555103,-2.2780970438433562e-06,2.2780970438433562e-06,0.99999773729641561,-2.2627061442600702e-06,2.2627061442600702e-06,1.5390899583285959e-08
271,279,0.99999784908056688,-2.1509217462958194e-06,2.1509217462958194e-06,0.99999282949365498,-7.1705320532335375e-06,7.1705320532335375e-06,-5.0196103069377181e-06
272,75636,0.99997737287185362,-2.2627384143746877e-05,2.2627384143746877e-05,0.9999757739732561,-2.4226320198863963e-05,2.4226320198863963e-05,-1.5989360551170854e-06
273,25434,0.99999848907456779,-1.510926573714681e-06,1.510926573714681e-06,0.9999986492314088,-1.3507695034527385e-06,1.3507695034527385e-06,1.6015707026194249e-07
274,29201,0.9999955623572977,-4.4376525487123752e-06,4.4376525487123752e-06,0.9999955518421022,-4.4481677908558627e-06,4.4481677908558627e-06,-1.0515242143487556e-08
275,4870,0.99999993962475242,-6.0375249420331351e-08,6.0375249420331351e-08,0.99999993845459167,-6.1545410206098169e-08,6.1545410206098169e-08,-1.1701607857668172e-09
276,19134,0.9999989705379666,-1.0294625633193989e-06,1.0294625633193989e-06,0.99999906228099866,-9.3771944097472374e-07,9.3771944097472374e-07,9.1743122344675119e-08
277,304,0.99974948908931716,-0.00025054229378230998,0.00025054229378230998,0.99974045451478255,-0.00025957917297599704,0.00025957917297599704,-9.036879193687064e-06
278,813,0.99999844824218409,-1.5517590198937276e-06,1.5517590198937276e-06,0.99999834491941197,-1.655081957629918e-06,1.655081957629918e-06,-1.0332293773619044e-07
279,1176,0.99998416491279307,-1.5835212583260514e-05,1.5835212583260514e-05,0.99998061184810139,-1.9388339851287437e-05,1.9388339851287437e-05,-3.5531272680269222e-06
280,2489,0.99999841343240037,-1.5865688582394546e-06,1.5865688582394546e-06,0.99999858810465192,-1.4118963447594996e-06,1.4118963447594996e-06,1.7467251347995505e-07
281,382,0.99763528154055492,-0.0023675188217245615,0.0023675188217245615,0.99747895272214671,-0.0025242304686503604,0.0025242304686503604,-0.00015671164692579887
282,644,0.74813803161667047,-0.29016778378512387,0.29016778378512387,0.69351297714657945,-0.36598532686219915,0.36598532686219915,-0.075817543077075278
283,220,0.99999896768026131,-1.0323202715522157e-06,1.0323202715522157e-06,0.99999887493308115,-1.1250675517265946e-06,1.1250675517265946e-06,-9.2747280174378845e-08
284,1049,0.99999600498582375,-3.9950221563716376e-06,3.9950221563716376e-06,0.99999552808570347,-4.4719242955791817e-06,4.4719242955791817e-06,-4.7690213920754411e-07
285,21,0.99988839231211857,-0.00011161391648285071,0.00011161391648285071,0.99990808936819664,-9.1914855844267175e-05,9.1914855844267175e-05,1.9699060638583539e-05
286,11,0.99999984824390753,-1.5175610393685955e-07,1.5175610393685955e-07,0.99999986650751527,-1.3349249369740066e-07,1.3349249369740066e-07,1.8263610239458886e-08
287,11876,0.99998939952425547,-1.0600531929912911e-05,1.0600531929912911e-05,0.99998921349320347,-1.0786564971262615e-05,1.0786564971262615e-05,-1.860330413497038e-07
288,52757,0.99999720042835805,-2.7995755607578939e-06,2.7995755607578939e-06,0.99999717897274543,-2.821031233650982e-06,2.821031233650982e-06,-2.1455672893088092e-08
289,46531,0.9691748573283081,-0.031310232051548328,0.031310232051548328,0.96705050394123326,-0.033504557445664621,0.033504557445664621,-0.0021943253941162921
290,264,0.99999912709909011,-8.7290129085496113e-07,8.7290129085496113e-07,0.99999916065078032,-8.3934957197700823e-07,8.3934957197700823e-07,3.3551718877952897e-08
291,7076,0.99999944747593861,-5.5252421406218997e-07,5.5252421406218997e-07,0.99999933252729856,-6.674729242156926e-07,6.674729242156926e-07,-1.1494871015350263e-07
292,304,0.99999994616479149,-5.3835209950784718e-08,5.3835209950784718e-08,0.99999995451112433,-4.5488876741048934e-08,4.5488876741048934e-08,8.3463332097357845e-09
293,9709,0.99999811438289288,-1.8856188849422798e-06,1.8856188849422798e-06,0.99999819560868075,-1.8043929471710303e-06,1.8043929471710303e-06,8.1225937771249464e-08
294,37959,0.9999988471052168,-1.1528954477710385e-06,1.1528954477710385e-06,0.99999887439801549,-1.1256026180041575e-06,1.1256026180041575e-06,2.7292829766881045e-08
295,19071,0.9999983303085106,-1.6696928833463124e-06,1.6696928833463124e-06,0.99999821594968852,-1.7840519028477019e-06,1.7840519028477019e-06,-1.1435901950138952e-07
296,323,0.90591927636027114,-0.098805075848802174,0.098805075848802174,0.92337938741224623,-0.079715091648927205,0.079715091648927205,0.019089984199874968
297,8667,0.99961512295119204,-0.00038495113298876249,0.00038495113298876249,0.99961843458116673,-0.00038163823344063109,0.00038163823344063109,3.3128995481314025e-06
298,449,0.99999958669076616,-4.133093192886593e-07,4.133093192886593e-07,0.99999954845601779,-4.5154408409594027e-07,4.5154408409594027e-07,-3.8234764807280965e-08
299,16905,0.93527682996858852,-0.066912718682238873,0.066912718682238873,0.89954381864689725,-0.10586751232903537,0.10586751232903537,-0.038954793646796493
300,596,0.99995202063597244,-4.7980515074058584e-05,4.7980515074058584e-05,0.99995323945073367,-4.6761642574876861e-05,4.6761642574876861e-05,1.2188724991817231e-06
301,11,0.94156148726780153,-0.060215625244897326,0.060215625244897326,0.93717302006532766,-0.064887360571956085,0.064887360571956085,-0.0046717353270587583
302,11230,0.7347740078221372,-0.30819229939944903,0.30819229939944903,0.73483232092542405,-0.3081129405913427,0.3081129405913427,7.9358808106333445e-05
303,813,0.99999956481626562,-4.3518382909344597e-07,4.3518382909344597e-07,0.99999952715108953,-4.7284902227685817e-07,4.7284902227685817e-07,-3.7665193183412199e-08
304,1176,0.99998420867448989,-1.5791450194358245e-05,1.5791450194358245e-05,0.99998546074161765,-1.4539364078410219e-05,1.4539364078410219e-05,1.2520861159480255e-06
305,4465,0.99999743522464812,-2.5647786409003622e-06,2.5647786409003622e-06,0.9999968733481428,-3.1266567451608174e-06,3.1266567451608174e-06,-5.6187810426045528e-07
306,2403,0.72241722196630043,-0.3251524372323259,0.3251524372323259,0.71332339485184415,-0.33782039218209281,0.33782039218209281,-0.012667954949766913
307,3468,0.99988745934766821,-0.00011254698550613501,0.00011254698550613501,0.99989292985816858,-0.00010707587424825162,0.00010707587424825162,5.4711112578833881e-06
308,6354,0.60269385749635829,-0.50634591018874675,0.50634591018874675,0.53645011066439074,-0.62278171160917906,0.62278171160917906,-0.11643580142043231
309,2689,0.99999394112925,-6.0588891050878876e-06,6.0588891050878876e-06,0.99999348887108519,-6.511150112313635e-06,6.511150112313635e-06,-4.5226100722574741e-07
310,13818,0.99985853980065154,-0.00014147020578614936,0.00014147020578614936,0.99987166289836649,-0.00012834533754398222,0.00012834533754398222,1.3124868242167146e-05
311,304,0.98607801048889854,-0.014019809366277686,0.014019809366277686,0.98583935160387881,-0.014261867061770276,0.014261867061770276,-0.00024205769549258925
312,5651,0.99861602577969233,-0.0013849327971614731,0.0013849327971614731,0.99881659266952294,-0.0011841081098582034,0.0011841081098582034,0.00020082468730326969
313,220,0.99999992220434464,-7.7795658442289378e-08,7.7795658442289378e-08,0.99999991984316972,-8.0156833511129165e-08,8.0156833511129165e-08,-2.361175068839787e-09
314,1049,0.99999995158728894,-4.8412712221835281e-08,4.8412712221835281e-08,0.99999995313690304,-4.6863098080931443e-08,4.6863098080931443e-08,1.5496141409038382e-09
315,22,0.99999979852002796,-2.0147999237663203e-07,2.0147999237663203e-07,0.99999981409577476,-1.8590424248386336e-07,1.8590424248386336e-07,1.5575749892768673e-08
316,13,0.99999925859180638,-7.4140846844443715e-07,7.4140846844443715e-07,0.99999904819731955,-9.51803133426163e-07,9.51803133426163e-07,-2.1039466498172585e-07
317,1283,0.9999948761606281,-5.1238524988344016e-06,5.1238524988344016e-06,0.9999948109872856,-5.1890261773989917e-06,5.1890261773989917e-06,-6.5173678564590071e-08
318,1243,0.99996257945603506,-3.7421244130951863e-05,3.7421244130951863e-05,0.9999477429028133,-5.2258462636371466e-05,5.2258462636371466e-05,-1.4837218505419603e-05
319,8667,0.9999732369318779,-2.6763426259451142e-05,2.6763426259451142e-05,0.9999722534408505,-2.7746944092413206e-05,2.7746944092413206e-05,-9.8351783296206455e-07
320,449,0.99999978523980293,-2.1476022008361835e-07,2.1476022008361835e-07,0.99999975946079622,-2.4053923269047948e-07,2.4053923269047948e-07,-2.5779012606861122e-08
321,279,0.99997980213037951,-2.019807360024394e-05,2.019807360024394e-05,0.99998052877179,-1.9471417776769953e-05,1.9471417776769953e-05,7.2665582347398747e-07
322,29950,0.98941688971317054,-0.010639509672041129,0.010639509672041129,0.98932192451250356,-0.010735495256451991,0.010735495256451991,-9.5985584410861538e-05
323,50417,0.99999673515819043,-3.2648471392013567e-06,3.2648471392013567e-06,0.99999615088652805,-3.8491208797832092e-06,3.8491208797832092e-06,-5.8427374058185244e-07
324,19134,0.99999068689306758,-9.3131502996297862e-06,9.3131502996297862e-06,0.99998901470741697,-1.098535292184504e-05,1.098535292184504e-05,-1.6722026222152542e-06
325,320,0.99999988310451771,-1.1689548911734249e-07,1.1689548911734249e-07,0.99999985659779289,-1.4340221736598329e-07,1.4340221736598329e-07,-2.6506728248640797e-08
326,52,0.99997939499134436,-2.0605220941768333e-05,2.0605220941768333e-05,0.99998111924475885,-1.8880933484815456e-05,1.8880933484815456e-05,1.7242874569528765e-06
327,6897,0.99999599242453741,-4.0075834929294241e-06,4.0075834929294241e-06,0.99999664386791309,-3.3561377187270623e-06,3.3561377187270623e-06,6.5144577420236173e-07
328,8,0.99998602098560074,-1.3979112106586539e-05,1.3979112106586539e-05,0.99998785431343051,-1.2145760328882391e-05,1.2145760328882391e-05,1.8333517777041486e-06
329,323,0.44210470430671844,-0.81620853738610832,0.81620853738610832,0.42608777374967194,-0.85310991227053878,0.85310991227053878,-0.03690137488443046
330,2834,0.68663080432534473,-0.37595853394114509,0.37595853394114509,0.72137989562755545,-0.32658937945169153,0.32658937945169153,0.049369154489453559
331,279,0.76666507209816925,-0.26570524560712172,0.26570524560712172,0.71541000563935997,-0.33489946617819982,0.33489946617819982,-0.069194220571078102
332,28395,0.99965070360412389,-0.00034935741407151412,0.00034935741407151412,0.99969705637382922,-0.00030298952286077815,0.00030298952286077815,4.6367891210735972e-05
333,29201,0.99998917070635307,-1.0829352284139459e-05,1.0829352284139459e-05,0.99998777833479968,-1.2221739885511067e-05,1.2221739885511067e-05,-1.3923876013716084e-06
334,4870,0.99999989665310873,-1.0334689658485914e-07,1.0334689658485914e-07,0.99999989898934727,-1.0101065784352352e-07,1.0101065784352352e-07,2.336238741335615e-09
335,19134,0.99993647843213496,-6.3523585445281983e-05,6.3523585445281983e-05,0.99994863271224943,-5.1368607094867941e-05,5.1368607094867941e-05,1.2154978350414042e-05
336,304,0.99716984874737691,-0.0028341637030286485,0.0028341637030286485,0.99651623847958559,-0.0034898439481739186,0.0034898439481739186,-0.00065568024514527003
337,6841,0.88513364034069331,-0.1220166393397894,0.1220166393397894,0.88431626744757108,-0.12294051172257114,0.12294051172257114,-0.000923872382781743
338,220,0.99999974086245491,-2.5913757868123104e-07,2.5913757868123104e-07,0.99999977011877572,-2.2988125070239124e-07,2.2988125070239124e-07,2.9256327978839799e-08
339,1049,0.99999945740311724,-5.4259702998305757e-07,5.4259702998305757e-07,0.99999967857944372,-3.2142060798796955e-07,3.2142060798796955e-07,2.2117642199508802e-07
340,23,0.99999774505928452,-2.2549432579198146e-06,2.2549432579198146e-06,0.99999771247429436,-2.2875283220546706e-06,2.2875283220546706e-06,-3.2585064134856053e-08
341,13,0.80461745993190059,-0.21738831956281771,0.21738831956281771,0.78033795230635328,-0.24802818094615836,0.24802818094615836,-0.030639861383340655
342,11876,0.98911242529788712,-0.010947278089093949,0.010947278089093949,0.98993155605027905,-0.010119473546205066,0.010119473546205066,0.00082780454288888285
343,52757,0.99998036066063078,-1.9639532223580342e-05,1.9639532223580342e-05,0.99997790951202747,-2.2090731970927508e-05,2.2090731970927508e-05,-2.4511997473471662e-06
344,7946,0.34650435528709955,-1.0598598910600343,1.0598598910600343,0.33897530243191693,-1.0818280284388175,1.0818280284388175,-0.021968137378783226
345,35844,0.99953850828896529,-0.00046159823110773491,0.00046159823110773491,0.99956048201573011,-0.00043961460060994086,0.00043961460060994086,2.1983630497794053e-05
346,813,0.99806174018157001,-0.0019401406747769929,0.0019401406747769929,0.997838372408549,-0.0021639672806722582,0.0021639672806722582,-0.00022382660589526527
347,2316,0.99994427408290987,-5.5727469836768365e-05,5.5727469836768365e-05,0.99994232587755694,-5.7675785659261335e-05,5.7675785659261335e-05,-1.9483158224929703e-06
348,2403,0.40226237681570243,-0.91065072461916485,0.91065072461916485,0.42024477008392985,-0.86691795154436502,0.86691795154436502,0.043732773074799836
349,9454,0.77979055202863379,-0.24872991839747957,0.24872991839747957,0.77619806369061184,-0.25334755465156106,0.25334755465156106,-0.0046176362540814864
350,14603,0.99998925174193354,-1.074831582936365e-05,1.074831582936365e-05,0.99999004879323827,-9.9512562752648289e-06,9.9512562752648289e-06,7.9705955409882078e-07
351,719,0.93163650687263655,-0.070812554456973986,0.070812554456973986,0.93455136997111266,-0.067688683055757815,0.067688683055757815,0.0031238714012161717
352,574,0.99980787978570129,-0.00019213867175109557,0.00019213867175109557,0.9998467690933156,-0.00015324264773924442,0.00015324264773924442,3.8896024011851144e-05
353,99048,0.94974858881734725,-0.05155797276194219,0.05155797276194219,0.94620597154140806,-0.055295004727633469,0.055295004727633469,-0.0037370319656912787
354,4245,0.99993854744438637,-6.145444389926847e-05,6.145444389926847e-05,0.99992405917021721,-7.5943713433618526e-05,7.5943713433618526e-05,-1.4489269534350056e-05
355,311,0.99999996075989217,-3.9240108614160238e-08,3.9240108614160238e-08,0.99999995439605971,-4.5603941360303325e-08,4.5603941360303325e-08,-6.3638327461430872e-09
356,37098,0.99985002654044319,-0.00014998470670064658,0.00014998470670064658,0.99984923592729869,-0.00015077543874652261,0.00015077543874652261,-7.907320458760362e-07
357,292,0.99999983512562174,-1.6487439186986248e-07,1.6487439186986248e-07,0.99999986672440921,-1.3327559966806167e-07,1.3327559966806167e-07,3.1598792201800812e-08
358,360,0.99999995363184835,-4.6368152686019962e-08,4.6368152686019962e-08,0.99999997297333787,-2.7026662542438512e-08,2.7026662542438512e-08,1.934149014358145e-08
359,20000,0.99999969941721933,-3.0058282586282454e-07,3.0058282586282454e-07,0.99999967648649879,-3.2351355357380891e-07,3.2351355357380891e-07,-2.2930727710984366e-08
360,13,0.62480389945926773,-0.47031743934414599,0.47031743934414599,0.63679534278963945,-0.45130695793718795,0.45130695793718795,0.019010481406958046
361,1283,0.99998332661925637,-1.6673519746007637e-05,1.6673519746007637e-05,0.99997618539015953,-2.3814893412747008e-05,2.3814893412747008e-05,-7.1413736667393707e-06
362,6052,0.99890424675198153,-0.0010963540245173967,0.0010963540245173967,0.99893758583019621,-0.0010629789317807214,0.0010629789317807214,3.3375092736675311e-05
363,520,0.77618091765791408,-0.25336964466038558,0.25336964466038558,0.77978102275303551,-0.24874213877357823,0.24874213877357823,0.0046275058868073538
364,28395,0.99999954145967984,-4.5854042530502655e-07,4.5854042530502655e-07,0.999999541017077,-4.5898302838933104e-07,4.5898302838933104e-07,-4.4260308430448968e-10
365,220,0.99999983617922772,-1.6382078572971416e-07,1.6382078572971416e-07,0.99999985186231055,-1.4813770045857265e-07,1.4813770045857265e-07,1.5683085271141506e-08
366,8027,0.99999995698992594,-4.3010075020271272e-08,4.3010075020271272e-08,0.99999998249250555,-1.7507494633982712e-08,1.7507494633982712e-08,2.550258038628856e-08
367,323,0.8757847283374578,-0.13263496215273887,0.13263496215273887,0.89777570374882365,-0.10783501498664962,0.10783501498664962,0.024799947166089256
368,24164,0.99573524984832729,-0.0042738701374777175,0.0042738701374777175,0.99611236309295281,-0.0038952134102448869,0.0038952134102448869,0.0003786567272328306
369,51075,0.55031164626616447,-0.5972705316546969,0.5972705316546969,0.61234169698036511,-0.49046482387783058,0.49046482387783058,0.10680570777686632
370,3341,0.99999896047265502,-1.0395278852522428e-06,1.0395278852522428e-06,0.99999878861649227,-1.2113842414931452e-06,1.2113842414931452e-06,-1.7185635624090239e-07
371,7678,0.99999372684852317,-6.2731711530851236e-06,6.2731711530851236e-06,0.99999420451048604,-5.7955063078911337e-06,5.7955063078911337e-06,4.7766484519398998e-07
372,311,0.78939865667190789,-0.2364838174625809,0.2364838174625809,0.77990235515955408,-0.2485865528277619,0.2485865528277619,-0.012102735365181
373,86440,0.98683982707248241,-0.013247535319236566,0.013247535319236566,0.98696597903790872,-0.013119709202596738,0.013119709202596738,0.00012782611663982729
374,279,0.99999991938904154,-8.0610961765152493e-08,8.0610961765152493e-08,0.99999992758492462,-7.2415077976659394e-08,7.2415077976659394e-08,8.1958837884930992e-09
375,71729,0.99994930181266128,-5.0699472535268161e-05,5.0699472535268161e-05,0.99995669921036712,-4.3301727139132195e-05,4.3301727139132195e-05,7.397745396135966e-06
376,59284,0.99983333333867308,-0.00016668055175829793,0.00016668055175829793,0.99984082773963301,-0.00015918492961566045,0.00015918492961566045,7.4956221426374786e-06
377,382,0.74270113759340983,-0.29746155260830187,0.29746155260830187,0.7609449693213346,-0.27319423737340215,0.27319423737340215,0.024267315234899722
378,24641,0.98218163356755739,-0.017979024831446394,0.017979024831446394,0.98807260686758402,-0.011999095202061329,0.011999095202061329,0.005979929629385065
379,52757,0.99999672255472327,-3.2774506475106971e-06,3.2774506475106971e-06,0.99999652374780013,-3.4762582420152021e-06,3.4762582420152021e-06,-1.9880759450450502e-07
380,596,0.62453582872660318,-0.47074657920215385,0.47074657920215385,0.53813903807006458,-0.61963831713447459,0.61963831713447459,-0.14889173793232074
381,43667,0.56504994685536436,-0.57084115022896043,0.57084115022896043,0.55789559422657653,-0.58358344122837791,0.58358344122837791,-0.012742290999417483
382,7076,0.99994843250705712,-5.1568822591706893e-05,5.1568822591706893e-05,0.99995199593967887,-4.8005212552952343e-05,4.8005212552952343e-05,3.5636100387545508e-06
383,574,0.99927804003444753,-0.00072222070415119144,0.00072222070415119144,0.9992673107617982,-0.00073295778614450085,0.00073295778614450085,-1.0737081993309416e-05
384,13160,0.9311212195066112,-0.071365806629139786,0.071365806629139786,0.92879440808204161,-0.073867869200082981,0.073867869200082981,-0.0025020625709431948
385,555,0.99989355249282486,-0.00010645317311316285,0.00010645317311316285,0.99989318440424668,-0.0001068213009453047,0.0001068213009453047,-3.6812783214185184e-07
386,3892,0.56666564509866957,-0.56798584037461797,0.56798584037461797,0.56864178869130189,-0.56450458846068619,0.56450458846068619,0.0034812519139317821
387,6992,0.40097441122088057,-0.91385766612842345,0.91385766612842345,0.4584628590048021,-0.77987599600882473,0.77987599600882473,0.13398167011959872
388,2316,0.6412243359651425,-0.44437590518477216,0.44437590518477216,0.72537585453273223,-0.32106533841556056,0.32106533841556056,0.12331056676921159
389,46616,0.99974643751275649,-0.00025359463964616172,0.00025359463964616172,0.99976096283300508,-0.00023906574093212721,0.00023906574093212721,1.4528898714034514e-05
390,11,0.70259776269930474,-0.35297072347186986,0.35297072347186986,0.6985790005732313,-0.35870700636089281,0.35870700636089281,-0.0057362828890229478
391,2737,0.58817075879692349,-0.53073796712598775,0.53073796712598775,0.58872312921785142,-0.52979927508737157,0.52979927508737157,0.00093869203861618455
392,264,0.99860014225103111,-0.0014008384651765184,0.0014008384651765184,0.99824122895721379,-0.0017603194964267005,0.0017603194964267005,-0.00035948103125018217
393,12845,0.86775883950077493,-0.14184143760151763,0.14184143760151763,0.89103745083469776,-0.11536882003248794,0.11536882003248794,0.026472617569029688
394,927,0.99937698487094873,-0.00062320928362178264,0.00062320928362178264,0.99962163926570125,-0.00037843233078149697,0.00037843233078149697,0.00024477695284028567
395,67188,0.91062812972691431,-0.093620665138736667,0.093620665138736667,0.94355358901284891,-0.058102117680655263,0.058102117680655263,0.035518547458081404
396,31298,0.99999557041176301,-4.4295980476078005e-06,4.4295980476078005e-06,0.99999572246477775,-4.2775443709100394e-06,4.2775443709100394e-06,1.5205367669776105e-07
397,300,0.99999834476377147,-1.6552375984279065e-06,1.6552375984279065e-06,0.99999863583365234,-1.3641672781407956e-06,1.3641672781407956e-06,2.9107032028711089e-07
398,42221,0.99999867668033715,-1.3233205384150318e-06,1.3233205384150318e-06,0.9999987380656794,-1.2619351168589666e-06,1.2619351168589666e-06,6.1385421556065174e-08
399,520,0.9937015994656283,-0.0063183191399677416,0.0063183191399677416,0.99381262776181345,-0.0062065933522680826,0.0062065933522680826,0.00011172578769965899
400,28395,0.99999867417327104,-1.3258276078658375e-06,1.3258276078658375e-06,0.99999838067949776,-1.6193218133776013e-06,1.6193218133776013e-06,-2.9349420551176383e-07
401,220,0.99999988882964541,-1.1117036073268079e-07,1.1117036073268079e-07,0.99999992766993373,-7.2330068871949991e-08,7.2330068871949991e-08,3.8840291860730799e-08
402,7994,0.99818033469250944,-0.0018213229095654195,0.0018213229095654195,0.9982713714932574,-0.0017301243090392978,0.0017301243090392978,9.1198600526121686e-05
403,13,0.99990274965062287,-9.725507849894186e-05,9.725507849894186e-05,0.99989097871226618,-0.00010902723098637086,0.00010902723098637086,-1.1772152487428997e-05
404,4452,0.99791055997773048,-0.0020916259475100649,0.0020916259475100649,0.99759870597258593,-0.0024041817577030852,0.0024041817577030852,-0.00031255581019302026
405,11,0.99999998622998909,-1.3770011036535527e-08,1.3770011036535527e-08,0.99999998254686739,-1.7453132786576808e-08,1.7453132786576808e-08,-3.6831217500412802e-09
406,568,0.99980047680327899,-0.00019954310412208283,0.00019954310412208283,0.99983279295721161,-0.00016722102344447968,0.00016722102344447968,3.2322080677603155e-05
407,574,0.98185785811190274,-0.018308728444799648,0.018308728444799648,0.97511453534858517,-0.025200342731207762,0.025200342731207762,-0.0068916142864081133
408,1578,0.49728866653788462,-0.69858460351131768,0.69858460351131768,0.48151785959679366,-0.73081195684970657,0.73081195684970657,-0.032227353338388887
409,99048,0.99920161173839817,-0.00079870714324878909,0.00079870714324878909,0.99919089502078029,-0.00080943248132103914,0.00080943248132103914,-1.0725338072250048e-05
410,4245,0.99986158389451985,-0.00013842568587339033,0.00013842568587339033,0.99986694911245688,-0.00013305973959764768,0.00013305973959764768,5.3659462757426463e-06
411,311,0.99999995633293992,-4.3667061012939831e-08,4.3667061012939831e-08,0.99999994625812061,-5.3741880833596484e-08,5.3741880833596484e-08,-1.0074819820656653e-08
412,37098,0.99971942950323855,-0.00028060986402700345,0.00028060986402700345,0.99959814825695337,-0.0004019325070958721,0.0004019325070958721,-0.00012132264306886865
413,292,0.99999948688987728,-5.1311025431682657e-07,5.1311025431682657e-07,0.9999996775252068,-3.22474845234678e-07,3.22474845234678e-07,1.9063540908214858e-07
414,360,0.99999922054798152,-7.7945232222550438e-07,7.7945232222550438e-07,0.99999913204385815,-8.6795651857084633e-07,8.6795651857084633e-07,-8.8504196345341956e-08
415,20000,0.99999677325602354,-3.2267491823916615e-06,3.2267491823916615e-06,0.99999682832389802,-3.1716811316990808e-06,3.1716811316990808e-06,5.5068050692580774e-08
416,323,0.99641889280397877,-0.0035875347100618703,0.0035875347100618703,0.99673095964473157,-0.0032743953413190596,0.0032743953413190596,0.00031313936874281063
417,55093,0.99955390026954638,-0.00044619926254034151,0.00044619926254034151,0.99960381210577998,-0.00039626639737919199,0.00039626639737919199,4.9932865161149518e-05
418,15173,0.99999737440725089,-2.6255961959330163e-06,2.6255961959330163e-06,0.99999717866075633,-2.8213432236483755e-06,2.8213432236483755e-06,-1.9574702771535924e-07
419,13,0.62479068177956776,-0.47033859449302223,0.47033859449302223,0.65041038289288489,-0.43015175701850816,0.43015175701850816,0.04018683747451407
420,11876,0.78284897908048945,-0.24481547633161951,0.24481547633161951,0.71046434600710962,-0.3418365142563915,0.3418365142563915,-0.097021037924771986
421,52757,0.99996261719753077,-3.7383501223648941e-05,3.7383501223648941e-05,0.99995801277139862,-4.1988110089760582e-05,4.1988110089760582e-05,-4.6046088661116412e-06
422,6052,0.98908287871380496,-0.010977150350972608,0.010977150350972608,0.99142824365753757,-0.0086087051414440452,0.0086087051414440452,0.0023684452095285632
423,520,0.99496829233989004,-0.0050444093263931778,0.0050444093263931778,0.99417901514052065,-0.0058379928260399354,0.0058379928260399354,-0.00079358349964675761
424,28395,0.99999944397494478,-5.5602520983563265e-07,5.5602520983563265e-07,0.999999401518886,-5.9848129306827623e-07,5.9848129306827623e-07,-4.2456083232643584e-08
425,220,0.99999996073518926,-3.926481151957771e-08,3.926481151957771e-08,0.99999995639276185,-4.3607239090359021e-08,4.3607239090359021e-08,-4.3424275707813114e-09
426,9335,0.99999995676574616,-4.3234254796450148e-08,4.3234254796450148e-08,0.99999997506350891,-2.4936491449471287e-08,2.4936491449471287e-08,1.8297763346978861e-08
427,304,0.87606141001069038,-0.13231908775089907,0.13231908775089907,0.86971020792594511,-0.13959521715974293,0.13959521715974293,-0.0072761294088438677
428,6790,0.99999255778230411,-7.4422453893368683e-06,7.4422453893368683e-06,0.9999901632717334,-9.8367766475067824e-06,9.8367766475067824e-06,-2.3945312581699142e-06
429,220,0.45161698239694797,-0.79492084246029515,0.79492084246029515,0.46180700754299908,-0.7726082077658738,0.7726082077658738,0.022312634694421352
430,679,0.99999629624796194,-3.7037588969457195e-06,3.7037588969457195e-06,0.9999970283589581,-2.9716454572757072e-06,2.9716454572757072e-06,7.3211343967001226e-07
431,16,0.99999033876212295,-9.6612845471321703e-06,9.6612845471321703e-06,0.99999152187805573,-8.478157883753613e-06,8.478157883753613e-06,1.1831266633785572e-06
432,719,0.86794737963917945,-0.14162418869491458,0.14162418869491458,0.88559863563948105,-0.12149143819472204,0.12149143819472204,0.020132750500192545
433,5675,0.99827809487298391,-0.0017233893096417654,0.0017233893096417654,0.99846992762885989,-0.0015312441272709331,0.0015312441272709331,0.00019214518237083231
434,311,0.99999750835787748,-2.4916452266207662e-06,2.4916452266207662e-06,0.99999806767661514,-1.93232525181715e-06,1.93232525181715e-06,5.5931997480361628e-07
435,362,0.9999986569637781,-1.3430371238059368e-06,1.3430371238059368e-06,0.99999873519575322,-1.2648050466352197e-06,1.2648050466352197e-06,7.8232077170717105e-08
436,1638,0.99999998547015378,-1.4529846331569741e-08,1.4529846331569741e-08,0.99999998645182475,-1.3548175378613806e-08,1.3548175378613806e-08,9.8167095295593517e-10
437,1334,0.99999982208978977,-1.7791022604594503e-07,1.7791022604594503e-07,0.99999979045830323,-2.095417186717287e-07,2.095417186717287e-07,-3.1631492625783665e-08
438,6193,0.99999842073685852,-1.5792643885597427e-06,1.5792643885597427e-06,0.99999762508406664,-2.3749187535006262e-06,2.3749187535006262e-06,-7.9565436494088347e-07
439,68,0.99999986264825558,-1.3735175386357024e-07,1.3735175386357024e-07,0.99999990904696789,-9.0953036296267884e-08,9.0953036296267884e-08,4.6398717567302351e-08
440,336,0.99999988893224068,-1.1106776547846469e-07,1.1106776547846469e-07,0.99999982487758809,-1.7512242721331547e-07,1.7512242721331547e-07,-6.405466173485078e-08
441,323,0.99987295290736711,-0.00012705516379841835,0.00012705516379841835,0.99988264487179013,-0.00011736201486168874,0.00011736201486168874,9.6931489367296114e-06
442,40522,0.99485269841372714,-0.0051605945780616299,0.0051605945780616299,0.99456946326624196,-0.0054453357002371043,0.0054453357002371043,-0.00028474112217547441
443,22311,0.99991056957034352,-8.9434428795795933e-05,8.9434428795795933e-05,0.9999056583792556,-9.4346071194980108e-05,9.4346071194980108e-05,-4.9116423991841753e-06
444,505,0.99999985179712625,-1.4820288475131446e-07,1.4820288475131446e-07,0.99999979040616549,-2.0959385651039553e-07,2.0959385651039553e-07,-6.1390971759081067e-08
445,43667,0.99999142970144062,-8.5703352846465712e-06,8.5703352846465712e-06,0.99999152095269916,-8.4790832481310598e-06,8.4790832481310598e-06,9.1252036515511399e-08
446,382,0.99910342021147658,-0.00089698195658382684,0.00089698195658382684,0.99905354725309092,-0.00094690091611307091,0.00094690091611307091,-4.991895952924407e-05
447,24641,0.96526712057633346,-0.035350407060270483,0.035350407060270483,0.97368064243125962,-0.026671911618933373,0.026671911618933373,0.0086784954413371106
448,52757,0.99999311908011468,-6.8809435589233026e-06,6.8809435589233026e-06,0.99999387192093347,-6.1280978433221687e-06,6.1280978433221687e-06,7.5284571560113392e-07
449,706,0.45062574853519083,-0.79711810983985754,0.79711810983985754,0.43397382445049637,-0.83477105902663895,0.83477105902663895,-0.037652949186781415
450,1027,0.8885205029344222,-0.11819755575674556,0.11819755575674556,0.81317079374220069,-0.20681411309401351,0.20681411309401351,-0.088616557337267948
451,9152,0.5544323318744081,-0.58981051413012919,0.58981051413012919,0.58619258566929766,-0.5341068989100386,0.5341068989100386,0.055703615220090597
452,555,0.99995087680264516,-4.9124403938628253e-05,4.9124403938628253e-05,0.99994625088121636,-5.3750563319282407e-05,5.3750563319282407e-05,-4.6261593806541545e-06
453,7043,0.99998807530468348,-1.1924766416242941e-05,1.1924766416242941e-05,0.9999856238019782,-1.4376301360296216e-05,1.4376301360296216e-05,-2.4515349440532748e-06
454,28653,0.9999853656448866,-1.463446219659378e-05,1.463446219659378e-05,0.99998384460470269,-1.615552579710151e-05,1.615552579710151e-05,-1.52106360050773e-06
455,1543,0.99999998502007426,-1.4979925854130599e-08,1.4979925854130599e-08,0.99999998251898414,-1.7481016037353231e-08,1.7481016037353231e-08,-2.5010901832226325e-09
456,6957,0.9999356272125387,-6.4374859478057197e-05,6.4374859478057197e-05,0.99992937937956272,-7.0623114190754947e-05,7.0623114190754947e-05,-6.2482547126977502e-06
457,813,0.66592438755192374,-0.40657914709133525,0.40657914709133525,0.76307499716743921,-0.27039896004125585,0.27039896004125585,0.13618018705007939
458,6721,0.99693805800551083,-0.0030666393299745047,0.0030666393299745047,0.99684628648569173,-0.003158696949082026,0.003158696949082026,-9.2057619107521315e-05
459,36540,0.99997918146453979,-2.0818752168895581e-05,2.0818752168895581e-05,0.99997783478343716,-2.2165462214830252e-05,2.2165462214830252e-05,-1.3467100459346704e-06
460,7076,0.99934556338662139,-0.00065465085049395207,0.00065465085049395207,0.99945964515555219,-0.00054050088873967568,0.00054050088873967568,0.00011414996175427639
461,323,0.99503993584811312,-0.0049724060982263476,0.0049724060982263476,0.99499990850270492,-0.0050126337806290118,0.0050126337806290118,-4.0227682402664208e-05
462,706,0.99999829168223453,-1.7083192246238828e-06,1.7083192246238828e-06,0.99999812444458713,-1.8755571717500822e-06,1.8755571717500822e-06,-1.6723794712619941e-07
463,2010,0.99979599180025136,-0.00020402901225205405,0.00020402901225205405,0.99979868481559786,-0.00020133545102396072,0.00020133545102396072,2.6935612280933323e-06
464,15472,0.9999970282489592,-2.9717554565138342e-06,2.9717554565138342e-06,0.99999674701936503,-3.2529859258755192e-06,3.2529859258755192e-06,-2.8123046936168502e-07
465,12387,0.99985445874425782,-0.00014555184789849876,0.00014555184789849876,0.99979490726738429,-0.0002051137670062828,0.0002051137670062828,-5.9561919107784043e-05
466,2343,0.99999332398797547,-6.6760343092238691e-06,6.6760343092238691e-06,0.99999300450796036,-6.995516508256886e-06,6.995516508256886e-06,-3.194821990330169e-07
467,17453,0.99999903454389738,-9.6545656870946369e-07,9.6545656870946369e-07,0.99999899066777953,-1.0093327298338127e-06,1.0093327298338127e-06,-4.3876161124349033e-08
468,23318,0.99998624708140715,-1.3753013165093363e-05,1.3753013165093363e-05,0.99998322416065788,-1.6775980058123027e-05,1.6775980058123027e-05,-3.0229668930296637e-06
469,4455,0.99999668509415873,-3.3149113355971467e-06,3.3149113355971467e-06,0.99999561936236547,-4.3806472295716576e-06,4.3806472295716576e-06,-1.0657358939745109e-06
470,369,0.99665513169437137,-0.0033504748832866101,0.0033504748832866101,0.99684672166907873,-0.0031582603890046501,0.0031582603890046501,0.00019221449428195999
471,2225,0.99969213054963568,-0.00030791685189275885,0.00030791685189275885,0.99963175799254356,-0.00036830982519387025,0.00036830982519387025,-6.0392973301111406e-05
472,34538,0.57157994456201122,-0.55935092003250331,0.55935092003250331,0.50712864642275146,-0.67899056709882477,0.67899056709882477,-0.11963964706632146
473,323,0.99999970120029147,-2.9879975315258595e-07,2.9879975315258595e-07,0.99999977123736727,-2.2876265885107957e-07,2.2876265885107957e-07,7.0037094301506384e-08
474,28395,0.9997956526976024,-0.00020436818415238111,0.00020436818415238111,0.99967152942885495,-0.00032852452941917995,0.00032852452941917995,-0.00012415634526679884
475,13,0.91872902167237835,-0.084764062269654078,0.084764062269654078,0.9388348601465224,-0.063115683029008163,0.063115683029008163,0.021648379240645915
476,763,0.82668888308796251,-0.19032685414915684,0.19032685414915684,0.76187484594235566,-0.27197298095517852,0.27197298095517852,-0.081646126806021679
477,220,0.99801615533537924,-0.0019858150908918272,0.0019858150908918272,0.99749450350961411,-0.0025086404993511211,0.0025086404993511211,-0.00052282540845929393
478,679,0.99999993041624324,-6.9583759220617496e-08,6.9583759220617496e-08,0.99999985222587073,-1.4777414021938163e-07,1.4777414021938163e-07,-7.8190380998764132e-08
479,20,0.99368316811608204,-0.0063368674853586347,0.0063368674853586347,0.98829161954142197,-0.011777463306676934,0.011777463306676934,-0.0054405958213182993
480,11,0.99999996614340136,-3.3856599172839221e-08,3.3856599172839221e-08,0.9999999543484811,-4.5651519965852737e-08,4.5651519965852737e-08,-1.1794920793013515e-08
481,459,0.9994111320493746,-0.00058904140145349751,0.00058904140145349751,0.9995318621597018,-0.00046824745102690455,0.00046824745102690455,0.00012079395042659296
482,27290,0.99991645778781224,-8.3545702032740548e-05,8.3545702032740548e-05,0.99991802987813805,-8.1973481596025777e-05,8.1973481596025777e-05,1.5722204367147713e-06
483,916,0.99994678037453422,-5.3221041680270981e-05,5.3221041680270981e-05,0.99995619382887302,-4.3807130645306689e-05,4.3807130645306689e-05,9.4139110349642917e-06
484,4652,0.99999653336816297,-3.466637845847871e-06,3.466637845847871e-06,0.99999594274516135,-4.0572630693368056e-06,4.0572630693368056e-06,-5.9062522348893455e-07
485,14183,0.99999037402116286,-9.6260251671305025e-06,9.6260251671305025e-06,0.99999037663064927,-9.623415655659625e-06,9.623415655659625e-06,2.6095114708775478e-09
486,311,0.99999991522577869,-8.4774224932595379e-08,8.4774224932595379e-08,0.99999989312143123,-1.0687857449678771e-07,1.0687857449678771e-07,-2.2104349564192334e-08
487,11876,0.99922039934430873,-0.00077990470231598043,0.00077990470231598043,0.9989941458325996,-0.0010063603781814122,0.0010063603781814122,-0.00022645567586543174
488,52757,0.99998690213565244,-1.3097950125356896e-05,1.3097950125356896e-05,0.99999320597119168,-6.7940518878860383e-06,6.7940518878860383e-06,6.3038982374708573e-06
489,439,0.9999999847434824,-1.5256517710475332e-08,1.5256517710475332e-08,0.9999999815245374,-1.8475462766646027e-08,1.8475462766646027e-08,-3.218945056170695e-09
490,330,0.99990596397393872,-9.4040447725614518e-05,9.4040447725614518e-05,0.99989989064147988,-0.00010011436979643001,0.00010011436979643001,-6.073922070815488e-06
491,1820,0.99993575938323964,-6.4242680277160828e-05,6.4242680277160828e-05,0.99992421174201584,-7.5791130059267507e-05,7.5791130059267507e-05,-1.1548449782106679e-05
492,1455,0.99999982335968729,-1.7664032830650453e-07,1.7664032830650453e-07,0.99999980562671809,-1.9437330077138673e-07,1.9437330077138673e-07,-1.7732972464882196e-08
493,27332,0.99997157729953945,-2.8423104393171806e-05,2.8423104393171806e-05,0.99996586615525751,-3.4134427315377455e-05,3.4134427315377455e-05,-5.7113229222056484e-06
494,34880,0.99999618070787921,-3.8192994142530034e-06,3.8192994142530034e-06,0.99999565981644067,-4.3401929779398836e-06,4.3401929779398836e-06,-5.208935636868802e-07
495,304,0.99999988544482554,-1.1455518099665135e-07,1.1455518099665135e-07,0.99999989105911136,-1.0894089458876532e-07,1.0894089458876532e-07,5.6142864078860341e-09
496,463,0.99999878279916621,-1.2172015745943319e-06,1.2172015745943319e-06,0.99999899826778993,-1.0017327117560163e-06,1.0017327117560163e-06,2.1546886283831551e-07
497,36540,0.9999570253861545,-4.2975537280730066e-05,4.2975537280730066e-05,0.99997513805638916,-2.4862252674134843e-05,2.4862252674134843e-05,1.8113284606595223e-05
498,3925,0.99999850999704554,-1.4900040645192628e-06,1.4900040645192628e-06,0.99999776770998983,-2.2322925017317065e-06,2.2322925017317065e-06,-7.4228843721244365e-07
499,1210,0.86822061848208987,-0.14130942785902539,0.14130942785902539,0.86068192362970475,-0.15003026948787632,0.15003026948787632,-0.0087208416288509227
500,11876,0.0022827938419946155,-6.0823552168721129,6.0823552168721129,0.0019279743434624033,-6.2512853902151049,6.2512853902151049,-0.16893017334299198
501,52757,0.99999080110874072,-9.1989335693792804e-06,9.1989335693792804e-06,0.99999234960553407,-7.6504237303232777e-06,7.6504237303232777e-06,1.5485098390560027e-06
502,706,0.83350244323657718,-0.18211864549795145,0.18211864549795145,0.86373628287864079,-0.14648778491939538,0.14648778491939538,0.035630860578556078
503,1101,0.54670919716419142,-0.60383825016764758,0.60383825016764758,0.69895496564437865,-0.35816896565590062,0.35816896565590062,0.24566928451174697
504,1027,0.9882650887092852,-0.011804308812325909,0.011804308812325909,0.98900851582695615,-0.011052336853567052,0.011052336853567052,0.00075197195875885761
505,264,0.90298168632399334,-0.10205300669662271,0.10205300669662271,0.75199657959108146,-0.28502350345875638,0.28502350345875638,-0.18297049676213367
506,3830,0.99644010062114385,-0.003566250898978609,0.003566250898978609,0.99467801767153752,-0.0053361945235424089,0.0053361945235424089,-0.0017699436245637999
507,5274,0.99997614839524662,-2.3851889207390374e-05,2.3851889207390374e-05,0.99997690984199972,-2.309042458210955e-05,2.309042458210955e-05,7.6146462528082375e-07
508,37392,0.99997908413306236,-2.0916085677403612e-05,2.0916085677403612e-05,0.99997920050409805,-2.0799712214477039e-05,2.0799712214477039e-05,1.1637346292657266e-07
509,304,0.99981860200250794,-0.00018141445209874627,0.00018141445209874627,0.99992587085707474,-7.4131890626004314e-05,7.4131890626004314e-05,0.00010728256147274195
510,28395,0.89261941797983946,-0.1135949726209029,0.1135949726209029,0.88037484693042745,-0.12740749978518212,0.12740749978518212,-0.01381252716427922
511,11,0.99261775227690952,-0.0074096313656039792,0.0074096313656039792,0.99140699158276591,-0.0086301411885695966,0.0086301411885695966,-0.0012205098229656174
512,24435,0.48042296014001684,-0.73308839612152465,0.73308839612152465,0.5359801464794457,-0.6236581587476262,0.6236581587476262,0.10943023737389845
513,304,0.99999993734958992,-6.2650412005264807e-08,6.2650412005264807e-08,0.99999990195896993,-9.8041034925078035e-08,9.8041034925078035e-08,-3.5390622919813229e-08
514,3892,0.9882082469277973,-0.011861827201750771,0.011861827201750771,0.99056895840804959,-0.0094757954707642509,0.0094757954707642509,0.0023860317309865198
515,315,0.99016470182780214,-0.0098839842080752499,0.0098839842080752499,0.9904291451806172,-0.0096169497983845751,0.0096169497983845751,0.00026703440969067481
516,279,0.99999808986719407,-1.9101346302554124e-06,1.9101346302554124e-06,0.99999797411760383,-2.0258844482289105e-06,2.0258844482289105e-06,-1.1574981797349813e-07
517,1888,0.99952354632938589,-0.00047656721073006963,0.00047656721073006963,0.99950689790162328,-0.00049322371319711063,0.00049322371319711063,-1.6656502467040995e-05
518,48724,0.99998735836776798,-1.2641712138185461e-05,1.2641712138185461e-05,0.99999098119374996,-9.0188469197180557e-06,9.0188469197180557e-06,3.622865218467405e-06
519,2343,0.9999536281434237,-4.6372931784096647e-05,4.6372931784096647e-05,0.99996252199363533,-3.7478708682705451e-05,3.7478708682705451e-05,8.8942231013911956e-06
520,17453,0.99999799145693091,-2.0085450861768598e-06,2.0085450861768598e-06,0.99999870276254144,-1.29723830002612e-06,1.29723830002612e-06,7.1130678615073981e-07
521,23318,0.98981633209922271,-0.010235876197144741,0.010235876197144741,0.98982125547838895,-0.010230902176448091,0.010230902176448091,4.974020696650594e-06
522,4455,0.99998931643936884,-1.0683617700814802e-05,1.0683617700814802e-05,0.99998641027751678,-1.3589814824315285e-05,1.3589814824315285e-05,-2.906197123500483e-06
523,304,0.99968994383308196,-0.0003101042442694558,0.0003101042442694558,0.99973855932757405,-0.0002614748539963672,0.0002614748539963672,4.8629390273088598e-05
524,28395,0.98740915898024562,-0.012670777344363445,0.012670777344363445,0.99119133612634303,-0.0088476894980374105,0.0088476894980374105,0.0038230878463260346
525,3925,0.99999582511033258,-4.1748983822426977e-06,4.1748983822426977e-06,0.99999488844088624,-5.1115721778607622e-06,5.1115721778607622e-06,-9.3667379561806447e-07
526,11,0.95812825410869329,-0.042773633031813391,0.042773633031813391,0.95646732075184382,-0.044508656130495844,0.044508656130495844,-0.0017350230986824533
527,2737,0.999979115560794,-2.0884657288909232e-05,2.0884657288909232e-05,0.99997210123640001,-2.789915277771268e-05,2.789915277771268e-05,-7.0144954888034472e-06
528,28395,0.99999894433338388,-1.0556671733483043e-06,1.0556671733483043e-06,0.99999881796656009,-1.1820341385190207e-06,1.1820341385190207e-06,-1.2636696517071641e-07
529,220,0.99999997170125587,-2.8298744502545334e-08,2.8298744502545334e-08,0.99999997676256147,-2.3237438814066894e-08,2.3237438814066894e-08,5.0613056884784408e-09
530,1041,0.99999853636810665,-1.4636329644143795e-06,1.4636329644143795e-06,0.99999910883321064,-8.9116718641589711e-07,8.9116718641589711e-07,5.7246577799848241e-07
531,323,0.99999863916395415,-1.3608369717624204e-06,1.3608369717624204e-06,0.99999919778081792,-8.0221950390147646e-07,8.0221950390147646e-07,5.5861746786094396e-07
532,28395,0.99999885184288284,-1.1481577763044152e-06,1.1481577763044152e-06,0.99999881934856771,-1.1806521292015249e-06,1.1806521292015249e-06,-3.24943528971097e-08
533,220,0.99999983013949123,-1.6986052320915835e-07,1.6986052320915835e-07,0.99999986065705138,-1.3934295834472741e-07,1.3934295834472741e-07,3.051756486443094e-08
534,1049,0.99999931994570179,-6.8005452948949989e-07,6.8005452948949989e-07,0.99999974477323927,-2.5522679332559926e-07,2.5522679332559926e-07,4.2482773616390063e-07
535,13,0.67804565382751347,-0.38854065727992909,0.38854065727992909,0.69846687378207861,-0.35886752620272716,0.35886752620272716,0.029673131077201931
536,4815,7.7527318518776518e-05,-9.4648801867009791,9.4648801867009791,0.00016645166641347854,-8.700805582497539,8.700805582497539,0.76407460420344009
537,644,0.47051719894277561,-0.75392276601741903,0.75392276601741903,0.4160085359160372,-0.87704949990245062,0.87704949990245062,-0.12312673388503159
538,5936,0.65596691436281473,-0.42164492673249515,0.42164492673249515,0.70760793430665181,-0.34586510377653995,0.34586510377653995,0.075779822955955201
539,220,0.99996017861947673,-3.9822173415489013e-05,3.9822173415489013e-05,0.99996330728123839,-3.6693391955857408e-05,3.6693391955857408e-05,3.1287814596316047e-06
540,679,0.9998559587713981,-0.00014405160353591221,0.00014405160353591221,0.99996145869774389,-3.8542044991240766e-05,3.8542044991240766e-05,0.00010550955854467145
541,17,0.99996311556552619,-3.6885114721300517e-05,3.6885114721300517e-05,0.99996424266598327,-3.5757973325424066e-05,3.5757973325424066e-05,1.1271413958764505e-06
542,11,0.99965964347881298,-0.00034041445561367806,0.00034041445561367806,0.99988068133459895,-0.00011932578443926997,0.00011932578443926997,0.00022108867117440808
543,11876,0.99843750761262662,-0.0015637143516428178,0.0015637143516428178,0.99944554080766068,-0.00055461296167914485,0.00055461296167914485,0.001009101389963673
544,52757,0.99998418278796664,-1.5817337126831434e-05,1.5817337126831434e-05,0.99999260297574943,-7.3970516086549586e-06,7.3970516086549586e-06,8.4202855181764749e-06
545,6052,0.72230385226984872,-0.32530938060181941,0.32530938060181941,0.79648753816806839,-0.22754379549445686,0.22754379549445686,0.097765585107362551
546,311,0.99999819085569619,-1.8091459403534014e-06,1.8091459403534014e-06,0.99999881465470586,-1.1853459967166876e-06,1.1853459967166876e-06,6.2379994363671379e-07
547,6721,0.51851701509019044,-0.65678243586219243,0.65678243586219243,0.68203094919030061,-0.38268024212388896,0.38268024212388896,0.27410219373830347
548,36540,0.99999368069345129,-6.3193265155558683e-06,6.3193265155558683e-06,0.99999402026541873,-5.9797524599156531e-06,5.9797524599156531e-06,3.3957405564021514e-07
549,323,0.46360874315046208,-0.76871430843971023,0.76871430843971023,0.63988501235476858,-0.44646678696635733,0.44646678696635733,0.32224752147335289
550,48041,0.73646168169955462,-0.30589807199633445,0.30589807199633445,0.73132358033846701,-0.31289926281311053,0.31289926281311053,-0.0070011908167760817
551,1619,0.99997929853043022,-2.0701683848191318e-05,2.0701683848191318e-05,0.99997992595969887,-2.0074241787401201e-05,2.0074241787401201e-05,6.2744206079011638e-07
552,34538,0.99995145964991028,-4.8541528210626085e-05,4.8541528210626085e-05,0.9999729569422664,-2.7043423403689908e-05,2.7043423403689908e-05,2.1498104806936177e-05
553,1306,0.9979811593455582,-0.0020208812601368227,0.0020208812601368227,0.99856385733341124,-0.0014371749078837144,0.0014371749078837144,0.00058370635225310822
554,459,0.99999138324075953,-8.6167963649310664e-06,8.6167963649310664e-06,0.99999554054389328,-4.4594660501565822e-06,4.4594660501565822e-06,4.1573303147744842e-06
555,8223,0.99978348003557749,-0.00021654340825408953,0.00021654340825408953,0.99985787840780482,-0.00014213169242560319,0.00014213169242560319,7.4411715828486333e-05
556,4771,0.99998966332704309,-1.0336726380635776e-05,1.0336726380635776e-05,0.99999576312947847,-4.2368794971440139e-06,4.2368794971440139e-06,6.0998468834917623e-06
557,81286,0.99999158367257657,-8.4163628408672443e-06,8.4163628408672443e-06,0.99999484289405283,-5.1571192450476655e-06,5.1571192450476655e-06,3.2592435958195788e-06
558,13,0.99887774547453489,-0.0011228847246150505,0.0011228847246150505,0.99927015120489449,-0.00073011526440017248,0.00073011526440017248,0.00039276946021487799
559,9220,0.48706694766007996,-0.71935369581973196,0.71935369581973196,0.48148323647415814,-0.7308838635646453,0.7308838635646453,-0.011530167744913333
560,1667,0.99999161815389537,-8.3818812324801066e-06,8.3818812324801066e-06,0.99999198746983009,-8.0125622704467657e-06,8.0125622704467657e-06,3.6931896203334088e-07
561,3010,0.99999702045065697,-2.9795537819421905e-06,2.9795537819421905e-06,0.99999681181000044,-3.1881950817954822e-06,3.1881950817954822e-06,-2.0864129985329167e-07
562,11,0.99990792541680917,-9.207882231550991e-05,9.207882231550991e-05,0.99995261678131497,-4.7384341305248121e-05,4.7384341305248121e-05,4.4694481010261789e-05
563,520,0.97743917203546293,-0.022819217155577696,0.022819217155577696,0.98054049184214664,-0.019651337062134806,0.019651337062134806,0.0031678800934428902
564,99399,0.9999894816129028,-1.0518442415803343e-05,1.0518442415803343e-05,0.99999181653673308,-8.1834967516709283e-06,8.1834967516709283e-06,2.3349456641324149e-06
565,1692,0.9998959972088326,-0.0001040081998326787,0.0001040081998326787,0.99989924441632139,-0.0001007606598633832,0.0001007606598633832,3.2475399692954911e-06
566,689,0.99999849890299508,-1.5010981315792477e-06,1.5010981315792477e-06,0.99999955675650565,-4.4324359262944956e-07,4.4324359262944956e-07,1.0578545389497981e-06
567,20572,0.99984423442281589,-0.00015577770990158436,0.00015577770990158436,0.99988380718274095,-0.00011619956816742086,0.00011619956816742086,3.9578141734163502e-05
568,11,0.99999401427549106,-5.9857424234644989e-06,5.9857424234644989e-06,0.99999544588292899,-4.5541274410317062e-06,4.5541274410317062e-06,1.4316149824327927e-06
569,11876,0.99763942154975294,-0.0023633690079755084,0.0023633690079755084,0.99774638982329689,-0.0022561533777583813,0.0022561533777583813,0.0001072156302171271
570,52757,0.99998404849633349,-1.595163089313939e-05,1.595163089313939e-05,0.99998381912664736,-1.6181004264384225e-05,1.6181004264384225e-05,-2.2937337124483481e-07
571,24164,0.99993350370537015,-6.6498505606493494e-05,6.6498505606493494e-05,0.99993559330450743,-6.44087696928916e-05,6.44087696928916e-05,2.0897359136018938e-06
572,578,0.99991047793520016,-8.9526072139069508e-05,8.9526072139069508e-05,0.99994210908097558,-5.7892594768293685e-05,5.7892594768293685e-05,3.1633477370775823e-05
573,99773,0.99999933172045863,-6.6827976471524816e-07,6.6827976471524816e-07,0.99999941185104024,-5.8814913274276601e-07,5.8814913274276601e-07,8.0130631972482156e-08
574,4506,0.99999939703270713,-6.0296747468624074e-07,6.0296747468624074e-07,0.99999933439005184,-6.6561016972985205e-07,6.6561016972985205e-07,-6.264269504361131e-08
575,311,0.99938469745240532,-0.00061549192389367621,0.00061549192389367621,0.99964739954587734,-0.0003526626322791945,0.0003526626322791945,0.00026282929161448171
576,842,0.99997172912096877,-2.8271278660078564e-05,2.8271278660078564e-05,0.99997892013406053,-2.1080088122943606e-05,2.1080088122943606e-05,7.1911905371349583e-06
577,813,0.99991614796733419,-8.3855548443987832e-05,8.3855548443987832e-05,0.99994462912362569,-5.5372409397851839e-05,5.5372409397851839e-05,2.8483139046135992e-05
578,93576,0.99988062038344117,-0.00011938674287243468,0.00011938674287243468,0.99989773716478969,-0.00010226806441051119,0.00010226806441051119,1.7118678461923491e-05
579,30314,0.99999844303270591,-1.5569685061877071e-06,1.5569685061877071e-06,0.99999819189431516,-1.8081073194885147e-06,1.8081073194885147e-06,-2.5113881330080754e-07
580,520,0.992284045550756,-0.007745876442980487,0.007745876442980487,0.98933008681957302,-0.010727244884964009,0.010727244884964009,-0.0029813684419835217
581,279,0.99994681595166279,-5.3185462658803982e-05,5.3185462658803982e-05,0.99995549298503006,-4.4508005436477367e-05,4.4508005436477367e-05,8.6774572223266146e-06
582,21134,0.999550887365104,-0.00044921351618121459,0.00044921351618121459,0.99950797020375848,-0.00049215088262210031,0.00049215088262210031,-4.2937366440885718e-05
583,9974,0.99999614787679147,-3.8521306279685146e-06,3.8521306279685146e-06,0.99999549849663749,-4.5015134942499586e-06,4.5015134942499586e-06,-6.4938286628144404e-07
584,1567,0.99999871225077641,-1.2877500527782179e-06,1.2877500527782179e-06,0.99999854591168791,-1.4540893693229968e-06,1.4540893693229968e-06,-1.6633931654477887e-07
585,13,0.99627265846595248,-0.0037343053813136363,0.0037343053813136363,0.9940209983981273,-0.0059969473996743993,0.0059969473996743993,-0.002262642018360763
586,11876,0.020943573238885953,-3.8659234463167897,3.8659234463167897,0.022728526514115052,-3.784134468818821,3.784134468818821,0.081788977497968762
587,52757,0.99996186920088215,-3.8131526115213046e-05,3.8131526115213046e-05,0.99995412686584217,-4.5874186362203096e-05,4.5874186362203096e-05,-7.7426602469900506e-06
588,706,0.83763078767410459,-0.17717786308831349,0.17717786308831349,0.85630495685009778,-0.15512870828275846,0.15512870828275846,0.022049154805555027
589,8738,0.47979365406686802,-0.73439915486895357,0.73439915486895357,0.42565582634815757,-0.8541241786260354,0.8541241786260354,-0.11972502375708183
590,311,0.99999387062055756,-6.1293982271466652e-06,6.1293982271466652e-06,0.99999344465127982,-6.55537020654432e-06,6.55537020654432e-06,-4.2597197939765479e-07
591,387,0.86558723999629383,-0.14434711222281754,0.14434711222281754,0.7969947042663561,-0.2269072447982432,0.2269072447982432,-0.08256013257542566
592,264,0.98415451399388065,-0.015972367840695521,0.015972367840695521,0.97690383246993795,-0.02336706323754012,0.02336706323754012,-0.0073946953968445986
593,25462,0.37507854275614128,-0.98061982759305011,0.98061982759305011,0.41231821226011917,-0.88595986789433279,0.88595986789433279,0.094659959698717322
594,5457,0.99780358824518933,-0.0021988274049320904,0.0021988274049320904,0.99718529698218983,-0.0028186717432879321,0.0028186717432879321,-0.00061984433835584165
595,304,0.99999892916055388,-1.0708400195156184e-06,1.0708400195156184e-06,0.99999926118325633,-7.3881701664412294e-07,7.3881701664412294e-07,3.3202300287149543e-07
596,6721,0.22438752755489957,-1.4943806881844455,1.4943806881844455,0.54978952507068746,-0.59821975568660335,0.59821975568660335,0.89616093249784212
597,36540,0.99999482486242386,-5.1751509672672979e-06,5.1751509672672979e-06,0.99999406832016791,-5.9316974246192042e-06,5.9316974246192042e-06,-7.5654645735190634e-07
598,11,0.8421930911901957,-0.17174596657672939,0.17174596657672939,0.84740186916000859,-0.1655802350333091,0.1655802350333091,0.0061657315434202886
599,2010,0.85451150905095064,-0.15722530776242469,0.15722530776242469,0.67091516208205859,-0.39911258505313285,0.39911258505313285,-0.24188727729070816
600,35981,0.99991842459130298,-8.157873615158317e-05,8.157873615158317e-05,0.99992776148596607,-7.224112336099304e-05,7.224112336099304e-05,9.3376127905901306e-06
601,12387,0.97569364236075229,-0.024606632866962706,0.024606632866962706,0.97032860646453356,-0.030120495303091063,0.030120495303091063,-0.005513862436128357
602,2343,0.97322472558432938,-0.027140261917570453,0.027140261917570453,0.96219982496086265,-0.038533131632345237,0.038533131632345237,-0.011392869714774784
603,17453,0.99999673062210437,-3.2693832400866466e-06,3.2693832400866466e-06,0.99999761195919912,-2.3880436522755832e-06,2.3880436522755832e-06,8.8133958781106334e-07
604,23318,0.99994914825169534,-5.0853041298669131e-05,5.0853041298669131e-05,0.99996177569490208,-3.8225035665247307e-05,3.8225035665247307e-05,1.2628005633421825e-05
605,4455,0.99999789726786481,-2.1027343459054144e-06,2.1027343459054144e-06,0.99999698644571533,-3.0135588254102332e-06,3.0135588254102332e-06,-9.1082447950481871e-07
606,323,0.97091180708005509,-0.029519641715871063,0.029519641715871063,0.97910480178030346,-0.021116592354387034,0.021116592354387034,0.0084030493614840295
607,11230,0.22399294503643594,-1.4961407229961408,1.4961407229961408,0.42871323662217314,-0.84696702966598469,0.84696702966598469,0.64917369333015607
608,5361,0.69874497877555297,-0.35846944054858965,0.35846944054858965,0.69966597476191461,-0.35715223673637053,0.35715223673637053,0.0013172038122191143
609,59284,0.99940535503440597,-0.00059482183703216216,0.00059482183703216216,0.99948160745492032,-0.00051852695694914878,0.00051852695694914878,7.6294880083013382e-05
610,13,0.9663423806227589,-0.034237076279050128,0.034237076279050128,0.96264288908717688,-0.038072767644258626,0.038072767644258626,-0.0038356913652084976
611,1283,0.0038189592671782546,-5.5677773366300833,5.5677773366300833,0.005445831375712991,-5.2129048481711893,5.2129048481711893,0.35487248845889408
612,374,0.82597297076984366,-0.19119322903549948,0.19119322903549948,0.87259852147196282,-0.13627971268787165,0.13627971268787165,0.054913516347627839
613,13882,0.92796833101432163,-0.07475767284039718,0.07475767284039718,0.91213321385190127,-0.091969231754603822,0.091969231754603822,-0.017211558914206643
614,27458,0.80340459637505957,-0.21889683591940068,0.21889683591940068,0.74981180899938737,-0.28793302527195613,0.28793302527195613,-0.069036189352555455
615,439,0.99999966410854646,-3.358915099271712e-07,3.358915099271712e-07,0.9999997204909068,-2.7950913230097544e-07,2.7950913230097544e-07,5.6382377626195761e-08
616,832,0.99999720262208958,-2.7973818230437902e-06,2.7973818230437902e-06,0.99999659956155007,-3.4004442313855284e-06,3.4004442313855284e-06,-6.030624083417382e-07
617,315,0.99999809764413483,-1.9023576746792215e-06,1.9023576746792215e-06,0.99999807338873781,-1.9266131180813493e-06,1.9266131180813493e-06,-2.42554434021278e-08
618,279,0.99999996251602574,-3.7483974998611622e-08,3.7483974998611622e-08,0.9999999574557652,-4.2544235673117667e-08,4.2544235673117667e-08,-5.0602606745060444e-09
619,12474,0.98185758117328648,-0.018309010500550438,0.018309010500550438,0.98511832513071029,-0.014993517988468678,0.014993517988468678,0.0033154925120817604
620,6721,0.9466351908013606,-0.054841486201252738,0.054841486201252738,0.92928546792726097,-0.073339302196056375,0.073339302196056375,-0.018497815994803636
621,98930,0.99897131338843037,-0.0010292160727729403,0.0010292160727729403,0.99885164779364022,-0.0011490120679720644,0.0011490120679720644,-0.00011979599519912408
622,315,0.99669591812367808,-0.0033095524082252356,0.0033095524082252356,0.99783548033967828,-0.0021668656188619374,0.0021668656188619374,0.0011426867893632982
623,682,0.99999985703596561,-1.4296404459737039e-07,1.4296404459737039e-07,0.99999992418572514,-7.5814277757289905e-08,7.5814277757289905e-08,6.7149766840080488e-08
624,892,0.99998151533789248,-1.8484832950953878e-05,1.8484832950953878e-05,0.99998329419209464,-1.6705947448883397e-05,1.6705947448883397e-05,1.7788855020704818e-06
625,13,0.95379244103328498,-0.047309198256058727,0.047309198256058727,0.96108845098298223,-0.039688833682299592,0.039688833682299592,0.007620364573759135
626,4815,0.00040474148634301704,-7.8122619999871938,7.8122619999871938,0.0013896072317264715,-6.5787341388724005,6.5787341388724005,1.2335278611147933
627,24641,0.46164496141882805,-0.77295916511131435,0.77295916511131435,0.44325196792929378,-0.81361689426487516,0.81361689426487516,-0.040657729153560807
628,52757,0.99984097871275401,-0.00015903393247151737,0.00015903393247151737,0.99982761741737591,-0.00017239744220924535,0.00017239744220924535,-1.336350973772798e-05
629,596,0.83286528913045754,-0.1828833676235597,0.1828833676235597,0.71320652360584602,-0.33798424608343397,0.33798424608343397,-0.15510087845987428
630,53881,0.42743300849966942,-0.849957708148806,0.849957708148806,0.38408697406864295,-0.95688625707009922,0.95688625707009922,-0.10692854892129322
631,304,0.62735902043757019,-0.46623630184336062,0.46623630184336062,0.58618780826442141,-0.53411504883288119,0.53411504883288119,-0.067878746989520566
632,2225,0.82681136626279639,-0.1901787039748753,0.1901787039748753,0.65201535767710339,-0.4276871626134085,0.4276871626134085,-0.2375084586385332
633,6721,0.83984500420517239,-0.17453792297383278,0.17453792297383278,0.9167796729383656,-0.086888105018805298,0.086888105018805298,0.087649817955027479
634,36540,0.9999943039559156,-5.6960603069776338e-06,5.6960603069776338e-06,0.99999294839212105,-7.0516327416859421e-06,7.0516327416859421e-06,-1.3555724347083084e-06
635,323,0.99999812135963595,-1.8786421286890209e-06,1.8786421286890209e-06,0.99999793265921566,-2.0673429212993832e-06,2.0673429212993832e-06,-1.8870079261036231e-07
636,9709,0.71336194783672557,-0.33776634664908395,0.33776634664908395,0.80042837969521663,-0.22260822001056388,0.22260822001056388,0.11515812663852007
637,37959,0.99998129736563079,-1.8702809265659596e-05,1.8702809265659596e-05,0.99998147394390668,-1.8526227702817344e-05,1.8526227702817344e-05,1.7658156284225225e-07
638,19071,0.99999411258041493,-5.8874369160203604e-06,5.8874369160203604e-06,0.99999532220054121,-4.6778103997540123e-06,4.6778103997540123e-06,1.2096265162663481e-06
639,617,0.73176583744980328,-0.31229471039214557,0.31229471039214557,0.70255734765210631,-0.35302824743760403,0.35302824743760403,-0.040733537045458457
640,1903,0.37770194027370768,-0.97364991220064923,0.97364991220064923,0.42280829784824625,-0.86083639923671496,0.86083639923671496,0.11281351296393427
641,1461,0.99999726643200182,-2.7335717344375015e-06,2.7335717344375015e-06,0.99999690190234791,-3.0981024511745541e-06,3.0981024511745541e-06,-3.645307167370526e-07
642,264,0.93260439442246523,-0.069774182606938656,0.069774182606938656,0.94680601666374797,-0.054661046626812905,0.054661046626812905,0.015113135980125751
643,28812,0.61737825850351147,-0.48227338213809279,0.48227338213809279,0.64981021751567014,-0.43107493177769984,0.43107493177769984,0.051198450360392944
644,7216,0.99459543626495073,-0.0054192212250457738,0.0054192212250457738,0.98905666353953992,-0.011003655229629246,0.011003655229629246,-0.0055844340045834717
645,304,0.99999357875561301,-6.4212650033070071e-06,6.4212650033070071e-06,0.99999118551930277,-8.8145195449750846e-06,8.8145195449750846e-06,-2.3932545416680775e-06
646,279,0.99131302498664597,-0.0087249267310617329,0.0087249267310617329,0.98742887549013458,-0.012650809620888865,0.012650809620888865,-0.0039258828898271324
647,10034,0.4433090380609982,-0.81348814930226654,0.81348814930226654,0.50794511076411009,-0.67738188691839063,0.67738188691839063,0.13610626238387591
648,1917,0.86481939550482534,-0.14523458517410204,0.14523458517410204,0.91328768698922602,-0.090704347266082758,0.090704347266082758,0.05453023790801928
649,13,0.86267319062857817,-0.14771934950560392,0.14771934950560392,0.93519925013611782,-0.06699567064654402,0.06699567064654402,0.0807236788590599
650,5414,0.91509464816593,-0.088727778437724877,0.088727778437724877,0.85841000786423183,-0.15267342899149564,0.15267342899149564,-0.063945650553770758
651,5845,0.25437409298089075,-1.3689492884687227,1.3689492884687227,0.29600928598640996,-1.217364453574445,1.217364453574445,0.15158483489427765
652,311,0.99999955789702843,-4.4210306923678196e-07,4.4210306923678196e-07,0.99999959587010723,-4.041299744258867e-07,4.041299744258867e-07,3.7973094810895255e-08
653,25555,0.33297710820314769,-1.0996815354993712,1.0996815354993712,0.33331029430869835,-1.0986814081307097,1.0986814081307097,0.0010001273686615075
654,304,0.99998682123191029,-1.3178854930395149e-05,1.3178854930395149e-05,0.99998727827615763,-1.2721804764182586e-05,1.2721804764182586e-05,4.5705016621256302e-07
655,5361,0.58362468025882475,-0.53849717354498805,0.53849717354498805,0.57907806413467267,-0.54631798470341442,0.54631798470341442,-0.0078208111584263662
656,49255,0.90551867393040708,-0.099247379087873247,0.099247379087873247,0.89981304093137149,-0.10556826953564494,0.10556826953564494,-0.0063208904477716904
657,706,0.7467004834775095,-0.29209113345507459,0.29209113345507459,0.73532148144389553,-0.30744748567671493,0.30744748567671493,-0.015356352221640335
658,15662,0.85277497015999748,-0.15925957618890238,0.15925957618890238,0.85095956471344714,-0.16139066656296402,0.16139066656296402,-0.0021310903740616449
659,1461,0.99999836827267985,-1.6317286514174266e-06,1.6317286514174266e-06,0.99999828452604589,-1.715475425550786e-06,1.715475425550786e-06,-8.3746774133359398e-08
660,264,0.68425992536240243,-0.37941742570450954,0.37941742570450954,0.70854737564078696,-0.34453835456288867,0.34453835456288867,0.034879071141620865
661,17444,0.90306010320735564,-0.10196616830355103,0.10196616830355103,0.89659604941520088,-0.10914985345475585,0.10914985345475585,-0.0071836851512048217
662,439,0.99999946738166978,-5.3261847203863251e-07,5.3261847203863251e-07,0.99999936652461241,-6.3347558829020822e-07,6.3347558829020822e-07,-1.0085711625157571e-07
663,832,0.70399497524584875,-0.35098406028444012,0.35098406028444012,0.72015851055600322,-0.32828393765226815,0.32828393765226815,0.022700122632171971
664,315,0.99999880247798256,-1.1975227344820582e-06,1.1975227344820582e-06,0.99999864871694999,-1.3512839630098663e-06,1.3512839630098663e-06,-1.5376122852780812e-07
665,279,0.99999981224995016,-1.87750067409421e-07,1.87750067409421e-07,0.99999975004246366,-2.4995756760188182e-07,2.4995756760188182e-07,-6.2207500192460824e-08
666,1455,0.97788498528704204,-0.022363217818961688,0.022363217818961688,0.97612305413496248,-0.024166620460152808,0.024166620460152808,-0.0018034026411911201
667,33045,0.63732102313276251,-0.45048178939370015,0.45048178939370015,0.61687489710594046,-0.48308903559328564,0.48308903559328564,-0.032607246199585493
668,323,0.9735465980359338,-0.02680958881731263,0.02680958881731263,0.96626369638663856,-0.034318504395312248,0.034318504395312248,-0.0075089155779996183
669,25462,0.52401066567790489,-0.64624324052109505,0.64624324052109505,0.52037616933463859,-0.65320332636956824,0.65320332636956824,-0.0069600858484731853
670,23579,0.99977970218091294,-0.00022032208821599122,0.00022032208821599122,0.99972275358247642,-0.00027728485741662602,0.00027728485741662602,-5.6962769200634802e-05
671,304,0.74488926271926148,-0.29451971229597973,0.29451971229597973,0.74898359787004709,-0.28903819440957479,0.28903819440957479,0.0054815178864049408
672,3925,0.5738849643524816,-0.55532631328319193,0.55532631328319193,0.56139865825125379,-0.5773240050621028,0.5773240050621028,-0.021997691778910866
673,13,0.99937252629592677,-0.00062767064808695366,0.00062767064808695366,0.99939532638881734,-0.00060485649999975468,0.00060485649999975468,2.2814148087198986e-05
674,11876,0.015811176514274557,-4.1470382146993341,4.1470382146993341,0.025880082711988772,-3.6542816133735254,3.6542816133735254,0.49275660132580867
675,52757,0.99999286706615131,-7.1329592881499899e-06,7.1329592881499899e-06,0.99999335963664948,-6.6403853978384934e-06,6.6403853978384934e-06,4.9257389031149647e-07
676,596,0.95434598220148126,-0.046729008499399906,0.046729008499399906,0.94792155096393671,-0.053483532299009276,0.053483532299009276,-0.0067545237996093702
677,20160,0.40061722247437537,-0.91474886497614494,0.91474886497614494,0.42469061470055203,-0.85639434056366681,0.85639434056366681,0.058354524412478126
678,9731,0.99766743245231282,-0.0023352922211840525,0.0023352922211840525,0.99804049225897273,-0.0019614300879671575,0.0019614300879671575,0.00037386213321689496
679,311,0.99999996808546066,-3.1914539834522555e-08,3.1914539834522555e-08,0.99999995309465439,-4.690534672797434e-08,4.690534672797434e-08,-1.4990806893451785e-08
680,31740,0.43284909351552198,-0.83736612554566836,0.83736612554566836,0.47702714190110707,-0.7401818884524286,0.7401818884524286,0.097184237093239756
681,323,0.45975873782444826,-0.77705341007864071,0.77705341007864071,0.49318171179542464,-0.7068775890862169,0.7068775890862169,0.07017582099242381
682,10383,0.60908053530027451,-0.49580477814305363,0.49580477814305363,0.60904910324512018,-0.49585638522027553,0.49585638522027553,-5.1607077221904607e-05
683,502,0.90662105914016788,-0.098030712044345353,0.098030712044345353,0.9047767071690781,-0.10006709813551812,0.10006709813551812,-0.0020363860911727649
684,22540,0.99982317690105105,-0.00017683873399623775,0.00017683873399623775,0.99983074452026099,-0.00016926980506419429,0.00016926980506419429,7.5689289320434621e-06
685,315,0.99999981968901797,-1.8031099830769864e-07,1.8031099830769864e-07,0.99999985015168913,-1.4984832207008177e-07,1.4984832207008177e-07,3.0462676237616871e-08
686,23579,0.59289317378249762,-0.52274104160461998,0.52274104160461998,0.5932285401778451,-0.52217555764064383,0.52217555764064383,0.00056548396397615441
687,323,0.99166283775832997,-0.0083721107620076656,0.0083721107620076656,0.99177450916878884,-0.0082595068415965284,0.0082595068415965284,0.00011260392041113725
688,7359,0.93967273433739096,-0.062223619298318517,0.062223619298318517,0.93678650318935286,-0.06529987415793212,0.06529987415793212,-0.003076254859613603
689,27083,0.94438477398840526,-0.05722159631878445,0.05722159631878445,0.95043058820504855,-0.050840146332484244,0.050840146332484244,0.0063814499863002055
690,13,0.99931448450090365,-0.00068575057228314313,0.00068575057228314313,0.99950477372076385,-0.00049534894426963422,0.00049534894426963422,0.00019040162801350891
691,4815,0.019434270742958112,-3.9407172382552154,3.9407172382552154,0.024741647908583478,-3.6992673051583336,3.6992673051583336,0.24144993309688179
692,644,0.23290479807567602,-1.4571255008627604,1.4571255008627604,0.22344656067096735,-1.498582995661311,1.498582995661311,-0.041457494798550654
693,17102,0.40477315143373355,-0.90442848871806669,0.90442848871806669,0.38856778385721213,-0.94528764857063119,0.94528764857063119,-0.040859159852564497
694,11,0.99972751403963434,-0.00027252309141028938,0.00027252309141028938,0.99979003050642601,-0.00020999154025426827,0.00020999154025426827,6.2531551156021106e-05
695,48677,0.99997614144640745,-2.3858838212411709e-05,2.3858838212411709e-05,0.99998221161266054,-1.7788545554667031e-05,1.7788545554667031e-05,6.0702926577446784e-06
696,11876,0.99998450678809814,-1.5493331922894151e-05,1.5493331922894151e-05,0.99998300342886759,-1.6996715575779625e-05,1.6996715575779625e-05,-1.5033836528854741e-06
697,52757,0.99999487179705138,-5.128216097930551e-06,5.128216097930551e-06,0.99999442359491053,-5.5764206376653815e-06,5.5764206376653815e-06,-4.4820453973483057e-07
698,374,0.99612360081459028,-0.003883931893555913,0.003883931893555913,0.99496602291091707,-0.0050466902348187135,0.0050466902348187135,-0.0011627583412628004
699,264,0.99172030635718789,-0.0083141606891288609,0.0083141606891288609,0.9932697362216526,-0.0067530141383500119,0.0067530141383500119,0.001561146550778849
700,7701,0.59159050378264033,-0.52494060002780463,0.52494060002780463,0.60689992798553549,-0.49939136479985757,0.49939136479985757,0.025549235227947054
701,27332,0.9809894426656548,-0.019193581283393383,0.019193581283393383,0.98149972840133115,-0.0186735419836105,0.0186735419836105,0.00052003929978288246
702,6721,0.82873288646775567,-0.18785738750793798,0.18785738750793798,0.78921440291169076,-0.23671725498539289,0.23671725498539289,-0.04885986747745491
703,83162,0.99991530387108163,-8.4699715838080391e-05,8.4699715838080391e-05,0.99990584463611076,-9.4159796783755176e-05,9.4159796783755176e-05,-9.4600809456747855e-06
704,11,0.79106855985943525,-0.2343706400534252,0.2343706400534252,0.69435123422071188,-0.36477734531875988,0.36477734531875988,-0.13040670526533468
705,9709,0.99999076094222106,-9.2391004592629625e-06,9.2391004592629625e-06,0.99998586072826412,-1.4139371696349877e-05,1.4139371696349877e-05,-4.9002712370869141e-06
706,37959,0.99999349255730829,-6.5074638652424543e-06,6.5074638652424543e-06,0.99999315247250431,-6.847550940097013e-06,6.847550940097013e-06,-3.4008707485455867e-07
707,10255,0.99998699537650471,-1.3004708056094463e-05,1.3004708056094463e-05,0.99998323577968395,-1.6764360837107068e-05,1.6764360837107068e-05,-3.759652781012605e-06
708,11,0.99997294400129899,-2.705636472113933e-05,2.705636472113933e-05,0.99998030210932631,-1.9698084679652183e-05,1.9698084679652183e-05,7.3582800414871475e-06
709,323,0.99999730229203176,-2.6977116070312601e-06,2.6977116070312601e-06,0.9999983477808907,-1.6522204742042823e-06,1.6522204742042823e-06,1.0454911328269778e-06
710,4846,0.99099380798279624,-0.0090469929231363887,0.0090469929231363887,0.98384387046545385,-0.016288062745183088,0.016288062745183088,-0.0072410698220466991
711,19077,0.99140569381807031,-0.0086314502024822382,0.0086314502024822382,0.99270575825215723,-0.0073209748067724935,0.0073209748067724935,0.0013104753957097447
712,83162,0.99991842835051326,-8.1574976634721651e-05,8.1574976634721651e-05,0.99992366286832646,-7.6340045500692628e-05,7.6340045500692628e-05,5.2349311340290229e-06
713,323,0.99983782543487865,-0.00016218771683804007,0.00016218771683804007,0.9997411454383629,-0.00025888807026188651,0.00025888807026188651,-9.6700353423846442e-05
714,6721,0.9990414446642939,-0.00095901504366570497,0.00095901504366570497,0.99878471241476596,-0.0012160266460330949,0.0012160266460330949,-0.00025701160236738993
715,3778,0.98848891450009391,-0.011577850900616216,0.011577850900616216,0.98723579774080639,-0.012846364595423015,0.012846364595423015,-0.0012685136948067995
716,9141,0.99999236424145976,-7.6357876927849307e-06,7.6357876927849307e-06,0.99999074137265964,-9.2586702017233507e-06,9.2586702017233507e-06,-1.62288250893842e-06
717,2851,0.99999724476327245,-2.7552405232407247e-06,2.7552405232407247e-06,0.99999684420689505,-3.1557980844450978e-06,3.1557980844450978e-06,-4.0055756120437309e-07
718,13,0.99913077528619021,-0.00086960270866887892,0.00086960270866887892,0.99951900615496037,-0.00048110955968599982,0.00048110955968599982,0.0003884931489828791
719,5414,0.62674416450600556,-0.46721685270745333,0.46721685270745333,0.61604914330102889,-0.48442854054463375,0.48442854054463375,-0.017211687837180412
720,16358,0.60463225174028812,-0.5031348541291687,0.5031348541291687,0.62894144233187577,-0.46371712306714807,0.46371712306714807,0.039417731062020622
721,7076,0.60048060268572057,-0.51002493992266762,0.51002493992266762,0.61502527779866334,-0.48609190990864021,0.48609190990864021,0.023933030014027412
722,706,0.89309454141058509,-0.11306283426866699,0.11306283426866699,0.89468020503394963,-0.11128893736994412,0.11128893736994412,0.0017738968987228709
723,1027,0.73949897485670146,-0.30178238309769106,0.30178238309769106,0.72201849043213517,-0.32570453040043401,0.32570453040043401,-0.023922147302742947
724,13160,0.99993119189158519,-6.8810475801313849e-05,6.8810475801313849e-05,0.99993092490308033,-6.9077482714014163e-05,6.9077482714014163e-05,-2.6700691270031395e-07
725,555,0.99999966724763178,-3.3275242354220301e-07,3.3275242354220301e-07,0.99999964241654249,-3.5758352147561008e-07,3.5758352147561008e-07,-2.4831097933407068e-08
726,12387,0.99237850592074239,-0.0076506860843094104,0.0076506860843094104,0.99283434263443593,-0.007191453995381192,0.007191453995381192,0.00045923208892821848
727,59284,0.97781704460496555,-0.022432697403341448,0.022432697403341448,0.97712516923697812,-0.023140519242754495,0.023140519242754495,-0.00070782183941304685
728,11,0.98242659475849847,-0.017729650743851091,0.017729650743851091,0.99044519375612317,-0.0096007462712946988,0.0096007462712946988,0.0081289044725563926
729,2737,0.50682956573291316,-0.67958049416865174,0.67958049416865174,0.49751693032883582,-0.69812569215079423,0.69812569215079423,-0.018545197982142492
730,3116,0.99550719709261815,-0.00450292587808489,0.00450292587808489,0.9966308702498401,-0.0033748180477987571,0.0033748180477987571,0.001128107830286133
731,34538,0.99997570703148753,-2.4293263591452772e-05,2.4293263591452772e-05,0.99997403782357908,-2.5962513444102474e-05,2.5962513444102474e-05,-1.6692498526497023e-06
732,4435,0.99999136945914535,-8.630578097963143e-06,8.630578097963143e-06,0.9999926423309845,-7.3576960832789959e-06,7.3576960832789959e-06,1.2728820146841471e-06
733,29201,0.99998909873477582,-1.0901324643355814e-05,1.0901324643355814e-05,0.99998542570021376,-1.4574405992378987e-05,1.4574405992378987e-05,-3.6730813490231736e-06
734,4870,0.99999827386585116,-1.726135638570929e-06,1.726135638570929e-06,0.99999790835450564,-2.09164768181034e-06,2.09164768181034e-06,-3.65512043239411e-07
735,48854,0.99997208057012965,-2.7919819624897969e-05,2.7919819624897969e-05,0.99997849613609535,-2.1504095116034995e-05,2.1504095116034995e-05,6.4157245088629739e-06
736,11,0.99261959997436078,-0.0074077699282809988,0.0074077699282809988,0.99510799519747761,-0.004904009826442365,0.004904009826442365,0.0025037601018386337
737,264,0.99994469486461224,-5.5306664773173441e-05,5.5306664773173441e-05,0.99995680402087739,-4.3196912095835489e-05,4.3196912095835489e-05,1.2109752677337952e-05
738,28395,0.99998441392246684,-1.5586198997293137e-05,1.5586198997293137e-05,0.99998498181621109,-1.501829656297185e-05,1.501829656297185e-05,5.6790243432128747e-07
739,29201,0.99998147484680944,-1.8525324783374504e-05,1.8525324783374504e-05,0.99997929170284794,-2.0708511571761277e-05,2.0708511571761277e-05,-2.1831867883867727e-06
740,4870,0.99999965646093536,-3.4353912364715542e-07,3.4353912364715542e-07,0.99999967419691593,-3.2580313713040677e-07,3.2580313713040677e-07,1.7735986516748645e-08
741,19134,0.99991997960277179,-8.0023599030995275e-05,8.0023599030995275e-05,0.99992451025625906,-7.5492593235027876e-05,7.5492593235027876e-05,4.5310057959673991e-06
742,11,0.99997326278338061,-2.6737574065187397e-05,2.6737574065187397e-05,0.99997372709728682,-2.6273247851984857e-05,2.6273247851984857e-05,4.6432621320253919e-07
743,323,0.9996422335308579,-0.00035783048283374061,0.00035783048283374061,0.99973634721241444,-0.00026368755009209327,0.00026368755009209327,9.4142932741647341e-05
744,459,0.9998602035127333,-0.00013980625970643661,0.00013980625970643661,0.99983184835585692,-0.00016816578321577635,0.00016816578321577635,-2.8359523509339737e-05
745,34260,0.99919748533446784,-0.00080283685281122986,0.00080283685281122986,0.99548307156435223,-0.004527160580430541,0.004527160580430541,-0.003724323727619311
746,14829,0.99998800776300667,-1.1992308900821293e-05,1.1992308900821293e-05,0.99998619968068492,-1.3800414540356238e-05,1.3800414540356238e-05,-1.8081056395349448e-06
747,358,0.99996488937703154,-3.5111239360765525e-05,3.5111239360765525e-05,0.99996920143381407,-3.079904047149428e-05,3.079904047149428e-05,4.312198889271245e-06
748,29201,0.99989919883556189,-0.0001008062452169413,0.0001008062452169413,0.99991133395676157,-8.866997430437626e-05,8.866997430437626e-05,1.2136270912565039e-05
749,4870,0.99999983973072559,-1.6026928721040534e-07,1.6026928721040534e-07,0.99999964702982025,-3.5297024202413106e-07,3.5297024202413106e-07,-1.9270095481372572e-07
750,62668,0.99997212275814884,-2.7877630428744087e-05,2.7877630428744087e-05,0.99996158766404364,-3.8413073729024296e-05,3.8413073729024296e-05,-1.0535443300280209e-05
751,19134,0.99994098900420436,-5.9012737012995951e-05,5.9012737012995951e-05,0.99977741960153088,-0.00022260517316231515,0.00022260517316231515,-0.00016359243614931919
752,13,0.999520378522471,-0.00047973653269995644,0.00047973653269995644,0.99958822136644032,-0.00041186343766229919,0.00041186343766229919,6.7873095037657247e-05
753,11876,0.96739951547876213,-0.033143719442292045,0.033143719442292045,0.96572589489769756,-0.034875237728926742,0.034875237728926742,-0.0017315182866346965
754,52757,0.99998833832651057,-1.1661741487269744e-05,1.1661741487269744e-05,0.99998668792574452,-1.3312162861933153e-05,1.3312162861933153e-05,-1.6504213746634091e-06
755,596,0.95746895087487616,-0.043461985737836363,0.043461985737836363,0.92675085560306192,-0.076070513722089061,0.076070513722089061,-0.032608527984252698
756,5845,0.69681786957221092,-0.36123120857719582,0.36123120857719582,0.76794702187899311,-0.26403453014222195,0.26403453014222195,0.097196678434973871
757,311,0.99999893854151645,-1.0614590468597956e-06,1.0614590468597956e-06,0.99999861947605062,-1.3805249022630559e-06,1.3805249022630559e-06,-3.1906585540326027e-07
758,25555,0.99041424917778065,-0.009631989859481006,0.009631989859481006,0.98703196450555553,-0.013052854555774809,0.013052854555774809,-0.003420864696293803
759,304,0.99999977366090731,-2.2633911825701201e-07,2.2633911825701201e-07,0.99999976258119982,-2.3741882839072603e-07,2.3741882839072603e-07,-1.1079710133714021e-08
760,5361,0.999547852750999,-0.0004522494983907043,0.0004522494983907043,0.99944833925813514,-0.00055181296263734846,0.00055181296263734846,-9.9563464246644161e-05
761,49255,0.9993879411208173,-0.00061224626368260558,0.00061224626368260558,0.99923905258234991,-0.00076123708509338482,0.00076123708509338482,-0.00014899082141077923
762,706,0.99281961770491156,-0.0072062853102212209,0.0072062853102212209,0.9936851870875133,-0.0063348356814144939,0.0063348356814144939,0.00087144962880672701
763,1903,0.45975081811238011,-0.77707063602701121,0.77707063602701121,0.5029739824218239,-0.68721683502767905,0.68721683502767905,0.089853800999332156
764,1461,0.99999829745860047,-1.7025428488830306e-06,1.7025428488830306e-06,0.99999784947697989,-2.1505253324695366e-06,2.1505253324695366e-06,-4.4798248358650602e-07
765,264,0.99906949081117669,-0.00093094238124570821,0.00093094238124570821,0.99920503592975829,-0.00079528022174199281,0.00079528022174199281,0.0001356621595037154
766,28812,0.980211578465225,-0.019986834226705129,0.019986834226705129,0.9770495883099396,-0.02321787253655214,0.02321787253655214,-0.0032310383098470112
767,7216,0.99999573135259334,-4.2686565173549517e-06,4.2686565173549517e-06,0.99999508265648429,-4.9173556059315867e-06,4.9173556059315867e-06,-6.4869908857663494e-07
768,304,0.99998924821203006,-1.075184577083617e-05,1.075184577083617e-05,0.99998996099017545,-1.0039060215729179e-05,1.0039060215729179e-05,7.1278555510699084e-07
769,279,0.99996258228491408,-3.741841514607452e-05,3.741841514607452e-05,0.99995248431657568,-4.751681233017149e-05,4.751681233017149e-05,-1.009839718409697e-05
770,10034,0.99999433270343963,-5.6673126195468801e-06,5.6673126195468801e-06,0.99999330221062188,-6.6978118083975245e-06,6.6978118083975245e-06,-1.0304991888506444e-06
771,1917,0.99999935172179122,-6.4827841886824293e-07,6.4827841886824293e-07,0.99999924495910719,-7.550411778639511e-07,7.550411778639511e-07,-1.0676275899570818e-07
772,11,0.98612786960139087,-0.013969247593791033,0.013969247593791033,0.98654677274087121,-0.013544541829560684,0.013544541829560684,0.00042470576423034832
773,323,0.99961920046372454,-0.00038087205883050778,0.00038087205883050778,0.99955452064753825,-0.00044557860786708785,0.00044557860786708785,-6.4706549036580075e-05
774,813,0.99793272457868121,-0.0020694151846479903,0.0020694151846479903,0.99789889041828939,-0.0021033200092241962,0.0021033200092241962,-3.3904824576205892e-05
775,20160,0.99983710506191981,-0.00016290820690158437,0.00016290820690158437,0.99980191950034258,-0.00019810012019061429,0.00019810012019061429,-3.5191913289029915e-05
776,9731,0.9984859651174085,-0.0015151821915945212,0.0015151821915945212,0.99871741323013719,-0.0012834099882485612,0.0012834099882485612,0.00023177220334595996
777,311,0.99999961356803257,-3.86432042085286e-07,3.86432042085286e-07,0.99999961912658308,-3.8087348949022672e-07,3.8087348949022672e-07,5.5585525950592734e-09
778,31740,0.99899615486606574,-0.0010043493239080198,0.0010043493239080198,0.99911083059259032,-0.0008895649530159947,0.0008895649530159947,0.00011478437089202514
779,323,0.99997366695508938,-2.6333391631341004e-05,2.6333391631341004e-05,0.99996949226921072,-3.0508196159558906e-05,3.0508196159558906e-05,-4.1748045282179015e-06
780,10383,0.99998096492749189,-1.9035253677455412e-05,1.9035253677455412e-05,0.99998129195295538,-1.8708222042333529e-05,1.8708222042333529e-05,3.270316351218822e-07
781,502,0.99998088603910829,-1.9114143565836157e-05,1.9114143565836157e-05,0.99998604575403494,-1.395434332644425e-05,1.395434332644425e-05,5.1598002393919067e-06
782,22540,0.99999779802303845,-2.2019793858652983e-06,2.2019793858652983e-06,0.99999734435045096,-2.6556530752637067e-06,2.6556530752637067e-06,-4.5367368939840846e-07
783,315,0.99997597603301058,-2.4024255569549721e-05,2.4024255569549721e-05,0.99998104138424504,-1.895879547178723e-05,1.895879547178723e-05,5.065460097762491e-06
784,23579,0.99999939354039313,-6.0645979078678368e-07,6.0645979078678368e-07,0.99999933490761528,-6.6509260586050496e-07,6.6509260586050496e-07,-5.8632815073721285e-08
785,323,0.99998975971832926,-1.0240334102787196e-05,1.0240334102787196e-05,0.99999043110983221,-9.5689359499082648e-06,9.5689359499082648e-06,6.7139815287893148e-07
786,7359,0.99999543788999645,-4.5621204099673698e-06,4.5621204099673698e-06,0.99999600975463743,-3.990253323653967e-06,3.990253323653967e-06,5.7186708631340284e-07
787,27083,0.82728446564183633,-0.18960667013884791,0.18960667013884791,0.87037397127216309,-0.13883230765645896,0.13883230765645896,0.050774362482388952
788,13,0.99989831053289491,-0.00010169463782953923,0.00010169463782953923,0.99991961618712133,-8.0387043830556549e-05,8.0387043830556549e-05,2.1307593998982682e-05
789,4815,0.025696621037244152,-3.6613957728748741,3.6613957728748741,0.024345618478906449,-3.7154033849091723,3.7154033849091723,-0.054007612034298269
790,32812,0.20630441507940286,-1.5784024578765286,1.5784024578765286,0.18097672708753726,-1.7093868356102462,1.7093868356102462,-0.13098437773371763
791,1473,0.40723815044989842,-0.89835712842446425,0.89835712842446425,0.40318990161747731,-0.90834760813019833,0.90834760813019833,-0.0099904797057340788
792,9,0.79089111652918309,-0.23459497362354684,0.23459497362354684,0.83732478928086918,-0.17754324399852967,0.17754324399852967,0.057051729625017172
793,48677,0.29838898807745673,-1.2093573145591532,1.2093573145591532,0.41729364147121256,-0.87396512880910027,0.87396512880910027,0.33539218575005292
794,11876,0.99763895536042724,-0.0023638363004908247,0.0023638363004908247,0.99866638268233898,-0.0013345073766560568,0.0013345073766560568,0.0010293289238347679
795,52757,0.99998807404858625,-1.1926022528465471e-05,1.1926022528465471e-05,0.99998942802196167,-1.0572033922112448e-05,1.0572033922112448e-05,1.3539886063530226e-06
796,596,0.56475005046839977,-0.57137203426988536,0.57137203426988536,0.56489440728088303,-0.57111645507011366,0.57111645507011366,0.00025557919977170496
797,27685,0.36843016853748728,-0.99850408724405459,0.99850408724405459,0.41005890912432608,-0.89145444881384062,0.89145444881384062,0.10704963843021398
798,2199,0.97021242462217971,-0.030240237004638747,0.030240237004638747,0.97095129940432723,-0.029478967042001689,0.029478967042001689,0.00076126996263705879
799,198,0.99533637680023446,-0.0046745318194485897,0.0046745318194485897,0.99300695661360527,-0.007017609308326362,0.007017609308326362,-0.0023430774888777723
800,9,0.99999808301630866,-1.9169855287615792e-06,1.9169855287615792e-06,0.99999653065862226,-3.4693473959168408e-06,3.4693473959168408e-06,-1.5523618671552616e-06
801,27290,0.76988455360913566,-0.26151470575283609,0.26151470575283609,0.75125941588726175,-0.28600425958429432,0.28600425958429432,-0.024489553831458233
802,916,0.9995200703863466,-0.00048004481673153093,0.00048004481673153093,0.99934840637351052,-0.00065180600587820602,0.00065180600587820602,-0.00017176118914667509
803,4652,0.9967673494868392,-0.0032378868156333757,0.0032378868156333757,0.99609717826983091,-0.0039104576130327374,0.0039104576130327374,-0.00067257079739936176
804,389,0.37946354249807185,-0.96899675395995799,0.96899675395995799,0.45793187743306762,-0.78103484515983823,0.78103484515983823,0.18796190880011976
805,48677,0.99335364613539601,-0.0066685392302839224,0.0066685392302839224,0.99329055397187993,-0.0067320555494455349,0.0067320555494455349,-6.351631916161251e-05
806,11876,0.99999702313538408,-2.9768690468434059e-06,2.9768690468434059e-06,0.9999954057984205,-4.5942121328740113e-06,4.5942121328740113e-06,-1.6173430860306054e-06
807,52757,0.99998868341247504,-1.1316651557971135e-05,1.1316651557971135e-05,0.99998864210461069,-1.1357959890689754e-05,1.1357959890689754e-05,-4.1308332718618598e-08
808,198,0.63255539044044551,-0.45798748839593867,0.45798748839593867,0.70994552266144484,-0.34256704053642134,0.34256704053642134,0.11542044785951733
809,9,0.99999829388920025,-1.7061122551208574e-06,1.7061122551208574e-06,0.99999734518593841,-2.6548175855842432e-06,2.6548175855842432e-06,-9.4870533046338587e-07
810,34538,0.92735061876947622,-0.075423555402251957,0.075423555402251957,0.79427011113002988,-0.23033168524652708,0.23033168524652708,-0.15490812984427513
811,916,0.95807342990954991,-0.042830854773778841,0.042830854773778841,0.96290459786307092,-0.037800939731128261,0.037800939731128261,0.0050299150426505804
812,4652,0.83613228883305624,-0.17896843818517164,0.17896843818517164,0.9136584477253501,-0.090298466945728531,0.090298466945728531,0.088669971239443104
813,389,0.99999997055288725,-2.944711320282761e-08,2.944711320282761e-08,0.99999996174882144,-3.8251179269648926e-08,3.8251179269648926e-08,-8.804066066821316e-09
814,48677,0.99999968509258352,-3.1490746603610565e-07,3.1490746603610565e-07,0.99999969934233279,-3.0065771238172451e-07,3.0065771238172451e-07,1.4249753654381143e-08
815,11876,0.99999541461885144,-4.5853916614818706e-06,4.5853916614818706e-06,0.9999927955067085,-7.2045192440373873e-06,7.2045192440373873e-06,-2.6191275825555168e-06
816,52757,0.99999699319370128,-3.0068108191410502e-06,3.0068108191410502e-06,0.99999626793034113,-3.7320766230756517e-06,3.7320766230756517e-06,-7.2526580393460155e-07
817,198,0.98273244053513931,-0.017418382522178061,0.017418382522178061,0.98066989776954361,-0.019519371691901946,0.019519371691901946,-0.0021009891697238853
818,9,0.99999569611102179,-4.3038982399403968e-06,4.3038982399403968e-06,0.99999555121216932,-4.4487977265993691e-06,4.4487977265993691e-06,-1.4489948665897228e-07
819,28395,0.99448794440429811,-0.0055273030297622993,0.0055273030297622993,0.99497411348409259,-0.0050385587608837478,0.0050385587608837478,0.00048874426887855153
820,916,0.99997145102100748,-2.8549386522359557e-05,2.8549386522359557e-05,0.99997314709613194,-2.6853264413773546e-05,2.6853264413773546e-05,1.6961221085860112e-06
821,4652,0.99999417735156138,-5.822665390311378e-06,5.822665390311378e-06,0.99999115966890884,-8.8403701671283661e-06,8.8403701671283661e-06,-3.0177047768169881e-06
822,389,0.99999992658229908,-7.3417703663745153e-08,7.3417703663745153e-08,0.99999990381436354,-9.6185641044649006e-08,9.6185641044649006e-08,-2.2767937380903853e-08
823,48677,0.99999971692761669,-2.8307242340447809e-07,2.8307242340447809e-07,0.9999997312695097,-2.6873052636129253e-07,2.6873052636129253e-07,1.4341897043185558e-08
824,11876,0.99999142393875406,-8.5760980206011951e-06,8.5760980206011951e-06,0.99998923508199711,-1.0764975945077142e-05,1.0764975945077142e-05,-2.1888779244759473e-06
825,52757,0.99998555438956749,-1.4445714771301796e-05,1.4445714771301796e-05,0.99997509868691958,-2.4901623123293437e-05,2.4901623123293437e-05,-1.0455908351991641e-05
826,198,0.60985448254691854,-0.49453490347489409,0.49453490347489409,0.61030712798278108,-0.49379296002622186,0.49379296002622186,0.00074194344867223316
827,9,0.99995029584915873,-4.9705386133465798e-05,4.9705386133465798e-05,0.99994523893093601,-5.4762568506039379e-05,5.4762568506039379e-05,-5.0571823725735815e-06
828,27816,0.052345165789560062,-2.9498956899685318,2.9498956899685318,0.48650641163258884,-0.72050519834201887,0.72050519834201887,2.2293904916265128
829,69223,0.99997968954313954,-2.0310663120562838e-05,2.0310663120562838e-05,0.99999529381637542,-4.7061946987125368e-06,4.7061946987125368e-06,1.5604468421850301e-05
830,916,0.99181428342854394,-0.0082194035097882256,0.0082194035097882256,0.97571240603069431,-0.024587401943744043,0.024587401943744043,-0.016367998433955817
831,4652,0.99999362459778018,-6.3754225428085165e-06,6.3754225428085165e-06,0.99999138703830459,-8.6129987871986194e-06,8.6129987871986194e-06,-2.2375762443901029e-06
832,389,0.99999986749211356,-1.325078952034989e-07,1.325078952034989e-07,0.99999983861137742,-1.6138863564418006e-07,1.6138863564418006e-07,-2.8880740440681162e-08
833,48677,0.99999969640286035,-3.035971857132164e-07,3.035971857132164e-07,0.99999965538187463,-3.4461818478268804e-07,3.4461818478268804e-07,-4.1020999069471634e-08
834,11876,0.99998997384235333,-1.002620790889001e-05,1.002620790889001e-05,0.99998972276193243,-1.0277290878766598e-05,1.0277290878766598e-05,-2.5108296987658801e-07
835,52757,0.9999857601726756,-1.4239928711710652e-05,1.4239928711710652e-05,0.99998537122183706,-1.4628885164535908e-05,1.4628885164535908e-05,-3.8895645282525573e-07
836,198,0.30953836433535725,-1.1726732386900813,1.1726732386900813,0.48121296034333749,-0.73144536186247844,0.73144536186247844,0.44122787682760289
837,9,0.99982854288101863,-0.00017147181943353689,0.00017147181943353689,0.99992917072130894,-7.083178720283078e-05,7.083178720283078e-05,0.00010064003223070611
838,358,0.00038334579207673097,-7.8665731247335033,7.8665731247335033,0.57278984662234522,-0.5572363893616169,0.5572363893616169,7.3093367353718861
839,37432,0.015941507185313442,-4.1388290564316748,4.1388290564316748,0.99945890552433647,-0.0005412409201085639,0.0005412409201085639,4.1382878155115659
840,916,0.92882211989061669,-0.073838033323668367,0.073838033323668367,0.9927028363953101,-0.0073239181372839364,0.0073239181372839364,0.066514115186384434
841,4652,0.9991657302746787,-0.00083461792198199071,0.00083461792198199071,0.99998088880183744,-1.9111380783791268e-05,1.9111380783791268e-05,0.00081550654119819945
842,389,0.99997600487720695,-2.3995410680640028e-05,2.3995410680640028e-05,0.99999897233761681,-1.0276629111890613e-06,1.0276629111890613e-06,2.2967747769450966e-05
843,48677,0.99946525880226667,-0.00053488422279753054,0.00053488422279753054,0.99999923770210031,-7.6229819023379082e-07,7.6229819023379082e-07,0.00053412192460729679
844,11876,0.99995094299915099,-4.9058204183018289e-05,4.9058204183018289e-05,0.9999864223378141,-1.3577754363199915e-05,1.3577754363199915e-05,3.5480449819818376e-05
845,52757,0.99998030800329152,-1.969219059838565e-05,1.969219059838565e-05,0.99998214767941995,-1.7852479934636711e-05,1.7852479934636711e-05,1.8397106637489387e-06
846,198,0.44691751442656424,-0.80538123288079366,0.80538123288079366,0.45140587308834929,-0.79538840385403464,0.79538840385403464,0.0099928290267590203
847,9,0.99952271975129925,-0.00047739418317256795,0.00047739418317256795,0.99985851783390123,-0.00014149217564460919,0.00014149217564460919,0.00033590200752795874
848,16905,0.086541023926704791,-2.4471367124238155,2.4471367124238155,0.94590222358515252,-0.055616073004434177,0.055616073004434177,2.3915206394193813
849,596,0.99841910815430701,-0.0015821427737686617,0.0015821427737686617,0.99983907575807707,-0.00016093719161809202,0.00016093719161809202,0.0014212055821505698
850,916,0.60510284712072626,-0.50235684015797943,0.50235684015797943,0.63326718913320024,-0.45686284616050105,0.45686284616050105,0.045493993997478388
851,4652,0.99947209131915327,-0.00052804807369433702,0.00052804807369433702,0.99993729754173022,-6.2704424151135372e-05,6.2704424151135372e-05,0.00046534364954320168
852,389,0.99997834488195936,-2.1655352516123082e-05,2.1655352516123082e-05,0.99999800169499675,-1.9983069998813476e-06,1.9983069998813476e-06,1.9657045516241734e-05
853,48677,0.99997519690995151,-2.4803397650226399e-05,2.4803397650226399e-05,0.99999910678170201,-8.9321869687893044e-07,8.9321869687893044e-07,2.3910178953347468e-05
854,11876,0.99994250185831168,-5.7499794769836375e-05,5.7499794769836375e-05,0.99998448994800293,-1.5510172279182181e-05,1.5510172279182181e-05,4.1989622490654191e-05
855,52757,0.99997414201180967,-2.585832251382182e-05,2.585832251382182e-05,0.99996774268109145,-3.2257839187044419e-05,3.2257839187044419e-05,-6.3995166732225987e-06
856,198,0.53669504888298125,-0.62232522495280318,0.62232522495280318,0.62503483683487704,-0.46994789186328906,0.46994789186328906,0.15237733308951412
857,9,0.99968375171598323,-0.00031629830105077829,0.00031629830105077829,0.99984848352813427,-0.00015152795164599325,0.00015152795164599325,0.00016477034940478504
858,426,0.038529965729330228,-3.2563190097986521,3.2563190097986521,0.43685596318590708,-0.82815174191135965,0.82815174191135965,2.4281672678872925
859,2191,0.28401961539884557,-1.2587119749002424,1.2587119749002424,0.99566147918290437,-0.0043479595084013455,0.0043479595084013455,1.2543640153918412
860,277,0.996019324086302,-0.0039886198926748929,0.0039886198926748929,0.9999992969387852,-7.0306146192531526e-07,7.0306146192531526e-07,0.0039879168312129676
861,377,0.99998957106053421,-1.042899384753111e-05,1.042899384753111e-05,0.99999980380409415,-1.961959251332739e-07,1.961959251332739e-07,1.0232797922397836e-05
862,3314,0.99393711072864543,-0.0060813432117858869,0.0060813432117858869,0.99866546590825267,-0.0013354253754222596,0.0013354253754222596,0.0047459178363636273
863,9304,0.94883671147290649,-0.052518558956746314,0.052518558956746314,0.99995654291476577,-4.345802952066505e-05,4.345802952066505e-05,0.052475100927225647
864,3997,0.32667195252714754,-1.1187988149109898,1.1187988149109898,0.45047570891338917,-0.79745112366854021,0.79745112366854021,0.32134769124244955
865,198,0.97101834695767897,-0.029409915959247669,0.029409915959247669,0.98964376545518573,-0.010410233482434245,0.010410233482434245,0.018999682476813426
866,9,0.99999826979616024,-1.7302053365552198e-06,1.7302053365552198e-06,0.99999927134930089,-7.2865096455357151e-07,7.2865096455357151e-07,1.0015543720016483e-06
867,3907,0.99978461657752038,-0.00021540662082007126,0.00021540662082007126,0.99993646431539707,-6.3537703080028155e-05,6.3537703080028155e-05,0.0001518689177400431
868,315,0.99999526964876084,-4.7303624272982444e-06,4.7303624272982444e-06,0.9999993657271582,-6.3427304299769729e-07,6.3427304299769729e-07,4.0960893843005469e-06
869,19461,0.99992781887938076,-7.2183725801680919e-05,7.2183725801680919e-05,0.99999660293238457,-3.3970733854712302e-06,3.3970733854712302e-06,6.8786652416209695e-05
870,3997,0.99017543497248206,-0.0098731445099036544,0.0098731445099036544,0.99760374680287878,-0.0023991288065242219,0.0023991288065242219,0.0074740157033794325
871,198,0.51938151905187413,-0.65511656172677002,0.65511656172677002,0.35386237449374724,-1.0388472140565621,1.0388472140565621,-0.38373065232979209
872,9,0.9998047868554667,-0.00019523220109927963,0.00019523220109927963,0.99988175737604135,-0.00011824961516887946,0.00011824961516887946,7.6982585930400176e-05
873,14689,0.0047800817232656187,-5.3432976357074295,5.3432976357074295,0.54851379820931623,-0.60054284332197805,0.60054284332197805,4.7427547923854512
874,13345,0.99916412013021716,-0.00083622941215838616,0.00083622941215838616,0.9999758414598916,-2.4158831930597635e-05,2.4158831930597635e-05,0.00081207058022778858
875,62668,0.9999975928235274,-2.4071793698137878e-06,2.4071793698137878e-06,0.99999925262246447,-7.4737781479234101e-07,7.4737781479234101e-07,1.6598015550214469e-06
876,3997,0.90691167194484368,-0.09771021845502971,0.09771021845502971,0.75100536370296322,-0.2863424851623308,0.2863424851623308,-0.1886322667073011
877,198,0.93059652351716138,-0.071929475321999725,0.071929475321999725,0.96315411444423982,-0.037541844220726303,0.037541844220726303,0.034387631101273422
878,9,0.99997085944819908,-2.9140976395035186e-05,2.9140976395035186e-05,0.99998899108044903,-1.1008980149533104e-05,1.1008980149533104e-05,1.8131996245502082e-05
879,1561,0.94519221922843666,-0.056366965581771795,0.056366965581771795,0.9955898952931771,-0.0044198579042298621,0.0044198579042298621,0.051947107677541932
880,6457,0.99972363972008571,-0.00027639847445362121,0.00027639847445362121,0.99992557286464079,-7.4429905195927873e-05,7.4429905195927873e-05,0.00020196856925769335
881,1322,0.99999694738812817,-3.0526165310306941e-06,3.0526165310306941e-06,0.99999943346502274,-5.6653513774874735e-07,5.6653513774874735e-07,2.4860813932819467e-06
882,62668,0.99777123759061215,-0.0022312497968776921,0.0022312497968776921,0.9995680620496632,-0.00043203126240430237,0.00043203126240430237,0.0017992185344733898
883,3997,0.9996474596451812,-0.00035260251177865221,0.00035260251177865221,0.99968038846301188,-0.0003196626236409018,0.0003196626236409018,3.2939888137750414e-05
884,198,0.98271561623630976,-0.017435502586757703,0.017435502586757703,0.99867670238703055,-0.0013241739444392472,0.0013241739444392472,0.016111328642318457
885,9,0.99999283247695003,-7.1675487368221066e-06,7.1675487368221066e-06,0.99999875010663597,-1.2498941451071689e-06,1.2498941451071689e-06,5.9176545917149376e-06
886,763,1.0495985755097712e-06,-13.767102775931887,13.767102775931887,0.7948493042633421,-0.22960273668124154,0.22960273668124154,13.537500039250645
887,39291,0.99812518519594884,-0.0018765744690338558,0.0018765744690338558,0.99997020144228543,-2.9799001700372096e-05,2.9799001700372096e-05,0.0018467754673334837
888,82917,0.99477094912141573,-0.0052427702120903556,0.0052427702120903556,0.99998644818795646,-1.3551903870171924e-05,1.3551903870171924e-05,0.0052292183082201836
889,28331,0.89925106553984646,-0.10619301148650924,0.10619301148650924,0.99994378161105357,-5.6219969259275615e-05,5.6219969259275615e-05,0.10613679151724996
890,3997,0.99703554110409254,-0.0029688616074380184,0.0029688616074380184,0.99999155784926774,-8.4421863674468129e-06,8.4421863674468129e-06,0.0029604194210705718
891,198,0.98849710137060631,-0.011569568727200007,0.011569568727200007,0.98566141520105643,-0.014442375643153055,0.014442375643153055,-0.0028728069159530481
892,9,0.99998594188660472,-1.4058212211502399e-05,1.4058212211502399e-05,0.99999636644416179,-3.6335624395878892e-06,3.6335624395878892e-06,1.042464977191451e-05
893,29950,0.015299069029012001,-4.1799633002120418,4.1799633002120418,0.96787747076175634,-0.032649779509032015,0.032649779509032015,4.1473135207030101
894,50417,0.99982251163913993,-0.00017750411378313714,0.00017750411378313714,0.99999044084733568,-9.5591983532740958e-06,9.5591983532740958e-06,0.00016794491542986305
895,19134,0.99986670441224346,-0.00013330447240294922,0.00013330447240294922,0.99997253411531706,-2.7466261877264158e-05,2.7466261877264158e-05,0.00010583821052568506
896,3997,0.99986477080047231,-0.00013523834382026827,0.00013523834382026827,0.99986119231179971,-0.0001388173228790454,0.0001388173228790454,-3.5789790587771239e-06
897,198,0.61276107995633666,-0.48978017439331595,0.48978017439331595,0.92168182054860059,-0.081555212004093741,0.081555212004093741,0.40822496238922223
898,9,0.9996195726346202,-0.00038049974622763141,0.00038049974622763141,0.99998428298336661,-1.5717140147001997e-05,1.5717140147001997e-05,0.00036478260608062939
899,5165,0.043081014075636886,-3.1446728876108079,3.1446728876108079,0.64787963588871267,-0.43405034696830863,0.43405034696830863,2.7106225406424991
900,21424,0.99952924051469449,-0.00047087032733999742,0.00047087032733999742,0.99995091992379526,-4.9081280671114435e-05,4.9081280671114435e-05,0.000421789046668883
901,9130,0.99998079816801699,-1.9202016340500893e-05,1.9202016340500893e-05,0.9999936926456795,-6.3073742119287205e-06,6.3073742119287205e-06,1.2894642128572173e-05
902,3997,0.99981843058193898,-0.00018158590378336594,0.00018158590378336594,0.99995083286091768,-4.9168347825693975e-05,4.9168347825693975e-05,0.00013241755595767195
903,198,0.30994612826148932,-1.1713567764060517,1.1713567764060517,0.55971469728285583,-0.58032809421419662,0.58032809421419662,0.59102868219185511
904,9,0.99930282263774151,-0.00069742050341063807,0.00069742050341063807,0.99992770996942637,-7.2292643623838353e-05,7.2292643623838353e-05,0.00062512785978679976
905,7043,0.23423750555575532,-1.4514196973618823,1.4514196973618823,0.59471166774706163,-0.51967858291091218,0.51967858291091218,0.93174111445097008
906,28653,0.99879936585790963,-0.0012013554806956153,0.0012013554806956153,0.99951495640315546,-0.00048516126854208685,0.00048516126854208685,0.00071619421215352854
907,1543,0.99999909057317826,-9.0942723521405956e-07,9.0942723521405956e-07,0.99999977928678041,-2.2071324397133975e-07,2.2071324397133975e-07,6.8871399124271983e-07
908,596,0.99822783728211151,-0.0017737348559020059,0.0017737348559020059,0.99974636156181351,-0.00025367060985523614,0.00025367060985523614,0.0015200642460467698
909,27685,0.79890137138005246,-0.22451778091024369,0.22451778091024369,0.66189760444912915,-0.41264441106742145,0.41264441106742145,-0.18812663015717776
910,2199,0.99998351942070596,-1.6480715100264937e-05,1.6480715100264937e-05,0.99999684956771262,-3.1504372500300516e-06,3.1504372500300516e-06,1.3330277850234885e-05
911,198,0.53057650345342622,-0.63379112123409065,0.63379112123409065,0.61269130101001812,-0.48989405714792611,0.48989405714792611,0.14389706408616454
912,9,0.99975394053193434,-0.00024608974566339432,0.00024608974566339432,0.99989661557077558,-0.00010338977376288613,0.00010338977376288613,0.00014269997190050819
913,578,0.78384542623719422,-0.2435434384821403,0.2435434384821403,0.82426128656216058,-0.19326770399434021,0.19326770399434021,0.050275734487800094
914,99773,0.99866587894809311,-0.0013350117837149218,0.0013350117837149218,0.99515836989144935,-0.004853388769013936,0.004853388769013936,-0.0035183769852990144
915,4506,0.9999974297759926,-2.5702273104152521e-06,2.5702273104152521e-06,0.99999804713280749,-1.9528690993887646e-06,1.9528690993887646e-06,6.173582110264875e-07
916,596,0.99999051252659898,-9.487518407367258e-06,9.487518407367258e-06,0.99999859078381703,-1.4092171758771203e-06,1.4092171758771203e-06,8.0783012314901383e-06
917,27685,0.99899226305482292,-0.0010082450534407076,0.0010082450534407076,0.99971679523531698,-0.00028324487472550436,0.00028324487472550436,0.00072500017871520328
918,2199,0.99997716708140016,-2.283317927488458e-05,2.283317927488458e-05,0.99999508996837316,-4.9100436810456728e-06,4.9100436810456728e-06,1.7923135593838906e-05
919,198,0.66944974314015115,-0.40129918292669847,0.40129918292669847,0.84654117290848918,-0.16659643959770395,0.16659643959770395,0.23470274332899452
920,9,0.9998120209817829,-0.00018799668848716423,0.00018799668848716423,0.99997917605268172,-2.082416413965735e-05,2.082416413965735e-05,0.00016717252434750689
921,578,0.2375666581750982,-1.4373070288863614,1.4373070288863614,0.49821336052546839,-0.69672685891936614,0.69672685891936614,0.74058016996699527
922,9305,0.99439007262084989,-0.0056257221210182689,0.0056257221210182689,0.9994612788039644,-0.00053886635843614929,0.00053886635843614929,0.0050868557625821193
923,596,0.99998885807362681,-1.1141988444926246e-05,1.1141988444926246e-05,0.99999748072601713,-2.5192771563011561e-06,2.5192771563011561e-06,8.6227112886250891e-06
924,27685,0.99993290535739321,-6.7096893552994478e-05,6.7096893552994478e-05,0.99997646476863278,-2.3535508325105245e-05,2.3535508325105245e-05,4.3561385227889232e-05
925,2199,0.99997968035829199,-2.0319848154770801e-05,2.0319848154770801e-05,0.9999945900517444,-5.4099628894206834e-06,5.4099628894206834e-06,1.4909885265350118e-05
926,198,0.70693539041130482,-0.3468160028183318,0.3468160028183318,0.99874072019177329,-0.0012600733673230541,0.0012600733673230541,0.34555592945100877
927,9,0.99984279508069174,-0.00015721727729677305,0.00015721727729677305,0.99998258917282579,-1.7410978744421431e-05,1.7410978744421431e-05,0.00013980629855235162
928,44023,0.00027344814850112169,-8.2043985390807865,8.2043985390807865,0.94777884428580161,-0.053634090561023917,0.053634090561023917,8.1507644485197623
929,37337,0.99626956120163823,-0.0037374142382138645,0.0037374142382138645,0.99997415340426077,-2.5846929768291098e-05,2.5846929768291098e-05,0.0037115673084455736
930,596,0.99982202121211416,-0.00017799462798985427,0.00017799462798985427,0.99999919427600281,-8.0572432173961985e-07,8.0572432173961985e-07,0.00017718890366811465
931,27685,0.99763797380292674,-0.0023648201814610568,0.0023648201814610568,0.99996661610402449,-3.3384453230151025e-05,3.3384453230151025e-05,0.0023314357282309059
932,2199,0.99995135017928671,-4.8651004154207196e-05,4.8651004154207196e-05,0.9999973361850798,-2.6638184681126091e-06,2.6638184681126091e-06,4.5987185686094585e-05
933,198,0.95926459940338804,-0.041588330368715509,0.041588330368715509,0.99178112855922373,-0.0082528325741254849,0.0082528325741254849,0.033335497794590024
934,9,0.99971069833594706,-0.00028934351985220323,0.00028934351985220323,0.99999444748780142,-5.55252761383145e-06,5.55252761383145e-06,0.00028379099223837178
935,37940,0.057589337516845612,-2.8544178409704988,2.8544178409704988,0.8663441072771173,-0.14347309682931347,0.14347309682931347,2.7109447441411851
936,783,0.99999569880474914,-4.3012045009744235e-06,4.3012045009744235e-06,0.99999987469057727,-1.2530943053006657e-07,1.2530943053006657e-07,4.1758950704443571e-06
937,30411,0.99988247684419507,-0.00011753006219207685,0.00011753006219207685,0.99999834947098476,-1.6505303773794548e-06,1.6505303773794548e-06,0.0001158795318146974
938,596,0.99997711476011997,-2.2885501751097415e-05,2.2885501751097415e-05,0.99999946991091127,-5.3008922923510237e-07,5.3008922923510237e-07,2.2355412521862314e-05
939,27685,0.99663562781974591,-0.0033700444062305991,0.0033700444062305991,0.99971419272414253,-0.0002858481265407385,0.0002858481265407385,0.0030841962796898607
940,2199,0.99999942778303075,-5.7221713294087445e-07,5.7221713294087445e-07,0.99999782251183389,-2.1774905368059729e-06,2.1774905368059729e-06,-1.6052734038650983e-06
941,198,0.89814242040136238,-0.10742662592625286,0.10742662592625286,0.99347769193308366,-0.0065436712603943433,0.0065436712603943433,0.10088295466585852
942,9,0.99991419540883741,-8.5808272587066108e-05,8.5808272587066108e-05,0.99999227001369995,-7.7300161766038633e-06,7.7300161766038633e-06,7.8078256410462246e-05
943,3468,0.0038213949200773803,-5.5671397606952668,5.5671397606952668,0.56127484945528439,-0.5775445657070658,0.5775445657070658,4.9895951949882011
944,6354,0.9987143975295556,-0.0012864295662540011,0.0012864295662540011,0.9997102912333482,-0.00028975074034349167,0.00028975074034349167,0.00099667882591050944
945,2689,0.99999267061173747,-7.3294151226664473e-06,7.3294151226664473e-06,0.99999894171654047,-1.0582840195421068e-06,1.0582840195421068e-06,6.27113110312434e-06
946,13818,0.99997406608593553,-2.5934250354211635e-05,2.5934250354211635e-05,0.99999615148947529,-3.8485179301932354e-06,3.8485179301932354e-06,2.20857324240184e-05
947,596,0.99997290490921054,-2.7095457868070888e-05,2.7095457868070888e-05,0.9999984426229287,-1.5573782839830194e-06,1.5573782839830194e-06,2.553807958408787e-05
948,27685,0.99322808515538052,-0.0067949483059387651,0.0067949483059387651,0.99948210945780835,-0.00051802469381776242,0.00051802469381776242,0.0062769236121210025
949,2199,0.99995795092533435,-4.2049958752774834e-05,4.2049958752774834e-05,0.9999970866595026,-2.9133447411524182e-06,2.9133447411524182e-06,3.9136614011622416e-05
950,198,0.99479929768701836,-0.0052142730372356652,0.0052142730372356652,0.99972793825617456,-0.00027209875933547137,0.00027209875933547137,0.0049421742779001939
951,9,0.9999638779682346,-3.6122684181723812e-05,3.6122684181723812e-05,0.9999919320092534,-8.0680232930509746e-06,8.0680232930509746e-06,2.8054660888672838e-05
952,9454,0.026425090085390096,-3.6334413381345758,3.6334413381345758,0.98178453861115444,-0.018383405484676953,0.018383405484676953,3.6150579326498988
953,14603,0.99994679780191531,-5.3203613371864142e-05,5.3203613371864142e-05,0.99999566264105377,-4.3373683525604391e-06,4.3373683525604391e-06,4.8866245019303704e-05
954,596,0.99998831514866804,-1.1684919600359231e-05,1.1684919600359231e-05,0.9999983484137317,-1.6515876321384298e-06,1.6515876321384298e-06,1.0033331968220801e-05
955,27685,0.99996803680087742,-3.1963709956497202e-05,3.1963709956497202e-05,0.99999495284267914,-5.0471700578308612e-06,5.0471700578308612e-06,2.691653989866634e-05
956,2199,0.99999421893484108,-5.7810818693629949e-06,5.7810818693629949e-06,0.99999888859818453,-1.1114024330940959e-06,1.1114024330940959e-06,4.669679436268899e-06
957,198,0.99917362548056277,-0.0008267161550860393,0.0008267161550860393,0.99996085427732584,-3.9146488887979641e-05,3.9146488887979641e-05,0.00078756966619805962
958,9,0.99996785538801281,-3.2145128636338321e-05,3.2145128636338321e-05,0.99999444071163801,-5.5593038148646266e-06,5.5593038148646266e-06,2.6585824821473695e-05
959,48562,2.3436024503233723e-06,-12.963821303738104,12.963821303738104,0.55315493834444485,-0.59211713886422712,0.59211713886422712,12.371704164873877
960,473,0.04442483659104992,-3.1139565832588247,3.1139565832588247,0.99999959093997515,-4.0906010849848186e-07,4.0906010849848186e-07,3.1139561741987163
961,14782,0.9932946735639494,-0.0067279081390929068,0.0067279081390929068,0.99999651483782526,-3.4851682479324598e-06,3.4851682479324598e-06,0.0067244229708449746
962,596,0.99910579541489275,-0.00089460462452311683,0.00089460462452311683,0.99999830909612564,-1.6909053039390574e-06,1.6909053039390574e-06,0.00089291371921917777
963,27685,0.99940409085345372,-0.00059608677097063945,0.00059608677097063945,0.99999705224744928,-2.9477568953512277e-06,2.9477568953512277e-06,0.00059313901407528826
964,2199,0.99999903260245671,-9.6739801117182649e-07,9.6739801117182649e-07,0.99999997206050162,-2.7939498768383406e-08,2.7939498768383406e-08,9.3945851240344309e-07
965,198,0.99250955942753283,-0.0075186348021552361,0.0075186348021552361,0.99997133241865155,-2.8667992271441549e-05,2.8667992271441549e-05,0.0074899668098837944
966,9,0.99910281857944305,-0.00089758412869384886,0.00089758412869384886,0.99999291321596517,-7.086809146161184e-06,7.086809146161184e-06,0.00089049731954768765
967,46315,0.2904849128512153,-1.2362036391465381,1.2362036391465381,0.98893775908602122,-0.011123882518747691,0.011123882518747691,1.2250797566277905
968,72353,0.99876719401476699,-0.0012335665156535636,0.0012335665156535636,0.99999968968679587,-3.1031325224183571e-07,3.1031325224183571e-07,0.0012332562024013219
969,554,0.99999491745141778,-5.082561498434506e-06,5.082561498434506e-06,0.99999992677463623,-7.3225366420615505e-08,7.3225366420615505e-08,5.0093361320138903e-06
970,596,0.99979251874644459,-0.00020750278076842681,0.00020750278076842681,0.99999860569325338,-1.3943077186800825e-06,1.3943077186800825e-06,0.00020610847304974671
971,27685,0.99990278931545062,-9.7215409814183318e-05,9.7215409814183318e-05,0.99999768538165146,-2.3146210272972073e-06,2.3146210272972073e-06,9.4900788786886112e-05
972,2199,0.99999000853392972,-9.9915159852845622e-06,9.9915159852845622e-06,0.99999025350091153,-9.7465465858533091e-06,9.7465465858533091e-06,2.4496939943125311e-07
973,198,0.98855475798387682,-0.01151124287902959,0.01151124287902959,0.99989395685511018,-0.00010604876786164959,0.00010604876786164959,0.01140519411116794
974,9,0.99986808093873247,-0.00013192776335215945,0.00013192776335215945,0.99999580833452151,-4.1916742635810701e-06,4.1916742635810701e-06,0.00012773608908857838
975,51075,0.060217747150384526,-2.8097881669507419,2.8097881669507419,0.96334979522394382,-0.037338698222013321,0.037338698222013321,2.7724494687287287
976,3341,0.99874838583847225,-0.001252398084713598,0.001252398084713598,0.99999899061566977,-1.0093848396531882e-06,1.0093848396531882e-06,0.0012513886998739448
977,7678,0.99999173435353372,-8.2656806269040664e-06,8.2656806269040664e-06,0.99999814195172543,-1.8580500007458006e-06,1.8580500007458006e-06,6.4076306261582658e-06
978,596,0.99983850601315383,-0.00016150702840421515,0.00016150702840421515,0.99999489535826547,-5.1046547632496044e-06,5.1046547632496044e-06,0.00015640237364096554
979,27685,0.99992533746359791,-7.4665323787960844e-05,7.4665323787960844e-05,0.99999741090242733,-2.5891009243603616e-06,2.5891009243603616e-06,7.2076222863600478e-05
980,2199,0.99999945693341896,-5.4306672845244937e-07,5.4306672845244937e-07,0.99999989258861288,-1.0741139289572161e-07,1.0741139289572161e-07,4.3565533555672775e-07
981,198,0.99716079608762731,-0.0028432420970984792,0.0028432420970984792,0.99995768874449831,-4.2312150648136697e-05,4.2312150648136697e-05,0.0028009299464503423
982,9,0.99984030328349327,-0.00015970946938508509,0.00015970946938508509,0.9999974658093288,-2.5341938822125895e-06,2.5341938822125895e-06,0.00015717527550287251
983,67188,0.39987089250739577,-0.91661355270670408,0.91661355270670408,0.97845435585283747,-0.021781140292943525,0.021781140292943525,0.89483241241376055
984,31298,0.99995565330974556,-4.4347673597947414e-05,4.4347673597947414e-05,0.99999863959117219,-1.3604097531947581e-06,1.3604097531947581e-06,4.2987263844752653e-05
985,300,0.99999958017884771,-4.1982124046502613e-07,4.1982124046502613e-07,0.99999993409775001,-6.5902252148795662e-08,6.5902252148795662e-08,3.5391898831623045e-07
986,42221,0.9999976494098276,-2.3505929349964394e-06,2.3505929349964394e-06,0.99999958097693276,-4.1902315498010776e-07,4.1902315498010776e-07,1.9315697800163316e-06
987,596,0.97949240449255193,-0.020720796101776278,0.020720796101776278,0.99307888732740734,-0.0069451746609994446,0.0069451746609994446,0.013775621440776833
988,27685,0.99997340089217235,-2.6599461590203439e-05,2.6599461590203439e-05,0.99999821392000232,-1.7860815927489303e-06,1.7860815927489303e-06,2.4813379997454507e-05
989,2199,0.9999927804542269,-7.2195718341201342e-06,7.2195718341201342e-06,0.99999907667918209,-9.2332124419286697e-07,9.2332124419286697e-07,6.2962505899272677e-06
990,198,0.99722344275623021,-0.0027804190288016652,0.0027804190288016652,0.9999376496198491,-6.2352324016635749e-05,6.2352324016635749e-05,0.0027180667047850293
991,9,0.9998392074896274,-0.00016080543887416401,0.00016080543887416401,0.99999406603457264,-5.933983033417057e-06,5.933983033417057e-06,0.00015487145584074696
992,362,0.97977136455357106,-0.020436036012490302,0.020436036012490302,0.99995869355776179,-4.1307295372799261e-05,4.1307295372799261e-05,0.020394728717117502
993,1638,0.99998982178103357,-1.0178270764896173e-05,1.0178270764896173e-05,0.99999993647253649,-6.3527465490836604e-08,6.3527465490836604e-08,1.0114743299405336e-05
994,1334,0.99999583619889065,-4.1638097780328077e-06,4.1638097780328077e-06,0.99999966481785707,-3.3518219911083458e-07,3.3518219911083458e-07,3.8286275789219733e-06
995,6193,0.99999236193175178,-7.6380974184311444e-06,7.6380974184311444e-06,0.99999845070511073,-1.5492960894116212e-06,1.5492960894116212e-06,6.0888013290195234e-06
996,68,0.99999037381232847,-9.6262340036222525e-06,9.6262340036222525e-06,0.99999973409351217,-2.6590652319660176e-07,2.6590652319660176e-07,9.3603274804256507e-06
997,336,0.99999168452540077,-8.3155091729751052e-06,8.3155091729751052e-06,0.99999978246629673,-2.1753372690785881e-07,2.1753372690785881e-07,8.0979754460672463e-06
998,596,0.99991111517467368,-8.8888775816488506e-05,8.8888775816488506e-05,0.99999650444109556,-3.4955650139518373e-06,3.4955650139518373e-06,8.5393210802536668e-05
999,27685,0.99996903547310378,-3.0965006307029029e-05,3.0965006307029029e-05,0.99999723627051729,-2.7637333018221822e-06,2.7637333018221822e-06,2.8201273005206847e-05
1000,2199,0.99999107405228715,-8.9259875493681953e-06,8.9259875493681953e-06,0.99999838217589521,-1.6178254134642598e-06,1.6178254134642598e-06,7.3081621359039359e-06
1001,198,0.76108090785000448,-0.27301560896626353,0.27301560896626353,0.84085570258714504,-0.17333521210482389,0.17333521210482389,0.099680396861439646
1002,9,0.9995904738126421,-0.00040961006610807472,0.00040961006610807472,0.99993939365257456,-6.0608184064302089e-05,6.0608184064302089e-05,0.00034900188204377264
1003,28395,0.15298552922160924,-1.8774119423136155,1.8774119423136155,0.75256710518540171,-0.28426511000896321,0.28426511000896321,1.5931468323046523
1004,220,0.84566000270781172,-0.16763788820679246,0.16763788820679246,0.99978756608632224,-0.00021245648095764106,0.00021245648095764106,0.16742543172583482
1005,1041,0.99680812763065318,-0.0031969772596243721,0.0031969772596243721,0.99992295029706635,-7.7052671414452485e-05,7.7052671414452485e-05,0.0031199245882099196
1006,27685,0.71379082222946544,-0.33716532563066831,0.33716532563066831,0.83399240020110144,-0.18153098913361235,0.18153098913361235,0.15563433649705596
1007,2199,0.99542592475411285,-0.0045845683377522695,0.0045845683377522695,0.99751054610432954,-0.0024925577383387329,0.0024925577383387329,0.0020920105994135367
1008,198,0.99922374901894939,-0.00077655241984828604,0.00077655241984828604,0.99992488764761656,-7.5115173457466464e-05,7.5115173457466464e-05,0.0007014372463908196
1009,9,0.99999086399963799,-9.1360420954823465e-06,9.1360420954823465e-06,0.99999938129007671,-6.1871011469835892e-07,6.1871011469835892e-07,8.5173319807839884e-06
1010,28395,0.99648135238016433,-0.0035248526201209175,0.0035248526201209175,0.99969100309302705,-0.00030904465635371456,0.00030904465635371456,0.003215807963767203
1011,220,0.99998838530387446,-1.1614763576667244e-05,1.1614763576667244e-05,0.99999970646294467,-2.9353709840048446e-07,2.9353709840048446e-07,1.1321226478266759e-05
1012,1049,0.99936891861753607,-0.00063128059813819882,0.00063128059813819882,0.99722271006370489,-0.0027811537616238692,0.0027811537616238692,-0.0021498731634856704
1013,27685,0.99990777794279817,-9.2226309917226222e-05,9.2226309917226222e-05,0.99999426022707061,-5.739789401971178e-06,5.739789401971178e-06,8.6486520515255042e-05
1014,2199,0.99998424596952706,-1.5754154568946427e-05,1.5754154568946427e-05,0.99999685934549187,-3.1406594400273898e-06,3.1406594400273898e-06,1.2613495128919036e-05
1015,198,0.95792939063166138,-0.04298120870501073,0.04298120870501073,0.99148327418385906,-0.0085532003689512155,0.0085532003689512155,0.034428008336059517
1016,9,0.99991468621446178,-8.531742496623154e-05,8.531742496623154e-05,0.99999491086649328,-5.0891464563853027e-06,5.0891464563853027e-06,8.022827850984624e-05
1017,99399,0.89544739519652639,-0.1104318027059705,0.1104318027059705,0.93878560985882276,-0.063168143351525541,0.063168143351525541,0.047263659354444959
1018,1692,0.99841605099943609,-0.0015852047740113567,0.0015852047740113567,0.99991503531528536,-8.4968294417889161e-05,8.4968294417889161e-05,0.0015002364795934676
1019,689,0.99996584558757862,-3.4154995696611545e-05,3.4154995696611545e-05,0.99999650019515585,-3.4998109684546762e-06,3.4998109684546762e-06,3.0655184728156868e-05
1020,1630,4.19759122225279e-05,-10.078414622716796,10.078414622716796,0.92488701561062558,-0.078083694215865002,0.078083694215865002,10.000330928500931
1021,5511,0.22333832502152179,-1.4990675046723765,1.4990675046723765,0.99999732639941141,-2.6736041626756042e-06,2.6736041626756042e-06,1.4990648310682138
1022,27685,0.98777870933453882,-0.01229658472751574,0.01229658472751574,0.99988300727077983,-0.00011699957340337357,0.00011699957340337357,0.012179585154112367
1023,2199,0.99990856836697162,-9.143581315496038e-05,9.143581315496038e-05,0.99999795995028817,-2.0400517927016535e-06,2.0400517927016535e-06,8.9395761362258728e-05
