token_index,token_id,probability,logprob,nll,reference_probability,reference_logprob,reference_nll,nll_drift
0,33,0.99418828014020888,-0.0058286736225805968,0.0058286736225805968,0.99418828014020888,-0.0058286736225805968,0.0058286736225805968,0
1,21161,0.99999475613849298,-5.2438752561085319e-06,5.2438752561085319e-06,0.99999475613849298,-5.2438752561085319e-06,5.2438752561085319e-06,0
2,11876,0.99967473592517342,-0.00032531698465915529,0.00032531698465915529,0.99967473592517342,-0.00032531698465915529,0.00032531698465915529,0
3,52757,0.99999856795547593,-1.4320455495007809e-06,1.4320455495007809e-06,0.99999856795547593,-1.4320455495007809e-06,1.4320455495007809e-06,0
4,374,0.99833174292366589,-0.0016696501667413032,0.0016696501667413032,0.99833174292366589,-0.0016696501667413032,0.0016696501667413032,0
5,264,0.94825204340102243,-0.05313494349742004,0.05313494349742004,0.94825204340102243,-0.05313494349742004,0.05313494349742004,0
6,6721,0.58549463806099078,-0.53529825386675856,0.53529825386675856,0.58549463806099078,-0.53529825386675856,0.53529825386675856,0
7,83162,0.99890946686129045,-0.0010911282026367776,0.0010911282026367776,0.99890946686129045,-0.0010911282026367776,0.0010911282026367776,0
8,11,0.99718378298534616,-0.0028201900147642386,0.0028201900147642386,0.99718378298534616,-0.0028201900147642386,0.0028201900147642386,0
9,9709,0.99992833449386354,-7.1668074231499385e-05,7.1668074231499385e-05,0.99992833449386354,-7.1668074231499385e-05,7.1668074231499385e-05,0
10,37959,0.99999492166899162,-5.0783439031615231e-06,5.0783439031615231e-06,0.99999492166899162,-5.0783439031615231e-06,5.0783439031615231e-06,0
11,10255,0.99995114631719528,-4.8854876184799489e-05,4.8854876184799489e-05,0.99995114631719528,-4.8854876184799489e-05,4.8854876184799489e-05,0
12,11,0.99976470220512059,-0.00023532548174868488,0.00023532548174868488,0.99976470220512059,-0.00023532548174868488,0.00023532548174868488,0
13,323,0.99999220304795378,-7.7969824426036352e-06,7.7969824426036352e-06,0.99999220304795378,-7.7969824426036352e-06,7.7969824426036352e-06,0
14,4846,0.99994099554645655,-5.9006194374740374e-05,5.9006194374740374e-05,0.99994099554645655,-5.9006194374740374e-05,5.9006194374740374e-05,0
15,19077,0.99960602170973312,-0.0003940559201037577,0.0003940559201037577,0.99960602170973312,-0.0003940559201037577,0.0003940559201037577,0
16,83162,0.99993173923773171,-6.8263092140127878e-05,6.8263092140127878e-05,0.99993173923773171,-6.8263092140127878e-05,6.8263092140127878e-05,0
17,323,0.99994727115600068,-5.273023421370637e-05,5.273023421370637e-05,0.99994727115600068,-5.273023421370637e-05,5.273023421370637e-05,0
18,6721,0.97089086375898637,-0.029541212724484883,0.029541212724484883,0.97089086375898637,-0.029541212724484883,0.029541212724484883,0
19,3778,0.87656654152419744,-0.1317426601901594,0.1317426601901594,0.87656654152419744,-0.1317426601901594,0.1317426601901594,0
20,9141,0.9999719533585113,-2.8047034803142123e-05,2.8047034803142123e-05,0.9999719533585113,-2.8047034803142123e-05,2.8047034803142123e-05,0
21,2851,0.99999694791996152,-3.0520846960792636e-06,3.0520846960792636e-06,0.99999694791996152,-3.0520846960792636e-06,3.0520846960792636e-06,0
22,13,0.99993631817347228,-6.3683854301294508e-05,6.3683854301294508e-05,0.99993631817347228,-6.3683854301294508e-05,6.3683854301294508e-05,0
23,1283,0.99007502956107585,-0.0099745512897938607,0.0099745512897938607,0.99007502956107585,-0.0099745512897938607,0.0099745512897938607,0
24,374,0.84692060005236891,-0.16614833128337761,0.16614833128337761,0.84692060005236891,-0.16614833128337761,0.16614833128337761,0
25,5131,0.91772193083008824,-0.085860841839914159,0.085860841839914159,0.91772193083008824,-0.085860841839914159,0.085860841839914159,0
26,8667,0.99997577399774418,-2.4226295710157761e-05,2.4226295710157761e-05,0.99997577399774418,-2.4226295710157761e-05,2.4226295710157761e-05,0
27,311,0.99981086808162267,-0.00018914980607410382,0.00018914980607410382,0.99981086808162267,-0.00018914980607410382,0.00018914980607410382,0
28,34538,0.99047337747917907,-0.0095722910652431964,0.0095722910652431964,0.99047337747917907,-0.0095722910652431964,0.0095722910652431964,0
29,389,0.99145517282213191,-0.0085815435197650475,0.0085815435197650475,0.99145517282213191,-0.0085815435197650475,0.0085815435197650475,0
30,279,0.99999955518283268,-4.4481726623267054e-07,4.4481726623267054e-07,0.99999955518283268,-4.4481726623267054e-07,4.4481726623267054e-07,0
31,23886,0.99999497690509997,-5.0231075157940812e-06,5.0231075157940812e-06,0.99999497690509997,-5.0231075157940812e-06,5.0231075157940812e-06,0
32,6883,0.99999856134681275,-1.4386542220610665e-06,1.4386542220610665e-06,0.99999856134681275,-1.4386542220610665e-06,1.4386542220610665e-06,0
33,323,0.82640783828492548,-0.19066687636577745,0.19066687636577745,0.82640783828492548,-0.19066687636577745,0.19066687636577745,0
34,706,0.70601858323058042,-0.34811371997896268,0.34811371997896268,0.70601858323058042,-0.34811371997896268,0.34811371997896268,0
35,2834,0.58047677285989696,-0.54390549094462348,0.54390549094462348,0.58047677285989696,-0.54390549094462348,0.54390549094462348,0
36,12387,0.74331451703789819,-0.29663601691840258,0.29663601691840258,0.74331451703789819,-0.29663601691840258,0.29663601691840258,0
37,59284,0.98758103243517481,-0.01249672741124461,0.01249672741124461,0.98758103243517481,-0.01249672741124461,0.01249672741124461,0
38,11,0.87183213409546423,-0.13715838037622086,0.13715838037622086,0.87183213409546423,-0.13715838037622086,0.13715838037622086,0
39,2737,0.99997743315678056,-2.2567097854528428e-05,2.2567097854528428e-05,0.99997743315678056,-2.2567097854528428e-05,2.2567097854528428e-05,0
40,3116,0.62122451779935217,-0.47606272003934175,0.47606272003934175,0.62122451779935217,-0.47606272003934175,0.47606272003934175,0
41,34538,0.96726892946018173,-0.033278715202542643,0.033278715202542643,0.96726892946018173,-0.033278715202542643,0.033278715202542643,0
42,4435,0.62332371808434084,-0.47268928345373223,0.47268928345373223,0.62332371808434084,-0.47268928345373223,0.47268928345373223,0
43,29201,0.99995739726386768,-4.2603643654637183e-05,4.2603643654637183e-05,0.99995739726386768,-4.2603643654637183e-05,4.2603643654637183e-05,0
44,4870,0.99999938349318629,-6.1650700369980807e-07,6.1650700369980807e-07,0.99999938349318629,-6.1650700369980807e-07,6.1650700369980807e-07,0
45,48854,0.98220534123741465,-0.017954887357351373,0.017954887357351373,0.98220534123741465,-0.017954887357351373,0.017954887357351373,0
46,11,0.94401500336556776,-0.057613219567206435,0.057613219567206435,0.94401500336556776,-0.057613219567206435,0.057613219567206435,0
47,264,0.59681581815867712,-0.51614672548626728,0.51614672548626728,0.59681581815867712,-0.51614672548626728,0.51614672548626728,0
48,28395,0.75810774346396981,-0.27692976166790279,0.27692976166790279,0.75810774346396981,-0.27692976166790279,0.27692976166790279,0
49,29201,0.99997512845979619,-2.4871849505736585e-05,2.4871849505736585e-05,0.99997512845979619,-2.4871849505736585e-05,2.4871849505736585e-05,0
50,4870,0.99999970757095058,-2.9242909214973284e-07,2.9242909214973284e-07,0.99999970757095058,-2.9242909214973284e-07,2.9242909214973284e-07,0
51,19134,0.99984335216724463,-0.00015666010330857356,0.00015666010330857356,0.99984335216724463,-0.00015666010330857356,0.00015666010330857356,0
52,11,0.99996213073554374,-3.7869981514933585e-05,3.7869981514933585e-05,0.99996213073554374,-3.7869981514933585e-05,3.7869981514933585e-05,0
53,323,0.99785830648599871,-0.0021439902193671543,0.0021439902193671543,0.99785830648599871,-0.0021439902193671543,0.0021439902193671543,0
54,459,0.99895019817132069,-0.0010503532565795189,0.0010503532565795189,0.99895019817132069,-0.0010503532565795189,0.0010503532565795189,0
55,34260,0.56537174847177096,-0.57027180230078511,0.57027180230078511,0.56537174847177096,-0.57027180230078511,0.57027180230078511,0
56,14829,0.99999512195562046,-4.8780562772157542e-06,4.8780562772157542e-06,0.99999512195562046,-4.8780562772157542e-06,4.8780562772157542e-06,0
57,358,0.99994256076565335,-5.744088404263168e-05,5.744088404263168e-05,0.99994256076565335,-5.744088404263168e-05,5.744088404263168e-05,0
58,29201,0.99996812116153599,-3.1879346604952466e-05,3.1879346604952466e-05,0.99996812116153599,-3.1879346604952466e-05,3.1879346604952466e-05,0
59,4870,0.99999885215068174,-1.1478499770941555e-06,1.1478499770941555e-06,0.99999885215068174,-1.1478499770941555e-06,1.1478499770941555e-06,0
60,62668,0.99999682983585991,-3.170169165056481e-06,3.170169165056481e-06,0.99999682983585991,-3.170169165056481e-06,3.170169165056481e-06,0
61,19134,0.99215195674159351,-0.0078790012292723442,0.0078790012292723442,0.99215195674159351,-0.0078790012292723442,0.0078790012292723442,0
62,13,0.79258120825730471,-0.232460307493359,0.232460307493359,0.79258120825730471,-0.232460307493359,0.232460307493359,0
63,11876,0.5295342792733716,-0.63575737708738522,0.63575737708738522,0.5295342792733716,-0.63575737708738522,0.63575737708738522,0
64,52757,0.99999749091237244,-2.5090907753045197e-06,2.5090907753045197e-06,0.99999749091237244,-2.5090907753045197e-06,2.5090907753045197e-06,0
65,706,0.98362653374739883,-0.016508992847586352,0.016508992847586352,0.98362653374739883,-0.016508992847586352,0.016508992847586352,0
66,1101,0.97534846456355617,-0.024960472283931289,0.024960472283931289,0.97534846456355617,-0.024960472283931289,0.024960472283931289,0
67,2834,0.45617203267708029,-0.78488527597144297,0.78488527597144297,0.45617203267708029,-0.78488527597144297,0.78488527597144297,0
68,279,0.77638300259314574,-0.25310932051690016,0.25310932051690016,0.77638300259314574,-0.25310932051690016,0.25310932051690016,0
69,75636,0.99818759578753691,-0.0018140486041464648,0.0018140486041464648,0.99818759578753691,-0.0018140486041464648,0.0018140486041464648,0
70,25434,0.99999749488801593,-2.5051151219178212e-06,2.5051151219178212e-06,0.99999749488801593,-2.5051151219178212e-06,2.5051151219178212e-06,0
71,29201,0.99999524282645358,-4.7571848617856425e-06,4.7571848617856425e-06,0.99999524282645358,-4.7571848617856425e-06,4.7571848617856425e-06,0
72,4870,0.9999999333474805,-6.6652521723275416e-08,6.6652521723275416e-08,0.9999999333474805,-6.6652521723275416e-08,6.6652521723275416e-08,0
73,19134,0.99999001279091715,-9.9872589553375837e-06,9.9872589553375837e-06,0.99999001279091715,-9.9872589553375837e-06,9.9872589553375837e-06,0
74,323,0.51929902328848643,-0.65527540895688219,0.65527540895688219,0.51929902328848643,-0.65527540895688219,0.65527540895688219,0
75,374,0.69456828722279096,-0.36446479588663661,0.36446479588663661,0.69456828722279096,-0.36446479588663661,0.36446479588663661,0
76,264,0.95504042608388007,-0.046001608419452486,0.046001608419452486,0.95504042608388007,-0.046001608419452486,0.046001608419452486,0
77,4330,0.97194519014517466,-0.028455864851134945,0.028455864851134945,0.97194519014517466,-0.028455864851134945,0.028455864851134945,0
78,7394,0.99996935458818625,-3.064588139400043e-05,3.064588139400043e-05,0.99996935458818625,-3.064588139400043e-05,3.064588139400043e-05,0
79,1917,0.99999862112157112,-1.3788793794838348e-06,1.3788793794838348e-06,0.99999862112157112,-1.3788793794838348e-06,1.3788793794838348e-06,0
80,18824,0.99997625554778058,-2.3744734123431392e-05,2.3744734123431392e-05,0.99997625554778058,-2.3744734123431392e-05,2.3744734123431392e-05,0
81,304,0.99999570251476533,-4.2974944688786254e-06,4.2974944688786254e-06,0.99999570251476533,-4.2974944688786254e-06,4.2974944688786254e-06,0
82,6721,0.99999605858467266,-3.9414230947128462e-06,3.9414230947128462e-06,0.99999605858467266,-3.9414230947128462e-06,3.9414230947128462e-06,0
83,36540,0.99999432107126429,-5.6789448608950721e-06,5.6789448608950721e-06,0.99999432107126429,-5.6789448608950721e-06,5.6789448608950721e-06,0
84,382,0.84601300196562579,-0.16722055074031708,0.16722055074031708,0.84601300196562579,-0.16722055074031708,0.16722055074031708,0
85,24641,0.96351494516957281,-0.037167279914779507,0.037167279914779507,0.96351494516957281,-0.037167279914779507,0.037167279914779507,0
86,52757,0.99999890790404999,-1.0920965463809783e-06,1.0920965463809783e-06,0.99999890790404999,-1.0920965463809783e-06,1.0920965463809783e-06,0
87,596,0.76363758030840689,-0.26966197368936279,0.26966197368936279,0.76363758030840689,-0.26966197368936279,0.26966197368936279,0
88,19077,0.66636944179641611,-0.4059110448285414,0.4059110448285414,0.66636944179641611,-0.4059110448285414,0.4059110448285414,0
89,36540,0.9999984239996984,-1.5760015434950808e-06,1.5760015434950808e-06,0.9999984239996984,-1.5760015434950808e-06,1.5760015434950808e-06,0
90,7076,0.99998836204260932,-1.1638025112254842e-05,1.1638025112254842e-05,0.99998836204260932,-1.1638025112254842e-05,1.1638025112254842e-05,0
91,574,0.95678047290334756,-0.044181304748893722,0.044181304748893722,0.95678047290334756,-0.044181304748893722,0.044181304748893722,0
92,6992,0.72779998351527642,-0.31772901645415147,0.31772901645415147,0.72779998351527642,-0.31772901645415147,0.31772901645415147,0
93,11,0.99940685452081224,-0.00059332145955896495,0.00059332145955896495,0.99940685452081224,-0.00059332145955896495,0.00059332145955896495,0
94,449,0.99879766743904907,-0.0012030559426328994,0.0012030559426328994,0.99879766743904907,-0.0012030559426328994,0.0012030559426328994,0
95,220,0.99973184155035399,-0.00026819441055199,0.00026819441055199,0.99973184155035399,-0.00026819441055199,0.00026819441055199,0
96,7461,0.99998417894724356,-1.5821177910603916e-05,1.5821177910603916e-05,0.99998417894724356,-1.5821177910603916e-05,1.5821177910603916e-05,0
97,15160,0.99998337667351889,-1.6623464650177055e-05,1.6623464650177055e-05,0.99998337667351889,-1.6623464650177055e-05,1.6623464650177055e-05,0
98,323,0.99999998526648848,-1.4733511635431346e-08,1.4733511635431346e-08,0.99999998526648848,-1.4733511635431346e-08,1.4733511635431346e-08,0
99,220,0.95986909926761566,-0.040958358747000739,0.040958358747000739,0.95986909926761566,-0.040958358747000739,0.040958358747000739,0
100,20,0.99999283867738609,-7.1613482562629428e-06,7.1613482562629428e-06,0.99999283867738609,-7.1613482562629428e-06,7.1613482562629428e-06,0
101,18151,0.99999058293204124,-9.417112299570745e-06,9.417112299570745e-06,0.99999058293204124,-9.417112299570745e-06,9.417112299570745e-06,0
102,520,0.5655644526914001,-0.56993101522314826,0.56993101522314826,0.5655644526914001,-0.56993101522314826,0.56993101522314826,0
103,426,0.99998111523045374,-1.8884947865778435e-05,1.8884947865778435e-05,0.99998111523045374,-1.8884947865778435e-05,1.8884947865778435e-05,0
104,2191,0.99999779521851628,-2.204783914290395e-06,2.204783914290395e-06,0.99999779521851628,-2.204783914290395e-06,2.204783914290395e-06,0
105,277,0.99999972377413349,-2.7622590463537847e-07,2.7622590463537847e-07,0.99999972377413349,-2.7622590463537847e-07,2.7622590463537847e-07,0
106,377,0.99999987586587669,-1.2413413104126005e-07,1.2413413104126005e-07,0.99999987586587669,-1.2413413104126005e-07,1.2413413104126005e-07,0
107,3314,0.99999967590583205,-3.2409422045576926e-07,3.2409422045576926e-07,0.99999967590583205,-3.2409422045576926e-07,3.2409422045576926e-07,0
108,9304,0.99999924055187173,-7.5944841665339387e-07,7.5944841665339387e-07,0.99999924055187173,-7.5944841665339387e-07,7.5944841665339387e-07,0
109,323,0.99999938390924414,-6.160909456573e-07,6.160909456573e-07,0.99999938390924414,-6.160909456573e-07,6.160909456573e-07,0
110,279,0.9999992893124795,-7.1068777300169178e-07,7.1068777300169178e-07,0.9999992893124795,-7.1068777300169178e-07,7.1068777300169178e-07,0
111,3907,0.9999995161852695,-4.8381484749744476e-07,4.8381484749744476e-07,0.9999995161852695,-4.8381484749744476e-07,4.8381484749744476e-07,0
112,315,0.99999982646954055,-1.7353047447697745e-07,1.7353047447697745e-07,0.99999982646954055,-1.7353047447697745e-07,1.7353047447697745e-07,0
113,19461,0.99999720218277288,-2.7978211410623989e-06,2.7978211410623989e-06,0.99999720218277288,-2.7978211410623989e-06,2.7978211410623989e-06,0
114,13,0.9999690937047534,-3.0906772855940343e-05,3.0906772855940343e-05,0.9999690937047534,-3.0906772855940343e-05,3.0906772855940343e-05,0
115,1283,0.9980169658946636,-0.001985002920717174,0.001985002920717174,0.9980169658946636,-0.001985002920717174,0.001985002920717174,0
116,1243,0.54957416165595963,-0.59861155217776107,0.59861155217776107,0.54957416165595963,-0.59861155217776107,0.59861155217776107,0
117,8667,0.99520344863651566,-0.0048080917334152951,0.0048080917334152951,0.99520344863651566,-0.0048080917334152951,0.0048080917334152951,0
118,449,0.99999976288495351,-2.3711507455188381e-07,2.3711507455188381e-07,0.99999976288495351,-2.3711507455188381e-07,2.3711507455188381e-07,0
119,34538,0.99688640750371982,-0.0031184498104817474,0.0031184498104817474,0.99688640750371982,-0.0031184498104817474,0.0031184498104817474,0
120,304,0.96355614806290091,-0.03712451772143955,0.03712451772143955,0.96355614806290091,-0.03712451772143955,0.03712451772143955,0
121,220,0.99999959369006797,-4.06310014579072e-07,4.06310014579072e-07,0.99999959369006797,-4.06310014579072e-07,4.06310014579072e-07,0
122,1049,0.99999985629282606,-1.4370718426279352e-07,1.4370718426279352e-07,0.99999985629282606,-1.4370718426279352e-07,1.4370718426279352e-07,0
123,15,0.99999952038300499,-4.7961711003022018e-07,4.7961711003022018e-07,0.99999952038300499,-4.7961711003022018e-07,4.7961711003022018e-07,0
124,323,0.99975465839308852,-0.00024537170808695358,0.00024537170808695358,0.99975465839308852,-0.00024537170808695358,0.00024537170808695358,0
125,574,0.93921162639499678,-0.062714450944255207,0.062714450944255207,0.93921162639499678,-0.062714450944255207,0.062714450944255207,0
126,12893,0.99960083889658591,-0.00039924078941309769,0.00039924078941309769,0.9996043951490462,-0.00039568312319683622,0.00039568312319683622,3.5576662162614724e-06
127,311,0.99999996635843624,-3.3641564301304295e-08,3.3641564301304295e-08,0.9999999665470527,-3.345294785184448e-08,3.345294785184448e-08,1.8861644945981489e-10
128,1202,0.86494116224280448,-0.14509379489230856,0.14509379489230856,0.86937065511733924,-0.13998571402522683,0.13998571402522683,0.0051080808670817268
129,48006,0.99988003211334076,-0.0001199750833817412,0.0001199750833817412,0.99988154645856242,-0.000118460557612387,0.000118460557612387,1.5145257693542006e-06
130,20862,0.99999411105111446,-5.888966225465108e-06,5.888966225465108e-06,0.99999397618772012,-6.0238304231025627e-06,6.0238304231025627e-06,-1.3486419763745477e-07
131,14689,0.59220767239233851,-0.52389790765331856,0.52389790765331856,0.60596669479031706,-0.50093025351501486,0.50093025351501486,0.022967654138303706
132,13345,0.99999826135552139,-1.7386459900799321e-06,1.7386459900799321e-06,0.99999862564827124,-1.3743526731550268e-06,1.3743526731550268e-06,3.6429331692490529e-07
133,62668,0.99999962476781712,-3.7523225325758449e-07,3.7523225325758449e-07,0.99999960640897501,-3.9359110241326816e-07,3.9359110241326816e-07,-1.835884915568367e-08
134,320,0.89735958423328777,-0.10829862296736813,0.10829862296736813,0.89999360614636081,-0.10536761996488314,0.10536761996488314,0.0029310030024849859
135,40057,0.99998604695765902,-1.3953139685621639e-05,1.3953139685621639e-05,0.99998613017668692,-1.3869919499977637e-05,1.3869919499977637e-05,8.3220185644001859e-08
136,54,0.99999977484492353,-2.251551018618082e-07,2.251551018618082e-07,0.99999967365974818,-3.2634030504304006e-07,3.2634030504304006e-07,-1.0118520318123187e-07
137,705,0.99960604502770833,-0.00039403259293843712,0.00039403259293843712,0.99963673319945578,-0.00036333279791196264,0.00036333279791196264,3.0699795026474476e-05
138,1405,0.99999860461371815,-1.3953872554108737e-06,1.3953872554108737e-06,0.99999869072451131,-1.3092763457740087e-06,1.3092763457740087e-06,8.6110909636864998e-08
139,568,0.99999990488710189,-9.5112902582610928e-08,9.5112902582610928e-08,0.99999991002052713,-8.997947692906705e-08,8.997947692906705e-08,5.1334256535438779e-09
140,574,0.68463491358672579,-0.37886955566652919,0.37886955566652919,0.71312878788133083,-0.33809324671458457,0.33809324671458457,0.040776308951944618
141,264,0.99999953635514038,-4.6364496707208558e-07,4.6364496707208558e-07,0.9999994674521987,-5.3254794316015428e-07,5.3254794316015428e-07,-6.89029760880687e-08
142,2380,0.99996663203937652,-3.3368517346301096e-05,3.3368517346301096e-05,0.99996214911272996,-3.7851603632977168e-05,3.7851603632977168e-05,-4.4830862866760711e-06
143,7394,0.99998660758183144,-1.339250784782791e-05,1.339250784782791e-05,0.99998622560578798,-1.3774489079867817e-05,1.3774489079867817e-05,-3.8198123203990754e-07
144,75402,0.9999776582989941,-2.2341950585375736e-05,2.2341950585375736e-05,0.99997912921387699,-2.087100392086789e-05,2.087100392086789e-05,1.4709466645078459e-06
145,54,0.99999995417829923,-4.5821701826666489e-08,4.5821701826666489e-08,0.9999999389603984,-6.1039603507266749e-08,6.1039603507266749e-08,-1.521790168060026e-08
146,16642,0.99999950524470516,-4.9475541725691331e-07,4.9475541725691331e-07,0.9999994975091584,-5.0249096781902888e-07,5.0249096781902888e-07,-7.7355505621155676e-09
147,12633,0.99999856185931313,-1.4381417209794862e-06,1.4381417209794862e-06,0.99999871815737262,-1.2818434489448176e-06,1.2818434489448176e-06,1.562982720346686e-07
148,8068,0.99999666461642567,-3.3353891366834055e-06,3.3353891366834055e-06,0.99999661941226581,-3.38059344839322e-06,3.38059344839322e-06,-4.5204311709814538e-08
149,33597,0.99999185142698477,-8.1486062150247414e-06,8.1486062150247414e-06,0.99999027015971564,-9.7298876195616166e-06,9.7298876195616166e-06,-1.5812814045368752e-06
150,449,0.99948974512446764,-0.00051038509985159512,0.00051038509985159512,0.99938241550733109,-0.0006177752765258712,0.0006177752765258712,-0.00010739017667427608
151,37940,0.99999965682777481,-3.4317228410335983e-07,3.4317228410335983e-07,0.99999966015659147,-3.3984346624195028e-07,3.3984346624195028e-07,3.3288178614095456e-09
152,783,0.99999998062397488,-1.9376025263052817e-08,1.9376025263052817e-08,0.99999997694444487,-2.3055555421044615e-08,2.3055555421044615e-08,-3.6795301579917977e-09
153,30411,0.99999995670315756,-4.3296843394710855e-08,4.3296843394710855e-08,0.99999995650368467,-4.3496316268710392e-08,4.3496316268710392e-08,-1.9947287399953707e-10
154,382,0.89869988916057708,-0.10680612765087899,0.10680612765087899,0.89545755146377104,-0.11042046065539018,0.11042046065539018,-0.0036143330045111943
155,24641,0.85572939372060042,-0.15580108165072171,0.15580108165072171,0.86246924140305281,-0.14795579285391955,0.14795579285391955,0.0078452887968021578
156,52757,0.99999517620477185,-4.8238068627375827e-06,4.8238068627375827e-06,0.99999481851280858,-5.1815006153898813e-06,5.1815006153898813e-06,-3.5769375265229856e-07
157,1903,0.53136460306247835,-0.63230685859673597,0.63230685859673597,0.57269237076560009,-0.55740658119087594,0.55740658119087594,0.074900277405860027
158,813,0.99999234275891191,-7.6572704048828397e-06,7.6572704048828397e-06,0.99999088944897374,-9.1105925276227371e-06,9.1105925276227371e-06,-1.4533221227398974e-06
159,1925,0.7094478801098778,-0.34326824510872084,0.34326824510872084,0.79557778591210848,-0.22868665356845752,0.22868665356845752,0.11458159154026332
160,22162,0.99998663208799976,-1.3368001351607682e-05,1.3368001351607682e-05,0.99998744635932624,-1.2553719471321782e-05,1.2553719471321782e-05,8.142818802859002e-07
161,17755,0.99997496510129358,-2.5035212084749312e-05,2.5035212084749312e-05,0.99997964168820497,-2.0358519028325216e-05,2.0358519028325216e-05,4.6766930564240965e-06
162,304,0.99892768825725453,-0.0010728870803132374,0.0010728870803132374,0.99924438606201038,-0.00075589955808930706,0.00075589955808930706,0.00031698752222393035
163,220,0.8680488867412206,-0.14150724477732365,0.14150724477732365,0.90012629303677749,-0.10522019990612236,0.10522019990612236,0.036287044871201296
164,1049,0.9999990218481869,-9.7815229150155093e-07,9.7815229150155093e-07,0.99999902830685916,-9.7169361287804946e-07,9.7169361287804946e-07,6.4586786235014703e-09
165,17,0.99999754923036721,-2.4507726359499714e-06,2.4507726359499714e-06,0.99999720866104025,-2.7913428554952377e-06,2.7913428554952377e-06,-3.4057021954526627e-07
166,323,0.99995659224935596,-4.3408692787697959e-05,4.3408692787697959e-05,0.99995265804899747,-4.7343071668055595e-05,4.7343071668055595e-05,-3.9343788803576364e-06
167,2834,0.7933011410742502,-0.23155238028589092,0.23155238028589092,0.83562754832346353,-0.17957228152882798,0.17957228152882798,0.051980098757062942
168,279,0.93952689264366029,-0.062378836117148798,0.062378836117148798,0.95406103610487902,-0.047027630434853279,0.047027630434853279,0.015351205682295518
169,34538,0.99998388123003712,-1.611889987166024e-05,1.611889987166024e-05,0.99998227664337858,-1.7723513681977461e-05,1.7723513681977461e-05,-1.6046138103172204e-06
170,19134,0.98478253487985257,-0.015334438956550631,0.015334438956550631,0.98440206216109505,-0.015720865626821935,0.015720865626821935,-0.00038642667027130422
171,389,0.97679834286427125,-0.023475052681479928,0.023475052681479928,0.97423527329956428,-0.026102450813347441,0.026102450813347441,-0.002627398131867513
172,2380,0.99996876057869988,-3.1239909260966301e-05,3.1239909260966301e-05,0.99996664827286097,-3.3352283320193561e-05,3.3352283320193561e-05,-2.1123740592272601e-06
173,8821,0.9998926870300423,-0.00010731872840639254,0.00010731872840639254,0.99990332170453011,-9.6682969117474238e-05,9.6682969117474238e-05,1.0635759288918302e-05
174,25975,0.99999869740421443,-1.3025966339428349e-06,1.3025966339428349e-06,0.9999987820199745,-1.2179807672441257e-06,1.2179807672441257e-06,8.4615866698709178e-08
175,11,0.98347054403512191,-0.016667591743762564,0.016667591743762564,0.9847428486327543,-0.01537473927198277,0.01537473927198277,0.0012928524717797946
176,2737,0.33826547378181909,-1.0839242663942299,1.0839242663942299,0.35019444995897264,-1.0492667074599313,1.0492667074599313,0.03465755893429856
177,264,0.60474093105513482,-0.50295512579272916,0.50295512579272916,0.67055160630840116,-0.39965461231929389,0.39965461231929389,0.10330051347343527
178,12845,0.97937640895854117,-0.020839227242595643,0.020839227242595643,0.98007824050604875,-0.020122873253273017,0.020122873253273017,0.00071635398932262673
179,927,0.99999950841928531,-4.9158083555958355e-07,4.9158083555958355e-07,0.99999938543531419,-6.1456487466084734e-07,6.1456487466084734e-07,-1.2298403910126379e-07
180,578,0.98793216424902275,-0.012141243258433104,0.012141243258433104,0.9847952744180154,-0.015321502642886951,0.015321502642886951,-0.0031802593844538467
181,9305,0.99999327165789831,-6.7283647370930662e-06,6.7283647370930662e-06,0.99999127325981929,-8.7267782589053534e-06,8.7267782589053534e-06,-1.9984135218122873e-06
182,13,0.67814311130036631,-0.38839693470158826,0.38839693470158826,0.61201876830611845,-0.49099232977317875,0.49099232977317875,-0.10259539507159049
183,1283,0.99999377392258926,-6.2260967928867687e-06,6.2260967928867687e-06,0.99999222560091938,-7.7744293014267411e-06,7.7744293014267411e-06,-1.5483325085399723e-06
184,1101,0.66907232826278007,-0.40186311070261849,0.40186311070261849,0.53358729183148124,-0.6281326005723451,0.6281326005723451,-0.22626948986972661
185,2834,0.99986445531684842,-0.00013555387016232713,0.00013555387016232713,0.99976193384661782,-0.0002380944956272327,0.0002380944956272327,-0.00010254062546490557
186,279,0.99965970832327466,-0.00034034958907636255,0.00034034958907636255,0.99975028226308604,-0.00024974892157965265,0.00024974892157965265,9.0600667496709903e-05
187,220,0.61698763466893802,-0.48290629633277965,0.48290629633277965,0.89678340201187234,-0.10894091541076975,0.10894091541076975,0.37396538092200993
188,1049,0.99999942319611679,-5.7680404959448182e-07,5.7680404959448182e-07,0.99999947251826327,-5.2748187583730428e-07,5.2748187583730428e-07,4.9322173757177537e-08
189,17,0.99987728143787469,-0.00012272609266420758,0.00012272609266420758,0.99990414929913873,-9.5855294833203027e-05,9.5855294833203027e-05,2.6870797831004555e-05
190,6342,0.99999067251278206,-9.3275307192355372e-06,9.3275307192355372e-06,0.99999090820551673,-9.091835813842338e-06,9.091835813842338e-06,2.3569490539319923e-07
191,315,0.99999994555071525,-5.4449286262866086e-08,5.4449286262866086e-08,0.99999994894432864,-5.1055672607497223e-08,5.1055672607497223e-08,3.3936136553688627e-09
192,279,0.99999978049125526,-2.1950876882815731e-07,2.1950876882815731e-07,0.99999977439906917,-2.2560095622578162e-07,2.2560095622578162e-07,-6.0921873976243069e-09
193,22249,0.99999142904671379,-8.5709900170766187e-06,8.5709900170766187e-06,0.99999185288933468,-8.1471438531623026e-06,8.1471438531623026e-06,4.2384616391431609e-07
194,323,0.99999771373991331,-2.2862627002328788e-06,2.2862627002328788e-06,0.99999748373464681,-2.516268518987451e-06,2.516268518987451e-06,-2.3000581875457216e-07
195,279,0.9993435136508233,-0.00065670193069610838,0.00065670193069610838,0.99908767162343404,-0.00091274480139597763,0.00091274480139597763,-0.00025604287069986925
196,220,0.99999676463882481,-3.2353664090144076e-06,3.2353664090144076e-06,0.99999743315951028,-2.5668437840982428e-06,2.5668437840982428e-06,6.6852262491616475e-07
197,1049,0.9999974458652332,-2.5541380286539595e-06,2.5541380286539595e-06,0.99999698629327127,-3.0137112698963766e-06,3.0137112698963766e-06,-4.5957324124241705e-07
198,18,0.99999525952465995,-4.7404865761702199e-06,4.7404865761702199e-06,0.99999482914416749,-5.170869201381731e-06,5.170869201381731e-06,-4.3038262521151102e-07
199,16591,0.99999857280343585,-1.4271975826313623e-06,1.4271975826313623e-06,0.99999849767117721,-1.5023299512630701e-06,1.5023299512630701e-06,-7.513236863170788e-08
200,432,0.99999902733419943,-9.7266627366138489e-07,9.7266627366138489e-07,0.99999872586019889,-1.2741406128723187e-06,1.2741406128723187e-06,-3.0147433921093384e-07
201,23568,0.99999944940155927,-5.5059859235194139e-07,5.5059859235194139e-07,0.9999995403404881,-4.5965961752969096e-07,4.5965961752969096e-07,9.0938974822250434e-08
202,11,0.25443371653639224,-1.3687149227429647,1.3687149227429647,0.52010822274353874,-0.65371836840011288,0.65371836840011288,0.71499655434285181
203,3339,0.98452190573701237,-0.0155991305288503,0.0155991305288503,0.98859094957812255,-0.011474632937626301,0.011474632937626301,0.0041244975912239981
204,1461,0.99999867024989741,-1.3297509867184902e-06,1.3297509867184902e-06,0.99999846257506664,-1.5374261151868587e-06,1.5374261151868587e-06,-2.0767512846836848e-07
205,279,0.9999843253231181,-1.5674799730939504e-05,1.5674799730939504e-05,0.99998736323268622,-1.2636847158416949e-05,1.2636847158416949e-05,3.0379525725225548e-06
206,39637,0.99999949669139099,-5.0330873570529642e-07,5.0330873570529642e-07,0.99999946827994679,-5.3172019462015783e-07,5.3172019462015783e-07,-2.8411458914861409e-08
207,6342,0.98942900189724359,-0.010627268007215661,0.010627268007215661,0.99444721374211031,-0.0055682602847302439,0.0055682602847302439,0.0050590077224854169
208,315,0.99999867318216051,-1.3268187197428193e-06,1.3268187197428193e-06,0.99999967475211149,-3.2524794142187474e-07,3.2524794142187474e-07,1.0015707783209445e-06
209,279,0.99999947835225267,-5.2164788338870444e-07,5.2164788338870444e-07,0.99999968270261663,-3.1729743372600186e-07,3.1729743372600186e-07,2.0435044966270258e-07
210,22249,0.99999195659488183,-8.0434374665589843e-06,8.0434374665589843e-06,0.99999433918511715,-5.6608309053461009e-06,5.6608309053461009e-06,2.3826065612128834e-06
211,323,0.9999819139407311,-1.8086222823630823e-05,1.8086222823630823e-05,0.99999680676628655,-3.1932388117897939e-06,3.1932388117897939e-06,1.4892984011841028e-05
212,16591,0.99999812159695523,-1.8784048089713113e-06,1.8784048089713113e-06,0.99999829709180221,-1.7029096477381507e-06,1.7029096477381507e-06,1.7549516123316061e-07
213,432,0.99999961967268425,-3.8032738808969461e-07,3.8032738808969461e-07,0.99999944314529976,-5.568548552815142e-07,5.568548552815142e-07,-1.7652746719181959e-07
214,23568,0.99999687531339521,-3.1246914866858753e-06,3.1246914866858753e-06,0.99999945147436775,-5.4852578267919787e-07,5.4852578267919787e-07,2.5761657040066773e-06
215,13946,0.9999365013800442,-6.3500636078538879e-05,6.3500636078538879e-05,0.99998681786955379,-1.3182217331287763e-05,1.3182217331287763e-05,5.0318418747251116e-05
216,382,0.70878712482851824,-0.34420004460156528,0.34420004460156528,0.63503177064479843,-0.45408024882953624,0.45408024882953624,-0.10988020422797096
217,6153,0.82452693490967122,-0.19294546934182416,0.19294546934182416,0.68734519001483452,-0.37491865295805982,0.37491865295805982,-0.18197318361623566
218,9564,0.98586030817121195,-0.014240609699138989,0.014240609699138989,0.9884904537107706,-0.011576293766837829,0.011576293766837829,0.0026643159323011603
219,34538,0.94404037944892172,-0.057586338911494291,0.057586338911494291,0.89826718831445906,-0.10728771783681501,0.10728771783681501,-0.04970137892532072
220,11,0.61200714271516632,-0.49101132543470477,0.49101132543470477,0.78822036605684231,-0.23797757586329074,0.23797757586329074,0.253033749571414
221,11876,0.99998543053563282,-1.4569570502889744e-05,1.4569570502889744e-05,0.99998649587245936,-1.3504218722171891e-05,1.3504218722171891e-05,1.0653517807178528e-06
222,52757,0.99999334084997127,-6.659172200923263e-06,6.659172200923263e-06,0.99999082593820243,-9.1741038795791996e-06,9.1741038795791996e-06,-2.5149316786559366e-06
223,46531,0.99990373553470535,-9.626909901569775e-05,9.626909901569775e-05,0.99990944266616633,-9.0561434396541445e-05,9.0561434396541445e-05,5.7076646191563048e-06
224,264,0.99999913638541993,-8.6361495300344182e-07,8.6361495300344182e-07,0.99999949472660465,-5.0527352304650311e-07,5.0527352304650311e-07,3.5834142995693871e-07
225,7076,0.99999924077464408,-7.5922564413336876e-07,7.5922564413336876e-07,0.9999992268936313,-7.7310666759813274e-07,7.7310666759813274e-07,-1.3881023464763982e-08
226,304,0.99999980055814297,-1.9944187688692165e-07,1.9944187688692165e-07,0.99999974536642644,-2.5463360597770011e-07,2.5463360597770011e-07,-5.5191729090778458e-08
227,279,0.99737809614615747,-0.0026253470635786572,0.0026253470635786572,0.99862013615947287,-0.0013808167293083765,0.0013808167293083765,0.0012445303342702807
228,5165,0.9980922827838612,-0.0019095392262493121,0.0019095392262493121,0.99808914450139996,-0.001912683512052545,0.001912683512052545,-3.144285803232923e-06
229,21424,0.99999881239646693,-1.1876042382955961e-06,1.1876042382955961e-06,0.99999869197865621,-1.3080221992965574e-06,1.3080221992965574e-06,-1.2041796100096136e-07
230,9130,0.9999974771635618,-2.5228396205252853e-06,2.5228396205252853e-06,0.99999666749930571,-3.3325062470421706e-06,3.3325062470421706e-06,-8.0966662651688525e-07
231,320,0.99999977641615834,-2.2358386662826129e-07,2.2358386662826129e-07,0.99999970064537036,-2.9935467442875236e-07,2.9935467442875236e-07,-7.5770807800491066e-08
232,88201,0.9999893879157683,-1.0612140540317444e-05,1.0612140540317444e-05,0.99998956354868818,-1.0436505771958257e-05,1.0436505771958257e-05,1.7563476835918726e-07
233,8,0.97829691827770771,-0.021942057602722154,0.021942057602722154,0.9718369519924539,-0.028567233456171737,0.028567233456171737,-0.0066251758534495823
234,719,0.49746557103957284,-0.69822892871874986,0.69822892871874986,0.61131645165426374,-0.49214052973922978,0.49214052973922978,0.20608839897952008
235,574,0.99999750181378155,-2.4981893388660994e-06,2.4981893388660994e-06,0.99999754088719472,-2.4591158289213162e-06,2.4591158289213162e-06,3.9073509944783212e-08
236,4018,0.99989729837348529,-0.00010270690068787498,0.00010270690068787498,0.99990964216881617,-9.0361913698587044e-05,9.0361913698587044e-05,1.2344986989287936e-05
237,4972,0.9957193405708028,-0.0042898476823349648,0.0042898476823349648,0.99524014897007484,-0.0047712151963383593,0.0047712151963383593,-0.00048136751400339444
238,311,0.99999994939790093,-5.0602100339714592e-08,5.0602100339714592e-08,0.99999993312322033,-6.6876781874295732e-08,6.6876781874295732e-08,-1.627468153458114e-08
239,279,0.99999963199510744,-3.6800496029254586e-07,3.6800496029254586e-07,0.99999979132393757,-2.086760841776893e-07,2.086760841776893e-07,1.5932887611485657e-07
240,1212,0.99997480053530496,-2.5199782206886587e-05,2.5199782206886587e-05,0.9992989387285407,-0.00070130712982700643,0.00070130712982700643,-0.00067610734762011987
241,315,0.99999932169862693,-6.783016030991825e-07,6.783016030991825e-07,0.9999993434073452,-6.5659287034434532e-07,6.5659287034434532e-07,2.1708732754837176e-08
242,279,0.99975868565793458,-0.00024134346305628313,0.00024134346305628313,0.99999942350512439,-5.7649504184231637e-07,5.7649504184231637e-07,0.00024076696801444083
243,220,0.99999959345523626,-4.0654484641530792e-07,4.0654484641530792e-07,0.99999954067549779,-4.5932460766390013e-07,4.5932460766390013e-07,-5.2779761248592212e-08
244,1049,0.99999980969821833,-1.9030179975211752e-07,1.9030179975211752e-07,0.99999988026557174,-1.1973443541478494e-07,1.1973443541478494e-07,7.0567364337332588e-08
245,19,0.99999969299784952,-3.0700219761194061e-07,3.0700219761194061e-07,0.99999912610459785,-8.7389578402904388e-07,8.7389578402904388e-07,-5.6689358641710322e-07
246,12,0.005952987974480929,-5.1238620048900403,5.1238620048900403,0.99566877713392321,-0.004340629783966393,0.004340629783966393,5.119521375106074
247,2304,0.034685064236064295,-3.3614461101626087,3.3614461101626087,0.99998404664156015,-1.595348569606011e-05,1.595348569606011e-05,3.3614301566769127
248,3280,0.99998663219865602,-1.3367890693827425e-05,1.3367890693827425e-05,0.99999843973106128,-1.5602701559911272e-06,1.5602701559911272e-06,1.1807620537836299e-05
249,13,0.99995550600124339,-4.44949886439099e-05,4.44949886439099e-05,0.99998828821776142,-1.1711850822084044e-05,1.1711850822084044e-05,3.2783137821825852e-05
250,1283,0.96944361856317152,-0.031032961160006155,0.031032961160006155,0.93998078908218452,-0.061895841073541,0.061895841073541,-0.030862879913534844
251,1243,0.98874459067093834,-0.011319230791660142,0.011319230791660142,0.98690230340527307,-0.013184227826482762,0.013184227826482762,-0.0018649970348226207
252,6052,0.83794048598540116,-0.17680820013253029,0.17680820013253029,0.82810637463289094,-0.18861366106981584,0.18861366106981584,-0.011805460937285545
253,311,0.99999994761774047,-5.2382260933577462e-08,5.2382260933577462e-08,0.99999994693315786,-5.3066843510303047e-08,5.3066843510303047e-08,-6.845825767255845e-10
254,6721,0.99998624168165229,-1.3758412994227658e-05,1.3758412994227658e-05,0.99998753670957563,-1.2463368091796792e-05,1.2463368091796792e-05,1.2950449024308661e-06
255,36540,0.99999485502105945,-5.1449921759938237e-06,5.1449921759938237e-06,0.99999477193085951,-5.2280828068488495e-06,5.2280828068488495e-06,-8.3090630855025756e-08
256,323,0.99608154483253175,-0.0039261524270753842,0.0039261524270753842,0.99365293370925356,-0.0063672945548442408,0.0063672945548442408,-0.0024411421277688566
257,8667,0.99992958293034606,-7.0419549052128379e-05,7.0419549052128379e-05,0.9999458022771428,-5.4199191606898852e-05,5.4199191606898852e-05,1.6220357445229527e-05
258,449,0.99999954661620694,-4.5338389578804266e-07,4.5338389578804266e-07,0.99999971126592924,-2.8873411245762565e-07,2.8873411245762565e-07,1.6464978333041701e-07
259,1561,0.99999331158842075,-6.6884339467279116e-06,6.6884339467279116e-06,0.99999565946491809,-4.3405445021115755e-06,4.3405445021115755e-06,2.3478894446163361e-06
260,6457,0.99999456558349253,-5.4344312739603044e-06,5.4344312739603044e-06,0.99999573792665741,-4.2620824252587833e-06,4.2620824252587833e-06,1.1723488487015211e-06
261,1322,0.9999997619267279,-2.3807330048929686e-07,2.3807330048929686e-07,0.99999978395326927,-2.1604675401899123e-07,2.1604675401899123e-07,2.2026546470305631e-08
262,62668,0.99910956197971279,-0.00089083469571531366,0.00089083469571531366,0.99633224265615339,-0.0036745000579551696,0.0036745000579551696,-0.002783665362239856
263,320,0.99999929914718111,-7.0085306445630642e-07,7.0085306445630642e-07,0.99999954894300391,-4.5105709786455273e-07,4.5105709786455273e-07,2.4979596659175369e-07
264,45,0.99947247892470736,-0.00052766026348700912,0.00052766026348700912,0.9996410134253122,-0.00035905102579344305,0.00035905102579344305,0.00016860923769356607
265,28287,0.99996954280213146,-3.0457661698415119e-05,3.0457661698415119e-05,0.99996686615253672,-3.3134396401334044e-05,3.3134396401334044e-05,-2.6767347029189249e-06
266,54,0.9999998502766656,-1.4972334561518706e-07,1.4972334561518706e-07,0.99999992486483669,-7.5135166152746521e-08,7.5135166152746521e-08,7.4588179462440543e-08
267,705,0.98185706227726999,-0.018309538984684522,0.018309538984684522,0.96679089735093493,-0.033773045431995191,0.033773045431995191,-0.01546350644731067
268,1405,0.9998210897143327,-0.00017892629202162689,0.00017892629202162689,0.99982860268471851,-0.00017141200547989252,0.00017141200547989252,7.5142865417343737e-06
269,568,0.99999982345344562,-1.7654656998863205e-07,1.7654656998863205e-07,0.9999998560238671,-1.4397614330133801e-07,1.4397614330133801e-07,3.2570426687294038e-08
270,2834,0.99999747851565879,-2.5214875201732212e-06,2.5214875201732212e-06,0.99999773729641561,-2.2627061442600702e-06,2.2627061442600702e-06,2.5878137591315091e-07
271,279,0.99999130080916232,-8.6992286758565108e-06,8.6992286758565108e-06,0.99999282949365498,-7.1705320532335375e-06,7.1705320532335375e-06,1.5286966226229734e-06
272,75636,0.99997737911116369,-2.2621144692513151e-05,2.2621144692513151e-05,0.9999757739732561,-2.4226320198863963e-05,2.4226320198863963e-05,-1.6051755063508116e-06
273,25434,0.99999905999113359,-9.4000930823005107e-07,9.4000930823005107e-07,0.9999986492314088,-1.3507695034527385e-06,1.3507695034527385e-06,-4.1076019522268748e-07
274,29201,0.99999446979067452,-5.5302246171815436e-06,5.5302246171815436e-06,0.9999955518421022,-4.4481677908558627e-06,4.4481677908558627e-06,1.0820568263256808e-06
275,4870,0.99999974147056458,-2.585294688318358e-07,2.585294688318358e-07,0.99999993845459167,-6.1545410206098169e-08,6.1545410206098169e-08,1.9698405862573763e-07
276,19134,0.99999898166423373,-1.0183362848221765e-06,1.0183362848221765e-06,0.99999906228099866,-9.3771944097472374e-07,9.3771944097472374e-07,8.0616843847452784e-08
277,304,0.98027369211840931,-0.019923468636422831,0.019923468636422831,0.99974045451478255,-0.00025957917297599704,0.00025957917297599704,0.019663889463446833
278,813,0.99838898470953918,-0.0016123143710071377,0.0016123143710071377,0.99999834491941197,-1.655081957629918e-06,1.655081957629918e-06,0.0016106592890495078
279,1176,0.99263056325383769,-0.0073967251947958529,0.0073967251947958529,0.99998061184810139,-1.9388339851287437e-05,1.9388339851287437e-05,0.0073773368549445656
280,2489,0.99999768979799097,-2.3102046775652283e-06,2.3102046775652283e-06,0.99999858810465192,-1.4118963447594996e-06,1.4118963447594996e-06,8.9830833280572875e-07
281,382,0.9980031754264842,-0.0019988208856706042,0.0019988208856706042,0.99747895272214671,-0.0025242304686503604,0.0025242304686503604,-0.00052540958297975617
282,644,0.73741089361997714,-0.30461002027795392,0.30461002027795392,0.69351297714657945,-0.36598532686219915,0.36598532686219915,-0.061375306584245226
283,220,0.99999925777181287,-7.4222846257492677e-07,7.4222846257492677e-07,0.99999887493308115,-1.1250675517265946e-06,1.1250675517265946e-06,-3.828390891516678e-07
284,1049,0.99998966168944958,-1.0338363991073862e-05,1.0338363991073862e-05,0.99999552808570347,-4.4719242955791817e-06,4.4719242955791817e-06,5.8664396954946808e-06
285,21,0.99901785864344894,-0.00098262397339768642,0.00098262397339768642,0.99990808936819664,-9.1914855844267175e-05,9.1914855844267175e-05,0.0008907091175534192
286,11,0.99999972406092885,-2.7593910923830125e-07,2.7593910923830125e-07,0.99999986650751527,-1.3349249369740066e-07,1.3349249369740066e-07,1.4244661554090059e-07
287,11876,0.99999048386696432,-9.5161783143847625e-06,9.5161783143847625e-06,0.99998921349320347,-1.0786564971262615e-05,1.0786564971262615e-05,-1.2703866568778527e-06
288,52757,0.99999785535129881,-2.1446510009629474e-06,2.1446510009629474e-06,0.99999717897274543,-2.821031233650982e-06,2.821031233650982e-06,-6.7638023268803456e-07
289,46531,0.91866868866745843,-0.084829734502292711,0.084829734502292711,0.96705050394123326,-0.033504557445664621,0.033504557445664621,0.051325177056628091
290,264,0.99999928981191732,-7.1018833486594743e-07,7.1018833486594743e-07,0.99999916065078032,-8.3934957197700823e-07,8.3934957197700823e-07,-1.291612371110608e-07
291,7076,0.9999995277284176,-4.722716939203332e-07,4.722716939203332e-07,0.99999933252729856,-6.674729242156926e-07,6.674729242156926e-07,-1.952012302953594e-07
292,304,0.99999993607751458,-6.3922487480762164e-08,6.3922487480762164e-08,0.99999995451112433,-4.5488876741048934e-08,4.5488876741048934e-08,1.8433610739713231e-08
293,9709,0.99999770651851017,-2.2934841198124793e-06,2.2934841198124793e-06,0.99999819560868075,-1.8043929471710303e-06,1.8043929471710303e-06,4.8909117264144901e-07
294,37959,0.99999865866059556,-1.3413403040671622e-06,1.3413403040671622e-06,0.99999887439801549,-1.1256026180041575e-06,1.1256026180041575e-06,2.1573768606300466e-07
295,19071,0.99999833304447561,-1.6669569137968701e-06,1.6669569137968701e-06,0.99999821594968852,-1.7840519028477019e-06,1.7840519028477019e-06,-1.1709498905083176e-07
296,323,0.91187626390550525,-0.092250973654773763,0.092250973654773763,0.92337938741224623,-0.079715091648927205,0.079715091648927205,0.012535882005846558
297,8667,0.9995661734526553,-0.00043392067730637203,0.00043392067730637203,0.99961843458116673,-0.00038163823344063109,0.00038163823344063109,5.2282443865740941e-05
298,449,0.99999954414835801,-4.5585174592279599e-07,4.5585174592279599e-07,0.99999954845601779,-4.5154408409594027e-07,4.5154408409594027e-07,4.3076618268557249e-09
299,16905,0.9767413084129094,-0.02353344356322205,0.02353344356322205,0.89954381864689725,-0.10586751232903537,0.10586751232903537,-0.082334068765813312
300,596,0.99992320264510004,-7.6800303967752387e-05,7.6800303967752387e-05,0.99995323945073367,-4.6761642574876861e-05,4.6761642574876861e-05,3.0038661392875525e-05
301,11,0.9513838853346428,-0.049837632972007849,0.049837632972007849,0.93717302006532766,-0.064887360571956085,0.064887360571956085,-0.015049727599948236
302,11230,0.65709608479191339,-0.41992502341000049,0.41992502341000049,0.73483232092542405,-0.3081129405913427,0.3081129405913427,0.11181208281865779
303,813,0.99999940220736649,-5.9779281220808909e-07,5.9779281220808909e-07,0.99999952715108953,-4.7284902227685817e-07,4.7284902227685817e-07,1.2494378993123092e-07
304,1176,0.99996306900572529,-3.6931676240689892e-05,3.6931676240689892e-05,0.99998546074161765,-1.4539364078410219e-05,1.4539364078410219e-05,2.2392312162279673e-05
305,4465,0.99999296204165267,-7.0379831138275481e-06,7.0379831138275481e-06,0.9999968733481428,-3.1266567451608174e-06,3.1266567451608174e-06,3.9113263686667302e-06
306,2403,0.74069770816759251,-0.3001626881116084,0.3001626881116084,0.71332339485184415,-0.33782039218209281,0.33782039218209281,-0.03765770407048441
307,3468,0.99968639759517908,-0.00031365158833800974,0.00031365158833800974,0.99989292985816858,-0.00010707587424825162,0.00010707587424825162,0.0002065757140897581
308,6354,0.0068041516363157271,-4.9902223183482803,4.9902223183482803,0.53645011066439074,-0.62278171160917906,0.62278171160917906,4.367440606739101
309,2689,0.99998774582131444,-1.2254253768649171e-05,1.2254253768649171e-05,0.99999348887108519,-6.511150112313635e-06,6.511150112313635e-06,5.7431036563355358e-06
310,13818,0.99988983949914101,-0.00011016656897257178,0.00011016656897257178,0.99987166289836649,-0.00012834533754398222,0.00012834533754398222,-1.8178768571410441e-05
311,304,0.82115183427667415,-0.19704724841104293,0.19704724841104293,0.98583935160387881,-0.014261867061770276,0.014261867061770276,0.18278538134927266
312,5651,0.99538069041643307,-0.0046300115639730287,0.0046300115639730287,0.99881659266952294,-0.0011841081098582034,0.0011841081098582034,0.0034459034541148253
313,220,0.99999970707559183,-2.9292445109183542e-07,2.9292445109183542e-07,0.99999991984316972,-8.0156833511129165e-08,8.0156833511129165e-08,2.1276761758070626e-07
314,1049,0.99999965384566358,-3.4615439629856167e-07,3.4615439629856167e-07,0.99999995313690304,-4.6863098080931443e-08,4.6863098080931443e-08,2.9929129821763021e-07
315,22,0.9999984739183202,-1.5260828442533263e-06,1.5260828442533263e-06,0.99999981409577476,-1.8590424248386336e-07,1.8590424248386336e-07,1.340178601769463e-06
316,13,0.99999865479135741,-1.3452095473468742e-06,1.3452095473468742e-06,0.99999904819731955,-9.51803133426163e-07,9.51803133426163e-07,3.9340641392071125e-07
317,1283,0.99999427761055226,-5.7224058206592889e-06,5.7224058206592889e-06,0.9999948109872856,-5.1890261773989917e-06,5.1890261773989917e-06,5.3337964326029725e-07
318,1243,0.9998990634902698,-0.00010094160416252723,0.00010094160416252723,0.9999477429028133,-5.2258462636371466e-05,5.2258462636371466e-05,4.8683141526155759e-05
319,8667,0.99991348373068556,-8.6520012062744892e-05,8.6520012062744892e-05,0.9999722534408505,-2.7746944092413206e-05,2.7746944092413206e-05,5.8773067970331689e-05
320,449,0.99999971133192156,-2.8866812015396022e-07,2.8866812015396022e-07,0.99999975946079622,-2.4053923269047948e-07,2.4053923269047948e-07,4.812888746348074e-08
321,279,0.99905958724541022,-0.00094085522008610959,0.00094085522008610959,0.99998052877179,-1.9471417776769953e-05,1.9471417776769953e-05,0.00092138380230933964
322,29950,0.99351912864617575,-0.0065019633797687064,0.0065019633797687064,0.98932192451250356,-0.010735495256451991,0.010735495256451991,-0.0042335318766832846
323,50417,0.99999603874057152,-3.9612672743160883e-06,3.9612672743160883e-06,0.99999615088652805,-3.8491208797832092e-06,3.8491208797832092e-06,1.1214639453287912e-07
324,19134,0.99998577155121215,-1.4228550013158429e-05,1.4228550013158429e-05,0.99998901470741697,-1.098535292184504e-05,1.098535292184504e-05,3.2431970913133889e-06
325,320,0.99999953322076507,-4.6677934392638765e-07,4.6677934392638765e-07,0.99999985659779289,-1.4340221736598329e-07,1.4340221736598329e-07,3.2337712656040439e-07
326,52,0.99997830770131602,-2.1692533965298398e-05,2.1692533965298398e-05,0.99998111924475885,-1.8880933484815456e-05,1.8880933484815456e-05,2.8116004804829413e-06
327,6897,0.99999795065919894,-2.0493429009050685e-06,2.0493429009050685e-06,0.99999664386791309,-3.3561377187270623e-06,3.3561377187270623e-06,-1.3067948178219939e-06
328,8,0.99996978379717216,-3.0216659346515439e-05,3.0216659346515439e-05,0.99998785431343051,-1.2145760328882391e-05,1.2145760328882391e-05,1.8070899017633048e-05
329,323,0.31185747886176807,-1.1652089940568562,1.1652089940568562,0.42608777374967194,-0.85310991227053878,0.85310991227053878,0.3120990817863174
330,2834,0.85590266186535846,-0.15559862208029651,0.15559862208029651,0.72137989562755545,-0.32658937945169153,0.32658937945169153,-0.17099075737139502
331,279,0.98890253911961157,-0.011159497089292546,0.011159497089292546,0.71541000563935997,-0.33489946617819982,0.33489946617819982,-0.32373996908890729
332,28395,0.99968709038311698,-0.00031295858331214507,0.00031295858331214507,0.99969705637382922,-0.00030298952286077815,0.00030298952286077815,9.96906045136692e-06
333,29201,0.99998529617857557,-1.4703929526629612e-05,1.4703929526629612e-05,0.99998777833479968,-1.2221739885511067e-05,1.2221739885511067e-05,2.4821896411185445e-06
334,4870,0.99999987200624529,-1.2799376294616707e-07,1.2799376294616707e-07,0.99999989898934727,-1.0101065784352352e-07,1.0101065784352352e-07,2.6983105102643553e-08
335,19134,0.99997685848152429,-2.314178624478742e-05,2.314178624478742e-05,0.99994863271224943,-5.1368607094867941e-05,5.1368607094867941e-05,-2.8226820850080521e-05
336,304,0.99869521240761927,-0.0013056395688908799,0.0013056395688908799,0.99651623847958559,-0.0034898439481739186,0.0034898439481739186,-0.0021842043792830385
337,6841,0.96776431545334796,-0.032766697121932448,0.032766697121932448,0.88431626744757108,-0.12294051172257114,0.12294051172257114,-0.090173814600638696
338,220,0.9999994654273614,-5.3457278148703577e-07,5.3457278148703577e-07,0.99999977011877572,-2.2988125070239124e-07,2.2988125070239124e-07,3.0469153078464453e-07
339,1049,0.99999719021999434,-2.8097839531239975e-06,2.8097839531239975e-06,0.99999967857944372,-3.2142060798796955e-07,3.2142060798796955e-07,2.4883633451360281e-06
340,23,0.99999439738202378,-5.6026336709954762e-06,5.6026336709954762e-06,0.99999771247429436,-2.2875283220546706e-06,2.2875283220546706e-06,3.3151053489408056e-06
341,13,0.80377646977610739,-0.21843407112517024,0.21843407112517024,0.78033795230635328,-0.24802818094615836,0.24802818094615836,-0.029594109820988118
342,11876,0.98485414934077298,-0.015261720509005691,0.015261720509005691,0.98993155605027905,-0.010119473546205066,0.010119473546205066,0.0051422469628006253
343,52757,0.99996048827842721,-3.9512502181403473e-05,3.9512502181403473e-05,0.99997790951202747,-2.2090731970927508e-05,2.2090731970927508e-05,1.7421770210475966e-05
344,7946,0.24392872543570815,-1.4108792052310899,1.4108792052310899,0.33897530243191693,-1.0818280284388175,1.0818280284388175,0.32905117679227236
345,35844,0.99956702971487588,-0.00043306404382212598,0.00043306404382212598,0.99956048201573011,-0.00043961460060994086,0.00043961460060994086,-6.5505567878148792e-06
346,813,0.9994448923334347,-0.00055526179586759799,0.00055526179586759799,0.997838372408549,-0.0021639672806722582,0.0021639672806722582,-0.0016087054848046602
347,2316,0.99989315964780867,-0.00010684606002828285,0.00010684606002828285,0.99994232587755694,-5.7675785659261335e-05,5.7675785659261335e-05,4.9170274369021519e-05
348,2403,0.35199242089956301,-1.0441456351511791,1.0441456351511791,0.42024477008392985,-0.86691795154436502,0.86691795154436502,0.17722768360681407
349,9454,0.95538058154190741,-0.045645503183733081,0.045645503183733081,0.77619806369061184,-0.25334755465156106,0.25334755465156106,-0.20770205146782797
350,14603,0.99998701328389294,-1.2986800435174599e-05,1.2986800435174599e-05,0.99999004879323827,-9.9512562752648289e-06,9.9512562752648289e-06,3.0355441599097699e-06
351,719,0.92333358043524139,-0.079764700849503323,0.079764700849503323,0.93455136997111266,-0.067688683055757815,0.067688683055757815,0.012076017793745508
352,574,0.99928265086561252,-0.00071760655239091488,0.00071760655239091488,0.9998467690933156,-0.00015324264773924442,0.00015324264773924442,0.00056436390465167043
353,99048,0.89396442915280372,-0.11208929301988577,0.11208929301988577,0.94620597154140806,-0.055295004727633469,0.055295004727633469,0.056794288292252297
354,4245,0.99959532329927703,-0.00040475860443607277,0.00040475860443607277,0.99992405917021721,-7.5943713433618526e-05,7.5943713433618526e-05,0.00032881489100245424
355,311,0.9999999426065318,-5.7393469883881359e-08,5.7393469883881359e-08,0.99999995439605971,-4.5603941360303325e-08,4.5603941360303325e-08,1.1789528523578034e-08
356,37098,0.99972124515516769,-0.0002787937041857511,0.0002787937041857511,0.99984923592729869,-0.00015077543874652261,0.00015077543874652261,0.00012801826543922849
357,292,0.99992032492424576,-7.967824998168366e-05,7.967824998168366e-05,0.99999986672440921,-1.3327559966806167e-07,1.3327559966806167e-07,7.9544974382015593e-05
358,360,0.99793583167817823,-0.0020663016534614243,0.0020663016534614243,0.99999997297333787,-2.7026662542438512e-08,2.7026662542438512e-08,0.0020662746267988818
359,20000,0.99996139902114833,-3.8601723888584714e-05,3.8601723888584714e-05,0.99999967648649879,-3.2351355357380891e-07,3.2351355357380891e-07,3.8278210335010905e-05
360,13,0.65421408245547397,-0.4243206378859472,0.4243206378859472,0.63679534278963945,-0.45130695793718795,0.45130695793718795,-0.026986320051240742
361,1283,0.99992886468474773,-7.1137845488792985e-05,7.1137845488792985e-05,0.99997618539015953,-2.3814893412747008e-05,2.3814893412747008e-05,4.7322952076045977e-05
362,6052,0.998378378912819,-0.0016229373378218337,0.0016229373378218337,0.99893758583019621,-0.0010629789317807214,0.0010629789317807214,0.00055995840604111235
363,520,0.48767913934502144,-0.71809759071996093,0.71809759071996093,0.77978102275303551,-0.24874213877357823,0.24874213877357823,0.46935545194638273
364,28395,0.99999920110663265,-7.9889368650018943e-07,7.9889368650018943e-07,0.999999541017077,-4.5898302838933104e-07,4.5898302838933104e-07,3.3991065811085838e-07
365,220,0.99999919883089816,-8.011694227219844e-07,8.011694227219844e-07,0.99999985186231055,-1.4813770045857265e-07,1.4813770045857265e-07,6.5303172226341181e-07
366,8027,0.99997323355688994,-2.6766801337704638e-05,2.6766801337704638e-05,0.99999998249250555,-1.7507494633982712e-08,1.7507494633982712e-08,2.6749293843070655e-05
367,323,0.89442844725499182,-0.11157037112221782,0.11157037112221782,0.89777570374882365,-0.10783501498664962,0.10783501498664962,0.0037353561355682047
368,24164,0.98452915603560953,-0.015591766272292517,0.015591766272292517,0.99611236309295281,-0.0038952134102448869,0.0038952134102448869,0.01169655286204763
369,51075,0.00095140189061165273,-6.9575739867790274,6.9575739867790274,0.61234169698036511,-0.49046482387783058,0.49046482387783058,6.4671091629011972
370,3341,0.99852030348551779,-0.001480792346502313,0.001480792346502313,0.99999878861649227,-1.2113842414931452e-06,1.2113842414931452e-06,0.0014795809622608199
371,7678,0.99995989222786619,-4.0108576472058229e-05,4.0108576472058229e-05,0.99999420451048604,-5.7955063078911337e-06,5.7955063078911337e-06,3.4313070164167094e-05
372,311,0.88404970201882138,-0.12324199392181201,0.12324199392181201,0.77990235515955408,-0.2485865528277619,0.2485865528277619,-0.12534455890594989
373,86440,0.99705694954568713,-0.0029473897432233218,0.0029473897432233218,0.98696597903790872,-0.013119709202596738,0.013119709202596738,-0.010172319459373417
374,279,0.99999833570984065,-1.6642915443148046e-06,1.6642915443148046e-06,0.99999992758492462,-7.2415077976659394e-08,7.2415077976659394e-08,1.5918764663381452e-06
375,71729,0.19917599540071165,-1.6135664461094599,1.6135664461094599,0.99995669921036712,-4.3301727139132195e-05,4.3301727139132195e-05,1.6135231443823208
376,59284,0.99664013306368471,-0.0033655239640245694,0.0033655239640245694,0.99984082773963301,-0.00015918492961566045,0.00015918492961566045,0.0032063390344089088
377,382,0.44357636748597956,-0.81288529930291908,0.81288529930291908,0.7609449693213346,-0.27319423737340215,0.27319423737340215,0.53969106192951699
378,24641,0.98206763697464394,-0.018095096243309461,0.018095096243309461,0.98807260686758402,-0.011999095202061329,0.011999095202061329,0.0060960010412481318
379,52757,0.99999124216037627,-8.7578779738283111e-06,8.7578779738283111e-06,0.99999652374780013,-3.4762582420152021e-06,3.4762582420152021e-06,5.2816197318131093e-06
380,596,0.51666204406158422,-0.66036630475455771,0.66036630475455771,0.53813903807006458,-0.61963831713447459,0.61963831713447459,0.040727987620083117
381,43667,0.31598965411114666,-1.1520458060857948,1.1520458060857948,0.55789559422657653,-0.58358344122837791,0.58358344122837791,0.56846236485741686
382,7076,0.99994495292194763,-5.5048593198402446e-05,5.5048593198402446e-05,0.99995199593967887,-4.8005212552952343e-05,4.8005212552952343e-05,7.0433806454501033e-06
383,574,0.99839295544335316,-0.0016083372378668209,0.0016083372378668209,0.9992673107617982,-0.00073295778614450085,0.00073295778614450085,0.00087537945172232005
384,13160,0.89844114244535822,-0.1070940813645344,0.1070940813645344,0.92879440808204161,-0.073867869200082981,0.073867869200082981,0.033226212164451416
385,555,0.99987119792559742,-0.00012881037010210078,0.00012881037010210078,0.99989318440424668,-0.0001068213009453047,0.0001068213009453047,2.1989069156796076e-05
386,3892,0.43289295463635896,-0.83726479947292387,0.83726479947292387,0.56864178869130189,-0.56450458846068619,0.56450458846068619,0.27276021101223769
387,6992,0.41801200681673695,-0.87224512242796515,0.87224512242796515,0.4584628590048021,-0.77987599600882473,0.77987599600882473,0.092369126419140413
388,2316,0.78768032066985638,-0.23866295586556477,0.23866295586556477,0.72537585453273223,-0.32106533841556056,0.32106533841556056,-0.082402382549995795
389,46616,0.99976701383583766,-0.00023301330965517399,0.00023301330965517399,0.99976096283300508,-0.00023906574093212721,0.00023906574093212721,-6.0524312769532121e-06
390,11,0.80161852405095335,-0.22112244007254228,0.22112244007254228,0.6985790005732313,-0.35870700636089281,0.35870700636089281,-0.13758456628835053
391,2737,0.66671681921840864,-0.40538988211009774,0.40538988211009774,0.58872312921785142,-0.52979927508737157,0.52979927508737157,-0.12440939297727382
392,264,0.99699366896441177,-0.0030108591263063489,0.0030108591263063489,0.99824122895721379,-0.0017603194964267005,0.0017603194964267005,0.0012505396298796484
393,12845,0.91538976562284624,-0.088405331049208266,0.088405331049208266,0.89103745083469776,-0.11536882003248794,0.11536882003248794,-0.026963488983279674
394,927,0.99956665120955179,-0.00043344271317053264,0.00043344271317053264,0.99962163926570125,-0.00037843233078149697,0.00037843233078149697,5.5010382389035668e-05
395,67188,0.674505363704757,-0.39377565124621566,0.39377565124621566,0.94355358901284891,-0.058102117680655263,0.058102117680655263,0.3356735335655604
396,31298,0.99912929790309757,-0.00087108137814985919,0.00087108137814985919,0.99999572246477775,-4.2775443709100394e-06,4.2775443709100394e-06,0.00086680383377894918
397,300,0.9999857349974397,-1.4265104306436638e-05,1.4265104306436638e-05,0.99999863583365234,-1.3641672781407956e-06,1.3641672781407956e-06,1.2900937028295842e-05
398,42221,0.9999995821681672,-4.1783192014595506e-07,4.1783192014595506e-07,0.9999987380656794,-1.2619351168589666e-06,1.2619351168589666e-06,-8.4410319671301163e-07
399,520,0.75382927199397609,-0.28258936632947168,0.28258936632947168,0.99381262776181345,-0.0062065933522680826,0.0062065933522680826,0.27638277297720359
400,28395,0.9999624516546245,-3.7549050332262042e-05,3.7549050332262042e-05,0.99999838067949776,-1.6193218133776013e-06,1.6193218133776013e-06,3.5929728518884441e-05
401,220,0.99999707209289057,-2.9279113957903816e-06,2.9279113957903816e-06,0.99999992766993373,-7.2330068871949991e-08,7.2330068871949991e-08,2.8555813269184315e-06
402,7994,0.99300817312749445,-0.0070163842281435029,0.0070163842281435029,0.9982713714932574,-0.0017301243090392978,0.0017301243090392978,0.0052862599191042048
403,13,0.99901971954699886,-0.00098076124211555842,0.00098076124211555842,0.99989097871226618,-0.00010902723098637086,0.00010902723098637086,0.00087173401112918751
404,4452,0.99845340020171736,-0.0015477970183233815,0.0015477970183233815,0.99759870597258593,-0.0024041817577030852,0.0024041817577030852,-0.00085638473937970369
405,11,0.9999999278798487,-7.2120153912819335e-08,7.2120153912819335e-08,0.99999998254686739,-1.7453132786576808e-08,1.7453132786576808e-08,5.4667021126242524e-08
406,568,0.99906021620545171,-0.00094022566820401441,0.00094022566820401441,0.99983279295721161,-0.00016722102344447968,0.00016722102344447968,0.0007730046447595347
407,574,0.76033552308970032,-0.27399546537478403,0.27399546537478403,0.97511453534858517,-0.025200342731207762,0.025200342731207762,0.24879512264357628
408,1578,0.027558299192132877,-3.5914515476534494,3.5914515476534494,0.48151785959679366,-0.73081195684970657,0.73081195684970657,2.8606395908037427
409,99048,0.99867070682750836,-0.0013301774664049148,0.0013301774664049148,0.99919089502078029,-0.00080943248132103914,0.00080943248132103914,0.00052074498508387565
410,4245,0.99842849986686422,-0.0015727362346622186,0.0015727362346622186,0.99986694911245688,-0.00013305973959764768,0.00013305973959764768,0.0014396764950645709
411,311,0.99999976549453062,-2.3450549683604613e-07,2.3450549683604613e-07,0.99999994625812061,-5.3741880833596484e-08,5.3741880833596484e-08,1.8076361600244965e-07
412,37098,0.93357056519334503,-0.068738726791580884,0.068738726791580884,0.99959814825695337,-0.0004019325070958721,0.0004019325070958721,0.068336794284485011
413,292,0.99998939565476852,-1.0604401457995733e-05,1.0604401457995733e-05,0.9999996775252068,-3.22474845234678e-07,3.22474845234678e-07,1.0281926612761056e-05
414,360,0.99999893512907945,-1.0648714875589164e-06,1.0648714875589164e-06,0.99999913204385815,-8.6795651857084633e-07,8.6795651857084633e-07,1.9691496898807002e-07
415,20000,0.99999970018712969,-2.9981291529217117e-07,2.9981291529217117e-07,0.99999682832389802,-3.1716811316990808e-06,3.1716811316990808e-06,-2.8718682164069094e-06
416,323,0.98368947126898143,-0.016445009713769946,0.016445009713769946,0.99673095964473157,-0.0032743953413190596,0.0032743953413190596,0.013170614372450887
417,55093,0.010017057840560986,-4.60346585512929,4.60346585512929,0.99960381210577998,-0.00039626639737919199,0.00039626639737919199,4.6030695887319109
418,15173,0.98095213000697268,-0.019231617746055005,0.019231617746055005,0.99999717866075633,-2.8213432236483755e-06,2.8213432236483755e-06,0.019228796402831358
419,13,0.77383220767019023,-0.25640021484970849,0.25640021484970849,0.65041038289288489,-0.43015175701850816,0.43015175701850816,-0.17375154216879968
420,11876,0.86247509459102567,-0.14794900633002916,0.14794900633002916,0.71046434600710962,-0.3418365142563915,0.3418365142563915,-0.19388750792636233
421,52757,0.99996243207879398,-3.7568626898088728e-05,3.7568626898088728e-05,0.99995801277139862,-4.1988110089760582e-05,4.1988110089760582e-05,-4.4194831916718542e-06
422,6052,0.92100373388625334,-0.082291188569735232,0.082291188569735232,0.99142824365753757,-0.0086087051414440452,0.0086087051414440452,0.073682483428291187
423,520,0.85477491463946897,-0.15691710243539156,0.15691710243539156,0.99417901514052065,-0.0058379928260399354,0.0058379928260399354,0.15107910960935161
424,28395,0.99999394445620471,-6.0555621301163448e-06,6.0555621301163448e-06,0.999999401518886,-5.9848129306827623e-07,5.9848129306827623e-07,5.4570808370480688e-06
425,220,0.99999927136379663,-7.2863646882619047e-07,7.2863646882619047e-07,0.99999995639276185,-4.3607239090359021e-08,4.3607239090359021e-08,6.8502922973583144e-07
426,9335,0.99967978919560918,-0.00032026208281735712,0.00032026208281735712,0.99999997506350891,-2.4936491449471287e-08,2.4936491449471287e-08,0.00032023714632590763
427,304,0.00017490302001699256,-8.6512789089819169,8.6512789089819169,0.86971020792594511,-0.13959521715974293,0.13959521715974293,8.5116836918221743
428,6790,0.62975099893235453,-0.46243077751430472,0.46243077751430472,0.9999901632717334,-9.8367766475067824e-06,9.8367766475067824e-06,0.46242094073765722
429,220,0.99998794614581166,-1.2053926836582725e-05,1.2053926836582725e-05,0.46180700754299908,-0.7726082077658738,0.7726082077658738,-0.77259615383903724
430,679,0.99997537250796797,-2.4627795293657467e-05,2.4627795293657467e-05,0.9999970283589581,-2.9716454572757072e-06,2.9716454572757072e-06,2.165614983638176e-05
431,16,0.99966925642467253,-0.00033079828304692773,0.00033079828304692773,0.99999152187805573,-8.478157883753613e-06,8.478157883753613e-06,0.00032232012516317411
432,719,0.78033128779581917,-0.24803672152652337,0.24803672152652337,0.88559863563948105,-0.12149143819472204,0.12149143819472204,0.12654528333180132
433,5675,0.97967835630171363,-0.020530969044899705,0.020530969044899705,0.99846992762885989,-0.0015312441272709331,0.0015312441272709331,0.018999724917628771
434,311,0.99976335950078821,-0.00023666850299273871,0.00023666850299273871,0.99999806767661514,-1.93232525181715e-06,1.93232525181715e-06,0.00023473617774092155
435,362,0.97590486009358657,-0.02439017673278011,0.02439017673278011,0.99999873519575322,-1.2648050466352197e-06,1.2648050466352197e-06,0.024388911927733476
436,1638,0.99990475539437618,-9.5249141679244626e-05,9.5249141679244626e-05,0.99999998645182475,-1.3548175378613806e-08,1.3548175378613806e-08,9.5235593503866013e-05
437,1334,0.99998876546377968,-1.1234599328229305e-05,1.1234599328229305e-05,0.99999979045830323,-2.095417186717287e-07,2.095417186717287e-07,1.1025057609557577e-05
438,6193,0.99993912534857088,-6.0876504365898145e-05,6.0876504365898145e-05,0.99999762508406664,-2.3749187535006262e-06,2.3749187535006262e-06,5.8501585612397517e-05
439,68,0.99999989208847773,-1.079115281084109e-07,1.079115281084109e-07,0.99999990904696789,-9.0953036296267884e-08,9.0953036296267884e-08,1.6958491812143018e-08
440,336,0.99999707367256185,-2.9263317198057488e-06,2.9263317198057488e-06,0.99999982487758809,-1.7512242721331547e-07,1.7512242721331547e-07,2.7512092925924333e-06
441,323,0.19045407925749241,-1.6583441672399544,1.6583441672399544,0.99988264487179013,-0.00011736201486168874,0.00011736201486168874,1.6582268052250926
442,40522,0.00053930371801829303,-7.5252316614889274,7.5252316614889274,0.99456946326624196,-0.0054453357002371043,0.0054453357002371043,7.5197863257886901
443,22311,0.9254443788058111,-0.077481247309624288,0.077481247309624288,0.9999056583792556,-9.4346071194980108e-05,9.4346071194980108e-05,0.077386901238429312
444,505,0.99873054998475264,-0.0012702564494755087,0.0012702564494755087,0.99999979040616549,-2.0959385651039553e-07,2.0959385651039553e-07,0.0012700468556189983
445,43667,0.99878324325236323,-0.0012174975971449766,0.0012174975971449766,0.99999152095269916,-8.4790832481310598e-06,8.4790832481310598e-06,0.0012090185138968455
446,382,0.99864823950664083,-0.0013526749457481223,0.0013526749457481223,0.99905354725309092,-0.00094690091611307091,0.00094690091611307091,0.00040577402963505138
447,24641,0.80892740612709857,-0.21204609879648056,0.21204609879648056,0.97368064243125962,-0.026671911618933373,0.026671911618933373,0.18537418717754719
448,52757,0.99996630153921706,-3.3699028588779385e-05,3.3699028588779385e-05,0.99999387192093347,-6.1280978433221687e-06,6.1280978433221687e-06,2.7570930745457216e-05
449,706,0.30865243526338415,-1.1755394401251351,1.1755394401251351,0.43397382445049637,-0.83477105902663895,0.83477105902663895,0.34076838109849616
450,1027,0.22372904744585717,-1.4973195689120034,1.4973195689120034,0.81317079374220069,-0.20681411309401351,0.20681411309401351,1.2905054558179898
451,9152,0.98488749678442222,-0.015227860795760521,0.015227860795760521,0.58619258566929766,-0.5341068989100386,0.5341068989100386,-0.51887903811427805
452,555,0.99827653723896959,-0.0017249496315977406,0.0017249496315977406,0.99994625088121636,-5.3750563319282407e-05,5.3750563319282407e-05,0.0016711990682784581
453,7043,0.99950709042930319,-0.00049303109055309346,0.00049303109055309346,0.9999856238019782,-1.4376301360296216e-05,1.4376301360296216e-05,0.00047865478919279723
454,28653,0.99954076472411513,-0.00045934075669905186,0.00045934075669905186,0.99998384460470269,-1.615552579710151e-05,1.615552579710151e-05,0.00044318523090195036
455,1543,0.99999915481780799,-8.4518254916141873e-07,8.4518254916141873e-07,0.99999998251898414,-1.7481016037353231e-08,1.7481016037353231e-08,8.2770153312406553e-07
456,6957,0.98287915105955959,-0.017269105294347258,0.017269105294347258,0.99992937937956272,-7.0623114190754947e-05,7.0623114190754947e-05,0.017198482180156502
457,813,0.99951036213424294,-0.00048975777752073525,0.00048975777752073525,0.76307499716743921,-0.27039896004125585,0.27039896004125585,-0.2699092022637351
458,6721,0.015856667888530566,-4.1441651801492654,4.1441651801492654,0.99684628648569173,-0.003158696949082026,0.003158696949082026,4.1410064832001829
459,36540,0.96611421307523515,-0.034473218761451145,0.034473218761451145,0.99997783478343716,-2.2165462214830252e-05,2.2165462214830252e-05,0.034451053299236312
460,7076,0.082986377537811767,-2.4890788107061539,2.4890788107061539,0.99945964515555219,-0.00054050088873967568,0.00054050088873967568,2.4885383098174141
461,323,0.6261573471180103,-0.46815358624230902,0.46815358624230902,0.99499990850270492,-0.0050126337806290118,0.0050126337806290118,0.46314095246168002
462,706,0.99993123891698721,-6.8763447164429608e-05,6.8763447164429608e-05,0.99999812444458713,-1.8755571717500822e-06,1.8755571717500822e-06,6.6887889992679528e-05
463,2010,0.98747101016715511,-0.012608139430533492,0.012608139430533492,0.99979868481559786,-0.00020133545102396072,0.00020133545102396072,0.012406803979509532
464,15472,0.99998295573777995,-1.7044407475143519e-05,1.7044407475143519e-05,0.99999674701936503,-3.2529859258755192e-06,3.2529859258755192e-06,1.3791421549268e-05
465,12387,0.99803968030641721,-0.0019622436350046429,0.0019622436350046429,0.99979490726738429,-0.0002051137670062828,0.0002051137670062828,0.0017571298679983601
466,2343,0.99920276167916466,-0.00079755628431180136,0.00079755628431180136,0.99999300450796036,-6.995516508256886e-06,6.995516508256886e-06,0.00079056076780354442
467,17453,0.9999959424104593,-4.0575977726871613e-06,4.0575977726871613e-06,0.99999899066777953,-1.0093327298338127e-06,1.0093327298338127e-06,3.0482650428533486e-06
468,23318,0.99971806931220142,-0.00028197043772626646,0.00028197043772626646,0.99998322416065788,-1.6775980058123027e-05,1.6775980058123027e-05,0.00026519445766814341
469,4455,0.99999067534310337,-9.3247003714745413e-06,9.3247003714745413e-06,0.99999561936236547,-4.3806472295716576e-06,4.3806472295716576e-06,4.9440531419028837e-06
470,369,0.0042191747668463547,-5.4681157229371848,5.4681157229371848,0.99684672166907873,-0.0031582603890046501,0.0031582603890046501,5.4649574625481803
471,2225,0.38704540684586297,-0.94921326248395543,0.94921326248395543,0.99963175799254356,-0.00036830982519387025,0.00036830982519387025,0.94884495265876156
472,34538,0.99507745767183398,-0.0049346979470916161,0.0049346979470916161,0.50712864642275146,-0.67899056709882477,0.67899056709882477,-0.6740558691517331
473,323,0.99999760917534464,-2.3908275134266651e-06,2.3908275134266651e-06,0.99999977123736727,-2.2876265885107957e-07,2.2876265885107957e-07,2.1620648545755854e-06
474,28395,0.99380342680286415,-0.0062158516382718569,0.0062158516382718569,0.99967152942885495,-0.00032852452941917995,0.00032852452941917995,0.0058873271088526772
475,13,0.89686315732415434,-0.10885198449857916,0.10885198449857916,0.9388348601465224,-0.063115683029008163,0.063115683029008163,0.045736301469571
476,763,0.020300271855333681,-3.8971210011357074,3.8971210011357074,0.76187484594235566,-0.27197298095517852,0.27197298095517852,3.6251480201805286
477,220,0.27229849106297277,-1.300856420768483,1.300856420768483,0.99749450350961411,-0.0025086404993511211,0.0025086404993511211,1.2983477802691319
478,679,0.99769469070024663,-0.0023079706161287482,0.0023079706161287482,0.99999985222587073,-1.4777414021938163e-07,1.4777414021938163e-07,0.002307822841988529
479,20,0.040647226810554923,-3.2028246664580458,3.2028246664580458,0.98829161954142197,-0.011777463306676934,0.011777463306676934,3.1910472031513688
480,11,0.99987375051477612,-0.00012625745536092069,0.00012625745536092069,0.9999999543484811,-4.5651519965852737e-08,4.5651519965852737e-08,0.00012621180384095483
481,459,0.0028365424733237366,-5.8651694074603897,5.8651694074603897,0.9995318621597018,-0.00046824745102690455,0.00046824745102690455,5.8647011600093633
482,27290,0.98442846069120249,-0.015694049169231821,0.015694049169231821,0.99991802987813805,-8.1973481596025777e-05,8.1973481596025777e-05,0.015612075687635795
483,916,0.0011264309051335307,-6.7887011358510101,6.7887011358510101,0.99995619382887302,-4.3807130645306689e-05,4.3807130645306689e-05,6.7886573287203644
484,4652,0.89664753754131632,-0.10909242887897141,0.10909242887897141,0.99999594274516135,-4.0572630693368056e-06,4.0572630693368056e-06,0.10908837161590208
485,14183,0.10316230340022918,-2.2714517697941781,2.2714517697941781,0.99999037663064927,-9.623415655659625e-06,9.623415655659625e-06,2.2714421463785226
486,311,0.99995327718590443,-4.672390564023653e-05,4.672390564023653e-05,0.99999989312143123,-1.0687857449678771e-07,1.0687857449678771e-07,4.6617027065739743e-05
487,11876,0.70743067660596737,-0.34611563786125626,0.34611563786125626,0.9989941458325996,-0.0010063603781814122,0.0010063603781814122,0.34510927748307485
488,52757,0.99988893377069699,-0.00011107239761333781,0.00011107239761333781,0.99999320597119168,-6.7940518878860383e-06,6.7940518878860383e-06,0.00010427834572545177
489,439,0.99940802196729006,-0.00059215332088680258,0.00059215332088680258,0.9999999815245374,-1.8475462766646027e-08,1.8475462766646027e-08,0.00059213484542403592
490,330,0.25458337258606917,-1.3681269029802212,1.3681269029802212,0.99989989064147988,-0.00010011436979643001,0.00010011436979643001,1.3680267886104247
491,1820,0.56157265153032432,-0.5770141248738071,0.5770141248738071,0.99992421174201584,-7.5791130059267507e-05,7.5791130059267507e-05,0.57693833374374781
492,1455,0.77270932911916568,-0.25785233071161784,0.25785233071161784,0.99999980562671809,-1.9437330077138673e-07,1.9437330077138673e-07,0.25785213633831705
493,27332,0.92155772910619671,-0.081689856947681994,0.081689856947681994,0.99996586615525751,-3.4134427315377455e-05,3.4134427315377455e-05,0.081655722520366611
494,34880,0.98662195436478994,-0.013468337881137649,0.013468337881137649,0.99999565981644067,-4.3401929779398836e-06,4.3401929779398836e-06,0.01346399768815971
495,304,0.80323458941655479,-0.21910846645927887,0.21910846645927887,0.99999989105911136,-1.0894089458876532e-07,1.0894089458876532e-07,0.21910835751838428
496,463,0.00064272989632354423,-7.3497859899059605,7.3497859899059605,0.99999899826778993,-1.0017327117560163e-06,1.0017327117560163e-06,7.3497849881732487
497,36540,0.28116249872182225,-1.2688224895257663,1.2688224895257663,0.99997513805638916,-2.4862252674134843e-05,2.4862252674134843e-05,1.2687976272730921
498,3925,0.56789184391798875,-0.5658242940296887,0.5658242940296887,0.99999776770998983,-2.2322925017317065e-06,2.2322925017317065e-06,0.56582206173718697
499,1210,0.48704351860911232,-0.7194017992983075,0.7194017992983075,0.86068192362970475,-0.15003026948787632,0.15003026948787632,0.56937152981043115
500,11876,0.0060239419792166692,-5.1120134201350673,5.1120134201350673,0.0019279743434624033,-6.2512853902151049,6.2512853902151049,-1.1392719700800376
501,52757,0.99997546582257091,-2.4534478396923885e-05,2.4534478396923885e-05,0.99999234960553407,-7.6504237303232777e-06,7.6504237303232777e-06,1.6884054666600609e-05
502,706,0.39721283869399265,-0.92328302433754306,0.92328302433754306,0.86373628287864079,-0.14648778491939538,0.14648778491939538,0.77679523941814765
503,1101,0.66672168884225003,-0.40538257825047175,0.40538257825047175,0.69895496564437865,-0.35816896565590062,0.35816896565590062,0.04721361259457113
504,1027,0.92364087953041174,-0.079431941404620038,0.079431941404620038,0.98900851582695615,-0.011052336853567052,0.011052336853567052,0.068379604551052992
505,264,0.031345680279853003,-3.4626788115134692,3.4626788115134692,0.75199657959108146,-0.28502350345875638,0.28502350345875638,3.177655308054713
506,3830,0.14087593368114476,-1.9598756789164242,1.9598756789164242,0.99467801767153752,-0.0053361945235424089,0.0053361945235424089,1.9545394843928818
507,5274,0.99755768484309282,-0.002445302473540367,0.002445302473540367,0.99997690984199972,-2.309042458210955e-05,2.309042458210955e-05,0.0024222120489582576
508,37392,0.97341816346516885,-0.026941521940593363,0.026941521940593363,0.99997920050409805,-2.0799712214477039e-05,2.0799712214477039e-05,0.026920722228378886
509,304,0.52039382608556228,-0.65316939620055281,0.65316939620055281,0.99992587085707474,-7.4131890626004314e-05,7.4131890626004314e-05,0.65309526430992682
510,28395,0.26526734337585955,-1.3270171186081734,1.3270171186081734,0.88037484693042745,-0.12740749978518212,0.12740749978518212,1.1996096188229912
511,11,0.99385873340735786,-0.006160201733961982,0.006160201733961982,0.99140699158276591,-0.0086301411885695966,0.0086301411885695966,-0.0024699394546076146
512,24435,0.74243792521246876,-0.29781601420760789,0.29781601420760789,0.5359801464794457,-0.6236581587476262,0.6236581587476262,-0.32584214454001831
513,304,0.99999310473788772,-6.8952858847126917e-06,6.8952858847126917e-06,0.99999990195896993,-9.8041034925078035e-08,9.8041034925078035e-08,6.7972448497876139e-06
514,3892,0.93178968932891504,-0.070648144987003295,0.070648144987003295,0.99056895840804959,-0.0094757954707642509,0.0094757954707642509,0.061172349516239045
515,315,0.47060796035811736,-0.75372988749382175,0.75372988749382175,0.9904291451806172,-0.0096169497983845751,0.0096169497983845751,0.74411293769543718
516,279,0.99118580905364539,-0.0088532657050786577,0.0088532657050786577,0.99999797411760383,-2.0258844482289105e-06,2.0258844482289105e-06,0.0088512398206304285
517,1888,0.012619229079919409,-4.372533510904586,4.372533510904586,0.99950689790162328,-0.00049322371319711063,0.00049322371319711063,4.372040287191389
518,48724,0.99973355879379289,-0.00026647670797155711,0.00026647670797155711,0.99999098119374996,-9.0188469197180557e-06,9.0188469197180557e-06,0.00025745786105183904
519,2343,0.99479585567330453,-0.0052177330514078342,0.0052177330514078342,0.99996252199363533,-3.7478708682705451e-05,3.7478708682705451e-05,0.0051802543427251291
520,17453,0.99994031938232353,-5.9682398635390616e-05,5.9682398635390616e-05,0.99999870276254144,-1.29723830002612e-06,1.29723830002612e-06,5.8385160335364496e-05
521,23318,0.99296629795684621,-0.0070585551334236812,0.0070585551334236812,0.98982125547838895,-0.010230902176448091,0.010230902176448091,-0.0031723470430244094
522,4455,0.99997081051907855,-2.91899069426277e-05,2.91899069426277e-05,0.99998641027751678,-1.3589814824315285e-05,1.3589814824315285e-05,1.5600092118312415e-05
523,304,0.32735595415891056,-1.1167071552917338,1.1167071552917338,0.99973855932757405,-0.0002614748539963672,0.0002614748539963672,1.1164456804377374
524,28395,0.1792626796396159,-1.7189030648236008,1.7189030648236008,0.99119133612634303,-0.0088476894980374105,0.0088476894980374105,1.7100553753255634
525,3925,0.99973766467990877,-0.00026236973602041446,0.00026236973602041446,0.99999488844088624,-5.1115721778607622e-06,5.1115721778607622e-06,0.00025725816384255368
526,11,0.76990183018177782,-0.26149226553278382,0.26149226553278382,0.95646732075184382,-0.044508656130495844,0.044508656130495844,0.21698360940228797
527,2737,0.99906291311330908,-0.0009375262270956841,0.0009375262270956841,0.99997210123640001,-2.789915277771268e-05,2.789915277771268e-05,0.00090962707431797147
528,28395,0.99961888484439654,-0.00038118779844176833,0.00038118779844176833,0.99999881796656009,-1.1820341385190207e-06,1.1820341385190207e-06,0.00038000576430324932
529,220,0.99997309903222953,-2.6901329608018334e-05,2.6901329608018334e-05,0.99999997676256147,-2.3237438814066894e-08,2.3237438814066894e-08,2.6878092169204268e-05
530,1041,0.99535329299196829,-0.004657536511751042,0.004657536511751042,0.99999910883321064,-8.9116718641589711e-07,8.9116718641589711e-07,0.004656645344564626
531,323,0.99824828494861095,-0.0017532510982727905,0.0017532510982727905,0.99999919778081792,-8.0221950390147646e-07,8.0221950390147646e-07,0.001752448878768889
532,28395,0.9989943051539929,-0.0010062008963854082,0.0010062008963854082,0.99999881934856771,-1.1806521292015249e-06,1.1806521292015249e-06,0.0010050202442562068
533,220,0.99995096861088795,-4.9032591189860345e-05,4.9032591189860345e-05,0.99999986065705138,-1.3934295834472741e-07,1.3934295834472741e-07,4.8893248231515618e-05
534,1049,0.99981378542191135,-0.00018623191817588821,0.00018623191817588821,0.99999974477323927,-2.5522679332559926e-07,2.5522679332559926e-07,0.00018597669138256261
535,13,0.67689052838710695,-0.39024572019790471,0.39024572019790471,0.69846687378207861,-0.35886752620272716,0.35886752620272716,0.03137819399517755
536,4815,0.0027476686474878715,-5.8970024914091148,5.8970024914091148,0.00016645166641347854,-8.700805582497539,8.700805582497539,-2.8038030910884242
537,644,0.4392231220204339,-0.82274774440654064,0.82274774440654064,0.4160085359160372,-0.87704949990245062,0.87704949990245062,-0.054301755495909987
538,5936,0.58152899094436883,-0.54209445281582624,0.54209445281582624,0.70760793430665181,-0.34586510377653995,0.34586510377653995,0.19622934903928629
539,220,0.9988921507582863,-0.0011084633602939985,0.0011084633602939985,0.99996330728123839,-3.6693391955857408e-05,3.6693391955857408e-05,0.001071769968338141
540,679,0.9983158478265719,-0.0016855719520057449,0.0016855719520057449,0.99996145869774389,-3.8542044991240766e-05,3.8542044991240766e-05,0.0016470299070145042
541,17,0.97942323240470164,-0.020791418936753039,0.020791418936753039,0.99996424266598327,-3.5757973325424066e-05,3.5757973325424066e-05,0.020755660963427614
542,11,0.97495883976908404,-0.025360024496846625,0.025360024496846625,0.99988068133459895,-0.00011932578443926997,0.00011932578443926997,0.025240698712407354
543,11876,0.95099851559422044,-0.050242777327322991,0.050242777327322991,0.99944554080766068,-0.00055461296167914485,0.00055461296167914485,0.049688164365643848
544,52757,0.99993808289088881,-6.191902605453818e-05,6.191902605453818e-05,0.99999260297574943,-7.3970516086549586e-06,7.3970516086549586e-06,5.4521974445883225e-05
545,6052,0.59567176751151496,-0.51806548927368068,0.51806548927368068,0.79648753816806839,-0.22754379549445686,0.22754379549445686,0.29052169377922382
546,311,0.99993129555072624,-6.8706809532532469e-05,6.8706809532532469e-05,0.99999881465470586,-1.1853459967166876e-06,1.1853459967166876e-06,6.7521463535815776e-05
547,6721,0.048391128857886913,-3.0284387701190481,3.0284387701190481,0.68203094919030061,-0.38268024212388896,0.38268024212388896,2.645758527995159
548,36540,0.99989304791175693,-0.00010695780802553323,0.00010695780802553323,0.99999402026541873,-5.9797524599156531e-06,5.9797524599156531e-06,0.00010097805556561757
549,323,0.54892362081350543,-0.59979597135254092,0.59979597135254092,0.63988501235476858,-0.44646678696635733,0.44646678696635733,0.15332918438618359
550,48041,0.80824755130498527,-0.21288689200693675,0.21288689200693675,0.73132358033846701,-0.31289926281311053,0.31289926281311053,-0.10001237080617378
551,1619,0.99987060354868618,-0.00012940482375690105,0.00012940482375690105,0.99997992595969887,-2.0074241787401201e-05,2.0074241787401201e-05,0.00010933058196949985
552,34538,0.97210362497773717,-0.02829287014474614,0.02829287014474614,0.9999729569422664,-2.7043423403689908e-05,2.7043423403689908e-05,0.028265826721342448
553,1306,0.26313095800419067,-1.3351034315555153,1.3351034315555153,0.99856385733341124,-0.0014371749078837144,0.0014371749078837144,1.3336662566476316
554,459,0.99238042765137091,-0.0076487495966120729,0.0076487495966120729,0.99999554054389328,-4.4594660501565822e-06,4.4594660501565822e-06,0.0076442901305619161
555,8223,0.98445168327932409,-0.015670459527989549,0.015670459527989549,0.99985787840780482,-0.00014213169242560319,0.00014213169242560319,0.015528327835563946
556,4771,0.99819515482046661,-0.0018064758749916658,0.0018064758749916658,0.99999576312947847,-4.2368794971440139e-06,4.2368794971440139e-06,0.0018022389954945217
557,81286,0.14877315350740544,-1.9053325928379015,1.9053325928379015,0.99999484289405283,-5.1571192450476655e-06,5.1571192450476655e-06,1.9053274357186565
558,13,0.99357415841327323,-0.0064465761793087032,0.0064465761793087032,0.99927015120489449,-0.00073011526440017248,0.00073011526440017248,0.0057164609149085305
559,9220,0.00046216062767059235,-7.6795980483681765,7.6795980483681765,0.48148323647415814,-0.7308838635646453,0.7308838635646453,6.9487141848035314
560,1667,0.96170759176573462,-0.039044833184705779,0.039044833184705779,0.99999198746983009,-8.0125622704467657e-06,8.0125622704467657e-06,0.039036820622435332
561,3010,0.99589300505924205,-0.004115451807293849,0.004115451807293849,0.99999681181000044,-3.1881950817954822e-06,3.1881950817954822e-06,0.0041122636122120533
562,11,0.96830519938613913,-0.032207952776528263,0.032207952776528263,0.99995261678131497,-4.7384341305248121e-05,4.7384341305248121e-05,0.032160568435223018
563,520,0.80675808402475657,-0.21473142761715122,0.21473142761715122,0.98054049184214664,-0.019651337062134806,0.019651337062134806,0.19508009055501641
564,99399,0.99640823629405251,-0.0035982295764362291,0.0035982295764362291,0.99999181653673308,-8.1834967516709283e-06,8.1834967516709283e-06,0.0035900460796845584
565,1692,0.99916830413196789,-0.0008320419189265445,0.0008320419189265445,0.99989924441632139,-0.0001007606598633832,0.0001007606598633832,0.0007312812590631613
566,689,0.99998701151491665,-1.2988569434461256e-05,1.2988569434461256e-05,0.99999955675650565,-4.4324359262944956e-07,4.4324359262944956e-07,1.2545325841831806e-05
567,20572,0.9497971735612355,-0.051506818696732376,0.051506818696732376,0.99988380718274095,-0.00011619956816742086,0.00011619956816742086,0.051390619128564956
568,11,0.98413126694750197,-0.015995989457642537,0.015995989457642537,0.99999544588292899,-4.5541274410317062e-06,4.5541274410317062e-06,0.015991435330201507
569,11876,0.90616066151785113,-0.09853865806671426,0.09853865806671426,0.99774638982329689,-0.0022561533777583813,0.0022561533777583813,0.096282504688955883
570,52757,0.99983461873943225,-0.00016539493755639417,0.00016539493755639417,0.99998381912664736,-1.6181004264384225e-05,1.6181004264384225e-05,0.00014921393329200995
571,24164,0.98986530126894201,-0.010186404434712026,0.010186404434712026,0.99993559330450743,-6.44087696928916e-05,6.44087696928916e-05,0.010121995665019135
572,578,0.95057810846353163,-0.050684944245257928,0.050684944245257928,0.99994210908097558,-5.7892594768293685e-05,5.7892594768293685e-05,0.050627051650489634
573,99773,0.99997783750100988,-2.2162744581883209e-05,2.2162744581883209e-05,0.99999941185104024,-5.8814913274276601e-07,5.8814913274276601e-07,2.1574595449140441e-05
574,4506,0.99999762804377479,-2.3719590382802715e-06,2.3719590382802715e-06,0.99999933439005184,-6.6561016972985205e-07,6.6561016972985205e-07,1.7063488685504195e-06
575,311,0.81579450262985698,-0.20359279074622177,0.20359279074622177,0.99964739954587734,-0.0003526626322791945,0.0003526626322791945,0.20324012811394257
576,842,0.91634633544940547,-0.08736089029930337,0.08736089029930337,0.99997892013406053,-2.1080088122943606e-05,2.1080088122943606e-05,0.087339810211180424
577,813,0.91842527018418885,-0.085094738350921503,0.085094738350921503,0.99994462912362569,-5.5372409397851839e-05,5.5372409397851839e-05,0.085039365941523656
578,93576,0.99058790206370273,-0.0094566716385916377,0.0094566716385916377,0.99989773716478969,-0.00010226806441051119,0.00010226806441051119,0.009354403574181127
579,30314,0.99974845000239887,-0.00025158164160855395,0.00025158164160855395,0.99999819189431516,-1.8081073194885147e-06,1.8081073194885147e-06,0.00024977353428906542
580,520,0.022323581655776178,-3.8021116858939576,3.8021116858939576,0.98933008681957302,-0.010727244884964009,0.010727244884964009,3.7913844410089936
581,279,0.39653651790652328,-0.92498714150126937,0.92498714150126937,0.99995549298503006,-4.4508005436477367e-05,4.4508005436477367e-05,0.92494263349583294
582,21134,2.1274800876573582e-05,-10.757987243051641,10.757987243051641,0.99950797020375848,-0.00049215088262210031,0.00049215088262210031,10.75749509216902
583,9974,0.0042787194383483293,-5.4541015108042652,5.4541015108042652,0.99999549849663749,-4.5015134942499586e-06,4.5015134942499586e-06,5.4540970092907708
584,1567,0.89049906687024172,-0.11597322412468032,0.11597322412468032,0.99999854591168791,-1.4540893693229968e-06,1.4540893693229968e-06,0.11597177003531099
585,13,0.77030837095580151,-0.26096436254504268,0.26096436254504268,0.9940209983981273,-0.0059969473996743993,0.0059969473996743993,0.2549674151453683
586,11876,0.014345786603509974,-4.2442989963704063,4.2442989963704063,0.022728526514115052,-3.784134468818821,3.784134468818821,0.46016452755158532
587,52757,0.9996992899064665,-0.00030075531587976916,0.00030075531587976916,0.99995412686584217,-4.5874186362203096e-05,4.5874186362203096e-05,0.00025488112951756604
588,706,0.5869127078844768,-0.53287917909735116,0.53287917909735116,0.85630495685009778,-0.15512870828275846,0.15512870828275846,0.37775047081459268
589,8738,0.23683177170480391,-1.4404052139217247,1.4404052139217247,0.42565582634815757,-0.8541241786260354,0.8541241786260354,0.58628103529568931
590,311,0.99871496289491435,-0.001285863473284744,0.001285863473284744,0.99999344465127982,-6.55537020654432e-06,6.55537020654432e-06,0.0012793081030781997
591,387,0.56446578563100103,-0.57187550727179692,0.57187550727179692,0.7969947042663561,-0.2269072447982432,0.2269072447982432,0.34496826247355372
592,264,0.8798380961161042,-0.12801737012283676,0.12801737012283676,0.97690383246993795,-0.02336706323754012,0.02336706323754012,0.10465030688529664
593,25462,0.14098780814226758,-1.9590818594185784,1.9590818594185784,0.41231821226011917,-0.88595986789433279,0.88595986789433279,1.0731219915242456
594,5457,0.97269937678623808,-0.027680209811956277,0.027680209811956277,0.99718529698218983,-0.0028186717432879321,0.0028186717432879321,0.024861538068668344
595,304,0.99943751410150516,-0.0005626441530346319,0.0005626441530346319,0.99999926118325633,-7.3881701664412294e-07,7.3881701664412294e-07,0.00056190533601798776
596,6721,0.30005891897309606,-1.2037764270322322,1.2037764270322322,0.54978952507068746,-0.59821975568660335,0.59821975568660335,0.60555667134562885
597,36540,0.99994472936511658,-5.5272162361220594e-05,5.5272162361220594e-05,0.99999406832016791,-5.9316974246192042e-06,5.9316974246192042e-06,4.934046493660139e-05
598,11,0.67448389561342859,-0.3938074796557926,0.3938074796557926,0.84740186916000859,-0.1655802350333091,0.1655802350333091,0.2282272446224835
599,2010,0.54050013317021228,-0.61526039551953304,0.61526039551953304,0.67091516208205859,-0.39911258505313285,0.39911258505313285,0.21614781046640019
600,35981,0.99994872692187398,-5.1274392635186778e-05,5.1274392635186778e-05,0.99992776148596607,-7.224112336099304e-05,7.224112336099304e-05,-2.0966730725806262e-05
601,12387,0.88900275735860634,-0.11765494183231553,0.11765494183231553,0.97032860646453356,-0.030120495303091063,0.030120495303091063,0.087534446529224472
602,2343,0.73889032606864791,-0.30260577761503532,0.30260577761503532,0.96219982496086265,-0.038533131632345237,0.038533131632345237,0.26407264598269009
603,17453,0.99988000986932746,-0.00011999733006420243,0.00011999733006420243,0.99999761195919912,-2.3880436522755832e-06,2.3880436522755832e-06,0.00011760928641192685
604,23318,0.99880837377225096,-0.0011923367788126624,0.0011923367788126624,0.99996177569490208,-3.8225035665247307e-05,3.8225035665247307e-05,0.0011541117431474151
605,4455,0.99995343014840044,-4.6570936008788058e-05,4.6570936008788058e-05,0.99999698644571533,-3.0135588254102332e-06,3.0135588254102332e-06,4.3557377183377823e-05
606,323,0.63645889697102009,-0.4518354397060973,0.4518354397060973,0.97910480178030346,-0.021116592354387034,0.021116592354387034,0.43071884735171029
607,11230,0.32645106581042527,-1.1194752165043869,1.1194752165043869,0.42871323662217314,-0.84696702966598469,0.84696702966598469,0.27250818683840217
608,5361,0.74721491440426679,-0.29140243187556086,0.29140243187556086,0.69966597476191461,-0.35715223673637053,0.35715223673637053,-0.065749804860809669
609,59284,0.98725791850727862,-0.012823958075421322,0.012823958075421322,0.99948160745492032,-0.00051852695694914878,0.00051852695694914878,0.012305431118472173
610,13,0.7380430445621996,-0.30375313011751748,0.30375313011751748,0.96264288908717688,-0.038072767644258626,0.038072767644258626,0.26568036247325888
611,1283,0.011441097895965844,-4.4705433277082198,4.4705433277082198,0.005445831375712991,-5.2129048481711893,5.2129048481711893,-0.74236152046296944
612,374,0.57352684499732376,-0.55595053444575659,0.55595053444575659,0.87259852147196282,-0.13627971268787165,0.13627971268787165,0.41967082175788495
613,13882,0.7391281843139218,-0.3022839166293218,0.3022839166293218,0.91213321385190127,-0.091969231754603822,0.091969231754603822,0.21031468487471799
614,27458,0.83210989645295452,-0.18379075980078105,0.18379075980078105,0.74981180899938737,-0.28793302527195613,0.28793302527195613,-0.10414226547117508
615,439,0.9999560706682411,-4.3930296680212638e-05,4.3930296680212638e-05,0.9999997204909068,-2.7950913230097544e-07,2.7950913230097544e-07,4.3650787547911661e-05
616,832,0.99994041597999717,-5.9585795201110661e-05,5.9585795201110661e-05,0.99999659956155007,-3.4004442313855284e-06,3.4004442313855284e-06,5.618535096972513e-05
617,315,0.99996186084131311,-3.8139886003145839e-05,3.8139886003145839e-05,0.99999807338873781,-1.9266131180813493e-06,1.9266131180813493e-06,3.6213272885064487e-05
618,279,0.99999456628258021,-5.4337321825330813e-06,5.4337321825330813e-06,0.9999999574557652,-4.2544235673117667e-08,4.2544235673117667e-08,5.391187946859964e-06
619,12474,0.96514083420131502,-0.035481246114146207,0.035481246114146207,0.98511832513071029,-0.014993517988468678,0.014993517988468678,0.020487728125677528
620,6721,0.97095502932989497,-0.029475125532746015,0.029475125532746015,0.92928546792726097,-0.073339302196056375,0.073339302196056375,-0.043864176663310356
621,98930,0.99797543535912692,-0.0020266168422096191,0.0020266168422096191,0.99885164779364022,-0.0011490120679720644,0.0011490120679720644,0.00087760477423755464
622,315,0.97134018936995348,-0.029078522543253049,0.029078522543253049,0.99783548033967828,-0.0021668656188619374,0.0021668656188619374,0.026911656924391111
623,682,0.99998538845382912,-1.4611652920603085e-05,1.4611652920603085e-05,0.99999992418572514,-7.5814277757289905e-08,7.5814277757289905e-08,1.4535838642845795e-05
624,892,0.99958855724691364,-0.00041152741888005848,0.00041152741888005848,0.99998329419209464,-1.6705947448883397e-05,1.6705947448883397e-05,0.00039482147143117508
625,13,0.87922959884043816,-0.12870921080831094,0.12870921080831094,0.96108845098298223,-0.039688833682299592,0.039688833682299592,0.089020377126011352
626,4815,0.002292194461189224,-6.0782456402778502,6.0782456402778502,0.0013896072317264715,-6.5787341388724005,6.5787341388724005,-0.50048849859455036
627,24641,0.35588186143396505,-1.0331564531090633,1.0331564531090633,0.44325196792929378,-0.81361689426487516,0.81361689426487516,0.21953955884418819
628,52757,0.99963487707615117,-0.00036518959745350586,0.00036518959745350586,0.99982761741737591,-0.00017239744220924535,0.00017239744220924535,0.00019279215524426051
629,596,0.45134347562410643,-0.79552664258980599,0.79552664258980599,0.71320652360584602,-0.33798424608343397,0.33798424608343397,0.45754239650637202
630,53881,0.15570071598661928,-1.8598196016516704,1.8598196016516704,0.38408697406864295,-0.95688625707009922,0.95688625707009922,0.90293334458157115
631,304,0.56386309210730279,-0.57294380144188872,0.57294380144188872,0.58618780826442141,-0.53411504883288119,0.53411504883288119,0.038828752609007533
632,2225,0.78282427117959874,-0.24484703834609314,0.24484703834609314,0.65201535767710339,-0.4276871626134085,0.4276871626134085,-0.18284012426731536
633,6721,0.88382175544300812,-0.12349987078962887,0.12349987078962887,0.9167796729383656,-0.086888105018805298,0.086888105018805298,0.036611765770823576
634,36540,0.99998036766657705,-1.9632526139772525e-05,1.9632526139772525e-05,0.99999294839212105,-7.0516327416859421e-06,7.0516327416859421e-06,1.2580893398086584e-05
635,323,0.99996621991551538,-3.3780655044505229e-05,3.3780655044505229e-05,0.99999793265921566,-2.0673429212993832e-06,2.0673429212993832e-06,3.1713312123205848e-05
636,9709,0.63687507616349548,-0.45118175541576072,0.45118175541576072,0.80042837969521663,-0.22260822001056388,0.22260822001056388,0.22857353540519684
637,37959,0.99995156214424363,-4.8439028907230655e-05,4.8439028907230655e-05,0.99998147394390668,-1.8526227702817344e-05,1.8526227702817344e-05,2.9912801204413311e-05
638,19071,0.99995926596660656,-4.0734863046760692e-05,4.0734863046760692e-05,0.99999532220054121,-4.6778103997540123e-06,4.6778103997540123e-06,3.6057052647006679e-05
639,617,0.74183463134557959,-0.2986289294601962,0.2986289294601962,0.70255734765210631,-0.35302824743760403,0.35302824743760403,-0.054399317977407824
640,1903,0.3322498222451965,-1.1018681163920963,1.1018681163920963,0.42280829784824625,-0.86083639923671496,0.86083639923671496,0.2410317171553813
641,1461,0.99995194920447728,-4.8051949999171639e-05,4.8051949999171639e-05,0.99999690190234791,-3.0981024511745541e-06,3.0981024511745541e-06,4.4953847547997084e-05
642,264,0.86048478784665527,-0.15025934175914094,0.15025934175914094,0.94680601666374797,-0.054661046626812905,0.054661046626812905,0.095598295132328037
643,28812,0.40252452268230587,-0.90999925806065507,0.90999925806065507,0.64981021751567014,-0.43107493177769984,0.43107493177769984,0.47892432628295523
644,7216,0.98380162854915243,-0.016330999256184715,0.016330999256184715,0.98905666353953992,-0.011003655229629246,0.011003655229629246,0.0053273440265554691
645,304,0.99974046389771121,-0.00025956978761153331,0.00025956978761153331,0.99999118551930277,-8.8145195449750846e-06,8.8145195449750846e-06,0.00025075526806655823
646,279,0.94815983350271926,-0.053232190197357858,0.053232190197357858,0.98742887549013458,-0.012650809620888865,0.012650809620888865,0.040581380576468991
647,10034,0.49676839913925958,-0.69963135920391017,0.69963135920391017,0.50794511076411009,-0.67738188691839063,0.67738188691839063,0.022249472285519545
648,1917,0.81334879754753797,-0.20659523616563069,0.20659523616563069,0.91328768698922602,-0.090704347266082758,0.090704347266082758,0.11589088889954793
649,13,0.73754019420772521,-0.30443469163262271,0.30443469163262271,0.93519925013611782,-0.06699567064654402,0.06699567064654402,0.23743902098607869
650,5414,0.74596366767723532,-0.29307838280992737,0.29307838280992737,0.85841000786423183,-0.15267342899149564,0.15267342899149564,0.14040495381843174
651,5845,0.28396837782402251,-1.2588923927103841,1.2588923927103841,0.29600928598640996,-1.217364453574445,1.217364453574445,0.041527939135939107
652,311,0.99999271332830886,-7.2866982390643551e-06,7.2866982390643551e-06,0.99999959587010723,-4.041299744258867e-07,4.041299744258867e-07,6.8825682646384681e-06
653,25555,0.44166575285593412,-0.81720189823749667,0.81720189823749667,0.33331029430869835,-1.0986814081307097,1.0986814081307097,-0.28147950989321302
654,304,0.99971127410509009,-0.00028876758425584335,0.00028876758425584335,0.99998727827615763,-1.2721804764182586e-05,1.2721804764182586e-05,0.00027604577949166077
655,5361,0.44049788665010942,-0.81984963123350818,0.81984963123350818,0.57907806413467267,-0.54631798470341442,0.54631798470341442,0.27353164653009376
656,49255,0.78392953299238588,-0.24343614405856612,0.24343614405856612,0.89981304093137149,-0.10556826953564494,0.10556826953564494,0.13786787452292118
657,706,0.68106420252686639,-0.38409870043812994,0.38409870043812994,0.73532148144389553,-0.30744748567671493,0.30744748567671493,0.07665121476141501
658,15662,0.68170301391698662,-0.38316117944525291,0.38316117944525291,0.85095956471344714,-0.16139066656296402,0.16139066656296402,0.22177051288228888
659,1461,0.99999606625720594,-3.9337505312527755e-06,3.9337505312527755e-06,0.99999828452604589,-1.715475425550786e-06,1.715475425550786e-06,2.2182751057019898e-06
660,264,0.79947283198998742,-0.22380272853630134,0.22380272853630134,0.70854737564078696,-0.34453835456288867,0.34453835456288867,-0.12073562602658733
661,17444,0.70093089778167894,-0.35534597343752816,0.35534597343752816,0.89659604941520088,-0.10914985345475585,0.10914985345475585,0.2461961199827723
662,439,0.99998538809539272,-1.4612011362193333e-05,1.4612011362193333e-05,0.99999936652461241,-6.3347558829020822e-07,6.3347558829020822e-07,1.3978535773903125e-05
663,832,0.61334865198992228,-0.48882174128858685,0.48882174128858685,0.72015851055600322,-0.32828393765226815,0.32828393765226815,0.1605378036363187
664,315,0.99999065860949909,-9.3414341319932642e-06,9.3414341319932642e-06,0.99999864871694999,-1.3512839630098663e-06,1.3512839630098663e-06,7.9901501689833983e-06
665,279,0.99999872971656023,-1.2702842465560841e-06,1.2702842465560841e-06,0.99999975004246366,-2.4995756760188182e-07,2.4995756760188182e-07,1.0203266789542023e-06
666,1455,0.88194844377483173,-0.12562167845386601,0.12562167845386601,0.97612305413496248,-0.024166620460152808,0.024166620460152808,0.10145505799371321
667,33045,0.69769673231358742,-0.35997075156004316,0.35997075156004316,0.61687489710594046,-0.48308903559328564,0.48308903559328564,-0.12311828403324249
668,323,0.95440426739816964,-0.046667936919481331,0.046667936919481331,0.96626369638663856,-0.034318504395312248,0.034318504395312248,0.012349432524169084
669,25462,0.37375833071609721,-0.98414586498425183,0.98414586498425183,0.52037616933463859,-0.65320332636956824,0.65320332636956824,0.33094253861468359
670,23579,0.99952915357417971,-0.00047095730880594521,0.00047095730880594521,0.99972275358247642,-0.00027728485741662602,0.00027728485741662602,0.00019367245138931919
671,304,0.70679755307414305,-0.34701100052031464,0.34701100052031464,0.74898359787004709,-0.28903819440957479,0.28903819440957479,0.05797280611073985
672,3925,0.42412810498729075,-0.8577197349795993,0.8577197349795993,0.56139865825125379,-0.5773240050621028,0.5773240050621028,0.28039572991749651
673,13,0.9983870795194143,-0.0016142226371957428,0.0016142226371957428,0.99939532638881734,-0.00060485649999975468,0.00060485649999975468,0.0010093661371959881
674,11876,0.0075006166360665951,-4.8927700436773858,4.8927700436773858,0.025880082711988772,-3.6542816133735254,3.6542816133735254,1.2384884303038604
675,52757,0.99998315148129913,-1.6848660638760018e-05,1.6848660638760018e-05,0.99999335963664948,-6.6403853978384934e-06,6.6403853978384934e-06,1.0208275240921524e-05
676,596,0.79593140487495073,-0.22824227163122643,0.22824227163122643,0.94792155096393671,-0.053483532299009276,0.053483532299009276,0.17475873933221714
677,20160,0.28480719503774693,-1.2559428362881975,1.2559428362881975,0.42469061470055203,-0.85639434056366681,0.85639434056366681,0.39954849572453066
678,9731,0.99250926796045691,-0.0075189284689678275,0.0075189284689678275,0.99804049225897273,-0.0019614300879671575,0.0019614300879671575,0.0055574983810006695
679,311,0.99999882934553419,-1.1706551510519546e-06,1.1706551510519546e-06,0.99999995309465439,-4.690534672797434e-08,4.690534672797434e-08,1.1237498043239803e-06
680,31740,0.32375532994548761,-1.1277672029518204,1.1277672029518204,0.47702714190110707,-0.7401818884524286,0.7401818884524286,0.38758531449939182
681,323,0.46061899058199496,-0.77518406234997261,0.77518406234997261,0.49318171179542464,-0.7068775890862169,0.7068775890862169,0.068306473263755718
682,10383,0.4573525489257747,-0.7823007436455407,0.7823007436455407,0.60904910324512018,-0.49585638522027553,0.49585638522027553,0.28644435842526517
683,502,0.87134315889726954,-0.13771939705995351,0.13771939705995351,0.9047767071690781,-0.10006709813551812,0.10006709813551812,0.03765229892443539
684,22540,0.99986479673586981,-0.00013521240491544103,0.00013521240491544103,0.99983074452026099,-0.00016926980506419429,0.00016926980506419429,-3.405740014875326e-05
685,315,0.99999823898471318,-1.7610168374112946e-06,1.7610168374112946e-06,0.99999985015168913,-1.4984832207008177e-07,1.4984832207008177e-07,1.6111685153412128e-06
686,23579,0.5477281434438015,-0.60197620373298744,0.60197620373298744,0.5932285401778451,-0.52217555764064383,0.52217555764064383,0.079800646092343608
687,323,0.98743147939532694,-0.012648172568414839,0.012648172568414839,0.99177450916878884,-0.0082595068415965284,0.0082595068415965284,0.0043886657268183103
688,7359,0.85314439514250817,-0.1588264666342547,0.1588264666342547,0.93678650318935286,-0.06529987415793212,0.06529987415793212,0.093526592476322584
689,27083,0.91169219261581125,-0.092452853973180205,0.092452853973180205,0.95043058820504855,-0.050840146332484244,0.050840146332484244,0.04161270764069596
690,13,0.99899927031742186,-0.0010012307468414534,0.0010012307468414534,0.99950477372076385,-0.00049534894426963422,0.00049534894426963422,0.00050588180257181913
691,4815,0.011482078709118883,-4.4669678322594137,4.4669678322594137,0.024741647908583478,-3.6992673051583336,3.6992673051583336,0.76770052710108017
692,644,0.14966263035334224,-1.8993716489575634,1.8993716489575634,0.22344656067096735,-1.498582995661311,1.498582995661311,0.40078865329625235
693,17102,0.1758061046587584,-1.7383735693125812,1.7383735693125812,0.38856778385721213,-0.94528764857063119,0.94528764857063119,0.79308592074195006
694,11,0.9991563018856896,-0.00084405422788012753,0.00084405422788012753,0.99979003050642601,-0.00020999154025426827,0.00020999154025426827,0.00063406268762585926
695,48677,0.99923781991559801,-0.0007624706913151385,0.0007624706913151385,0.99998221161266054,-1.7788545554667031e-05,1.7788545554667031e-05,0.00074468214576047149
696,11876,0.99987932021890646,-0.00012068706348426197,0.00012068706348426197,0.99998300342886759,-1.6996715575779625e-05,1.6996715575779625e-05,0.00010369034790848236
697,52757,0.99996420082743942,-3.5799813366197007e-05,3.5799813366197007e-05,0.99999442359491053,-5.5764206376653815e-06,5.5764206376653815e-06,3.0223392728531626e-05
698,374,0.98493223047661216,-0.015182441723569773,0.015182441723569773,0.99496602291091707,-0.0050466902348187135,0.0050466902348187135,0.010135751488751059
699,264,0.93983385204169745,-0.062052172487896282,0.062052172487896282,0.9932697362216526,-0.0067530141383500119,0.0067530141383500119,0.055299158349546268
700,7701,0.7343873621035778,-0.30871864828855089,0.30871864828855089,0.60689992798553549,-0.49939136479985757,0.49939136479985757,-0.19067271651130668
701,27332,0.97702234536700827,-0.023245755791475965,0.023245755791475965,0.98149972840133115,-0.0186735419836105,0.0186735419836105,0.0045722138078654641
702,6721,0.75856590028870408,-0.27632560158302566,0.27632560158302566,0.78921440291169076,-0.23671725498539289,0.23671725498539289,0.039608346597632765
703,83162,0.9996138385326967,-0.00038623604684315455,0.00038623604684315455,0.99990584463611076,-9.4159796783755176e-05,9.4159796783755176e-05,0.00029207625005939935
704,11,0.38633298792672865,-0.95105561837458241,0.95105561837458241,0.69435123422071188,-0.36477734531875988,0.36477734531875988,0.58627827305582247
705,9709,0.99966054025748474,-0.00033951737201596232,0.00033951737201596232,0.99998586072826412,-1.4139371696349877e-05,1.4139371696349877e-05,0.00032537800031961242
706,37959,0.99998283493967866,-1.7165207642633986e-05,1.7165207642633986e-05,0.99999315247250431,-6.847550940097013e-06,6.847550940097013e-06,1.0317656702536972e-05
707,10255,0.99995942646401037,-4.0574359117856893e-05,4.0574359117856893e-05,0.99998323577968395,-1.6764360837107068e-05,1.6764360837107068e-05,2.3809998280749824e-05
708,11,0.99952715879164533,-0.00047295303301045702,0.00047295303301045702,0.99998030210932631,-1.9698084679652183e-05,1.9698084679652183e-05,0.00045325494833080483
709,323,0.99994864550063545,-5.1355818052014623e-05,5.1355818052014623e-05,0.9999983477808907,-1.6522204742042823e-06,1.6522204742042823e-06,4.9703597577810343e-05
710,4846,0.97500554549700091,-0.025312120311233068,0.025312120311233068,0.98384387046545385,-0.016288062745183088,0.016288062745183088,0.0090240575660499797
711,19077,0.96567516071370818,-0.034927773875009553,0.034927773875009553,0.99270575825215723,-0.0073209748067724935,0.0073209748067724935,0.02760679906823706
712,83162,0.99930174765502822,-0.00069849623667895871,0.00069849623667895871,0.99992366286832646,-7.6340045500692628e-05,7.6340045500692628e-05,0.00062215619117826605
713,323,0.98367927869973126,-0.016455371339418757,0.016455371339418757,0.9997411454383629,-0.00025888807026188651,0.00025888807026188651,0.016196483269156872
714,6721,0.88112259598314269,-0.12655850724121051,0.12655850724121051,0.99878471241476596,-0.0012160266460330949,0.0012160266460330949,0.12534248059517741
715,3778,0.25892113259311472,-1.3512317710168715,1.3512317710168715,0.98723579774080639,-0.012846364595423015,0.012846364595423015,1.3383854064214484
716,9141,0.9994468379843503,-0.00055331506620124801,0.00055331506620124801,0.99999074137265964,-9.2586702017233507e-06,9.2586702017233507e-06,0.00054405639599952463
717,2851,0.99998461023299745,-1.5389885426195898e-05,1.5389885426195898e-05,0.99999684420689505,-3.1557980844450978e-06,3.1557980844450978e-06,1.2234087341750801e-05
718,13,0.99235561811203743,-0.0076737499379802114,0.0076737499379802114,0.99951900615496037,-0.00048110955968599982,0.00048110955968599982,0.0071926403782942112
719,5414,0.34687627064217502,-1.0587871313755706,1.0587871313755706,0.61604914330102889,-0.48442854054463375,0.48442854054463375,0.57435859083093677
720,16358,0.56106145812408659,-0.5779248284363887,0.5779248284363887,0.62894144233187577,-0.46371712306714807,0.46371712306714807,0.11420770536924063
721,7076,0.49423132190505881,-0.70475160842939766,0.70475160842939766,0.61502527779866334,-0.48609190990864021,0.48609190990864021,0.21865969852075745
722,706,0.83227303918686169,-0.18359471989802048,0.18359471989802048,0.89468020503394963,-0.11128893736994412,0.11128893736994412,0.072305782528076359
723,1027,0.57895054888262154,-0.54653821285863113,0.54653821285863113,0.72201849043213517,-0.32570453040043401,0.32570453040043401,0.22083368245819712
724,13160,0.99972747796564265,-0.00027255917523490543,0.00027255917523490543,0.99993092490308033,-6.9077482714014163e-05,6.9077482714014163e-05,0.00020348169252089126
725,555,0.99998426571992938,-1.5734403855760088e-05,1.5734403855760088e-05,0.99999964241654249,-3.5758352147561008e-07,3.5758352147561008e-07,1.537682033428448e-05
726,12387,0.99097523130320508,-0.0090657386040461606,0.0090657386040461606,0.99283434263443593,-0.007191453995381192,0.007191453995381192,0.0018742846086649686
727,59284,0.95626049965408588,-0.044724913871254976,0.044724913871254976,0.97712516923697812,-0.023140519242754495,0.023140519242754495,0.021584394628500481
728,11,0.93298065635396321,-0.069370811089308676,0.069370811089308676,0.99044519375612317,-0.0096007462712946988,0.0096007462712946988,0.059770064818013974
729,2737,0.32055626656447639,-1.1376974593265237,1.1376974593265237,0.49751693032883582,-0.69812569215079423,0.69812569215079423,0.43957176717572943
730,3116,0.975123471904629,-0.025191178151284105,0.025191178151284105,0.9966308702498401,-0.0033748180477987571,0.0033748180477987571,0.021816360103485349
731,34538,0.99938167326357952,-0.00061851797923475032,0.00061851797923475032,0.99997403782357908,-2.5962513444102474e-05,2.5962513444102474e-05,0.00059255546579064784
732,4435,0.99952021065370522,-0.00047990448203193977,0.00047990448203193977,0.9999926423309845,-7.3576960832789959e-06,7.3576960832789959e-06,0.00047254678594866077
733,29201,0.89950112445994246,-0.10591497549789765,0.10591497549789765,0.99998542570021376,-1.4574405992378987e-05,1.4574405992378987e-05,0.10590040109190527
734,4870,0.99997288529097728,-2.7115076633145603e-05,2.7115076633145603e-05,0.99999790835450564,-2.09164768181034e-06,2.09164768181034e-06,2.5023428951335265e-05
735,48854,0.99850264046955994,-0.0014984816935493504,0.0014984816935493504,0.99997849613609535,-2.1504095116034995e-05,2.1504095116034995e-05,0.0014769775984333155
736,11,0.93808934048553927,-0.063910088791306871,0.063910088791306871,0.99510799519747761,-0.004904009826442365,0.004904009826442365,0.059006078964864504
737,264,0.99753455341591468,-0.0024684908021154529,0.0024684908021154529,0.99995680402087739,-4.3196912095835489e-05,4.3196912095835489e-05,0.0024252938900196173
738,28395,0.99974744145552707,-0.00025259044275298154,0.00025259044275298154,0.99998498181621109,-1.501829656297185e-05,1.501829656297185e-05,0.00023757214619000969
739,29201,0.99800809465688622,-0.0019938918249225281,0.0019938918249225281,0.99997929170284794,-2.0708511571761277e-05,2.0708511571761277e-05,0.0019731833133507667
740,4870,0.99999856394199116,-1.4360590399472705e-06,1.4360590399472705e-06,0.99999967419691593,-3.2580313713040677e-07,3.2580313713040677e-07,1.1102559028168636e-06
741,19134,0.99852649608722033,-0.0014745905872808108,0.0014745905872808108,0.99992451025625906,-7.5492593235027876e-05,7.5492593235027876e-05,0.0013990979940457829
742,11,0.99954060563478919,-0.00045949991913074535,0.00045949991913074535,0.99997372709728682,-2.6273247851984857e-05,2.6273247851984857e-05,0.00043322667127876049
743,323,0.99713041686090509,-0.002873708286316258,0.002873708286316258,0.99973634721241444,-0.00026368755009209327,0.00026368755009209327,0.0026100207362241648
744,459,0.99419442481617615,-0.0058224930458214471,0.0058224930458214471,0.99983184835585692,-0.00016816578321577635,0.00016816578321577635,0.0056543272626056705
745,34260,0.97073387583819171,-0.029702920512746114,0.029702920512746114,0.99548307156435223,-0.004527160580430541,0.004527160580430541,0.025175759932315571
746,14829,0.99988636373458162,-0.00011364272250802164,0.00011364272250802164,0.99998619968068492,-1.3800414540356238e-05,1.3800414540356238e-05,9.9842307967665405e-05
747,358,0.99729188853424067,-0.002711785033400835,0.002711785033400835,0.99996920143381407,-3.079904047149428e-05,3.079904047149428e-05,0.0026809859929293406
748,29201,0.99205962385749236,-0.0079720688084263178,0.0079720688084263178,0.99991133395676157,-8.866997430437626e-05,8.866997430437626e-05,0.0078833988341219415
749,4870,0.99980210093637656,-0.00019791864822705845,0.00019791864822705845,0.99999964702982025,-3.5297024202413106e-07,3.5297024202413106e-07,0.00019756567798503432
750,62668,0.99947731610866097,-0.00052282053818162016,0.00052282053818162016,0.99996158766404364,-3.8413073729024296e-05,3.8413073729024296e-05,0.00048440746445259586
751,19134,0.97026840095010281,-0.03018254374923425,0.03018254374923425,0.99977741960153088,-0.00022260517316231515,0.00022260517316231515,0.029959938576071935
752,13,0.99804277528358032,-0.00195914258358818,0.00195914258358818,0.99958822136644032,-0.00041186343766229919,0.00041186343766229919,0.0015472791459258809
753,11876,0.87082893815973927,-0.13830971847921147,0.13830971847921147,0.96572589489769756,-0.034875237728926742,0.034875237728926742,0.10343448075028473
754,52757,0.9999943617324768,-5.6382834182875741e-06,5.6382834182875741e-06,0.99998668792574452,-1.3312162861933153e-05,1.3312162861933153e-05,-7.6738794436455784e-06
755,596,0.84707042980595959,-0.16597143571387279,0.16597143571387279,0.92675085560306192,-0.076070513722089061,0.076070513722089061,0.089900921991783733
756,5845,0.68772159945053313,-0.3743711749039258,0.3743711749039258,0.76794702187899311,-0.26403453014222195,0.26403453014222195,0.11033664476170385
757,311,0.999992798192605,-7.2018333281325937e-06,7.2018333281325937e-06,0.99999861947605062,-1.3805249022630559e-06,1.3805249022630559e-06,5.8213084258695378e-06
758,25555,0.96882903979435075,-0.031667112177683421,0.031667112177683421,0.98703196450555553,-0.013052854555774809,0.013052854555774809,0.01861425762190861
759,304,0.99999666719836044,-3.3328071933063251e-06,3.3328071933063251e-06,0.99999976258119982,-2.3741882839072603e-07,2.3741882839072603e-07,3.0953883649155992e-06
760,5361,0.99883057855508661,-0.0011701057517186561,0.0011701057517186561,0.99944833925813514,-0.00055181296263734846,0.00055181296263734846,0.00061829278908130767
761,49255,0.99129406332595249,-0.0087440547376202819,0.0087440547376202819,0.99923905258234991,-0.00076123708509338482,0.00076123708509338482,0.0079828176525268968
762,706,0.98542085484692321,-0.014686465257252972,0.014686465257252972,0.9936851870875133,-0.0063348356814144939,0.0063348356814144939,0.0083516295758384769
763,1903,0.65457102337976658,-0.42377518404245385,0.42377518404245385,0.5029739824218239,-0.68721683502767905,0.68721683502767905,-0.26344165098522521
764,1461,0.99999446497571232,-5.5350396060393356e-06,5.5350396060393356e-06,0.99999784947697989,-2.1505253324695366e-06,2.1505253324695366e-06,3.384514273569799e-06
765,264,0.99832505620680301,-0.0016763480798387142,0.0016763480798387142,0.99920503592975829,-0.00079528022174199281,0.00079528022174199281,0.00088106785809672142
766,28812,0.95119906941956012,-0.050031911928625439,0.050031911928625439,0.9770495883099396,-0.02321787253655214,0.02321787253655214,0.026814039392073299
767,7216,0.99999267233977873,-7.3276870687519038e-06,7.3276870687519038e-06,0.99999508265648429,-4.9173556059315867e-06,4.9173556059315867e-06,2.4103314628203171e-06
768,304,0.99989207640720812,-0.00010792941696188021,0.00010792941696188021,0.99998996099017545,-1.0039060215729179e-05,1.0039060215729179e-05,9.7890356746151039e-05
769,279,0.99951738659262912,-0.00048272990270440102,0.00048272990270440102,0.99995248431657568,-4.751681233017149e-05,4.751681233017149e-05,0.00043521309037422953
770,10034,0.99972067571141132,-0.0002793633068837526,0.0002793633068837526,0.99999330221062188,-6.6978118083975245e-06,6.6978118083975245e-06,0.00027266549507535507
771,1917,0.99999784744021258,-2.1525621041684555e-06,2.1525621041684555e-06,0.99999924495910719,-7.550411778639511e-07,7.550411778639511e-07,1.3975209263045044e-06
772,11,0.93338026656440232,-0.068942587146513273,0.068942587146513273,0.98654677274087121,-0.013544541829560684,0.013544541829560684,0.055398045316952589
773,323,0.99664671883329281,-0.0033589160143440446,0.0033589160143440446,0.99955452064753825,-0.00044557860786708785,0.00044557860786708785,0.0029133374064769569
774,813,0.99641908687218628,-0.0035873399443965945,0.0035873399443965945,0.99789889041828939,-0.0021033200092241962,0.0021033200092241962,0.0014840199351723983
775,20160,0.99906361197759075,-0.0009368267075479294,0.0009368267075479294,0.99980191950034258,-0.00019810012019061429,0.00019810012019061429,0.00073872658735731512
776,9731,0.99788642378619918,-0.0021158129682630473,0.0021158129682630473,0.99871741323013719,-0.0012834099882485612,0.0012834099882485612,0.00083240298001448611
777,311,0.99999829015383035,-1.7098476314107489e-06,1.7098476314107489e-06,0.99999961912658308,-3.8087348949022672e-07,3.8087348949022672e-07,1.3289741419205222e-06
778,31740,0.99606214883141353,-0.0039456249191255456,0.0039456249191255456,0.99911083059259032,-0.0008895649530159947,0.0008895649530159947,0.0030560599661095507
779,323,0.99947434605813756,-0.00052579214632969833,0.00052579214632969833,0.99996949226921072,-3.0508196159558906e-05,3.0508196159558906e-05,0.00049528395017013941
780,10383,0.99996384791582038,-3.6152737682014657e-05,3.6152737682014657e-05,0.99998129195295538,-1.8708222042333529e-05,1.8708222042333529e-05,1.7444515639681128e-05
781,502,0.99980774066707956,-0.00019227781711525179,0.00019227781711525179,0.99998604575403494,-1.395434332644425e-05,1.395434332644425e-05,0.00017832347378880754
782,22540,0.99999518037404311,-4.8196375712781339e-06,4.8196375712781339e-06,0.99999734435045096,-2.6556530752637067e-06,2.6556530752637067e-06,2.1639844960144271e-06
783,315,0.99991075135895635,-8.9252623940542819e-05,8.9252623940542819e-05,0.99998104138424504,-1.895879547178723e-05,1.895879547178723e-05,7.0293828468755593e-05
784,23579,0.99999880377682115,-1.1962238943357477e-06,1.1962238943357477e-06,0.99999933490761528,-6.6509260586050496e-07,6.6509260586050496e-07,5.3113128847524274e-07
785,323,0.99993396633961407,-6.6035840704029627e-05,6.6035840704029627e-05,0.99999043110983221,-9.5689359499082648e-06,9.5689359499082648e-06,5.6466904754121365e-05
786,7359,0.99999367469790024,-6.3253221045335494e-06,6.3253221045335494e-06,0.99999600975463743,-3.990253323653967e-06,3.990253323653967e-06,2.3350687808795824e-06
787,27083,0.53572364513010018,-0.62413683831608802,0.62413683831608802,0.87037397127216309,-0.13883230765645896,0.13883230765645896,0.48530453065962909
788,13,0.99972967801594925,-0.00027035852762416409,0.00027035852762416409,0.99991961618712133,-8.0387043830556549e-05,8.0387043830556549e-05,0.00018997148379360754
789,4815,0.017363248799757487,-4.0533994444157972,4.0533994444157972,0.024345618478906449,-3.7154033849091723,3.7154033849091723,0.33799605950662492
790,32812,0.10845170450571155,-2.2214503248598589,2.2214503248598589,0.18097672708753726,-1.7093868356102462,1.7093868356102462,0.51206348924961276
791,1473,0.27228062269284686,-1.3009220434472857,1.3009220434472857,0.40318990161747731,-0.90834760813019833,0.90834760813019833,0.39257443531708736
792,9,0.60893637193241612,-0.49604149631613581,0.49604149631613581,0.83732478928086918,-0.17754324399852967,0.17754324399852967,0.31849825231760615
793,48677,0.48399153707614473,-0.72568785779824263,0.72568785779824263,0.41729364147121256,-0.87396512880910027,0.87396512880910027,-0.14827727101085764
794,11876,0.98950808448697825,-0.010547343698028799,0.010547343698028799,0.99866638268233898,-0.0013345073766560568,0.0013345073766560568,0.0092128363213727412
795,52757,0.99994906324697197,-5.0938050348537675e-05,5.0938050348537675e-05,0.99998942802196167,-1.0572033922112448e-05,1.0572033922112448e-05,4.0366016426425229e-05
796,596,0.41468697864345389,-0.8802313116839422,0.8802313116839422,0.56489440728088303,-0.57111645507011366,0.57111645507011366,0.30911485661382854
797,27685,0.42691529664582978,-0.85116965394208521,0.85116965394208521,0.41005890912432608,-0.89145444881384062,0.89145444881384062,-0.040284794871755403
798,2199,0.88320642345675282,-0.12419633055011887,0.12419633055011887,0.97095129940432723,-0.029478967042001689,0.029478967042001689,0.094717363508117186
799,198,0.97286776700946775,-0.027507108385786395,0.027507108385786395,0.99300695661360527,-0.007017609308326362,0.007017609308326362,0.020489499077460033
800,9,0.99999085192366077,-9.1481181831228368e-06,9.1481181831228368e-06,0.99999653065862226,-3.4693473959168408e-06,3.4693473959168408e-06,5.6787707872059956e-06
801,27290,0.89756505916857521,-0.10806967192260938,0.10806967192260938,0.75125941588726175,-0.28600425958429432,0.28600425958429432,-0.17793458766168493
802,916,0.0034551295263247511,-5.6678953329356236,5.6678953329356236,0.99934840637351052,-0.00065180600587820602,0.00065180600587820602,5.6672435269297452
803,4652,0.84249251617481424,-0.17139049967363207,0.17139049967363207,0.99609717826983091,-0.0039104576130327374,0.0039104576130327374,0.16748004206059933
804,389,0.81437950379224777,-0.20532880075178392,0.20532880075178392,0.45793187743306762,-0.78103484515983823,0.78103484515983823,-0.57570604440805428
805,48677,0.9976701194010158,-0.0023325989939649112,0.0023325989939649112,0.99329055397187993,-0.0067320555494455349,0.0067320555494455349,-0.0043994565554806237
806,11876,0.99999111242127814,-8.8876182165690692e-06,8.8876182165690692e-06,0.9999954057984205,-4.5942121328740113e-06,4.5942121328740113e-06,4.2934060836950579e-06
807,52757,0.99999141828812887,-8.5817486942367408e-06,8.5817486942367408e-06,0.99998864210461069,-1.1357959890689754e-05,1.1357959890689754e-05,-2.7762111964530129e-06
808,198,0.45414110633152749,-0.78934732233360949,0.78934732233360949,0.70994552266144484,-0.34256704053642134,0.34256704053642134,0.44678028179718815
809,9,0.99998797379980164,-1.2026272513646933e-05,1.2026272513646933e-05,0.99999734518593841,-2.6548175855842432e-06,2.6548175855842432e-06,9.3714549280626897e-06
810,34538,0.88968109443373078,-0.11689220132918739,0.11689220132918739,0.79427011113002988,-0.23033168524652708,0.23033168524652708,-0.1134394839173397
811,916,0.99649277367443267,-0.003513391062121559,0.003513391062121559,0.96290459786307092,-0.037800939731128261,0.037800939731128261,-0.034287548669006698
812,4652,0.91828998096940451,-0.085242054833369149,0.085242054833369149,0.9136584477253501,-0.090298466945728531,0.090298466945728531,-0.0050564121123593819
813,389,0.99999969710817349,-3.0289187234178478e-07,3.0289187234178478e-07,0.99999996174882144,-3.8251179269648926e-08,3.8251179269648926e-08,2.6464069307213586e-07
814,48677,0.9999989039751096,-1.0960254910264361e-06,1.0960254910264361e-06,0.99999969934233279,-3.0065771238172451e-07,3.0065771238172451e-07,7.9536777864471155e-07
815,11876,0.99998950662634545,-1.0493428710367031e-05,1.0493428710367031e-05,0.9999927955067085,-7.2045192440373873e-06,7.2045192440373873e-06,3.2889094663296434e-06
816,52757,0.99999716273818906,-2.8372658360131837e-06,2.8372658360131837e-06,0.99999626793034113,-3.7320766230756517e-06,3.7320766230756517e-06,-8.9481078706246799e-07
817,198,0.89917236755962837,-0.10628053034199111,0.10628053034199111,0.98066989776954361,-0.019519371691901946,0.019519371691901946,0.086761158650089168
818,9,0.9999852250160508,-1.4775093100344813e-05,1.4775093100344813e-05,0.99999555121216932,-4.4487977265993691e-06,4.4487977265993691e-06,1.0326295373745444e-05
819,28395,0.9772889508793815,-0.022972917462659947,0.022972917462659947,0.99497411348409259,-0.0050385587608837478,0.0050385587608837478,0.017934358701776201
820,916,0.99988865822174866,-0.00011134797720722561,0.00011134797720722561,0.99997314709613194,-2.6853264413773546e-05,2.6853264413773546e-05,8.4494712793452064e-05
821,4652,0.99997771996622098,-2.2280281982607159e-05,2.2280281982607159e-05,0.99999115966890884,-8.8403701671283661e-06,8.8403701671283661e-06,1.3439911815478793e-05
822,389,0.99999968116298321,-3.1883706765625054e-07,3.1883706765625054e-07,0.99999990381436354,-9.6185641044649006e-08,9.6185641044649006e-08,2.2265142661160155e-07
823,48677,0.99999944647181316,-5.5352834006656003e-07,5.5352834006656003e-07,0.9999997312695097,-2.6873052636129253e-07,2.6873052636129253e-07,2.8479781370526749e-07
824,11876,0.9999840440938057,-1.5956033491130507e-05,1.5956033491130507e-05,0.99998923508199711,-1.0764975945077142e-05,1.0764975945077142e-05,5.1910575460533649e-06
825,52757,0.99998207209216272,-1.7928068544169084e-05,1.7928068544169084e-05,0.99997509868691958,-2.4901623123293437e-05,2.4901623123293437e-05,-6.9735545791243522e-06
826,198,0.38051697093610676,-0.96622450100325608,0.96622450100325608,0.61030712798278108,-0.49379296002622186,0.49379296002622186,0.47243154097703421
827,9,0.99981471806622346,-0.00018529910059454386,0.00018529910059454386,0.99994523893093601,-5.4762568506039379e-05,5.4762568506039379e-05,0.00013053653208850449
828,27816,0.026692829366968675,-3.6233603126803242,3.6233603126803242,0.48650641163258884,-0.72050519834201887,0.72050519834201887,2.9028551143383052
829,69223,0.99997657145499597,-2.3428819456684397e-05,2.3428819456684397e-05,0.99999529381637542,-4.7061946987125368e-06,4.7061946987125368e-06,1.8722624757971859e-05
830,916,0.95795341397697076,-0.042956130610199532,0.042956130610199532,0.97571240603069431,-0.024587401943744043,0.024587401943744043,0.018368728666455489
831,4652,0.9999508006199922,-4.9200590336994237e-05,4.9200590336994237e-05,0.99999138703830459,-8.6129987871986194e-06,8.6129987871986194e-06,4.0587591549795621e-05
832,389,0.99999897840977581,-1.0215907459784313e-06,1.0215907459784313e-06,0.99999983861137742,-1.6138863564418006e-07,1.6138863564418006e-07,8.6020211033425134e-07
833,48677,0.99999698805355264,-3.0119509832875968e-06,3.0119509832875968e-06,0.99999965538187463,-3.4461818478268804e-07,3.4461818478268804e-07,2.6673327985049088e-06
834,11876,0.99998214540118691,-1.7854758208386926e-05,1.7854758208386926e-05,0.99998972276193243,-1.0277290878766598e-05,1.0277290878766598e-05,7.5774673296203282e-06
835,52757,0.99997584600826073,-2.4154283451635644e-05,2.4154283451635644e-05,0.99998537122183706,-1.4628885164535908e-05,1.4628885164535908e-05,9.5253982870997353e-06
836,198,0.319955716314195,-1.1395726792828031,1.1395726792828031,0.48121296034333749,-0.73144536186247844,0.73144536186247844,0.40812731742032471
837,9,0.99984741791507992,-0.00015259372675064807,0.00015259372675064807,0.99992917072130894,-7.083178720283078e-05,7.083178720283078e-05,8.1761939547817292e-05
838,358,0.0034006445488234077,-5.6837902921433914,5.6837902921433914,0.57278984662234522,-0.5572363893616169,0.5572363893616169,5.1265539027817741
839,37432,0.25559598811815065,-1.3641572525403176,1.3641572525403176,0.99945890552433647,-0.0005412409201085639,0.0005412409201085639,1.363616011620209
840,916,0.96698491596631486,-0.033572382444388489,0.033572382444388489,0.9927028363953101,-0.0073239181372839364,0.0073239181372839364,0.026248464307104553
841,4652,0.99977741405362863,-0.00022261072229972357,0.00022261072229972357,0.99998088880183744,-1.9111380783791268e-05,1.9111380783791268e-05,0.00020349934151593231
842,389,0.99998945987993038,-1.0540175617133194e-05,1.0540175617133194e-05,0.99999897233761681,-1.0276629111890613e-06,1.0276629111890613e-06,9.5125127059441332e-06
843,48677,0.99990566492424793,-9.4339525585202414e-05,9.4339525585202414e-05,0.99999923770210031,-7.6229819023379082e-07,7.6229819023379082e-07,9.357722739496862e-05
844,11876,0.99995264360907821,-4.7357512271105669e-05,4.7357512271105669e-05,0.9999864223378141,-1.3577754363199915e-05,1.3577754363199915e-05,3.3779757907905756e-05
845,52757,0.99998180187649321,-1.8198289094669601e-05,1.8198289094669601e-05,0.99998214767941995,-1.7852479934636711e-05,1.7852479934636711e-05,3.4580916003288978e-07
846,198,0.30355478555840726,-1.1921931722247197,1.1921931722247197,0.45140587308834929,-0.79538840385403464,0.79538840385403464,0.39680476837068501
847,9,0.99945509835332924,-0.00054505015952540314,0.00054505015952540314,0.99985851783390123,-0.00014149217564460919,0.00014149217564460919,0.00040355798388079392
848,16905,0.630302794081958,-0.46155494953309489,0.46155494953309489,0.94590222358515252,-0.055616073004434177,0.055616073004434177,0.40593887652866073
849,596,0.99546840996324237,-0.0045418888158960009,0.0045418888158960009,0.99983907575807707,-0.00016093719161809202,0.00016093719161809202,0.004380951624277909
850,916,0.35305503034411506,-1.0411313408728371,1.0411313408728371,0.63326718913320024,-0.45686284616050105,0.45686284616050105,0.584268494712336
851,4652,0.99942509695883486,-0.00057506836128357096,0.00057506836128357096,0.99993729754173022,-6.2704424151135372e-05,6.2704424151135372e-05,0.00051236393713243562
852,389,0.9999747505767097,-2.5249742062334223e-05,2.5249742062334223e-05,0.99999800169499675,-1.9983069998813476e-06,1.9983069998813476e-06,2.3251435062452876e-05
853,48677,0.99999721066465819,-2.789339232045579e-06,2.789339232045579e-06,0.99999910678170201,-8.9321869687893044e-07,8.9321869687893044e-07,1.8961205351666486e-06
854,11876,0.9999685334736631,-3.1467021418374753e-05,3.1467021418374753e-05,0.99998448994800293,-1.5510172279182181e-05,1.5510172279182181e-05,1.5956849139192572e-05
855,52757,0.99998360981829459,-1.639031602588379e-05,1.639031602588379e-05,0.99996774268109145,-3.2257839187044419e-05,3.2257839187044419e-05,-1.5867523161160629e-05
856,198,0.392815254908494,-0.93441586693085021,0.93441586693085021,0.62503483683487704,-0.46994789186328906,0.46994789186328906,0.46446797506756116
857,9,0.99954645890568539,-0.00045364397518504279,0.00045364397518504279,0.99984848352813427,-0.00015152795164599325,0.00015152795164599325,0.00030211602353904957
858,426,0.12201872969919825,-2.1035807239076201,2.1035807239076201,0.43685596318590708,-0.82815174191135965,0.82815174191135965,1.2754289819962605
859,2191,0.9896128896119859,-0.01044143291594196,0.01044143291594196,0.99566147918290437,-0.0043479595084013455,0.0043479595084013455,0.0060934734075406144
860,277,0.99966609394594175,-0.0003339618130972283,0.0003339618130972283,0.9999992969387852,-7.0306146192531526e-07,7.0306146192531526e-07,0.000333258751635303
861,377,0.99999626177907452,-3.7382279126700294e-06,3.7382279126700294e-06,0.99999980380409415,-1.961959251332739e-07,1.961959251332739e-07,3.5420319875367557e-06
862,3314,0.99002919323230199,-0.010020848174830956,0.010020848174830956,0.99866546590825267,-0.0013354253754222596,0.0013354253754222596,0.0086854227994086972
863,9304,0.99991665394198903,-8.334953148667595e-05,8.334953148667595e-05,0.99995654291476577,-4.345802952066505e-05,4.345802952066505e-05,3.98915019660109e-05
864,3997,0.38589908028632519,-0.95217939373675209,0.95217939373675209,0.45047570891338917,-0.79745112366854021,0.79745112366854021,0.15472827006821188
865,198,0.94677807480619791,-0.054690558764856297,0.054690558764856297,0.98964376545518573,-0.010410233482434245,0.010410233482434245,0.044280325282422053
866,9,0.9999986243640534,-1.3756368927851223e-06,1.3756368927851223e-06,0.99999927134930089,-7.2865096455357151e-07,7.2865096455357151e-07,6.4698592823155075e-07
867,3907,0.99970134179385095,-0.00029870281339283255,0.00029870281339283255,0.99993646431539707,-6.3537703080028155e-05,6.3537703080028155e-05,0.0002351651103128044
868,315,0.99999608208258861,-3.9179250864760951e-06,3.9179250864760951e-06,0.9999993657271582,-6.3427304299769729e-07,6.3427304299769729e-07,3.2836520434783976e-06
869,19461,0.99999278190372209,-7.2181223285211964e-06,7.2181223285211964e-06,0.99999660293238457,-3.3970733854712302e-06,3.3970733854712302e-06,3.8210489430499662e-06
870,3997,0.96254552555789075,-0.038173914657848008,0.038173914657848008,0.99760374680287878,-0.0023991288065242219,0.0023991288065242219,0.035774785851323786
871,198,0.43506357024993492,-0.83226312006504666,0.83226312006504666,0.35386237449374724,-1.0388472140565621,1.0388472140565621,-0.20658409399151545
872,9,0.99988878365367262,-0.00011122253132376617,0.00011122253132376617,0.99988175737604135,-0.00011824961516887946,0.00011824961516887946,-7.0270838451132921e-06
873,14689,0.069956644976264262,-2.6598795862957951,2.6598795862957951,0.54851379820931623,-0.60054284332197805,0.60054284332197805,2.0593367429738172
874,13345,0.99947422330358004,-0.00052591496545503433,0.00052591496545503433,0.9999758414598916,-2.4158831930597635e-05,2.4158831930597635e-05,0.00050175613352443664
875,62668,0.9999974772809922,-2.5227221898676878e-06,2.5227221898676878e-06,0.99999925262246447,-7.4737781479234101e-07,7.4737781479234101e-07,1.7753443750753469e-06
876,3997,0.65995731100002009,-0.41558012635652669,0.41558012635652669,0.75100536370296322,-0.2863424851623308,0.2863424851623308,0.1292376411941959
877,198,0.92351007814946573,-0.079573566408922838,0.079573566408922838,0.96315411444423982,-0.037541844220726303,0.037541844220726303,0.042031722188196535
878,9,0.99997556332387127,-2.443697470918778e-05,2.443697470918778e-05,0.99998899108044903,-1.1008980149533104e-05,1.1008980149533104e-05,1.3427994559654676e-05
879,1561,0.8216142425066818,-0.19648428543201002,0.19648428543201002,0.9955898952931771,-0.0044198579042298621,0.0044198579042298621,0.19206442752778016
880,6457,0.99963231381268602,-0.0003677538004542385,0.0003677538004542385,0.99992557286464079,-7.4429905195927873e-05,7.4429905195927873e-05,0.00029332389525831064
881,1322,0.99986695864860742,-0.00013305020217822743,0.00013305020217822743,0.99999943346502274,-5.6653513774874735e-07,5.6653513774874735e-07,0.00013248366704047868
882,62668,0.96945904445633235,-0.031017049176949574,0.031017049176949574,0.9995680620496632,-0.00043203126240430237,0.00043203126240430237,0.030585017914545272
883,3997,0.99797410667788422,-0.0020279482197967397,0.0020279482197967397,0.99968038846301188,-0.0003196626236409018,0.0003196626236409018,0.0017082855961558379
884,198,0.97544905046622943,-0.024857349430854533,0.024857349430854533,0.99867670238703055,-0.0013241739444392472,0.0013241739444392472,0.023533175486415286
885,9,0.99999630287837904,-3.6971284553052352e-06,3.6971284553052352e-06,0.99999875010663597,-1.2498941451071689e-06,1.2498941451071689e-06,2.4472343101980662e-06
886,763,0.21855166672994086,-1.5207328313923953,1.5207328313923953,0.7948493042633421,-0.22960273668124154,0.22960273668124154,1.2911300947111539
887,39291,0.99994691379551659,-5.3087613605823285e-05,5.3087613605823285e-05,0.99997020144228543,-2.9799001700372096e-05,2.9799001700372096e-05,2.3288611905451189e-05
888,82917,0.99639911046829199,-0.0036073883401023031,0.0036073883401023031,0.99998644818795646,-1.3551903870171924e-05,1.3551903870171924e-05,0.0035938364362321311
889,28331,0.99827959250523368,-0.0017218890952886516,0.0017218890952886516,0.99994378161105357,-5.6219969259275615e-05,5.6219969259275615e-05,0.001665669126029376
890,3997,0.99994596677410919,-5.403468573811035e-05,5.403468573811035e-05,0.99999155784926774,-8.4421863674468129e-06,8.4421863674468129e-06,4.5592499370663534e-05
891,198,0.94319838076327422,-0.058478646508462399,0.058478646508462399,0.98566141520105643,-0.014442375643153055,0.014442375643153055,0.04403627086530934
892,9,0.99999479821832293,-5.2017952063951211e-06,5.2017952063951211e-06,0.99999636644416179,-3.6335624395878892e-06,3.6335624395878892e-06,1.5682327668072319e-06
893,29950,0.89880984162970012,-0.10668378898714133,0.10668378898714133,0.96787747076175634,-0.032649779509032015,0.032649779509032015,0.074034009478109314
894,50417,0.99967311044885243,-0.00032694299118324273,0.00032694299118324273,0.99999044084733568,-9.5591983532740958e-06,9.5591983532740958e-06,0.00031738379282996864
895,19134,0.99977243282747752,-0.00022759306986043737,0.00022759306986043737,0.99997253411531706,-2.7466261877264158e-05,2.7466261877264158e-05,0.00020012680798317322
896,3997,0.99873184409942406,-0.0012689606907415837,0.0012689606907415837,0.99986119231179971,-0.0001388173228790454,0.0001388173228790454,0.0011301433678625383
897,198,0.85056408395872707,-0.16185552141484968,0.16185552141484968,0.92168182054860059,-0.081555212004093741,0.081555212004093741,0.080300309410755943
898,9,0.99997951711082755,-2.0483098949731455e-05,2.0483098949731455e-05,0.99998428298336661,-1.5717140147001997e-05,1.5717140147001997e-05,4.765958802729458e-06
899,5165,0.33596849471210199,-1.0907378891530062,1.0907378891530062,0.64787963588871267,-0.43405034696830863,0.43405034696830863,0.6566875421846976
900,21424,0.99945046070168131,-0.00054969035038075103,0.00054969035038075103,0.99995091992379526,-4.9081280671114435e-05,4.9081280671114435e-05,0.00050060906970963656
901,9130,0.99997990222222921,-2.0097979733820508e-05,2.0097979733820508e-05,0.9999936926456795,-6.3073742119287205e-06,6.3073742119287205e-06,1.3790605521891788e-05
902,3997,0.99976821035459029,-0.00023181651278141673,0.00023181651278141673,0.99995083286091768,-4.9168347825693975e-05,4.9168347825693975e-05,0.00018264816495572274
903,198,0.7774847789155227,-0.25169121207790612,0.25169121207790612,0.55971469728285583,-0.58032809421419662,0.58032809421419662,-0.3286368821362905
904,9,0.99997822415371429,-2.1776083382877188e-05,2.1776083382877188e-05,0.99992770996942637,-7.2292643623838353e-05,7.2292643623838353e-05,-5.0516560240961169e-05
905,7043,7.2581433033582717e-07,-14.1359715981686,14.1359715981686,0.59471166774706163,-0.51967858291091218,0.51967858291091218,13.616293015257689
906,28653,0.90361059718045067,-0.10135676672304905,0.10135676672304905,0.99951495640315546,-0.00048516126854208685,0.00048516126854208685,0.10087160545450696
907,1543,0.99997799199221682,-2.2008249962976085e-05,2.2008249962976085e-05,0.99999977928678041,-2.2071324397133975e-07,2.2071324397133975e-07,2.1787536719004747e-05
908,596,0.97340754140951413,-0.026952434119971527,0.026952434119971527,0.99974636156181351,-0.00025367060985523614,0.00025367060985523614,0.02669876351011629
909,27685,0.67936810358356425,-0.38659217227713472,0.38659217227713472,0.66189760444912915,-0.41264441106742145,0.41264441106742145,-0.02605223879028673
910,2199,0.99982437420992054,-0.00017564121409442129,0.00017564121409442129,0.99999684956771262,-3.1504372500300516e-06,3.1504372500300516e-06,0.00017249077684439125
911,198,0.478772745890583,-0.73652922861728631,0.73652922861728631,0.61269130101001812,-0.48989405714792611,0.48989405714792611,0.2466351714693602
912,9,0.99956185165240863,-0.00043824436262548743,0.00043824436262548743,0.99989661557077558,-0.00010338977376288613,0.00010338977376288613,0.0003348545888626013
913,578,0.05158178562660027,-2.9645866605434197,2.9645866605434197,0.82426128656216058,-0.19326770399434021,0.19326770399434021,2.7713189565490794
914,99773,0.44335328198361235,-0.81338835049126335,0.81338835049126335,0.99515836989144935,-0.004853388769013936,0.004853388769013936,0.80853496172224937
915,4506,0.99999097780456869,-9.022236131587644e-06,9.022236131587644e-06,0.99999804713280749,-1.9528690993887646e-06,1.9528690993887646e-06,7.0693670321988794e-06
916,596,0.99991707371487515,-8.2929723699288571e-05,8.2929723699288571e-05,0.99999859078381703,-1.4092171758771203e-06,1.4092171758771203e-06,8.152050652341145e-05
917,27685,0.99725059272264571,-0.0027531938396698412,0.0027531938396698412,0.99971679523531698,-0.00028324487472550436,0.00028324487472550436,0.0024699489649443367
918,2199,0.99992442065144926,-7.5582204813600456e-05,7.5582204813600456e-05,0.99999508996837316,-4.9100436810456728e-06,4.9100436810456728e-06,7.0672161132554785e-05
919,198,0.92909624906128774,-0.073542940517395114,0.073542940517395114,0.84654117290848918,-0.16659643959770395,0.16659643959770395,-0.093053499080308841
920,9,0.99988355572462428,-0.00011645105553667739,0.00011645105553667739,0.99997917605268172,-2.082416413965735e-05,2.082416413965735e-05,9.5626891397020036e-05
921,578,0.19439176953810797,-1.6378797256190012,1.6378797256190012,0.49821336052546839,-0.69672685891936614,0.69672685891936614,0.94115286669963505
922,9305,0.99770440521766668,-0.0022982336993986729,0.0022982336993986729,0.9994612788039644,-0.00053886635843614929,0.00053886635843614929,0.0017593673409625236
923,596,0.99996017222015909,-3.9828572987953321e-05,3.9828572987953321e-05,0.99999748072601713,-2.5192771563011561e-06,2.5192771563011561e-06,3.7309295831652162e-05
924,27685,0.99979326452112816,-0.00020675685159666319,0.00020675685159666319,0.99997646476863278,-2.3535508325105245e-05,2.3535508325105245e-05,0.00018322134327155795
925,2199,0.99995448815297572,-4.5512882719800467e-05,4.5512882719800467e-05,0.9999945900517444,-5.4099628894206834e-06,5.4099628894206834e-06,4.0102919830379782e-05
926,198,0.99640456662747301,-0.0036019124778849999,0.0036019124778849999,0.99874072019177329,-0.0012600733673230541,0.0012600733673230541,0.002341839110561946
927,9,0.99996992712870658,-3.0073323491265681e-05,3.0073323491265681e-05,0.99998258917282579,-1.7410978744421431e-05,1.7410978744421431e-05,1.266234474684425e-05
928,44023,0.00013729989946161976,-8.8933429774439325,8.8933429774439325,0.94777884428580161,-0.053634090561023917,0.053634090561023917,8.8397088868829083
929,37337,0.99987989015175238,-0.00012011706201306926,0.00012011706201306926,0.99997415340426077,-2.5846929768291098e-05,2.5846929768291098e-05,9.4270132244778161e-05
930,596,0.99995295322625111,-4.7047880483054893e-05,4.7047880483054893e-05,0.99999919427600281,-8.0572432173961985e-07,8.0572432173961985e-07,4.6242156161315272e-05
931,27685,0.99968392780080362,-0.00031612216054184263,0.00031612216054184263,0.99996661610402449,-3.3384453230151025e-05,3.3384453230151025e-05,0.00028273770731169161
932,2199,0.99997732896882474,-2.267128816696016e-05,2.267128816696016e-05,0.9999973361850798,-2.6638184681126091e-06,2.6638184681126091e-06,2.0007469698847552e-05
933,198,0.96101576185758664,-0.039764468629608439,0.039764468629608439,0.99178112855922373,-0.0082528325741254849,0.0082528325741254849,0.031511636055482954
934,9,0.99996736594135482,-3.2634591147632614e-05,3.2634591147632614e-05,0.99999444748780142,-5.55252761383145e-06,5.55252761383145e-06,2.7082063533801164e-05
935,37940,0.36866017051077499,-0.9978800063992298,0.9978800063992298,0.8663441072771173,-0.14347309682931347,0.14347309682931347,0.85440690956991627
936,783,0.99939749130294231,-0.00060269027836256403,0.00060269027836256403,0.99999987469057727,-1.2530943053006657e-07,1.2530943053006657e-07,0.00060256496893203398
937,30411,0.99995009477442476,-4.9906470882399763e-05,4.9906470882399763e-05,0.99999834947098476,-1.6505303773794548e-06,1.6505303773794548e-06,4.8255940505020311e-05
938,596,0.9999794217090141,-2.0578502721866582e-05,2.0578502721866582e-05,0.99999946991091127,-5.3008922923510237e-07,5.3008922923510237e-07,2.004841349263148e-05
939,27685,0.99833256589376296,-0.0016688258217641505,0.0016688258217641505,0.99971419272414253,-0.0002858481265407385,0.0002858481265407385,0.0013829776952234119
940,2199,0.99999918870957183,-8.1129075721473683e-07,8.1129075721473683e-07,0.99999782251183389,-2.1774905368059729e-06,2.1774905368059729e-06,-1.3661997795912361e-06
941,198,0.97015416053448045,-0.03030029172642431,0.03030029172642431,0.99347769193308366,-0.0065436712603943433,0.0065436712603943433,0.023756620466029967
942,9,0.99988351795943575,-0.00011648882512400494,0.00011648882512400494,0.99999227001369995,-7.7300161766038633e-06,7.7300161766038633e-06,0.00010875880894740108
943,3468,0.13781960962076642,-1.9818096255867166,1.9818096255867166,0.56127484945528439,-0.5775445657070658,0.5775445657070658,1.4042650598796507
944,6354,0.072247495898283109,-2.6276576114375199,2.6276576114375199,0.9997102912333482,-0.00028975074034349167,0.00028975074034349167,2.6273678606971762
945,2689,0.99989541516050329,-0.00010459030887237595,0.00010459030887237595,0.99999894171654047,-1.0582840195421068e-06,1.0582840195421068e-06,0.00010353202485283383
946,13818,0.99809130512875532,-0.0019105187504892113,0.0019105187504892113,0.99999615148947529,-3.8485179301932354e-06,3.8485179301932354e-06,0.0019066702325590181
947,596,0.99977205226342203,-0.00022797372061197243,0.00022797372061197243,0.9999984426229287,-1.5573782839830194e-06,1.5573782839830194e-06,0.00022641634232798942
948,27685,0.99903025177279914,-0.00097021873722173701,0.00097021873722173701,0.99948210945780835,-0.00051802469381776242,0.00051802469381776242,0.00045219404340397459
949,2199,0.99999030163628344,-9.6984107460266324e-06,9.6984107460266324e-06,0.9999970866595026,-2.9133447411524182e-06,2.9133447411524182e-06,6.7850660048742146e-06
950,198,0.99083096689642247,-0.0092113274180972218,0.0092113274180972218,0.99972793825617456,-0.00027209875933547137,0.00027209875933547137,0.0089392286587617505
951,9,0.99997762868066975,-2.2371569571917469e-05,2.2371569571917469e-05,0.9999919320092534,-8.0680232930509746e-06,8.0680232930509746e-06,1.4303546278866494e-05
952,9454,0.00065849021399023067,-7.3255608979540368,7.3255608979540368,0.98178453861115444,-0.018383405484676953,0.018383405484676953,7.3071774924693598
953,14603,0.99993925589940502,-6.0745945592581553e-05,6.0745945592581553e-05,0.99999566264105377,-4.3373683525604391e-06,4.3373683525604391e-06,5.6408577240021115e-05
954,596,0.99992813826893356,-7.1864313244329606e-05,7.1864313244329606e-05,0.9999983484137317,-1.6515876321384298e-06,1.6515876321384298e-06,7.021272561219118e-05
955,27685,0.99995875882100793,-4.1242029432853557e-05,4.1242029432853557e-05,0.99999495284267914,-5.0471700578308612e-06,5.0471700578308612e-06,3.6194859375022695e-05
956,2199,0.99998574444051536,-1.4255661096106526e-05,1.4255661096106526e-05,0.99999888859818453,-1.1114024330940959e-06,1.1114024330940959e-06,1.3144258663012431e-05
957,198,0.99857987637851542,-0.0014211329527312937,0.0014211329527312937,0.99996085427732584,-3.9146488887979641e-05,3.9146488887979641e-05,0.001381986463843314
958,9,0.99996334409053245,-3.6656581311792393e-05,3.6656581311792393e-05,0.99999444071163801,-5.5593038148646266e-06,5.5593038148646266e-06,3.1097277496927764e-05
959,48562,3.2343308806781794e-06,-12.641688488908118,12.641688488908118,0.55315493834444485,-0.59211713886422712,0.59211713886422712,12.049571350043891
960,473,0.17266733465960385,-1.7563884567132826,1.7563884567132826,0.99999959093997515,-4.0906010849848186e-07,4.0906010849848186e-07,1.7563880476531741
961,14782,0.98494175010830309,-0.015172776504591472,0.015172776504591472,0.99999651483782526,-3.4851682479324598e-06,3.4851682479324598e-06,0.01516929133634354
962,596,0.99273347133865153,-0.0072930584786542125,0.0072930584786542125,0.99999830909612564,-1.6909053039390574e-06,1.6909053039390574e-06,0.0072913675733502735
963,27685,0.99174074807135704,-0.0082935485232138902,0.0082935485232138902,0.99999705224744928,-2.9477568953512277e-06,2.9477568953512277e-06,0.0082906007663185385
964,2199,0.99992656147563819,-7.3441221102315009e-05,7.3441221102315009e-05,0.99999997206050162,-2.7939498768383406e-08,2.7939498768383406e-08,7.341328160354663e-05
965,198,0.95904567077139413,-0.041816581904818101,0.041816581904818101,0.99997133241865155,-2.8667992271441549e-05,2.8667992271441549e-05,0.041787913912546659
966,9,0.9995325516757777,-0.00046755761224922881,0.00046755761224922881,0.99999291321596517,-7.086809146161184e-06,7.086809146161184e-06,0.00046047080310306765
967,46315,0.009537812938295127,-4.6524910715551764,4.6524910715551764,0.98893775908602122,-0.011123882518747691,0.011123882518747691,4.641367189036429
968,72353,0.99012612661142652,-0.0099229433506683382,0.0099229433506683382,0.99999968968679587,-3.1031325224183571e-07,3.1031325224183571e-07,0.0099226330374160964
969,554,0.99995362375405383,-4.637732135751126e-05,4.637732135751126e-05,0.99999992677463623,-7.3225366420615505e-08,7.3225366420615505e-08,4.6304095991090642e-05
970,596,0.9971421772577439,-0.0028619141144727855,0.0028619141144727855,0.99999860569325338,-1.3943077186800825e-06,1.3943077186800825e-06,0.0028605198067541055
971,27685,0.99904904852319099,-0.00095140391802044696,0.00095140391802044696,0.99999768538165146,-2.3146210272972073e-06,2.3146210272972073e-06,0.00094908929699314977
972,2199,0.99997659322578158,-2.3407048161281581e-05,2.3407048161281581e-05,0.99999025350091153,-9.7465465858533091e-06,9.7465465858533091e-06,1.3660501575428272e-05
973,198,0.98710194186872902,-0.012981960314024727,0.012981960314024727,0.99989395685511018,-0.00010604876786164959,0.00010604876786164959,0.012875911546163077
974,9,0.99973990320267381,-0.0002601306283645922,0.0002601306283645922,0.99999580833452151,-4.1916742635810701e-06,4.1916742635810701e-06,0.00025593895410101113
975,51075,0.025800144040520313,-3.6573752041042464,3.6573752041042464,0.96334979522394382,-0.037338698222013321,0.037338698222013321,3.6200365058822332
976,3341,0.99194511894001258,-0.0080874968768546857,0.0080874968768546857,0.99999899061566977,-1.0093848396531882e-06,1.0093848396531882e-06,0.0080864874920150327
977,7678,0.99966779199898637,-0.00033226319431569874,0.00033226319431569874,0.99999814195172543,-1.8580500007458006e-06,1.8580500007458006e-06,0.00033040514431495292
978,596,0.99909614883392994,-0.00090425988583499729,0.00090425988583499729,0.99999489535826547,-5.1046547632496044e-06,5.1046547632496044e-06,0.00089915523107174768
979,27685,0.99956353804298415,-0.00043655723426005603,0.00043655723426005603,0.99999741090242733,-2.5891009243603616e-06,2.5891009243603616e-06,0.00043396813333569569
980,2199,0.99999279472638725,-7.2052995708804943e-06,7.2052995708804943e-06,0.99999989258861288,-1.0741139289572161e-07,1.0741139289572161e-07,7.0978881779847724e-06
981,198,0.99671140822561421,-0.0032940110768257579,0.0032940110768257579,0.99995768874449831,-4.2312150648136697e-05,4.2312150648136697e-05,0.0032516989261776211
982,9,0.99989546522564277,-0.00010454023849750305,0.00010454023849750305,0.9999974658093288,-2.5341938822125895e-06,2.5341938822125895e-06,0.00010200604461529046
983,67188,0.97863536298397902,-0.021596164479197818,0.021596164479197818,0.97845435585283747,-0.021781140292943525,0.021781140292943525,-0.00018497581374570665
984,31298,0.9987401775357323,-0.0012606167077290457,0.0012606167077290457,0.99999863959117219,-1.3604097531947581e-06,1.3604097531947581e-06,0.0012592562979758509
985,300,0.99995671770688965,-4.3283229815800937e-05,4.3283229815800937e-05,0.99999993409775001,-6.5902252148795662e-08,6.5902252148795662e-08,4.3217327563652143e-05
986,42221,0.99999606952972864,-3.9304779956663377e-06,3.9304779956663377e-06,0.99999958097693276,-4.1902315498010776e-07,4.1902315498010776e-07,3.5114548406862299e-06
987,596,0.91799997147467927,-0.085557919434981242,0.085557919434981242,0.99307888732740734,-0.0069451746609994446,0.0069451746609994446,0.078612744773981794
988,27685,0.99982259590478151,-0.00017741983318630674,0.00017741983318630674,0.99999821392000232,-1.7860815927489303e-06,1.7860815927489303e-06,0.00017563375159355781
989,2199,0.99999652714841536,-3.4728576149492974e-06,3.4728576149492974e-06,0.99999907667918209,-9.2332124419286697e-07,9.2332124419286697e-07,2.5495363707564304e-06
990,198,0.80073888801205484,-0.22222036756442284,0.22222036756442284,0.9999376496198491,-6.2352324016635749e-05,6.2352324016635749e-05,0.22215801524040621
991,9,0.99961174086968241,-0.00038833452240880816,0.00038833452240880816,0.99999406603457264,-5.933983033417057e-06,5.933983033417057e-06,0.00038240053937539111
992,362,0.015474470278708812,-4.1685636917754696,4.1685636917754696,0.99995869355776179,-4.1307295372799261e-05,4.1307295372799261e-05,4.1685223844800969
993,1638,0.91256461335023831,-0.09149638688139404,0.09149638688139404,0.99999993647253649,-6.3527465490836604e-08,6.3527465490836604e-08,0.091496323353928544
994,1334,0.99971873541099532,-0.00028130415130766433,0.00028130415130766433,0.99999966481785707,-3.3518219911083458e-07,3.3518219911083458e-07,0.00028096896910855348
995,6193,0.99966722554492593,-0.00033282983677980179,0.00033282983677980179,0.99999845070511073,-1.5492960894116212e-06,1.5492960894116212e-06,0.00033128054069039018
996,68,0.99913171053178662,-0.00086866664986473747,0.00086866664986473747,0.99999973409351217,-2.6590652319660176e-07,2.6590652319660176e-07,0.00086840074334154085
997,336,0.99996732155124113,-3.267898271096649e-05,3.267898271096649e-05,0.99999978246629673,-2.1753372690785881e-07,2.1753372690785881e-07,3.2461448984058631e-05
998,596,0.99826688657892393,-0.0017346169996404611,0.0017346169996404611,0.99999650444109556,-3.4955650139518373e-06,3.4955650139518373e-06,0.0017311214346265092
999,27685,0.99901938312946936,-0.00098109798980885185,0.00098109798980885185,0.99999723627051729,-2.7637333018221822e-06,2.7637333018221822e-06,0.00097833425650702957
1000,2199,0.99991602882256614,-8.3974703210513792e-05,8.3974703210513792e-05,0.99999838217589521,-1.6178254134642598e-06,1.6178254134642598e-06,8.2356877797049534e-05
1001,198,0.92422878729248403,-0.078795632694688644,0.078795632694688644,0.84085570258714504,-0.17333521210482389,0.17333521210482389,-0.094539579410135244
1002,9,0.99980154471589122,-0.00019847497896441932,0.00019847497896441932,0.99993939365257456,-6.0608184064302089e-05,6.0608184064302089e-05,0.00013786679490011724
1003,28395,0.082697248784122893,-2.492568944928804,2.492568944928804,0.75256710518540171,-0.28426511000896321,0.28426511000896321,2.2083038349198407
1004,220,0.90543839540970017,-0.099336037755843515,0.099336037755843515,0.99978756608632224,-0.00021245648095764106,0.00021245648095764106,0.09912358127488588
1005,1041,0.96797419835171261,-0.032549846656138269,0.032549846656138269,0.99992295029706635,-7.7052671414452485e-05,7.7052671414452485e-05,0.032472793984723816
1006,27685,0.77300225778484932,-0.25747330959063736,0.25747330959063736,0.83399240020110144,-0.18153098913361235,0.18153098913361235,0.075942320457025009
1007,2199,0.97742556470186059,-0.022833138664669107,0.022833138664669107,0.99751054610432954,-0.0024925577383387329,0.0024925577383387329,0.020340580926330374
1008,198,0.99560843988088144,-0.0044012313441556886,0.0044012313441556886,0.99992488764761656,-7.5115173457466464e-05,7.5115173457466464e-05,0.0043261161706982217
1009,9,0.99995550605594141,-4.4494933943434983e-05,4.4494933943434983e-05,0.99999938129007671,-6.1871011469835892e-07,6.1871011469835892e-07,4.3876223828736624e-05
1010,28395,0.97718438220291004,-0.023079921917314068,0.023079921917314068,0.99969100309302705,-0.00030904465635371456,0.00030904465635371456,0.022770877260960352
1011,220,0.99988225061594027,-0.00011775631706271243,0.00011775631706271243,0.99999970646294467,-2.9353709840048446e-07,2.9353709840048446e-07,0.00011746277996431195
1012,1049,0.98807818330724495,-0.011993451463042338,0.011993451463042338,0.99722271006370489,-0.0027811537616238692,0.0027811537616238692,0.0092122977014184679
1013,27685,0.99945156130250878,-0.00054858914500365322,0.00054858914500365322,0.99999426022707061,-5.739789401971178e-06,5.739789401971178e-06,0.00054284935560168209
1014,2199,0.99984954008799776,-0.00015047123223036295,0.00015047123223036295,0.99999685934549187,-3.1406594400273898e-06,3.1406594400273898e-06,0.00014733057279033558
1015,198,0.90101939850989243,-0.10422849162788272,0.10422849162788272,0.99148327418385906,-0.0085532003689512155,0.0085532003689512155,0.095675291258931511
1016,9,0.99959682676421868,-0.00040325453196204497,0.00040325453196204497,0.99999491086649328,-5.0891464563853027e-06,5.0891464563853027e-06,0.00039816538550565964
1017,99399,0.64548136150830027,-0.43775894361533679,0.43775894361533679,0.93878560985882276,-0.063168143351525541,0.063168143351525541,0.37459080026381125
1018,1692,0.99671553773789057,-0.0032898679480447353,0.0032898679480447353,0.99991503531528536,-8.4968294417889161e-05,8.4968294417889161e-05,0.003204899653626846
1019,689,0.9999762683934138,-2.3731888185195571e-05,2.3731888185195571e-05,0.99999650019515585,-3.4998109684546762e-06,3.4998109684546762e-06,2.0232077216740894e-05
1020,1630,0.0011993548755777433,-6.7259714704340707,6.7259714704340707,0.92488701561062558,-0.078083694215865002,0.078083694215865002,6.647887776218206
1021,5511,0.13458568292935011,-2.0055542349671982,2.0055542349671982,0.99999732639941141,-2.6736041626756042e-06,2.6736041626756042e-06,2.0055515613630357
1022,27685,0.98571700512576976,-0.014385978632660419,0.014385978632660419,0.99988300727077983,-0.00011699957340337357,0.00011699957340337357,0.014268979059257047
1023,2199,0.9996216618410525,-0.00037840974688564189,0.00037840974688564189,0.99999795995028817,-2.0400517927016535e-06,2.0400517927016535e-06,0.00037636969509294022
