token_index,token_id,probability,logprob,nll,reference_probability,reference_logprob,reference_nll,nll_drift
0,33,0.99418828014020888,-0.0058286736225805968,0.0058286736225805968,0.99418828014020888,-0.0058286736225805968,0.0058286736225805968,0
1,21161,0.99999475613849298,-5.2438752561085319e-06,5.2438752561085319e-06,0.99999475613849298,-5.2438752561085319e-06,5.2438752561085319e-06,0
2,11876,0.99967473592517342,-0.00032531698465915529,0.00032531698465915529,0.99967473592517342,-0.00032531698465915529,0.00032531698465915529,0
3,52757,0.99999856795547593,-1.4320455495007809e-06,1.4320455495007809e-06,0.99999856795547593,-1.4320455495007809e-06,1.4320455495007809e-06,0
4,374,0.99833174292366589,-0.0016696501667413032,0.0016696501667413032,0.99833174292366589,-0.0016696501667413032,0.0016696501667413032,0
5,264,0.94825204340102243,-0.05313494349742004,0.05313494349742004,0.94825204340102243,-0.05313494349742004,0.05313494349742004,0
6,6721,0.58549463806099078,-0.53529825386675856,0.53529825386675856,0.58549463806099078,-0.53529825386675856,0.53529825386675856,0
7,83162,0.99890946686129045,-0.0010911282026367776,0.0010911282026367776,0.99890946686129045,-0.0010911282026367776,0.0010911282026367776,0
8,11,0.99718378298534616,-0.0028201900147642386,0.0028201900147642386,0.99718378298534616,-0.0028201900147642386,0.0028201900147642386,0
9,9709,0.99992833449386354,-7.1668074231499385e-05,7.1668074231499385e-05,0.99992833449386354,-7.1668074231499385e-05,7.1668074231499385e-05,0
10,37959,0.99999492166899162,-5.0783439031615231e-06,5.0783439031615231e-06,0.99999492166899162,-5.0783439031615231e-06,5.0783439031615231e-06,0
11,10255,0.99995114631719528,-4.8854876184799489e-05,4.8854876184799489e-05,0.99995114631719528,-4.8854876184799489e-05,4.8854876184799489e-05,0
12,11,0.99976470220512059,-0.00023532548174868488,0.00023532548174868488,0.99976470220512059,-0.00023532548174868488,0.00023532548174868488,0
13,323,0.99999220304795378,-7.7969824426036352e-06,7.7969824426036352e-06,0.99999220304795378,-7.7969824426036352e-06,7.7969824426036352e-06,0
14,4846,0.99994099554645655,-5.9006194374740374e-05,5.9006194374740374e-05,0.99994099554645655,-5.9006194374740374e-05,5.9006194374740374e-05,0
15,19077,0.99960602170973312,-0.0003940559201037577,0.0003940559201037577,0.99960602170973312,-0.0003940559201037577,0.0003940559201037577,0
16,83162,0.99993173923773171,-6.8263092140127878e-05,6.8263092140127878e-05,0.99993173923773171,-6.8263092140127878e-05,6.8263092140127878e-05,0
17,323,0.99994727115600068,-5.273023421370637e-05,5.273023421370637e-05,0.99994727115600068,-5.273023421370637e-05,5.273023421370637e-05,0
18,6721,0.97089086375898637,-0.029541212724484883,0.029541212724484883,0.97089086375898637,-0.029541212724484883,0.029541212724484883,0
19,3778,0.87656654152419744,-0.1317426601901594,0.1317426601901594,0.87656654152419744,-0.1317426601901594,0.1317426601901594,0
20,9141,0.9999719533585113,-2.8047034803142123e-05,2.8047034803142123e-05,0.9999719533585113,-2.8047034803142123e-05,2.8047034803142123e-05,0
21,2851,0.99999694791996152,-3.0520846960792636e-06,3.0520846960792636e-06,0.99999694791996152,-3.0520846960792636e-06,3.0520846960792636e-06,0
22,13,0.99993631817347228,-6.3683854301294508e-05,6.3683854301294508e-05,0.99993631817347228,-6.3683854301294508e-05,6.3683854301294508e-05,0
23,1283,0.99007502956107585,-0.0099745512897938607,0.0099745512897938607,0.99007502956107585,-0.0099745512897938607,0.0099745512897938607,0
24,374,0.84692060005236891,-0.16614833128337761,0.16614833128337761,0.84692060005236891,-0.16614833128337761,0.16614833128337761,0
25,5131,0.91772193083008824,-0.085860841839914159,0.085860841839914159,0.91772193083008824,-0.085860841839914159,0.085860841839914159,0
26,8667,0.99997577399774418,-2.4226295710157761e-05,2.4226295710157761e-05,0.99997577399774418,-2.4226295710157761e-05,2.4226295710157761e-05,0
27,311,0.99981086808162267,-0.00018914980607410382,0.00018914980607410382,0.99981086808162267,-0.00018914980607410382,0.00018914980607410382,0
28,34538,0.99047337747917907,-0.0095722910652431964,0.0095722910652431964,0.99047337747917907,-0.0095722910652431964,0.0095722910652431964,0
29,389,0.99145517282213191,-0.0085815435197650475,0.0085815435197650475,0.99145517282213191,-0.0085815435197650475,0.0085815435197650475,0
30,279,0.99999955518283268,-4.4481726623267054e-07,4.4481726623267054e-07,0.99999955518283268,-4.4481726623267054e-07,4.4481726623267054e-07,0
31,23886,0.99999497690509997,-5.0231075157940812e-06,5.0231075157940812e-06,0.99999497690509997,-5.0231075157940812e-06,5.0231075157940812e-06,0
32,6883,0.99999856134681275,-1.4386542220610665e-06,1.4386542220610665e-06,0.99999856134681275,-1.4386542220610665e-06,1.4386542220610665e-06,0
33,323,0.82640783828492548,-0.19066687636577745,0.19066687636577745,0.82640783828492548,-0.19066687636577745,0.19066687636577745,0
34,706,0.70601858323058042,-0.34811371997896268,0.34811371997896268,0.70601858323058042,-0.34811371997896268,0.34811371997896268,0
35,2834,0.58047677285989696,-0.54390549094462348,0.54390549094462348,0.58047677285989696,-0.54390549094462348,0.54390549094462348,0
36,12387,0.74331451703789819,-0.29663601691840258,0.29663601691840258,0.74331451703789819,-0.29663601691840258,0.29663601691840258,0
37,59284,0.98758103243517481,-0.01249672741124461,0.01249672741124461,0.98758103243517481,-0.01249672741124461,0.01249672741124461,0
38,11,0.87183213409546423,-0.13715838037622086,0.13715838037622086,0.87183213409546423,-0.13715838037622086,0.13715838037622086,0
39,2737,0.99997743315678056,-2.2567097854528428e-05,2.2567097854528428e-05,0.99997743315678056,-2.2567097854528428e-05,2.2567097854528428e-05,0
40,3116,0.62122451779935217,-0.47606272003934175,0.47606272003934175,0.62122451779935217,-0.47606272003934175,0.47606272003934175,0
41,34538,0.96726892946018173,-0.033278715202542643,0.033278715202542643,0.96726892946018173,-0.033278715202542643,0.033278715202542643,0
42,4435,0.62332371808434084,-0.47268928345373223,0.47268928345373223,0.62332371808434084,-0.47268928345373223,0.47268928345373223,0
43,29201,0.99995739726386768,-4.2603643654637183e-05,4.2603643654637183e-05,0.99995739726386768,-4.2603643654637183e-05,4.2603643654637183e-05,0
44,4870,0.99999938349318629,-6.1650700369980807e-07,6.1650700369980807e-07,0.99999938349318629,-6.1650700369980807e-07,6.1650700369980807e-07,0
45,48854,0.98220534123741465,-0.017954887357351373,0.017954887357351373,0.98220534123741465,-0.017954887357351373,0.017954887357351373,0
46,11,0.94401500336556776,-0.057613219567206435,0.057613219567206435,0.94401500336556776,-0.057613219567206435,0.057613219567206435,0
47,264,0.59681581815867712,-0.51614672548626728,0.51614672548626728,0.59681581815867712,-0.51614672548626728,0.51614672548626728,0
48,28395,0.75810774346396981,-0.27692976166790279,0.27692976166790279,0.75810774346396981,-0.27692976166790279,0.27692976166790279,0
49,29201,0.99997512845979619,-2.4871849505736585e-05,2.4871849505736585e-05,0.99997512845979619,-2.4871849505736585e-05,2.4871849505736585e-05,0
50,4870,0.99999970757095058,-2.9242909214973284e-07,2.9242909214973284e-07,0.99999970757095058,-2.9242909214973284e-07,2.9242909214973284e-07,0
51,19134,0.99984335216724463,-0.00015666010330857356,0.00015666010330857356,0.99984335216724463,-0.00015666010330857356,0.00015666010330857356,0
52,11,0.99996213073554374,-3.7869981514933585e-05,3.7869981514933585e-05,0.99996213073554374,-3.7869981514933585e-05,3.7869981514933585e-05,0
53,323,0.99785830648599871,-0.0021439902193671543,0.0021439902193671543,0.99785830648599871,-0.0021439902193671543,0.0021439902193671543,0
54,459,0.99895019817132069,-0.0010503532565795189,0.0010503532565795189,0.99895019817132069,-0.0010503532565795189,0.0010503532565795189,0
55,34260,0.56537174847177096,-0.57027180230078511,0.57027180230078511,0.56537174847177096,-0.57027180230078511,0.57027180230078511,0
56,14829,0.99999512195562046,-4.8780562772157542e-06,4.8780562772157542e-06,0.99999512195562046,-4.8780562772157542e-06,4.8780562772157542e-06,0
57,358,0.99994256076565335,-5.744088404263168e-05,5.744088404263168e-05,0.99994256076565335,-5.744088404263168e-05,5.744088404263168e-05,0
58,29201,0.99996812116153599,-3.1879346604952466e-05,3.1879346604952466e-05,0.99996812116153599,-3.1879346604952466e-05,3.1879346604952466e-05,0
59,4870,0.99999885215068174,-1.1478499770941555e-06,1.1478499770941555e-06,0.99999885215068174,-1.1478499770941555e-06,1.1478499770941555e-06,0
60,62668,0.99999682983585991,-3.170169165056481e-06,3.170169165056481e-06,0.99999682983585991,-3.170169165056481e-06,3.170169165056481e-06,0
61,19134,0.99215195674159351,-0.0078790012292723442,0.0078790012292723442,0.99215195674159351,-0.0078790012292723442,0.0078790012292723442,0
62,13,0.79258120825730471,-0.232460307493359,0.232460307493359,0.79258120825730471,-0.232460307493359,0.232460307493359,0
63,11876,0.5295342792733716,-0.63575737708738522,0.63575737708738522,0.5295342792733716,-0.63575737708738522,0.63575737708738522,0
64,52757,0.99999749091237244,-2.5090907753045197e-06,2.5090907753045197e-06,0.99999749091237244,-2.5090907753045197e-06,2.5090907753045197e-06,0
65,706,0.98362653374739883,-0.016508992847586352,0.016508992847586352,0.98362653374739883,-0.016508992847586352,0.016508992847586352,0
66,1101,0.97534846456355617,-0.024960472283931289,0.024960472283931289,0.97534846456355617,-0.024960472283931289,0.024960472283931289,0
67,2834,0.45617203267708029,-0.78488527597144297,0.78488527597144297,0.45617203267708029,-0.78488527597144297,0.78488527597144297,0
68,279,0.77638300259314574,-0.25310932051690016,0.25310932051690016,0.77638300259314574,-0.25310932051690016,0.25310932051690016,0
69,75636,0.99818759578753691,-0.0018140486041464648,0.0018140486041464648,0.99818759578753691,-0.0018140486041464648,0.0018140486041464648,0
70,25434,0.99999749488801593,-2.5051151219178212e-06,2.5051151219178212e-06,0.99999749488801593,-2.5051151219178212e-06,2.5051151219178212e-06,0
71,29201,0.99999524282645358,-4.7571848617856425e-06,4.7571848617856425e-06,0.99999524282645358,-4.7571848617856425e-06,4.7571848617856425e-06,0
72,4870,0.9999999333474805,-6.6652521723275416e-08,6.6652521723275416e-08,0.9999999333474805,-6.6652521723275416e-08,6.6652521723275416e-08,0
73,19134,0.99999001279091715,-9.9872589553375837e-06,9.9872589553375837e-06,0.99999001279091715,-9.9872589553375837e-06,9.9872589553375837e-06,0
74,323,0.51929902328848643,-0.65527540895688219,0.65527540895688219,0.51929902328848643,-0.65527540895688219,0.65527540895688219,0
75,374,0.69456828722279096,-0.36446479588663661,0.36446479588663661,0.69456828722279096,-0.36446479588663661,0.36446479588663661,0
76,264,0.95504042608388007,-0.046001608419452486,0.046001608419452486,0.95504042608388007,-0.046001608419452486,0.046001608419452486,0
77,4330,0.97194519014517466,-0.028455864851134945,0.028455864851134945,0.97194519014517466,-0.028455864851134945,0.028455864851134945,0
78,7394,0.99996935458818625,-3.064588139400043e-05,3.064588139400043e-05,0.99996935458818625,-3.064588139400043e-05,3.064588139400043e-05,0
79,1917,0.99999862112157112,-1.3788793794838348e-06,1.3788793794838348e-06,0.99999862112157112,-1.3788793794838348e-06,1.3788793794838348e-06,0
80,18824,0.99997625554778058,-2.3744734123431392e-05,2.3744734123431392e-05,0.99997625554778058,-2.3744734123431392e-05,2.3744734123431392e-05,0
81,304,0.99999570251476533,-4.2974944688786254e-06,4.2974944688786254e-06,0.99999570251476533,-4.2974944688786254e-06,4.2974944688786254e-06,0
82,6721,0.99999605858467266,-3.9414230947128462e-06,3.9414230947128462e-06,0.99999605858467266,-3.9414230947128462e-06,3.9414230947128462e-06,0
83,36540,0.99999432107126429,-5.6789448608950721e-06,5.6789448608950721e-06,0.99999432107126429,-5.6789448608950721e-06,5.6789448608950721e-06,0
84,382,0.84601300196562579,-0.16722055074031708,0.16722055074031708,0.84601300196562579,-0.16722055074031708,0.16722055074031708,0
85,24641,0.96351494516957281,-0.037167279914779507,0.037167279914779507,0.96351494516957281,-0.037167279914779507,0.037167279914779507,0
86,52757,0.99999890790404999,-1.0920965463809783e-06,1.0920965463809783e-06,0.99999890790404999,-1.0920965463809783e-06,1.0920965463809783e-06,0
87,596,0.76363758030840689,-0.26966197368936279,0.26966197368936279,0.76363758030840689,-0.26966197368936279,0.26966197368936279,0
88,19077,0.66636944179641611,-0.4059110448285414,0.4059110448285414,0.66636944179641611,-0.4059110448285414,0.4059110448285414,0
89,36540,0.9999984239996984,-1.5760015434950808e-06,1.5760015434950808e-06,0.9999984239996984,-1.5760015434950808e-06,1.5760015434950808e-06,0
90,7076,0.99998836204260932,-1.1638025112254842e-05,1.1638025112254842e-05,0.99998836204260932,-1.1638025112254842e-05,1.1638025112254842e-05,0
91,574,0.95678047290334756,-0.044181304748893722,0.044181304748893722,0.95678047290334756,-0.044181304748893722,0.044181304748893722,0
92,6992,0.72779998351527642,-0.31772901645415147,0.31772901645415147,0.72779998351527642,-0.31772901645415147,0.31772901645415147,0
93,11,0.99940685452081224,-0.00059332145955896495,0.00059332145955896495,0.99940685452081224,-0.00059332145955896495,0.00059332145955896495,0
94,449,0.99879766743904907,-0.0012030559426328994,0.0012030559426328994,0.99879766743904907,-0.0012030559426328994,0.0012030559426328994,0
95,220,0.99973184155035399,-0.00026819441055199,0.00026819441055199,0.99973184155035399,-0.00026819441055199,0.00026819441055199,0
96,7461,0.99998417894724356,-1.5821177910603916e-05,1.5821177910603916e-05,0.99998417894724356,-1.5821177910603916e-05,1.5821177910603916e-05,0
97,15160,0.99998337667351889,-1.6623464650177055e-05,1.6623464650177055e-05,0.99998337667351889,-1.6623464650177055e-05,1.6623464650177055e-05,0
98,323,0.99999998526648848,-1.4733511635431346e-08,1.4733511635431346e-08,0.99999998526648848,-1.4733511635431346e-08,1.4733511635431346e-08,0
99,220,0.95986909926761566,-0.040958358747000739,0.040958358747000739,0.95986909926761566,-0.040958358747000739,0.040958358747000739,0
100,20,0.99999283867738609,-7.1613482562629428e-06,7.1613482562629428e-06,0.99999283867738609,-7.1613482562629428e-06,7.1613482562629428e-06,0
101,18151,0.99999058293204124,-9.417112299570745e-06,9.417112299570745e-06,0.99999058293204124,-9.417112299570745e-06,9.417112299570745e-06,0
102,520,0.5655644526914001,-0.56993101522314826,0.56993101522314826,0.5655644526914001,-0.56993101522314826,0.56993101522314826,0
103,426,0.99998111523045374,-1.8884947865778435e-05,1.8884947865778435e-05,0.99998111523045374,-1.8884947865778435e-05,1.8884947865778435e-05,0
104,2191,0.99999779521851628,-2.204783914290395e-06,2.204783914290395e-06,0.99999779521851628,-2.204783914290395e-06,2.204783914290395e-06,0
105,277,0.99999972377413349,-2.7622590463537847e-07,2.7622590463537847e-07,0.99999972377413349,-2.7622590463537847e-07,2.7622590463537847e-07,0
106,377,0.99999987586587669,-1.2413413104126005e-07,1.2413413104126005e-07,0.99999987586587669,-1.2413413104126005e-07,1.2413413104126005e-07,0
107,3314,0.99999967590583205,-3.2409422045576926e-07,3.2409422045576926e-07,0.99999967590583205,-3.2409422045576926e-07,3.2409422045576926e-07,0
108,9304,0.99999924055187173,-7.5944841665339387e-07,7.5944841665339387e-07,0.99999924055187173,-7.5944841665339387e-07,7.5944841665339387e-07,0
109,323,0.99999938390924414,-6.160909456573e-07,6.160909456573e-07,0.99999938390924414,-6.160909456573e-07,6.160909456573e-07,0
110,279,0.9999992893124795,-7.1068777300169178e-07,7.1068777300169178e-07,0.9999992893124795,-7.1068777300169178e-07,7.1068777300169178e-07,0
111,3907,0.9999995161852695,-4.8381484749744476e-07,4.8381484749744476e-07,0.9999995161852695,-4.8381484749744476e-07,4.8381484749744476e-07,0
112,315,0.99999982646954055,-1.7353047447697745e-07,1.7353047447697745e-07,0.99999982646954055,-1.7353047447697745e-07,1.7353047447697745e-07,0
113,19461,0.99999720218277288,-2.7978211410623989e-06,2.7978211410623989e-06,0.99999720218277288,-2.7978211410623989e-06,2.7978211410623989e-06,0
114,13,0.9999690937047534,-3.0906772855940343e-05,3.0906772855940343e-05,0.9999690937047534,-3.0906772855940343e-05,3.0906772855940343e-05,0
115,1283,0.9980169658946636,-0.001985002920717174,0.001985002920717174,0.9980169658946636,-0.001985002920717174,0.001985002920717174,0
116,1243,0.54957416165595963,-0.59861155217776107,0.59861155217776107,0.54957416165595963,-0.59861155217776107,0.59861155217776107,0
117,8667,0.99520344863651566,-0.0048080917334152951,0.0048080917334152951,0.99520344863651566,-0.0048080917334152951,0.0048080917334152951,0
118,449,0.99999976288495351,-2.3711507455188381e-07,2.3711507455188381e-07,0.99999976288495351,-2.3711507455188381e-07,2.3711507455188381e-07,0
119,34538,0.99688640750371982,-0.0031184498104817474,0.0031184498104817474,0.99688640750371982,-0.0031184498104817474,0.0031184498104817474,0
120,304,0.96355614806290091,-0.03712451772143955,0.03712451772143955,0.96355614806290091,-0.03712451772143955,0.03712451772143955,0
121,220,0.99999959369006797,-4.06310014579072e-07,4.06310014579072e-07,0.99999959369006797,-4.06310014579072e-07,4.06310014579072e-07,0
122,1049,0.99999985629282606,-1.4370718426279352e-07,1.4370718426279352e-07,0.99999985629282606,-1.4370718426279352e-07,1.4370718426279352e-07,0
123,15,0.99999952038300499,-4.7961711003022018e-07,4.7961711003022018e-07,0.99999952038300499,-4.7961711003022018e-07,4.7961711003022018e-07,0
124,323,0.99975465839308852,-0.00024537170808695358,0.00024537170808695358,0.99975465839308852,-0.00024537170808695358,0.00024537170808695358,0
125,574,0.93921162639499678,-0.062714450944255207,0.062714450944255207,0.93921162639499678,-0.062714450944255207,0.062714450944255207,0
126,12893,0.99960508433194972,-0.00039499366777890504,0.00039499366777890504,0.9996043951490462,-0.00039568312319683622,0.00039568312319683622,-6.8945541793118343e-07
127,311,0.9999999661113288,-3.3888671738577417e-08,3.3888671738577417e-08,0.9999999665470527,-3.345294785184448e-08,3.345294785184448e-08,4.3572388673293724e-10
128,1202,0.87116502260410578,-0.13792385669540932,0.13792385669540932,0.86937065511733924,-0.13998571402522683,0.13998571402522683,-0.0020618573298175069
129,48006,0.9998813875320578,-0.00011861950295725317,0.00011861950295725317,0.99988154645856242,-0.000118460557612387,0.000118460557612387,1.5894534486617041e-07
130,20862,0.99999389549394679,-6.1045246857483149e-06,6.1045246857483149e-06,0.99999397618772012,-6.0238304231025627e-06,6.0238304231025627e-06,8.0694262645752156e-08
131,14689,0.60552704908457955,-0.50165604467532376,0.50165604467532376,0.60596669479031706,-0.50093025351501486,0.50093025351501486,0.00072579116030890845
132,13345,0.9999985629269541,-1.4370740785411092e-06,1.4370740785411092e-06,0.99999862564827124,-1.3743526731550268e-06,1.3743526731550268e-06,6.2721405386082365e-08
133,62668,0.99999958681754708,-4.1318253831093239e-07,4.1318253831093239e-07,0.99999960640897501,-3.9359110241326816e-07,3.9359110241326816e-07,1.9591435897664232e-08
134,320,0.89986890975552891,-0.10550618209385658,0.10550618209385658,0.89999360614636081,-0.10536761996488314,0.10536761996488314,0.00013856212897343789
135,40057,0.99998544863179728,-1.4551474074906429e-05,1.4551474074906429e-05,0.99998613017668692,-1.3869919499977637e-05,1.3869919499977637e-05,6.8155457492879125e-07
136,54,0.99999966549793196,-3.3450212400916793e-07,3.3450212400916793e-07,0.99999967365974818,-3.2634030504304006e-07,3.2634030504304006e-07,8.1618189661278629e-09
137,705,0.99963401836143051,-0.0003660486261940608,0.0003660486261940608,0.99963673319945578,-0.00036333279791196264,0.00036333279791196264,2.7158282820981586e-06
138,1405,0.99999849180996225,-1.5081911750507657e-06,1.5081911750507657e-06,0.99999869072451131,-1.3092763457740087e-06,1.3092763457740087e-06,1.9891482927675702e-07
139,568,0.99999990267012595,-9.7329878749544146e-08,9.7329878749544146e-08,0.99999991002052713,-8.997947692906705e-08,8.997947692906705e-08,7.3504018204770963e-09
140,574,0.71317659226923569,-0.33802621424231311,0.33802621424231311,0.71312878788133083,-0.33809324671458457,0.33809324671458457,-6.7032472271466581e-05
141,264,0.99999946329661993,-5.3670352414934732e-07,5.3670352414934732e-07,0.9999994674521987,-5.3254794316015428e-07,5.3254794316015428e-07,4.1555809891930405e-09
142,2380,0.99996200343509978,-3.7997286787928436e-05,3.7997286787928436e-05,0.99996214911272996,-3.7851603632977168e-05,3.7851603632977168e-05,1.4568315495126863e-07
143,7394,0.99998581500889694,-1.4185091710992994e-05,1.4185091710992994e-05,0.99998622560578798,-1.3774489079867817e-05,1.3774489079867817e-05,4.1060263112517691e-07
144,75402,0.99997869404102557,-2.1306185949576438e-05,2.1306185949576438e-05,0.99997912921387699,-2.087100392086789e-05,2.087100392086789e-05,4.3518202870854826e-07
145,54,0.9999999397123599,-6.0287641948788271e-08,6.0287641948788271e-08,0.9999999389603984,-6.1039603507266749e-08,6.1039603507266749e-08,-7.5196155847847806e-10
146,16642,0.99999949359161633,-5.0640851190814827e-07,5.0640851190814827e-07,0.9999994975091584,-5.0249096781902888e-07,5.0249096781902888e-07,3.9175440891193896e-09
147,12633,0.99999871073442992,-1.2892664012029835e-06,1.2892664012029835e-06,0.99999871815737262,-1.2818434489448176e-06,1.2818434489448176e-06,7.4229522581658594e-09
148,8068,0.99999666513200347,-3.3348735572695908e-06,3.3348735572695908e-06,0.99999661941226581,-3.38059344839322e-06,3.38059344839322e-06,-4.5719891123629213e-08
149,33597,0.99999041965488766,-9.5803910041579824e-06,9.5803910041579824e-06,0.99999027015971564,-9.7298876195616166e-06,9.7298876195616166e-06,-1.4949661540363419e-07
150,449,0.99938437803822144,-0.00061581153478595485,0.00061581153478595485,0.99938241550733109,-0.0006177752765258712,0.0006177752765258712,-1.9637417399163493e-06
151,37940,0.99999966366293813,-3.3633711843847733e-07,3.3633711843847733e-07,0.99999966015659147,-3.3984346624195028e-07,3.3984346624195028e-07,-3.5063478034729477e-09
152,783,0.99999997790565898,-2.2094341223413492e-08,2.2094341223413492e-08,0.99999997694444487,-2.3055555421044615e-08,2.3055555421044615e-08,-9.612141976311234e-10
153,30411,0.99999995996950641,-4.003049433967671e-08,4.003049433967671e-08,0.99999995650368467,-4.3496316268710392e-08,4.3496316268710392e-08,-3.4658219290336827e-09
154,382,0.88934464218343157,-0.11727044459726994,0.11727044459726994,0.89545755146377104,-0.11042046065539018,0.11042046065539018,0.0068499839418797587
155,24641,0.86830691477360167,-0.14121003837060081,0.14121003837060081,0.86246924140305281,-0.14795579285391955,0.14795579285391955,-0.0067457544833187388
156,52757,0.99999505766112107,-4.942351092289335e-06,4.942351092289335e-06,0.99999481851280858,-5.1815006153898813e-06,5.1815006153898813e-06,-2.3914952310054634e-07
157,1903,0.57008603402155533,-0.56196799266344433,0.56196799266344433,0.57269237076560009,-0.55740658119087594,0.55740658119087594,0.0045614114725683885
158,813,0.99999132956273462,-8.670474853790017e-06,8.670474853790017e-06,0.99999088944897374,-9.1105925276227371e-06,9.1105925276227371e-06,-4.4011767383272008e-07
159,1925,0.79686090736625892,-0.2270751356654396,0.2270751356654396,0.79557778591210848,-0.22868665356845752,0.22868665356845752,-0.0016115179030179172
160,22162,0.99998779974262764,-1.2200331796057777e-05,1.2200331796057777e-05,0.99998744635932624,-1.2553719471321782e-05,1.2553719471321782e-05,-3.5338767526400508e-07
161,17755,0.99997970193628438,-2.0298269724098909e-05,2.0298269724098909e-05,0.99997964168820497,-2.0358519028325216e-05,2.0358519028325216e-05,-6.0249304226306865e-08
162,304,0.99931175231133673,-0.00068848463983072687,0.00068848463983072687,0.99924438606201038,-0.00075589955808930706,0.00075589955808930706,-6.7414918258580192e-05
163,220,0.9063440080294487,-0.098336345195135524,0.098336345195135524,0.90012629303677749,-0.10522019990612236,0.10522019990612236,-0.0068838547109868337
164,1049,0.99999913300494658,-8.6699542930817214e-07,8.6699542930817214e-07,0.99999902830685916,-9.7169361287804946e-07,9.7169361287804946e-07,-1.0469818356987731e-07
165,17,0.99999733127100665,-2.6687325543599459e-06,2.6687325543599459e-06,0.99999720866104025,-2.7913428554952377e-06,2.7913428554952377e-06,-1.226103011352918e-07
166,323,0.99995645579917192,-4.3545148904315389e-05,4.3545148904315389e-05,0.99995265804899747,-4.7343071668055595e-05,4.7343071668055595e-05,-3.7979227637402062e-06
167,2834,0.83737253200325168,-0.17748622745973353,0.17748622745973353,0.83562754832346353,-0.17957228152882798,0.17957228152882798,-0.0020860540690944562
168,279,0.9567358324818438,-0.044227962748500264,0.044227962748500264,0.95406103610487902,-0.047027630434853279,0.047027630434853279,-0.0027996676863530148
169,34538,0.99998300327376444,-1.6996870681513891e-05,1.6996870681513891e-05,0.99998227664337858,-1.7723513681977461e-05,1.7723513681977461e-05,-7.2664300046356936e-07
170,19134,0.98388169986159557,-0.016249612875224795,0.016249612875224795,0.98440206216109505,-0.015720865626821935,0.015720865626821935,0.00052874724840286033
171,389,0.97443992342954122,-0.025892410544889392,0.025892410544889392,0.97423527329956428,-0.026102450813347441,0.026102450813347441,-0.00021004026845804907
172,2380,0.99997182050713651,-2.8179889912887114e-05,2.8179889912887114e-05,0.99996664827286097,-3.3352283320193561e-05,3.3352283320193561e-05,-5.1723934073064473e-06
173,8821,0.99991028241542035,-8.9721609442920748e-05,8.9721609442920748e-05,0.99990332170453011,-9.6682969117474238e-05,9.6682969117474238e-05,-6.9613596745534903e-06
174,25975,0.99999881129486801,-1.1887058384634286e-06,1.1887058384634286e-06,0.9999987820199745,-1.2179807672441257e-06,1.2179807672441257e-06,-2.9274928780697118e-08
175,11,0.98678819541173091,-0.013299856891665679,0.013299856891665679,0.9847428486327543,-0.01537473927198277,0.01537473927198277,-0.0020748823803170904
176,2737,0.3576476635415633,-1.0282069572561199,1.0282069572561199,0.35019444995897264,-1.0492667074599313,1.0492667074599313,-0.021059750203811456
177,264,0.67402224194242133,-0.39449216869974357,0.39449216869974357,0.67055160630840116,-0.39965461231929389,0.39965461231929389,-0.0051624436195503165
178,12845,0.98036996257418418,-0.019825265726759141,0.019825265726759141,0.98007824050604875,-0.020122873253273017,0.020122873253273017,-0.00029760752651387598
179,927,0.99999947304944203,-5.2695069679460148e-07,5.2695069679460148e-07,0.99999938543531419,-6.1456487466084734e-07,6.1456487466084734e-07,-8.7614177866245864e-08
180,578,0.98518624108007247,-0.014924578444244154,0.014924578444244154,0.9847952744180154,-0.015321502642886951,0.015321502642886951,-0.00039692419864279654
181,9305,0.9999923518709477,-7.6481582993788663e-06,7.6481582993788663e-06,0.99999127325981929,-8.7267782589053534e-06,8.7267782589053534e-06,-1.0786199595264871e-06
182,13,0.61043664979498802,-0.49358075855519945,0.49358075855519945,0.61201876830611845,-0.49099232977317875,0.49099232977317875,0.0025884287820207019
183,1283,0.99999254256564019,-7.4574621666101182e-06,7.4574621666101182e-06,0.99999222560091938,-7.7744293014267411e-06,7.7744293014267411e-06,-3.1696713481662287e-07
184,1101,0.5314624350265964,-0.63212276097616682,0.63212276097616682,0.53358729183148124,-0.6281326005723451,0.6281326005723451,0.0039901604038217187
185,2834,0.99979433645279314,-0.00020568469885436929,0.00020568469885436929,0.99976193384661782,-0.0002380944956272327,0.0002380944956272327,-3.2409796772863407e-05
186,279,0.99978539946736955,-0.00021462356261969605,0.00021462356261969605,0.99975028226308604,-0.00024974892157965265,0.00024974892157965265,-3.5125358959956594e-05
187,220,0.89649687173284787,-0.1092604753654047,0.1092604753654047,0.89678340201187234,-0.10894091541076975,0.10894091541076975,0.00031955995463495146
188,1049,0.99999946586274224,-5.3413740043310524e-07,5.3413740043310524e-07,0.99999947251826327,-5.2748187583730428e-07,5.2748187583730428e-07,6.6555245958009607e-09
189,17,0.99990094286023934,-9.906204624309252e-05,9.906204624309252e-05,0.99990414929913873,-9.5855294833203027e-05,9.5855294833203027e-05,3.2067514098894928e-06
190,6342,0.99999063707441027,-9.3629694222021565e-06,9.3629694222021565e-06,0.99999090820551673,-9.091835813842338e-06,9.091835813842338e-06,2.7113360835981852e-07
191,315,0.99999995042843803,-4.9571563180209037e-08,4.9571563180209037e-08,0.99999994894432864,-5.1055672607497223e-08,5.1055672607497223e-08,-1.4841094272881859e-09
192,279,0.99999975155642074,-2.484436101311848e-07,2.484436101311848e-07,0.99999977439906917,-2.2560095622578162e-07,2.2560095622578162e-07,2.2842653905403179e-08
193,22249,0.9999916328966979,-8.3671383064974715e-06,8.3671383064974715e-06,0.99999185288933468,-8.1471438531623026e-06,8.1471438531623026e-06,2.1999445333516893e-07
194,323,0.999997451600386,-2.5484028611789384e-06,2.5484028611789384e-06,0.99999748373464681,-2.516268518987451e-06,2.516268518987451e-06,3.21343421914874e-08
195,279,0.99910752965391503,-0.00089286883485482449,0.00089286883485482449,0.99908767162343404,-0.00091274480139597763,0.00091274480139597763,-1.9875966541153139e-05
196,220,0.99999739479048799,-2.605212905564039e-06,2.605212905564039e-06,0.99999743315951028,-2.5668437840982428e-06,2.5668437840982428e-06,3.8369121465796156e-08
197,1049,0.99999790140673317,-2.0985954689211892e-06,2.0985954689211892e-06,0.99999698629327127,-3.0137112698963766e-06,3.0137112698963766e-06,-9.1511580097518741e-07
198,18,0.9999948594317507,-5.1405814620124483e-06,5.1405814620124483e-06,0.99999482914416749,-5.170869201381731e-06,5.170869201381731e-06,-3.0287739369282694e-08
199,16591,0.99999849578365074,-1.5042174805561904e-06,1.5042174805561904e-06,0.99999849767117721,-1.5023299512630701e-06,1.5023299512630701e-06,1.887529293120313e-09
200,432,0.99999875182210773,-1.2481786712663713e-06,1.2481786712663713e-06,0.99999872586019889,-1.2741406128723187e-06,1.2741406128723187e-06,-2.5961941605947414e-08
201,23568,0.99999952019088889,-4.7980922626090971e-07,4.7980922626090971e-07,0.9999995403404881,-4.5965961752969096e-07,4.5965961752969096e-07,2.0149608731218754e-08
202,11,0.52285416462943879,-0.64845269772217595,0.64845269772217595,0.52010822274353874,-0.65371836840011288,0.65371836840011288,-0.0052656706779369289
203,3339,0.98862235509933571,-0.01144286547870676,0.01144286547870676,0.98859094957812255,-0.011474632937626301,0.011474632937626301,-3.1767458919541511e-05
204,1461,0.99999842313314768,-1.5768680956246433e-06,1.5768680956246433e-06,0.99999846257506664,-1.5374261151868587e-06,1.5374261151868587e-06,3.9441980437784555e-08
205,279,0.99998823143387394,-1.1768635376163475e-05,1.1768635376163475e-05,0.99998736323268622,-1.2636847158416949e-05,1.2636847158416949e-05,-8.6821178225347479e-07
206,39637,0.99999947302911119,-5.2697102763200403e-07,5.2697102763200403e-07,0.99999946827994679,-5.3172019462015783e-07,5.3172019462015783e-07,-4.7491669881538029e-09
207,6342,0.99374090157192307,-0.0062787687064036679,0.0062787687064036679,0.99444721374211031,-0.0055682602847302439,0.0055682602847302439,0.00071050842167342393
208,315,0.9999996834881606,-3.1651188945662211e-07,3.1651188945662211e-07,0.99999967475211149,-3.2524794142187474e-07,3.2524794142187474e-07,-8.736051965252627e-09
209,279,0.99999968406664219,-3.1593340771052562e-07,3.1593340771052562e-07,0.99999968270261663,-3.1729743372600186e-07,3.1729743372600186e-07,-1.3640260154762447e-09
210,22249,0.99999430862794148,-5.6913882544111e-06,5.6913882544111e-06,0.99999433918511715,-5.6608309053461009e-06,5.6608309053461009e-06,3.0557349064999134e-08
211,323,0.99999645358831257,-3.5464179759301571e-06,3.5464179759301571e-06,0.99999680676628655,-3.1932388117897939e-06,3.1932388117897939e-06,3.5317916414036318e-07
212,16591,0.99999835299250595,-1.6470088503425369e-06,1.6470088503425369e-06,0.99999829709180221,-1.7029096477381507e-06,1.7029096477381507e-06,-5.5900797395613723e-08
213,432,0.99999943154385373,-5.6845630788059911e-07,5.6845630788059911e-07,0.99999944314529976,-5.568548552815142e-07,5.568548552815142e-07,1.1601452599084908e-08
214,23568,0.99999946879637558,-5.3120376555088714e-07,5.3120376555088714e-07,0.99999945147436775,-5.4852578267919787e-07,5.4852578267919787e-07,-1.7322017128310731e-08
215,13946,0.99998525797407523,-1.4742134589461186e-05,1.4742134589461186e-05,0.99998681786955379,-1.3182217331287763e-05,1.3182217331287763e-05,1.559917258173423e-06
216,382,0.60707505076378721,-0.49910285345072447,0.49910285345072447,0.63503177064479843,-0.45408024882953624,0.45408024882953624,0.045022604621188234
217,6153,0.69052817466836902,-0.37029850368011075,0.37029850368011075,0.68734519001483452,-0.37491865295805982,0.37491865295805982,-0.0046201492779490705
218,9564,0.99105102428169534,-0.0089892583068617287,0.0089892583068617287,0.9884904537107706,-0.011576293766837829,0.011576293766837829,-0.0025870354599761003
219,34538,0.89865603573606512,-0.10685492535857086,0.10685492535857086,0.89826718831445906,-0.10728771783681501,0.10728771783681501,-0.0004327924782441539
220,11,0.78113636840625711,-0.2470055369501668,0.2470055369501668,0.78822036605684231,-0.23797757586329074,0.23797757586329074,0.0090279610868760629
221,11876,0.99998532618349356,-1.4673924167978655e-05,1.4673924167978655e-05,0.99998649587245936,-1.3504218722171891e-05,1.3504218722171891e-05,1.1697054458067643e-06
222,52757,0.99999072888667451,-9.2711563025453541e-06,9.2711563025453541e-06,0.99999082593820243,-9.1741038795791996e-06,9.1741038795791996e-06,9.7052422966154456e-08
223,46531,0.999908099470315,-9.1904752797444803e-05,9.1904752797444803e-05,0.99990944266616633,-9.0561434396541445e-05,9.0561434396541445e-05,1.3433184009033574e-06
224,264,0.99999948903798574,-5.1096214483843277e-07,5.1096214483843277e-07,0.99999949472660465,-5.0527352304650311e-07,5.0527352304650311e-07,5.6886217919296627e-09
225,7076,0.99999923930973433,-7.6069055498960396e-07,7.6069055498960396e-07,0.9999992268936313,-7.7310666759813274e-07,7.7310666759813274e-07,-1.2416112608528778e-08
226,304,0.99999976000711432,-2.3999291449782827e-07,2.3999291449782827e-07,0.99999974536642644,-2.5463360597770011e-07,2.5463360597770011e-07,-1.4640691479871848e-08
227,279,0.99899098476753623,-0.0010095246310229068,0.0010095246310229068,0.99862013615947287,-0.0013808167293083765,0.0013808167293083765,-0.00037129209828546967
228,5165,0.99820611943446447,-0.0017954914961102488,0.0017954914961102488,0.99808914450139996,-0.001912683512052545,0.001912683512052545,-0.00011719201594229622
229,21424,0.99999896364013563,-1.0363604013784674e-06,1.0363604013784674e-06,0.99999869197865621,-1.3080221992965574e-06,1.3080221992965574e-06,-2.7166179791809e-07
230,9130,0.99999744308979832,-2.5569134705429883e-06,2.5569134705429883e-06,0.99999666749930571,-3.3325062470421706e-06,3.3325062470421706e-06,-7.7559277649918223e-07
231,320,0.99999972303829432,-2.7696174404331519e-07,2.7696174404331519e-07,0.99999970064537036,-2.9935467442875236e-07,2.9935467442875236e-07,-2.2392930385437173e-08
232,88201,0.99998990662263798,-1.0093428300484893e-05,1.0093428300484893e-05,0.99998956354868818,-1.0436505771958257e-05,1.0436505771958257e-05,-3.4307747147336379e-07
233,8,0.97035748270491184,-0.030090736507434632,0.030090736507434632,0.9718369519924539,-0.028567233456171737,0.028567233456171737,0.0015235030512628957
234,719,0.61499071851885945,-0.486148103128755,0.486148103128755,0.61131645165426374,-0.49214052973922978,0.49214052973922978,-0.005992426610474777
235,574,0.9999974292414392,-2.5707618652182809e-06,2.5707618652182809e-06,0.99999754088719472,-2.4591158289213162e-06,2.4591158289213162e-06,1.1164603629696471e-07
236,4018,0.9999112130602813,-8.8790881512304444e-05,8.8790881512304444e-05,0.99990964216881617,-9.0361913698587044e-05,9.0361913698587044e-05,-1.5710321862825994e-06
237,4972,0.99551598807001351,-0.0044940952653015368,0.0044940952653015368,0.99524014897007484,-0.0047712151963383593,0.0047712151963383593,-0.00027711993103682244
238,311,0.99999994181379837,-5.818620327252095e-08,5.818620327252095e-08,0.99999993312322033,-6.6876781874295732e-08,6.6876781874295732e-08,-8.6905786017747817e-09
239,279,0.9999998140275892,-1.8597242815051001e-07,1.8597242815051001e-07,0.99999979132393757,-2.086760841776893e-07,2.086760841776893e-07,-2.2703656027179288e-08
240,1212,0.99930410009243564,-0.00069614215829969504,0.00069614215829969504,0.9992989387285407,-0.00070130712982700643,0.00070130712982700643,-5.1649715273113924e-06
241,315,0.99999922849632272,-7.715039748583698e-07,7.715039748583698e-07,0.9999993434073452,-6.5659287034434532e-07,6.5659287034434532e-07,1.1491110451402448e-07
242,279,0.99999942127483854,-5.7872532895248764e-07,5.7872532895248764e-07,0.99999942350512439,-5.7649504184231637e-07,5.7649504184231637e-07,2.2302871101712689e-09
243,220,0.99999945543508095,-5.4456506731218348e-07,5.4456506731218348e-07,0.99999954067549779,-4.5932460766390013e-07,4.5932460766390013e-07,8.5240459648283348e-08
244,1049,0.9999999087446575,-9.1255346667662501e-08,9.1255346667662501e-08,0.99999988026557174,-1.1973443541478494e-07,1.1973443541478494e-07,-2.8479088747122435e-08
245,19,0.99999908806589544,-9.1193452041946181e-07,9.1193452041946181e-07,0.99999912610459785,-8.7389578402904388e-07,8.7389578402904388e-07,3.8038736390417929e-08
246,12,0.99539050901076742,-0.0046201474526806592,0.0046201474526806592,0.99566877713392321,-0.004340629783966393,0.004340629783966393,0.00027951766871426621
247,2304,0.99998062614385508,-1.9374043820448966e-05,1.9374043820448966e-05,0.99998404664156015,-1.595348569606011e-05,1.595348569606011e-05,3.4205581243888559e-06
248,3280,0.99999838779520145,-1.6122060982003708e-06,1.6122060982003708e-06,0.99999843973106128,-1.5602701559911272e-06,1.5602701559911272e-06,5.1935942209243632e-08
249,13,0.99998757769200552,-1.2422385152000615e-05,1.2422385152000615e-05,0.99998828821776142,-1.1711850822084044e-05,1.1711850822084044e-05,7.1053432991657068e-07
250,1283,0.92825461239461282,-0.074449217023085434,0.074449217023085434,0.93998078908218452,-0.061895841073541,0.061895841073541,0.012553375949544435
251,1243,0.98495868574125556,-0.015155582099590403,0.015155582099590403,0.98690230340527307,-0.013184227826482762,0.013184227826482762,0.0019713542731076405
252,6052,0.82860608311575834,-0.1880104079275044,0.1880104079275044,0.82810637463289094,-0.18861366106981584,0.18861366106981584,-0.00060325314231143845
253,311,0.99999994908119494,-5.0918806318401311e-08,5.0918806318401311e-08,0.99999994693315786,-5.3066843510303047e-08,5.3066843510303047e-08,-2.1480371919017354e-09
254,6721,0.99998559786758368,-1.4402236128034936e-05,1.4402236128034936e-05,0.99998753670957563,-1.2463368091796792e-05,1.2463368091796792e-05,1.9388680362381449e-06
255,36540,0.9999947092021253,-5.2908118710513224e-06,5.2908118710513224e-06,0.99999477193085951,-5.2280828068488495e-06,5.2280828068488495e-06,6.2729064202472876e-08
256,323,0.99285908514968835,-0.0071665332146528928,0.0071665332146528928,0.99365293370925356,-0.0063672945548442408,0.0063672945548442408,0.00079923865980865202
257,8667,0.99994844119578807,-5.1560133412753475e-05,5.1560133412753475e-05,0.9999458022771428,-5.4199191606898852e-05,5.4199191606898852e-05,-2.6390581941453776e-06
258,449,0.99999968074691759,-3.1925313337194766e-07,3.1925313337194766e-07,0.99999971126592924,-2.8873411245762565e-07,2.8873411245762565e-07,3.0519020914322015e-08
259,1561,0.99999537981906716,-4.6201916058804028e-06,4.6201916058804028e-06,0.99999565946491809,-4.3405445021115755e-06,4.3405445021115755e-06,2.7964710376882737e-07
260,6457,0.99999583647544266,-4.163533224849299e-06,4.163533224849299e-06,0.99999573792665741,-4.2620824252587833e-06,4.2620824252587833e-06,-9.8549200409484263e-08
261,1322,0.99999981224288503,-1.8775713264537858e-07,1.8775713264537858e-07,0.99999978395326927,-2.1604675401899123e-07,2.1604675401899123e-07,-2.8289621373612653e-08
262,62668,0.99572252996451949,-0.0042866445823461028,0.0042866445823461028,0.99633224265615339,-0.0036745000579551696,0.0036745000579551696,0.00061214452439093325
263,320,0.99999951554278388,-4.8445733347278923e-07,4.8445733347278923e-07,0.99999954894300391,-4.5105709786455273e-07,4.5105709786455273e-07,3.3400235608236492e-08
264,45,0.99964363705073522,-0.00035642646162998643,0.00035642646162998643,0.9996410134253122,-0.00035905102579344305,0.00035905102579344305,-2.6245641634566269e-06
265,28287,0.9999589314605003,-4.1069382835280258e-05,4.1069382835280258e-05,0.99996686615253672,-3.3134396401334044e-05,3.3134396401334044e-05,7.9349864339462134e-06
266,54,0.99999993751419558,-6.2485806353130053e-08,6.2485806353130053e-08,0.99999992486483669,-7.5135166152746521e-08,7.5135166152746521e-08,-1.2649359799616468e-08
267,705,0.96720577882218051,-0.033344004903931204,0.033344004903931204,0.96679089735093493,-0.033773045431995191,0.033773045431995191,-0.00042904052806398696
268,1405,0.99980472584335922,-0.00019529322512136974,0.00019529322512136974,0.99982860268471851,-0.00017141200547989252,0.00017141200547989252,2.3881219641477217e-05
269,568,0.99999987301822058,-1.2698178746076378e-07,1.2698178746076378e-07,0.9999998560238671,-1.4397614330133801e-07,1.4397614330133801e-07,-1.6994355840574232e-08
270,2834,0.99999787844023724,-2.1215620133096476e-06,2.1215620133096476e-06,0.99999773729641561,-2.2627061442600702e-06,2.2627061442600702e-06,-1.4114413095042264e-07
271,279,0.99999352801149133,-6.4720094521117059e-06,6.4720094521117059e-06,0.99999282949365498,-7.1705320532335375e-06,7.1705320532335375e-06,-6.985226011218316e-07
272,75636,0.99997812506441441,-2.1875174845425437e-05,2.1875174845425437e-05,0.9999757739732561,-2.4226320198863963e-05,2.4226320198863963e-05,-2.3511453534385258e-06
273,25434,0.99999870433771532,-1.2956631240802147e-06,1.2956631240802147e-06,0.9999986492314088,-1.3507695034527385e-06,1.3507695034527385e-06,-5.5106379372523888e-08
274,29201,0.99999533075648261,-4.6692544182938696e-06,4.6692544182938696e-06,0.9999955518421022,-4.4481677908558627e-06,4.4481677908558627e-06,2.2108662743800685e-07
275,4870,0.99999992920727909,-7.0792723397796297e-08,7.0792723397796297e-08,0.99999993845459167,-6.1545410206098169e-08,6.1545410206098169e-08,9.2473131916981281e-09
276,19134,0.99999904920043925,-9.508000127946373e-07,9.508000127946373e-07,0.99999906228099866,-9.3771944097472374e-07,9.3771944097472374e-07,1.3080571819913562e-08
277,304,0.99969674595720037,-0.0003033000336050525,0.0003033000336050525,0.99974045451478255,-0.00025957917297599704,0.00025957917297599704,4.3720860629055456e-05
278,813,0.99999827413153242,-1.7258699568865442e-06,1.7258699568865442e-06,0.99999834491941197,-1.655081957629918e-06,1.655081957629918e-06,7.0787999256626215e-08
279,1176,0.99998175968455194,-1.824048180464828e-05,1.824048180464828e-05,0.99998061184810139,-1.9388339851287437e-05,1.9388339851287437e-05,-1.1478580466391568e-06
280,2489,0.99999867211501781,-1.3278858638094335e-06,1.3278858638094335e-06,0.99999858810465192,-1.4118963447594996e-06,1.4118963447594996e-06,-8.4010480950066104e-08
281,382,0.997038211329624,-0.0029661834461833219,0.0029661834461833219,0.99747895272214671,-0.0025242304686503604,0.0025242304686503604,0.00044195297753296149
282,644,0.73553372006410911,-0.30715889354137893,0.30715889354137893,0.69351297714657945,-0.36598532686219915,0.36598532686219915,-0.058826433320820215
283,220,0.99999870169892513,-1.298301917616464e-06,1.298301917616464e-06,0.99999887493308115,-1.1250675517265946e-06,1.1250675517265946e-06,1.7323436588986944e-07
284,1049,0.99999611022435519,-3.8897832100412313e-06,3.8897832100412313e-06,0.99999552808570347,-4.4719242955791817e-06,4.4719242955791817e-06,-5.8214108553795038e-07
285,21,0.99989512964914007,-0.00010487585013967894,0.00010487585013967894,0.99990808936819664,-9.1914855844267175e-05,9.1914855844267175e-05,1.2960994295411763e-05
286,11,0.9999998567469669,-1.4325304338088331e-07,1.4325304338088331e-07,0.99999986650751527,-1.3349249369740066e-07,1.3349249369740066e-07,9.7605496834826467e-09
287,11876,0.99999005609981395,-9.9439496269428087e-06,9.9439496269428087e-06,0.99998921349320347,-1.0786564971262615e-05,1.0786564971262615e-05,-8.4261534431980656e-07
288,52757,0.99999748103078712,-2.5189723855275754e-06,2.5189723855275754e-06,0.99999717897274543,-2.821031233650982e-06,2.821031233650982e-06,-3.0205884812340661e-07
289,46531,0.96940632394326165,-0.031071432027809646,0.031071432027809646,0.96705050394123326,-0.033504557445664621,0.033504557445664621,-0.0024331254178549741
290,264,0.9999991926135392,-8.0738678678552472e-07,8.0738678678552472e-07,0.99999916065078032,-8.3934957197700823e-07,8.3934957197700823e-07,-3.1962785191483518e-08
291,7076,0.99999941337926535,-5.8662090676204552e-07,5.8662090676204552e-07,0.99999933252729856,-6.674729242156926e-07,6.674729242156926e-07,-8.0852017453647074e-08
292,304,0.99999995148306808,-4.8516933070953295e-08,4.8516933070953295e-08,0.99999995451112433,-4.5488876741048934e-08,4.5488876741048934e-08,3.0280563299043614e-09
293,9709,0.99999812346358397,-1.8765381767409926e-06,1.8765381767409926e-06,0.99999819560868075,-1.8043929471710303e-06,1.8043929471710303e-06,7.2145229569962301e-08
294,37959,0.99999886061407206,-1.139386577022257e-06,1.139386577022257e-06,0.99999887439801549,-1.1256026180041575e-06,1.1256026180041575e-06,1.3783959018099529e-08
295,19071,0.99999836575606671,-1.6342452686635727e-06,1.6342452686635727e-06,0.99999821594968852,-1.7840519028477019e-06,1.7840519028477019e-06,-1.4980663418412925e-07
296,323,0.9122692606620727,-0.091820090529107598,0.091820090529107598,0.92337938741224623,-0.079715091648927205,0.079715091648927205,0.012104998880180393
297,8667,0.99966673003533235,-0.00033332551144403273,0.00033332551144403273,0.99961843458116673,-0.00038163823344063109,0.00038163823344063109,-4.8312721996598366e-05
298,449,0.99999959409230876,-4.0590777361313198e-07,4.0590777361313198e-07,0.99999954845601779,-4.5154408409594027e-07,4.5154408409594027e-07,-4.5636310482808289e-08
299,16905,0.90044085354342551,-0.10487079831846641,0.10487079831846641,0.89954381864689725,-0.10586751232903537,0.10586751232903537,-0.00099671401056895814
300,596,0.99995634069781314,-4.3660255281893767e-05,4.3660255281893767e-05,0.99995323945073367,-4.6761642574876861e-05,4.6761642574876861e-05,-3.1013872929830941e-06
301,11,0.94050194177333091,-0.061341565625074979,0.061341565625074979,0.93717302006532766,-0.064887360571956085,0.064887360571956085,-0.0035457949468811062
302,11230,0.73691476812887524,-0.30528304052402389,0.30528304052402389,0.73483232092542405,-0.3081129405913427,0.3081129405913427,-0.0028299000673188135
303,813,0.99999959399738503,-4.0600269742115801e-07,4.0600269742115801e-07,0.99999952715108953,-4.7284902227685817e-07,4.7284902227685817e-07,-6.6846324855700158e-08
304,1176,0.99998477248909079,-1.5227626848937959e-05,1.5227626848937959e-05,0.99998546074161765,-1.4539364078410219e-05,1.4539364078410219e-05,6.8826277052773974e-07
305,4465,0.99999703544887442,-2.9645555199212306e-06,2.9645555199212306e-06,0.9999968733481428,-3.1266567451608174e-06,3.1266567451608174e-06,-1.6210122523958687e-07
306,2403,0.71067883804320431,-0.34153465580872683,0.34153465580872683,0.71332339485184415,-0.33782039218209281,0.33782039218209281,0.0037142636266340179
307,3468,0.99988655570205132,-0.00011345073323974594,0.00011345073323974594,0.99989292985816858,-0.00010707587424825162,0.00010707587424825162,6.3748589914943256e-06
308,6354,0.69115975948963038,-0.3693842815180185,0.3693842815180185,0.53645011066439074,-0.62278171160917906,0.62278171160917906,-0.25339743009116056
309,2689,0.99999318485599431,-6.8151672288979766e-06,6.8151672288979766e-06,0.99999348887108519,-6.511150112313635e-06,6.511150112313635e-06,3.0401711658434157e-07
310,13818,0.99981892742041789,-0.00018108897520087682,0.00018108897520087682,0.99987166289836649,-0.00012834533754398222,0.00012834533754398222,5.2743637656894605e-05
311,304,0.98582930669078317,-0.01427205631243725,0.01427205631243725,0.98583935160387881,-0.014261867061770276,0.014261867061770276,1.0189250666974015e-05
312,5651,0.99868517926468325,-0.0013156858705147059,0.0013156858705147059,0.99881659266952294,-0.0011841081098582034,0.0011841081098582034,0.00013157776065650254
313,220,0.9999999246008443,-7.5399158516385606e-08,7.5399158516385606e-08,0.99999991984316972,-8.0156833511129165e-08,8.0156833511129165e-08,-4.7576749947435593e-09
314,1049,0.99999996358187704,-3.641812363086217e-08,3.641812363086217e-08,0.99999995313690304,-4.6863098080931443e-08,4.6863098080931443e-08,-1.0444974450069273e-08
315,22,0.99999980963568835,-1.9036432972140893e-07,1.9036432972140893e-07,0.99999981409577476,-1.8590424248386336e-07,1.8590424248386336e-07,4.4600872375455721e-09
316,13,0.99999920102276096,-7.9897755823157659e-07,7.9897755823157659e-07,0.99999904819731955,-9.51803133426163e-07,9.51803133426163e-07,-1.5282557519458641e-07
317,1283,0.99999401296886703,-5.9870490553277986e-06,5.9870490553277986e-06,0.9999948109872856,-5.1890261773989917e-06,5.1890261773989917e-06,7.9802287792880689e-07
318,1243,0.99995488606918848,-4.5114948475480524e-05,4.5114948475480524e-05,0.9999477429028133,-5.2258462636371466e-05,5.2258462636371466e-05,-7.1435141608909423e-06
319,8667,0.99997435590110617,-2.5644427709404684e-05,2.5644427709404684e-05,0.9999722534408505,-2.7746944092413206e-05,2.7746944092413206e-05,-2.1025163830085216e-06
320,449,0.99999978225206976,-2.1774795394175369e-07,2.1774795394175369e-07,0.99999975946079622,-2.4053923269047948e-07,2.4053923269047948e-07,-2.2791278748725785e-08
321,279,0.99997814537133656,-2.1854867479351072e-05,2.1854867479351072e-05,0.99998052877179,-1.9471417776769953e-05,1.9471417776769953e-05,2.3834497025811197e-06
322,29950,0.98876588397785237,-0.011297695323516906,0.011297695323516906,0.98932192451250356,-0.010735495256451991,0.010735495256451991,0.00056220006706491493
323,50417,0.99999681203036728,-3.1879747143298759e-06,3.1879747143298759e-06,0.99999615088652805,-3.8491208797832092e-06,3.8491208797832092e-06,-6.6114616545333328e-07
324,19134,0.9999902550719918,-9.744975490367889e-06,9.744975490367889e-06,0.99998901470741697,-1.098535292184504e-05,1.098535292184504e-05,-1.2403774314771514e-06
325,320,0.99999987840299764,-1.2159700972908264e-07,1.2159700972908264e-07,0.99999985659779289,-1.4340221736598329e-07,1.4340221736598329e-07,-2.1805207636900655e-08
326,52,0.99997893756984269,-2.1062651973454028e-05,2.1062651973454028e-05,0.99998111924475885,-1.8880933484815456e-05,1.8880933484815456e-05,2.1817184886385713e-06
327,6897,0.99999642632750485,-3.5736788807801565e-06,3.5736788807801565e-06,0.99999664386791309,-3.3561377187270623e-06,3.3561377187270623e-06,2.175411620530942e-07
328,8,0.99998394256990386,-1.6057559018037907e-05,1.6057559018037907e-05,0.99998785431343051,-1.2145760328882391e-05,1.2145760328882391e-05,3.9117986891555163e-06
329,323,0.49460779427974361,-0.70399016526495839,0.70399016526495839,0.42608777374967194,-0.85310991227053878,0.85310991227053878,-0.14911974700558039
330,2834,0.6830508004019975,-0.38118604384346033,0.38118604384346033,0.72137989562755545,-0.32658937945169153,0.32658937945169153,0.054596664391768801
331,279,0.79379508912854957,-0.23092992518726771,0.23092992518726771,0.71541000563935997,-0.33489946617819982,0.33489946617819982,-0.10396954099093211
332,28395,0.99968581243430099,-0.00031423693295289199,0.00031423693295289199,0.99969705637382922,-0.00030298952286077815,0.00030298952286077815,1.1247410092113841e-05
333,29201,0.99998858634718535,-1.141371795082837e-05,1.141371795082837e-05,0.99998777833479968,-1.2221739885511067e-05,1.2221739885511067e-05,-8.0802193468269742e-07
334,4870,0.99999988170867793,-1.1829132906336416e-07,1.1829132906336416e-07,0.99999989898934727,-1.0101065784352352e-07,1.0101065784352352e-07,1.7280671219840644e-08
335,19134,0.99995161734751425,-4.8383822963992648e-05,4.8383822963992648e-05,0.99994863271224943,-5.1368607094867941e-05,5.1368607094867941e-05,-2.984784130875293e-06
336,304,0.99683359898443546,-0.0031714246706675774,0.0031714246706675774,0.99651623847958559,-0.0034898439481739186,0.0034898439481739186,-0.00031841927750634116
337,6841,0.88096464328627999,-0.12673778632997038,0.12673778632997038,0.88431626744757108,-0.12294051172257114,0.12294051172257114,0.0037972746073992314
338,220,0.99999977897102688,-2.2102899754705123e-07,2.2102899754705123e-07,0.99999977011877572,-2.2988125070239124e-07,2.2988125070239124e-07,-8.8522531553400159e-09
339,1049,0.99999961057196263,-3.8942811320217967e-07,3.8942811320217967e-07,0.99999967857944372,-3.2142060798796955e-07,3.2142060798796955e-07,6.800750521421012e-08
340,23,0.99999833460307208,-1.6653983147016219e-06,1.6653983147016219e-06,0.99999771247429436,-2.2875283220546706e-06,2.2875283220546706e-06,-6.2213000735304868e-07
341,13,0.76710296071304596,-0.2651342484062329,0.2651342484062329,0.78033795230635328,-0.24802818094615836,0.24802818094615836,0.017106067460074537
342,11876,0.98892375532787635,-0.011138043022951943,0.011138043022951943,0.98993155605027905,-0.010119473546205066,0.010119473546205066,0.0010185694767468768
343,52757,0.99997809039186636,-2.1909848152616228e-05,2.1909848152616228e-05,0.99997790951202747,-2.2090731970927508e-05,2.2090731970927508e-05,-1.8088381831128016e-07
344,7946,0.33693098263420757,-1.0878771689090387,1.0878771689090387,0.33897530243191693,-1.0818280284388175,1.0818280284388175,0.0060491404702212037
345,35844,0.99954794731588226,-0.00045215489073535458,0.00045215489073535458,0.99956048201573011,-0.00043961460060994086,0.00043961460060994086,1.2540290125413723e-05
346,813,0.9977108130968414,-0.0022918110971092932,0.0022918110971092932,0.997838372408549,-0.0021639672806722582,0.0021639672806722582,0.00012784381643703505
347,2316,0.99994661521920614,-5.338620581196283e-05,5.338620581196283e-05,0.99994232587755694,-5.7675785659261335e-05,5.7675785659261335e-05,-4.2895798472985052e-06
348,2403,0.44230620058166653,-0.81575287525593621,0.81575287525593621,0.42024477008392985,-0.86691795154436502,0.86691795154436502,-0.051165076288428812
349,9454,0.75385855692836412,-0.28255051885212257,0.28255051885212257,0.77619806369061184,-0.25334755465156106,0.25334755465156106,0.02920296420056151
350,14603,0.99998946640468322,-1.0533650795479278e-05,1.0533650795479278e-05,0.99999004879323827,-9.9512562752648289e-06,9.9512562752648289e-06,5.8239452021444942e-07
351,719,0.93044788818796687,-0.072089208564877397,0.072089208564877397,0.93455136997111266,-0.067688683055757815,0.067688683055757815,0.0044005255091195822
352,574,0.99980741852505928,-0.00019260002113411,0.00019260002113411,0.9998467690933156,-0.00015324264773924442,0.00015324264773924442,3.9357373394865574e-05
353,99048,0.94889768344876468,-0.052454301307159126,0.052454301307159126,0.94620597154140806,-0.055295004727633469,0.055295004727633469,-0.0028407034204743428
354,4245,0.99992306202228831,-7.6940937589731824e-05,7.6940937589731824e-05,0.99992405917021721,-7.5943713433618526e-05,7.5943713433618526e-05,9.9722415611329862e-07
355,311,0.99999996438655703,-3.5613443559513048e-08,3.5613443559513048e-08,0.99999995439605971,-4.5603941360303325e-08,4.5603941360303325e-08,-9.9904978007902771e-09
356,37098,0.99983872907983085,-0.0001612839257222505,0.0001612839257222505,0.99984923592729869,-0.00015077543874652261,0.00015077543874652261,1.0508486975727892e-05
357,292,0.99999984436517009,-1.5563484200430246e-07,1.5563484200430246e-07,0.99999986672440921,-1.3327559966806167e-07,1.3327559966806167e-07,2.2359242336240792e-08
358,360,0.99999997177822897,-2.8221771410155723e-08,2.8221771410155723e-08,0.99999997297333787,-2.7026662542438512e-08,2.7026662542438512e-08,1.1951088677172104e-09
359,20000,0.99999963979167117,-3.6020839374123336e-07,3.6020839374123336e-07,0.99999967648649879,-3.2351355357380891e-07,3.2351355357380891e-07,3.6694840167424454e-08
360,13,0.61865646186604217,-0.48020514926873775,0.48020514926873775,0.63679534278963945,-0.45130695793718795,0.45130695793718795,0.028898191331549805
361,1283,0.99997844261918734,-2.1557613176350244e-05,2.1557613176350244e-05,0.99997618539015953,-2.3814893412747008e-05,2.3814893412747008e-05,-2.2572802363967632e-06
362,6052,0.99882001768011974,-0.0011806790471557195,0.0011806790471557195,0.99893758583019621,-0.0010629789317807214,0.0010629789317807214,0.00011770011537499806
363,520,0.7632554181593153,-0.27016254859206412,0.27016254859206412,0.77978102275303551,-0.24874213877357823,0.24874213877357823,0.021420409818485892
364,28395,0.99999954195973273,-4.5804037220212077e-07,4.5804037220212077e-07,0.999999541017077,-4.5898302838933104e-07,4.5898302838933104e-07,-9.4265618721027581e-10
365,220,0.9999998578525322,-1.4214747789961095e-07,1.4214747789961095e-07,0.99999985186231055,-1.4813770045857265e-07,1.4813770045857265e-07,-5.9902225589617012e-09
366,8027,0.99999996316946205,-3.6830538606804463e-08,3.6830538606804463e-08,0.99999998249250555,-1.7507494633982712e-08,1.7507494633982712e-08,1.9323043972821751e-08
367,323,0.88409998612626473,-0.12318511626287398,0.12318511626287398,0.89777570374882365,-0.10783501498664962,0.10783501498664962,0.015350101276224368
368,24164,0.99575478638314818,-0.0042542501198365532,0.0042542501198365532,0.99611236309295281,-0.0038952134102448869,0.0038952134102448869,0.00035903670959166632
369,51075,0.59561441603526066,-0.51816177424213028,0.51816177424213028,0.61234169698036511,-0.49046482387783058,0.49046482387783058,0.027696950364299699
370,3341,0.99999889675125819,-1.1032493503649413e-06,1.1032493503649413e-06,0.99999878861649227,-1.2113842414931452e-06,1.2113842414931452e-06,-1.0813489112820385e-07
371,7678,0.99999398634712733,-6.0136709548101074e-06,6.0136709548101074e-06,0.99999420451048604,-5.7955063078911337e-06,5.7955063078911337e-06,2.1816464691897374e-07
372,311,0.77935727906784591,-0.24928570016916196,0.24928570016916196,0.77990235515955408,-0.2485865528277619,0.2485865528277619,0.00069914734140005819
373,86440,0.98501235272407728,-0.015101097052057172,0.015101097052057172,0.98696597903790872,-0.013119709202596738,0.013119709202596738,0.0019813878494604337
374,279,0.99999993915017271,-6.0849829100430427e-08,6.0849829100430427e-08,0.99999992758492462,-7.2415077976659394e-08,7.2415077976659394e-08,-1.1565248876228966e-08
375,71729,0.99995170625019236,-4.8294915988348887e-05,4.8294915988348887e-05,0.99995669921036712,-4.3301727139132195e-05,4.3301727139132195e-05,4.9931888492166918e-06
376,59284,0.99983595041270046,-0.00016406304490492591,0.00016406304490492591,0.99984082773963301,-0.00015918492961566045,0.00015918492961566045,4.8781152892654557e-06
377,382,0.75062071485632631,-0.28685479493177601,0.28685479493177601,0.7609449693213346,-0.27319423737340215,0.27319423737340215,0.013660557558373865
378,24641,0.98545272330994749,-0.014654125828301074,0.014654125828301074,0.98807260686758402,-0.011999095202061329,0.011999095202061329,0.002655030626239745
379,52757,0.99999687223217315,-3.1277727183153523e-06,3.1277727183153523e-06,0.99999652374780013,-3.4762582420152021e-06,3.4762582420152021e-06,-3.4848552369984978e-07
380,596,0.52946062026492369,-0.63589648825515155,0.63589648825515155,0.53813903807006458,-0.61963831713447459,0.61963831713447459,0.016258171120676956
381,43667,0.53961095243432766,-0.61690685753367969,0.61690685753367969,0.55789559422657653,-0.58358344122837791,0.58358344122837791,0.033323416305301778
382,7076,0.99995357158744147,-4.6429490390680062e-05,4.6429490390680062e-05,0.99995199593967887,-4.8005212552952343e-05,4.8005212552952343e-05,-1.575722162272281e-06
383,574,0.99925473893113892,-0.0007455389139447786,0.0007455389139447786,0.9992673107617982,-0.00073295778614450085,0.00073295778614450085,1.2581127800277746e-05
384,13160,0.93038179477287875,-0.072160245066198392,0.072160245066198392,0.92879440808204161,-0.073867869200082981,0.073867869200082981,-0.0017076241338845888
385,555,0.99989287014952244,-0.00010713558928988095,0.00010713558928988095,0.99989318440424668,-0.0001068213009453047,0.0001068213009453047,3.1428834457625406e-07
386,3892,0.55482443806265336,-0.58910354309293833,0.58910354309293833,0.56864178869130189,-0.56450458846068619,0.56450458846068619,0.024598954632252146
387,6992,0.38187254420614786,-0.96266837996102006,0.96266837996102006,0.4584628590048021,-0.77987599600882473,0.77987599600882473,0.18279238395219533
388,2316,0.69564217708198905,-0.36291986423726497,0.36291986423726497,0.72537585453273223,-0.32106533841556056,0.32106533841556056,0.041854525821704402
389,46616,0.99973255233920355,-0.00026748343130006251,0.00026748343130006251,0.99976096283300508,-0.00023906574093212721,0.00023906574093212721,2.84176903679353e-05
390,11,0.70962513217632261,-0.34301843122905146,0.34301843122905146,0.6985790005732313,-0.35870700636089281,0.35870700636089281,-0.015688575131841354
391,2737,0.58828504286303052,-0.53054368177110178,0.53054368177110178,0.58872312921785142,-0.52979927508737157,0.52979927508737157,0.00074440668373021435
392,264,0.99815636754284387,-0.001845334039190843,0.001845334039190843,0.99824122895721379,-0.0017603194964267005,0.0017603194964267005,8.5014542764142451e-05
393,12845,0.9010734549737619,-0.10416849864385734,0.10416849864385734,0.89103745083469776,-0.11536882003248794,0.11536882003248794,-0.011200321388630599
394,927,0.99914574396890077,-0.00085462111571451714,0.00085462111571451714,0.99962163926570125,-0.00037843233078149697,0.00037843233078149697,0.00047618878493302017
395,67188,0.91828531032871008,-0.085247141083539896,0.085247141083539896,0.94355358901284891,-0.058102117680655263,0.058102117680655263,0.027145023402884633
396,31298,0.99999561400944115,-4.3860001772853342e-06,4.3860001772853342e-06,0.99999572246477775,-4.2775443709100394e-06,4.2775443709100394e-06,1.0845580637529477e-07
397,300,0.99999799556443081,-2.00443757809148e-06,2.00443757809148e-06,0.99999863583365234,-1.3641672781407956e-06,1.3641672781407956e-06,6.4027029995068434e-07
398,42221,0.9999987745705945,-1.2254301563525633e-06,1.2254301563525633e-06,0.9999987380656794,-1.2619351168589666e-06,1.2619351168589666e-06,-3.6504960506403288e-08
399,520,0.99359029907202445,-0.0064303312644091865,0.0064303312644091865,0.99381262776181345,-0.0062065933522680826,0.0062065933522680826,0.00022373791214110386
400,28395,0.99999827495042415,-1.7250510637917539e-06,1.7250510637917539e-06,0.99999838067949776,-1.6193218133776013e-06,1.6193218133776013e-06,1.0572925041415264e-07
401,220,0.99999988799373296,-1.1200627331181717e-07,1.1200627331181717e-07,0.99999992766993373,-7.2330068871949991e-08,7.2330068871949991e-08,3.9676204439867177e-08
402,7994,0.99781414891408848,-0.0021882435454057114,0.0021882435454057114,0.9982713714932574,-0.0017301243090392978,0.0017301243090392978,0.00045811923636641353
403,13,0.99989334804759444,-0.00010665764012949201,0.00010665764012949201,0.99989097871226618,-0.00010902723098637086,0.00010902723098637086,-2.3695908568788492e-06
404,4452,0.9973930763191986,-0.0026103276235063281,0.0026103276235063281,0.99759870597258593,-0.0024041817577030852,0.0024041817577030852,0.00020614586580324293
405,11,0.9999999873484714,-1.2651528633516988e-08,1.2651528633516988e-08,0.99999998254686739,-1.7453132786576808e-08,1.7453132786576808e-08,-4.8016041530598198e-09
406,568,0.99971945003472495,-0.00028058932677859749,0.00028058932677859749,0.99983279295721161,-0.00016722102344447968,0.00016722102344447968,0.00011336830333411781
407,574,0.97914550920553922,-0.021075017051155193,0.021075017051155193,0.97511453534858517,-0.025200342731207762,0.025200342731207762,-0.0041253256800525689
408,1578,0.49439137327856164,-0.70442782186111252,0.70442782186111252,0.48151785959679366,-0.73081195684970657,0.73081195684970657,-0.026384134988594043
409,99048,0.99915894182767784,-0.00084141206018749002,0.00084141206018749002,0.99919089502078029,-0.00080943248132103914,0.00080943248132103914,3.197957886645088e-05
410,4245,0.99982690249746509,-0.00017311248563669918,0.00017311248563669918,0.99986694911245688,-0.00013305973959764768,0.00013305973959764768,4.0052746039051501e-05
411,311,0.99999996318305384,-3.6816946812948289e-08,3.6816946812948289e-08,0.99999994625812061,-5.3741880833596484e-08,5.3741880833596484e-08,-1.6924934020648195e-08
412,37098,0.99961291618349501,-0.0003871587527839062,0.0003871587527839062,0.99959814825695337,-0.0004019325070958721,0.0004019325070958721,-1.4773754311965905e-05
413,292,0.99999970042803676,-2.9957200807025583e-07,2.9957200807025583e-07,0.9999996775252068,-3.22474845234678e-07,3.22474845234678e-07,-2.2902837164422166e-08
414,360,0.99999871731939061,-1.2826814319968365e-06,1.2826814319968365e-06,0.99999913204385815,-8.6795651857084633e-07,8.6795651857084633e-07,4.1472491342599021e-07
415,20000,0.99999629697047021,-3.7030363860169686e-06,3.7030363860169686e-06,0.99999682832389802,-3.1716811316990808e-06,3.1716811316990808e-06,5.3135525431788787e-07
416,323,0.9957828389262311,-0.0042260783768292677,0.0042260783768292677,0.99673095964473157,-0.0032743953413190596,0.0032743953413190596,0.0009516830355102081
417,55093,0.99957446408620831,-0.00042562647989231536,0.00042562647989231536,0.99960381210577998,-0.00039626639737919199,0.00039626639737919199,2.9360082513123372e-05
418,15173,0.99999749937763627,-2.5006254902751105e-06,2.5006254902751105e-06,0.99999717866075633,-2.8213432236483755e-06,2.8213432236483755e-06,-3.2071773337326498e-07
419,13,0.64711266234357401,-0.43523486927915722,0.43523486927915722,0.65041038289288489,-0.43015175701850816,0.43015175701850816,0.0050831122606490586
420,11876,0.77813624200692999,-0.25085365187432285,0.25085365187432285,0.71046434600710962,-0.3418365142563915,0.3418365142563915,-0.090982862382068652
421,52757,0.99995831245199518,-4.1688416954829155e-05,4.1688416954829155e-05,0.99995801277139862,-4.1988110089760582e-05,4.1988110089760582e-05,-2.9969313493142765e-07
422,6052,0.9891461329411213,-0.010913199992378957,0.010913199992378957,0.99142824365753757,-0.0086087051414440452,0.0086087051414440452,0.0023044948509349118
423,520,0.9925640662812133,-0.0074637180947966595,0.0074637180947966595,0.99417901514052065,-0.0058379928260399354,0.0058379928260399354,0.0016257252687567241
424,28395,0.99999944829565779,-5.517044944451688e-07,5.517044944451688e-07,0.999999401518886,-5.9848129306827623e-07,5.9848129306827623e-07,-4.6776798623107431e-08
425,220,0.99999996164540528,-3.8354595430208598e-08,3.8354595430208598e-08,0.99999995639276185,-4.3607239090359021e-08,4.3607239090359021e-08,-5.2526436601504231e-09
426,9335,0.99999995350308402,-4.6496917012570948e-08,4.6496917012570948e-08,0.99999997506350891,-2.4936491449471287e-08,2.4936491449471287e-08,2.1560425563099661e-08
427,304,0.86933459718896489,-0.14002719078309786,0.14002719078309786,0.86971020792594511,-0.13959521715974293,0.13959521715974293,0.0004319736233549254
428,6790,0.99999104958314,-8.9504569152353877e-06,8.9504569152353877e-06,0.9999901632717334,-9.8367766475067824e-06,9.8367766475067824e-06,-8.8631973227139475e-07
429,220,0.4760200200766303,-0.74229536665065388,0.74229536665065388,0.46180700754299908,-0.7726082077658738,0.7726082077658738,-0.030312841115219924
430,679,0.99999715292074776,-2.8470833051477282e-06,2.8470833051477282e-06,0.9999970283589581,-2.9716454572757072e-06,2.9716454572757072e-06,-1.2456215212797902e-07
431,16,0.99998685108372809,-1.3149002719647767e-05,1.3149002719647767e-05,0.99999152187805573,-8.478157883753613e-06,8.478157883753613e-06,4.6708448358941537e-06
432,719,0.86725989118164293,-0.14241658797201528,0.14241658797201528,0.88559863563948105,-0.12149143819472204,0.12149143819472204,0.020925149777293248
433,5675,0.99829137569573756,-0.0017100856676202328,0.0017100856676202328,0.99846992762885989,-0.0015312441272709331,0.0015312441272709331,0.00017884154034929971
434,311,0.99999759367220631,-2.4063306889546244e-06,2.4063306889546244e-06,0.99999806767661514,-1.93232525181715e-06,1.93232525181715e-06,4.7400543713747447e-07
435,362,0.99999892333152951,-1.076669050065458e-06,1.076669050065458e-06,0.99999873519575322,-1.2648050466352197e-06,1.2648050466352197e-06,-1.8813599656976166e-07
436,1638,0.99999998636028642,-1.3639713709838992e-08,1.3639713709838992e-08,0.99999998645182475,-1.3548175378613806e-08,1.3548175378613806e-08,9.1538331225186507e-11
437,1334,0.99999980613015749,-1.9386986135681472e-07,1.9386986135681472e-07,0.99999979045830323,-2.095417186717287e-07,2.095417186717287e-07,-1.5671857314913979e-08
438,6193,0.99999832615954998,-1.6738418509074958e-06,1.6738418509074958e-06,0.99999762508406664,-2.3749187535006262e-06,2.3749187535006262e-06,-7.0107690259313039e-07
439,68,0.99999985447061468,-1.4552939593616552e-07,1.4552939593616552e-07,0.99999990904696789,-9.0953036296267884e-08,9.0953036296267884e-08,5.4576359639897635e-08
440,336,0.99999986363533411,-1.3636467513556951e-07,1.3636467513556951e-07,0.99999982487758809,-1.7512242721331547e-07,1.7512242721331547e-07,-3.875775207774596e-08
441,323,0.99986387503548768,-0.00013613423035621554,0.00013613423035621554,0.99988264487179013,-0.00011736201486168874,0.00011736201486168874,1.8772215494526807e-05
442,40522,0.99446533822536476,-0.0055500347642195857,0.0055500347642195857,0.99456946326624196,-0.0054453357002371043,0.0054453357002371043,0.0001046990639824814
443,22311,0.99991171665689593,-8.8287240307794758e-05,8.8287240307794758e-05,0.9999056583792556,-9.4346071194980108e-05,9.4346071194980108e-05,-6.0588308871853505e-06
444,505,0.99999984463253633,-1.5536747569459734e-07,1.5536747569459734e-07,0.99999979040616549,-2.0959385651039553e-07,2.0959385651039553e-07,-5.4226380815798184e-08
445,43667,0.99999221178376274,-7.7882465656007806e-06,7.7882465656007806e-06,0.99999152095269916,-8.4790832481310598e-06,8.4790832481310598e-06,-6.9083668253027915e-07
446,382,0.99882868426928328,-0.001172002257132391,0.001172002257132391,0.99905354725309092,-0.00094690091611307091,0.00094690091611307091,0.00022510134101932011
447,24641,0.9557919073610629,-0.045215059748726825,0.045215059748726825,0.97368064243125962,-0.026671911618933373,0.026671911618933373,0.018543148129793453
448,52757,0.99999374971983268,-6.2502997003500663e-06,6.2502997003500663e-06,0.99999387192093347,-6.1280978433221687e-06,6.1280978433221687e-06,1.2220185702789759e-07
449,706,0.40980551530127796,-0.89207258474843487,0.89207258474843487,0.43397382445049637,-0.83477105902663895,0.83477105902663895,0.057301525721795921
450,1027,0.87413259185188741,-0.134523207908577,0.134523207908577,0.81317079374220069,-0.20681411309401351,0.20681411309401351,-0.072290905185436516
451,9152,0.57821502605431918,-0.54780946209605763,0.54780946209605763,0.58619258566929766,-0.5341068989100386,0.5341068989100386,0.013702563186019034
452,555,0.99995390740534218,-4.6093656954146222e-05,4.6093656954146222e-05,0.99994625088121636,-5.3750563319282407e-05,5.3750563319282407e-05,-7.6569063651361856e-06
453,7043,0.99998682063320521,-1.3179453643355242e-05,1.3179453643355242e-05,0.9999856238019782,-1.4376301360296216e-05,1.4376301360296216e-05,-1.196847716940974e-06
454,28653,0.9999873961526653,-1.2603926763809694e-05,1.2603926763809694e-05,0.99998384460470269,-1.615552579710151e-05,1.615552579710151e-05,-3.5515990332918158e-06
455,1543,0.99999998422224801,-1.5777752091371037e-08,1.5777752091371037e-08,0.99999998251898414,-1.7481016037353231e-08,1.7481016037353231e-08,-1.7032639459821945e-09
456,6957,0.99992756517623538,-7.243744729318567e-05,7.243744729318567e-05,0.99992937937956272,-7.0623114190754947e-05,7.0623114190754947e-05,1.8143331024307228e-06
457,813,0.70927523870137077,-0.34351162086974157,0.34351162086974157,0.76307499716743921,-0.27039896004125585,0.27039896004125585,0.07311266082848572
458,6721,0.99679507164911563,-0.0032100751334062871,0.0032100751334062871,0.99684628648569173,-0.003158696949082026,0.003158696949082026,5.1378184324261077e-05
459,36540,0.99997029045947938,-2.9709981857773135e-05,2.9709981857773135e-05,0.99997783478343716,-2.2165462214830252e-05,2.2165462214830252e-05,7.5445196429428834e-06
460,7076,0.99928041836938952,-0.00071984065373829778,0.00071984065373829778,0.99945964515555219,-0.00054050088873967568,0.00054050088873967568,0.00017933976499862211
461,323,0.99443852997975135,-0.0055769925735371867,0.0055769925735371867,0.99499990850270492,-0.0050126337806290118,0.0050126337806290118,0.00056435879290817493
462,706,0.99999842043967246,-1.5795615750320845e-06,1.5795615750320845e-06,0.99999812444458713,-1.8755571717500822e-06,1.8755571717500822e-06,-2.9599559671799776e-07
463,2010,0.9997630469215727,-0.00023698115624352597,0.00023698115624352597,0.99979868481559786,-0.00020133545102396072,0.00020133545102396072,3.5645705219565255e-05
464,15472,0.99999686957077272,-3.1304341270742293e-06,3.1304341270742293e-06,0.99999674701936503,-3.2529859258755192e-06,3.2529859258755192e-06,-1.2255179880128995e-07
465,12387,0.99979730056877736,-0.00020271997752887522,0.00020271997752887522,0.99979490726738429,-0.0002051137670062828,0.0002051137670062828,-2.3937894774075767e-06
466,2343,0.9999924085048828,-7.5915239327408668e-06,7.5915239327408668e-06,0.99999300450796036,-6.995516508256886e-06,6.995516508256886e-06,5.9600742448398078e-07
467,17453,0.99999896849084191,-1.0315096901206933e-06,1.0315096901206933e-06,0.99999899066777953,-1.0093327298338127e-06,1.0093327298338127e-06,2.2176960286880571e-08
468,23318,0.99998433248374885,-1.5667638987915854e-05,1.5667638987915854e-05,0.99998322416065788,-1.6775980058123027e-05,1.6775980058123027e-05,-1.1083410702071726e-06
469,4455,0.99999715687392665,-2.8431301150731426e-06,2.8431301150731426e-06,0.99999561936236547,-4.3806472295716576e-06,4.3806472295716576e-06,-1.537517114498515e-06
470,369,0.99643480155853859,-0.0035715689072484515,0.0035715689072484515,0.99684672166907873,-0.0031582603890046501,0.0031582603890046501,0.00041330851824380142
471,2225,0.99959751367972516,-0.00040256733963406121,0.00040256733963406121,0.99963175799254356,-0.00036830982519387025,0.00036830982519387025,3.4257514440190961e-05
472,34538,0.5846284406614759,-0.53677877770820326,0.53677877770820326,0.50712864642275146,-0.67899056709882477,0.67899056709882477,-0.14221178939062151
473,323,0.9999997386492484,-2.613507857224311e-07,2.613507857224311e-07,0.99999977123736727,-2.2876265885107957e-07,2.2876265885107957e-07,3.2588126871351535e-08
474,28395,0.99983882250752365,-0.0001611904829642137,0.0001611904829642137,0.99967152942885495,-0.00032852452941917995,0.00032852452941917995,-0.00016733404645496625
475,13,0.92647327328332774,-0.076370080641689778,0.076370080641689778,0.9388348601465224,-0.063115683029008163,0.063115683029008163,0.013254397612681615
476,763,0.80424214453735898,-0.2178548803494858,0.2178548803494858,0.76187484594235566,-0.27197298095517852,0.27197298095517852,-0.054118100605692721
477,220,0.99714612780534606,-0.0028579522523967983,0.0028579522523967983,0.99749450350961411,-0.0025086404993511211,0.0025086404993511211,0.00034931175304567718
478,679,0.99999988286149533,-1.1713851157992467e-07,1.1713851157992467e-07,0.99999985222587073,-1.4777414021938163e-07,1.4777414021938163e-07,-3.063562863945696e-08
479,20,0.99230496185410433,-0.0077247977175908585,0.0077247977175908585,0.98829161954142197,-0.011777463306676934,0.011777463306676934,-0.0040526655890860755
480,11,0.99999997031493137,-2.9685069073016933e-08,2.9685069073016933e-08,0.9999999543484811,-4.5651519965852737e-08,4.5651519965852737e-08,-1.5966450892835804e-08
481,459,0.99935902688836353,-0.00064117862272415496,0.00064117862272415496,0.9995318621597018,-0.00046824745102690455,0.00046824745102690455,0.00017293117169725041
482,27290,0.99991177864307212,-8.8225248660636125e-05,8.8225248660636125e-05,0.99991802987813805,-8.1973481596025777e-05,8.1973481596025777e-05,6.2517670646103482e-06
483,916,0.99994020765157599,-5.9794136057721903e-05,5.9794136057721903e-05,0.99995619382887302,-4.3807130645306689e-05,4.3807130645306689e-05,1.5987005412415214e-05
484,4652,0.99999674254977267,-3.2574555328876916e-06,3.2574555328876916e-06,0.99999594274516135,-4.0572630693368056e-06,4.0572630693368056e-06,-7.9980753644911399e-07
485,14183,0.99999030576090264,-9.6942860867721385e-06,9.6942860867721385e-06,0.99999037663064927,-9.623415655659625e-06,9.623415655659625e-06,7.0870431112513531e-08
486,311,0.99999991921189391,-8.078810938075516e-08,8.078810938075516e-08,0.99999989312143123,-1.0687857449678771e-07,1.0687857449678771e-07,-2.6090465116032552e-08
487,11876,0.99894474093071361,-0.0010558162471505357,0.0010558162471505357,0.9989941458325996,-0.0010063603781814122,0.0010063603781814122,4.9455868969123552e-05
488,52757,0.99999170010114247,-8.2999333018862357e-06,8.2999333018862357e-06,0.99999320597119168,-6.7940518878860383e-06,6.7940518878860383e-06,1.5058814140001973e-06
489,439,0.9999999839459639,-1.6054036193677611e-08,1.6054036193677611e-08,0.9999999815245374,-1.8475462766646027e-08,1.8475462766646027e-08,-2.4214265729684152e-09
490,330,0.99990226078993416,-9.7743986853728038e-05,9.7743986853728038e-05,0.99989989064147988,-0.00010011436979643001,0.00010011436979643001,-2.3703829427019688e-06
491,1820,0.99994930080264322,-5.0700482604488116e-05,5.0700482604488116e-05,0.99992421174201584,-7.5791130059267507e-05,7.5791130059267507e-05,-2.5090647454779391e-05
492,1455,0.99999979458439947,-2.0541562162001975e-07,2.0541562162001975e-07,0.99999980562671809,-1.9437330077138673e-07,1.9437330077138673e-07,1.1042320848633016e-08
493,27332,0.9999723412845497,-2.765909795962888e-05,2.765909795962888e-05,0.99996586615525751,-3.4134427315377455e-05,3.4134427315377455e-05,-6.4753293557485742e-06
494,34880,0.99999559604517363,-4.4039645238348999e-06,4.4039645238348999e-06,0.99999565981644067,-4.3401929779398836e-06,4.3401929779398836e-06,6.377154589501624e-08
495,304,0.99999989107123344,-1.0892877250896916e-07,1.0892877250896916e-07,0.99999989105911136,-1.0894089458876532e-07,1.0894089458876532e-07,-1.2122079796161104e-11
496,463,0.99999866141672811,-1.3385841677773764e-06,1.3385841677773764e-06,0.99999899826778993,-1.0017327117560163e-06,1.0017327117560163e-06,3.3685145602136004e-07
497,36540,0.99995920618740719,-4.0794644682974799e-05,4.0794644682974799e-05,0.99997513805638916,-2.4862252674134843e-05,2.4862252674134843e-05,1.5932392008839956e-05
498,3925,0.99999851420576991,-1.4857953338669015e-06,1.4857953338669015e-06,0.99999776770998983,-2.2322925017317065e-06,2.2322925017317065e-06,-7.4649716786480493e-07
499,1210,0.85609578228662753,-0.1553730139055369,0.1553730139055369,0.86068192362970475,-0.15003026948787632,0.15003026948787632,0.0053427444176605832
500,11876,0.0025864740392912183,-5.9574597055742773,5.9574597055742773,0.0019279743434624033,-6.2512853902151049,6.2512853902151049,-0.29382568464082759
501,52757,0.99999343674742447,-6.5632741137426979e-06,6.5632741137426979e-06,0.99999234960553407,-7.6504237303232777e-06,7.6504237303232777e-06,-1.0871496165805798e-06
502,706,0.83552912769900622,-0.1796900689583171,0.1796900689583171,0.86373628287864079,-0.14648778491939538,0.14648778491939538,0.033202284038921726
503,1101,0.6255049024104351,-0.46919611151925805,0.46919611151925805,0.69895496564437865,-0.35816896565590062,0.35816896565590062,0.11102714586335743
504,1027,0.98760085978493395,-0.012476650931364066,0.012476650931364066,0.98900851582695615,-0.011052336853567052,0.011052336853567052,0.0014243140777970148
505,264,0.87026125763160722,-0.13896181628508114,0.13896181628508114,0.75199657959108146,-0.28502350345875638,0.28502350345875638,-0.14606168717367524
506,3830,0.9962408156931003,-0.003766267797897399,0.003766267797897399,0.99467801767153752,-0.0053361945235424089,0.0053361945235424089,-0.0015699267256450099
507,5274,0.99997667228123754,-2.3327990857894698e-05,2.3327990857894698e-05,0.99997690984199972,-2.309042458210955e-05,2.309042458210955e-05,2.3756627578514852e-07
508,37392,0.99997874604374359,-2.1254182124988935e-05,2.1254182124988935e-05,0.99997920050409805,-2.0799712214477039e-05,2.0799712214477039e-05,4.5446991051189585e-07
509,304,0.99983961215928641,-0.0001604007042187781,0.0001604007042187781,0.99992587085707474,-7.4131890626004314e-05,7.4131890626004314e-05,8.6268813592773781e-05
510,28395,0.88268647475825135,-0.12478520965377529,0.12478520965377529,0.88037484693042745,-0.12740749978518212,0.12740749978518212,-0.0026222901314068292
511,11,0.99270800943306947,-0.0073187070871174589,0.0073187070871174589,0.99140699158276591,-0.0086301411885695966,0.0086301411885695966,-0.0013114341014521377
512,24435,0.50934062837960592,-0.67463827529152187,0.67463827529152187,0.5359801464794457,-0.6236581587476262,0.6236581587476262,0.05098011654389567
513,304,0.99999994341731957,-5.6582682048808628e-08,5.6582682048808628e-08,0.99999990195896993,-9.8041034925078035e-08,9.8041034925078035e-08,-4.1458352876269407e-08
514,3892,0.98847721943816624,-0.011589682223092633,0.011589682223092633,0.99056895840804959,-0.0094757954707642509,0.0094757954707642509,0.0021138867523283825
515,315,0.98947608573059709,-0.010579682265325577,0.010579682265325577,0.9904291451806172,-0.0096169497983845751,0.0096169497983845751,0.00096273246694100235
516,279,0.99999785861082102,-2.1413914717516859e-06,2.1413914717516859e-06,0.99999797411760383,-2.0258844482289105e-06,2.0258844482289105e-06,1.1550702352277535e-07
517,1888,0.99941298487235364,-0.00058718748848200655,0.00058718748848200655,0.99950689790162328,-0.00049322371319711063,0.00049322371319711063,9.3963775284895928e-05
518,48724,0.99998495731103731,-1.5042802105049353e-05,1.5042802105049353e-05,0.99999098119374996,-9.0188469197180557e-06,9.0188469197180557e-06,6.0239551853312973e-06
519,2343,0.99994017545770564,-5.9826331853626243e-05,5.9826331853626243e-05,0.99996252199363533,-3.7478708682705451e-05,3.7478708682705451e-05,2.2347623170920792e-05
520,17453,0.99999758993344368,-2.4100694605693376e-06,2.4100694605693376e-06,0.99999870276254144,-1.29723830002612e-06,1.29723830002612e-06,1.1128311605432176e-06
521,23318,0.98875034077277624,-0.011313415250243085,0.011313415250243085,0.98982125547838895,-0.010230902176448091,0.010230902176448091,0.0010825130737949946
522,4455,0.99999107640754414,-8.9236322713218067e-06,8.9236322713218067e-06,0.99998641027751678,-1.3589814824315285e-05,1.3589814824315285e-05,-4.6661825529934779e-06
523,304,0.99960601497220869,-0.00039406266028371516,0.00039406266028371516,0.99973855932757405,-0.0002614748539963672,0.0002614748539963672,0.00013258780628734796
524,28395,0.98877921260157875,-0.01128421535408442,0.01128421535408442,0.99119133612634303,-0.0088476894980374105,0.0088476894980374105,0.0024365258560470095
525,3925,0.99999643990809739,-3.5600982397589869e-06,3.5600982397589869e-06,0.99999488844088624,-5.1115721778607622e-06,5.1115721778607622e-06,-1.5514739381017752e-06
526,11,0.96406054595092727,-0.036601179340832096,0.036601179340832096,0.95646732075184382,-0.044508656130495844,0.044508656130495844,-0.0079074767896637477
527,2737,0.99998298619094972,-1.7013953786815256e-05,1.7013953786815256e-05,0.99997210123640001,-2.789915277771268e-05,2.789915277771268e-05,-1.0885198990897424e-05
528,28395,0.99999893531594441,-1.0646846223458534e-06,1.0646846223458534e-06,0.99999881796656009,-1.1820341385190207e-06,1.1820341385190207e-06,-1.1734951617316738e-07
529,220,0.99999997473395341,-2.526604693520429e-08,2.526604693520429e-08,0.99999997676256147,-2.3237438814066894e-08,2.3237438814066894e-08,2.0286081211373965e-09
530,1041,0.99999810359490537,-1.8964068927904971e-06,1.8964068927904971e-06,0.99999910883321064,-8.9116718641589711e-07,8.9116718641589711e-07,1.0052397063745999e-06
531,323,0.99999820998799893,-1.7900136030966631e-06,1.7900136030966631e-06,0.99999919778081792,-8.0221950390147646e-07,8.0221950390147646e-07,9.8779409919518665e-07
532,28395,0.99999888465129072,-1.1153493312822535e-06,1.1153493312822535e-06,0.99999881934856771,-1.1806521292015249e-06,1.1806521292015249e-06,-6.5302797919271428e-08
533,220,0.99999984766758587,-1.5233242572834195e-07,1.5233242572834195e-07,0.99999986065705138,-1.3934295834472741e-07,1.3934295834472741e-07,1.2989467383614536e-08
534,1049,0.99999895345137413,-1.0465491734737384e-06,1.0465491734737384e-06,0.99999974477323927,-2.5522679332559926e-07,2.5522679332559926e-07,7.913223801481391e-07
535,13,0.72152790735428451,-0.3263842218845312,0.3263842218845312,0.69846687378207861,-0.35886752620272716,0.35886752620272716,-0.03248330431819596
536,4815,0.00013221546704559608,-8.9310776400711571,8.9310776400711571,0.00016645166641347854,-8.700805582497539,8.700805582497539,0.23027205757361813
537,644,0.40372678098625203,-0.90701691449212563,0.90701691449212563,0.4160085359160372,-0.87704949990245062,0.87704949990245062,0.029967414589675001
538,5936,0.69890723638608576,-0.35823725458773104,0.35823725458773104,0.70760793430665181,-0.34586510377653995,0.34586510377653995,0.012372150811191085
539,220,0.99996476647449251,-3.5234146222731828e-05,3.5234146222731828e-05,0.99996330728123839,-3.6693391955857408e-05,3.6693391955857408e-05,-1.4592457331255804e-06
540,679,0.99995437322426761,-4.5627816665383236e-05,4.5627816665383236e-05,0.99996145869774389,-3.8542044991240766e-05,3.8542044991240766e-05,7.0857716741424705e-06
541,17,0.99995753349576699,-4.2467405960545052e-05,4.2467405960545052e-05,0.99996424266598327,-3.5757973325424066e-05,3.5757973325424066e-05,6.7094326351209855e-06
542,11,0.99979135599714952,-0.00020866577203851463,0.00020866577203851463,0.99988068133459895,-0.00011932578443926997,0.00011932578443926997,8.9339987599244659e-05
543,11876,0.99891201780653771,-0.0010885744757229158,0.0010885744757229158,0.99944554080766068,-0.00055461296167914485,0.00055461296167914485,0.00053396151404377099
544,52757,0.99998646266561475,-1.3537426015734712e-05,1.3537426015734712e-05,0.99999260297574943,-7.3970516086549586e-06,7.3970516086549586e-06,6.1403744070797538e-06
545,6052,0.71377985167949365,-0.33718069516742394,0.33718069516742394,0.79648753816806839,-0.22754379549445686,0.22754379549445686,0.10963689967296708
546,311,0.99999853556468221,-1.4644363901187157e-06,1.4644363901187157e-06,0.99999881465470586,-1.1853459967166876e-06,1.1853459967166876e-06,2.7909039340202808e-07
547,6721,0.55693164987619237,-0.58531275775828695,0.58531275775828695,0.68203094919030061,-0.38268024212388896,0.38268024212388896,0.20263251563439799
548,36540,0.99999445704077772,-5.542974584504228e-06,5.542974584504228e-06,0.99999402026541873,-5.9797524599156531e-06,5.9797524599156531e-06,-4.3677787541142518e-07
549,323,0.50830099477550883,-0.67668149746743611,0.67668149746743611,0.63988501235476858,-0.44646678696635733,0.44646678696635733,0.23021471050107878
550,48041,0.72009042250524247,-0.32837848804456293,0.32837848804456293,0.73132358033846701,-0.31289926281311053,0.31289926281311053,0.015479225231452398
551,1619,0.99998130526424933,-1.8694910499391547e-05,1.8694910499391547e-05,0.99997992595969887,-2.0074241787401201e-05,2.0074241787401201e-05,-1.3793312880096541e-06
552,34538,0.9999580202431787,-4.1980637995896762e-05,4.1980637995896762e-05,0.9999729569422664,-2.7043423403689908e-05,2.7043423403689908e-05,1.4937214592206854e-05
553,1306,0.99795236703570733,-0.0020497322308453761,0.0020497322308453761,0.99856385733341124,-0.0014371749078837144,0.0014371749078837144,0.00061255732296166166
554,459,0.99999170568939999,-8.2943449980263464e-06,8.2943449980263464e-06,0.99999554054389328,-4.4594660501565822e-06,4.4594660501565822e-06,3.8348789478697642e-06
555,8223,0.99981801449572683,-0.00018200206564432511,0.00018200206564432511,0.99985787840780482,-0.00014213169242560319,0.00014213169242560319,3.9870373218721915e-05
556,4771,0.99999106366567347,-8.9363742558007417e-06,8.9363742558007417e-06,0.99999576312947847,-4.2368794971440139e-06,4.2368794971440139e-06,4.6994947586567278e-06
557,81286,0.9999926083221754,-7.391705143172403e-06,7.391705143172403e-06,0.99999484289405283,-5.1571192450476655e-06,5.1571192450476655e-06,2.2345858981247375e-06
558,13,0.99906013469008303,-0.00094030726025494014,0.00094030726025494014,0.99927015120489449,-0.00073011526440017248,0.00073011526440017248,0.00021019199585476766
559,9220,0.47849333494566992,-0.73711299724429946,0.73711299724429946,0.48148323647415814,-0.7308838635646453,0.7308838635646453,0.0062291336796541641
560,1667,0.9999921844685814,-7.8155619600415032e-06,7.8155619600415032e-06,0.99999198746983009,-8.0125622704467657e-06,8.0125622704467657e-06,-1.9700031040526253e-07
561,3010,0.9999974096644052,-2.5903389497227696e-06,2.5903389497227696e-06,0.99999681181000044,-3.1881950817954822e-06,3.1881950817954822e-06,-5.9785613207271262e-07
562,11,0.99992076890061221,-7.9234238337131058e-05,7.9234238337131058e-05,0.99995261678131497,-4.7384341305248121e-05,4.7384341305248121e-05,3.1849897031882937e-05
563,520,0.97723333258135925,-0.023029829884184054,0.023029829884184054,0.98054049184214664,-0.019651337062134806,0.019651337062134806,0.0033784928220492484
564,99399,0.99999049698822484,-9.5030569290640243e-06,9.5030569290640243e-06,0.99999181653673308,-8.1834967516709283e-06,8.1834967516709283e-06,1.319560177393096e-06
565,1692,0.99988999985173044,-0.0001100061987296058,0.0001100061987296058,0.99989924441632139,-0.0001007606598633832,0.0001007606598633832,9.245538866222596e-06
566,689,0.99999943369483424,-5.6630532615371205e-07,5.6630532615371205e-07,0.99999955675650565,-4.4324359262944956e-07,4.4324359262944956e-07,1.230617335242625e-07
567,20572,0.99985038066607379,-0.00014963052801535167,0.00014963052801535167,0.99988380718274095,-0.00011619956816742086,0.00011619956816742086,3.3430959847930816e-05
568,11,0.99999508529321357,-4.9147188636353637e-06,4.9147188636353637e-06,0.99999544588292899,-4.5541274410317062e-06,4.5541274410317062e-06,3.6059142260365751e-07
569,11876,0.99788683941090006,-0.0021153964633337566,0.0021153964633337566,0.99774638982329689,-0.0022561533777583813,0.0022561533777583813,-0.00014075691442462469
570,52757,0.99998370457095809,-1.6295561813887468e-05,1.6295561813887468e-05,0.99998381912664736,-1.6181004264384225e-05,1.6181004264384225e-05,1.1455754950324238e-07
571,24164,0.99993223976167067,-6.7762534158034149e-05,6.7762534158034149e-05,0.99993559330450743,-6.44087696928916e-05,6.44087696928916e-05,3.353764465142549e-06
572,578,0.99991120340652795,-8.8800536122959087e-05,8.8800536122959087e-05,0.99994210908097558,-5.7892594768293685e-05,5.7892594768293685e-05,3.0907941354665402e-05
573,99773,0.99999936846050486,-6.3153969451481572e-07,6.3153969451481572e-07,0.99999941185104024,-5.8814913274276601e-07,5.8814913274276601e-07,4.3390561772049716e-08
574,4506,0.999999416143732,-5.8385643839365918e-07,5.8385643839365918e-07,0.99999933439005184,-6.6561016972985205e-07,6.6561016972985205e-07,-8.1753731336192865e-08
575,311,0.99938436469777991,-0.00061582488344534255,0.00061582488344534255,0.99964739954587734,-0.0003526626322791945,0.0003526626322791945,0.00026316225116614805
576,842,0.99996753850990749,-3.2462016978036959e-05,3.2462016978036959e-05,0.99997892013406053,-2.1080088122943606e-05,2.1080088122943606e-05,1.1381928855093354e-05
577,813,0.99991165300592788,-8.8350896897624332e-05,8.8350896897624332e-05,0.99994462912362569,-5.5372409397851839e-05,5.5372409397851839e-05,3.2978487499772492e-05
578,93576,0.99987599672272498,-0.00012401096631701374,0.00012401096631701374,0.99989773716478969,-0.00010226806441051119,0.00010226806441051119,2.1742901906502549e-05
579,30314,0.99999829938998719,-1.7006114589019022e-06,1.7006114589019022e-06,0.99999819189431516,-1.8081073194885147e-06,1.8081073194885147e-06,-1.074958605866125e-07
580,520,0.9902224478735645,-0.0098256662718197441,0.0098256662718197441,0.98933008681957302,-0.010727244884964009,0.010727244884964009,-0.00090157861314426463
581,279,0.99993122619745145,-6.8776167574977786e-05,6.8776167574977786e-05,0.99995549298503006,-4.4508005436477367e-05,4.4508005436477367e-05,2.4268162138500419e-05
582,21134,0.99946528600390017,-0.00053485700661068413,0.00053485700661068413,0.99950797020375848,-0.00049215088262210031,0.00049215088262210031,4.2706123988583825e-05
583,9974,0.99999672269930207,-3.2773060683029785e-06,3.2773060683029785e-06,0.99999549849663749,-4.5015134942499586e-06,4.5015134942499586e-06,-1.2242074259469801e-06
584,1567,0.999998873301289,-1.1266993456989705e-06,1.1266993456989705e-06,0.99999854591168791,-1.4540893693229968e-06,1.4540893693229968e-06,-3.2739002362402627e-07
585,13,0.99471455740143788,-0.0052994599640971808,0.0052994599640971808,0.9940209983981273,-0.0059969473996743993,0.0059969473996743993,-0.0006974874355772185
586,11876,0.023163848697472372,-3.7651624614361454,3.7651624614361454,0.022728526514115052,-3.784134468818821,3.784134468818821,-0.018972007382675571
587,52757,0.99996884843602918,-3.1152049190863177e-05,3.1152049190863177e-05,0.99995412686584217,-4.5874186362203096e-05,4.5874186362203096e-05,-1.4722137171339919e-05
588,706,0.86958891460770882,-0.13973469094761712,0.13973469094761712,0.85630495685009778,-0.15512870828275846,0.15512870828275846,-0.015394017335141341
589,8738,0.46872009709316287,-0.75774949660028723,0.75774949660028723,0.42565582634815757,-0.8541241786260354,0.8541241786260354,-0.096374682025748171
590,311,0.99999377421045799,-6.2258089222864527e-06,6.2258089222864527e-06,0.99999344465127982,-6.55537020654432e-06,6.55537020654432e-06,-3.2956128425786726e-07
591,387,0.82762076781465843,-0.18920023940112027,0.18920023940112027,0.7969947042663561,-0.2269072447982432,0.2269072447982432,-0.037707005397122934
592,264,0.98059862848614043,-0.019592048413605689,0.019592048413605689,0.97690383246993795,-0.02336706323754012,0.02336706323754012,-0.0037750148239344312
593,25462,0.38383133118277818,-0.95755206460082332,0.95755206460082332,0.41231821226011917,-0.88595986789433279,0.88595986789433279,0.07159219670649053
594,5457,0.99748999953997364,-0.0025131557922103494,0.0025131557922103494,0.99718529698218983,-0.0028186717432879321,0.0028186717432879321,-0.0003055159510775827
595,304,0.99999894150305457,-1.0584975056558725e-06,1.0584975056558725e-06,0.99999926118325633,-7.3881701664412294e-07,7.3881701664412294e-07,3.1968048901174955e-07
596,6721,0.29464771005818208,-1.2219748394637548,1.2219748394637548,0.54978952507068746,-0.59821975568660335,0.59821975568660335,0.6237550837771515
597,36540,0.99999391047037722,-6.0895481640001674e-06,6.0895481640001674e-06,0.99999406832016791,-5.9316974246192042e-06,5.9316974246192042e-06,1.5785073938096316e-07
598,11,0.85991872291587823,-0.15091740243811938,0.15091740243811938,0.84740186916000859,-0.1655802350333091,0.1655802350333091,-0.014662832595189718
599,2010,0.82655691077244497,-0.19048650653271396,0.19048650653271396,0.67091516208205859,-0.39911258505313285,0.39911258505313285,-0.2086260785204189
600,35981,0.99991541818027529,-8.458539696854551e-05,8.458539696854551e-05,0.99992776148596607,-7.224112336099304e-05,7.224112336099304e-05,1.234427360755247e-05
601,12387,0.97061725830848711,-0.029823061097098598,0.029823061097098598,0.97032860646453356,-0.030120495303091063,0.030120495303091063,-0.00029743420599246534
602,2343,0.9712633274162833,-0.029157655472897344,0.029157655472897344,0.96219982496086265,-0.038533131632345237,0.038533131632345237,-0.009375476159447893
603,17453,0.99999676869421728,-3.2313110034593808e-06,3.2313110034593808e-06,0.99999761195919912,-2.3880436522755832e-06,2.3880436522755832e-06,8.4326735118379755e-07
604,23318,0.99995216009712595,-4.7841047238740627e-05,4.7841047238740627e-05,0.99996177569490208,-3.8225035665247307e-05,3.8225035665247307e-05,9.6160115734933207e-06
605,4455,0.99999803388677022,-1.9661151625476431e-06,1.9661151625476431e-06,0.99999698644571533,-3.0135588254102332e-06,3.0135588254102332e-06,-1.0474436628625901e-06
606,323,0.97022565974546604,-0.030226595628092653,0.030226595628092653,0.97910480178030346,-0.021116592354387034,0.021116592354387034,0.0091100032737056191
607,11230,0.34118698377064144,-1.0753246124784435,1.0753246124784435,0.42871323662217314,-0.84696702966598469,0.84696702966598469,0.22835758281245877
608,5361,0.71887299693965823,-0.33007057533407508,0.33007057533407508,0.69966597476191461,-0.35715223673637053,0.35715223673637053,-0.027081661402295454
609,59284,0.99942891113789079,-0.00057125199546544526,0.00057125199546544526,0.99948160745492032,-0.00051852695694914878,0.00051852695694914878,5.2725038516296483e-05
610,13,0.96235876332351489,-0.038367962991617884,0.038367962991617884,0.96264288908717688,-0.038072767644258626,0.038072767644258626,0.00029519534735925751
611,1283,0.0043777159944225806,-5.4312281530632136,5.4312281530632136,0.005445831375712991,-5.2129048481711893,5.2129048481711893,0.21832330489202434
612,374,0.77536313735488027,-0.25442379504189794,0.25442379504189794,0.87259852147196282,-0.13627971268787165,0.13627971268787165,0.11814408235402629
613,13882,0.92972046437724065,-0.072871313955287717,0.072871313955287717,0.91213321385190127,-0.091969231754603822,0.091969231754603822,-0.019097917799316105
614,27458,0.78752972187470138,-0.23885416693144979,0.23885416693144979,0.74981180899938737,-0.28793302527195613,0.28793302527195613,-0.049078858340506348
615,439,0.99999963016716031,-3.6983290807744659e-07,3.6983290807744659e-07,0.9999997204909068,-2.7950913230097544e-07,2.7950913230097544e-07,9.0323775776471145e-08
616,832,0.99999650299242715,-3.4970136873973321e-06,3.4970136873973321e-06,0.99999659956155007,-3.4004442313855284e-06,3.4004442313855284e-06,9.6569456011803625e-08
617,315,0.99999847454103197,-1.5254601315450286e-06,1.5254601315450286e-06,0.99999807338873781,-1.9266131180813493e-06,1.9266131180813493e-06,-4.0115298653632072e-07
618,279,0.99999996453583584,-3.5464164753283981e-08,3.5464164753283981e-08,0.9999999574557652,-4.2544235673117667e-08,4.2544235673117667e-08,-7.0800709198336857e-09
619,12474,0.98711715163341462,-0.012966551928262531,0.012966551928262531,0.98511832513071029,-0.014993517988468678,0.014993517988468678,-0.0020269660602061472
620,6721,0.93069020045786832,-0.071828817062764935,0.071828817062764935,0.92928546792726097,-0.073339302196056375,0.073339302196056375,-0.0015104851332914393
621,98930,0.99880650756833678,-0.0011942052109429817,0.0011942052109429817,0.99885164779364022,-0.0011490120679720644,0.0011490120679720644,4.5193142970917236e-05
622,315,0.99622006530631135,-0.0037870967004747296,0.0037870967004747296,0.99783548033967828,-0.0021668656188619374,0.0021668656188619374,0.0016202310816127922
623,682,0.99999988066706091,-1.1933294617651507e-07,1.1933294617651507e-07,0.99999992418572514,-7.5814277757289905e-08,7.5814277757289905e-08,4.3518668419225161e-08
624,892,0.99998142695365888,-1.8573218822324179e-05,1.8573218822324179e-05,0.99998329419209464,-1.6705947448883397e-05,1.6705947448883397e-05,1.8672713734407825e-06
625,13,0.95724425886370434,-0.043696686173453021,0.043696686173453021,0.96108845098298223,-0.039688833682299592,0.039688833682299592,0.0040078524911534297
626,4815,0.00099683378572739453,-6.9109265163166818,6.9109265163166818,0.0013896072317264715,-6.5787341388724005,6.5787341388724005,0.33219237744428121
627,24641,0.48520325867675168,-0.72318738578320474,0.72318738578320474,0.44325196792929378,-0.81361689426487516,0.81361689426487516,-0.090429508481670418
628,52757,0.99985616706229552,-0.00014384328265344034,0.00014384328265344034,0.99982761741737591,-0.00017239744220924535,0.00017239744220924535,-2.8554159555805008e-05
629,596,0.72526952310875126,-0.32121193719953667,0.32121193719953667,0.71320652360584602,-0.33798424608343397,0.33798424608343397,-0.016772308883897302
630,53881,0.48494971906818607,-0.72371006544332828,0.72371006544332828,0.38408697406864295,-0.95688625707009922,0.95688625707009922,-0.23317619162677095
631,304,0.5867503039620986,-0.53315592620751051,0.53315592620751051,0.58618780826442141,-0.53411504883288119,0.53411504883288119,-0.00095912262537067861
632,2225,0.83300226790442022,-0.18271891424466652,0.18271891424466652,0.65201535767710339,-0.4276871626134085,0.4276871626134085,-0.24496824836874198
633,6721,0.86600782174142421,-0.14386133842651333,0.14386133842651333,0.9167796729383656,-0.086888105018805298,0.086888105018805298,0.056973233407708032
634,36540,0.99999372829251443,-6.2717271527860371e-06,6.2717271527860371e-06,0.99999294839212105,-7.0516327416859421e-06,7.0516327416859421e-06,-7.7990558889990504e-07
635,323,0.99999844791651538,-1.5520846891017331e-06,1.5520846891017331e-06,0.99999793265921566,-2.0673429212993832e-06,2.0673429212993832e-06,-5.1525823219765012e-07
636,9709,0.62556489119175662,-0.46910021154361448,0.46910021154361448,0.80042837969521663,-0.22260822001056388,0.22260822001056388,0.2464919915330506
637,37959,0.99998325168951718,-1.674845073734766e-05,1.674845073734766e-05,0.99998147394390668,-1.8526227702817344e-05,1.8526227702817344e-05,-1.7777769654696844e-06
638,19071,0.99999561009126026,-4.3899183754001658e-06,4.3899183754001658e-06,0.99999532220054121,-4.6778103997540123e-06,4.6778103997540123e-06,-2.8789202435384643e-07
639,617,0.7213586698856661,-0.3266188036902864,0.3266188036902864,0.70255734765210631,-0.35302824743760403,0.35302824743760403,-0.026409443747317629
640,1903,0.38958963577468664,-0.9426613097886325,0.9426613097886325,0.42280829784824625,-0.86083639923671496,0.86083639923671496,0.08182491055191754
641,1461,0.99999729596817943,-2.7040354764768154e-06,2.7040354764768154e-06,0.99999690190234791,-3.0981024511745541e-06,3.0981024511745541e-06,-3.9406697469773875e-07
642,264,0.91605778881429822,-0.087675828072768733,0.087675828072768733,0.94680601666374797,-0.054661046626812905,0.054661046626812905,0.033014781445955828
643,28812,0.62723588821528786,-0.46643259185191793,0.46643259185191793,0.64981021751567014,-0.43107493177769984,0.43107493177769984,0.035357660074218089
644,7216,0.98934894101358717,-0.01070818753028485,0.01070818753028485,0.98905666353953992,-0.011003655229629246,0.011003655229629246,-0.00029546769934439554
645,304,0.99999286621801697,-7.1338074285418254e-06,7.1338074285418254e-06,0.99999118551930277,-8.8145195449750846e-06,8.8145195449750846e-06,-1.6807121164332592e-06
646,279,0.98917529090163281,-0.010883722517018071,0.010883722517018071,0.98742887549013458,-0.012650809620888865,0.012650809620888865,-0.0017670871038707944
647,10034,0.4799901256344985,-0.73398974688659335,0.73398974688659335,0.50794511076411009,-0.67738188691839063,0.67738188691839063,0.056607859968202723
648,1917,0.87439856999796395,-0.13421897753061041,0.13421897753061041,0.91328768698922602,-0.090704347266082758,0.090704347266082758,0.043514630264527648
649,13,0.90306473924923225,-0.10196103461426485,0.10196103461426485,0.93519925013611782,-0.06699567064654402,0.06699567064654402,0.034965363967720833
650,5414,0.89082666733792581,-0.11560540765508547,0.11560540765508547,0.85841000786423183,-0.15267342899149564,0.15267342899149564,-0.03706802133641017
651,5845,0.32132047624717042,-1.1353162855191199,1.1353162855191199,0.29600928598640996,-1.217364453574445,1.217364453574445,-0.08204816805532511
652,311,0.99999967473291174,-3.2526714116852854e-07,3.2526714116852854e-07,0.99999959587010723,-4.041299744258867e-07,4.041299744258867e-07,-7.8862833257358162e-08
653,25555,0.29083983391708984,-1.2349825622460711,1.2349825622460711,0.33331029430869835,-1.0986814081307097,1.0986814081307097,0.13630115411536137
654,304,0.99998356161958013,-1.6438515531575489e-05,1.6438515531575489e-05,0.99998727827615763,-1.2721804764182586e-05,1.2721804764182586e-05,3.7167107673929023e-06
655,5361,0.47457588765910247,-0.74533374187773327,0.74533374187773327,0.57907806413467267,-0.54631798470341442,0.54631798470341442,0.19901575717431885
656,49255,0.88498381635696477,-0.12218592074370913,0.12218592074370913,0.89981304093137149,-0.10556826953564494,0.10556826953564494,0.016617651208064188
657,706,0.74077256787131673,-0.30006162674709946,0.30006162674709946,0.73532148144389553,-0.30744748567671493,0.30744748567671493,-0.0073858589296154631
658,15662,0.85757821386529964,-0.15364289259683586,0.15364289259683586,0.85095956471344714,-0.16139066656296402,0.16139066656296402,-0.007747773966128163
659,1461,0.99999868746156328,-1.3125392980681798e-06,1.3125392980681798e-06,0.99999828452604589,-1.715475425550786e-06,1.715475425550786e-06,-4.0293612748260619e-07
660,264,0.67338319219298914,-0.39544073218503012,0.39544073218503012,0.70854737564078696,-0.34453835456288867,0.34453835456288867,0.050902377622141448
661,17444,0.90331356583741196,-0.10168553685274621,0.10168553685274621,0.89659604941520088,-0.10914985345475585,0.10914985345475585,-0.0074643166020096352
662,439,0.99999941137566928,-5.8862450398298948e-07,5.8862450398298948e-07,0.99999936652461241,-6.3347558829020822e-07,6.3347558829020822e-07,-4.485108430721874e-08
663,832,0.72166469718976745,-0.32619465628467731,0.32619465628467731,0.72015851055600322,-0.32828393765226815,0.32828393765226815,-0.002089281367590845
664,315,0.99999904783611893,-9.521643343734046e-07,9.521643343734046e-07,0.99999864871694999,-1.3512839630098663e-06,1.3512839630098663e-06,-3.9911962863646169e-07
665,279,0.99999982673117849,-1.7326883647778238e-07,1.7326883647778238e-07,0.99999975004246366,-2.4995756760188182e-07,2.4995756760188182e-07,-7.6688731124099442e-08
666,1455,0.97220309202336097,-0.028190553936258189,0.028190553936258189,0.97612305413496248,-0.024166620460152808,0.024166620460152808,0.0040239334761053812
667,33045,0.61805196123799133,-0.48118274538581868,0.48118274538581868,0.61687489710594046,-0.48308903559328564,0.48308903559328564,-0.0019062902074669652
668,323,0.97369127261742805,-0.026660994150024271,0.026660994150024271,0.96626369638663856,-0.034318504395312248,0.034318504395312248,-0.0076575102452879767
669,25462,0.59408216525056357,-0.52073764384791033,0.52073764384791033,0.52037616933463859,-0.65320332636956824,0.65320332636956824,-0.13246568252165791
670,23579,0.9997434400709666,-0.000256592846162286,0.000256592846162286,0.99972275358247642,-0.00027728485741662602,0.00027728485741662602,-2.0692011254340014e-05
671,304,0.71792064510974929,-0.33139623817320213,0.33139623817320213,0.74898359787004709,-0.28903819440957479,0.28903819440957479,0.04235804376362734
672,3925,0.57793058056741309,-0.54830152034722612,0.54830152034722612,0.56139865825125379,-0.5773240050621028,0.5773240050621028,-0.029022484714876673
673,13,0.99950338276549722,-0.00049674058968342705,0.00049674058968342705,0.99939532638881734,-0.00060485649999975468,0.00060485649999975468,-0.00010811591031632763
674,11876,0.022758458742337319,-3.7828183898404544,3.7828183898404544,0.025880082711988772,-3.6542816133735254,3.6542816133735254,0.12853677646692896
675,52757,0.99999351518186186,-6.4848391646654142e-06,6.4848391646654142e-06,0.99999335963664948,-6.6403853978384934e-06,6.6403853978384934e-06,-1.5554623317307925e-07
676,596,0.95547157031532914,-0.045550269469913772,0.045550269469913772,0.94792155096393671,-0.053483532299009276,0.053483532299009276,-0.007933262829095504
677,20160,0.4139278593297831,-0.88206357316722117,0.88206357316722117,0.42469061470055203,-0.85639434056366681,0.85639434056366681,0.025669232603554359
678,9731,0.9976884914593771,-0.0023141842004918713,0.0023141842004918713,0.99804049225897273,-0.0019614300879671575,0.0019614300879671575,0.00035275411252471377
679,311,0.99999997407057495,-2.592942538149588e-08,2.592942538149588e-08,0.99999995309465439,-4.690534672797434e-08,4.690534672797434e-08,-2.097592134647846e-08
680,31740,0.41354546453623209,-0.88298782005166609,0.88298782005166609,0.47702714190110707,-0.7401818884524286,0.7401818884524286,0.14280593159923749
681,323,0.48686734922397673,-0.71976357652633871,0.71976357652633871,0.49318171179542464,-0.7068775890862169,0.7068775890862169,0.012885987440121816
682,10383,0.60400032284127636,-0.50418054654204048,0.50418054654204048,0.60904910324512018,-0.49585638522027553,0.49585638522027553,0.0083241613217649446
683,502,0.9046431089272392,-0.10021476783703596,0.10021476783703596,0.9047767071690781,-0.10006709813551812,0.10006709813551812,0.00014766970151784686
684,22540,0.99982940826479183,-0.00017060628763324715,0.00017060628763324715,0.99983074452026099,-0.00016926980506419429,0.00016926980506419429,1.3364825690528621e-06
685,315,0.99999983929138569,-1.6070862725973605e-07,1.6070862725973605e-07,0.99999985015168913,-1.4984832207008177e-07,1.4984832207008177e-07,1.0860305189654277e-08
686,23579,0.62982893987186928,-0.46230702047878341,0.46230702047878341,0.5932285401778451,-0.52217555764064383,0.52217555764064383,-0.059868537161860413
687,323,0.9918738916255968,-0.0081593051558025657,0.0081593051558025657,0.99177450916878884,-0.0082595068415965284,0.0082595068415965284,-0.0001002016857939627
688,7359,0.93522376515345518,-0.066969457306418984,0.066969457306418984,0.93678650318935286,-0.06529987415793212,0.06529987415793212,0.001669583148486864
689,27083,0.94569573784934668,-0.055834391844732961,0.055834391844732961,0.95043058820504855,-0.050840146332484244,0.050840146332484244,0.004994245512248717
690,13,0.99945836485048567,-0.00054178188681973827,0.00054178188681973827,0.99950477372076385,-0.00049534894426963422,0.00049534894426963422,4.6432942550104052e-05
691,4815,0.023854307051350897,-3.7357904887968716,3.7357904887968716,0.024741647908583478,-3.6992673051583336,3.6992673051583336,0.036523183638538015
692,644,0.25015685390952602,-1.3856671422246893,1.3856671422246893,0.22344656067096735,-1.498582995661311,1.498582995661311,-0.11291585343662169
693,17102,0.3389022071186093,-1.0820436877948549,1.0820436877948549,0.38856778385721213,-0.94528764857063119,0.94528764857063119,0.13675603922422375
694,11,0.99980637312543763,-0.00019364562266579541,0.00019364562266579541,0.99979003050642601,-0.00020999154025426827,0.00020999154025426827,-1.6345917588472862e-05
695,48677,0.99998139166287536,-1.8608510261910018e-05,1.8608510261910018e-05,0.99998221161266054,-1.7788545554667031e-05,1.7788545554667031e-05,8.1996470724298725e-07
696,11876,0.99998479132422047,-1.5208791432584123e-05,1.5208791432584123e-05,0.99998300342886759,-1.6996715575779625e-05,1.6996715575779625e-05,-1.7879241431955014e-06
697,52757,0.99998723538517087,-1.2764696297489385e-05,1.2764696297489385e-05,0.99999442359491053,-5.5764206376653815e-06,5.5764206376653815e-06,7.1882756598240031e-06
698,374,0.99545882330217161,-0.0045515191639174564,0.0045515191639174564,0.99496602291091707,-0.0050466902348187135,0.0050466902348187135,-0.00049517107090125707
699,264,0.99345270320327095,-0.0065688243607496541,0.0065688243607496541,0.9932697362216526,-0.0067530141383500119,0.0067530141383500119,-0.00018418977760035777
700,7701,0.61435129064970961,-0.48718837983295193,0.48718837983295193,0.60689992798553549,-0.49939136479985757,0.49939136479985757,-0.012202984966905639
701,27332,0.98079435281605309,-0.019392471549175051,0.019392471549175051,0.98149972840133115,-0.0186735419836105,0.0186735419836105,0.00071892956556455015
702,6721,0.78753834317964733,-0.23884321971572331,0.23884321971572331,0.78921440291169076,-0.23671725498539289,0.23671725498539289,0.0021259647303304152
703,83162,0.99990856825025987,-9.1435929877354934e-05,9.1435929877354934e-05,0.99990584463611076,-9.4159796783755176e-05,9.4159796783755176e-05,-2.7238669064002429e-06
704,11,0.49332402703063105,-0.70658906519711506,0.70658906519711506,0.69435123422071188,-0.36477734531875988,0.36477734531875988,0.34181171987835518
705,9709,0.9999636893924434,-3.6311266802652547e-05,3.6311266802652547e-05,0.99998586072826412,-1.4139371696349877e-05,1.4139371696349877e-05,2.2171895106302672e-05
706,37959,0.99999229775046705,-7.7022791954200097e-06,7.7022791954200097e-06,0.99999315247250431,-6.847550940097013e-06,6.847550940097013e-06,8.5472825532299669e-07
707,10255,0.99998218527031246,-1.7814888371712526e-05,1.7814888371712526e-05,0.99998323577968395,-1.6764360837107068e-05,1.6764360837107068e-05,1.050527534605458e-06
708,11,0.99997139448377692,-2.86059253686788e-05,2.86059253686788e-05,0.99998030210932631,-1.9698084679652183e-05,1.9698084679652183e-05,8.9078406890266174e-06
709,323,0.99999820595798694,-1.7940436224094538e-06,1.7940436224094538e-06,0.9999983477808907,-1.6522204742042823e-06,1.6522204742042823e-06,1.4182314820517146e-07
710,4846,0.97897115552107894,-0.021253100091927799,0.021253100091927799,0.98384387046545385,-0.016288062745183088,0.016288062745183088,0.0049650373467447113
711,19077,0.94424991827064675,-0.057364403944356934,0.057364403944356934,0.99270575825215723,-0.0073209748067724935,0.0073209748067724935,0.050043429137584444
712,83162,0.99987718166734918,-0.00012282587543987995,0.00012282587543987995,0.99992366286832646,-7.6340045500692628e-05,7.6340045500692628e-05,4.648582993918732e-05
713,323,0.99870248910203052,-0.0012983533940787672,0.0012983533940787672,0.9997411454383629,-0.00025888807026188651,0.00025888807026188651,0.0010394653238168807
714,6721,0.99481994086086023,-0.0051935221584316574,0.0051935221584316574,0.99878471241476596,-0.0012160266460330949,0.0012160266460330949,0.0039774955123985621
715,3778,0.93503342040433879,-0.067173006584286724,0.067173006584286724,0.98723579774080639,-0.012846364595423015,0.012846364595423015,0.054326641988863708
716,9141,0.99999263594331,-7.3640838047958506e-06,7.3640838047958506e-06,0.99999074137265964,-9.2586702017233507e-06,9.2586702017233507e-06,-1.8945863969275e-06
717,2851,0.99999650519913208,-3.4948069747498182e-06,3.4948069747498182e-06,0.99999684420689505,-3.1557980844450978e-06,3.1557980844450978e-06,3.3900889030472043e-07
718,13,0.99930832052676277,-0.00069191879384583219,0.00069191879384583219,0.99951900615496037,-0.00048110955968599982,0.00048110955968599982,0.00021080923415983237
719,5414,0.58394237891650702,-0.53795296726060138,0.53795296726060138,0.61604914330102889,-0.48442854054463375,0.48442854054463375,0.053524426715967632
720,16358,0.56461042980981313,-0.57161929041482062,0.57161929041482062,0.62894144233187577,-0.46371712306714807,0.46371712306714807,0.10790216734767255
721,7076,0.6091941632535437,-0.49561823900909069,0.49561823900909069,0.61502527779866334,-0.48609190990864021,0.48609190990864021,0.0095263291004504813
722,706,0.8973645167002009,-0.10829312633765149,0.10829312633765149,0.89468020503394963,-0.11128893736994412,0.11128893736994412,-0.0029958110322926279
723,1027,0.77116703792333696,-0.25985027788121595,0.25985027788121595,0.72201849043213517,-0.32570453040043401,0.32570453040043401,-0.065854252519218059
724,13160,0.99991898047219829,-8.102281006096847e-05,8.102281006096847e-05,0.99993092490308033,-6.9077482714014163e-05,6.9077482714014163e-05,1.1945327346954307e-05
725,555,0.99999965130730939,-3.486927513865382e-07,3.486927513865382e-07,0.99999964241654249,-3.5758352147561008e-07,3.5758352147561008e-07,-8.8907700890718766e-09
726,12387,0.99247052149203829,-0.0075579681293506257,0.0075579681293506257,0.99283434263443593,-0.007191453995381192,0.007191453995381192,0.00036651413396943371
727,59284,0.97730812293717595,-0.022953300061148492,0.022953300061148492,0.97712516923697812,-0.023140519242754495,0.023140519242754495,-0.00018721918160600343
728,11,0.99054502066649397,-0.009499961411552748,0.009499961411552748,0.99044519375612317,-0.0096007462712946988,0.0096007462712946988,-0.00010078485974195084
729,2737,0.48820432204458064,-0.71702126804202138,0.71702126804202138,0.49751693032883582,-0.69812569215079423,0.69812569215079423,0.018895575891227145
730,3116,0.99571710602584473,-0.0042920918362589775,0.0042920918362589775,0.9966308702498401,-0.0033748180477987571,0.0033748180477987571,0.00091727378846022042
731,34538,0.99997942841236387,-2.0571799234138693e-05,2.0571799234138693e-05,0.99997403782357908,-2.5962513444102474e-05,2.5962513444102474e-05,-5.3907142099637813e-06
732,4435,0.99999037450587114,-9.625540454196875e-06,9.625540454196875e-06,0.9999926423309845,-7.3576960832789959e-06,7.3576960832789959e-06,2.2678443709178791e-06
733,29201,0.99998769486474237,-1.2305210966420962e-05,1.2305210966420962e-05,0.99998542570021376,-1.4574405992378987e-05,1.4574405992378987e-05,-2.2691950259580259e-06
734,4870,0.99999832765967167,-1.672341726727808e-06,1.672341726727808e-06,0.99999790835450564,-2.09164768181034e-06,2.09164768181034e-06,-4.1930595508253198e-07
735,48854,0.99997600390499197,-2.3996382918914579e-05,2.3996382918914579e-05,0.99997849613609535,-2.1504095116034995e-05,2.1504095116034995e-05,2.4922878028795838e-06
736,11,0.99402153752510747,-0.0059964050300113187,0.0059964050300113187,0.99510799519747761,-0.004904009826442365,0.004904009826442365,0.0010923952035689537
737,264,0.99993548346521299,-6.451861606811393e-05,6.451861606811393e-05,0.99995680402087739,-4.3196912095835489e-05,4.3196912095835489e-05,2.1321703972278442e-05
738,28395,0.99998711780295058,-1.2882280025638649e-05,1.2882280025638649e-05,0.99998498181621109,-1.501829656297185e-05,1.501829656297185e-05,-2.1360165373332004e-06
739,29201,0.99997643961430183,-2.3560663248418482e-05,2.3560663248418482e-05,0.99997929170284794,-2.0708511571761277e-05,2.0708511571761277e-05,2.8521516766572053e-06
740,4870,0.99999948862034349,-5.1137978721212652e-07,5.1137978721212652e-07,0.99999967419691593,-3.2580313713040677e-07,3.2580313713040677e-07,1.8557665008171975e-07
741,19134,0.99992925033002455,-7.0752172851373856e-05,7.0752172851373856e-05,0.99992451025625906,-7.5492593235027876e-05,7.5492593235027876e-05,-4.7404203836540199e-06
742,11,0.99996731587100496,-3.2684663132856828e-05,3.2684663132856828e-05,0.99997372709728682,-2.6273247851984857e-05,2.6273247851984857e-05,6.4114152808719701e-06
743,323,0.9995546763153984,-0.00044542287064132336,0.00044542287064132336,0.99973634721241444,-0.00026368755009209327,0.00026368755009209327,0.0001817353205492301
744,459,0.99979090737360143,-0.00020911448930935748,0.00020911448930935748,0.99983184835585692,-0.00016816578321577635,0.00016816578321577635,4.0948706093581135e-05
745,34260,0.99804388528652288,-0.001958030404478442,0.001958030404478442,0.99548307156435223,-0.004527160580430541,0.004527160580430541,-0.002569130175952099
746,14829,0.9999691899513462,-3.0810523293062553e-05,3.0810523293062553e-05,0.99998619968068492,-1.3800414540356238e-05,1.3800414540356238e-05,1.7010108752706315e-05
747,358,0.99995938435970144,-4.0616465136038036e-05,4.0616465136038036e-05,0.99996920143381407,-3.079904047149428e-05,3.079904047149428e-05,9.8174246645437553e-06
748,29201,0.99987209783213116,-0.00012791034804864721,0.00012791034804864721,0.99991133395676157,-8.866997430437626e-05,8.866997430437626e-05,3.9240373744270948e-05
749,4870,0.99999947366070996,-5.2633942852522335e-07,5.2633942852522335e-07,0.99999964702982025,-3.5297024202413106e-07,3.5297024202413106e-07,1.7336918650109229e-07
750,62668,0.99996634894490455,-3.3651621304884934e-05,3.3651621304884934e-05,0.99996158766404364,-3.8413073729024296e-05,3.8413073729024296e-05,-4.7614524241393618e-06
751,19134,0.99992259638405012,-7.740661176431737e-05,7.740661176431737e-05,0.99977741960153088,-0.00022260517316231515,0.00022260517316231515,-0.00014519856139799778
752,13,0.99956895040864024,-0.00043114251994039518,0.00043114251994039518,0.99958822136644032,-0.00041186343766229919,0.00041186343766229919,1.9279082278095988e-05
753,11876,0.96670054819546292,-0.033866502432537762,0.033866502432537762,0.96572589489769756,-0.034875237728926742,0.034875237728926742,-0.0010087352963889795
754,52757,0.99998837241736971,-1.162765023119824e-05,1.162765023119824e-05,0.99998668792574452,-1.3312162861933153e-05,1.3312162861933153e-05,-1.6845126307349137e-06
755,596,0.94273748541355384,-0.05896741748648112,0.05896741748648112,0.92675085560306192,-0.076070513722089061,0.076070513722089061,-0.017103096235607941
756,5845,0.738607570018882,-0.30298852747067512,0.30298852747067512,0.76794702187899311,-0.26403453014222195,0.26403453014222195,0.038953997328453172
757,311,0.99999896156522194,-1.0384353172411356e-06,1.0384353172411356e-06,0.99999861947605062,-1.3805249022630559e-06,1.3805249022630559e-06,-3.4208958502192025e-07
758,25555,0.9886549162546816,-0.01140993013289507,0.01140993013289507,0.98703196450555553,-0.013052854555774809,0.013052854555774809,-0.0016429244228797386
759,304,0.99999973782077867,-2.6217925568691321e-07,2.6217925568691321e-07,0.99999976258119982,-2.3741882839072603e-07,2.3741882839072603e-07,2.4760427296187177e-08
760,5361,0.99941371326385764,-0.00058645866941559673,0.00058645866941559673,0.99944833925813514,-0.00055181296263734846,0.00055181296263734846,3.4645706778248264e-05
761,49255,0.99933641455780187,-0.0006638057124684723,0.0006638057124684723,0.99923905258234991,-0.00076123708509338482,0.00076123708509338482,-9.7431372624912516e-05
762,706,0.99159215291727132,-0.0084433924090180825,0.0084433924090180825,0.9936851870875133,-0.0063348356814144939,0.0063348356814144939,0.0021085567276035886
763,1903,0.44375862139130223,-0.81247450989380043,0.81247450989380043,0.5029739824218239,-0.68721683502767905,0.68721683502767905,0.12525767486612138
764,1461,0.99999818578145638,-1.8142201892852553e-06,1.8142201892852553e-06,0.99999784947697989,-2.1505253324695366e-06,2.1505253324695366e-06,-3.3630514318428132e-07
765,264,0.99898684567982365,-0.0010136679079396796,0.0010136679079396796,0.99920503592975829,-0.00079528022174199281,0.00079528022174199281,0.00021838768619768679
766,28812,0.97891678248968128,-0.021308642628715607,0.021308642628715607,0.9770495883099396,-0.02321787253655214,0.02321787253655214,-0.0019092299078365335
767,7216,0.99999573514733697,-4.2648617574973639e-06,4.2648617574973639e-06,0.99999508265648429,-4.9173556059315867e-06,4.9173556059315867e-06,-6.5249384843422278e-07
768,304,0.99998416795157108,-1.5832173757113397e-05,1.5832173757113397e-05,0.99998996099017545,-1.0039060215729179e-05,1.0039060215729179e-05,5.7931135413842179e-06
769,279,0.99995434097883251,-4.5660063572329936e-05,4.5660063572329936e-05,0.99995248431657568,-4.751681233017149e-05,4.751681233017149e-05,-1.8567487578415536e-06
770,10034,0.99999354560380904,-6.4544170206173124e-06,6.4544170206173124e-06,0.99999330221062188,-6.6978118083975245e-06,6.6978118083975245e-06,-2.4339478778021212e-07
771,1917,0.99999936186122507,-6.3813897855232321e-07,6.3813897855232321e-07,0.99999924495910719,-7.550411778639511e-07,7.550411778639511e-07,-1.169021993116279e-07
772,11,0.98626707762294574,-0.013828091257954915,0.013828091257954915,0.98654677274087121,-0.013544541829560684,0.013544541829560684,0.00028354942839423081
773,323,0.99958100601586675,-0.00041908178663929295,0.00041908178663929295,0.99955452064753825,-0.00044557860786708785,0.00044557860786708785,-2.6496821227794899e-05
774,813,0.99768530808600286,-0.0023173749543997008,0.0023173749543997008,0.99789889041828939,-0.0021033200092241962,0.0021033200092241962,0.00021405494517550468
775,20160,0.99979441761338628,-0.00020560352156928849,0.00020560352156928849,0.99980191950034258,-0.00019810012019061429,0.00019810012019061429,7.5034013786742066e-06
776,9731,0.99856225294429957,-0.0014387816057316199,0.0014387816057316199,0.99871741323013719,-0.0012834099882485612,0.0012834099882485612,0.00015537161748305868
777,311,0.99999959810193595,-4.0189814482715616e-07,4.0189814482715616e-07,0.99999961912658308,-3.8087348949022672e-07,3.8087348949022672e-07,2.1024655336929441e-08
778,31740,0.99885128366854881,-0.0011493766117545723,0.0011493766117545723,0.99911083059259032,-0.0008895649530159947,0.0008895649530159947,0.00025981165873857756
779,323,0.99997122770026925,-2.8772713661361308e-05,2.8772713661361308e-05,0.99996949226921072,-3.0508196159558906e-05,3.0508196159558906e-05,-1.7354824981975979e-06
780,10383,0.99998292728590166,-1.7072859838746731e-05,1.7072859838746731e-05,0.99998129195295538,-1.8708222042333529e-05,1.8708222042333529e-05,-1.6353622035867989e-06
781,502,0.99998077877326463,-1.9221411465536117e-05,1.9221411465536117e-05,0.99998604575403494,-1.395434332644425e-05,1.395434332644425e-05,5.2670681390918663e-06
782,22540,0.99999748116739218,-2.5188357800339191e-06,2.5188357800339191e-06,0.99999734435045096,-2.6556530752637067e-06,2.6556530752637067e-06,-1.3681729522978761e-07
783,315,0.99997561680351377,-2.4383493761171422e-05,2.4383493761171422e-05,0.99998104138424504,-1.895879547178723e-05,1.895879547178723e-05,5.4246982893841921e-06
784,23579,0.99999935806560969,-6.4193459638552395e-07,6.4193459638552395e-07,0.99999933490761528,-6.6509260586050496e-07,6.6509260586050496e-07,-2.3158009474981012e-08
785,323,0.99998825425965476,-1.1745809327033154e-05,1.1745809327033154e-05,0.99999043110983221,-9.5689359499082648e-06,9.5689359499082648e-06,2.1768733771248897e-06
786,7359,0.99999577604938727,-4.2239595336345549e-06,4.2239595336345549e-06,0.99999600975463743,-3.990253323653967e-06,3.990253323653967e-06,2.3370620998058797e-07
787,27083,0.83092022777940744,-0.18522148418652382,0.18522148418652382,0.87037397127216309,-0.13883230765645896,0.13883230765645896,0.046389176530064857
788,13,0.99993121991222356,-6.8782453235174943e-05,6.8782453235174943e-05,0.99991961618712133,-8.0387043830556549e-05,8.0387043830556549e-05,-1.1604590595381607e-05
789,4815,0.030079878394156594,-3.5038988226561236,3.5038988226561236,0.024345618478906449,-3.7154033849091723,3.7154033849091723,-0.2115045622530487
790,32812,0.18059214101176155,-1.7115141549385613,1.7115141549385613,0.18097672708753726,-1.7093868356102462,1.7093868356102462,0.0021273193283151137
791,1473,0.38644129749637995,-0.95077530477615257,0.95077530477615257,0.40318990161747731,-0.90834760813019833,0.90834760813019833,0.042427696645954249
792,9,0.82493029036902787,-0.19245639273987872,0.19245639273987872,0.83732478928086918,-0.17754324399852967,0.17754324399852967,0.014913148741349053
793,48677,0.36696692788652063,-1.0024835497387699,1.0024835497387699,0.41729364147121256,-0.87396512880910027,0.87396512880910027,0.12851842092966959
794,11876,0.99482729770428491,-0.0051861270350327055,0.0051861270350327055,0.99866638268233898,-0.0013345073766560568,0.0013345073766560568,0.0038516196583766489
795,52757,0.99998934562616271,-1.0654430595508627e-05,1.0654430595508627e-05,0.99998942802196167,-1.0572033922112448e-05,1.0572033922112448e-05,8.2396673396178854e-08
796,596,0.51636966733715606,-0.66093236043127901,0.66093236043127901,0.56489440728088303,-0.57111645507011366,0.57111645507011366,0.089815905361165349
797,27685,0.45560326838271403,-0.78613287363608375,0.78613287363608375,0.41005890912432608,-0.89145444881384062,0.89145444881384062,-0.10532157517775687
798,2199,0.97398293161108873,-0.026361499506405185,0.026361499506405185,0.97095129940432723,-0.029478967042001689,0.029478967042001689,-0.0031174675355965034
799,198,0.99458500067156808,-0.0054297135797753233,0.0054297135797753233,0.99300695661360527,-0.007017609308326362,0.007017609308326362,-0.0015878957285510387
800,9,0.99999808894763997,-1.9110541860397358e-06,1.9110541860397358e-06,0.99999653065862226,-3.4693473959168408e-06,3.4693473959168408e-06,-1.558293209877105e-06
801,27290,0.7140585756315514,-0.3367902813078909,0.3367902813078909,0.75125941588726175,-0.28600425958429432,0.28600425958429432,0.050786021723596586
802,916,0.99958557752831034,-0.00041450836841466055,0.00041450836841466055,0.99934840637351052,-0.00065180600587820602,0.00065180600587820602,-0.00023729763746354547
803,4652,0.99647802273571351,-0.0035281940273692233,0.0035281940273692233,0.99609717826983091,-0.0039104576130327374,0.0039104576130327374,-0.00038226358566351409
804,389,0.41261249591950633,-0.88524639300740504,0.88524639300740504,0.45793187743306762,-0.78103484515983823,0.78103484515983823,0.10421154784756681
805,48677,0.9934824912444763,-0.0065388404525771335,0.0065388404525771335,0.99329055397187993,-0.0067320555494455349,0.0067320555494455349,-0.00019321509686840137
806,11876,0.9999967478123194,-3.2521929689788273e-06,3.2521929689788273e-06,0.9999954057984205,-4.5942121328740113e-06,4.5942121328740113e-06,-1.342019163895184e-06
807,52757,0.99998968312516567,-1.0316928053609804e-05,1.0316928053609804e-05,0.99998864210461069,-1.1357959890689754e-05,1.1357959890689754e-05,-1.0410318370799498e-06
808,198,0.64438983174811626,-0.43945140721393761,0.43945140721393761,0.70994552266144484,-0.34256704053642134,0.34256704053642134,0.096884366677516265
809,9,0.99999791500090329,-2.0850012702801787e-06,2.0850012702801787e-06,0.99999734518593841,-2.6548175855842432e-06,2.6548175855842432e-06,-5.6981631530406453e-07
810,34538,0.88066302309461642,-0.12708021986500964,0.12708021986500964,0.79427011113002988,-0.23033168524652708,0.23033168524652708,-0.10325146538151744
811,916,0.96164457782013613,-0.039110358309659518,0.039110358309659518,0.96290459786307092,-0.037800939731128261,0.037800939731128261,0.0013094185785312573
812,4652,0.88870633039987135,-0.11798843504953942,0.11798843504953942,0.9136584477253501,-0.090298466945728531,0.090298466945728531,0.027689968103810886
813,389,0.99999997161951681,-2.8380483560193884e-08,2.8380483560193884e-08,0.99999996174882144,-3.8251179269648926e-08,3.8251179269648926e-08,-9.8706957094550418e-09
814,48677,0.9999996807518674,-3.1924818355519492e-07,3.1924818355519492e-07,0.99999969934233279,-3.0065771238172451e-07,3.0065771238172451e-07,1.8590471173470413e-08
815,11876,0.99999473228057167,-5.267733302819575e-06,5.267733302819575e-06,0.9999927955067085,-7.2045192440373873e-06,7.2045192440373873e-06,-1.9367859412178124e-06
816,52757,0.9999968530281742,-3.1469767774707411e-06,3.1469767774707411e-06,0.99999626793034113,-3.7320766230756517e-06,3.7320766230756517e-06,-5.8509984560491058e-07
817,198,0.9821676289794663,-0.017993283587115137,0.017993283587115137,0.98066989776954361,-0.019519371691901946,0.019519371691901946,-0.0015260881047868095
818,9,0.99999610663363914,-3.8933739399920165e-06,3.8933739399920165e-06,0.99999555121216932,-4.4487977265993691e-06,4.4487977265993691e-06,-5.5542378660735259e-07
819,28395,0.99600046712353052,-0.004007552398120195,0.004007552398120195,0.99497411348409259,-0.0050385587608837478,0.0050385587608837478,-0.0010310063627635528
820,916,0.99996444859190381,-3.5552040062427037e-05,3.5552040062427037e-05,0.99997314709613194,-2.6853264413773546e-05,2.6853264413773546e-05,8.6987756486534912e-06
821,4652,0.99999325913616677,-6.7408865529464548e-06,6.7408865529464548e-06,0.99999115966890884,-8.8403701671283661e-06,8.8403701671283661e-06,-2.0994836141819114e-06
822,389,0.99999992934680948,-7.0653193020420061e-08,7.0653193020420061e-08,0.99999990381436354,-9.6185641044649006e-08,9.6185641044649006e-08,-2.5532448024228944e-08
823,48677,0.99999972973826745,-2.702617690809196e-07,2.702617690809196e-07,0.9999997312695097,-2.6873052636129253e-07,2.6873052636129253e-07,1.5312427196270622e-09
824,11876,0.99999040137789519,-9.5986681718601399e-06,9.5986681718601399e-06,0.99998923508199711,-1.0764975945077142e-05,1.0764975945077142e-05,-1.1663077732170025e-06
825,52757,0.99998638766749826,-1.3612425150375098e-05,1.3612425150375098e-05,0.99997509868691958,-2.4901623123293437e-05,2.4901623123293437e-05,-1.1289197972918339e-05
826,198,0.61178173494701027,-0.49137970232522815,0.49137970232522815,0.61030712798278108,-0.49379296002622186,0.49379296002622186,-0.0024132577009937095
827,9,0.99995026201319881,-4.9739223775836151e-05,4.9739223775836151e-05,0.99994523893093601,-5.4762568506039379e-05,5.4762568506039379e-05,-5.0233447302032279e-06
828,27816,0.12801142624072603,-2.0556357515409545,2.0556357515409545,0.48650641163258884,-0.72050519834201887,0.72050519834201887,1.3351305531989355
829,69223,0.99995033339276007,-4.9667840666664845e-05,4.9667840666664845e-05,0.99999529381637542,-4.7061946987125368e-06,4.7061946987125368e-06,4.4961645967952311e-05
830,916,0.98824625222505147,-0.01182336914741651,0.01182336914741651,0.97571240603069431,-0.024587401943744043,0.024587401943744043,-0.012764032796327533
831,4652,0.99999398580891541,-6.0142091699320739e-06,6.0142091699320739e-06,0.99999138703830459,-8.6129987871986194e-06,8.6129987871986194e-06,-2.5987896172665455e-06
832,389,0.99999987607237251,-1.2392763513540676e-07,1.2392763513540676e-07,0.99999983861137742,-1.6138863564418006e-07,1.6138863564418006e-07,-3.7461000508773298e-08
833,48677,0.99999967839390513,-3.2160614662383487e-07,3.2160614662383487e-07,0.99999965538187463,-3.4461818478268804e-07,3.4461818478268804e-07,-2.3012038158853168e-08
834,11876,0.99999149866869064,-8.5013674459347534e-06,8.5013674459347534e-06,0.99998972276193243,-1.0277290878766598e-05,1.0277290878766598e-05,-1.7759234328318445e-06
835,52757,0.99998665837867617,-1.3341710324093158e-05,1.3341710324093158e-05,0.99998537122183706,-1.4628885164535908e-05,1.4628885164535908e-05,-1.2871748404427504e-06
836,198,0.25999884882142077,-1.3470780755863314,1.3470780755863314,0.48121296034333749,-0.73144536186247844,0.73144536186247844,0.61563271372385298
837,9,0.99978070311212774,-0.00021932093695071597,0.00021932093695071597,0.99992917072130894,-7.083178720283078e-05,7.083178720283078e-05,0.00014848914974788517
838,358,0.00029248766535223096,-8.1370880619174937,8.1370880619174937,0.57278984662234522,-0.5572363893616169,0.5572363893616169,7.5798516725558764
839,37432,0.016927127889812748,-4.0788377434298928,4.0788377434298928,0.99945890552433647,-0.0005412409201085639,0.0005412409201085639,4.0782965025097839
840,916,0.91884218721757827,-0.084640893660137842,0.084640893660137842,0.9927028363953101,-0.0073239181372839364,0.0073239181372839364,0.077316975522853909
841,4652,0.99909880578470156,-0.00090160053493890178,0.00090160053493890178,0.99998088880183744,-1.9111380783791268e-05,1.9111380783791268e-05,0.00088248915415511052
842,389,0.99997265690041437,-2.7343473414939089e-05,2.7343473414939089e-05,0.99999897233761681,-1.0276629111890613e-06,1.0276629111890613e-06,2.6315810503750027e-05
843,48677,0.99956223502454178,-0.00043786082251844657,0.00043786082251844657,0.99999923770210031,-7.6229819023379082e-07,7.6229819023379082e-07,0.00043709852432821276
844,11876,0.99994926173746213,-5.0739549767092836e-05,5.0739549767092836e-05,0.9999864223378141,-1.3577754363199915e-05,1.3577754363199915e-05,3.7161795403892923e-05
845,52757,0.99997734463124333,-2.2655625393364847e-05,2.2655625393364847e-05,0.99998214767941995,-1.7852479934636711e-05,1.7852479934636711e-05,4.8031454587281359e-06
846,198,0.44134153696343259,-0.81793624304032986,0.81793624304032986,0.45140587308834929,-0.79538840385403464,0.79538840385403464,0.022547839186295215
847,9,0.999358804357389,-0.00064140129645134784,0.00064140129645134784,0.99985851783390123,-0.00014149217564460919,0.00014149217564460919,0.00049990912080673862
848,16905,0.045376506767011313,-3.0927607799619867,3.0927607799619867,0.94590222358515252,-0.055616073004434177,0.055616073004434177,3.0371447069575526
849,596,0.99786692965974144,-0.0021353485751301883,0.0021353485751301883,0.99983907575807707,-0.00016093719161809202,0.00016093719161809202,0.0019744113835120963
850,916,0.60609622495338111,-0.50071651846636811,0.50071651846636811,0.63326718913320024,-0.45686284616050105,0.45686284616050105,0.043853672305867064
851,4652,0.99936991915757267,-0.00063027942678179987,0.00063027942678179987,0.99993729754173022,-6.2704424151135372e-05,6.2704424151135372e-05,0.00056757500263066453
852,389,0.99996933788264741,-3.0662587444903267e-05,3.0662587444903267e-05,0.99999800169499675,-1.9983069998813476e-06,1.9983069998813476e-06,2.866428044502192e-05
853,48677,0.99997615252670946,-2.3847757646025461e-05,2.3847757646025461e-05,0.99999910678170201,-8.9321869687893044e-07,8.9321869687893044e-07,2.2954538949146529e-05
854,11876,0.99994437379366796,-5.562775352678764e-05,5.562775352678764e-05,0.99998448994800293,-1.5510172279182181e-05,1.5510172279182181e-05,4.0117581247605462e-05
855,52757,0.99997791987866635,-2.2080365103151368e-05,2.2080365103151368e-05,0.99996774268109145,-3.2257839187044419e-05,3.2257839187044419e-05,-1.0177474083893051e-05
856,198,0.54960907569748862,-0.59854802493252235,0.59854802493252235,0.62503483683487704,-0.46994789186328906,0.46994789186328906,0.12860013306923329
857,9,0.9995567721331251,-0.00044332612137976081,0.00044332612137976081,0.99984848352813427,-0.00015152795164599325,0.00015152795164599325,0.00029179816973376753
858,426,0.036277640818794921,-3.3165536828948952,3.3165536828948952,0.43685596318590708,-0.82815174191135965,0.82815174191135965,2.4884019409835356
859,2191,0.16132637937739086,-1.8243257648952786,1.8243257648952786,0.99566147918290437,-0.0043479595084013455,0.0043479595084013455,1.8199778053868774
860,277,0.99567573581774393,-0.0043336408538486304,0.0043336408538486304,0.9999992969387852,-7.0306146192531526e-07,7.0306146192531526e-07,0.0043329377923867051
861,377,0.99998866556211474,-1.1334502120446296e-05,1.1334502120446296e-05,0.99999980380409415,-1.961959251332739e-07,1.961959251332739e-07,1.1138306195313022e-05
862,3314,0.99120504676995524,-0.0088338571043439472,0.0088338571043439472,0.99866546590825267,-0.0013354253754222596,0.0013354253754222596,0.0074984317289216876
863,9304,0.94479453325140905,-0.056787800259448844,0.056787800259448844,0.99995654291476577,-4.345802952066505e-05,4.345802952066505e-05,0.056744342229928177
864,3997,0.33548147400343808,-1.0921885431607876,1.0921885431607876,0.45047570891338917,-0.79745112366854021,0.79745112366854021,0.29473741949224741
865,198,0.96120521961469729,-0.039567344823812751,0.039567344823812751,0.98964376545518573,-0.010410233482434245,0.010410233482434245,0.029157111341378508
866,9,0.99999802351242251,-1.976489530778062e-06,1.976489530778062e-06,0.99999927134930089,-7.2865096455357151e-07,7.2865096455357151e-07,1.2478385662244905e-06
867,3907,0.99976233684718319,-0.00023769139917938182,0.00023769139917938182,0.99993646431539707,-6.3537703080028155e-05,6.3537703080028155e-05,0.00017415369609935367
868,315,0.99999468935137237,-5.3106627291444399e-06,5.3106627291444399e-06,0.9999993657271582,-6.3427304299769729e-07,6.3427304299769729e-07,4.6763896861467424e-06
869,19461,0.99988608998977013,-0.00011391649846777775,0.00011391649846777775,0.99999660293238457,-3.3970733854712302e-06,3.3970733854712302e-06,0.00011051942508230653
870,3997,0.98767199959188312,-0.012404620571971194,0.012404620571971194,0.99760374680287878,-0.0023991288065242219,0.0023991288065242219,0.010005491765446971
871,198,0.53010639654994829,-0.63467754437574508,0.63467754437574508,0.35386237449374724,-1.0388472140565621,1.0388472140565621,-0.40416966968081702
872,9,0.99979833124591821,-0.00020168909195931713,0.00020168909195931713,0.99988175737604135,-0.00011824961516887946,0.00011824961516887946,8.3439476790437669e-05
873,14689,0.0058311535905366755,-5.1445404267465946,5.1445404267465946,0.54851379820931623,-0.60054284332197805,0.60054284332197805,4.5439975834246162
874,13345,0.99885073032770832,-0.0011499305891111808,0.0011499305891111808,0.9999758414598916,-2.4158831930597635e-05,2.4158831930597635e-05,0.0011257717571805832
875,62668,0.99999717559073054,-2.8244132580906516e-06,2.8244132580906516e-06,0.99999925262246447,-7.4737781479234101e-07,7.4737781479234101e-07,2.0770354432983107e-06
876,3997,0.90477302819917027,-0.10007116430715836,0.10007116430715836,0.75100536370296322,-0.2863424851623308,0.2863424851623308,-0.18627132085517245
877,198,0.94932421508606901,-0.052004900059800123,0.052004900059800123,0.96315411444423982,-0.037541844220726303,0.037541844220726303,0.01446305583907382
878,9,0.99998145340100597,-1.8546770984340134e-05,1.8546770984340134e-05,0.99998899108044903,-1.1008980149533104e-05,1.1008980149533104e-05,7.5377908348070298e-06
879,1561,0.96807222772171486,-0.032448579074156922,0.032448579074156922,0.9955898952931771,-0.0044198579042298621,0.0044198579042298621,0.028028721169927058
880,6457,0.99979898222508934,-0.00020103798169157037,0.00020103798169157037,0.99992557286464079,-7.4429905195927873e-05,7.4429905195927873e-05,0.00012660807649564251
881,1322,0.99999653474440187,-3.4652616021693337e-06,3.4652616021693337e-06,0.99999943346502274,-5.6653513774874735e-07,5.6653513774874735e-07,2.8987264644205863e-06
882,62668,0.99768982808754259,-0.0023128444764381651,0.0023128444764381651,0.9995680620496632,-0.00043203126240430237,0.00043203126240430237,0.0018808132140338627
883,3997,0.99967167803246804,-0.00032837587698926121,0.00032837587698926121,0.99968038846301188,-0.0003196626236409018,0.0003196626236409018,8.7132533483594179e-06
884,198,0.98488056807646451,-0.015234895845298951,0.015234895845298951,0.99867670238703055,-0.0013241739444392472,0.0013241739444392472,0.013910721900859704
885,9,0.9999938531267939,-6.1468920982544634e-06,6.1468920982544634e-06,0.99999875010663597,-1.2498941451071689e-06,1.2498941451071689e-06,4.8969979531472943e-06
886,763,6.8788640274720972e-07,-14.189642124931634,14.189642124931634,0.7948493042633421,-0.22960273668124154,0.22960273668124154,13.960039388250392
887,39291,0.99726097841103234,-0.0027427795723003346,0.0027427795723003346,0.99997020144228543,-2.9799001700372096e-05,2.9799001700372096e-05,0.0027129805705999625
888,82917,0.99345569017257684,-0.0065658177105026245,0.0065658177105026245,0.99998644818795646,-1.3551903870171924e-05,1.3551903870171924e-05,0.0065522658066324525
889,28331,0.92014766441329154,-0.083221117021511859,0.083221117021511859,0.99994378161105357,-5.6219969259275615e-05,5.6219969259275615e-05,0.083164897052252579
890,3997,0.99623991949688817,-0.0037671673761932346,0.0037671673761932346,0.99999155784926774,-8.4421863674468129e-06,8.4421863674468129e-06,0.003758725189825788
891,198,0.98801690994135261,-0.012055466055479056,0.012055466055479056,0.98566141520105643,-0.014442375643153055,0.014442375643153055,-0.0023869095876739993
892,9,0.99998594800625618,-1.4052092473980025e-05,1.4052092473980025e-05,0.99999636644416179,-3.6335624395878892e-06,3.6335624395878892e-06,1.0418530034392137e-05
893,29950,0.022499660712654773,-3.794255049323024,3.794255049323024,0.96787747076175634,-0.032649779509032015,0.032649779509032015,3.7616052698139919
894,50417,0.99976813279204979,-0.00023189409330726614,0.00023189409330726614,0.99999044084733568,-9.5591983532740958e-06,9.5591983532740958e-06,0.00022233489495399205
895,19134,0.99982926590480403,-0.00017074867192074552,0.00017074867192074552,0.99997253411531706,-2.7466261877264158e-05,2.7466261877264158e-05,0.00014328241004348138
896,3997,0.99975519360887488,-0.00024483636110097493,0.00024483636110097493,0.99986119231179971,-0.0001388173228790454,0.0001388173228790454,0.00010601903822192953
897,198,0.74939378961937453,-0.28849067979409898,0.28849067979409898,0.92168182054860059,-0.081555212004093741,0.081555212004093741,0.20693546779000524
898,9,0.99978871405630032,-0.00021130826771926023,0.00021130826771926023,0.99998428298336661,-1.5717140147001997e-05,1.5717140147001997e-05,0.00019559112757225824
899,5165,0.033105553740059718,-3.4080542239649825,3.4080542239649825,0.64787963588871267,-0.43405034696830863,0.43405034696830863,2.9740038769966737
900,21424,0.99949400569162061,-0.00050612236669912746,0.00050612236669912746,0.99995091992379526,-4.9081280671114435e-05,4.9081280671114435e-05,0.00045704108602801305
901,9130,0.9999756840458548,-2.4316249782831157e-05,2.4316249782831157e-05,0.9999936926456795,-6.3073742119287205e-06,6.3073742119287205e-06,1.8008875570902437e-05
902,3997,0.99981020881411686,-0.00018980919850939505,0.00018980919850939505,0.99995083286091768,-4.9168347825693975e-05,4.9168347825693975e-05,0.00014064085068370109
903,198,0.4816137383569799,-0.73061285890565264,0.73061285890565264,0.55971469728285583,-0.58032809421419662,0.58032809421419662,0.15028476469145602
904,9,0.99959736165481805,-0.00040271942576528507,0.00040271942576528507,0.99992770996942637,-7.2292643623838353e-05,7.2292643623838353e-05,0.0003304267821414467
905,7043,0.13025528840239775,-2.0382589972351024,2.0382589972351024,0.59471166774706163,-0.51967858291091218,0.51967858291091218,1.5185804143241901
906,28653,0.99866749893905504,-0.0013333896299174332,0.0013333896299174332,0.99951495640315546,-0.00048516126854208685,0.00048516126854208685,0.00084822836137534645
907,1543,0.99999870202419483,-1.2979766475614907e-06,1.2979766475614907e-06,0.99999977928678041,-2.2071324397133975e-07,2.2071324397133975e-07,1.0772634035901509e-06
908,596,0.99775011328068575,-0.002252421517158161,0.002252421517158161,0.99974636156181351,-0.00025367060985523614,0.00025367060985523614,0.0019987509073029247
909,27685,0.724398391684133,-0.32241377317946673,0.32241377317946673,0.66189760444912915,-0.41264441106742145,0.41264441106742145,-0.090230637887954712
910,2199,0.99998332922194,-1.6670917018957617e-05,1.6670917018957617e-05,0.99999684956771262,-3.1504372500300516e-06,3.1504372500300516e-06,1.3520479768927564e-05
911,198,0.58160862494387322,-0.54195752318937274,0.54195752318937274,0.61269130101001812,-0.48989405714792611,0.48989405714792611,0.052063466041446627
912,9,0.99979772568923664,-0.00020229477097086931,0.00020229477097086931,0.99989661557077558,-0.00010338977376288613,0.00010338977376288613,9.8904997207983181e-05
913,578,0.66791380434369529,-0.40359614918490633,0.40359614918490633,0.82426128656216058,-0.19326770399434021,0.19326770399434021,0.21032844519056612
914,99773,0.99837609134545546,-0.0016252286234030931,0.0016252286234030931,0.99515836989144935,-0.004853388769013936,0.004853388769013936,-0.0032281601456108427
915,4506,0.99999742838631389,-2.5716169927643755e-06,2.5716169927643755e-06,0.99999804713280749,-1.9528690993887646e-06,1.9528690993887646e-06,6.1874789337561092e-07
916,596,0.99998951686020909,-1.0483194739453156e-05,1.0483194739453156e-05,0.99999859078381703,-1.4092171758771203e-06,1.4092171758771203e-06,9.0739775635760365e-06
917,27685,0.99900925064538304,-0.00099124047116789116,0.00099124047116789116,0.99971679523531698,-0.00028324487472550436,0.00028324487472550436,0.0007079955964423868
918,2199,0.99997896838751188,-2.1031833655611542e-05,2.1031833655611542e-05,0.99999508996837316,-4.9100436810456728e-06,4.9100436810456728e-06,1.6121789974565869e-05
919,198,0.69667652212959585,-0.36143407619394624,0.36143407619394624,0.84654117290848918,-0.16659643959770395,0.16659643959770395,0.19483763659624229
920,9,0.99984239409299658,-0.00015761832811953327,0.00015761832811953327,0.99997917605268172,-2.082416413965735e-05,2.082416413965735e-05,0.00013679416397987593
921,578,0.12587194526913936,-2.0724901962089701,2.0724901962089701,0.49821336052546839,-0.69672685891936614,0.69672685891936614,1.3757633372896039
922,9305,0.98632958110134294,-0.013764719480311716,0.013764719480311716,0.9994612788039644,-0.00053886635843614929,0.00053886635843614929,0.013225853121875566
923,596,0.99998705743692018,-1.2942646835521171e-05,1.2942646835521171e-05,0.99999748072601713,-2.5192771563011561e-06,2.5192771563011561e-06,1.0423369679220014e-05
924,27685,0.99992317799721953,-7.6824953741639818e-05,7.6824953741639818e-05,0.99997646476863278,-2.3535508325105245e-05,2.3535508325105245e-05,5.3289445416534572e-05
925,2199,0.99998085162020145,-1.9148563131119301e-05,1.9148563131119301e-05,0.9999945900517444,-5.4099628894206834e-06,5.4099628894206834e-06,1.3738600241698618e-05
926,198,0.7567300590395738,-0.27874868221762106,0.27874868221762106,0.99874072019177329,-0.0012600733673230541,0.0012600733673230541,0.27748860885029802
927,9,0.9998849134547475,-0.00011509316821709953,0.00011509316821709953,0.99998258917282579,-1.7410978744421431e-05,1.7410978744421431e-05,9.7682189472678098e-05
928,44023,0.00016886485863796283,-8.6864118159640373,8.6864118159640373,0.94777884428580161,-0.053634090561023917,0.053634090561023917,8.6327777254030131
929,37337,0.99595753470732085,-0.0040506581424951038,0.0040506581424951038,0.99997415340426077,-2.5846929768291098e-05,2.5846929768291098e-05,0.0040248112127268124
930,596,0.99975323591584075,-0.00024679453542546741,0.00024679453542546741,0.99999919427600281,-8.0572432173961985e-07,8.0572432173961985e-07,0.00024598881110372779
931,27685,0.99703609277892569,-0.0029683082924780659,0.0029683082924780659,0.99996661610402449,-3.3384453230151025e-05,3.3384453230151025e-05,0.002934923839247915
932,2199,0.99995117605646267,-4.8825135464869276e-05,4.8825135464869276e-05,0.9999973361850798,-2.6638184681126091e-06,2.6638184681126091e-06,4.6161316996756665e-05
933,198,0.95825703528967765,-0.042639232938167737,0.042639232938167737,0.99178112855922373,-0.0082528325741254849,0.0082528325741254849,0.034386400364042252
934,9,0.99965656541175996,-0.00034349357540411444,0.00034349357540411444,0.99999444748780142,-5.55252761383145e-06,5.55252761383145e-06,0.00033794104779028298
935,37940,0.10469786422156593,-2.2566765603436427,2.2566765603436427,0.8663441072771173,-0.14347309682931347,0.14347309682931347,2.1132034635143291
936,783,0.99999583597022546,-4.1640384441659248e-06,4.1640384441659248e-06,0.99999987469057727,-1.2530943053006657e-07,1.2530943053006657e-07,4.0387290136358584e-06
937,30411,0.99987720680292402,-0.00012280073677786059,0.00012280073677786059,0.99999834947098476,-1.6505303773794548e-06,1.6505303773794548e-06,0.00012115020640048114
938,596,0.99997425526784367,-2.5745063557589684e-05,2.5745063557589684e-05,0.99999946991091127,-5.3008922923510237e-07,5.3008922923510237e-07,2.5214974328354582e-05
939,27685,0.99555926140272533,-0.0044506279651779666,0.0044506279651779666,0.99971419272414253,-0.0002858481265407385,0.0002858481265407385,0.0041647798386372278
940,2199,0.99999876122320885,-1.2387775584109518e-06,1.2387775584109518e-06,0.99999782251183389,-2.1774905368059729e-06,2.1774905368059729e-06,-9.3871297839502109e-07
941,198,0.89893986887976907,-0.10653913342186927,0.10653913342186927,0.99347769193308366,-0.0065436712603943433,0.0065436712603943433,0.099995462161474924
942,9,0.9999093945057147,-9.0609599211066846e-05,9.0609599211066846e-05,0.99999227001369995,-7.7300161766038633e-06,7.7300161766038633e-06,8.2879583034462984e-05
943,3468,0.0056380178391824166,-5.1782227221975958,5.1782227221975958,0.56127484945528439,-0.5775445657070658,0.5775445657070658,4.6006781564905301
944,6354,0.99850142782632045,-0.0014996961560122357,0.0014996961560122357,0.9997102912333482,-0.00028975074034349167,0.00028975074034349167,0.001209945415668744
945,2689,0.99999060966043507,-9.3903836544918527e-06,9.3903836544918527e-06,0.99999894171654047,-1.0582840195421068e-06,1.0582840195421068e-06,8.3320996349497462e-06
946,13818,0.99996800368700178,-3.1996824891180824e-05,3.1996824891180824e-05,0.99999615148947529,-3.8485179301932354e-06,3.8485179301932354e-06,2.8148306960987589e-05
947,596,0.999959595396268,-4.0405420019970536e-05,4.0405420019970536e-05,0.9999984426229287,-1.5573782839830194e-06,1.5573782839830194e-06,3.8848041735987514e-05
948,27685,0.99372344238812027,-0.0062963380115902716,0.0062963380115902716,0.99948210945780835,-0.00051802469381776242,0.00051802469381776242,0.005778313317772509
949,2199,0.99995842003178148,-4.1580832689350833e-05,4.1580832689350833e-05,0.9999970866595026,-2.9133447411524182e-06,2.9133447411524182e-06,3.8667487948198415e-05
950,198,0.99492190790213553,-0.0050910294240822081,0.0050910294240822081,0.99972793825617456,-0.00027209875933547137,0.00027209875933547137,0.0048189306647467367
951,9,0.99996420067522618,-3.5799965584980713e-05,3.5799965584980713e-05,0.9999919320092534,-8.0680232930509746e-06,8.0680232930509746e-06,2.7731942291929739e-05
952,9454,0.041608931398079793,-3.1794404376898111,3.1794404376898111,0.98178453861115444,-0.018383405484676953,0.018383405484676953,3.1610570322051341
953,14603,0.99994466508958013,-5.5336441452529107e-05,5.5336441452529107e-05,0.99999566264105377,-4.3373683525604391e-06,4.3373683525604391e-06,5.0999073099968669e-05
954,596,0.99998400535574272,-1.5994772172915747e-05,1.5994772172915747e-05,0.9999983484137317,-1.6515876321384298e-06,1.6515876321384298e-06,1.4343184540777317e-05
955,27685,0.99995781178814858,-4.2189101799075116e-05,4.2189101799075116e-05,0.99999495284267914,-5.0471700578308612e-06,5.0471700578308612e-06,3.7141931741244254e-05
956,2199,0.99999208936684059,-7.9106644486340941e-06,7.9106644486340941e-06,0.99999888859818453,-1.1114024330940959e-06,1.1114024330940959e-06,6.7992620155399981e-06
957,198,0.99910129346011645,-0.00089911061872300821,0.00089911061872300821,0.99996085427732584,-3.9146488887979641e-05,3.9146488887979641e-05,0.00085996412983502853
958,9,0.99995943776655738,-4.0563056112249854e-05,4.0563056112249854e-05,0.99999444071163801,-5.5593038148646266e-06,5.5593038148646266e-06,3.5003752297385225e-05
959,48562,3.3629547642893516e-06,-12.602690576295908,12.602690576295908,0.55315493834444485,-0.59211713886422712,0.59211713886422712,12.010573437431681
960,473,0.046726198145510933,-3.0634502834757278,3.0634502834757278,0.99999959093997515,-4.0906010849848186e-07,4.0906010849848186e-07,3.0634498744156193
961,14782,0.99236419602867809,-0.0076651059807025827,0.0076651059807025827,0.99999651483782526,-3.4851682479324598e-06,3.4851682479324598e-06,0.0076616208124546505
962,596,0.99897264409637276,-0.0010278839954267701,0.0010278839954267701,0.99999830909612564,-1.6909053039390574e-06,1.6909053039390574e-06,0.0010261930901228312
963,27685,0.99943537508550551,-0.00056478437516804705,0.00056478437516804705,0.99999705224744928,-2.9477568953512277e-06,2.9477568953512277e-06,0.00056183661827269586
964,2199,0.99999439441880689,-5.6055969044788768e-06,5.6055969044788768e-06,0.99999997206050162,-2.7939498768383406e-08,2.7939498768383406e-08,5.5776574057104933e-06
965,198,0.99026373524812383,-0.0097839720909492431,0.0097839720909492431,0.99997133241865155,-2.8667992271441549e-05,2.8667992271441549e-05,0.0097553040986778014
966,9,0.99848617843130516,-0.0015149685542662243,0.0015149685542662243,0.99999291321596517,-7.086809146161184e-06,7.086809146161184e-06,0.0015078817451200631
967,46315,0.42946027454063346,-0.84522603417396236,0.84522603417396236,0.98893775908602122,-0.011123882518747691,0.011123882518747691,0.83410215165521462
968,72353,0.9991286750136259,-0.00087170481063965843,0.00087170481063965843,0.99999968968679587,-3.1031325224183571e-07,3.1031325224183571e-07,0.00087139449738741657
969,554,0.99999394491615323,-6.0551021788266837e-06,6.0551021788266837e-06,0.99999992677463623,-7.3225366420615505e-08,7.3225366420615505e-08,5.981876812406068e-06
970,596,0.99974110125182958,-0.00025893226823700245,0.00025893226823700245,0.99999860569325338,-1.3943077186800825e-06,1.3943077186800825e-06,0.00025753796051832239
971,27685,0.9998820439240742,-0.00011796303329085858,0.00011796303329085858,0.99999768538165146,-2.3146210272972073e-06,2.3146210272972073e-06,0.00011564841226356137
972,2199,0.99998861321116694,-1.138685366298584e-05,1.138685366298584e-05,0.99999025350091153,-9.7465465858533091e-06,9.7465465858533091e-06,1.6403070771325305e-06
973,198,0.98500736273153799,-0.015106162983631407,0.015106162983631407,0.99989395685511018,-0.00010604876786164959,0.00010604876786164959,0.015000114215769756
974,9,0.99986412746746178,-0.00013588176404693168,0.00013588176404693168,0.99999580833452151,-4.1916742635810701e-06,4.1916742635810701e-06,0.0001316900897833506
975,51075,0.1362307085356389,-1.9934054441926699,1.9934054441926699,0.96334979522394382,-0.037338698222013321,0.037338698222013321,1.9560667459706564
976,3341,0.99880464679129477,-0.0011960682131974575,0.0011960682131974575,0.99999899061566977,-1.0093848396531882e-06,1.0093848396531882e-06,0.0011950588283578044
977,7678,0.99999351089849031,-6.4891225640475113e-06,6.4891225640475113e-06,0.99999814195172543,-1.8580500007458006e-06,1.8580500007458006e-06,4.6310725633017107e-06
978,596,0.99982296250079794,-0.00017705317218997936,0.00017705317218997936,0.99999489535826547,-5.1046547632496044e-06,5.1046547632496044e-06,0.00017194851742672975
979,27685,0.99991192040771915,-8.80834715158787e-05,8.80834715158787e-05,0.99999741090242733,-2.5891009243603616e-06,2.5891009243603616e-06,8.5494370591518334e-05
980,2199,0.99999977690475261,-2.2309527223919015e-07,2.2309527223919015e-07,0.99999989258861288,-1.0741139289572161e-07,1.0741139289572161e-07,1.1568387934346854e-07
981,198,0.99698182045697192,-0.0030227434323100086,0.0030227434323100086,0.99995768874449831,-4.2312150648136697e-05,4.2312150648136697e-05,0.0029804312816618717
982,9,0.99983424832376977,-0.00016576541455744914,0.00016576541455744914,0.9999974658093288,-2.5341938822125895e-06,2.5341938822125895e-06,0.00016323122067523656
983,67188,0.3901030007701991,-0.9413444701889373,0.9413444701889373,0.97845435585283747,-0.021781140292943525,0.021781140292943525,0.91956332989599376
984,31298,0.99995914366863548,-4.085716600717569e-05,4.085716600717569e-05,0.99999863959117219,-1.3604097531947581e-06,1.3604097531947581e-06,3.9496756253980929e-05
985,300,0.99999968135493955,-3.1864511126670025e-07,3.1864511126670025e-07,0.99999993409775001,-6.5902252148795662e-08,6.5902252148795662e-08,2.5274285911790457e-07
986,42221,0.9999981176757915,-1.8823259800910859e-06,1.8823259800910859e-06,0.99999958097693276,-4.1902315498010776e-07,4.1902315498010776e-07,1.4633028251109781e-06
987,596,0.97978360952901444,-0.020423538301933053,0.020423538301933053,0.99307888732740734,-0.0069451746609994446,0.0069451746609994446,0.013478363640933608
988,27685,0.99997412010176889,-2.5880233121433293e-05,2.5880233121433293e-05,0.99999821392000232,-1.7860815927489303e-06,1.7860815927489303e-06,2.4094151528684362e-05
989,2199,0.99999284581329928,-7.1542122920065926e-06,7.1542122920065926e-06,0.99999907667918209,-9.2332124419286697e-07,9.2332124419286697e-07,6.2308910478137261e-06
990,198,0.99723349052086785,-0.0027703433390536877,0.0027703433390536877,0.9999376496198491,-6.2352324016635749e-05,6.2352324016635749e-05,0.0027079910150370518
991,9,0.9998425308658343,-0.00015748153373149049,0.00015748153373149049,0.99999406603457264,-5.933983033417057e-06,5.933983033417057e-06,0.00015154755069807344
992,362,0.98481538974159089,-0.015301076957808914,0.015301076957808914,0.99995869355776179,-4.1307295372799261e-05,4.1307295372799261e-05,0.015259769662436114
993,1638,0.99999013591623354,-9.864132416806272e-06,9.864132416806272e-06,0.99999993647253649,-6.3527465490836604e-08,6.3527465490836604e-08,9.8006049513154356e-06
994,1334,0.99999716327422872,-2.8367297947682027e-06,2.8367297947682027e-06,0.99999966481785707,-3.3518219911083458e-07,3.3518219911083458e-07,2.5015475956573684e-06
995,6193,0.99999314221511204,-6.8578084026287996e-06,6.8578084026287996e-06,0.99999845070511073,-1.5492960894116212e-06,1.5492960894116212e-06,5.3085123132171786e-06
996,68,0.99999248417901276,-7.5158492312070111e-06,7.5158492312070111e-06,0.99999973409351217,-2.6590652319660176e-07,2.6590652319660176e-07,7.2499427080104094e-06
997,336,0.9999823432145557,-1.7656941327203446e-05,1.7656941327203446e-05,0.99999978246629673,-2.1753372690785881e-07,2.1753372690785881e-07,1.7439407600295587e-05
998,596,0.99991633692395576,-8.3666575994601687e-05,8.3666575994601687e-05,0.99999650444109556,-3.4955650139518373e-06,3.4955650139518373e-06,8.017101098064985e-05
999,27685,0.99996855781761418,-3.1442676701627345e-05,3.1442676701627345e-05,0.99999723627051729,-2.7637333018221822e-06,2.7637333018221822e-06,2.8678943399805164e-05
1000,2199,0.99999038353402736,-9.6165122111967637e-06,9.6165122111967637e-06,0.99999838217589521,-1.6178254134642598e-06,1.6178254134642598e-06,7.9986867977325044e-06
1001,198,0.77106872898752798,-0.25997776673609974,0.25997776673609974,0.84085570258714504,-0.17333521210482389,0.17333521210482389,0.086642554631275848
1002,9,0.9996278419836383,-0.00037222728434259248,0.00037222728434259248,0.99993939365257456,-6.0608184064302089e-05,6.0608184064302089e-05,0.0003116191002782904
1003,28395,0.23283393324249091,-1.4574298123961018,1.4574298123961018,0.75256710518540171,-0.28426511000896321,0.28426511000896321,1.1731647023871385
1004,220,0.85955982716671608,-0.15133484963960581,0.15133484963960581,0.99978756608632224,-0.00021245648095764106,0.00021245648095764106,0.15112239315864817
1005,1041,0.99628160196051141,-0.0037253284668711307,0.0037253284668711307,0.99992295029706635,-7.7052671414452485e-05,7.7052671414452485e-05,0.0036482757954566783
1006,27685,0.73079281608987856,-0.31362528472654938,0.31362528472654938,0.83399240020110144,-0.18153098913361235,0.18153098913361235,0.13209429559293703
1007,2199,0.99383326570660724,-0.0061858271334337316,0.0061858271334337316,0.99751054610432954,-0.0024925577383387329,0.0024925577383387329,0.0036932693950949987
1008,198,0.99915761261558034,-0.00084274239205571011,0.00084274239205571011,0.99992488764761656,-7.5115173457466464e-05,7.5115173457466464e-05,0.00076762721859824367
1009,9,0.99999127767158702,-8.7223664527292695e-06,8.7223664527292695e-06,0.99999938129007671,-6.1871011469835892e-07,6.1871011469835892e-07,8.1036563380309114e-06
1010,28395,0.99554968575448122,-0.0044602463723051652,0.0044602463723051652,0.99969100309302705,-0.00030904465635371456,0.00030904465635371456,0.0041512017159514502
1011,220,0.99998706844546847,-1.2931638144764699e-05,1.2931638144764699e-05,0.99999970646294467,-2.9353709840048446e-07,2.9353709840048446e-07,1.2638101046364215e-05
1012,1049,0.99942649057421695,-0.00057367394521910982,0.00057367394521910982,0.99722271006370489,-0.0027811537616238692,0.0027811537616238692,-0.0022074798164047594
1013,27685,0.99991896493023191,-8.1038353286695355e-05,8.1038353286695355e-05,0.99999426022707061,-5.739789401971178e-06,5.739789401971178e-06,7.5298563884724175e-05
1014,2199,0.99998451053738524,-1.5489582577745089e-05,1.5489582577745089e-05,0.99999685934549187,-3.1406594400273898e-06,3.1406594400273898e-06,1.2348923137717699e-05
1015,198,0.95236064570894563,-0.048811486402356261,0.048811486402356261,0.99148327418385906,-0.0085532003689512155,0.0085532003689512155,0.040258286033405047
1016,9,0.99991270031996149,-8.730349087740139e-05,8.730349087740139e-05,0.99999491086649328,-5.0891464563853027e-06,5.0891464563853027e-06,8.221434442101609e-05
1017,99399,0.89906631164604967,-0.10639848566675196,0.10639848566675196,0.93878560985882276,-0.063168143351525541,0.063168143351525541,0.043230342315226419
1018,1692,0.99814247497586606,-0.0018592523631232377,0.0018592523631232377,0.99991503531528536,-8.4968294417889161e-05,8.4968294417889161e-05,0.0017742840687053486
1019,689,0.99999214122298019,-7.8588079001160642e-06,7.8588079001160642e-06,0.99999650019515585,-3.4998109684546762e-06,3.4998109684546762e-06,4.358996931661388e-06
1020,1630,5.0186733199508997e-05,-9.8997598450886546,9.8997598450886546,0.92488701561062558,-0.078083694215865002,0.078083694215865002,9.8216761508727899
1021,5511,0.23666963202788546,-1.4410900679980909,1.4410900679980909,0.99999732639941141,-2.6736041626756042e-06,2.6736041626756042e-06,1.4410873943939282
1022,27685,0.99025598411534344,-0.0097917994634359965,0.0097917994634359965,0.99988300727077983,-0.00011699957340337357,0.00011699957340337357,0.0096747998900326235
1023,2199,0.99991335042354323,-8.6653330748147564e-05,8.6653330748147564e-05,0.99999795995028817,-2.0400517927016535e-06,2.0400517927016535e-06,8.4613278955445912e-05
