token_index,token_id,probability,logprob,nll,reference_probability,reference_logprob,reference_nll,nll_drift
0,33,0.99418828014020888,-0.0058286736225805968,0.0058286736225805968,0.99418828014020888,-0.0058286736225805968,0.0058286736225805968,0
1,21161,0.99999475613849298,-5.2438752561085319e-06,5.2438752561085319e-06,0.99999475613849298,-5.2438752561085319e-06,5.2438752561085319e-06,0
2,11876,0.99967473592517342,-0.00032531698465915529,0.00032531698465915529,0.99967473592517342,-0.00032531698465915529,0.00032531698465915529,0
3,52757,0.99999856795547593,-1.4320455495007809e-06,1.4320455495007809e-06,0.99999856795547593,-1.4320455495007809e-06,1.4320455495007809e-06,0
4,374,0.99833174292366589,-0.0016696501667413032,0.0016696501667413032,0.99833174292366589,-0.0016696501667413032,0.0016696501667413032,0
5,264,0.94825204340102243,-0.05313494349742004,0.05313494349742004,0.94825204340102243,-0.05313494349742004,0.05313494349742004,0
6,6721,0.58549463806099078,-0.53529825386675856,0.53529825386675856,0.58549463806099078,-0.53529825386675856,0.53529825386675856,0
7,83162,0.99890946686129045,-0.0010911282026367776,0.0010911282026367776,0.99890946686129045,-0.0010911282026367776,0.0010911282026367776,0
8,11,0.99718378298534616,-0.0028201900147642386,0.0028201900147642386,0.99718378298534616,-0.0028201900147642386,0.0028201900147642386,0
9,9709,0.99992833449386354,-7.1668074231499385e-05,7.1668074231499385e-05,0.99992833449386354,-7.1668074231499385e-05,7.1668074231499385e-05,0
10,37959,0.99999492166899162,-5.0783439031615231e-06,5.0783439031615231e-06,0.99999492166899162,-5.0783439031615231e-06,5.0783439031615231e-06,0
11,10255,0.99995114631719528,-4.8854876184799489e-05,4.8854876184799489e-05,0.99995114631719528,-4.8854876184799489e-05,4.8854876184799489e-05,0
12,11,0.99976470220512059,-0.00023532548174868488,0.00023532548174868488,0.99976470220512059,-0.00023532548174868488,0.00023532548174868488,0
13,323,0.99999220304795378,-7.7969824426036352e-06,7.7969824426036352e-06,0.99999220304795378,-7.7969824426036352e-06,7.7969824426036352e-06,0
14,4846,0.99994099554645655,-5.9006194374740374e-05,5.9006194374740374e-05,0.99994099554645655,-5.9006194374740374e-05,5.9006194374740374e-05,0
15,19077,0.99960602170973312,-0.0003940559201037577,0.0003940559201037577,0.99960602170973312,-0.0003940559201037577,0.0003940559201037577,0
16,83162,0.99993173923773171,-6.8263092140127878e-05,6.8263092140127878e-05,0.99993173923773171,-6.8263092140127878e-05,6.8263092140127878e-05,0
17,323,0.99994727115600068,-5.273023421370637e-05,5.273023421370637e-05,0.99994727115600068,-5.273023421370637e-05,5.273023421370637e-05,0
18,6721,0.97089086375898637,-0.029541212724484883,0.029541212724484883,0.97089086375898637,-0.029541212724484883,0.029541212724484883,0
19,3778,0.87656654152419744,-0.1317426601901594,0.1317426601901594,0.87656654152419744,-0.1317426601901594,0.1317426601901594,0
20,9141,0.9999719533585113,-2.8047034803142123e-05,2.8047034803142123e-05,0.9999719533585113,-2.8047034803142123e-05,2.8047034803142123e-05,0
21,2851,0.99999694791996152,-3.0520846960792636e-06,3.0520846960792636e-06,0.99999694791996152,-3.0520846960792636e-06,3.0520846960792636e-06,0
22,13,0.99993631817347228,-6.3683854301294508e-05,6.3683854301294508e-05,0.99993631817347228,-6.3683854301294508e-05,6.3683854301294508e-05,0
23,1283,0.99007502956107585,-0.0099745512897938607,0.0099745512897938607,0.99007502956107585,-0.0099745512897938607,0.0099745512897938607,0
24,374,0.84692060005236891,-0.16614833128337761,0.16614833128337761,0.84692060005236891,-0.16614833128337761,0.16614833128337761,0
25,5131,0.91772193083008824,-0.085860841839914159,0.085860841839914159,0.91772193083008824,-0.085860841839914159,0.085860841839914159,0
26,8667,0.99997577399774418,-2.4226295710157761e-05,2.4226295710157761e-05,0.99997577399774418,-2.4226295710157761e-05,2.4226295710157761e-05,0
27,311,0.99981086808162267,-0.00018914980607410382,0.00018914980607410382,0.99981086808162267,-0.00018914980607410382,0.00018914980607410382,0
28,34538,0.99047337747917907,-0.0095722910652431964,0.0095722910652431964,0.99047337747917907,-0.0095722910652431964,0.0095722910652431964,0
29,389,0.99145517282213191,-0.0085815435197650475,0.0085815435197650475,0.99145517282213191,-0.0085815435197650475,0.0085815435197650475,0
30,279,0.99999955518283268,-4.4481726623267054e-07,4.4481726623267054e-07,0.99999955518283268,-4.4481726623267054e-07,4.4481726623267054e-07,0
31,23886,0.99999497690509997,-5.0231075157940812e-06,5.0231075157940812e-06,0.99999497690509997,-5.0231075157940812e-06,5.0231075157940812e-06,0
32,6883,0.99999856134681275,-1.4386542220610665e-06,1.4386542220610665e-06,0.99999856134681275,-1.4386542220610665e-06,1.4386542220610665e-06,0
33,323,0.82640783828492548,-0.19066687636577745,0.19066687636577745,0.82640783828492548,-0.19066687636577745,0.19066687636577745,0
34,706,0.70601858323058042,-0.34811371997896268,0.34811371997896268,0.70601858323058042,-0.34811371997896268,0.34811371997896268,0
35,2834,0.58047677285989696,-0.54390549094462348,0.54390549094462348,0.58047677285989696,-0.54390549094462348,0.54390549094462348,0
36,12387,0.74331451703789819,-0.29663601691840258,0.29663601691840258,0.74331451703789819,-0.29663601691840258,0.29663601691840258,0
37,59284,0.98758103243517481,-0.01249672741124461,0.01249672741124461,0.98758103243517481,-0.01249672741124461,0.01249672741124461,0
38,11,0.87183213409546423,-0.13715838037622086,0.13715838037622086,0.87183213409546423,-0.13715838037622086,0.13715838037622086,0
39,2737,0.99997743315678056,-2.2567097854528428e-05,2.2567097854528428e-05,0.99997743315678056,-2.2567097854528428e-05,2.2567097854528428e-05,0
40,3116,0.62122451779935217,-0.47606272003934175,0.47606272003934175,0.62122451779935217,-0.47606272003934175,0.47606272003934175,0
41,34538,0.96726892946018173,-0.033278715202542643,0.033278715202542643,0.96726892946018173,-0.033278715202542643,0.033278715202542643,0
42,4435,0.62332371808434084,-0.47268928345373223,0.47268928345373223,0.62332371808434084,-0.47268928345373223,0.47268928345373223,0
43,29201,0.99995739726386768,-4.2603643654637183e-05,4.2603643654637183e-05,0.99995739726386768,-4.2603643654637183e-05,4.2603643654637183e-05,0
44,4870,0.99999938349318629,-6.1650700369980807e-07,6.1650700369980807e-07,0.99999938349318629,-6.1650700369980807e-07,6.1650700369980807e-07,0
45,48854,0.98220534123741465,-0.017954887357351373,0.017954887357351373,0.98220534123741465,-0.017954887357351373,0.017954887357351373,0
46,11,0.94401500336556776,-0.057613219567206435,0.057613219567206435,0.94401500336556776,-0.057613219567206435,0.057613219567206435,0
47,264,0.59681581815867712,-0.51614672548626728,0.51614672548626728,0.59681581815867712,-0.51614672548626728,0.51614672548626728,0
48,28395,0.75810774346396981,-0.27692976166790279,0.27692976166790279,0.75810774346396981,-0.27692976166790279,0.27692976166790279,0
49,29201,0.99997512845979619,-2.4871849505736585e-05,2.4871849505736585e-05,0.99997512845979619,-2.4871849505736585e-05,2.4871849505736585e-05,0
50,4870,0.99999970757095058,-2.9242909214973284e-07,2.9242909214973284e-07,0.99999970757095058,-2.9242909214973284e-07,2.9242909214973284e-07,0
51,19134,0.99984335216724463,-0.00015666010330857356,0.00015666010330857356,0.99984335216724463,-0.00015666010330857356,0.00015666010330857356,0
52,11,0.99996213073554374,-3.7869981514933585e-05,3.7869981514933585e-05,0.99996213073554374,-3.7869981514933585e-05,3.7869981514933585e-05,0
53,323,0.99785830648599871,-0.0021439902193671543,0.0021439902193671543,0.99785830648599871,-0.0021439902193671543,0.0021439902193671543,0
54,459,0.99895019817132069,-0.0010503532565795189,0.0010503532565795189,0.99895019817132069,-0.0010503532565795189,0.0010503532565795189,0
55,34260,0.56537174847177096,-0.57027180230078511,0.57027180230078511,0.56537174847177096,-0.57027180230078511,0.57027180230078511,0
56,14829,0.99999512195562046,-4.8780562772157542e-06,4.8780562772157542e-06,0.99999512195562046,-4.8780562772157542e-06,4.8780562772157542e-06,0
57,358,0.99994256076565335,-5.744088404263168e-05,5.744088404263168e-05,0.99994256076565335,-5.744088404263168e-05,5.744088404263168e-05,0
58,29201,0.99996812116153599,-3.1879346604952466e-05,3.1879346604952466e-05,0.99996812116153599,-3.1879346604952466e-05,3.1879346604952466e-05,0
59,4870,0.99999885215068174,-1.1478499770941555e-06,1.1478499770941555e-06,0.99999885215068174,-1.1478499770941555e-06,1.1478499770941555e-06,0
60,62668,0.99999682983585991,-3.170169165056481e-06,3.170169165056481e-06,0.99999682983585991,-3.170169165056481e-06,3.170169165056481e-06,0
61,19134,0.99215195674159351,-0.0078790012292723442,0.0078790012292723442,0.99215195674159351,-0.0078790012292723442,0.0078790012292723442,0
62,13,0.79258120825730471,-0.232460307493359,0.232460307493359,0.79258120825730471,-0.232460307493359,0.232460307493359,0
63,11876,0.5295342792733716,-0.63575737708738522,0.63575737708738522,0.5295342792733716,-0.63575737708738522,0.63575737708738522,0
64,52757,0.99999749091237244,-2.5090907753045197e-06,2.5090907753045197e-06,0.99999749091237244,-2.5090907753045197e-06,2.5090907753045197e-06,0
65,706,0.98362653374739883,-0.016508992847586352,0.016508992847586352,0.98362653374739883,-0.016508992847586352,0.016508992847586352,0
66,1101,0.97534846456355617,-0.024960472283931289,0.024960472283931289,0.97534846456355617,-0.024960472283931289,0.024960472283931289,0
67,2834,0.45617203267708029,-0.78488527597144297,0.78488527597144297,0.45617203267708029,-0.78488527597144297,0.78488527597144297,0
68,279,0.77638300259314574,-0.25310932051690016,0.25310932051690016,0.77638300259314574,-0.25310932051690016,0.25310932051690016,0
69,75636,0.99818759578753691,-0.0018140486041464648,0.0018140486041464648,0.99818759578753691,-0.0018140486041464648,0.0018140486041464648,0
70,25434,0.99999749488801593,-2.5051151219178212e-06,2.5051151219178212e-06,0.99999749488801593,-2.5051151219178212e-06,2.5051151219178212e-06,0
71,29201,0.99999524282645358,-4.7571848617856425e-06,4.7571848617856425e-06,0.99999524282645358,-4.7571848617856425e-06,4.7571848617856425e-06,0
72,4870,0.9999999333474805,-6.6652521723275416e-08,6.6652521723275416e-08,0.9999999333474805,-6.6652521723275416e-08,6.6652521723275416e-08,0
73,19134,0.99999001279091715,-9.9872589553375837e-06,9.9872589553375837e-06,0.99999001279091715,-9.9872589553375837e-06,9.9872589553375837e-06,0
74,323,0.51929902328848643,-0.65527540895688219,0.65527540895688219,0.51929902328848643,-0.65527540895688219,0.65527540895688219,0
75,374,0.69456828722279096,-0.36446479588663661,0.36446479588663661,0.69456828722279096,-0.36446479588663661,0.36446479588663661,0
76,264,0.95504042608388007,-0.046001608419452486,0.046001608419452486,0.95504042608388007,-0.046001608419452486,0.046001608419452486,0
77,4330,0.97194519014517466,-0.028455864851134945,0.028455864851134945,0.97194519014517466,-0.028455864851134945,0.028455864851134945,0
78,7394,0.99996935458818625,-3.064588139400043e-05,3.064588139400043e-05,0.99996935458818625,-3.064588139400043e-05,3.064588139400043e-05,0
79,1917,0.99999862112157112,-1.3788793794838348e-06,1.3788793794838348e-06,0.99999862112157112,-1.3788793794838348e-06,1.3788793794838348e-06,0
80,18824,0.99997625554778058,-2.3744734123431392e-05,2.3744734123431392e-05,0.99997625554778058,-2.3744734123431392e-05,2.3744734123431392e-05,0
81,304,0.99999570251476533,-4.2974944688786254e-06,4.2974944688786254e-06,0.99999570251476533,-4.2974944688786254e-06,4.2974944688786254e-06,0
82,6721,0.99999605858467266,-3.9414230947128462e-06,3.9414230947128462e-06,0.99999605858467266,-3.9414230947128462e-06,3.9414230947128462e-06,0
83,36540,0.99999432107126429,-5.6789448608950721e-06,5.6789448608950721e-06,0.99999432107126429,-5.6789448608950721e-06,5.6789448608950721e-06,0
84,382,0.84601300196562579,-0.16722055074031708,0.16722055074031708,0.84601300196562579,-0.16722055074031708,0.16722055074031708,0
85,24641,0.96351494516957281,-0.037167279914779507,0.037167279914779507,0.96351494516957281,-0.037167279914779507,0.037167279914779507,0
86,52757,0.99999890790404999,-1.0920965463809783e-06,1.0920965463809783e-06,0.99999890790404999,-1.0920965463809783e-06,1.0920965463809783e-06,0
87,596,0.76363758030840689,-0.26966197368936279,0.26966197368936279,0.76363758030840689,-0.26966197368936279,0.26966197368936279,0
88,19077,0.66636944179641611,-0.4059110448285414,0.4059110448285414,0.66636944179641611,-0.4059110448285414,0.4059110448285414,0
89,36540,0.9999984239996984,-1.5760015434950808e-06,1.5760015434950808e-06,0.9999984239996984,-1.5760015434950808e-06,1.5760015434950808e-06,0
90,7076,0.99998836204260932,-1.1638025112254842e-05,1.1638025112254842e-05,0.99998836204260932,-1.1638025112254842e-05,1.1638025112254842e-05,0
91,574,0.95678047290334756,-0.044181304748893722,0.044181304748893722,0.95678047290334756,-0.044181304748893722,0.044181304748893722,0
92,6992,0.72779998351527642,-0.31772901645415147,0.31772901645415147,0.72779998351527642,-0.31772901645415147,0.31772901645415147,0
93,11,0.99940685452081224,-0.00059332145955896495,0.00059332145955896495,0.99940685452081224,-0.00059332145955896495,0.00059332145955896495,0
94,449,0.99879766743904907,-0.0012030559426328994,0.0012030559426328994,0.99879766743904907,-0.0012030559426328994,0.0012030559426328994,0
95,220,0.99973184155035399,-0.00026819441055199,0.00026819441055199,0.99973184155035399,-0.00026819441055199,0.00026819441055199,0
96,7461,0.99998417894724356,-1.5821177910603916e-05,1.5821177910603916e-05,0.99998417894724356,-1.5821177910603916e-05,1.5821177910603916e-05,0
97,15160,0.99998337667351889,-1.6623464650177055e-05,1.6623464650177055e-05,0.99998337667351889,-1.6623464650177055e-05,1.6623464650177055e-05,0
98,323,0.99999998526648848,-1.4733511635431346e-08,1.4733511635431346e-08,0.99999998526648848,-1.4733511635431346e-08,1.4733511635431346e-08,0
99,220,0.95986909926761566,-0.040958358747000739,0.040958358747000739,0.95986909926761566,-0.040958358747000739,0.040958358747000739,0
100,20,0.99999283867738609,-7.1613482562629428e-06,7.1613482562629428e-06,0.99999283867738609,-7.1613482562629428e-06,7.1613482562629428e-06,0
101,18151,0.99999058293204124,-9.417112299570745e-06,9.417112299570745e-06,0.99999058293204124,-9.417112299570745e-06,9.417112299570745e-06,0
102,520,0.5655644526914001,-0.56993101522314826,0.56993101522314826,0.5655644526914001,-0.56993101522314826,0.56993101522314826,0
103,426,0.99998111523045374,-1.8884947865778435e-05,1.8884947865778435e-05,0.99998111523045374,-1.8884947865778435e-05,1.8884947865778435e-05,0
104,2191,0.99999779521851628,-2.204783914290395e-06,2.204783914290395e-06,0.99999779521851628,-2.204783914290395e-06,2.204783914290395e-06,0
105,277,0.99999972377413349,-2.7622590463537847e-07,2.7622590463537847e-07,0.99999972377413349,-2.7622590463537847e-07,2.7622590463537847e-07,0
106,377,0.99999987586587669,-1.2413413104126005e-07,1.2413413104126005e-07,0.99999987586587669,-1.2413413104126005e-07,1.2413413104126005e-07,0
107,3314,0.99999967590583205,-3.2409422045576926e-07,3.2409422045576926e-07,0.99999967590583205,-3.2409422045576926e-07,3.2409422045576926e-07,0
108,9304,0.99999924055187173,-7.5944841665339387e-07,7.5944841665339387e-07,0.99999924055187173,-7.5944841665339387e-07,7.5944841665339387e-07,0
109,323,0.99999938390924414,-6.160909456573e-07,6.160909456573e-07,0.99999938390924414,-6.160909456573e-07,6.160909456573e-07,0
110,279,0.9999992893124795,-7.1068777300169178e-07,7.1068777300169178e-07,0.9999992893124795,-7.1068777300169178e-07,7.1068777300169178e-07,0
111,3907,0.9999995161852695,-4.8381484749744476e-07,4.8381484749744476e-07,0.9999995161852695,-4.8381484749744476e-07,4.8381484749744476e-07,0
112,315,0.99999982646954055,-1.7353047447697745e-07,1.7353047447697745e-07,0.99999982646954055,-1.7353047447697745e-07,1.7353047447697745e-07,0
113,19461,0.99999720218277288,-2.7978211410623989e-06,2.7978211410623989e-06,0.99999720218277288,-2.7978211410623989e-06,2.7978211410623989e-06,0
114,13,0.9999690937047534,-3.0906772855940343e-05,3.0906772855940343e-05,0.9999690937047534,-3.0906772855940343e-05,3.0906772855940343e-05,0
115,1283,0.9980169658946636,-0.001985002920717174,0.001985002920717174,0.9980169658946636,-0.001985002920717174,0.001985002920717174,0
116,1243,0.54957416165595963,-0.59861155217776107,0.59861155217776107,0.54957416165595963,-0.59861155217776107,0.59861155217776107,0
117,8667,0.99520344863651566,-0.0048080917334152951,0.0048080917334152951,0.99520344863651566,-0.0048080917334152951,0.0048080917334152951,0
118,449,0.99999976288495351,-2.3711507455188381e-07,2.3711507455188381e-07,0.99999976288495351,-2.3711507455188381e-07,2.3711507455188381e-07,0
119,34538,0.99688640750371982,-0.0031184498104817474,0.0031184498104817474,0.99688640750371982,-0.0031184498104817474,0.0031184498104817474,0
120,304,0.96355614806290091,-0.03712451772143955,0.03712451772143955,0.96355614806290091,-0.03712451772143955,0.03712451772143955,0
121,220,0.99999959369006797,-4.06310014579072e-07,4.06310014579072e-07,0.99999959369006797,-4.06310014579072e-07,4.06310014579072e-07,0
122,1049,0.99999985629282606,-1.4370718426279352e-07,1.4370718426279352e-07,0.99999985629282606,-1.4370718426279352e-07,1.4370718426279352e-07,0
123,15,0.99999952038300499,-4.7961711003022018e-07,4.7961711003022018e-07,0.99999952038300499,-4.7961711003022018e-07,4.7961711003022018e-07,0
124,323,0.99975465839308852,-0.00024537170808695358,0.00024537170808695358,0.99975465839308852,-0.00024537170808695358,0.00024537170808695358,0
125,574,0.93921162639499678,-0.062714450944255207,0.062714450944255207,0.93921162639499678,-0.062714450944255207,0.062714450944255207,0
126,12893,0.99960508433194972,-0.00039499366777890504,0.00039499366777890504,0.9996043951490462,-0.00039568312319683622,0.00039568312319683622,-6.8945541793118343e-07
127,311,0.99999996653777523,-3.3462225319217053e-08,3.3462225319217053e-08,0.9999999665470527,-3.345294785184448e-08,3.345294785184448e-08,9.2774673725731702e-12
128,1202,0.86948190050471807,-0.13985776138522768,0.13985776138522768,0.86937065511733924,-0.13998571402522683,0.13998571402522683,-0.00012795263999915152
129,48006,0.99988016957689552,-0.00011983760334329196,0.00011983760334329196,0.99988154645856242,-0.000118460557612387,0.000118460557612387,1.3770457309049677e-06
130,20862,0.99999386045640415,-6.1395624428801591e-06,6.1395624428801591e-06,0.99999397618772012,-6.0238304231025627e-06,6.0238304231025627e-06,1.1573201977759637e-07
131,14689,0.59474259701097421,-0.51962657710482796,0.51962657710482796,0.60596669479031706,-0.50093025351501486,0.50093025351501486,0.018696323589813102
132,13345,0.99999854387480802,-1.4561262521302723e-06,1.4561262521302723e-06,0.99999862564827124,-1.3743526731550268e-06,1.3743526731550268e-06,8.1773578975245445e-08
133,62668,0.99999960601725002,-3.9398282757786088e-07,3.9398282757786088e-07,0.99999960640897501,-3.9359110241326816e-07,3.9359110241326816e-07,3.9172516459271872e-10
134,320,0.90995928576561236,-0.094355421389055519,0.094355421389055519,0.89999360614636081,-0.10536761996488314,0.10536761996488314,-0.011012198575827623
135,40057,0.99998581094114969,-1.4189159515995466e-05,1.4189159515995466e-05,0.99998613017668692,-1.3869919499977637e-05,1.3869919499977637e-05,3.1924001601782808e-07
136,54,0.99999972943129467,-2.7056874188946004e-07,2.7056874188946004e-07,0.99999967365974818,-3.2634030504304006e-07,3.2634030504304006e-07,-5.5771563153580025e-08
137,705,0.99965333255660704,-0.00034672754644198689,0.00034672754644198689,0.99963673319945578,-0.00036333279791196264,0.00036333279791196264,-1.6605251469975751e-05
138,1405,0.99999856998473546,-1.4300162869823552e-06,1.4300162869823552e-06,0.99999869072451131,-1.3092763457740087e-06,1.3092763457740087e-06,1.207399412083465e-07
139,568,0.99999989392151167,-1.0607849391359525e-07,1.0607849391359525e-07,0.99999991002052713,-8.997947692906705e-08,8.997947692906705e-08,1.6099016984528202e-08
140,574,0.39621606463086867,-0.92579559876818363,0.92579559876818363,0.71312878788133083,-0.33809324671458457,0.33809324671458457,0.58770235205359911
141,264,0.99999960469992677,-3.9530015130767351e-07,3.9530015130767351e-07,0.9999994674521987,-5.3254794316015428e-07,5.3254794316015428e-07,-1.3724779185248077e-07
142,2380,0.99996703146977528,-3.2969073698692029e-05,3.2969073698692029e-05,0.99996214911272996,-3.7851603632977168e-05,3.7851603632977168e-05,-4.882529934285139e-06
143,7394,0.99998915688749124,-1.0843171295762996e-05,1.0843171295762996e-05,0.99998622560578798,-1.3774489079867817e-05,1.3774489079867817e-05,-2.9313177841048215e-06
144,75402,0.9999784850131519,-2.1515218298737881e-05,2.1515218298737881e-05,0.99997912921387699,-2.087100392086789e-05,2.087100392086789e-05,6.4421437786999142e-07
145,54,0.99999995010653731,-4.9893463892495185e-08,4.9893463892495185e-08,0.9999999389603984,-6.1039603507266749e-08,6.1039603507266749e-08,-1.1146139614771564e-08
146,16642,0.99999936347253915,-6.3652766338768289e-07,6.3652766338768289e-07,0.9999994975091584,-5.0249096781902888e-07,5.0249096781902888e-07,1.3403669556865401e-07
147,12633,0.99999861149227354,-1.3885086903866842e-06,1.3885086903866842e-06,0.99999871815737262,-1.2818434489448176e-06,1.2818434489448176e-06,1.0666524144186658e-07
148,8068,0.90437602125185135,-0.10051005236208363,0.10051005236208363,0.99999661941226581,-3.38059344839322e-06,3.38059344839322e-06,0.10050667176863523
149,33597,0.99995087379135761,-4.9127415374112194e-05,4.9127415374112194e-05,0.99999027015971564,-9.7298876195616166e-06,9.7298876195616166e-06,3.9397527754550581e-05
150,449,0.99811890805547465,-0.0018828634198644833,0.0018828634198644833,0.99938241550733109,-0.0006177752765258712,0.0006177752765258712,0.001265088143338612
151,37940,0.99999910651706603,-8.9348333317742524e-07,8.9348333317742524e-07,0.99999966015659147,-3.3984346624195028e-07,3.3984346624195028e-07,5.536398669354749e-07
152,783,0.9544551116954032,-0.046614665004533061,0.046614665004533061,0.99999997694444487,-2.3055555421044615e-08,2.3055555421044615e-08,0.046614641948977638
153,30411,0.99999942749781989,-5.7250234396563138e-07,5.7250234396563138e-07,0.99999995650368467,-4.3496316268710392e-08,4.3496316268710392e-08,5.2900602769692101e-07
154,382,0.85741940825261109,-0.1538280889039261,0.1538280889039261,0.89545755146377104,-0.11042046065539018,0.11042046065539018,0.043407628248535918
155,24641,0.88594399338680285,-0.12110154325678693,0.12110154325678693,0.86246924140305281,-0.14795579285391955,0.14795579285391955,-0.026854249597132618
156,52757,0.99999473329163957,-5.2667222295909283e-06,5.2667222295909283e-06,0.99999481851280858,-5.1815006153898813e-06,5.1815006153898813e-06,8.5221614201046972e-08
157,1903,0.59295763186220163,-0.522632329649523,0.522632329649523,0.57269237076560009,-0.55740658119087594,0.55740658119087594,-0.034774251541352941
158,813,0.99999284406387934,-7.1559617245224891e-06,7.1559617245224891e-06,0.99999088944897374,-9.1105925276227371e-06,9.1105925276227371e-06,-1.954630803100248e-06
159,1925,0.12349516532078379,-2.091553270880508,2.091553270880508,0.79557778591210848,-0.22868665356845752,0.22868665356845752,1.8628666173120505
160,22162,0.99998739570937467,-1.2604370060061968e-05,1.2604370060061968e-05,0.99998744635932624,-1.2553719471321782e-05,1.2553719471321782e-05,5.0650588740186632e-08
161,17755,0.99996724614417909,-3.2754392240201377e-05,3.2754392240201377e-05,0.99997964168820497,-2.0358519028325216e-05,2.0358519028325216e-05,1.2395873211876161e-05
162,304,0.99901352881212813,-0.00098695807079780644,0.00098695807079780644,0.99924438606201038,-0.00075589955808930706,0.00075589955808930706,0.00023105851270849938
163,220,0.74832976843500509,-0.2899115312691965,0.2899115312691965,0.90012629303677749,-0.10522019990612236,0.10522019990612236,0.18469133136307414
164,1049,0.99999832014076295,-1.67986064804525e-06,1.67986064804525e-06,0.99999902830685916,-9.7169361287804946e-07,9.7169361287804946e-07,7.081670351672005e-07
165,17,0.99999697093262929,-3.0290719583919176e-06,3.0290719583919176e-06,0.99999720866104025,-2.7913428554952377e-06,2.7913428554952377e-06,2.3772910289667985e-07
166,323,0.99993514578985543,-6.4856313269803629e-05,6.4856313269803629e-05,0.99995265804899747,-4.7343071668055595e-05,4.7343071668055595e-05,1.7513241601748034e-05
167,2834,0.82776220964091518,-0.18902935226681097,0.18902935226681097,0.83562754832346353,-0.17957228152882798,0.17957228152882798,0.0094570707379829921
168,279,0.94162596304570889,-0.060147150088139222,0.060147150088139222,0.95406103610487902,-0.047027630434853279,0.047027630434853279,0.013119519653285942
169,34538,0.99997095383725976,-2.9046584588226716e-05,2.9046584588226716e-05,0.99998227664337858,-1.7723513681977461e-05,1.7723513681977461e-05,1.1323070906249256e-05
170,19134,0.96979321800856755,-0.030672407520976375,0.030672407520976375,0.98440206216109505,-0.015720865626821935,0.015720865626821935,0.01495154189415444
171,389,0.96649500066485217,-0.034079152964975157,0.034079152964975157,0.97423527329956428,-0.026102450813347441,0.026102450813347441,0.007976702151627716
172,2380,0.99995922251455926,-4.0778316865044296e-05,4.0778316865044296e-05,0.99996664827286097,-3.3352283320193561e-05,3.3352283320193561e-05,7.4260335448507347e-06
173,8821,0.99973654722709138,-0.00026348748268675024,0.00026348748268675024,0.99990332170453011,-9.6682969117474238e-05,9.6682969117474238e-05,0.000166804513569276
174,25975,0.99999870026766313,-1.2997331815297926e-06,1.2997331815297926e-06,0.9999987820199745,-1.2179807672441257e-06,1.2179807672441257e-06,8.1752414285666913e-08
175,11,0.98868106972499348,-0.011383476894296375,0.011383476894296375,0.9847428486327543,-0.01537473927198277,0.01537473927198277,-0.0039912623776863949
176,2737,0.58618268775710325,-0.53412378413854689,0.53412378413854689,0.35019444995897264,-1.0492667074599313,1.0492667074599313,-0.51514292332138445
177,264,0.86922242532129046,-0.14015623097721025,0.14015623097721025,0.67055160630840116,-0.39965461231929389,0.39965461231929389,-0.25949838134208364
178,12845,0.97658633139422113,-0.023692123567390491,0.023692123567390491,0.98007824050604875,-0.020122873253273017,0.020122873253273017,0.0035692503141174746
179,927,0.99999955258901652,-4.4741108356885543e-07,4.4741108356885543e-07,0.99999938543531419,-6.1456487466084734e-07,6.1456487466084734e-07,-1.6715379109199191e-07
180,578,0.99981423775377143,-0.00018577950217166979,0.00018577950217166979,0.9847952744180154,-0.015321502642886951,0.015321502642886951,-0.015135723140715282
181,9305,0.99999165363667786,-8.3463981532515567e-06,8.3463981532515567e-06,0.99999127325981929,-8.7267782589053534e-06,8.7267782589053534e-06,-3.8038010565379671e-07
182,13,0.81216160736440657,-0.20805593477528633,0.20805593477528633,0.61201876830611845,-0.49099232977317875,0.49099232977317875,-0.28293639499789242
183,1283,0.99999232534834015,-7.6746811101829971e-06,7.6746811101829971e-06,0.99999222560091938,-7.7744293014267411e-06,7.7744293014267411e-06,-9.974819124374398e-08
184,1101,0.49651357350441178,-0.70014445749313059,0.70014445749313059,0.53358729183148124,-0.6281326005723451,0.6281326005723451,0.072011856920785489
185,2834,0.99973690659514935,-0.00026312801999197097,0.00026312801999197097,0.99976193384661782,-0.0002380944956272327,0.0002380944956272327,2.5033524364738278e-05
186,279,0.99999850802419066,-1.4919769223413922e-06,1.4919769223413922e-06,0.99975028226308604,-0.00024974892157965265,0.00024974892157965265,-0.00024825694465731128
187,220,0.90242007702225702,-0.10267515001259044,0.10267515001259044,0.89678340201187234,-0.10894091541076975,0.10894091541076975,-0.0062657653981793154
188,1049,0.99999926935927141,-7.3064099546267395e-07,7.3064099546267395e-07,0.99999947251826327,-5.2748187583730428e-07,5.2748187583730428e-07,2.0315911962536967e-07
189,17,0.9999161296743776,-8.3873842934800954e-05,8.3873842934800954e-05,0.99990414929913873,-9.5855294833203027e-05,9.5855294833203027e-05,-1.1981451898402073e-05
190,6342,0.99998484020456679,-1.5159910344012045e-05,1.5159910344012045e-05,0.99999090820551673,-9.091835813842338e-06,9.091835813842338e-06,6.0680745301697066e-06
191,315,0.99999991601310478,-8.398689879479801e-08,8.398689879479801e-08,0.99999994894432864,-5.1055672607497223e-08,5.1055672607497223e-08,3.2931226187300787e-08
192,279,0.99999969325722782,-3.0674281917287346e-07,3.0674281917287346e-07,0.99999977439906917,-2.2560095622578162e-07,2.2560095622578162e-07,8.114186294709184e-08
193,22249,0.99999200972930513,-7.9903026172450458e-06,7.9903026172450458e-06,0.99999185288933468,-8.1471438531623026e-06,8.1471438531623026e-06,-1.5684123591725674e-07
194,323,0.99999390003364264,-6.0999849622093547e-06,6.0999849622093547e-06,0.99999748373464681,-2.516268518987451e-06,2.516268518987451e-06,3.5837164432219037e-06
195,279,0.99737645932857111,-0.0026269881853717464,0.0026269881853717464,0.99908767162343404,-0.00091274480139597763,0.00091274480139597763,0.0017142433839757688
196,220,0.99999589263006072,-4.1073783744917386e-06,4.1073783744917386e-06,0.99999743315951028,-2.5668437840982428e-06,2.5668437840982428e-06,1.5405345903934957e-06
197,1049,0.99999530545374316,-4.6945572762088084e-06,4.6945572762088084e-06,0.99999698629327127,-3.0137112698963766e-06,3.0137112698963766e-06,1.6808460063124318e-06
198,18,0.99999199109906944,-8.0089330019908636e-06,8.0089330019908636e-06,0.99999482914416749,-5.170869201381731e-06,5.170869201381731e-06,2.8380638006091327e-06
199,16591,0.99999791073054667,-2.0892716358657945e-06,2.0892716358657945e-06,0.99999849767117721,-1.5023299512630701e-06,1.5023299512630701e-06,5.8694168460272435e-07
200,432,0.99999777115831645,-2.2288441673671159e-06,2.2288441673671159e-06,0.99999872586019889,-1.2741406128723187e-06,1.2741406128723187e-06,9.5470355449479718e-07
201,23568,0.99999946308074106,-5.3691940312584101e-07,5.3691940312584101e-07,0.9999995403404881,-4.5965961752969096e-07,4.5965961752969096e-07,7.7259785596150053e-08
202,11,0.55726610626414896,-0.5847124040128967,0.5847124040128967,0.52010822274353874,-0.65371836840011288,0.65371836840011288,-0.069005964387216179
203,3339,0.98715347647460472,-0.012929753689280409,0.012929753689280409,0.98859094957812255,-0.011474632937626301,0.011474632937626301,0.0014551207516541077
204,1461,0.99999836941108955,-1.6305902399107815e-06,1.6305902399107815e-06,0.99999846257506664,-1.5374261151868587e-06,1.5374261151868587e-06,9.3164124723922743e-08
205,279,0.99998439522974836,-1.5604892007336513e-05,1.5604892007336513e-05,0.99998736323268622,-1.2636847158416949e-05,1.2636847158416949e-05,2.9680448489195638e-06
206,39637,0.99999948669225536,-5.13307876356279e-07,5.13307876356279e-07,0.99999946827994679,-5.3172019462015783e-07,5.3172019462015783e-07,-1.8412318263878829e-08
207,6342,0.98202534563261346,-0.018138160744238439,0.018138160744238439,0.99444721374211031,-0.0055682602847302439,0.0055682602847302439,0.012569900459508194
208,315,0.99999959661242799,-4.0338765341007768e-07,4.0338765341007768e-07,0.99999967475211149,-3.2524794142187474e-07,3.2524794142187474e-07,7.8139711988202946e-08
209,279,0.99999960586765979,-3.9413241785902866e-07,3.9413241785902866e-07,0.99999968270261663,-3.1729743372600186e-07,3.1729743372600186e-07,7.6834984133026797e-08
210,22249,0.99999417826016046,-5.8217567859695022e-06,5.8217567859695022e-06,0.99999433918511715,-5.6608309053461009e-06,5.6608309053461009e-06,1.609258806234013e-07
211,323,0.99999632992359555,-3.6700831392449341e-06,3.6700831392449341e-06,0.99999680676628655,-3.1932388117897939e-06,3.1932388117897939e-06,4.7684432745514024e-07
212,16591,0.99999819496070586,-1.8050409232290464e-06,1.8050409232290464e-06,0.99999829709180221,-1.7029096477381507e-06,1.7029096477381507e-06,1.0213127549089572e-07
213,432,0.99999897197653065,-1.0280239977560483e-06,1.0280239977560483e-06,0.99999944314529976,-5.568548552815142e-07,5.568548552815142e-07,4.7116914247453413e-07
214,23568,0.99999917641506797,-8.2358527123021104e-07,8.2358527123021104e-07,0.99999945147436775,-5.4852578267919787e-07,5.4852578267919787e-07,2.7505948855101317e-07
215,13946,0.99995927854504085,-4.0722284100063686e-05,4.0722284100063686e-05,0.99998681786955379,-1.3182217331287763e-05,1.3182217331287763e-05,2.7540066768775923e-05
216,382,0.62030564970760416,-0.47754293902003203,0.47754293902003203,0.63503177064479843,-0.45408024882953624,0.45408024882953624,0.023462690190495794
217,6153,0.75737996360883397,-0.2778902180380679,0.2778902180380679,0.68734519001483452,-0.37491865295805982,0.37491865295805982,-0.097028434919991913
218,9564,0.9885070488711043,-0.011559505520709674,0.011559505520709674,0.9884904537107706,-0.011576293766837829,0.011576293766837829,-1.6788246128154535e-05
219,34538,0.91680268550862221,-0.086863003806250699,0.086863003806250699,0.89826718831445906,-0.10728771783681501,0.10728771783681501,-0.020424714030564312
220,11,0.74701394404541277,-0.29167142729608075,0.29167142729608075,0.78822036605684231,-0.23797757586329074,0.23797757586329074,0.053693851432790013
221,11876,0.99998643148519106,-1.3568606862037552e-05,1.3568606862037552e-05,0.99998649587245936,-1.3504218722171891e-05,1.3504218722171891e-05,6.4388139865660931e-08
222,52757,0.99998865804238368,-1.1342021936774479e-05,1.1342021936774479e-05,0.99999082593820243,-9.1741038795791996e-06,9.1741038795791996e-06,2.167918057195279e-06
223,46531,0.99990596067776338,-9.4043744210872771e-05,9.4043744210872771e-05,0.99990944266616633,-9.0561434396541445e-05,9.0561434396541445e-05,3.4823098143313262e-06
224,264,0.99999952764335998,-4.7235675161878943e-07,4.7235675161878943e-07,0.99999949472660465,-5.0527352304650311e-07,5.0527352304650311e-07,-3.2916771427713673e-08
225,7076,0.99999922366547589,-7.7633482550286588e-07,7.7633482550286588e-07,0.9999992268936313,-7.7310666759813274e-07,7.7310666759813274e-07,3.2281579047331439e-09
226,304,0.99999973245552887,-2.6754450695243573e-07,2.6754450695243573e-07,0.99999974536642644,-2.5463360597770011e-07,2.5463360597770011e-07,1.2910900974735615e-08
227,279,0.99874966623865646,-0.0012511160807758229,0.0012511160807758229,0.99862013615947287,-0.0013808167293083765,0.0013808167293083765,-0.00012970064853255357
228,5165,0.99733570770502489,-0.0026678478384338693,0.0026678478384338693,0.99808914450139996,-0.001912683512052545,0.001912683512052545,0.00075516432638132432
229,21424,0.99999920489398075,-7.9510633531068049e-07,7.9510633531068049e-07,0.99999869197865621,-1.3080221992965574e-06,1.3080221992965574e-06,-5.1291586398587694e-07
230,9130,0.99999781751004768,-2.1824923339809166e-06,2.1824923339809166e-06,0.99999666749930571,-3.3325062470421706e-06,3.3325062470421706e-06,-1.150013913061254e-06
231,320,0.99999964457831148,-3.554217517059326e-07,3.554217517059326e-07,0.99999970064537036,-2.9935467442875236e-07,2.9935467442875236e-07,5.6067077277180239e-08
232,88201,0.99998826501251104,-1.1735056344430771e-05,1.1735056344430771e-05,0.99998956354868818,-1.0436505771958257e-05,1.0436505771958257e-05,1.2985505724725144e-06
233,8,0.96829249555576924,-0.032221072517818153,0.032221072517818153,0.9718369519924539,-0.028567233456171737,0.028567233456171737,0.0036538390616464161
234,719,0.61425018161445377,-0.48735297191226579,0.48735297191226579,0.61131645165426374,-0.49214052973922978,0.49214052973922978,-0.0047875578269639951
235,574,0.99999748903862584,-2.5109645266405628e-06,2.5109645266405628e-06,0.99999754088719472,-2.4591158289213162e-06,2.4591158289213162e-06,5.1848697719246608e-08
236,4018,0.99990367727748197,-9.632736184933366e-05,9.632736184933366e-05,0.99990964216881617,-9.0361913698587044e-05,9.0361913698587044e-05,5.9654481507466164e-06
237,4972,0.99409189574926549,-0.0059256261468652914,0.0059256261468652914,0.99524014897007484,-0.0047712151963383593,0.0047712151963383593,0.0011544109505269321
238,311,0.99999994131216263,-5.8687839087181515e-08,5.8687839087181515e-08,0.99999993312322033,-6.6876781874295732e-08,6.6876781874295732e-08,-8.1889427871142165e-09
239,279,0.99999980885782824,-1.9114219001575397e-07,1.9114219001575397e-07,0.99999979132393757,-2.086760841776893e-07,2.086760841776893e-07,-1.7533894161935325e-08
240,1212,0.99872627995894703,-0.0012745319118950761,0.0012745319118950761,0.9992989387285407,-0.00070130712982700643,0.00070130712982700643,0.0005732247820680697
241,315,0.99999921081980281,-7.8918050862363861e-07,7.8918050862363861e-07,0.9999993434073452,-6.5659287034434532e-07,6.5659287034434532e-07,1.3258763827929329e-07
242,279,0.99999938951847678,-6.1048170958005648e-07,6.1048170958005648e-07,0.99999942350512439,-5.7649504184231637e-07,5.7649504184231637e-07,3.3986667737740109e-08
243,220,0.99999960805251109,-3.919475657525484e-07,3.919475657525484e-07,0.99999954067549779,-4.5932460766390013e-07,4.5932460766390013e-07,-6.7377041911351731e-08
244,1049,0.9999997756815816,-2.2431844352959372e-07,2.2431844352959372e-07,0.99999988026557174,-1.1973443541478494e-07,1.1973443541478494e-07,1.0458400811480879e-07
245,19,0.9999986527805953,-1.3472203121924135e-06,1.3472203121924135e-06,0.99999912610459785,-8.7389578402904388e-07,8.7389578402904388e-07,4.7332452816336959e-07
246,12,0.99859680045886157,-0.0014041849475369315,0.0014041849475369315,0.99566877713392321,-0.004340629783966393,0.004340629783966393,-0.0029364448364294616
247,2304,0.99996064206237878,-3.9358712165122032e-05,3.9358712165122032e-05,0.99998404664156015,-1.595348569606011e-05,1.595348569606011e-05,2.3405226469061922e-05
248,3280,0.99999845425098577,-1.545750208869714e-06,1.545750208869714e-06,0.99999843973106128,-1.5602701559911272e-06,1.5602701559911272e-06,-1.451994712141314e-08
249,13,0.99998703133909839,-1.2968744995428527e-05,1.2968744995428527e-05,0.99998828821776142,-1.1711850822084044e-05,1.1711850822084044e-05,1.2568941733444829e-06
250,1283,0.94036994982187172,-0.06148191750365388,0.06148191750365388,0.93998078908218452,-0.061895841073541,0.061895841073541,-0.0004139235698871202
251,1243,0.98659479275888307,-0.01349586816228715,0.01349586816228715,0.98690230340527307,-0.013184227826482762,0.013184227826482762,0.00031164033580438795
252,6052,0.82381878331022396,-0.19380469642651527,0.19380469642651527,0.82810637463289094,-0.18861366106981584,0.18861366106981584,0.0051910353566994305
253,311,0.99999995713744549,-4.2862555474475781e-08,4.2862555474475781e-08,0.99999994693315786,-5.3066843510303047e-08,5.3066843510303047e-08,-1.0204288035827266e-08
254,6721,0.9999843150275779,-1.568509543255319e-05,1.568509543255319e-05,0.99998753670957563,-1.2463368091796792e-05,1.2463368091796792e-05,3.2217273407563984e-06
255,36540,0.99999471066024548,-5.2893537431527066e-06,5.2893537431527066e-06,0.99999477193085951,-5.2280828068488495e-06,5.2280828068488495e-06,6.1270936303857161e-08
256,323,0.99345405417976052,-0.0065674644816466725,0.0065674644816466725,0.99365293370925356,-0.0063672945548442408,0.0063672945548442408,0.00020016992680243172
257,8667,0.99994117527503756,-5.8826455204436247e-05,5.8826455204436247e-05,0.9999458022771428,-5.4199191606898852e-05,5.4199191606898852e-05,4.6272635975373947e-06
258,449,0.9999997052770262,-2.9472301719233717e-07,2.9472301719233717e-07,0.99999971126592924,-2.8873411245762565e-07,2.8873411245762565e-07,5.9889047347115187e-09
259,1561,0.99999489468319591,-5.1053298362425473e-06,5.1053298362425473e-06,0.99999565946491809,-4.3405445021115755e-06,4.3405445021115755e-06,7.6478533413097186e-07
260,6457,0.99999597491697545,-4.0250911252337156e-06,4.0250911252337156e-06,0.99999573792665741,-4.2620824252587833e-06,4.2620824252587833e-06,-2.3699130002506774e-07
261,1322,0.99999964114678863,-3.5885327576655252e-07,3.5885327576655252e-07,0.99999978395326927,-2.1604675401899123e-07,2.1604675401899123e-07,1.4280652174756129e-07
262,62668,0.98615906293297295,-0.013937615957369252,0.013937615957369252,0.99633224265615339,-0.0036745000579551696,0.0036745000579551696,0.010263115899414083
263,320,0.99999955525461703,-4.4474548190836187e-07,4.4474548190836187e-07,0.99999954894300391,-4.5105709786455273e-07,4.5105709786455273e-07,-6.3116159561908676e-09
264,45,0.99960663078859879,-0.00039344660136528671,0.00039344660136528671,0.9996410134253122,-0.00035905102579344305,0.00035905102579344305,3.4395575571843657e-05
265,28287,0.99996224391075517,-3.7756802023914772e-05,3.7756802023914772e-05,0.99996686615253672,-3.3134396401334044e-05,3.3134396401334044e-05,4.6224056225807278e-06
266,54,0.99999987040744254,-1.2959256583017162e-07,1.2959256583017162e-07,0.99999992486483669,-7.5135166152746521e-08,7.5135166152746521e-08,5.4457399677425095e-08
267,705,0.96477850963159661,-0.035856727685573568,0.035856727685573568,0.96679089735093493,-0.033773045431995191,0.033773045431995191,0.0020836822535783769
268,1405,0.99969043298588878,-0.00030961493987046536,0.00030961493987046536,0.99982860268471851,-0.00017141200547989252,0.00017141200547989252,0.00013820293439057284
269,568,0.9999998649941082,-1.3500590089362748e-07,1.3500590089362748e-07,0.9999998560238671,-1.4397614330133801e-07,1.4397614330133801e-07,-8.9702424077105324e-09
270,2834,0.9999979432525945,-2.0567495205599055e-06,2.0567495205599055e-06,0.99999773729641561,-2.2627061442600702e-06,2.2627061442600702e-06,-2.0595662370016474e-07
271,279,0.9999914278292199,-8.5722075213962957e-06,8.5722075213962957e-06,0.99999282949365498,-7.1705320532335375e-06,7.1705320532335375e-06,1.4016754681627582e-06
272,75636,0.9999770190570979,-2.2981206968004152e-05,2.2981206968004152e-05,0.9999757739732561,-2.4226320198863963e-05,2.4226320198863963e-05,-1.2451132308598105e-06
273,25434,0.99999847251627183,-1.527484894808861e-06,1.527484894808861e-06,0.9999986492314088,-1.3507695034527385e-06,1.3507695034527385e-06,1.7671539135612248e-07
274,29201,0.99999505853781601,-4.9414743930233101e-06,4.9414743930233101e-06,0.9999955518421022,-4.4481677908558627e-06,4.4481677908558627e-06,4.9330660216744743e-07
275,4870,0.99999995119943008,-4.8800571059126222e-08,4.8800571059126222e-08,0.99999993845459167,-6.1545410206098169e-08,6.1545410206098169e-08,-1.2744839146971947e-08
276,19134,0.99999893968608311,-1.0603144789678936e-06,1.0603144789678936e-06,0.99999906228099866,-9.3771944097472374e-07,9.3771944097472374e-07,1.2259503799316984e-07
277,304,0.99962021616992636,-0.00037985596621713843,0.00037985596621713843,0.99974045451478255,-0.00025957917297599704,0.00025957917297599704,0.00012027679324114139
278,813,0.99999779035586389,-2.2096465773766004e-06,2.2096465773766004e-06,0.99999834491941197,-1.655081957629918e-06,1.655081957629918e-06,5.5456461974668245e-07
279,1176,0.99996329661333705,-3.6704060248717839e-05,3.6704060248717839e-05,0.99998061184810139,-1.9388339851287437e-05,1.9388339851287437e-05,1.7315720397430402e-05
280,2489,0.99999852187783522,-1.4781232571606659e-06,1.4781232571606659e-06,0.99999858810465192,-1.4118963447594996e-06,1.4118963447594996e-06,6.6226912401166344e-08
281,382,0.9971227621675709,-0.0028813850381096649,0.0028813850381096649,0.99747895272214671,-0.0025242304686503604,0.0025242304686503604,0.00035715456945930452
282,644,0.732483960072984,-0.31131383584195327,0.31131383584195327,0.69351297714657945,-0.36598532686219915,0.36598532686219915,-0.054671491020245877
283,220,0.99999895368680736,-1.046313740047546e-06,1.046313740047546e-06,0.99999887493308115,-1.1250675517265946e-06,1.1250675517265946e-06,-7.8753811679048573e-08
284,1049,0.99999435479995546,-5.6452159787811845e-06,5.6452159787811845e-06,0.99999552808570347,-4.4719242955791817e-06,4.4719242955791817e-06,1.1732916832020028e-06
285,21,0.99988216198398949,-0.00011784495945503995,0.00011784495945503995,0.99990808936819664,-9.1914855844267175e-05,9.1914855844267175e-05,2.593010361077277e-05
286,11,0.99999983938554671,-1.6061446615152118e-07,1.6061446615152118e-07,0.99999986650751527,-1.3349249369740066e-07,1.3349249369740066e-07,2.7121972454120516e-08
287,11876,0.99999081453357475,-9.1855086119602207e-06,9.1855086119602207e-06,0.99998921349320347,-1.0786564971262615e-05,1.0786564971262615e-05,-1.6010563593023946e-06
288,52757,0.99999744354664744,-2.5564566202654493e-06,2.5564566202654493e-06,0.99999717897274543,-2.821031233650982e-06,2.821031233650982e-06,-2.6457461338553266e-07
289,46531,0.9655123115939408,-0.035096425673437716,0.035096425673437716,0.96705050394123326,-0.033504557445664621,0.033504557445664621,0.0015918682277730953
290,264,0.99999889937110742,-1.1006294982522531e-06,1.1006294982522531e-06,0.99999916065078032,-8.3934957197700823e-07,8.3934957197700823e-07,2.6127992627524491e-07
291,7076,0.99999882587499911,-1.1741256901692936e-06,1.1741256901692936e-06,0.99999933252729856,-6.674729242156926e-07,6.674729242156926e-07,5.0665276595360105e-07
292,304,0.99999994775836487,-5.2241636539921097e-08,5.2241636539921097e-08,0.99999995451112433,-4.5488876741048934e-08,4.5488876741048934e-08,6.7527597988721629e-09
293,9709,0.99999792953296529,-2.0704691780797216e-06,2.0704691780797216e-06,0.99999819560868075,-1.8043929471710303e-06,1.8043929471710303e-06,2.6607623090869127e-07
294,37959,0.99999870434228544,-1.2956585539640775e-06,1.2956585539640775e-06,0.99999887439801549,-1.1256026180041575e-06,1.1256026180041575e-06,1.7005593595991999e-07
295,19071,0.99999817955198878,-1.8204496682211657e-06,1.8204496682211657e-06,0.99999821594968852,-1.7840519028477019e-06,1.7840519028477019e-06,3.6397765373463842e-08
296,323,0.91161776845330877,-0.092534490298470828,0.092534490298470828,0.92337938741224623,-0.079715091648927205,0.079715091648927205,0.012819398649543623
297,8667,0.99966501997612578,-0.00033503614221506393,0.00033503614221506393,0.99961843458116673,-0.00038163823344063109,0.00038163823344063109,-4.6602091225567165e-05
298,449,0.99999961250599068,-3.8749408435034032e-07,3.8749408435034032e-07,0.99999954845601779,-4.5154408409594027e-07,4.5154408409594027e-07,-6.4049999745599949e-08
299,16905,0.90335956231175663,-0.1016346184285577,0.1016346184285577,0.89954381864689725,-0.10586751232903537,0.10586751232903537,-0.0042328939004776661
300,596,0.99992546566612861,-7.4537111692917713e-05,7.4537111692917713e-05,0.99995323945073367,-4.6761642574876861e-05,4.6761642574876861e-05,2.7775469118040852e-05
301,11,0.94857560677196029,-0.052793780847195416,0.052793780847195416,0.93717302006532766,-0.064887360571956085,0.064887360571956085,-0.012093579724760668
302,11230,0.76075069437738529,-0.27344957745176257,0.27344957745176257,0.73483232092542405,-0.3081129405913427,0.3081129405913427,-0.034663363139580128
303,813,0.99999957679252149,-4.2320756803263201e-07,4.2320756803263201e-07,0.99999952715108953,-4.7284902227685817e-07,4.7284902227685817e-07,-4.9641454244226168e-08
304,1176,0.9999799907453043,-2.0009454883504959e-05,2.0009454883504959e-05,0.99998546074161765,-1.4539364078410219e-05,1.4539364078410219e-05,5.4700908050947397e-06
305,4465,0.99999605002079606,-3.9499870051425561e-06,3.9499870051425561e-06,0.9999968733481428,-3.1266567451608174e-06,3.1266567451608174e-06,8.233302599817387e-07
306,2403,0.75252591020843806,-0.28431985078119804,0.28431985078119804,0.71332339485184415,-0.33782039218209281,0.33782039218209281,-0.053500541400894774
307,3468,0.99982123308255499,-0.00017878289815497557,0.00017878289815497557,0.99989292985816858,-0.00010707587424825162,0.00010707587424825162,7.1707023906723955e-05
308,6354,0.64291904185090976,-0.44173646959072871,0.44173646959072871,0.53645011066439074,-0.62278171160917906,0.62278171160917906,-0.18104524201845035
309,2689,0.99999342279247816,-6.5772291517727531e-06,6.5772291517727531e-06,0.99999348887108519,-6.511150112313635e-06,6.511150112313635e-06,6.607903945911809e-08
310,13818,0.99982089094981785,-0.00017912509212357917,0.00017912509212357917,0.99987166289836649,-0.00012834533754398222,0.00012834533754398222,5.077975457959695e-05
311,304,0.98888633701855055,-0.011175881144493593,0.011175881144493593,0.98583935160387881,-0.014261867061770276,0.014261867061770276,-0.0030859859172766829
312,5651,0.99771882538098611,-0.0022837804615105464,0.0022837804615105464,0.99881659266952294,-0.0011841081098582034,0.0011841081098582034,0.001099672351652343
313,220,0.99999992409483029,-7.5905172597599127e-08,7.5905172597599127e-08,0.99999991984316972,-8.0156833511129165e-08,8.0156833511129165e-08,-4.2516609135300378e-09
314,1049,0.99999994883599386,-5.116400749856935e-08,5.116400749856935e-08,0.99999995313690304,-4.6863098080931443e-08,4.6863098080931443e-08,4.3009094176379069e-09
315,22,0.999999777261812,-2.2273821282570116e-07,2.2273821282570116e-07,0.99999981409577476,-1.8590424248386336e-07,1.8590424248386336e-07,3.6833970341837796e-08
316,13,0.99999914978049242,-8.5021986900466313e-07,8.5021986900466313e-07,0.99999904819731955,-9.51803133426163e-07,9.51803133426163e-07,-1.0158326442149987e-07
317,1283,0.9999947412438851,-5.2587699422023494e-06,5.2587699422023494e-06,0.9999948109872856,-5.1890261773989917e-06,5.1890261773989917e-06,6.9743764803357688e-08
318,1243,0.99995136050144073,-4.8640681498045552e-05,4.8640681498045552e-05,0.9999477429028133,-5.2258462636371466e-05,5.2258462636371466e-05,-3.617781138325914e-06
319,8667,0.99997119518773991,-2.8805227126712155e-05,2.8805227126712155e-05,0.9999722534408505,-2.7746944092413206e-05,2.7746944092413206e-05,1.058283034298949e-06
320,449,0.99999978779860998,-2.1220141257554324e-07,2.1220141257554324e-07,0.99999975946079622,-2.4053923269047948e-07,2.4053923269047948e-07,-2.8337820114936237e-08
321,279,0.99996894766671529,-3.1052815418370345e-05,3.1052815418370345e-05,0.99998052877179,-1.9471417776769953e-05,1.9471417776769953e-05,1.1581397641600392e-05
322,29950,0.98444243851518543,-0.015679850346963866,0.015679850346963866,0.98932192451250356,-0.010735495256451991,0.010735495256451991,0.004944355090511875
323,50417,0.99999698115634972,-3.0188482070429521e-06,3.0188482070429521e-06,0.99999615088652805,-3.8491208797832092e-06,3.8491208797832092e-06,-8.3027267274025713e-07
324,19134,0.99998711905625415,-1.288102670590406e-05,1.288102670590406e-05,0.99998901470741697,-1.098535292184504e-05,1.098535292184504e-05,1.8956737840590197e-06
325,320,0.99999987975656346,-1.2024344374470157e-07,1.2024344374470157e-07,0.99999985659779289,-1.4340221736598329e-07,1.4340221736598329e-07,-2.3158773621281726e-08
326,52,0.99998185461398559,-1.8145550643975065e-05,1.8145550643975065e-05,0.99998111924475885,-1.8880933484815456e-05,1.8880933484815456e-05,-7.3538284084039156e-07
327,6897,0.99999600367407837,-3.9963339069453753e-06,3.9963339069453753e-06,0.99999664386791309,-3.3561377187270623e-06,3.3561377187270623e-06,6.4019618821831297e-07
328,8,0.99998305564716949,-1.6944496387713654e-05,1.6944496387713654e-05,0.99998785431343051,-1.2145760328882391e-05,1.2145760328882391e-05,4.7987360588312634e-06
329,323,0.48371920318569661,-0.72625069932992559,0.72625069932992559,0.42608777374967194,-0.85310991227053878,0.85310991227053878,-0.1268592129406132
330,2834,0.77442355105200567,-0.25563633148323095,0.25563633148323095,0.72137989562755545,-0.32658937945169153,0.32658937945169153,-0.070953047968460581
331,279,0.77959387318884721,-0.2489821702959196,0.2489821702959196,0.71541000563935997,-0.33489946617819982,0.33489946617819982,-0.085917295882280226
332,28395,0.9997050526655552,-0.00029499083996462392,0.00029499083996462392,0.99969705637382922,-0.00030298952286077815,0.00030298952286077815,-7.9986828961542303e-06
333,29201,0.99998740980889045,-1.2590270366632939e-05,1.2590270366632939e-05,0.99998777833479968,-1.2221739885511067e-05,1.2221739885511067e-05,3.6853048112187182e-07
334,4870,0.99999988491316671,-1.1508683987470153e-07,1.1508683987470153e-07,0.99999989898934727,-1.0101065784352352e-07,1.0101065784352352e-07,1.407618203117801e-08
335,19134,0.99997548990061302,-2.4510399764338011e-05,2.4510399764338011e-05,0.99994863271224943,-5.1368607094867941e-05,5.1368607094867941e-05,-2.6858207330529931e-05
336,304,0.99543700432420112,-0.0045734379179463037,0.0045734379179463037,0.99651623847958559,-0.0034898439481739186,0.0034898439481739186,0.0010835939697723851
337,6841,0.94330266557952935,-0.058368087527789159,0.058368087527789159,0.88431626744757108,-0.12294051172257114,0.12294051172257114,-0.064572424194781985
338,220,0.99999980934554833,-1.9065446980027494e-07,1.9065446980027494e-07,0.99999977011877572,-2.2988125070239124e-07,2.2988125070239124e-07,-3.9226780902116301e-08
339,1049,0.9999996353349756,-3.6466509091375365e-07,3.6466509091375365e-07,0.99999967857944372,-3.2142060798796955e-07,3.2142060798796955e-07,4.3244482925784103e-08
340,23,0.99999865552254485,-1.3444783589989045e-06,1.3444783589989045e-06,0.99999771247429436,-2.2875283220546706e-06,2.2875283220546706e-06,-9.430499630557661e-07
341,13,0.78479726744784628,-0.24232985258229731,0.24232985258229731,0.78033795230635328,-0.24802818094615836,0.24802818094615836,-0.0056983283638610549
342,11876,0.98781386894170009,-0.012260990741638637,0.012260990741638637,0.98993155605027905,-0.010119473546205066,0.010119473546205066,0.0021415171954335711
343,52757,0.99997890852097349,-2.1091701454830465e-05,2.1091701454830465e-05,0.99997790951202747,-2.2090731970927508e-05,2.2090731970927508e-05,-9.9903051609704312e-07
344,7946,0.34163419410307322,-1.0740147222440237,1.0740147222440237,0.33897530243191693,-1.0818280284388175,1.0818280284388175,-0.0078133061947938121
345,35844,0.99954899413942599,-0.00045110759430660449,0.00045110759430660449,0.99956048201573011,-0.00043961460060994086,0.00043961460060994086,1.1492993696663627e-05
346,813,0.9981564843798818,-0.0018452169863573782,0.0018452169863573782,0.997838372408549,-0.0021639672806722582,0.0021639672806722582,-0.00031875029431488
347,2316,0.99994824358430623,-5.1757755103296201e-05,5.1757755103296201e-05,0.99994232587755694,-5.7675785659261335e-05,5.7675785659261335e-05,-5.9180305559651338e-06
348,2403,0.44973783148667068,-0.79909046268945783,0.79909046268945783,0.42024477008392985,-0.86691795154436502,0.86691795154436502,-0.067827488854907192
349,9454,0.75744929582896148,-0.27779868003833103,0.27779868003833103,0.77619806369061184,-0.25334755465156106,0.25334755465156106,0.024451125386769967
350,14603,0.99998854228224032,-1.1457783399790643e-05,1.1457783399790643e-05,0.99999004879323827,-9.9512562752648289e-06,9.9512562752648289e-06,1.5065271245258139e-06
351,719,0.93948131729120576,-0.062427346126016671,0.062427346126016671,0.93455136997111266,-0.067688683055757815,0.067688683055757815,-0.0052613369297411436
352,574,0.99981868925459205,-0.00018132718418824263,0.00018132718418824263,0.9998467690933156,-0.00015324264773924442,0.00015324264773924442,2.8084536448998203e-05
353,99048,0.94715450423030489,-0.054293047857413929,0.054293047857413929,0.94620597154140806,-0.055295004727633469,0.055295004727633469,-0.0010019568702195406
354,4245,0.99990116812751206,-9.8836756679291382e-05,9.8836756679291382e-05,0.99992405917021721,-7.5943713433618526e-05,7.5943713433618526e-05,2.2893043245672857e-05
355,311,0.99999996419470549,-3.5805295198343293e-08,3.5805295198343293e-08,0.99999995439605971,-4.5603941360303325e-08,4.5603941360303325e-08,-9.7986461619600319e-09
356,37098,0.99982167662887544,-0.00017833927262736151,0.00017833927262736151,0.99984923592729869,-0.00015077543874652261,0.00015077543874652261,2.7563833880838898e-05
357,292,0.99999973551544552,-2.6448458944769208e-07,2.6448458944769208e-07,0.99999986672440921,-1.3327559966806167e-07,1.3327559966806167e-07,1.3120898977963041e-07
358,360,0.99999996488333098,-3.5116669621776261e-08,3.5116669621776261e-08,0.99999997297333787,-2.7026662542438512e-08,2.7026662542438512e-08,8.0900070793377485e-09
359,20000,0.99999959808917216,-4.0191090861205128e-07,4.0191090861205128e-07,0.99999967648649879,-3.2351355357380891e-07,3.2351355357380891e-07,7.8397355038242374e-08
360,13,0.62939467161877749,-0.46299676019831476,0.46299676019831476,0.63679534278963945,-0.45130695793718795,0.45130695793718795,0.011689802261126814
361,1283,0.99997969040923262,-2.0309797009873719e-05,2.0309797009873719e-05,0.99997618539015953,-2.3814893412747008e-05,2.3814893412747008e-05,-3.5050964028732884e-06
362,6052,0.99891232848259393,-0.0010882634613369588,0.0010882634613369588,0.99893758583019621,-0.0010629789317807214,0.0010629789317807214,2.5284529556237386e-05
363,520,0.787205057272232,-0.23926650888435366,0.23926650888435366,0.77978102275303551,-0.24874213877357823,0.24874213877357823,-0.0094756298892245683
364,28395,0.99999955067739599,-4.4932270490562059e-07,4.4932270490562059e-07,0.999999541017077,-4.5898302838933104e-07,4.5898302838933104e-07,-9.6603234837104487e-09
365,220,0.99999983069069165,-1.6930932266194762e-07,1.6930932266194762e-07,0.99999985186231055,-1.4813770045857265e-07,1.4813770045857265e-07,2.1171622203374971e-08
366,8027,0.99999996332277696,-3.6677223696121401e-08,3.6677223696121401e-08,0.99999998249250555,-1.7507494633982712e-08,1.7507494633982712e-08,1.916972906213869e-08
367,323,0.90331708531418142,-0.10168164067533196,0.10168164067533196,0.89777570374882365,-0.10783501498664962,0.10783501498664962,-0.0061533743113176553
368,24164,0.99598630750270867,-0.0040217689792766903,0.0040217689792766903,0.99611236309295281,-0.0038952134102448869,0.0038952134102448869,0.00012655556903180343
369,51075,0.61653142264538885,-0.48364598825994548,0.48364598825994548,0.61234169698036511,-0.49046482387783058,0.49046482387783058,-0.0068188356178850995
370,3341,0.99999879015186655,-1.2098488653049742e-06,1.2098488653049742e-06,0.99999878861649227,-1.2113842414931452e-06,1.2113842414931452e-06,-1.5353761881710238e-09
371,7678,0.99999414635696049,-5.8536601721768218e-06,5.8536601721768218e-06,0.99999420451048604,-5.7955063078911337e-06,5.7955063078911337e-06,5.8153864285688188e-08
372,311,0.77069059307334742,-0.26046829196445653,0.26046829196445653,0.77990235515955408,-0.2485865528277619,0.2485865528277619,0.01188173913669463
373,86440,0.98481384003890005,-0.015302650556197291,0.015302650556197291,0.98696597903790872,-0.013119709202596738,0.013119709202596738,0.0021829413536005524
374,279,0.99999994140357662,-5.8596425105051425e-08,5.8596425105051425e-08,0.99999992758492462,-7.2415077976659394e-08,7.2415077976659394e-08,-1.3818652871607968e-08
375,71729,0.99992224261241247,-7.7760410849903402e-05,7.7760410849903402e-05,0.99995669921036712,-4.3301727139132195e-05,4.3301727139132195e-05,3.4458683710771207e-05
376,59284,0.99980636696685066,-0.00019365178244546753,0.00019365178244546753,0.99984082773963301,-0.00015918492961566045,0.00015918492961566045,3.4466852829807078e-05
377,382,0.72469985480548516,-0.32199770321812166,0.32199770321812166,0.7609449693213346,-0.27319423737340215,0.27319423737340215,0.048803465844719507
378,24641,0.9839763090419581,-0.016153458396591297,0.016153458396591297,0.98807260686758402,-0.011999095202061329,0.011999095202061329,0.004154363194529968
379,52757,0.99999681115546424,-3.1888496201303316e-06,3.1888496201303316e-06,0.99999652374780013,-3.4762582420152021e-06,3.4762582420152021e-06,-2.8740862188487058e-07
380,596,0.51102901923500388,-0.67132890128127642,0.67132890128127642,0.53813903807006458,-0.61963831713447459,0.61963831713447459,0.051690584146801832
381,43667,0.5987390130262551,-0.51292948027713858,0.51292948027713858,0.55789559422657653,-0.58358344122837791,0.58358344122837791,-0.070653960951239325
382,7076,0.99995038624993449,-4.9614980868325537e-05,4.9614980868325537e-05,0.99995199593967887,-4.8005212552952343e-05,4.8005212552952343e-05,1.609768315373194e-06
383,574,0.99931948868685616,-0.00068074296606846179,0.00068074296606846179,0.9992673107617982,-0.00073295778614450085,0.00073295778614450085,-5.2214820076039057e-05
384,13160,0.9347997575793433,-0.067422935646368878,0.067422935646368878,0.92879440808204161,-0.073867869200082981,0.073867869200082981,-0.0064449335537141023
385,555,0.99989348430858682,-0.00010652136461233259,0.00010652136461233259,0.99989318440424668,-0.0001068213009453047,0.0001068213009453047,-2.9993633297211299e-07
386,3892,0.55558511616169504,-0.58773345722662151,0.58773345722662151,0.56864178869130189,-0.56450458846068619,0.56450458846068619,0.023228868765935329
387,6992,0.38255827414429161,-0.96087428661570606,0.96087428661570606,0.4584628590048021,-0.77987599600882473,0.77987599600882473,0.18099829060688133
388,2316,0.68897450551782247,-0.37255101080427605,0.37255101080427605,0.72537585453273223,-0.32106533841556056,0.32106533841556056,0.051485672388715487
389,46616,0.99972806871975484,-0.00027196826025994389,0.00027196826025994389,0.99976096283300508,-0.00023906574093212721,0.00023906574093212721,3.290251932781669e-05
390,11,0.7012660707673094,-0.35486790509259247,0.35486790509259247,0.6985790005732313,-0.35870700636089281,0.35870700636089281,-0.0038391012683003378
391,2737,0.597943169586444,-0.51425956368391623,0.51425956368391623,0.58872312921785142,-0.52979927508737157,0.52979927508737157,-0.015539711403455336
392,264,0.9980977049732358,-0.0019041066878558303,0.0019041066878558303,0.99824122895721379,-0.0017603194964267005,0.0017603194964267005,0.00014378719142912975
393,12845,0.89952314359085073,-0.10589049652749086,0.10589049652749086,0.89103745083469776,-0.11536882003248794,0.11536882003248794,-0.0094783235049970826
394,927,0.99955783539433096,-0.00044226238926365924,0.00044226238926365924,0.99962163926570125,-0.00037843233078149697,0.00037843233078149697,6.3830058482162273e-05
395,67188,0.90915944360277734,-0.095234794682799426,0.095234794682799426,0.94355358901284891,-0.058102117680655263,0.058102117680655263,0.037132677002144163
396,31298,0.99999530015248739,-4.6998585569242439e-06,4.6998585569242439e-06,0.99999572246477775,-4.2775443709100394e-06,4.2775443709100394e-06,4.223141860142045e-07
397,300,0.99999769527845861,-2.3047241972629056e-06,2.3047241972629056e-06,0.99999863583365234,-1.3641672781407956e-06,1.3641672781407956e-06,9.4055691912211001e-07
398,42221,0.99999882485076641,-1.1751499241073339e-06,1.1751499241073339e-06,0.9999987380656794,-1.2619351168589666e-06,1.2619351168589666e-06,-8.6785192751632713e-08
399,520,0.99492625050652683,-0.0050866646645171005,0.0050866646645171005,0.99381262776181345,-0.0062065933522680826,0.0062065933522680826,-0.0011199286877509821
400,28395,0.99999856737939719,-1.4326216289702209e-06,1.4326216289702209e-06,0.99999838067949776,-1.6193218133776013e-06,1.6193218133776013e-06,-1.8670018440738037e-07
401,220,0.99999989184762195,-1.0815238386215585e-07,1.0815238386215585e-07,0.99999992766993373,-7.2330068871949991e-08,7.2330068871949991e-08,3.5822314990205857e-08
402,7994,0.99842192414812503,-0.0015793223250976016,0.0015793223250976016,0.9982713714932574,-0.0017301243090392978,0.0017301243090392978,-0.00015080198394169624
403,13,0.99988295667677407,-0.00011705017333019976,0.00011705017333019976,0.99989097871226618,-0.00010902723098637086,0.00010902723098637086,8.0229423438289037e-06
404,4452,0.99747214192354949,-0.0025310585043005094,0.0025310585043005094,0.99759870597258593,-0.0024041817577030852,0.0024041817577030852,0.00012687674659742423
405,11,0.99999998657963052,-1.3420369614366793e-08,1.3420369614366793e-08,0.99999998254686739,-1.7453132786576808e-08,1.7453132786576808e-08,-4.0327631722100147e-09
406,568,0.9997099596057627,-0.00029008246408730601,0.00029008246408730601,0.99983279295721161,-0.00016722102344447968,0.00016722102344447968,0.00012286144064282633
407,574,0.97853195779009772,-0.02170183269967119,0.02170183269967119,0.97511453534858517,-0.025200342731207762,0.025200342731207762,-0.0034985100315365718
408,1578,0.48532556395796073,-0.72293534735012777,0.72293534735012777,0.48151785959679366,-0.73081195684970657,0.73081195684970657,-0.0078766094995788016
409,99048,0.99910801099557078,-0.00089238706334832433,0.00089238706334832433,0.99919089502078029,-0.00080943248132103914,0.00080943248132103914,8.2954582027285192e-05
410,4245,0.99980182706498322,-0.00019819257386749972,0.00019819257386749972,0.99986694911245688,-0.00013305973959764768,0.00013305973959764768,6.5132834269852039e-05
411,311,0.99999996236975541,-3.763024532230026e-08,3.763024532230026e-08,0.99999994625812061,-5.3741880833596484e-08,5.3741880833596484e-08,-1.6111635511296224e-08
412,37098,0.99956776260891522,-0.0004323308325928326,0.0004323308325928326,0.99959814825695337,-0.0004019325070958721,0.0004019325070958721,3.0398325496960497e-05
413,292,0.99999963896536959,-3.6103469558107512e-07,3.6103469558107512e-07,0.9999996775252068,-3.22474845234678e-07,3.22474845234678e-07,3.8559850346397122e-08
414,360,0.99999860763524717,-1.392365722157845e-06,1.392365722157845e-06,0.99999913204385815,-8.6795651857084633e-07,8.6795651857084633e-07,5.2440920358699864e-07
415,20000,0.99999592589215214,-4.0741161470291988e-06,4.0741161470291988e-06,0.99999682832389802,-3.1716811316990808e-06,3.1716811316990808e-06,9.0243501533011806e-07
416,323,0.99556310389533054,-0.0044467683404033299,0.0044467683404033299,0.99673095964473157,-0.0032743953413190596,0.0032743953413190596,0.0011723729990842703
417,55093,0.99957125086758536,-0.00042884107160406654,0.00042884107160406654,0.99960381210577998,-0.00039626639737919199,0.00039626639737919199,3.2574674224874556e-05
418,15173,0.99999732661184948,-2.6733917240661987e-06,2.6733917240661987e-06,0.99999717866075633,-2.8213432236483755e-06,2.8213432236483755e-06,-1.4795149958217679e-07
419,13,0.65368069484424685,-0.42513628093316397,0.42513628093316397,0.65041038289288489,-0.43015175701850816,0.43015175701850816,-0.0050154760853441949
420,11876,0.77512761409459874,-0.25472759983644178,0.25472759983644178,0.71046434600710962,-0.3418365142563915,0.3418365142563915,-0.087108914419949723
421,52757,0.9999583687265059,-4.1632140099642517e-05,4.1632140099642517e-05,0.99995801277139862,-4.1988110089760582e-05,4.1988110089760582e-05,-3.5596999011806564e-07
422,6052,0.98920588407847676,-0.010852795032230711,0.010852795032230711,0.99142824365753757,-0.0086087051414440452,0.0086087051414440452,0.0022440898907866661
423,520,0.99351929611272827,-0.0065017948208214845,0.0065017948208214845,0.99417901514052065,-0.0058379928260399354,0.0058379928260399354,0.00066380199478154912
424,28395,0.99999946775903337,-5.3224110832166055e-07,5.3224110832166055e-07,0.999999401518886,-5.9848129306827623e-07,5.9848129306827623e-07,-6.6240184746615678e-08
425,220,0.99999995435907996,-4.5640921111209645e-08,4.5640921111209645e-08,0.99999995639276185,-4.3607239090359021e-08,4.3607239090359021e-08,2.033682020850624e-09
426,9335,0.99999995265661346,-4.7343387644188445e-08,4.7343387644188445e-08,0.99999997506350891,-2.4936491449471287e-08,2.4936491449471287e-08,2.2406896194717158e-08
427,304,0.86080082271523573,-0.14989213381852676,0.14989213381852676,0.86971020792594511,-0.13959521715974293,0.13959521715974293,0.010296916658783822
428,6790,0.99998737626692702,-1.2623812752956888e-05,1.2623812752956888e-05,0.9999901632717334,-9.8367766475067824e-06,9.8367766475067824e-06,2.7870361054501054e-06
429,220,0.4993476212913413,-0.69445278991434989,0.69445278991434989,0.46180700754299908,-0.7726082077658738,0.7726082077658738,-0.078155417851523912
430,679,0.99999707575808305,-2.9242461926049172e-06,2.9242461926049172e-06,0.9999970283589581,-2.9716454572757072e-06,2.9716454572757072e-06,-4.7399264670789999e-08
431,16,0.99998441822691808,-1.5581894479020643e-05,1.5581894479020643e-05,0.99999152187805573,-8.478157883753613e-06,8.478157883753613e-06,7.1037365952670298e-06
432,719,0.8748463474986935,-0.13370701090314577,0.13370701090314577,0.88559863563948105,-0.12149143819472204,0.12149143819472204,0.01221557270842373
433,5675,0.9983185481709711,-0.00168286705580182,0.00168286705580182,0.99846992762885989,-0.0015312441272709331,0.0015312441272709331,0.00015162292853088686
434,311,0.99999779548909018,-2.2045133397690509e-06,2.2045133397690509e-06,0.99999806767661514,-1.93232525181715e-06,1.93232525181715e-06,2.7218808795190092e-07
435,362,0.99999895137108596,-1.0486294638992918e-06,1.0486294638992918e-06,0.99999873519575322,-1.2648050466352197e-06,1.2648050466352197e-06,-2.1617558273592794e-07
436,1638,0.99999998616624253,-1.3833757599239027e-08,1.3833757599239027e-08,0.99999998645182475,-1.3548175378613806e-08,1.3548175378613806e-08,2.855822206252217e-10
437,1334,0.99999976908577692,-2.3091424970609188e-07,2.3091424970609188e-07,0.99999979045830323,-2.095417186717287e-07,2.095417186717287e-07,2.1372531034363182e-08
438,6193,0.99999777472123508,-2.2252812409100198e-06,2.2252812409100198e-06,0.99999762508406664,-2.3749187535006262e-06,2.3749187535006262e-06,-1.4963751259060636e-07
439,68,0.99999980660901977,-1.9339099894433271e-07,1.9339099894433271e-07,0.99999990904696789,-9.0953036296267884e-08,9.0953036296267884e-08,1.0243796264806483e-07
440,336,0.99999985028690475,-1.4971310647385313e-07,1.4971310647385313e-07,0.99999982487758809,-1.7512242721331547e-07,1.7512242721331547e-07,-2.5409320739462339e-08
441,323,0.99986630056741121,-0.00013370837115469071,0.00013370837115469071,0.99988264487179013,-0.00011736201486168874,0.00011736201486168874,1.6346356293001974e-05
442,40522,0.99287285073112563,-0.0071526687234908827,0.0071526687234908827,0.99456946326624196,-0.0054453357002371043,0.0054453357002371043,0.0017073330232537784
443,22311,0.99990909405481376,-9.0910077382119032e-05,9.0910077382119032e-05,0.9999056583792556,-9.4346071194980108e-05,9.4346071194980108e-05,-3.4359938128610766e-06
444,505,0.99999984322137447,-1.5677863777247905e-07,1.5677863777247905e-07,0.99999979040616549,-2.0959385651039553e-07,2.0959385651039553e-07,-5.2815218737916479e-08
445,43667,0.99998348039257312,-1.6519743877082208e-05,1.6519743877082208e-05,0.99999152095269916,-8.4790832481310598e-06,8.4790832481310598e-06,8.0406606289511484e-06
446,382,0.99864104417201816,-0.0013598800458621389,0.0013598800458621389,0.99905354725309092,-0.00094690091611307091,0.00094690091611307091,0.00041297912974906799
447,24641,0.96000831908398387,-0.040813328845319033,0.040813328845319033,0.97368064243125962,-0.026671911618933373,0.026671911618933373,0.01414141722638566
448,52757,0.99999351712272833,-6.4828982855802555e-06,6.4828982855802555e-06,0.99999387192093347,-6.1280978433221687e-06,6.1280978433221687e-06,3.548004422580868e-07
449,706,0.43008962215118191,-0.84376166840431166,0.84376166840431166,0.43397382445049637,-0.83477105902663895,0.83477105902663895,0.0089906093776727092
450,1027,0.88595707540321567,-0.12108677717684767,0.12108677717684767,0.81317079374220069,-0.20681411309401351,0.20681411309401351,-0.085727335917165845
451,9152,0.51999490479483301,-0.6539362659261444,0.6539362659261444,0.58619258566929766,-0.5341068989100386,0.5341068989100386,0.1198293670161058
452,555,0.9999564565184228,-4.3544429622139407e-05,4.3544429622139407e-05,0.99994625088121636,-5.3750563319282407e-05,5.3750563319282407e-05,-1.0206133697143e-05
453,7043,0.99998705731073945,-1.2942773017840196e-05,1.2942773017840196e-05,0.9999856238019782,-1.4376301360296216e-05,1.4376301360296216e-05,-1.4335283424560193e-06
454,28653,0.99998668589713946,-1.3314191493943986e-05,1.3314191493943986e-05,0.99998384460470269,-1.615552579710151e-05,1.615552579710151e-05,-2.8413343031575242e-06
455,1543,0.99999998099496457,-1.900503558675422e-08,1.900503558675422e-08,0.99999998251898414,-1.7481016037353231e-08,1.7481016037353231e-08,1.5240195494009886e-09
456,6957,0.9998769455963199,-0.00012306197549442544,0.00012306197549442544,0.99992937937956272,-7.0623114190754947e-05,7.0623114190754947e-05,5.243886130367049e-05
457,813,0.76028155694546906,-0.27406644464361185,0.27406644464361185,0.76307499716743921,-0.27039896004125585,0.27039896004125585,0.003667484602355997
458,6721,0.99634726885505376,-0.0036594186574450873,0.0036594186574450873,0.99684628648569173,-0.003158696949082026,0.003158696949082026,0.00050072170836306133
459,36540,0.99997140144823626,-2.8598960710086292e-05,2.8598960710086292e-05,0.99997783478343716,-2.2165462214830252e-05,2.2165462214830252e-05,6.4334984952560407e-06
460,7076,0.99925370264605506,-0.00074657597244526751,0.00074657597244526751,0.99945964515555219,-0.00054050088873967568,0.00054050088873967568,0.00020607508370559184
461,323,0.99446925811028952,-0.0055460930710819903,0.0055460930710819903,0.99499990850270492,-0.0050126337806290118,0.0050126337806290118,0.00053345929045297853
462,706,0.99999826196847852,-1.738033031906541e-06,1.738033031906541e-06,0.99999812444458713,-1.8755571717500822e-06,1.8755571717500822e-06,-1.3752413984354122e-07
463,2010,0.99972786641454148,-0.00027217062052180041,0.00027217062052180041,0.99979868481559786,-0.00020133545102396072,0.00020133545102396072,7.0835169497839696e-05
464,15472,0.99999692429686915,-3.0757078608444476e-06,3.0757078608444476e-06,0.99999674701936503,-3.2529859258755192e-06,3.2529859258755192e-06,-1.7727806503107164e-07
465,12387,0.99972616909570278,-0.00027386840282495587,0.00027386840282495587,0.99979490726738429,-0.0002051137670062828,0.0002051137670062828,6.8754635818673074e-05
466,2343,0.99998377638708602,-1.6223744518222738e-05,1.6223744518222738e-05,0.99999300450796036,-6.995516508256886e-06,6.995516508256886e-06,9.2282280099658516e-06
467,17453,0.99999887368509199,-1.1263155422537598e-06,1.1263155422537598e-06,0.99999899066777953,-1.0093327298338127e-06,1.0093327298338127e-06,1.1698281241994709e-07
468,23318,0.99998352156908676,-1.6478566684031542e-05,1.6478566684031542e-05,0.99998322416065788,-1.6775980058123027e-05,1.6775980058123027e-05,-2.9741337409148498e-07
469,4455,0.99999730115667473,-2.6988469671045769e-06,2.6988469671045769e-06,0.99999561936236547,-4.3806472295716576e-06,4.3806472295716576e-06,-1.6818002624670807e-06
470,369,0.99618447677778943,-0.0038228208998268317,0.0038228208998268317,0.99684672166907873,-0.0031582603890046501,0.0031582603890046501,0.00066456051082218167
471,2225,0.99952024382752314,-0.00047987129229046103,0.00047987129229046103,0.99963175799254356,-0.00036830982519387025,0.00036830982519387025,0.00011156146709659077
472,34538,0.65859821706526722,-0.41764161620225726,0.41764161620225726,0.50712864642275146,-0.67899056709882477,0.67899056709882477,-0.26134895089656751
473,323,0.99999976883051966,-2.3116950701791264e-07,2.3116950701791264e-07,0.99999977123736727,-2.2876265885107957e-07,2.2876265885107957e-07,2.4068481668330726e-09
474,28395,0.99978200091334157,-0.00021802285191320438,0.00021802285191320438,0.99967152942885495,-0.00032852452941917995,0.00032852452941917995,-0.00011050167750597557
475,13,0.92353289288167661,-0.079548862346732793,0.079548862346732793,0.9388348601465224,-0.063115683029008163,0.063115683029008163,0.01643317931772463
476,763,0.77213635679969195,-0.25859411657537018,0.25859411657537018,0.76187484594235566,-0.27197298095517852,0.27197298095517852,-0.013378864379808342
477,220,0.99781727601563031,-0.0021851095984224845,0.0021851095984224845,0.99749450350961411,-0.0025086404993511211,0.0025086404993511211,-0.00032353090092863664
478,679,0.99999991105377239,-8.8946231532335973e-08,8.8946231532335973e-08,0.99999985222587073,-1.4777414021938163e-07,1.4777414021938163e-07,-5.8827908687045655e-08
479,20,0.99095477184014469,-0.0090863846036815087,0.0090863846036815087,0.98829161954142197,-0.011777463306676934,0.011777463306676934,-0.0026910787029954253
480,11,0.9999999696394033,-3.0360597130655928e-08,3.0360597130655928e-08,0.9999999543484811,-4.5651519965852737e-08,4.5651519965852737e-08,-1.5290922835196809e-08
481,459,0.99927679574439754,-0.00072346589395305564,0.00072346589395305564,0.9995318621597018,-0.00046824745102690455,0.00046824745102690455,0.00025521844292615109
482,27290,0.99990237426557083,-9.7630500131323588e-05,9.7630500131323588e-05,0.99991802987813805,-8.1973481596025777e-05,8.1973481596025777e-05,1.5657018535297811e-05
483,916,0.99987502204850454,-0.00012498576189040321,0.00012498576189040321,0.99995619382887302,-4.3807130645306689e-05,4.3807130645306689e-05,8.1178631245096519e-05
484,4652,0.99999666217729488,-3.3378282756514537e-06,3.3378282756514537e-06,0.99999594274516135,-4.0572630693368056e-06,4.0572630693368056e-06,-7.1943479368535188e-07
485,14183,0.99998975674013035,-1.0243312332145495e-05,1.0243312332145495e-05,0.99999037663064927,-9.623415655659625e-06,9.623415655659625e-06,6.1989667648586996e-07
486,311,0.99999992718441977,-7.2815582910104345e-08,7.2815582910104345e-08,0.99999989312143123,-1.0687857449678771e-07,1.0687857449678771e-07,-3.4062991586683368e-08
487,11876,0.99891055420892372,-0.0010900396685128034,0.0010900396685128034,0.9989941458325996,-0.0010063603781814122,0.0010063603781814122,8.3679290331391222e-05
488,52757,0.99999213971570988,-7.8603151823367771e-06,7.8603151823367771e-06,0.99999320597119168,-6.7940518878860383e-06,6.7940518878860383e-06,1.0662632944507387e-06
489,439,0.99999998641093457,-1.358906555818974e-08,1.358906555818974e-08,0.9999999815245374,-1.8475462766646027e-08,1.8475462766646027e-08,-4.8863972084562864e-09
490,330,0.99988123022432451,-0.00011877682936386352,0.00011877682936386352,0.99989989064147988,-0.00010011436979643001,0.00010011436979643001,1.8662459567433511e-05
491,1820,0.99994330060633063,-5.6701001140705997e-05,5.6701001140705997e-05,0.99992421174201584,-7.5791130059267507e-05,7.5791130059267507e-05,-1.909012891856151e-05
492,1455,0.99999975718000733,-2.4282002214056684e-07,2.4282002214056684e-07,0.99999980562671809,-1.9437330077138673e-07,1.9437330077138673e-07,4.8446721369180108e-08
493,27332,0.99997718554750381,-2.2814712749729824e-05,2.2814712749729824e-05,0.99996586615525751,-3.4134427315377455e-05,3.4134427315377455e-05,-1.1319714565647631e-05
494,34880,0.99999488892633315,-5.1110867284411604e-06,5.1110867284411604e-06,0.99999565981644067,-4.3401929779398836e-06,4.3401929779398836e-06,7.7089375050127673e-07
495,304,0.9999998821797752,-1.1782023173565441e-07,1.1782023173565441e-07,0.99999989105911136,-1.0894089458876532e-07,1.0894089458876532e-07,8.8793371468890932e-09
496,463,0.99999626010672649,-3.7399002668893049e-06,3.7399002668893049e-06,0.99999899826778993,-1.0017327117560163e-06,1.0017327117560163e-06,2.7381675551332887e-06
497,36540,0.99992743963931108,-7.2562993319257347e-05,7.2562993319257347e-05,0.99997513805638916,-2.4862252674134843e-05,2.4862252674134843e-05,4.7700740645122503e-05
498,3925,0.99999845738619286,-1.5426149969581766e-06,1.5426149969581766e-06,0.99999776770998983,-2.2322925017317065e-06,2.2322925017317065e-06,-6.8967750477352983e-07
499,1210,0.84585318113535868,-0.16740947919380694,0.16740947919380694,0.86068192362970475,-0.15003026948787632,0.15003026948787632,0.017379209705930626
500,11876,0.002681813021536758,-5.9212622126093191,5.9212622126093191,0.0019279743434624033,-6.2512853902151049,6.2512853902151049,-0.33002317760578581
501,52757,0.99999285095471147,-7.1490708430948763e-06,7.1490708430948763e-06,0.99999234960553407,-7.6504237303232777e-06,7.6504237303232777e-06,-5.0135288722840144e-07
502,706,0.81417544612671433,-0.20557940042189207,0.20557940042189207,0.86373628287864079,-0.14648778491939538,0.14648778491939538,0.059091615502496697
503,1101,0.63712520344244783,-0.45078909100874259,0.45078909100874259,0.69895496564437865,-0.35816896565590062,0.35816896565590062,0.092620125352841975
504,1027,0.9870157801921059,-0.013069251639881353,0.013069251639881353,0.98900851582695615,-0.011052336853567052,0.011052336853567052,0.0020169147863143017
505,264,0.77515968991898454,-0.25468621934611935,0.25468621934611935,0.75199657959108146,-0.28502350345875638,0.28502350345875638,-0.030337284112637031
506,3830,0.99541426998139693,-0.0045962767337820619,0.0045962767337820619,0.99467801767153752,-0.0053361945235424089,0.0053361945235424089,-0.00073991778976034706
507,5274,0.99996806900421831,-3.1931505586796024e-05,3.1931505586796024e-05,0.99997690984199972,-2.309042458210955e-05,2.309042458210955e-05,8.8410810046864745e-06
508,37392,0.99997718738966967,-2.2812870541849871e-05,2.2812870541849871e-05,0.99997920050409805,-2.0799712214477039e-05,2.0799712214477039e-05,2.0131583273728315e-06
509,304,0.99985469690943629,-0.00014531364808047028,0.00014531364808047028,0.99992587085707474,-7.4131890626004314e-05,7.4131890626004314e-05,7.1181757454465966e-05
510,28395,0.84104243772251774,-0.17311315925671777,0.17311315925671777,0.88037484693042745,-0.12740749978518212,0.12740749978518212,0.045705659471535653
511,11,0.99043337281349453,-0.0096126813215580316,0.0096126813215580316,0.99140699158276591,-0.0086301411885695966,0.0086301411885695966,0.000982540132988435
512,24435,0.54952102834226701,-0.59870823773187398,0.59870823773187398,0.5359801464794457,-0.6236581587476262,0.6236581587476262,-0.024949921015752219
513,304,0.99999994491070276,-5.508929871526477e-08,5.508929871526477e-08,0.99999990195896993,-9.8041034925078035e-08,9.8041034925078035e-08,-4.2951736209813265e-08
514,3892,0.9871622360570943,-0.012920880151543756,0.012920880151543756,0.99056895840804959,-0.0094757954707642509,0.0094757954707642509,0.003445084680779505
515,315,0.98861029495641362,-0.011455064491222482,0.011455064491222482,0.9904291451806172,-0.0096169497983845751,0.0096169497983845751,0.0018381146928379069
516,279,0.99999678614506671,-3.2138600976877279e-06,3.2138600976877279e-06,0.99999797411760383,-2.0258844482289105e-06,2.0258844482289105e-06,1.1879756494588174e-06
517,1888,0.99922572522088771,-0.00077457468464530051,0.00077457468464530051,0.99950689790162328,-0.00049322371319711063,0.00049322371319711063,0.00028135097144818988
518,48724,0.99998785789976929,-1.2142173946612576e-05,1.2142173946612576e-05,0.99999098119374996,-9.0188469197180557e-06,9.0188469197180557e-06,3.1233270268945208e-06
519,2343,0.99992288260433315,-7.7120369366055083e-05,7.7120369366055083e-05,0.99996252199363533,-3.7478708682705451e-05,3.7478708682705451e-05,3.9641660683349632e-05
520,17453,0.99999747244426074,-2.5275589335389109e-06,2.5275589335389109e-06,0.99999870276254144,-1.29723830002612e-06,1.29723830002612e-06,1.2303206335127909e-06
521,23318,0.989160167198881,-0.010899011837835952,0.010899011837835952,0.98982125547838895,-0.010230902176448091,0.010230902176448091,0.00066810966138786121
522,4455,0.99999127779592156,-8.7222421170506605e-06,8.7222421170506605e-06,0.99998641027751678,-1.3589814824315285e-05,1.3589814824315285e-05,-4.8675727072646241e-06
523,304,0.99963102983089991,-0.00036903825534130406,0.00036903825534130406,0.99973855932757405,-0.0002614748539963672,0.0002614748539963672,0.00010756340134493686
524,28395,0.9869215849581453,-0.013164690568892003,0.013164690568892003,0.99119133612634303,-0.0088476894980374105,0.0088476894980374105,0.0043170010708545922
525,3925,0.99999631339107387,-3.6866157216866148e-06,3.6866157216866148e-06,0.99999488844088624,-5.1115721778607622e-06,5.1115721778607622e-06,-1.4249564561741474e-06
526,11,0.96905874153441252,-0.031430048150188482,0.031430048150188482,0.95646732075184382,-0.044508656130495844,0.044508656130495844,-0.013078607980307362
527,2737,0.99998368372726498,-1.6316405846896635e-05,1.6316405846896635e-05,0.99997210123640001,-2.789915277771268e-05,2.789915277771268e-05,-1.1582746930816045e-05
528,28395,0.99999888927539327,-1.1107252235586724e-06,1.1107252235586724e-06,0.99999881796656009,-1.1820341385190207e-06,1.1820341385190207e-06,-7.1308914960348379e-08
529,220,0.99999997099596571,-2.9004034752968387e-08,2.9004034752968387e-08,0.99999997676256147,-2.3237438814066894e-08,2.3237438814066894e-08,5.7665959389014934e-09
530,1041,0.99999833197619059,-1.6680252005842273e-06,1.6680252005842273e-06,0.99999910883321064,-8.9116718641589711e-07,8.9116718641589711e-07,7.768580141683302e-07
531,323,0.99999842738081135,-1.5726204252146979e-06,1.5726204252146979e-06,0.99999919778081792,-8.0221950390147646e-07,8.0221950390147646e-07,7.7040092131322148e-07
532,28395,0.99999885489919749,-1.1451014581686663e-06,1.1451014581686663e-06,0.99999881934856771,-1.1806521292015249e-06,1.1806521292015249e-06,-3.5550671032858548e-08
533,220,0.999999839695901,-1.6030411179248144e-07,1.6030411179248144e-07,0.99999986065705138,-1.3934295834472741e-07,1.3934295834472741e-07,2.0961153447754028e-08
534,1049,0.99999876977530566,-1.2302254510658096e-06,1.2302254510658096e-06,0.99999974477323927,-2.5522679332559926e-07,2.5522679332559926e-07,9.7499865774021032e-07
535,13,0.63835869316089078,-0.44885493863525899,0.44885493863525899,0.69846687378207861,-0.35886752620272716,0.35886752620272716,0.089987412432531833
536,4815,0.00020793038780022829,-8.4783072083161741,8.4783072083161741,0.00016645166641347854,-8.700805582497539,8.700805582497539,-0.22249837418136487
537,644,0.42510479333221113,-0.85541956790535534,0.85541956790535534,0.4160085359160372,-0.87704949990245062,0.87704949990245062,-0.021629931997095286
538,5936,0.67259989168535395,-0.39660464071470525,0.39660464071470525,0.70760793430665181,-0.34586510377653995,0.34586510377653995,0.050739536938165297
539,220,0.99996594752497836,-3.405305482030576e-05,3.405305482030576e-05,0.99996330728123839,-3.6693391955857408e-05,3.6693391955857408e-05,-2.6403371355516485e-06
540,679,0.99997052714941381,-2.9473284919235029e-05,2.9473284919235029e-05,0.99996145869774389,-3.8542044991240766e-05,3.8542044991240766e-05,-9.0687600720057364e-06
541,17,0.99995993875003764,-4.0062052435672446e-05,4.0062052435672446e-05,0.99996424266598327,-3.5757973325424066e-05,3.5757973325424066e-05,4.3040791102483795e-06
542,11,0.99982307784600555,-0.00017693780656493054,0.00017693780656493054,0.99988068133459895,-0.00011932578443926997,0.00011932578443926997,5.7612022125660574e-05
543,11876,0.99912246611338928,-0.00087791914487301377,0.00087791914487301377,0.99944554080766068,-0.00055461296167914485,0.00055461296167914485,0.00032330618319386891
544,52757,0.99998832890184408,-1.1671166263742239e-05,1.1671166263742239e-05,0.99999260297574943,-7.3970516086549586e-06,7.3970516086549586e-06,4.2741146550872806e-06
545,6052,0.80464058096878044,-0.21735958453550236,0.21735958453550236,0.79648753816806839,-0.22754379549445686,0.22754379549445686,-0.010184210958954498
546,311,0.99999908654422942,-9.1345618782161371e-07,9.1345618782161371e-07,0.99999881465470586,-1.1853459967166876e-06,1.1853459967166876e-06,-2.7188980889507388e-07
547,6721,0.5544806157394645,-0.58972343089209711,0.58972343089209711,0.68203094919030061,-0.38268024212388896,0.38268024212388896,0.20704318876820815
548,36540,0.99999522459324797,-4.7754181543529972e-06,4.7754181543529972e-06,0.99999402026541873,-5.9797524599156531e-06,5.9797524599156531e-06,-1.2043343055626559e-06
549,323,0.71971005470279914,-0.32890684987984958,0.32890684987984958,0.63988501235476858,-0.44646678696635733,0.44646678696635733,-0.11755993708650775
550,48041,0.72176988672898523,-0.32604890733203895,0.32604890733203895,0.73132358033846701,-0.31289926281311053,0.31289926281311053,0.013149644518928416
551,1619,0.99998326251287883,-1.6737627194428991e-05,1.6737627194428991e-05,0.99997992595969887,-2.0074241787401201e-05,2.0074241787401201e-05,-3.3366145929722108e-06
552,34538,0.9999475867140285,-5.2414659595728686e-05,5.2414659595728686e-05,0.9999729569422664,-2.7043423403689908e-05,2.7043423403689908e-05,2.5371236192038778e-05
553,1306,0.99739194165668477,-0.0026114652523772535,0.0026114652523772535,0.99856385733341124,-0.0014371749078837144,0.0014371749078837144,0.0011742903444935391
554,459,0.99999228962909836,-7.7104006267550768e-06,7.7104006267550768e-06,0.99999554054389328,-4.4594660501565822e-06,4.4594660501565822e-06,3.2509345765984946e-06
555,8223,0.99979848314042874,-0.00020153716682187435,0.00020153716682187435,0.99985787840780482,-0.00014213169242560319,0.00014213169242560319,5.9405474396271159e-05
556,4771,0.99999277896129846,-7.2210647733264586e-06,7.2210647733264586e-06,0.99999576312947847,-4.2368794971440139e-06,4.2368794971440139e-06,2.9841852761824447e-06
557,81286,0.99999105809610522,-8.9419438738508633e-06,8.9419438738508633e-06,0.99999484289405283,-5.1571192450476655e-06,5.1571192450476655e-06,3.7848246288031979e-06
558,13,0.99909865273719556,-0.00090175372050660407,0.00090175372050660407,0.99927015120489449,-0.00073011526440017248,0.00073011526440017248,0.00017163845610643159
559,9220,0.47530467431424506,-0.74379926096019444,0.74379926096019444,0.48148323647415814,-0.7308838635646453,0.7308838635646453,0.012915397395549144
560,1667,0.99999315228835128,-6.8477350944156595e-06,6.8477350944156595e-06,0.99999198746983009,-8.0125622704467657e-06,8.0125622704467657e-06,-1.1648271760311062e-06
561,3010,0.99999767617154089,-2.323831159243487e-06,2.323831159243487e-06,0.99999681181000044,-3.1881950817954822e-06,3.1881950817954822e-06,-8.643639225519952e-07
562,11,0.99993320598152036,-6.6796249299378344e-05,6.6796249299378344e-05,0.99995261678131497,-4.7384341305248121e-05,4.7384341305248121e-05,1.9411907994130222e-05
563,520,0.9784982705865598,-0.021736259560383761,0.021736259560383761,0.98054049184214664,-0.019651337062134806,0.019651337062134806,0.0020849224982489555
564,99399,0.99999121878023933,-8.7812583158458841e-06,8.7812583158458841e-06,0.99999181653673308,-8.1834967516709283e-06,8.1834967516709283e-06,5.9776156417495586e-07
565,1692,0.99988110645825379,-0.00011890061014356537,0.00011890061014356537,0.99989924441632139,-0.0001007606598633832,0.0001007606598633832,1.8139950280182164e-05
566,689,0.99999984012142429,-1.598785884663056e-07,1.598785884663056e-07,0.99999955675650565,-4.4324359262944956e-07,4.4324359262944956e-07,-2.8336500416314396e-07
567,20572,0.99976276191893731,-0.00023726622646773281,0.00023726622646773281,0.99988380718274095,-0.00011619956816742086,0.00011619956816742086,0.00012106665830031195
568,11,0.99999579098078339,-4.2090280745742797e-06,4.2090280745742797e-06,0.99999544588292899,-4.5541274410317062e-06,4.5541274410317062e-06,-3.450993664574265e-07
569,11876,0.99804509478124837,-0.0019568185399397699,0.0019568185399397699,0.99774638982329689,-0.0022561533777583813,0.0022561533777583813,-0.00029933483781861142
570,52757,0.99998106696520495,-1.8933214027216367e-05,1.8933214027216367e-05,0.99998381912664736,-1.6181004264384225e-05,1.6181004264384225e-05,2.7522097628321414e-06
571,24164,0.99993060585324101,-6.9396554644198555e-05,6.9396554644198555e-05,0.99993559330450743,-6.44087696928916e-05,6.44087696928916e-05,4.9877849513069546e-06
572,578,0.99987918823831234,-0.00012081906001637916,0.00012081906001637916,0.99994210908097558,-5.7892594768293685e-05,5.7892594768293685e-05,6.2926465248085487e-05
573,99773,0.99999925464467188,-7.4535560590251804e-07,7.4535560590251804e-07,0.99999941185104024,-5.8814913274276601e-07,5.8814913274276601e-07,1.5720647315975204e-07
574,4506,0.99999938307727354,-6.1692291674710549e-07,6.1692291674710549e-07,0.99999933439005184,-6.6561016972985205e-07,6.6561016972985205e-07,-4.8687252982746557e-08
575,311,0.99918843602064744,-0.00081189347568249085,0.00081189347568249085,0.99964739954587734,-0.0003526626322791945,0.0003526626322791945,0.00045923084340329635
576,842,0.99995775452686508,-4.2246365499994272e-05,4.2246365499994272e-05,0.99997892013406053,-2.1080088122943606e-05,2.1080088122943606e-05,2.1166277377050667e-05
577,813,0.99991808564947882,-8.191770568479205e-05,8.191770568479205e-05,0.99994462912362569,-5.5372409397851839e-05,5.5372409397851839e-05,2.6545296286940211e-05
578,93576,0.99984282731884533,-0.0001571850340749167,0.0001571850340749167,0.99989773716478969,-0.00010226806441051119,0.00010226806441051119,5.4916969664405506e-05
579,30314,0.99999801704329616,-1.9829586698517888e-06,1.9829586698517888e-06,0.99999819189431516,-1.8081073194885147e-06,1.8081073194885147e-06,1.7485135036327415e-07
580,520,0.99040435998803955,-0.009641974811859258,0.009641974811859258,0.98933008681957302,-0.010727244884964009,0.010727244884964009,-0.0010852700731047507
581,279,0.99992693568546676,-7.3066983860244625e-05,7.3066983860244625e-05,0.99995549298503006,-4.4508005436477367e-05,4.4508005436477367e-05,2.8558978423767258e-05
582,21134,0.9992824251356206,-0.00071783244445179412,0.00071783244445179412,0.99950797020375848,-0.00049215088262210031,0.00049215088262210031,0.00022568156182969381
583,9974,0.99999656083093869,-3.4391749752174537e-06,3.4391749752174537e-06,0.99999549849663749,-4.5015134942499586e-06,4.5015134942499586e-06,-1.0623385190325049e-06
584,1567,0.99999882290613296,-1.1770945598263827e-06,1.1770945598263827e-06,0.99999854591168791,-1.4540893693229968e-06,1.4540893693229968e-06,-2.7699480949661412e-07
585,13,0.99219611013597997,-0.0078344995663527164,0.0078344995663527164,0.9940209983981273,-0.0059969473996743993,0.0059969473996743993,0.0018375521666783171
586,11876,0.027962293834548253,-3.5768983251193722,3.5768983251193722,0.022728526514115052,-3.784134468818821,3.784134468818821,-0.20723614369944876
587,52757,0.99996819111102864,-3.1809394884810885e-05,3.1809394884810885e-05,0.99995412686584217,-4.5874186362203096e-05,4.5874186362203096e-05,-1.4064791477392211e-05
588,706,0.8757535029308382,-0.13267061699151486,0.13267061699151486,0.85630495685009778,-0.15512870828275846,0.15512870828275846,-0.022458091291243598
589,8738,0.44690099551010137,-0.80541819545492055,0.80541819545492055,0.42565582634815757,-0.8541241786260354,0.8541241786260354,-0.048705983171114853
590,311,0.99999390682341949,-6.0931951440407361e-06,6.0931951440407361e-06,0.99999344465127982,-6.55537020654432e-06,6.55537020654432e-06,-4.6217506250358391e-07
591,387,0.80306877286378031,-0.21931492379138345,0.21931492379138345,0.7969947042663561,-0.2269072447982432,0.2269072447982432,-0.007592321006859748
592,264,0.97972212604431563,-0.020486292376700754,0.020486292376700754,0.97690383246993795,-0.02336706323754012,0.02336706323754012,-0.0028807708608393663
593,25462,0.38461431745726427,-0.95551421964239847,0.95551421964239847,0.41231821226011917,-0.88595986789433279,0.88595986789433279,0.069554351748065679
594,5457,0.99780558142530151,-0.002196829839334077,0.002196829839334077,0.99718529698218983,-0.0028186717432879321,0.0028186717432879321,-0.00062184190395385506
595,304,0.99999883427958491,-1.1657210945459964e-06,1.1657210945459964e-06,0.99999926118325633,-7.3881701664412294e-07,7.3881701664412294e-07,4.2690407790187342e-07
596,6721,0.35988394020671471,-1.0219736878249472,1.0219736878249472,0.54978952507068746,-0.59821975568660335,0.59821975568660335,0.42375393213834389
597,36540,0.99999431728826982,-5.6827278768431812e-06,5.6827278768431812e-06,0.99999406832016791,-5.9316974246192042e-06,5.9316974246192042e-06,-2.4896954777602304e-07
598,11,0.87050526469378864,-0.13868147189581342,0.13868147189581342,0.84740186916000859,-0.1655802350333091,0.1655802350333091,-0.026898763137495674
599,2010,0.73536811812201552,-0.30738406416594966,0.30738406416594966,0.67091516208205859,-0.39911258505313285,0.39911258505313285,-0.091728520887183196
600,35981,0.99991620113314295,-8.3802378178313706e-05,8.3802378178313706e-05,0.99992776148596607,-7.224112336099304e-05,7.224112336099304e-05,1.1561254817320666e-05
601,12387,0.97666145445954922,-0.023615202384211151,0.023615202384211151,0.97032860646453356,-0.030120495303091063,0.030120495303091063,-0.0065052929188799125
602,2343,0.96843546172025752,-0.032073435711925072,0.032073435711925072,0.96219982496086265,-0.038533131632345237,0.038533131632345237,-0.0064596959204201651
603,17453,0.99999629900079556,-3.7010060531930202e-06,3.7010060531930202e-06,0.99999761195919912,-2.3880436522755832e-06,2.3880436522755832e-06,1.312962400917437e-06
604,23318,0.99993814563049377,-6.1856282566628826e-05,6.1856282566628826e-05,0.99996177569490208,-3.8225035665247307e-05,3.8225035665247307e-05,2.363124690138152e-05
605,4455,0.9999980671655897,-1.9328362782721339e-06,1.9328362782721339e-06,0.99999698644571533,-3.0135588254102332e-06,3.0135588254102332e-06,-1.0807225471380992e-06
606,323,0.97243042863011209,-0.027956744732238723,0.027956744732238723,0.97910480178030346,-0.021116592354387034,0.021116592354387034,0.0068401523778516896
607,11230,0.41819429386505208,-0.8718091365927616,0.8718091365927616,0.42871323662217314,-0.84696702966598469,0.84696702966598469,0.024842106926776908
608,5361,0.69410949189409454,-0.36512556161975163,0.36512556161975163,0.69966597476191461,-0.35715223673637053,0.35715223673637053,0.0079733248833810944
609,59284,0.99947250809430765,-0.00052763107849142135,0.00052763107849142135,0.99948160745492032,-0.00051852695694914878,0.00051852695694914878,9.1041215422725703e-06
610,13,0.95720291383630185,-0.043739878827706961,0.043739878827706961,0.96264288908717688,-0.038072767644258626,0.038072767644258626,0.0056671111834483354
611,1283,0.0055490885160277628,-5.1941215960575873,5.1941215960575873,0.005445831375712991,-5.2129048481711893,5.2129048481711893,-0.018783252113601989
612,374,0.87848283790638682,-0.12955890722436703,0.12955890722436703,0.87259852147196282,-0.13627971268787165,0.13627971268787165,-0.0067208054635046199
613,13882,0.91022115387318281,-0.094067682763066152,0.094067682763066152,0.91213321385190127,-0.091969231754603822,0.091969231754603822,0.0020984510084623292
614,27458,0.78109109644394314,-0.24706349517116241,0.24706349517116241,0.74981180899938737,-0.28793302527195613,0.28793302527195613,-0.040869530100793722
615,439,0.99999971637261253,-2.8362742773403064e-07,2.8362742773403064e-07,0.9999997204909068,-2.7950913230097544e-07,2.7950913230097544e-07,4.1182954330551985e-09
616,832,0.99999698836633144,-3.0116382035393896e-06,3.0116382035393896e-06,0.99999659956155007,-3.4004442313855284e-06,3.4004442313855284e-06,-3.8880602784613884e-07
617,315,0.99999887826104872,-1.1217395804585675e-06,1.1217395804585675e-06,0.99999807338873781,-1.9266131180813493e-06,1.9266131180813493e-06,-8.0487353762278177e-07
618,279,0.99999997096937854,-2.9030621929101412e-08,2.9030621929101412e-08,0.9999999574557652,-4.2544235673117667e-08,4.2544235673117667e-08,-1.3513613744016254e-08
619,12474,0.98754979026458067,-0.012528362956837458,0.012528362956837458,0.98511832513071029,-0.014993517988468678,0.014993517988468678,-0.0024651550316312203
620,6721,0.95317273864963148,-0.047959133988572683,0.047959133988572683,0.92928546792726097,-0.073339302196056375,0.073339302196056375,-0.025380168207483692
621,98930,0.99889697408673839,-0.0011036346940528031,0.0011036346940528031,0.99885164779364022,-0.0011490120679720644,0.0011490120679720644,-4.5377373919261313e-05
622,315,0.99858264037437916,-0.0014183650299002259,0.0014183650299002259,0.99783548033967828,-0.0021668656188619374,0.0021668656188619374,-0.00074850058896171147
623,682,0.99999989728280336,-1.0271720190894321e-07,1.0271720190894321e-07,0.99999992418572514,-7.5814277757289905e-08,7.5814277757289905e-08,2.690292415165331e-08
624,892,0.99998244018813498,-1.7559966040368545e-05,1.7559966040368545e-05,0.99998329419209464,-1.6705947448883397e-05,1.6705947448883397e-05,8.5401859148514828e-07
625,13,0.95450440640558309,-0.046563019372738969,0.046563019372738969,0.96108845098298223,-0.039688833682299592,0.039688833682299592,0.0068741856904393772
626,4815,0.0015328415393271839,-6.4806320508231412,6.4806320508231412,0.0013896072317264715,-6.5787341388724005,6.5787341388724005,-0.098102088049259351
627,24641,0.39388642602897467,-0.93169267004846867,0.93169267004846867,0.44325196792929378,-0.81361689426487516,0.81361689426487516,0.11807577578359352
628,52757,0.99988181832306311,-0.00011818866094158278,0.00011818866094158278,0.99982761741737591,-0.00017239744220924535,0.00017239744220924535,-5.4208781267662564e-05
629,596,0.73992063222143722,-0.30121235229083138,0.30121235229083138,0.71320652360584602,-0.33798424608343397,0.33798424608343397,-0.036771893792602595
630,53881,0.42482396769770553,-0.85608038951206189,0.85608038951206189,0.38408697406864295,-0.95688625707009922,0.95688625707009922,-0.10080586755803733
631,304,0.59984026618970288,-0.51109188222679069,0.51109188222679069,0.58618780826442141,-0.53411504883288119,0.53411504883288119,-0.023023166606090495
632,2225,0.76614715243538156,-0.26638102268432429,0.26638102268432429,0.65201535767710339,-0.4276871626134085,0.4276871626134085,-0.16130613992908421
633,6721,0.88759085703899088,-0.11924438874399919,0.11924438874399919,0.9167796729383656,-0.086888105018805298,0.086888105018805298,0.032356283725193891
634,36540,0.99999421083248319,-5.789184274087916e-06,5.789184274087916e-06,0.99999294839212105,-7.0516327416859421e-06,7.0516327416859421e-06,-1.2624484675980261e-06
635,323,0.99999862685058905,-1.3731503536751726e-06,1.3731503536751726e-06,0.99999793265921566,-2.0673429212993832e-06,2.0673429212993832e-06,-6.9419256762421065e-07
636,9709,0.59601151259406793,-0.51749529567034735,0.51749529567034735,0.80042837969521663,-0.22260822001056388,0.22260822001056388,0.29488707565978345
637,37959,0.99998388111088776,-1.6119019022871436e-05,1.6119019022871436e-05,0.99998147394390668,-1.8526227702817344e-05,1.8526227702817344e-05,-2.4072086799459082e-06
638,19071,0.99999550520805303,-4.4948020486196245e-06,4.4948020486196245e-06,0.99999532220054121,-4.6778103997540123e-06,4.6778103997540123e-06,-1.8300835113438781e-07
639,617,0.68728859829693134,-0.37500099011347737,0.37500099011347737,0.70255734765210631,-0.35302824743760403,0.35302824743760403,0.021972742675873347
640,1903,0.38541457263268958,-0.95343571200760935,0.95343571200760935,0.42280829784824625,-0.86083639923671496,0.86083639923671496,0.092599312770894393
641,1461,0.99999752410224818,-2.475900816870585e-06,2.475900816870585e-06,0.99999690190234791,-3.0981024511745541e-06,3.0981024511745541e-06,-6.2220163430396915e-07
642,264,0.92693515329875975,-0.075871669154648755,0.075871669154648755,0.94680601666374797,-0.054661046626812905,0.054661046626812905,0.02121062252783585
643,28812,0.64053917266113025,-0.44544500001335918,0.44544500001335918,0.64981021751567014,-0.43107493177769984,0.43107493177769984,0.014370068235659339
644,7216,0.98860349807728454,-0.011461939700320322,0.011461939700320322,0.98905666353953992,-0.011003655229629246,0.011003655229629246,0.00045828447069107617
645,304,0.99999268920543494,-7.3108212890787275e-06,7.3108212890787275e-06,0.99999118551930277,-8.8145195449750846e-06,8.8145195449750846e-06,-1.5036982558963572e-06
646,279,0.98786326177888928,-0.012210989821517214,0.012210989821517214,0.98742887549013458,-0.012650809620888865,0.012650809620888865,-0.00043981979937165148
647,10034,0.47269792061551702,-0.74929874014435227,0.74929874014435227,0.50794511076411009,-0.67738188691839063,0.67738188691839063,0.071916853225961641
648,1917,0.82568670184955928,-0.19153987299356973,0.19153987299356973,0.91328768698922602,-0.090704347266082758,0.090704347266082758,0.10083552572748697
649,13,0.92536198390538293,-0.077570284069106724,0.077570284069106724,0.93519925013611782,-0.06699567064654402,0.06699567064654402,0.010574613422562704
650,5414,0.90703712380977131,-0.097571899374114979,0.097571899374114979,0.85841000786423183,-0.15267342899149564,0.15267342899149564,-0.055101529617380657
651,5845,0.22242679380511166,-1.5031572481199207,1.5031572481199207,0.29600928598640996,-1.217364453574445,1.217364453574445,0.28579279454547568
652,311,0.99999962713034551,-3.7286972396979532e-07,3.7286972396979532e-07,0.99999959587010723,-4.041299744258867e-07,4.041299744258867e-07,-3.1260250456091386e-08
653,25555,0.31257312312912666,-1.1629168431648047,1.1629168431648047,0.33331029430869835,-1.0986814081307097,1.0986814081307097,0.064235435034095012
654,304,0.99998703191726956,-1.2968166816761049e-05,1.2968166816761049e-05,0.99998727827615763,-1.2721804764182586e-05,1.2721804764182586e-05,2.4636205257846323e-07
655,5361,0.57614864861261428,-0.55138958107270042,0.55138958107270042,0.57907806413467267,-0.54631798470341442,0.54631798470341442,0.0050715963692860022
656,49255,0.88510577737104368,-0.12204811866329009,0.12204811866329009,0.89981304093137149,-0.10556826953564494,0.10556826953564494,0.016479849127645149
657,706,0.76887712614194137,-0.2628241061939699,0.2628241061939699,0.73532148144389553,-0.30744748567671493,0.30744748567671493,-0.044623379482745029
658,15662,0.85279840504848747,-0.15923209582501754,0.15923209582501754,0.85095956471344714,-0.16139066656296402,0.16139066656296402,-0.0021585707379464802
659,1461,0.99999877201140874,-1.2279893451826329e-06,1.2279893451826329e-06,0.99999828452604589,-1.715475425550786e-06,1.715475425550786e-06,-4.8748608036815302e-07
660,264,0.68688288309543666,-0.37559147713606084,0.37559147713606084,0.70854737564078696,-0.34453835456288867,0.34453835456288867,0.031053122573172165
661,17444,0.89739734066499466,-0.10825654882218591,0.10825654882218591,0.89659604941520088,-0.10914985345475585,0.10914985345475585,-0.00089330463256993842
662,439,0.99999945921720412,-5.4078294208661593e-07,5.4078294208661593e-07,0.99999936652461241,-6.3347558829020822e-07,6.3347558829020822e-07,-9.2692646203592291e-08
663,832,0.68231641304448543,-0.38226177998403799,0.38226177998403799,0.72015851055600322,-0.32828393765226815,0.32828393765226815,0.053977842331769832
664,315,0.99999910366465727,-8.9633574448543962e-07,8.9633574448543962e-07,0.99999864871694999,-1.3512839630098663e-06,1.3512839630098663e-06,-4.5494821852442666e-07
665,279,0.99999984275938891,-1.5724062348290527e-07,1.5724062348290527e-07,0.99999975004246366,-2.4995756760188182e-07,2.4995756760188182e-07,-9.2716944118976555e-08
666,1455,0.97177033495090992,-0.028635783355132945,0.028635783355132945,0.97612305413496248,-0.024166620460152808,0.024166620460152808,0.0044691628949801374
667,33045,0.62828782943097694,-0.46475689039434098,0.46475689039434098,0.61687489710594046,-0.48308903559328564,0.48308903559328564,-0.01833214519894466
668,323,0.96862932938978252,-0.031873269283768359,0.031873269283768359,0.96626369638663856,-0.034318504395312248,0.034318504395312248,-0.0024452351115438892
669,25462,0.57929040015783295,-0.54595137246890713,0.54595137246890713,0.52037616933463859,-0.65320332636956824,0.65320332636956824,-0.10725195390066111
670,23579,0.99972654001008143,-0.00027349738691946293,0.00027349738691946293,0.99972275358247642,-0.00027728485741662602,0.00027728485741662602,-3.78747049716309e-06
671,304,0.72523695629030671,-0.32125684126430665,0.32125684126430665,0.74898359787004709,-0.28903819440957479,0.28903819440957479,0.032218646854731858
672,3925,0.5433739324306297,-0.60995755437604549,0.60995755437604549,0.56139865825125379,-0.5773240050621028,0.5773240050621028,0.032633549313942689
673,13,0.99952615071218465,-0.00047396158986675381,0.00047396158986675381,0.99939532638881734,-0.00060485649999975468,0.00060485649999975468,-0.00013089491013300086
674,11876,0.026962130266105094,-3.61332198025453,3.61332198025453,0.025880082711988772,-3.6542816133735254,3.6542816133735254,-0.04095963311899542
675,52757,0.99999396352797121,-6.0364902483330668e-06,6.0364902483330668e-06,0.99999335963664948,-6.6403853978384934e-06,6.6403853978384934e-06,-6.038951495054266e-07
676,596,0.94631955827882919,-0.055174967522567842,0.055174967522567842,0.94792155096393671,-0.053483532299009276,0.053483532299009276,0.0016914352235585656
677,20160,0.41426047021274143,-0.88126034788867946,0.88126034788867946,0.42469061470055203,-0.85639434056366681,0.85639434056366681,0.024866007325012651
678,9731,0.99777640635922038,-0.0022260694959974989,0.0022260694959974989,0.99804049225897273,-0.0019614300879671575,0.0019614300879671575,0.00026463940803034139
679,311,0.99999998018817204,-1.98118282037972e-08,1.98118282037972e-08,0.99999995309465439,-4.690534672797434e-08,4.690534672797434e-08,-2.7093518524177141e-08
680,31740,0.40965044660548666,-0.89245105218256371,0.89245105218256371,0.47702714190110707,-0.7401818884524286,0.7401818884524286,0.1522691637301351
681,323,0.47412506981737884,-0.74628413171786978,0.74628413171786978,0.49318171179542464,-0.7068775890862169,0.7068775890862169,0.039406542631652886
682,10383,0.61487649242265163,-0.48633385667274759,0.48633385667274759,0.60904910324512018,-0.49585638522027553,0.49585638522027553,-0.009522528547527942
683,502,0.90818332477999908,-0.096309021222368452,0.096309021222368452,0.9047767071690781,-0.10006709813551812,0.10006709813551812,-0.0037580769131496661
684,22540,0.99982986455124712,-0.00017014992343011471,0.00017014992343011471,0.99983074452026099,-0.00016926980506419429,0.00016926980506419429,8.8011836592042313e-07
685,315,0.99999987436225157,-1.2563775629985355e-07,1.2563775629985355e-07,0.99999985015168913,-1.4984832207008177e-07,1.4984832207008177e-07,-2.4210565770228223e-08
686,23579,0.52831519998143761,-0.63806220372956757,0.63806220372956757,0.5932285401778451,-0.52217555764064383,0.52217555764064383,0.11588664608892374
687,323,0.9937983542860982,-0.0062209557962718378,0.0062209557962718378,0.99177450916878884,-0.0082595068415965284,0.0082595068415965284,-0.0020385510453246906
688,7359,0.92835862212056575,-0.07433717459644737,0.07433717459644737,0.93678650318935286,-0.06529987415793212,0.06529987415793212,0.00903730043851525
689,27083,0.94771359553188961,-0.053702936790707631,0.053702936790707631,0.95043058820504855,-0.050840146332484244,0.050840146332484244,0.0028627904582233868
690,13,0.99953829219013668,-0.00046181442973354899,0.00046181442973354899,0.99950477372076385,-0.00049534894426963422,0.00049534894426963422,-3.3534514536085228e-05
691,4815,0.025129051904971996,-3.6837306557558498,3.6837306557558498,0.024741647908583478,-3.6992673051583336,3.6992673051583336,-0.015536649402483782
692,644,0.18962420388814047,-1.6627110396708868,1.6627110396708868,0.22344656067096735,-1.498582995661311,1.498582995661311,0.16412804400957581
693,17102,0.26247439849401394,-1.3376017312533877,1.3376017312533877,0.38856778385721213,-0.94528764857063119,0.94528764857063119,0.39231408268275647
694,11,0.99987922855591904,-0.00012077873753901261,0.00012077873753901261,0.99979003050642601,-0.00020999154025426827,0.00020999154025426827,-8.921280271525566e-05
695,48677,0.99998576992132437,-1.4230179924153285e-05,1.4230179924153285e-05,0.99998221161266054,-1.7788545554667031e-05,1.7788545554667031e-05,-3.5583656305137455e-06
696,11876,0.99998674635213813,-1.3253735692208542e-05,1.3253735692208542e-05,0.99998300342886759,-1.6996715575779625e-05,1.6996715575779625e-05,-3.7429798835710827e-06
697,52757,0.99998948151059552,-1.0518544724221416e-05,1.0518544724221416e-05,0.99999442359491053,-5.5764206376653815e-06,5.5764206376653815e-06,4.9421240865560348e-06
698,374,0.99565406121120659,-0.0043554098311124516,0.0043554098311124516,0.99496602291091707,-0.0050466902348187135,0.0050466902348187135,-0.00069128040370626184
699,264,0.99214429352439026,-0.0078867250932894203,0.0078867250932894203,0.9932697362216526,-0.0067530141383500119,0.0067530141383500119,0.0011337109549394084
700,7701,0.58459591012861922,-0.53683442234619438,0.53683442234619438,0.60689992798553549,-0.49939136479985757,0.49939136479985757,0.037443057546336811
701,27332,0.98132321077541262,-0.018853402961257728,0.018853402961257728,0.98149972840133115,-0.0186735419836105,0.0186735419836105,0.0001798609776472275
702,6721,0.74508269125246918,-0.29426007179230618,0.29426007179230618,0.78921440291169076,-0.23671725498539289,0.23671725498539289,0.057542816806913283
703,83162,0.99990593208869183,-9.4072335971602349e-05,9.4072335971602349e-05,0.99990584463611076,-9.4159796783755176e-05,9.4159796783755176e-05,-8.746081215282777e-08
704,11,0.65421366641849288,-0.42432127382015372,0.42432127382015372,0.69435123422071188,-0.36477734531875988,0.36477734531875988,0.059543928501393839
705,9709,0.99996486561497877,-3.5135002248225323e-05,3.5135002248225323e-05,0.99998586072826412,-1.4139371696349877e-05,1.4139371696349877e-05,2.0995630551875448e-05
706,37959,0.99999291525954082,-7.0847655560228185e-06,7.0847655560228185e-06,0.99999315247250431,-6.847550940097013e-06,6.847550940097013e-06,2.3721461592580553e-07
707,10255,0.9999841132873124,-1.5886838882766112e-05,1.5886838882766112e-05,0.99998323577968395,-1.6764360837107068e-05,1.6764360837107068e-05,-8.7752195434095647e-07
708,11,0.99997730958289133,-2.2690674540074972e-05,2.2690674540074972e-05,0.99998030210932631,-1.9698084679652183e-05,1.9698084679652183e-05,2.9925898604227889e-06
709,323,0.99999688620955751,-3.1137952903113831e-06,3.1137952903113831e-06,0.9999983477808907,-1.6522204742042823e-06,1.6522204742042823e-06,1.4615748161071008e-06
710,4846,0.98518907432541714,-0.014921702600923825,0.014921702600923825,0.98384387046545385,-0.016288062745183088,0.016288062745183088,-0.001366360144259263
711,19077,0.98917822948371892,-0.010880751781953909,0.010880751781953909,0.99270575825215723,-0.0073209748067724935,0.0073209748067724935,0.0035597769751814154
712,83162,0.99989291910031308,-0.00010708663325575411,0.00010708663325575411,0.99992366286832646,-7.6340045500692628e-05,7.6340045500692628e-05,3.0746587755061479e-05
713,323,0.99969966590202985,-0.00030037920728752664,0.00030037920728752664,0.9997411454383629,-0.00025888807026188651,0.00025888807026188651,4.1491137025640129e-05
714,6721,0.99251958223413428,-0.0075085364047149774,0.0075085364047149774,0.99878471241476596,-0.0012160266460330949,0.0012160266460330949,0.0062925097586818829
715,3778,0.86026145577979518,-0.15051891759019831,0.15051891759019831,0.98723579774080639,-0.012846364595423015,0.012846364595423015,0.13767255299477529
716,9141,0.99999334089428815,-6.6591278837797708e-06,6.6591278837797708e-06,0.99999074137265964,-9.2586702017233507e-06,9.2586702017233507e-06,-2.5995423179435798e-06
717,2851,0.99999737472458317,-2.6252788628292502e-06,2.6252788628292502e-06,0.99999684420689505,-3.1557980844450978e-06,3.1557980844450978e-06,-5.3051922161584758e-07
718,13,0.99952602320375328,-0.00047408915875459944,0.00047408915875459944,0.99951900615496037,-0.00048110955968599982,0.00048110955968599982,-7.0204009314003813e-06
719,5414,0.63771642312638777,-0.44986157230523699,0.44986157230523699,0.61604914330102889,-0.48442854054463375,0.48442854054463375,-0.034566968239396756
720,16358,0.55950511173734485,-0.58070261501211617,0.58070261501211617,0.62894144233187577,-0.46371712306714807,0.46371712306714807,0.1169854919449681
721,7076,0.5731631308334586,-0.55658490674119587,0.55658490674119587,0.61502527779866334,-0.48609190990864021,0.48609190990864021,0.070492996832555666
722,706,0.88561235170841102,-0.12147595040808538,0.12147595040808538,0.89468020503394963,-0.11128893736994412,0.11128893736994412,0.010187013038141263
723,1027,0.75490414742565182,-0.28116449484495792,0.28116449484495792,0.72201849043213517,-0.32570453040043401,0.32570453040043401,-0.044540035555476087
724,13160,0.999918381152892,-8.1622178107307615e-05,8.1622178107307615e-05,0.99993092490308033,-6.9077482714014163e-05,6.9077482714014163e-05,1.2544695393293452e-05
725,555,0.99999970562285545,-2.9437718792905642e-07,2.9437718792905642e-07,0.99999964241654249,-3.5758352147561008e-07,3.5758352147561008e-07,-6.3206333546553654e-08
726,12387,0.9901171488446826,-0.0099320106878539142,0.0099320106878539142,0.99283434263443593,-0.007191453995381192,0.007191453995381192,0.0027405566924727223
727,59284,0.97530995970786749,-0.024999951113453201,0.024999951113453201,0.97712516923697812,-0.023140519242754495,0.023140519242754495,0.0018594318706987058
728,11,0.98583300902288562,-0.014268300768627397,0.014268300768627397,0.99044519375612317,-0.0096007462712946988,0.0096007462712946988,0.0046675544973326984
729,2737,0.40590007432097691,-0.90164827203560949,0.90164827203560949,0.49751693032883582,-0.69812569215079423,0.69812569215079423,0.20352257988481526
730,3116,0.99618623086129732,-0.0038210600994886207,0.0038210600994886207,0.9966308702498401,-0.0033748180477987571,0.0033748180477987571,0.00044624205168986367
731,34538,0.99997559395001934,-2.4406347813180048e-05,2.4406347813180048e-05,0.99997403782357908,-2.5962513444102474e-05,2.5962513444102474e-05,-1.5561656309224262e-06
732,4435,0.99998705900555807,-1.2941078177302248e-05,1.2941078177302248e-05,0.9999926423309845,-7.3576960832789959e-06,7.3576960832789959e-06,5.5833820940232522e-06
733,29201,0.99998817849907073,-1.1821570803767273e-05,1.1821570803767273e-05,0.99998542570021376,-1.4574405992378987e-05,1.4574405992378987e-05,-2.7528351886117139e-06
734,4870,0.99999755099208909,-2.4490109097267863e-06,2.4490109097267863e-06,0.99999790835450564,-2.09164768181034e-06,2.09164768181034e-06,3.5736322791644632e-07
735,48854,0.99997405169157105,-2.5948645092111622e-05,2.5948645092111622e-05,0.99997849613609535,-2.1504095116034995e-05,2.1504095116034995e-05,4.4445499760766264e-06
736,11,0.99370686338101422,-0.0063130218742225644,0.0063130218742225644,0.99510799519747761,-0.004904009826442365,0.004904009826442365,0.0014090120477801994
737,264,0.9999509544394537,-4.9046763319094196e-05,4.9046763319094196e-05,0.99995680402087739,-4.3196912095835489e-05,4.3196912095835489e-05,5.849851223258707e-06
738,28395,0.99998790070003152,-1.2099373165556604e-05,1.2099373165556604e-05,0.99998498181621109,-1.501829656297185e-05,1.501829656297185e-05,-2.9189233974152462e-06
739,29201,0.99998186871472572,-1.8131449648026447e-05,1.8131449648026447e-05,0.99997929170284794,-2.0708511571761277e-05,2.0708511571761277e-05,-2.5770619237348294e-06
740,4870,0.99999965829586368,-3.4170419473419769e-07,3.4170419473419769e-07,0.99999967419691593,-3.2580313713040677e-07,3.2580313713040677e-07,1.5901057603790919e-08
741,19134,0.99988043182837383,-0.00011957532046982256,0.00011957532046982256,0.99992451025625906,-7.5492593235027876e-05,7.5492593235027876e-05,4.4082727234794685e-05
742,11,0.99997182134838081,-2.8179048644890964e-05,2.8179048644890964e-05,0.99997372709728682,-2.6273247851984857e-05,2.6273247851984857e-05,1.9058007929061067e-06
743,323,0.99964282950042405,-0.00035723430015111843,0.00035723430015111843,0.99973634721241444,-0.00026368755009209327,0.00026368755009209327,9.3546750059025159e-05
744,459,0.99978391605714889,-0.00021610729234997176,0.00021610729234997176,0.99983184835585692,-0.00016816578321577635,0.00016816578321577635,4.7941509134195409e-05
745,34260,0.99582828653285793,-0.0041804393401179739,0.0041804393401179739,0.99548307156435223,-0.004527160580430541,0.004527160580430541,-0.00034672124031256708
746,14829,0.99997667131032064,-2.3328961797443427e-05,2.3328961797443427e-05,0.99998619968068492,-1.3800414540356238e-05,1.3800414540356238e-05,9.5285472570871886e-06
747,358,0.99995599288751802,-4.4008080823311364e-05,4.4008080823311364e-05,0.99996920143381407,-3.079904047149428e-05,3.079904047149428e-05,1.3209040351817084e-05
748,29201,0.99990388408874009,-9.6120530690122768e-05,9.6120530690122768e-05,0.99991133395676157,-8.866997430437626e-05,8.866997430437626e-05,7.4505563857465079e-06
749,4870,0.99999963162981276,-3.6837025506348441e-07,3.6837025506348441e-07,0.99999964702982025,-3.5297024202413106e-07,3.5297024202413106e-07,1.5400013039353349e-08
750,62668,0.9999772976253023,-2.2702632400486569e-05,2.2702632400486569e-05,0.99996158766404364,-3.8413073729024296e-05,3.8413073729024296e-05,-1.5710441328537727e-05
751,19134,0.99953446219365871,-0.00046564620270894724,0.00046564620270894724,0.99977741960153088,-0.00022260517316231515,0.00022260517316231515,0.00024304102954663209
752,13,0.99964570411101183,-0.00035435866660496999,0.00035435866660496999,0.99958822136644032,-0.00041186343766229919,0.00041186343766229919,-5.7504771057329202e-05
753,11876,0.97481405589765069,-0.025508538071962138,0.025508538071962138,0.96572589489769756,-0.034875237728926742,0.034875237728926742,-0.0093666996569646034
754,52757,0.99999075548028393,-9.244562446939063e-06,9.244562446939063e-06,0.99998668792574452,-1.3312162861933153e-05,1.3312162861933153e-05,-4.0676004149940904e-06
755,596,0.95371624070957695,-0.04738909338259522,0.04738909338259522,0.92675085560306192,-0.076070513722089061,0.076070513722089061,-0.028681420339493842
756,5845,0.76270437166314509,-0.27088477800308575,0.27088477800308575,0.76794702187899311,-0.26403453014222195,0.26403453014222195,0.0068502478608638007
757,311,0.99999927129075583,-7.2870950967962375e-07,7.2870950967962375e-07,0.99999861947605062,-1.3805249022630559e-06,1.3805249022630559e-06,-6.5181539258343215e-07
758,25555,0.98636992104998966,-0.013723821260782277,0.013723821260782277,0.98703196450555553,-0.013052854555774809,0.013052854555774809,0.00067096670500746761
759,304,0.99999980213430006,-1.9786571955118977e-07,1.9786571955118977e-07,0.99999976258119982,-2.3741882839072603e-07,2.3741882839072603e-07,-3.9553108839536261e-08
760,5361,0.99955162761987137,-0.00044847292908097215,0.00044847292908097215,0.99944833925813514,-0.00055181296263734846,0.00055181296263734846,-0.00010334003355637632
761,49255,0.9992836159417392,-0.00071664078393704781,0.00071664078393704781,0.99923905258234991,-0.00076123708509338482,0.00076123708509338482,-4.4596301156337001e-05
762,706,0.99227391149365474,-0.0077560893541885906,0.0077560893541885906,0.9936851870875133,-0.0063348356814144939,0.0063348356814144939,0.0014212536727740968
763,1903,0.57721135456706107,-0.54954678046880368,0.54954678046880368,0.5029739824218239,-0.68721683502767905,0.68721683502767905,-0.13767005455887538
764,1461,0.99999848630766763,-1.5136934780103726e-06,1.5136934780103726e-06,0.99999784947697989,-2.1505253324695366e-06,2.1505253324695366e-06,-6.3683185445916398e-07
765,264,0.99960754895622594,-0.00039252807283897889,0.00039252807283897889,0.99920503592975829,-0.00079528022174199281,0.00079528022174199281,-0.00040275214890301392
766,28812,0.97339661013962198,-0.026963664083585071,0.026963664083585071,0.9770495883099396,-0.02321787253655214,0.02321787253655214,0.0037457915470329312
767,7216,0.99999607411994584,-3.9258877604090733e-06,3.9258877604090733e-06,0.99999508265648429,-4.9173556059315867e-06,4.9173556059315867e-06,-9.9146784552251333e-07
768,304,0.99998767259438692,-1.2327481596136343e-05,1.2327481596136343e-05,0.99998996099017545,-1.0039060215729179e-05,1.0039060215729179e-05,2.2884213804071645e-06
769,279,0.99995811012394864,-4.1890753456772221e-05,4.1890753456772221e-05,0.99995248431657568,-4.751681233017149e-05,4.751681233017149e-05,-5.6260588733992689e-06
770,10034,0.99999394218841808,-6.0578299305396106e-06,6.0578299305396106e-06,0.99999330221062188,-6.6978118083975245e-06,6.6978118083975245e-06,-6.3998187785791396e-07
771,1917,0.99999948928726112,-5.1071286925458828e-07,5.1071286925458828e-07,0.99999924495910719,-7.550411778639511e-07,7.550411778639511e-07,-2.4432830860936283e-07
772,11,0.98906034852628755,-0.01099992947758803,0.01099992947758803,0.98654677274087121,-0.013544541829560684,0.013544541829560684,-0.0025446123519726541
773,323,0.99963343903101065,-0.00036662816888373835,0.00036662816888373835,0.99955452064753825,-0.00044557860786708785,0.00044557860786708785,-7.8950438983349503e-05
774,813,0.99867885416019631,-0.0013220193223854185,0.0013220193223854185,0.99789889041828939,-0.0021033200092241962,0.0021033200092241962,-0.00078130068683877766
775,20160,0.99980275725080636,-0.00019726220410298784,0.00019726220410298784,0.99980191950034258,-0.00019810012019061429,0.00019810012019061429,-8.3791608762644404e-07
776,9731,0.9984371496994866,-0.0015640728249587785,0.0015640728249587785,0.99871741323013719,-0.0012834099882485612,0.0012834099882485612,0.00028066283671021727
777,311,0.99999971927040332,-2.8072963610128508e-07,2.8072963610128508e-07,0.99999961912658308,-3.8087348949022672e-07,3.8087348949022672e-07,-1.0014385338894164e-07
778,31740,0.99878057689161392,-0.0012201672097224539,0.0012201672097224539,0.99911083059259032,-0.0008895649530159947,0.0008895649530159947,0.00033060225670645919
779,323,0.99997040016259631,-2.9600275487569888e-05,2.9600275487569888e-05,0.99996949226921072,-3.0508196159558906e-05,3.0508196159558906e-05,-9.0792067198901805e-07
780,10383,0.99998314224745222,-1.685789464124033e-05,1.685789464124033e-05,0.99998129195295538,-1.8708222042333529e-05,1.8708222042333529e-05,-1.8503274010931995e-06
781,502,0.99998072586236431,-1.9274323384227652e-05,1.9274323384227652e-05,0.99998604575403494,-1.395434332644425e-05,1.395434332644425e-05,5.319980057783402e-06
782,22540,0.9999977183403429,-2.281662260053059e-06,2.281662260053059e-06,0.99999734435045096,-2.6556530752637067e-06,2.6556530752637067e-06,-3.7399081521064774e-07
783,315,0.99998180055799857,-1.8199607613282161e-05,1.8199607613282161e-05,0.99998104138424504,-1.895879547178723e-05,1.895879547178723e-05,-7.5918785850506888e-07
784,23579,0.9999994066890926,-5.9331108344677533e-07,5.9331108344677533e-07,0.99999933490761528,-6.6509260586050496e-07,6.6509260586050496e-07,-7.178152241372963e-08
785,323,0.99998991370994206,-1.0086340924922383e-05,1.0086340924922383e-05,0.99999043110983221,-9.5689359499082648e-06,9.5689359499082648e-06,5.1740497501411862e-07
786,7359,0.99999628113667227,-3.718870242770232e-06,3.718870242770232e-06,0.99999600975463743,-3.990253323653967e-06,3.990253323653967e-06,-2.7138308088373498e-07
787,27083,0.81312301715081869,-0.20687286827229154,0.20687286827229154,0.87037397127216309,-0.13883230765645896,0.13883230765645896,0.068040560615832579
788,13,0.99995092435237654,-4.9076851872438268e-05,4.9076851872438268e-05,0.99991961618712133,-8.0387043830556549e-05,8.0387043830556549e-05,-3.1310191958118282e-05
789,4815,0.027659550476036243,-3.5877842046477872,3.5877842046477872,0.024345618478906449,-3.7154033849091723,3.7154033849091723,-0.12761918026138508
790,32812,0.19019762222910286,-1.6596916303732658,1.6596916303732658,0.18097672708753726,-1.7093868356102462,1.7093868356102462,-0.049695205236980344
791,1473,0.33098980140933199,-1.1056677155319259,1.1056677155319259,0.40318990161747731,-0.90834760813019833,0.90834760813019833,0.19732010740172756
792,9,0.81507415912921388,-0.20447617708428631,0.20447617708428631,0.83732478928086918,-0.17754324399852967,0.17754324399852967,0.026932933085756644
793,48677,0.50569111672747424,-0.68182923733984169,0.68182923733984169,0.41729364147121256,-0.87396512880910027,0.87396512880910027,-0.19213589146925858
794,11876,0.99730970557501253,-0.002693919770658693,0.002693919770658693,0.99866638268233898,-0.0013345073766560568,0.0013345073766560568,0.0013594123940026362
795,52757,0.99998495527320941,-1.5044839963582675e-05,1.5044839963582675e-05,0.99998942802196167,-1.0572033922112448e-05,1.0572033922112448e-05,4.4728060414702269e-06
796,596,0.52540632138453658,-0.64358337023753276,0.64358337023753276,0.56489440728088303,-0.57111645507011366,0.57111645507011366,0.072466915167419099
797,27685,0.41721064355120757,-0.87416404431323436,0.87416404431323436,0.41005890912432608,-0.89145444881384062,0.89145444881384062,-0.01729040450060626
798,2199,0.97542641552952636,-0.024880554332549858,0.024880554332549858,0.97095129940432723,-0.029478967042001689,0.029478967042001689,-0.0045984127094518303
799,198,0.99324803177593934,-0.0067748658892518481,0.0067748658892518481,0.99300695661360527,-0.007017609308326362,0.007017609308326362,-0.00024274341907451393
800,9,0.99999808009870683,-1.9199031362043611e-06,1.9199031362043611e-06,0.99999653065862226,-3.4693473959168408e-06,3.4693473959168408e-06,-1.5494442597124797e-06
801,27290,0.034529973464585535,-3.3659275360547412,3.3659275360547412,0.75125941588726175,-0.28600425958429432,0.28600425958429432,3.0799232764704469
802,916,0.64845121149105889,-0.43316851091458625,0.43316851091458625,0.99934840637351052,-0.00065180600587820602,0.00065180600587820602,0.43251670490870803
803,4652,0.90921875846447886,-0.095169555381475771,0.095169555381475771,0.99609717826983091,-0.0039104576130327374,0.0039104576130327374,0.091259097768443029
804,389,0.6356847195338613,-0.45305256255714321,0.45305256255714321,0.45793187743306762,-0.78103484515983823,0.78103484515983823,-0.32798228260269502
805,48677,0.99849157309424219,-0.0015095657269859621,0.0015095657269859621,0.99329055397187993,-0.0067320555494455349,0.0067320555494455349,-0.005222489822459573
806,11876,0.99999622004330613,-3.7799638379262498e-06,3.7799638379262498e-06,0.9999954057984205,-4.5942121328740113e-06,4.5942121328740113e-06,-8.142482949477615e-07
807,52757,0.99999046198064889,-9.5380648382946192e-06,9.5380648382946192e-06,0.99998864210461069,-1.1357959890689754e-05,1.1357959890689754e-05,-1.8198950523951345e-06
808,198,0.78745236218836812,-0.23895240257130659,0.23895240257130659,0.70994552266144484,-0.34256704053642134,0.34256704053642134,-0.10361463796511475
809,9,0.99999775199627061,-2.2480062561333655e-06,2.2480062561333655e-06,0.99999734518593841,-2.6548175855842432e-06,2.6548175855842432e-06,-4.0681132945087773e-07
810,34538,0.73390819072511815,-0.30937133894684138,0.30937133894684138,0.79427011113002988,-0.23033168524652708,0.23033168524652708,0.079039653700314294
811,916,0.99232090360708847,-0.0077087324699672624,0.0077087324699672624,0.96290459786307092,-0.037800939731128261,0.037800939731128261,-0.030092207261160998
812,4652,0.94072143826300303,-0.06110821057219027,0.06110821057219027,0.9136584477253501,-0.090298466945728531,0.090298466945728531,-0.029190256373538261
813,389,0.99999997145290698,-2.8547093392489406e-08,2.8547093392489406e-08,0.99999996174882144,-3.8251179269648926e-08,3.8251179269648926e-08,-9.7040858771595197e-09
814,48677,0.99999963565640582,-3.6434366059309462e-07,3.6434366059309462e-07,0.99999969934233279,-3.0065771238172451e-07,3.0065771238172451e-07,6.3685948211370112e-08
815,11876,0.99999406989706663,-5.9301205164862508e-06,5.9301205164862508e-06,0.9999927955067085,-7.2045192440373873e-06,7.2045192440373873e-06,-1.2743987275511366e-06
816,52757,0.99999633640685182,-3.6635998591243931e-06,3.6635998591243931e-06,0.99999626793034113,-3.7320766230756517e-06,3.7320766230756517e-06,-6.8476763951258603e-08
817,198,0.98510369719865631,-0.015008367007400032,0.015008367007400032,0.98066989776954361,-0.019519371691901946,0.019519371691901946,-0.0045110046845019142
818,9,0.99999607652129463,-3.9234864022844169e-06,3.9234864022844169e-06,0.99999555121216932,-4.4487977265993691e-06,4.4487977265993691e-06,-5.2531132431495212e-07
819,28395,0.99682839739977547,-0.0031766427915620962,0.0031766427915620962,0.99497411348409259,-0.0050385587608837478,0.0050385587608837478,-0.0018619159693216516
820,916,0.99994947122909827,-5.0530047523064903e-05,5.0530047523064903e-05,0.99997314709613194,-2.6853264413773546e-05,2.6853264413773546e-05,2.3676783109291357e-05
821,4652,0.99999219908471482,-7.8009457124927749e-06,7.8009457124927749e-06,0.99999115966890884,-8.8403701671283661e-06,8.8403701671283661e-06,-1.0394244546355912e-06
822,389,0.9999999365821286,-6.341787338463051e-08,6.341787338463051e-08,0.99999990381436354,-9.6185641044649006e-08,9.6185641044649006e-08,-3.2767767660018496e-08
823,48677,0.9999997647916794,-2.3520834822571129e-07,2.3520834822571129e-07,0.9999997312695097,-2.6873052636129253e-07,2.6873052636129253e-07,-3.352217813558124e-08
824,11876,0.99999005058447199,-9.9494650237334493e-06,9.9494650237334493e-06,0.99998923508199711,-1.0764975945077142e-05,1.0764975945077142e-05,-8.1551092134369313e-07
825,52757,0.99997671356904871,-2.3286702084385062e-05,2.3286702084385062e-05,0.99997509868691958,-2.4901623123293437e-05,2.4901623123293437e-05,-1.6149210389083749e-06
826,198,0.69570580504358603,-0.36282840191086108,0.36282840191086108,0.61030712798278108,-0.49379296002622186,0.49379296002622186,-0.13096455811536079
827,9,0.99995804478094097,-4.1956099203819167e-05,4.1956099203819167e-05,0.99994523893093601,-5.4762568506039379e-05,5.4762568506039379e-05,-1.2806469302220212e-05
828,27816,0.26106468455213988,-1.3429870688319976,1.3429870688319976,0.48650641163258884,-0.72050519834201887,0.72050519834201887,0.62248187048997872
829,69223,0.99996120630429597,-3.8794448198923079e-05,3.8794448198923079e-05,0.99999529381637542,-4.7061946987125368e-06,4.7061946987125368e-06,3.4088253500210545e-05
830,916,0.98331514216136262,-0.01682561798441844,0.01682561798441844,0.97571240603069431,-0.024587401943744043,0.024587401943744043,-0.0077617839593256029
831,4652,0.99999336524932347,-6.6347726866052269e-06,6.6347726866052269e-06,0.99999138703830459,-8.6129987871986194e-06,8.6129987871986194e-06,-1.9782261005933925e-06
832,389,0.99999989165098935,-1.0834901655098461e-07,1.0834901655098461e-07,0.99999983861137742,-1.6138863564418006e-07,1.6138863564418006e-07,-5.3039619093195447e-08
833,48677,0.99999970084459266,-2.9915545207202904e-07,2.9915545207202904e-07,0.99999965538187463,-3.4461818478268804e-07,3.4461818478268804e-07,-4.5462732710658997e-08
834,11876,0.99999066338556553,-9.3366580209046308e-06,9.3366580209046308e-06,0.99998972276193243,-1.0277290878766598e-05,1.0277290878766598e-05,-9.40632857861967e-07
835,52757,0.99998609588809162,-1.3904208571445526e-05,1.3904208571445526e-05,0.99998537122183706,-1.4628885164535908e-05,1.4628885164535908e-05,-7.2467659309038194e-07
836,198,0.25778976290309108,-1.3556108987182023,1.3556108987182023,0.48121296034333749,-0.73144536186247844,0.73144536186247844,0.62416553685572385
837,9,0.99979924900412531,-0.00020077114905308585,0.00020077114905308585,0.99992917072130894,-7.083178720283078e-05,7.083178720283078e-05,0.00012993936185025509
838,358,0.00014391073295345788,-8.8463173606573822,8.8463173606573822,0.57278984662234522,-0.5572363893616169,0.5572363893616169,8.2890809712957658
839,37432,0.016261763882988698,-4.1189387008573863,4.1189387008573863,0.99945890552433647,-0.0005412409201085639,0.0005412409201085639,4.1183974599372775
840,916,0.90507673856465631,-0.099735544882923008,0.099735544882923008,0.9927028363953101,-0.0073239181372839364,0.0073239181372839364,0.092411626745639075
841,4652,0.99888810865371502,-0.001112509956061707,0.001112509956061707,0.99998088880183744,-1.9111380783791268e-05,1.9111380783791268e-05,0.0010933985752779158
842,389,0.99997327346499909,-2.6726892161165021e-05,2.6726892161165021e-05,0.99999897233761681,-1.0276629111890613e-06,1.0276629111890613e-06,2.5699229249975959e-05
843,48677,0.99947407722036608,-0.0005260611255273385,0.0005260611255273385,0.99999923770210031,-7.6229819023379082e-07,7.6229819023379082e-07,0.00052529882733710475
844,11876,0.99995679701494022,-4.3203918335613811e-05,4.3203918335613811e-05,0.9999864223378141,-1.3577754363199915e-05,1.3577754363199915e-05,2.9626163972413898e-05
845,52757,0.99997488658989064,-2.511372545627295e-05,2.511372545627295e-05,0.99998214767941995,-1.7852479934636711e-05,1.7852479934636711e-05,7.2612455216362389e-06
846,198,0.38547333789942673,-0.95328325075857923,0.95328325075857923,0.45140587308834929,-0.79538840385403464,0.79538840385403464,0.15789484690454458
847,9,0.99942170225752369,-0.00057846502111009578,0.00057846502111009578,0.99985851783390123,-0.00014149217564460919,0.00014149217564460919,0.00043697284546548656
848,16905,0.15971229244632215,-1.8343812546111475,1.8343812546111475,0.94590222358515252,-0.055616073004434177,0.055616073004434177,1.7787651816067134
849,596,0.99871317216259248,-0.0012876565113324535,0.0012876565113324535,0.99983907575807707,-0.00016093719161809202,0.00016093719161809202,0.0011267193197143615
850,916,0.48354183225212,-0.72661744817861551,0.72661744817861551,0.63326718913320024,-0.45686284616050105,0.45686284616050105,0.26975460201811446
851,4652,0.99926067436756849,-0.00073959906840738877,0.00073959906840738877,0.99993729754173022,-6.2704424151135372e-05,6.2704424151135372e-05,0.00067689464425625342
852,389,0.99997555664428983,-2.4443654453890826e-05,2.4443654453890826e-05,0.99999800169499675,-1.9983069998813476e-06,1.9983069998813476e-06,2.2445347454009479e-05
853,48677,0.99998671643676695,-1.3283651460363478e-05,1.3283651460363478e-05,0.99999910678170201,-8.9321869687893044e-07,8.9321869687893044e-07,1.2390432763484548e-05
854,11876,0.99996214305395692,-3.7857662635394499e-05,3.7857662635394499e-05,0.99998448994800293,-1.5510172279182181e-05,1.5510172279182181e-05,2.2347490356212318e-05
855,52757,0.99997951047879607,-2.0489731117011851e-05,2.0489731117011851e-05,0.99996774268109145,-3.2257839187044419e-05,3.2257839187044419e-05,-1.1768108070032567e-05
856,198,0.4833532550299699,-0.72700751578165035,0.72700751578165035,0.62503483683487704,-0.46994789186328906,0.46994789186328906,0.25705962391836129
857,9,0.99948065134212249,-0.00051948356610329862,0.00051948356610329862,0.99984848352813427,-0.00015152795164599325,0.00015152795164599325,0.00036795561445730535
858,426,0.086263507927755931,-2.4503486216781649,2.4503486216781649,0.43685596318590708,-0.82815174191135965,0.82815174191135965,1.6221968797668054
859,2191,0.63161735637097671,-0.45947151697350552,0.45947151697350552,0.99566147918290437,-0.0043479595084013455,0.0043479595084013455,0.45512355746510419
860,277,0.99649439716615185,-0.0035117618577364777,0.0035117618577364777,0.9999992969387852,-7.0306146192531526e-07,7.0306146192531526e-07,0.0035110587962745524
861,377,0.99998886303297629,-1.1137029040218062e-05,1.1137029040218062e-05,0.99999980380409415,-1.961959251332739e-07,1.961959251332739e-07,1.0940833115084788e-05
862,3314,0.98871872486634105,-0.011345391382752342,0.011345391382752342,0.99866546590825267,-0.0013354253754222596,0.0013354253754222596,0.010009966007330083
863,9304,0.99939886238967712,-0.00060131836597910248,0.00060131836597910248,0.99995654291476577,-4.345802952066505e-05,4.345802952066505e-05,0.00055786033645843747
864,3997,0.49031366850626484,-0.7127099528708517,0.7127099528708517,0.45047570891338917,-0.79745112366854021,0.79745112366854021,-0.084741170797688503
865,198,0.97724102599903551,-0.023021957263453473,0.023021957263453473,0.98964376545518573,-0.010410233482434245,0.010410233482434245,0.012611723781019228
866,9,0.99999854472598715,-1.4552750717996649e-06,1.4552750717996649e-06,0.99999927134930089,-7.2865096455357151e-07,7.2865096455357151e-07,7.2662410724609341e-07
867,3907,0.99972082697469034,-0.00027921200135290171,0.00027921200135290171,0.99993646431539707,-6.3537703080028155e-05,6.3537703080028155e-05,0.00021567429827287356
868,315,0.99999537053143428,-4.6294792817425836e-06,4.6294792817425836e-06,0.9999993657271582,-6.3427304299769729e-07,6.3427304299769729e-07,3.9952062387448861e-06
869,19461,0.99994273015530211,-5.7271484678025891e-05,5.7271484678025891e-05,0.99999660293238457,-3.3970733854712302e-06,3.3970733854712302e-06,5.387441129255466e-05
870,3997,0.9907175399268624,-0.0093258105804253609,0.0093258105804253609,0.99760374680287878,-0.0023991288065242219,0.0023991288065242219,0.006926681773901139
871,198,0.49284344598220142,-0.70756370915896605,0.70756370915896605,0.35386237449374724,-1.0388472140565621,1.0388472140565621,-0.33128350489759606
872,9,0.999832982764426,-0.00016703118450565221,0.00016703118450565221,0.99988175737604135,-0.00011824961516887946,0.00011824961516887946,4.8781569336772747e-05
873,14689,0.073059188168022496,-2.616485369529701,2.616485369529701,0.54851379820931623,-0.60054284332197805,0.60054284332197805,2.0159425262077231
874,13345,0.99949290556561277,-0.00050722305025203453,0.00050722305025203453,0.9999758414598916,-2.4158831930597635e-05,2.4158831930597635e-05,0.00048306421832143689
875,62668,0.99999846034723472,-1.539653950561569e-06,1.539653950561569e-06,0.99999925262246447,-7.4737781479234101e-07,7.4737781479234101e-07,7.9227613576922795e-07
876,3997,0.94557479977471315,-0.055962282669860891,0.055962282669860891,0.75100536370296322,-0.2863424851623308,0.2863424851623308,-0.2303802024924699
877,198,0.9557361722950326,-0.045273374420260346,0.045273374420260346,0.96315411444423982,-0.037541844220726303,0.037541844220726303,0.0077315301995340424
878,9,0.99998590381523567,-1.4096284116528615e-05,1.4096284116528615e-05,0.99998899108044903,-1.1008980149533104e-05,1.1008980149533104e-05,3.0873039669955113e-06
879,1561,0.96675283352687846,-0.033812417516994896,0.033812417516994896,0.9955898952931771,-0.0044198579042298621,0.0044198579042298621,0.029392559612765032
880,6457,0.99985354605542653,-0.00014646466999960006,0.00014646466999960006,0.99992557286464079,-7.4429905195927873e-05,7.4429905195927873e-05,7.2034764803672184e-05
881,1322,0.99999751278426097,-2.487218832175602e-06,2.487218832175602e-06,0.99999943346502274,-5.6653513774874735e-07,5.6653513774874735e-07,1.9206836944268547e-06
882,62668,0.99939614536005783,-0.00060403703358514267,0.00060403703358514267,0.9995680620496632,-0.00043203126240430237,0.00043203126240430237,0.0001720057711808403
883,3997,0.99976683230917074,-0.00023319487864153029,0.00023319487864153029,0.99968038846301188,-0.0003196626236409018,0.0003196626236409018,-8.6467744999371504e-05
884,198,0.98594330407177388,-0.01415642697414999,0.01415642697414999,0.99867670238703055,-0.0013241739444392472,0.0013241739444392472,0.012832253029710743
885,9,0.99999495356373169,-5.0464490015914313e-06,5.0464490015914313e-06,0.99999875010663597,-1.2498941451071689e-06,1.2498941451071689e-06,3.7965548564842622e-06
886,763,3.1865341629190906e-07,-14.959161794101545,14.959161794101545,0.7948493042633421,-0.22960273668124154,0.22960273668124154,14.729559057420303
887,39291,0.99674920102239917,-0.0032560943037387054,0.0032560943037387054,0.99997020144228543,-2.9799001700372096e-05,2.9799001700372096e-05,0.0032262953020383333
888,82917,0.99237496561866845,-0.0076542535823636605,0.0076542535823636605,0.99998644818795646,-1.3551903870171924e-05,1.3551903870171924e-05,0.0076407016784934886
889,28331,0.87333579112206261,-0.13543515663716044,0.13543515663716044,0.99994378161105357,-5.6219969259275615e-05,5.6219969259275615e-05,0.13537893666790116
890,3997,0.99620201731609714,-0.0038052133338648702,0.0038052133338648702,0.99999155784926774,-8.4421863674468129e-06,8.4421863674468129e-06,0.0037967711474974236
891,198,0.98896908504035197,-0.011092206654511364,0.011092206654511364,0.98566141520105643,-0.014442375643153055,0.014442375643153055,-0.0033501689886416917
892,9,0.99998811252330022,-1.18875473563464e-05,1.18875473563464e-05,0.99999636644416179,-3.6335624395878892e-06,3.6335624395878892e-06,8.2539849167585095e-06
893,29950,0.020310566803113529,-3.8966139961911916,3.8966139961911916,0.96787747076175634,-0.032649779509032015,0.032649779509032015,3.8639642166821595
894,50417,0.99975188375845958,-0.0002481470274674923,0.0002481470274674923,0.99999044084733568,-9.5591983532740958e-06,9.5591983532740958e-06,0.00023858782911421821
895,19134,0.99982433544521998,-0.00017567998560508318,0.00017567998560508318,0.99997253411531706,-2.7466261877264158e-05,2.7466261877264158e-05,0.00014821372372781903
896,3997,0.99973023011244988,-0.00026980628199179307,0.00026980628199179307,0.99986119231179971,-0.0001388173228790454,0.0001388173228790454,0.00013098895911274768
897,198,0.71428148592123597,-0.33647815634900408,0.33647815634900408,0.92168182054860059,-0.081555212004093741,0.081555212004093741,0.25492294434491036
898,9,0.99978785825369643,-0.00021216425154674823,0.00021216425154674823,0.99998428298336661,-1.5717140147001997e-05,1.5717140147001997e-05,0.00019644711139974624
899,5165,0.1613240799571154,-1.824340018216227,1.824340018216227,0.64787963588871267,-0.43405034696830863,0.43405034696830863,1.3902896712479185
900,21424,0.99978712260178459,-0.00021290005982485435,0.00021290005982485435,0.99995091992379526,-4.9081280671114435e-05,4.9081280671114435e-05,0.00016381877915373991
901,9130,0.99997882083061285,-2.1179393668951063e-05,2.1179393668951063e-05,0.9999936926456795,-6.3073742119287205e-06,6.3073742119287205e-06,1.4872019457022344e-05
902,3997,0.99986165897079704,-0.00013835059920575397,0.00013835059920575397,0.99995083286091768,-4.9168347825693975e-05,4.9168347825693975e-05,8.9182251380059998e-05
903,198,0.51502061031031587,-0.66354835909914966,0.66354835909914966,0.55971469728285583,-0.58032809421419662,0.58032809421419662,0.083220264884953044
904,9,0.99967604526549181,-0.00032400721917864834,0.00032400721917864834,0.99992770996942637,-7.2292643623838353e-05,7.2292643623838353e-05,0.00025171457555480997
905,7043,0.10883741428335343,-2.2179001223930888,2.2179001223930888,0.59471166774706163,-0.51967858291091218,0.51967858291091218,1.6982215394821765
906,28653,0.99823742845281305,-0.0017641267040685586,0.0017641267040685586,0.99951495640315546,-0.00048516126854208685,0.00048516126854208685,0.0012789654355264718
907,1543,0.9999994949589307,-5.0504119678350831e-07,5.0504119678350831e-07,0.99999977928678041,-2.2071324397133975e-07,2.2071324397133975e-07,2.8432795281216858e-07
908,596,0.99806294639813276,-0.0019389321164430778,0.0019389321164430778,0.99974636156181351,-0.00025367060985523614,0.00025367060985523614,0.0016852615065878417
909,27685,0.76410994597359105,-0.26904359182703208,0.26904359182703208,0.66189760444912915,-0.41264441106742145,0.41264441106742145,-0.14360081924038937
910,2199,0.99998519356488247,-1.4806544733849212e-05,1.4806544733849212e-05,0.99999684956771262,-3.1504372500300516e-06,3.1504372500300516e-06,1.1656107483819159e-05
911,198,0.60803043047808891,-0.49753034814000024,0.49753034814000024,0.61269130101001812,-0.48989405714792611,0.48989405714792611,0.0076362909920741351
912,9,0.99985761723113753,-0.0001423929062511446,0.0001423929062511446,0.99989661557077558,-0.00010338977376288613,0.00010338977376288613,3.9003132488258475e-05
913,578,0.63996227716603915,-0.44634604629362706,0.44634604629362706,0.82426128656216058,-0.19326770399434021,0.19326770399434021,0.25307834229928683
914,99773,0.91094413977818878,-0.093273701079462104,0.093273701079462104,0.99515836989144935,-0.004853388769013936,0.004853388769013936,0.088420312310448168
915,4506,0.99999726413639667,-2.7358673458555752e-06,2.7358673458555752e-06,0.99999804713280749,-1.9528690993887646e-06,1.9528690993887646e-06,7.829982464668106e-07
916,596,0.99999227928718515,-7.720742619714126e-06,7.720742619714126e-06,0.99999859078381703,-1.4092171758771203e-06,1.4092171758771203e-06,6.3115254438370055e-06
917,27685,0.99917024384269582,-0.0008301005954907991,0.0008301005954907991,0.99971679523531698,-0.00028324487472550436,0.00028324487472550436,0.00054685572076529473
918,2199,0.99998307794801766,-1.6922195161898376e-05,1.6922195161898376e-05,0.99999508996837316,-4.9100436810456728e-06,4.9100436810456728e-06,1.2012151480852702e-05
919,198,0.87660743119874551,-0.13169601373613757,0.13169601373613757,0.84654117290848918,-0.16659643959770395,0.16659643959770395,-0.034900425861566386
920,9,0.99996283782711615,-3.7162863414453358e-05,3.7162863414453358e-05,0.99997917605268172,-2.082416413965735e-05,2.082416413965735e-05,1.6338699274796008e-05
921,578,0.71010398549578468,-0.34234386122599975,0.34234386122599975,0.49821336052546839,-0.69672685891936614,0.69672685891936614,-0.3543829976933664
922,9305,0.99951723948969828,-0.00048287707667418631,0.00048287707667418631,0.9994612788039644,-0.00053886635843614929,0.00053886635843614929,-5.5989281761962986e-05
923,596,0.99999090950169234,-9.0905396264782585e-06,9.0905396264782585e-06,0.99999748072601713,-2.5192771563011561e-06,2.5192771563011561e-06,6.5712624701771024e-06
924,27685,0.99993217900462905,-6.7823295318637279e-05,6.7823295318637279e-05,0.99997646476863278,-2.3535508325105245e-05,2.3535508325105245e-05,4.4287786993532034e-05
925,2199,0.99998488223110404,-1.5117883170585021e-05,1.5117883170585021e-05,0.9999945900517444,-5.4099628894206834e-06,5.4099628894206834e-06,9.7079202811643371e-06
926,198,0.92831294039258516,-0.074386382791275296,0.074386382791275296,0.99874072019177329,-0.0012600733673230541,0.0012600733673230541,0.073126309423952249
927,9,0.99997210544560933,-2.7894943451015507e-05,2.7894943451015507e-05,0.99998258917282579,-1.7410978744421431e-05,1.7410978744421431e-05,1.0483964706594076e-05
928,44023,8.9336305575107549e-05,-9.3231025953118625,9.3231025953118625,0.94777884428580161,-0.053634090561023917,0.053634090561023917,9.2694685047508383
929,37337,0.99480246608965928,-0.0052110880756029848,0.0052110880756029848,0.99997415340426077,-2.5846929768291098e-05,2.5846929768291098e-05,0.0051852411458346934
930,596,0.99977618662689116,-0.00022383842305952127,0.00022383842305952127,0.99999919427600281,-8.0572432173961985e-07,8.0572432173961985e-07,0.00022303269873778165
931,27685,0.99751650004940084,-0.0024865889520179004,0.0024865889520179004,0.99996661610402449,-3.3384453230151025e-05,3.3384453230151025e-05,0.0024532044987877494
932,2199,0.99995851124441748,-4.1489616264741259e-05,4.1489616264741259e-05,0.9999973361850798,-2.6638184681126091e-06,2.6638184681126091e-06,3.8825797796628648e-05
933,198,0.95085747000026821,-0.050391101485702174,0.050391101485702174,0.99178112855922373,-0.0082528325741254849,0.0082528325741254849,0.042138268911576689
934,9,0.99971109707732475,-0.00028894466316407619,0.00028894466316407619,0.99999444748780142,-5.55252761383145e-06,5.55252761383145e-06,0.00028339213555024473
935,37940,0.023175142597278507,-3.764675014484272,3.764675014484272,0.8663441072771173,-0.14347309682931347,0.14347309682931347,3.6212019176549584
936,783,0.99990766950458376,-9.2334758138835253e-05,9.2334758138835253e-05,0.99999987469057727,-1.2530943053006657e-07,1.2530943053006657e-07,9.2209448708305183e-05
937,30411,0.99942269519541993,-0.00057747150916141689,0.00057747150916141689,0.99999834947098476,-1.6505303773794548e-06,1.6505303773794548e-06,0.00057582097878403743
938,596,0.9998389622056213,-0.00016105076235660182,0.00016105076235660182,0.99999946991091127,-5.3008922923510237e-07,5.3008922923510237e-07,0.00016052067312736671
939,27685,0.99837618494939273,-0.0016251348672187593,0.0016251348672187593,0.99971419272414253,-0.0002858481265407385,0.0002858481265407385,0.0013392867406780209
940,2199,0.99999882926806716,-1.1707326181050753e-06,1.1707326181050753e-06,0.99999782251183389,-2.1774905368059729e-06,2.1774905368059729e-06,-1.0067579187008976e-06
941,198,0.96674299439784561,-0.033822595070926817,0.033822595070926817,0.99347769193308366,-0.0065436712603943433,0.0065436712603943433,0.027278923810532475
942,9,0.9999569523931271,-4.3048533447770412e-05,4.3048533447770412e-05,0.99999227001369995,-7.7300161766038633e-06,7.7300161766038633e-06,3.531851727116655e-05
943,3468,8.1317892184310683e-08,-16.324899768538049,16.324899768538049,0.56127484945528439,-0.5775445657070658,0.5775445657070658,15.747355202830983
944,6354,0.99153297946180641,-0.0085030693850357657,0.0085030693850357657,0.9997102912333482,-0.00028975074034349167,0.00028975074034349167,0.0082133186446922742
945,2689,0.99998399415599459,-1.6005972100331231e-05,1.6005972100331231e-05,0.99999894171654047,-1.0582840195421068e-06,1.0582840195421068e-06,1.4947688080789125e-05
946,13818,0.99994843141485734,-5.156991484784118e-05,5.156991484784118e-05,0.99999615148947529,-3.8485179301932354e-06,3.8485179301932354e-06,4.7721396917647945e-05
947,596,0.99991228191964809,-8.7721927807728225e-05,8.7721927807728225e-05,0.9999984426229287,-1.5573782839830194e-06,1.5573782839830194e-06,8.6164549523745203e-05
948,27685,0.98874269857160635,-0.01132114443160335,0.01132114443160335,0.99948210945780835,-0.00051802469381776242,0.00051802469381776242,0.010803119737785588
949,2199,0.99990466982191062,-9.5334722299557817e-05,9.5334722299557817e-05,0.9999970866595026,-2.9133447411524182e-06,2.9133447411524182e-06,9.2421377558405399e-05
950,198,0.99245865739949835,-0.0075699223014856045,0.0075699223014856045,0.99972793825617456,-0.00027209875933547137,0.00027209875933547137,0.0072978235421501331
951,9,0.99994840884400171,-5.1592486867729987e-05,5.1592486867729987e-05,0.9999919320092534,-8.0680232930509746e-06,8.0680232930509746e-06,4.3524463574679009e-05
952,9454,0.081039356037698948,-2.5128203653010823,2.5128203653010823,0.98178453861115444,-0.018383405484676953,0.018383405484676953,2.4944369598164053
953,14603,0.99996294260748075,-3.70580791613992e-05,3.70580791613992e-05,0.99999566264105377,-4.3373683525604391e-06,4.3373683525604391e-06,3.2720710808838762e-05
954,596,0.99998481200832567,-1.5188107013031922e-05,1.5188107013031922e-05,0.9999983484137317,-1.6515876321384298e-06,1.6515876321384298e-06,1.3536519380893493e-05
955,27685,0.99991693855030872,-8.3064899484519978e-05,8.3064899484519978e-05,0.99999495284267914,-5.0471700578308612e-06,5.0471700578308612e-06,7.8017729426689116e-05
956,2199,0.99999247051880413,-7.5295095425776805e-06,7.5295095425776805e-06,0.99999888859818453,-1.1114024330940959e-06,1.1114024330940959e-06,6.4181071094835845e-06
957,198,0.9988226742155909,-0.0011780193768533783,0.0011780193768533783,0.99996085427732584,-3.9146488887979641e-05,3.9146488887979641e-05,0.0011388728879653987
958,9,0.99995665579807869,-4.3345141308328942e-05,4.3345141308328942e-05,0.99999444071163801,-5.5593038148646266e-06,5.5593038148646266e-06,3.7785837493464313e-05
959,48562,1.8786216145207976e-05,-10.882387140804569,10.882387140804569,0.55315493834444485,-0.59211713886422712,0.59211713886422712,10.290270001940343
960,473,0.066442128451541668,-2.7114239590556886,2.7114239590556886,0.99999959093997515,-4.0906010849848186e-07,4.0906010849848186e-07,2.7114235499955801
961,14782,0.99448087061941803,-0.0055344160471477244,0.0055344160471477244,0.99999651483782526,-3.4851682479324598e-06,3.4851682479324598e-06,0.0055309308788997922
962,596,0.99949094041505893,-0.00050918919976124732,0.00050918919976124732,0.99999830909612564,-1.6909053039390574e-06,1.6909053039390574e-06,0.00050749829445730825
963,27685,0.99971567133687178,-0.00028436909218621241,0.00028436909218621241,0.99999705224744928,-2.9477568953512277e-06,2.9477568953512277e-06,0.00028142133529086117
964,2199,0.99999963593352059,-3.6406654569640578e-07,3.6406654569640578e-07,0.99999997206050162,-2.7939498768383406e-08,2.7939498768383406e-08,3.3612704692802238e-07
965,198,0.99121221268758397,-0.0088266276297268749,0.0088266276297268749,0.99997133241865155,-2.8667992271441549e-05,2.8667992271441549e-05,0.0087979596374554332
966,9,0.99905043830774265,-0.00095001281156070956,0.00095001281156070956,0.99999291321596517,-7.086809146161184e-06,7.086809146161184e-06,0.00094292600241454834
967,46315,0.49233796729235951,-0.70858987292411069,0.70858987292411069,0.98893775908602122,-0.011123882518747691,0.011123882518747691,0.69746599040536295
968,72353,0.99933248688307863,-0.00066773600299376717,0.00066773600299376717,0.99999968968679587,-3.1031325224183571e-07,3.1031325224183571e-07,0.00066742568974152532
969,554,0.99999487497089268,-5.1250422403713638e-06,5.1250422403713638e-06,0.99999992677463623,-7.3225366420615505e-08,7.3225366420615505e-08,5.0518168739507481e-06
970,596,0.99980924773328606,-0.00019077046224155703,0.00019077046224155703,0.99999860569325338,-1.3943077186800825e-06,1.3943077186800825e-06,0.00018937615452287694
971,27685,0.99991465145276848,-8.5352189626024944e-05,8.5352189626024944e-05,0.99999768538165146,-2.3146210272972073e-06,2.3146210272972073e-06,8.3037568598727738e-05
972,2199,0.99999177746241863,-8.2225713866325414e-06,8.2225713866325414e-06,0.99999025350091153,-9.7465465858533091e-06,9.7465465858533091e-06,-1.5239751992207678e-06
973,198,0.98553446257184762,-0.014571183369281067,0.014571183369281067,0.99989395685511018,-0.00010604876786164959,0.00010604876786164959,0.014465134601419417
974,9,0.999878645912334,-0.00012136145166910948,0.00012136145166910948,0.99999580833452151,-4.1916742635810701e-06,4.1916742635810701e-06,0.00011716977740552841
975,51075,0.26426642304195314,-1.3307975065245763,1.3307975065245763,0.96334979522394382,-0.037338698222013321,0.037338698222013321,1.2934588083025629
976,3341,0.99860215013170495,-0.0013988277718366901,0.0013988277718366901,0.99999899061566977,-1.0093848396531882e-06,1.0093848396531882e-06,0.001397818386997037
977,7678,0.99999368333308514,-6.3166868650817227e-06,6.3166868650817227e-06,0.99999814195172543,-1.8580500007458006e-06,1.8580500007458006e-06,4.4586368643359221e-06
978,596,0.99987050820214129,-0.0001295001826454544,0.0001295001826454544,0.99999489535826547,-5.1046547632496044e-06,5.1046547632496044e-06,0.00012439552788220479
979,27685,0.99992629664625843,-7.3706069967175542e-05,7.3706069967175542e-05,0.99999741090242733,-2.5891009243603616e-06,2.5891009243603616e-06,7.1116969042815176e-05
980,2199,0.99999982752683159,-1.7247318329432146e-07,1.7247318329432146e-07,0.99999989258861288,-1.0741139289572161e-07,1.0741139289572161e-07,6.5061790398599858e-08
981,198,0.99702203778866183,-0.0029824051636260212,0.0029824051636260212,0.99995768874449831,-4.2312150648136697e-05,4.2312150648136697e-05,0.0029400930129778844
982,9,0.99986909453143535,-0.00013091403743327711,0.00013091403743327711,0.9999974658093288,-2.5341938822125895e-06,2.5341938822125895e-06,0.00012837984355106453
983,67188,0.38764075639188411,-0.9476762538436122,0.9476762538436122,0.97845435585283747,-0.021781140292943525,0.021781140292943525,0.92589511355066867
984,31298,0.99996295845395877,-3.7042232096244752e-05,3.7042232096244752e-05,0.99999863959117219,-1.3604097531947581e-06,1.3604097531947581e-06,3.5681822343049992e-05
985,300,0.99999975278858044,-2.4721145006281604e-07,2.4721145006281604e-07,0.99999993409775001,-6.5902252148795662e-08,6.5902252148795662e-08,1.8130919791402036e-07
986,42221,0.99999774288146015,-2.2571210871418093e-06,2.2571210871418093e-06,0.99999958097693276,-4.1902315498010776e-07,4.1902315498010776e-07,1.8380979321617015e-06
987,596,0.98237424965491638,-0.017782933603275042,0.017782933603275042,0.99307888732740734,-0.0069451746609994446,0.0069451746609994446,0.010837758942275597
988,27685,0.99997988895093259,-2.0111251297299563e-05,2.0111251297299563e-05,0.99999821392000232,-1.7860815927489303e-06,1.7860815927489303e-06,1.8325169704550632e-05
989,2199,0.99999416146458842,-5.8385524559354644e-06,5.8385524559354644e-06,0.99999907667918209,-9.2332124419286697e-07,9.2332124419286697e-07,4.915231211742597e-06
990,198,0.99736125059124903,-0.0026422370446545257,0.0026422370446545257,0.9999376496198491,-6.2352324016635749e-05,6.2352324016635749e-05,0.0025798847206378898
991,9,0.99989583163625695,-0.0001041737896438924,0.0001041737896438924,0.99999406603457264,-5.933983033417057e-06,5.933983033417057e-06,9.8239806610475345e-05
992,362,0.98727370929512959,-0.012807963611084598,0.012807963611084598,0.99995869355776179,-4.1307295372799261e-05,4.1307295372799261e-05,0.012766656315711798
993,1638,0.99998958701291685,-1.0413041298624898e-05,1.0413041298624898e-05,0.99999993647253649,-6.3527465490836604e-08,6.3527465490836604e-08,1.0349513833134062e-05
994,1334,0.99999764603378916,-2.3539689813800089e-06,2.3539689813800089e-06,0.99999966481785707,-3.3518219911083458e-07,3.3518219911083458e-07,2.0187867822691741e-06
995,6193,0.99999339065718185,-6.609364659978088e-06,6.609364659978088e-06,0.99999845070511073,-1.5492960894116212e-06,1.5492960894116212e-06,5.060068570566467e-06
996,68,0.99999455180993713,-5.4482049043008303e-06,5.4482049043008303e-06,0.99999973409351217,-2.6590652319660176e-07,2.6590652319660176e-07,5.1822983811042285e-06
997,336,0.99998768265688653,-1.2317418972609154e-05,1.2317418972609154e-05,0.99999978246629673,-2.1753372690785881e-07,2.1753372690785881e-07,1.2099885245701295e-05
998,596,0.99993965007552743,-6.0351745602545916e-05,6.0351745602545916e-05,0.99999650444109556,-3.4955650139518373e-06,3.4955650139518373e-06,5.6856180588594079e-05
999,27685,0.99997564608437128,-2.435421219014133e-05,2.435421219014133e-05,0.99999723627051729,-2.7637333018221822e-06,2.7637333018221822e-06,2.1590478888319148e-05
1000,2199,0.99999275027191425,-7.2497543651698131e-06,7.2497543651698131e-06,0.99999838217589521,-1.6178254134642598e-06,1.6178254134642598e-06,5.6319289517055529e-06
1001,198,0.77377079827580086,-0.25647957550510342,0.25647957550510342,0.84085570258714504,-0.17333521210482389,0.17333521210482389,0.083144363400279531
1002,9,0.99972396471220371,-0.00027607339254866463,0.00027607339254866463,0.99993939365257456,-6.0608184064302089e-05,6.0608184064302089e-05,0.00021546520848436256
1003,28395,0.23075523840296783,-1.4663977042188567,1.4663977042188567,0.75256710518540171,-0.28426511000896321,0.28426511000896321,1.1821325942098935
1004,220,0.88859947161923147,-0.11810868310212232,0.11810868310212232,0.99978756608632224,-0.00021245648095764106,0.00021245648095764106,0.11789622662116468
1005,1041,0.97189264126656494,-0.028509931993746712,0.028509931993746712,0.99992295029706635,-7.7052671414452485e-05,7.7052671414452485e-05,0.028432879322332259
1006,27685,0.77836339433384827,-0.25056177602260093,0.25056177602260093,0.83399240020110144,-0.18153098913361235,0.18153098913361235,0.069030786888988588
1007,2199,0.99365687399445168,-0.0063633291085078824,0.0063633291085078824,0.99751054610432954,-0.0024925577383387329,0.0024925577383387329,0.0038707713701691495
1008,198,0.99932244187914643,-0.00067778776709543677,0.00067778776709543677,0.99992488764761656,-7.5115173457466464e-05,7.5115173457466464e-05,0.00060267259363797033
1009,9,0.99999358889551349,-6.4111250377742478e-06,6.4111250377742478e-06,0.99999938129007671,-6.1871011469835892e-07,6.1871011469835892e-07,5.7924149230758889e-06
1010,28395,0.99660047948920971,-0.0034053120099138243,0.0034053120099138243,0.99969100309302705,-0.00030904465635371456,0.00030904465635371456,0.0030962673535601098
1011,220,0.99999132739268948,-8.6726449177522355e-06,8.6726449177522355e-06,0.99999970646294467,-2.9353709840048446e-07,2.9353709840048446e-07,8.3791078193517512e-06
1012,1049,0.99057490619321731,-0.0094697910757538771,0.0094697910757538771,0.99722271006370489,-0.0027811537616238692,0.0027811537616238692,0.0066886373141300075
1013,27685,0.99993373743248093,-6.6264762979939537e-05,6.6264762979939537e-05,0.99999426022707061,-5.739789401971178e-06,5.739789401971178e-06,6.0524973577968358e-05
1014,2199,0.99998554369300974,-1.4456411483669582e-05,1.4456411483669582e-05,0.99999685934549187,-3.1406594400273898e-06,3.1406594400273898e-06,1.1315752043642192e-05
1015,198,0.9771366847985733,-0.023128734167411069,0.023128734167411069,0.99148327418385906,-0.0085532003689512155,0.0085532003689512155,0.014575533798459854
1016,9,0.99995625606931415,-4.3744887479459666e-05,4.3744887479459666e-05,0.99999491086649328,-5.0891464563853027e-06,5.0891464563853027e-06,3.8655741023074365e-05
1017,99399,0.93105721238703454,-0.071434550975552139,0.071434550975552139,0.93878560985882276,-0.063168143351525541,0.063168143351525541,0.0082664076240265977
1018,1692,0.99932640592727973,-0.00067382103913556427,0.00067382103913556427,0.99991503531528536,-8.4968294417889161e-05,8.4968294417889161e-05,0.00058885274471767507
1019,689,0.99999303718671861,-6.9628375218845045e-06,6.9628375218845045e-06,0.99999650019515585,-3.4998109684546762e-06,3.4998109684546762e-06,3.4630265534298283e-06
1020,1630,5.4469251483351928e-05,-9.8178742084778357,9.8178742084778357,0.92488701561062558,-0.078083694215865002,0.078083694215865002,9.739790514261971
1021,5511,0.28428998089565033,-1.2577605022558793,1.2577605022558793,0.99999732639941141,-2.6736041626756042e-06,2.6736041626756042e-06,1.2577578286517166
1022,27685,0.99223027865927094,-0.0078000628913645932,0.0078000628913645932,0.99988300727077983,-0.00011699957340337357,0.00011699957340337357,0.0076830633179612194
1023,2199,0.99993560404049631,-6.4398033012512092e-05,6.4398033012512092e-05,0.99999795995028817,-2.0400517927016535e-06,2.0400517927016535e-06,6.235798121981044e-05
