token_index,token_id,probability,logprob,nll,reference_probability,reference_logprob,reference_nll,nll_drift
0,33,0.99418828014020888,-0.0058286736225805968,0.0058286736225805968,0.99418828014020888,-0.0058286736225805968,0.0058286736225805968,0
1,21161,0.99999475613849298,-5.2438752561085319e-06,5.2438752561085319e-06,0.99999475613849298,-5.2438752561085319e-06,5.2438752561085319e-06,0
2,11876,0.99967473592517342,-0.00032531698465915529,0.00032531698465915529,0.99967473592517342,-0.00032531698465915529,0.00032531698465915529,0
3,52757,0.99999856795547593,-1.4320455495007809e-06,1.4320455495007809e-06,0.99999856795547593,-1.4320455495007809e-06,1.4320455495007809e-06,0
4,374,0.99833174292366589,-0.0016696501667413032,0.0016696501667413032,0.99833174292366589,-0.0016696501667413032,0.0016696501667413032,0
5,264,0.94825204340102243,-0.05313494349742004,0.05313494349742004,0.94825204340102243,-0.05313494349742004,0.05313494349742004,0
6,6721,0.58549463806099078,-0.53529825386675856,0.53529825386675856,0.58549463806099078,-0.53529825386675856,0.53529825386675856,0
7,83162,0.99890946686129045,-0.0010911282026367776,0.0010911282026367776,0.99890946686129045,-0.0010911282026367776,0.0010911282026367776,0
8,11,0.99718378298534616,-0.0028201900147642386,0.0028201900147642386,0.99718378298534616,-0.0028201900147642386,0.0028201900147642386,0
9,9709,0.99992833449386354,-7.1668074231499385e-05,7.1668074231499385e-05,0.99992833449386354,-7.1668074231499385e-05,7.1668074231499385e-05,0
10,37959,0.99999492166899162,-5.0783439031615231e-06,5.0783439031615231e-06,0.99999492166899162,-5.0783439031615231e-06,5.0783439031615231e-06,0
11,10255,0.99995114631719528,-4.8854876184799489e-05,4.8854876184799489e-05,0.99995114631719528,-4.8854876184799489e-05,4.8854876184799489e-05,0
12,11,0.99976470220512059,-0.00023532548174868488,0.00023532548174868488,0.99976470220512059,-0.00023532548174868488,0.00023532548174868488,0
13,323,0.99999220304795378,-7.7969824426036352e-06,7.7969824426036352e-06,0.99999220304795378,-7.7969824426036352e-06,7.7969824426036352e-06,0
14,4846,0.99994099554645655,-5.9006194374740374e-05,5.9006194374740374e-05,0.99994099554645655,-5.9006194374740374e-05,5.9006194374740374e-05,0
15,19077,0.99960602170973312,-0.0003940559201037577,0.0003940559201037577,0.99960602170973312,-0.0003940559201037577,0.0003940559201037577,0
16,83162,0.99993173923773171,-6.8263092140127878e-05,6.8263092140127878e-05,0.99993173923773171,-6.8263092140127878e-05,6.8263092140127878e-05,0
17,323,0.99994727115600068,-5.273023421370637e-05,5.273023421370637e-05,0.99994727115600068,-5.273023421370637e-05,5.273023421370637e-05,0
18,6721,0.97089086375898637,-0.029541212724484883,0.029541212724484883,0.97089086375898637,-0.029541212724484883,0.029541212724484883,0
19,3778,0.87656654152419744,-0.1317426601901594,0.1317426601901594,0.87656654152419744,-0.1317426601901594,0.1317426601901594,0
20,9141,0.9999719533585113,-2.8047034803142123e-05,2.8047034803142123e-05,0.9999719533585113,-2.8047034803142123e-05,2.8047034803142123e-05,0
21,2851,0.99999694791996152,-3.0520846960792636e-06,3.0520846960792636e-06,0.99999694791996152,-3.0520846960792636e-06,3.0520846960792636e-06,0
22,13,0.99993631817347228,-6.3683854301294508e-05,6.3683854301294508e-05,0.99993631817347228,-6.3683854301294508e-05,6.3683854301294508e-05,0
23,1283,0.99007502956107585,-0.0099745512897938607,0.0099745512897938607,0.99007502956107585,-0.0099745512897938607,0.0099745512897938607,0
24,374,0.84692060005236891,-0.16614833128337761,0.16614833128337761,0.84692060005236891,-0.16614833128337761,0.16614833128337761,0
25,5131,0.91772193083008824,-0.085860841839914159,0.085860841839914159,0.91772193083008824,-0.085860841839914159,0.085860841839914159,0
26,8667,0.99997577399774418,-2.4226295710157761e-05,2.4226295710157761e-05,0.99997577399774418,-2.4226295710157761e-05,2.4226295710157761e-05,0
27,311,0.99981086808162267,-0.00018914980607410382,0.00018914980607410382,0.99981086808162267,-0.00018914980607410382,0.00018914980607410382,0
28,34538,0.99047337747917907,-0.0095722910652431964,0.0095722910652431964,0.99047337747917907,-0.0095722910652431964,0.0095722910652431964,0
29,389,0.99145517282213191,-0.0085815435197650475,0.0085815435197650475,0.99145517282213191,-0.0085815435197650475,0.0085815435197650475,0
30,279,0.99999955518283268,-4.4481726623267054e-07,4.4481726623267054e-07,0.99999955518283268,-4.4481726623267054e-07,4.4481726623267054e-07,0
31,23886,0.99999497690509997,-5.0231075157940812e-06,5.0231075157940812e-06,0.99999497690509997,-5.0231075157940812e-06,5.0231075157940812e-06,0
32,6883,0.99999856134681275,-1.4386542220610665e-06,1.4386542220610665e-06,0.99999856134681275,-1.4386542220610665e-06,1.4386542220610665e-06,0
33,323,0.82640783828492548,-0.19066687636577745,0.19066687636577745,0.82640783828492548,-0.19066687636577745,0.19066687636577745,0
34,706,0.70601858323058042,-0.34811371997896268,0.34811371997896268,0.70601858323058042,-0.34811371997896268,0.34811371997896268,0
35,2834,0.58047677285989696,-0.54390549094462348,0.54390549094462348,0.58047677285989696,-0.54390549094462348,0.54390549094462348,0
36,12387,0.74331451703789819,-0.29663601691840258,0.29663601691840258,0.74331451703789819,-0.29663601691840258,0.29663601691840258,0
37,59284,0.98758103243517481,-0.01249672741124461,0.01249672741124461,0.98758103243517481,-0.01249672741124461,0.01249672741124461,0
38,11,0.87183213409546423,-0.13715838037622086,0.13715838037622086,0.87183213409546423,-0.13715838037622086,0.13715838037622086,0
39,2737,0.99997743315678056,-2.2567097854528428e-05,2.2567097854528428e-05,0.99997743315678056,-2.2567097854528428e-05,2.2567097854528428e-05,0
40,3116,0.62122451779935217,-0.47606272003934175,0.47606272003934175,0.62122451779935217,-0.47606272003934175,0.47606272003934175,0
41,34538,0.96726892946018173,-0.033278715202542643,0.033278715202542643,0.96726892946018173,-0.033278715202542643,0.033278715202542643,0
42,4435,0.62332371808434084,-0.47268928345373223,0.47268928345373223,0.62332371808434084,-0.47268928345373223,0.47268928345373223,0
43,29201,0.99995739726386768,-4.2603643654637183e-05,4.2603643654637183e-05,0.99995739726386768,-4.2603643654637183e-05,4.2603643654637183e-05,0
44,4870,0.99999938349318629,-6.1650700369980807e-07,6.1650700369980807e-07,0.99999938349318629,-6.1650700369980807e-07,6.1650700369980807e-07,0
45,48854,0.98220534123741465,-0.017954887357351373,0.017954887357351373,0.98220534123741465,-0.017954887357351373,0.017954887357351373,0
46,11,0.94401500336556776,-0.057613219567206435,0.057613219567206435,0.94401500336556776,-0.057613219567206435,0.057613219567206435,0
47,264,0.59681581815867712,-0.51614672548626728,0.51614672548626728,0.59681581815867712,-0.51614672548626728,0.51614672548626728,0
48,28395,0.75810774346396981,-0.27692976166790279,0.27692976166790279,0.75810774346396981,-0.27692976166790279,0.27692976166790279,0
49,29201,0.99997512845979619,-2.4871849505736585e-05,2.4871849505736585e-05,0.99997512845979619,-2.4871849505736585e-05,2.4871849505736585e-05,0
50,4870,0.99999970757095058,-2.9242909214973284e-07,2.9242909214973284e-07,0.99999970757095058,-2.9242909214973284e-07,2.9242909214973284e-07,0
51,19134,0.99984335216724463,-0.00015666010330857356,0.00015666010330857356,0.99984335216724463,-0.00015666010330857356,0.00015666010330857356,0
52,11,0.99996213073554374,-3.7869981514933585e-05,3.7869981514933585e-05,0.99996213073554374,-3.7869981514933585e-05,3.7869981514933585e-05,0
53,323,0.99785830648599871,-0.0021439902193671543,0.0021439902193671543,0.99785830648599871,-0.0021439902193671543,0.0021439902193671543,0
54,459,0.99895019817132069,-0.0010503532565795189,0.0010503532565795189,0.99895019817132069,-0.0010503532565795189,0.0010503532565795189,0
55,34260,0.56537174847177096,-0.57027180230078511,0.57027180230078511,0.56537174847177096,-0.57027180230078511,0.57027180230078511,0
56,14829,0.99999512195562046,-4.8780562772157542e-06,4.8780562772157542e-06,0.99999512195562046,-4.8780562772157542e-06,4.8780562772157542e-06,0
57,358,0.99994256076565335,-5.744088404263168e-05,5.744088404263168e-05,0.99994256076565335,-5.744088404263168e-05,5.744088404263168e-05,0
58,29201,0.99996812116153599,-3.1879346604952466e-05,3.1879346604952466e-05,0.99996812116153599,-3.1879346604952466e-05,3.1879346604952466e-05,0
59,4870,0.99999885215068174,-1.1478499770941555e-06,1.1478499770941555e-06,0.99999885215068174,-1.1478499770941555e-06,1.1478499770941555e-06,0
60,62668,0.99999682983585991,-3.170169165056481e-06,3.170169165056481e-06,0.99999682983585991,-3.170169165056481e-06,3.170169165056481e-06,0
61,19134,0.99215195674159351,-0.0078790012292723442,0.0078790012292723442,0.99215195674159351,-0.0078790012292723442,0.0078790012292723442,0
62,13,0.79258120825730471,-0.232460307493359,0.232460307493359,0.79258120825730471,-0.232460307493359,0.232460307493359,0
63,11876,0.5295342792733716,-0.63575737708738522,0.63575737708738522,0.5295342792733716,-0.63575737708738522,0.63575737708738522,0
64,52757,0.99999749091237244,-2.5090907753045197e-06,2.5090907753045197e-06,0.99999749091237244,-2.5090907753045197e-06,2.5090907753045197e-06,0
65,706,0.98362653374739883,-0.016508992847586352,0.016508992847586352,0.98362653374739883,-0.016508992847586352,0.016508992847586352,0
66,1101,0.97534846456355617,-0.024960472283931289,0.024960472283931289,0.97534846456355617,-0.024960472283931289,0.024960472283931289,0
67,2834,0.45617203267708029,-0.78488527597144297,0.78488527597144297,0.45617203267708029,-0.78488527597144297,0.78488527597144297,0
68,279,0.77638300259314574,-0.25310932051690016,0.25310932051690016,0.77638300259314574,-0.25310932051690016,0.25310932051690016,0
69,75636,0.99818759578753691,-0.0018140486041464648,0.0018140486041464648,0.99818759578753691,-0.0018140486041464648,0.0018140486041464648,0
70,25434,0.99999749488801593,-2.5051151219178212e-06,2.5051151219178212e-06,0.99999749488801593,-2.5051151219178212e-06,2.5051151219178212e-06,0
71,29201,0.99999524282645358,-4.7571848617856425e-06,4.7571848617856425e-06,0.99999524282645358,-4.7571848617856425e-06,4.7571848617856425e-06,0
72,4870,0.9999999333474805,-6.6652521723275416e-08,6.6652521723275416e-08,0.9999999333474805,-6.6652521723275416e-08,6.6652521723275416e-08,0
73,19134,0.99999001279091715,-9.9872589553375837e-06,9.9872589553375837e-06,0.99999001279091715,-9.9872589553375837e-06,9.9872589553375837e-06,0
74,323,0.51929902328848643,-0.65527540895688219,0.65527540895688219,0.51929902328848643,-0.65527540895688219,0.65527540895688219,0
75,374,0.69456828722279096,-0.36446479588663661,0.36446479588663661,0.69456828722279096,-0.36446479588663661,0.36446479588663661,0
76,264,0.95504042608388007,-0.046001608419452486,0.046001608419452486,0.95504042608388007,-0.046001608419452486,0.046001608419452486,0
77,4330,0.97194519014517466,-0.028455864851134945,0.028455864851134945,0.97194519014517466,-0.028455864851134945,0.028455864851134945,0
78,7394,0.99996935458818625,-3.064588139400043e-05,3.064588139400043e-05,0.99996935458818625,-3.064588139400043e-05,3.064588139400043e-05,0
79,1917,0.99999862112157112,-1.3788793794838348e-06,1.3788793794838348e-06,0.99999862112157112,-1.3788793794838348e-06,1.3788793794838348e-06,0
80,18824,0.99997625554778058,-2.3744734123431392e-05,2.3744734123431392e-05,0.99997625554778058,-2.3744734123431392e-05,2.3744734123431392e-05,0
81,304,0.99999570251476533,-4.2974944688786254e-06,4.2974944688786254e-06,0.99999570251476533,-4.2974944688786254e-06,4.2974944688786254e-06,0
82,6721,0.99999605858467266,-3.9414230947128462e-06,3.9414230947128462e-06,0.99999605858467266,-3.9414230947128462e-06,3.9414230947128462e-06,0
83,36540,0.99999432107126429,-5.6789448608950721e-06,5.6789448608950721e-06,0.99999432107126429,-5.6789448608950721e-06,5.6789448608950721e-06,0
84,382,0.84601300196562579,-0.16722055074031708,0.16722055074031708,0.84601300196562579,-0.16722055074031708,0.16722055074031708,0
85,24641,0.96351494516957281,-0.037167279914779507,0.037167279914779507,0.96351494516957281,-0.037167279914779507,0.037167279914779507,0
86,52757,0.99999890790404999,-1.0920965463809783e-06,1.0920965463809783e-06,0.99999890790404999,-1.0920965463809783e-06,1.0920965463809783e-06,0
87,596,0.76363758030840689,-0.26966197368936279,0.26966197368936279,0.76363758030840689,-0.26966197368936279,0.26966197368936279,0
88,19077,0.66636944179641611,-0.4059110448285414,0.4059110448285414,0.66636944179641611,-0.4059110448285414,0.4059110448285414,0
89,36540,0.9999984239996984,-1.5760015434950808e-06,1.5760015434950808e-06,0.9999984239996984,-1.5760015434950808e-06,1.5760015434950808e-06,0
90,7076,0.99998836204260932,-1.1638025112254842e-05,1.1638025112254842e-05,0.99998836204260932,-1.1638025112254842e-05,1.1638025112254842e-05,0
91,574,0.95678047290334756,-0.044181304748893722,0.044181304748893722,0.95678047290334756,-0.044181304748893722,0.044181304748893722,0
92,6992,0.72779998351527642,-0.31772901645415147,0.31772901645415147,0.72779998351527642,-0.31772901645415147,0.31772901645415147,0
93,11,0.99940685452081224,-0.00059332145955896495,0.00059332145955896495,0.99940685452081224,-0.00059332145955896495,0.00059332145955896495,0
94,449,0.99879766743904907,-0.0012030559426328994,0.0012030559426328994,0.99879766743904907,-0.0012030559426328994,0.0012030559426328994,0
95,220,0.99973184155035399,-0.00026819441055199,0.00026819441055199,0.99973184155035399,-0.00026819441055199,0.00026819441055199,0
96,7461,0.99998417894724356,-1.5821177910603916e-05,1.5821177910603916e-05,0.99998417894724356,-1.5821177910603916e-05,1.5821177910603916e-05,0
97,15160,0.99998337667351889,-1.6623464650177055e-05,1.6623464650177055e-05,0.99998337667351889,-1.6623464650177055e-05,1.6623464650177055e-05,0
98,323,0.99999998526648848,-1.4733511635431346e-08,1.4733511635431346e-08,0.99999998526648848,-1.4733511635431346e-08,1.4733511635431346e-08,0
99,220,0.95986909926761566,-0.040958358747000739,0.040958358747000739,0.95986909926761566,-0.040958358747000739,0.040958358747000739,0
100,20,0.99999283867738609,-7.1613482562629428e-06,7.1613482562629428e-06,0.99999283867738609,-7.1613482562629428e-06,7.1613482562629428e-06,0
101,18151,0.99999058293204124,-9.417112299570745e-06,9.417112299570745e-06,0.99999058293204124,-9.417112299570745e-06,9.417112299570745e-06,0
102,520,0.5655644526914001,-0.56993101522314826,0.56993101522314826,0.5655644526914001,-0.56993101522314826,0.56993101522314826,0
103,426,0.99998111523045374,-1.8884947865778435e-05,1.8884947865778435e-05,0.99998111523045374,-1.8884947865778435e-05,1.8884947865778435e-05,0
104,2191,0.99999779521851628,-2.204783914290395e-06,2.204783914290395e-06,0.99999779521851628,-2.204783914290395e-06,2.204783914290395e-06,0
105,277,0.99999972377413349,-2.7622590463537847e-07,2.7622590463537847e-07,0.99999972377413349,-2.7622590463537847e-07,2.7622590463537847e-07,0
106,377,0.99999987586587669,-1.2413413104126005e-07,1.2413413104126005e-07,0.99999987586587669,-1.2413413104126005e-07,1.2413413104126005e-07,0
107,3314,0.99999967590583205,-3.2409422045576926e-07,3.2409422045576926e-07,0.99999967590583205,-3.2409422045576926e-07,3.2409422045576926e-07,0
108,9304,0.99999924055187173,-7.5944841665339387e-07,7.5944841665339387e-07,0.99999924055187173,-7.5944841665339387e-07,7.5944841665339387e-07,0
109,323,0.99999938390924414,-6.160909456573e-07,6.160909456573e-07,0.99999938390924414,-6.160909456573e-07,6.160909456573e-07,0
110,279,0.9999992893124795,-7.1068777300169178e-07,7.1068777300169178e-07,0.9999992893124795,-7.1068777300169178e-07,7.1068777300169178e-07,0
111,3907,0.9999995161852695,-4.8381484749744476e-07,4.8381484749744476e-07,0.9999995161852695,-4.8381484749744476e-07,4.8381484749744476e-07,0
112,315,0.99999982646954055,-1.7353047447697745e-07,1.7353047447697745e-07,0.99999982646954055,-1.7353047447697745e-07,1.7353047447697745e-07,0
113,19461,0.99999720218277288,-2.7978211410623989e-06,2.7978211410623989e-06,0.99999720218277288,-2.7978211410623989e-06,2.7978211410623989e-06,0
114,13,0.9999690937047534,-3.0906772855940343e-05,3.0906772855940343e-05,0.9999690937047534,-3.0906772855940343e-05,3.0906772855940343e-05,0
115,1283,0.9980169658946636,-0.001985002920717174,0.001985002920717174,0.9980169658946636,-0.001985002920717174,0.001985002920717174,0
116,1243,0.54957416165595963,-0.59861155217776107,0.59861155217776107,0.54957416165595963,-0.59861155217776107,0.59861155217776107,0
117,8667,0.99520344863651566,-0.0048080917334152951,0.0048080917334152951,0.99520344863651566,-0.0048080917334152951,0.0048080917334152951,0
118,449,0.99999976288495351,-2.3711507455188381e-07,2.3711507455188381e-07,0.99999976288495351,-2.3711507455188381e-07,2.3711507455188381e-07,0
119,34538,0.99688640750371982,-0.0031184498104817474,0.0031184498104817474,0.99688640750371982,-0.0031184498104817474,0.0031184498104817474,0
120,304,0.96355614806290091,-0.03712451772143955,0.03712451772143955,0.96355614806290091,-0.03712451772143955,0.03712451772143955,0
121,220,0.99999959369006797,-4.06310014579072e-07,4.06310014579072e-07,0.99999959369006797,-4.06310014579072e-07,4.06310014579072e-07,0
122,1049,0.99999985629282606,-1.4370718426279352e-07,1.4370718426279352e-07,0.99999985629282606,-1.4370718426279352e-07,1.4370718426279352e-07,0
123,15,0.99999952038300499,-4.7961711003022018e-07,4.7961711003022018e-07,0.99999952038300499,-4.7961711003022018e-07,4.7961711003022018e-07,0
124,323,0.99975465839308852,-0.00024537170808695358,0.00024537170808695358,0.99975465839308852,-0.00024537170808695358,0.00024537170808695358,0
125,574,0.93921162639499678,-0.062714450944255207,0.062714450944255207,0.93921162639499678,-0.062714450944255207,0.062714450944255207,0
126,12893,0.99960591018494938,-0.00039416748884938362,0.00039416748884938362,0.9996043951490462,-0.00039568312319683622,0.00039568312319683622,-1.5156343474526058e-06
127,311,0.99999996520017509,-3.4799825526345454e-08,3.4799825526345454e-08,0.9999999665470527,-3.345294785184448e-08,3.345294785184448e-08,1.3468776745009742e-09
128,1202,0.86914877847402394,-0.14024096184153861,0.14024096184153861,0.86937065511733924,-0.13998571402522683,0.13998571402522683,0.00025524781631178217
129,48006,0.99988166343873341,-0.00011834356358992969,0.00011834356358992969,0.99988154645856242,-0.000118460557612387,0.000118460557612387,-1.1699402245730591e-07
130,20862,0.99999401625616824,-5.9837617343818684e-06,5.9837617343818684e-06,0.99999397618772012,-6.0238304231025627e-06,6.0238304231025627e-06,-4.006868872069435e-08
131,14689,0.60304273935908481,-0.50576720689090704,0.50576720689090704,0.60596669479031706,-0.50093025351501486,0.50093025351501486,0.0048369533758921834
132,13345,0.99999861370950449,-1.3862914564022569e-06,1.3862914564022569e-06,0.99999862564827124,-1.3743526731550268e-06,1.3743526731550268e-06,1.193878324723009e-08
133,62668,0.99999959795697713,-4.0204310370263241e-07,4.0204310370263241e-07,0.99999960640897501,-3.9359110241326816e-07,3.9359110241326816e-07,8.4520012893642479e-09
134,320,0.89519354561843878,-0.11071533199875286,0.11071533199875286,0.89999360614636081,-0.10536761996488314,0.10536761996488314,0.0053477120338697171
135,40057,0.9999862489352952,-1.3751159251586401e-05,1.3751159251586401e-05,0.99998613017668692,-1.3869919499977637e-05,1.3869919499977637e-05,-1.187602483912363e-07
136,54,0.99999965863946616,-3.413605921497025e-07,3.413605921497025e-07,0.99999967365974818,-3.2634030504304006e-07,3.2634030504304006e-07,1.5020287106662432e-08
137,705,0.99963117922763944,-0.00036888880346967387,0.00036888880346967387,0.99963673319945578,-0.00036333279791196264,0.00036333279791196264,5.5560055577112319e-06
138,1405,0.99999861272390722,-1.387277055081465e-06,1.387277055081465e-06,0.99999869072451131,-1.3092763457740087e-06,1.3092763457740087e-06,7.8000709307456298e-08
139,568,0.99999990452329257,-9.5476711974970404e-08,9.5476711974970404e-08,0.99999991002052713,-8.997947692906705e-08,8.997947692906705e-08,5.4972350459033541e-09
140,574,0.70780205681895203,-0.34559080514259716,0.34559080514259716,0.71312878788133083,-0.33809324671458457,0.33809324671458457,0.0074975584280125851
141,264,0.99999944507794991,-5.5492220409540296e-07,5.5492220409540296e-07,0.9999994674521987,-5.3254794316015428e-07,5.3254794316015428e-07,2.2374260935248678e-08
142,2380,0.99996109878704598,-3.8901969625803286e-05,3.8901969625803286e-05,0.99996214911272996,-3.7851603632977168e-05,3.7851603632977168e-05,1.0503659928261185e-06
143,7394,0.99998632273802446,-1.367735551011491e-05,1.367735551011491e-05,0.99998622560578798,-1.3774489079867817e-05,1.3774489079867817e-05,-9.7133569752906834e-08
144,75402,0.99997865291601107,-2.1347311841142831e-05,2.1347311841142831e-05,0.99997912921387699,-2.087100392086789e-05,2.087100392086789e-05,4.7630792027494089e-07
145,54,0.99999993599089076,-6.4009111294449954e-08,6.4009111294449954e-08,0.9999999389603984,-6.1039603507266749e-08,6.1039603507266749e-08,2.9695077871832051e-09
146,16642,0.99999945153770764,-5.4846244271402775e-07,5.4846244271402775e-07,0.9999994975091584,-5.0249096781902888e-07,5.0249096781902888e-07,4.5971474894998869e-08
147,12633,0.99999849505266747,-1.5049484649507202e-06,1.5049484649507202e-06,0.99999871815737262,-1.2818434489448176e-06,1.2818434489448176e-06,2.2310501600590257e-07
148,8068,0.9999964071093087,-3.5928971457286974e-06,3.5928971457286974e-06,0.99999661941226581,-3.38059344839322e-06,3.38059344839322e-06,2.1230369733547738e-07
149,33597,0.99998874042275254,-1.1259640636941996e-05,1.1259640636941996e-05,0.99999027015971564,-9.7298876195616166e-06,9.7298876195616166e-06,1.5297530173803791e-06
150,449,0.99917676337931682,-0.00082357566603918041,0.00082357566603918041,0.99938241550733109,-0.0006177752765258712,0.0006177752765258712,0.00020580038951330921
151,37940,0.99999944297379029,-5.570263648813283e-07,5.570263648813283e-07,0.99999966015659147,-3.3984346624195028e-07,3.3984346624195028e-07,2.1718289863937802e-07
152,783,0.99999996969266314,-3.0307337291289588e-08,3.0307337291289588e-08,0.99999997694444487,-2.3055555421044615e-08,2.3055555421044615e-08,7.2517818702449727e-09
153,30411,0.99999992508966129,-7.4910341566234782e-08,7.4910341566234782e-08,0.99999995650368467,-4.3496316268710392e-08,4.3496316268710392e-08,3.141402529752439e-08
154,382,0.88773283802114844,-0.11908443934113221,0.11908443934113221,0.89545755146377104,-0.11042046065539018,0.11042046065539018,0.0086639786857420215
155,24641,0.85603735198523545,-0.1554412682956251,0.1554412682956251,0.86246924140305281,-0.14795579285391955,0.14795579285391955,0.0074854754417055525
156,52757,0.99999387321572297,-6.12680304588197e-06,6.12680304588197e-06,0.99999481851280858,-5.1815006153898813e-06,5.1815006153898813e-06,9.4530243049208866e-07
157,1903,0.61468144068032693,-0.48665112800858218,0.48665112800858218,0.57269237076560009,-0.55740658119087594,0.55740658119087594,-0.070755453182293759
158,813,0.99993812667619619,-6.1875238036820032e-05,6.1875238036820032e-05,0.99999088944897374,-9.1105925276227371e-06,9.1105925276227371e-06,5.2764645509197295e-05
159,1925,0.76873014658386185,-0.26301528577686389,0.26301528577686389,0.79557778591210848,-0.22868665356845752,0.22868665356845752,0.034328632208406373
160,22162,0.99994622273896427,-5.377870708443263e-05,5.377870708443263e-05,0.99998744635932624,-1.2553719471321782e-05,1.2553719471321782e-05,4.122498761311085e-05
161,17755,0.99991710574853798,-8.2897687380397992e-05,8.2897687380397992e-05,0.99997964168820497,-2.0358519028325216e-05,2.0358519028325216e-05,6.253916835207278e-05
162,304,0.99704952349087328,-0.0029548377455384904,0.0029548377455384904,0.99924438606201038,-0.00075589955808930706,0.00075589955808930706,0.0021989381874491835
163,220,0.87418185228085443,-0.13446685599871855,0.13446685599871855,0.90012629303677749,-0.10522019990612236,0.10522019990612236,0.02924665609259619
164,1049,0.99999921050241802,-7.8949789360232344e-07,7.8949789360232344e-07,0.99999902830685916,-9.7169361287804946e-07,9.7169361287804946e-07,-1.8219571927572602e-07
165,17,0.99999600270656319,-3.9973014260290157e-06,3.9973014260290157e-06,0.99999720866104025,-2.7913428554952377e-06,2.7913428554952377e-06,1.205958570533778e-06
166,323,0.99986394051349492,-0.00013606874343670988,0.00013606874343670988,0.99995265804899747,-4.7343071668055595e-05,4.7343071668055595e-05,8.8725671768654296e-05
167,2834,0.77087170777837444,-0.26023331643896502,0.26023331643896502,0.83562754832346353,-0.17957228152882798,0.17957228152882798,0.080661034910137042
168,279,0.93302138447997163,-0.069327158268868413,0.069327158268868413,0.95406103610487902,-0.047027630434853279,0.047027630434853279,0.022299527834015134
169,34538,0.99996367533335495,-3.6325326401765725e-05,3.6325326401765725e-05,0.99998227664337858,-1.7723513681977461e-05,1.7723513681977461e-05,1.8601812719788265e-05
170,19134,0.97769862664950169,-0.022553809146243234,0.022553809146243234,0.98440206216109505,-0.015720865626821935,0.015720865626821935,0.0068329435194212987
171,389,0.95505093909306149,-0.045990600559437808,0.045990600559437808,0.97423527329956428,-0.026102450813347441,0.026102450813347441,0.019888149746090367
172,2380,0.99987627735414664,-0.00012373030013120701,0.00012373030013120701,0.99996664827286097,-3.3352283320193561e-05,3.3352283320193561e-05,9.0378016811013445e-05
173,8821,0.99962396545281429,-0.00037610526590503676,0.00037610526590503676,0.99990332170453011,-9.6682969117474238e-05,9.6682969117474238e-05,0.0002794222967875625
174,25975,0.99999880168070598,-1.1983200119924517e-06,1.1983200119924517e-06,0.9999987820199745,-1.2179807672441257e-06,1.2179807672441257e-06,-1.9660755251674073e-08
175,11,0.97003234486070478,-0.030425862823426551,0.030425862823426551,0.9847428486327543,-0.01537473927198277,0.01537473927198277,0.015051123551443781
176,2737,0.28708889174084817,-1.2479633838580919,1.2479633838580919,0.35019444995897264,-1.0492667074599313,1.0492667074599313,0.19869667639816058
177,264,0.5798691213418401,-0.54495285376400548,0.54495285376400548,0.67055160630840116,-0.39965461231929389,0.39965461231929389,0.1452982414447116
178,12845,0.97230788360689402,-0.028082771995248005,0.028082771995248005,0.98007824050604875,-0.020122873253273017,0.020122873253273017,0.0079598987419749884
179,927,0.99999487181594005,-5.128197209136965e-06,5.128197209136965e-06,0.99999938543531419,-6.1456487466084734e-07,6.1456487466084734e-07,4.5136323344761173e-06
180,578,0.97240561284754801,-0.027982264397687293,0.027982264397687293,0.9847952744180154,-0.015321502642886951,0.015321502642886951,0.012660761754800342
181,9305,0.99998678073752301,-1.3219349852216568e-05,1.3219349852216568e-05,0.99999127325981929,-8.7267782589053534e-06,8.7267782589053534e-06,4.4925715933112149e-06
182,13,0.63119436208141055,-0.46014144155403519,0.46014144155403519,0.61201876830611845,-0.49099232977317875,0.49099232977317875,-0.030850888219143557
183,1283,0.9999905782678038,-9.4217765810059832e-06,9.4217765810059832e-06,0.99999222560091938,-7.7744293014267411e-06,7.7744293014267411e-06,1.6473472795792422e-06
184,1101,0.51818029318948566,-0.65743204092985585,0.65743204092985585,0.53358729183148124,-0.6281326005723451,0.6281326005723451,0.029299440357510753
185,2834,0.99915129853105455,-0.00084906181993856281,0.00084906181993856281,0.99976193384661782,-0.0002380944956272327,0.0002380944956272327,0.00061096732431133009
186,279,0.99926912228659026,-0.00073114493473767971,0.00073114493473767971,0.99975028226308604,-0.00024974892157965265,0.00024974892157965265,0.00048139601315802706
187,220,0.86328826820304705,-0.14700661331168771,0.14700661331168771,0.89678340201187234,-0.10894091541076975,0.10894091541076975,0.038065697900917961
188,1049,0.99999770265967225,-2.2973429666342593e-06,2.2973429666342593e-06,0.99999947251826327,-5.2748187583730428e-07,5.2748187583730428e-07,1.769861090796955e-06
189,17,0.99971717081949507,-0.00028286918422054338,0.00028286918422054338,0.99990414929913873,-9.5855294833203027e-05,9.5855294833203027e-05,0.00018701388938734034
190,6342,0.99997447192335409,-2.5528402492830125e-05,2.5528402492830125e-05,0.99999090820551673,-9.091835813842338e-06,9.091835813842338e-06,1.6436566678987789e-05
191,315,0.99999997238643334,-2.7613567051383774e-08,2.7613567051383774e-08,0.99999994894432864,-5.1055672607497223e-08,5.1055672607497223e-08,-2.3442105556113449e-08
192,279,0.99999982646621477,-1.735338002604929e-07,1.735338002604929e-07,0.99999977439906917,-2.2560095622578162e-07,2.2560095622578162e-07,-5.2067155965288718e-08
193,22249,0.99999440010024931,-5.5999154301564502e-06,5.5999154301564502e-06,0.99999185288933468,-8.1471438531623026e-06,8.1471438531623026e-06,-2.5472284230058524e-06
194,323,0.99998624342185749,-1.3756672765116327e-05,1.3756672765116327e-05,0.99999748373464681,-2.516268518987451e-06,2.516268518987451e-06,1.1240404246128875e-05
195,279,0.99696266280319457,-0.0030419592669922529,0.0030419592669922529,0.99908767162343404,-0.00091274480139597763,0.00091274480139597763,0.002129214465596275
196,220,0.99999073382075854,-9.2662221727658659e-06,9.2662221727658659e-06,0.99999743315951028,-2.5668437840982428e-06,2.5668437840982428e-06,6.6993783886676226e-06
197,1049,0.99999392836224832,-6.0716561840949991e-06,6.0716561840949991e-06,0.99999698629327127,-3.0137112698963766e-06,3.0137112698963766e-06,3.0579449141986225e-06
198,18,0.99998872661090066,-1.1273452644518454e-05,1.1273452644518454e-05,0.99999482914416749,-5.170869201381731e-06,5.170869201381731e-06,6.102583443136723e-06
199,16591,0.99999917724615572,-8.227541827168766e-07,8.227541827168766e-07,0.99999849767117721,-1.5023299512630701e-06,1.5023299512630701e-06,-6.7957576854619353e-07
200,432,0.99999877640779367,-1.2235929548797514e-06,1.2235929548797514e-06,0.99999872586019889,-1.2741406128723187e-06,1.2741406128723187e-06,-5.0547657992567353e-08
201,23568,0.99999920629136607,-7.9370894888176042e-07,7.9370894888176042e-07,0.9999995403404881,-4.5965961752969096e-07,4.5965961752969096e-07,3.3404933135206947e-07
202,11,0.56232796071639646,-0.57567003929977767,0.57567003929977767,0.52010822274353874,-0.65371836840011288,0.65371836840011288,-0.078048329100335212
203,3339,0.96818503091951225,-0.03233206232781901,0.03233206232781901,0.98859094957812255,-0.011474632937626301,0.011474632937626301,0.020857429390192708
204,1461,0.99999769822406681,-2.3017785823008857e-06,2.3017785823008857e-06,0.99999846257506664,-1.5374261151868587e-06,1.5374261151868587e-06,7.6435246711402703e-07
205,279,0.99992815192729978,-7.1850653896579067e-05,7.1850653896579067e-05,0.99998736323268622,-1.2636847158416949e-05,1.2636847158416949e-05,5.9213806738162117e-05
206,39637,0.99999919418901062,-8.0581131408279709e-07,8.0581131408279709e-07,0.99999946827994679,-5.3172019462015783e-07,5.3172019462015783e-07,2.7409111946263926e-07
207,6342,0.98710420487877137,-0.012979667736781922,0.012979667736781922,0.99444721374211031,-0.0055682602847302439,0.0055682602847302439,0.0074114074520516783
208,315,0.99999861777620758,-1.3822247477329903e-06,1.3822247477329903e-06,0.99999967475211149,-3.2524794142187474e-07,3.2524794142187474e-07,1.0569768063111156e-06
209,279,0.9999998789537452,-1.2104626212620826e-07,1.2104626212620826e-07,0.99999968270261663,-3.1729743372600186e-07,3.1729743372600186e-07,-1.962511715997936e-07
210,22249,0.99999500649648176,-4.9935159857791394e-06,4.9935159857791394e-06,0.99999433918511715,-5.6608309053461009e-06,5.6608309053461009e-06,-6.6731491956696146e-07
211,323,0.99998700580545063,-1.2994278974622594e-05,1.2994278974622594e-05,0.99999680676628655,-3.1932388117897939e-06,3.1932388117897939e-06,9.8010401628327999e-06
212,16591,0.99999921367650269,-7.8632380644544621e-07,7.8632380644544621e-07,0.99999829709180221,-1.7029096477381507e-06,1.7029096477381507e-06,-9.1658584129270444e-07
213,432,0.99999936619436447,-6.338058363541221e-07,6.338058363541221e-07,0.99999944314529976,-5.568548552815142e-07,5.568548552815142e-07,7.6950981072607898e-08
214,23568,0.99999858684159548,-1.4131594030763466e-06,1.4131594030763466e-06,0.99999945147436775,-5.4852578267919787e-07,5.4852578267919787e-07,8.6463362039714869e-07
215,13946,0.99997717416673271,-2.2826093780583798e-05,2.2826093780583798e-05,0.99998681786955379,-1.3182217331287763e-05,1.3182217331287763e-05,9.6438764492960352e-06
216,382,0.59864541362801538,-0.513085820039619,0.513085820039619,0.63503177064479843,-0.45408024882953624,0.45408024882953624,0.059005571210082763
217,6153,0.61962547831629289,-0.47864005069690324,0.47864005069690324,0.68734519001483452,-0.37491865295805982,0.37491865295805982,0.10372139773884342
218,9564,0.97779374678184072,-0.022456524049449738,0.022456524049449738,0.9884904537107706,-0.011576293766837829,0.011576293766837829,0.010880230282611909
219,34538,0.86089535356663638,-0.14978232251407259,0.14978232251407259,0.89826718831445906,-0.10728771783681501,0.10728771783681501,0.042494604677257575
220,11,0.79854903356654872,-0.22495890611591665,0.22495890611591665,0.78822036605684231,-0.23797757586329074,0.23797757586329074,-0.01301866974737409
221,11876,0.99999587777668408,-4.122231812247923e-06,4.122231812247923e-06,0.99998649587245936,-1.3504218722171891e-05,1.3504218722171891e-05,-9.3819869099239689e-06
222,52757,0.99999399234174768,-6.0076762983219779e-06,6.0076762983219779e-06,0.99999082593820243,-9.1741038795791996e-06,9.1741038795791996e-06,-3.1664275812572217e-06
223,46531,0.99978347993905103,-0.00021654350480148946,0.00021654350480148946,0.99990944266616633,-9.0561434396541445e-05,9.0561434396541445e-05,0.000125982070404948
224,264,0.99999939811269567,-6.0188748546154829e-07,6.0188748546154829e-07,0.99999949472660465,-5.0527352304650311e-07,5.0527352304650311e-07,9.661396241504518e-08
225,7076,0.99999913558899234,-8.6441138123812841e-07,8.6441138123812841e-07,0.9999992268936313,-7.7310666759813274e-07,7.7310666759813274e-07,9.1304713639995676e-08
226,304,0.99999951961667521,-4.803834402169505e-07,4.803834402169505e-07,0.99999974536642644,-2.5463360597770011e-07,2.5463360597770011e-07,2.2574983423925039e-07
227,279,0.99851363444470154,-0.0014874712924026182,0.0014874712924026182,0.99862013615947287,-0.0013808167293083765,0.0013808167293083765,0.00010665456309424167
228,5165,0.99491315206598019,-0.0050998299888441023,0.0050998299888441023,0.99808914450139996,-0.001912683512052545,0.001912683512052545,0.0031871464767915573
229,21424,0.99999956805422474,-4.3194586859870654e-07,4.3194586859870654e-07,0.99999869197865621,-1.3080221992965574e-06,1.3080221992965574e-06,-8.7607633069785083e-07
230,9130,0.99999918402551213,-8.1597482075983634e-07,8.1597482075983634e-07,0.99999666749930571,-3.3325062470421706e-06,3.3325062470421706e-06,-2.5165314262823341e-06
231,320,0.99999897070808974,-1.0292924400236537e-06,1.0292924400236537e-06,0.99999970064537036,-2.9935467442875236e-07,2.9935467442875236e-07,7.2993776559490139e-07
232,88201,0.99998719731971064,-1.2802762244422372e-05,1.2802762244422372e-05,0.99998956354868818,-1.0436505771958257e-05,1.0436505771958257e-05,2.3662564724641149e-06
233,8,0.93806607650799867,-0.063934888418598998,0.063934888418598998,0.9718369519924539,-0.028567233456171737,0.028567233456171737,0.035367654962427261
234,719,0.5151490588826334,-0.66329898547298993,0.66329898547298993,0.61131645165426374,-0.49214052973922978,0.49214052973922978,0.17115845573376015
235,574,0.99999332083379711,-6.6791885086016744e-06,6.6791885086016744e-06,0.99999754088719472,-2.4591158289213162e-06,2.4591158289213162e-06,4.2200726796803582e-06
236,4018,0.99984947091706933,-0.00015054041357015664,0.00015054041357015664,0.99990964216881617,-9.0361913698587044e-05,9.0361913698587044e-05,6.0178499871569598e-05
237,4972,0.98101100395697505,-0.019171602398160952,0.019171602398160952,0.99524014897007484,-0.0047712151963383593,0.0047712151963383593,0.014400387201822592
238,311,0.99999995626522431,-4.3734776620876953e-08,4.3734776620876953e-08,0.99999993312322033,-6.6876781874295732e-08,6.6876781874295732e-08,-2.3142005253418779e-08
239,279,0.99999955207845048,-4.4792164981827682e-07,4.4792164981827682e-07,0.99999979132393757,-2.086760841776893e-07,2.086760841776893e-07,2.3924556564058749e-07
240,1212,0.9972907833431589,-0.0027128932262046133,0.0027128932262046133,0.9992989387285407,-0.00070130712982700643,0.00070130712982700643,0.002011586096377607
241,315,0.99999964857472823,-3.5142533347869869e-07,3.5142533347869869e-07,0.9999993434073452,-6.5659287034434532e-07,6.5659287034434532e-07,-3.0516753686564664e-07
242,279,0.99999811566381491,-1.8843379604367085e-06,1.8843379604367085e-06,0.99999942350512439,-5.7649504184231637e-07,5.7649504184231637e-07,1.3078429185943923e-06
243,220,0.99999097526524283,-9.0247754802755978e-06,9.0247754802755978e-06,0.99999954067549779,-4.5932460766390013e-07,4.5932460766390013e-07,8.5654508726116985e-06
244,1049,0.99999942594639601,-5.7405376873084453e-07,5.7405376873084453e-07,0.99999988026557174,-1.1973443541478494e-07,1.1973443541478494e-07,4.5431933331605962e-07
245,19,0.99999595867500835,-4.0413331578369283e-06,4.0413331578369283e-06,0.99999912610459785,-8.7389578402904388e-07,8.7389578402904388e-07,3.1674373738078842e-06
246,12,0.99460875675109472,-0.0054058284459725546,0.0054058284459725546,0.99566877713392321,-0.004340629783966393,0.004340629783966393,0.0010651986620061615
247,2304,0.99989957351367909,-0.00010043152939811428,0.00010043152939811428,0.99998404664156015,-1.595348569606011e-05,1.595348569606011e-05,8.4478043702054169e-05
248,3280,0.99999966051087141,-3.3948918620152369e-07,3.3948918620152369e-07,0.99999843973106128,-1.5602701559911272e-06,1.5602701559911272e-06,-1.2207809697896034e-06
249,13,0.99997324939616028,-2.6750961643456739e-05,2.6750961643456739e-05,0.99998828821776142,-1.1711850822084044e-05,1.1711850822084044e-05,1.5039110821372694e-05
250,1283,0.93822883069467633,-0.063761403763856264,0.063761403763856264,0.93998078908218452,-0.061895841073541,0.061895841073541,0.0018655626903152644
251,1243,0.9658607342477622,-0.034735622608124843,0.034735622608124843,0.98690230340527307,-0.013184227826482762,0.013184227826482762,0.021551394781642079
252,6052,0.79285753417413607,-0.23211172774412761,0.23211172774412761,0.82810637463289094,-0.18861366106981584,0.18861366106981584,0.043498066674311775
253,311,0.99999999482104052,-5.1789594700764228e-09,5.1789594700764228e-09,0.99999994693315786,-5.3066843510303047e-08,5.3066843510303047e-08,-4.7887884040226622e-08
254,6721,0.99994064569588981,-5.9356065646630051e-05,5.9356065646630051e-05,0.99998753670957563,-1.2463368091796792e-05,1.2463368091796792e-05,4.6892697554833256e-05
255,36540,0.99999706571775482,-2.9342865501602736e-06,2.9342865501602736e-06,0.99999477193085951,-5.2280828068488495e-06,5.2280828068488495e-06,-2.2937962566885759e-06
256,323,0.98550516861048976,-0.014600907745084123,0.014600907745084123,0.99365293370925356,-0.0063672945548442408,0.0063672945548442408,0.0082336131902398819
257,8667,0.99986818584248893,-0.00013182284576067598,0.00013182284576067598,0.9999458022771428,-5.4199191606898852e-05,5.4199191606898852e-05,7.7623654153777125e-05
258,449,0.99999988504838744,-1.1495161916674727e-07,1.1495161916674727e-07,0.99999971126592924,-2.8873411245762565e-07,2.8873411245762565e-07,-1.7378249329087837e-07
259,1561,0.99998775991275213,-1.2240162158381388e-05,1.2240162158381388e-05,0.99999565946491809,-4.3405445021115755e-06,4.3405445021115755e-06,7.8996176562698124e-06
260,6457,0.99999714619004754,-2.8538140245952399e-06,2.8538140245952399e-06,0.99999573792665741,-4.2620824252587833e-06,4.2620824252587833e-06,-1.4082684006635434e-06
261,1322,0.99999985647265954,-1.4352735080718114e-07,1.4352735080718114e-07,0.99999978395326927,-2.1604675401899123e-07,2.1604675401899123e-07,-7.2519403211810086e-08
262,62668,0.99560124161841934,-0.0044084613837933814,0.0044084613837933814,0.99633224265615339,-0.0036745000579551696,0.0036745000579551696,0.00073396132583821187
263,320,0.99999986272603292,-1.3727397653412615e-07,1.3727397653412615e-07,0.99999954894300391,-4.5105709786455273e-07,4.5105709786455273e-07,-3.1378312133042659e-07
264,45,0.99940839626606881,-0.00059177880047030663,0.00059177880047030663,0.9996410134253122,-0.00035905102579344305,0.00035905102579344305,0.00023272777467686357
265,28287,0.99995001672089801,-4.9984528307756694e-05,4.9984528307756694e-05,0.99996686615253672,-3.3134396401334044e-05,3.3134396401334044e-05,1.685013190642265e-05
266,54,0.99999986352430281,-1.3647570652671389e-07,1.3647570652671389e-07,0.99999992486483669,-7.5135166152746521e-08,7.5135166152746521e-08,6.1340540373967368e-08
267,705,0.94217886614335644,-0.059560143297460136,0.059560143297460136,0.96679089735093493,-0.033773045431995191,0.033773045431995191,0.025787097865464945
268,1405,0.99914138644582495,-0.00085898237392358621,0.00085898237392358621,0.99982860268471851,-0.00017141200547989252,0.00017141200547989252,0.00068757036844369372
269,568,0.99999989148796953,-1.0851203635317372e-07,1.0851203635317372e-07,0.9999998560238671,-1.4397614330133801e-07,1.4397614330133801e-07,-3.5464106948164294e-08
270,2834,0.99999684777710307,-3.152227865149995e-06,3.152227865149995e-06,0.99999773729641561,-2.2627061442600702e-06,2.2627061442600702e-06,8.8952172088992472e-07
271,279,0.99997879596768446,-2.1204257124249947e-05,2.1204257124249947e-05,0.99999282949365498,-7.1705320532335375e-06,7.1705320532335375e-06,1.403372507101641e-05
272,75636,0.99998024377607775,-1.9756419079031652e-05,1.9756419079031652e-05,0.9999757739732561,-2.4226320198863963e-05,2.4226320198863963e-05,-4.4699011198323112e-06
273,25434,0.99999849435588339,-1.5056452500861573e-06,1.5056452500861573e-06,0.9999986492314088,-1.3507695034527385e-06,1.3507695034527385e-06,1.5487574663341875e-07
274,29201,0.99999714914271565,-2.8508613480318803e-06,2.8508613480318803e-06,0.9999955518421022,-4.4481677908558627e-06,4.4481677908558627e-06,-1.5973064428239824e-06
275,4870,0.99999987720130257,-1.2279870499208509e-07,1.2279870499208509e-07,0.99999993845459167,-6.1545410206098169e-08,6.1545410206098169e-08,6.1253294785986919e-08
276,19134,0.99999940277363197,-5.9722654640135282e-07,5.9722654640135282e-07,0.99999906228099866,-9.3771944097472374e-07,9.3771944097472374e-07,-3.4049289457337091e-07
277,304,0.99837248388545008,-0.0016288419576507213,0.0016288419576507213,0.99974045451478255,-0.00025957917297599704,0.00025957917297599704,0.0013692627846747243
278,813,0.99999454469293159,-5.4553219486453304e-06,5.4553219486453304e-06,0.99999834491941197,-1.655081957629918e-06,1.655081957629918e-06,3.8002399910154121e-06
279,1176,0.99994934644920375,-5.0654833730649921e-05,5.0654833730649921e-05,0.99998061184810139,-1.9388339851287437e-05,1.9388339851287437e-05,3.1266493879362484e-05
280,2489,0.9999993921788437,-6.0782134105422328e-07,6.0782134105422328e-07,0.99999858810465192,-1.4118963447594996e-06,1.4118963447594996e-06,-8.0407500370527628e-07
281,382,0.99515221916786445,-0.0048595694361105515,0.0048595694361105515,0.99747895272214671,-0.0025242304686503604,0.0025242304686503604,0.0023353389674601911
282,644,0.55472143517062145,-0.5892892098505057,0.5892892098505057,0.69351297714657945,-0.36598532686219915,0.36598532686219915,0.22330388298830656
283,220,0.99999141840730654,-8.5816295154823426e-06,8.5816295154823426e-06,0.99999887493308115,-1.1250675517265946e-06,1.1250675517265946e-06,7.4565619637557483e-06
284,1049,0.99997906400688108,-2.0936212279830244e-05,2.0936212279830244e-05,0.99999552808570347,-4.4719242955791817e-06,4.4719242955791817e-06,1.646428798425106e-05
285,21,0.99957213235489617,-0.00042795920658313526,0.00042795920658313526,0.99990808936819664,-9.1914855844267175e-05,9.1914855844267175e-05,0.00033604435073886809
286,11,0.99999985031252647,-1.496874847507264e-07,1.496874847507264e-07,0.99999986650751527,-1.3349249369740066e-07,1.3349249369740066e-07,1.6194991053325741e-08
287,11876,0.9999982135523664,-1.786449229346206e-06,1.786449229346206e-06,0.99998921349320347,-1.0786564971262615e-05,1.0786564971262615e-05,-9.000115741916409e-06
288,52757,0.99999780648552572,-2.1935168800048121e-06,2.1935168800048121e-06,0.99999717897274543,-2.821031233650982e-06,2.821031233650982e-06,-6.2751435364616988e-07
289,46531,0.93726890285630737,-0.064785055144521056,0.064785055144521056,0.96705050394123326,-0.033504557445664621,0.033504557445664621,0.031280497698856435
290,264,0.9999976304328535,-2.3695699539073208e-06,2.3695699539073208e-06,0.99999916065078032,-8.3934957197700823e-07,8.3934957197700823e-07,1.5302203819303127e-06
291,7076,0.99999829809089713,-1.7019105510794246e-06,1.7019105510794246e-06,0.99999933252729856,-6.674729242156926e-07,6.674729242156926e-07,1.0344376268637319e-06
292,304,0.99999997445815136,-2.554184897606442e-08,2.554184897606442e-08,0.99999995451112433,-4.5488876741048934e-08,4.5488876741048934e-08,-1.9947027764984514e-08
293,9709,0.99999863623833352,-1.3637625964050874e-06,1.3637625964050874e-06,0.99999819560868075,-1.8043929471710303e-06,1.8043929471710303e-06,-4.4063035076594293e-07
294,37959,0.99999861531086931,-1.3846900893615192e-06,1.3846900893615192e-06,0.99999887439801549,-1.1256026180041575e-06,1.1256026180041575e-06,2.5908747135736168e-07
295,19071,0.99999934618747366,-6.5381274004138163e-07,6.5381274004138163e-07,0.99999821594968852,-1.7840519028477019e-06,1.7840519028477019e-06,-1.1302391628063203e-06
296,323,0.84745011296829487,-0.16552330521429481,0.16552330521429481,0.92337938741224623,-0.079715091648927205,0.079715091648927205,0.085808213565367608
297,8667,0.99881665972827582,-0.0011840409716556654,0.0011840409716556654,0.99961843458116673,-0.00038163823344063109,0.00038163823344063109,0.00080240273821503426
298,449,0.99999919681853855,-8.0318178405066579e-07,8.0318178405066579e-07,0.99999954845601779,-4.5154408409594027e-07,4.5154408409594027e-07,3.5163769995472552e-07
299,16905,0.84262480820793773,-0.17123348742115438,0.17123348742115438,0.89954381864689725,-0.10586751232903537,0.10586751232903537,0.065365975092119014
300,596,0.99992099886438224,-7.9004256371823894e-05,7.9004256371823894e-05,0.99995323945073367,-4.6761642574876861e-05,4.6761642574876861e-05,3.2242613796947033e-05
301,11,0.89825190152636636,-0.10730473606743615,0.10730473606743615,0.93717302006532766,-0.064887360571956085,0.064887360571956085,0.042417375495480067
302,11230,0.74433688670446496,-0.29526154192385962,0.29526154192385962,0.73483232092542405,-0.3081129405913427,0.3081129405913427,-0.012851398667483083
303,813,0.99999944079985392,-5.592003024747731e-07,5.592003024747731e-07,0.99999952715108953,-4.7284902227685817e-07,4.7284902227685817e-07,8.6351280197914926e-08
304,1176,0.99992961600434371,-7.0386472725956998e-05,7.0386472725956998e-05,0.99998546074161765,-1.4539364078410219e-05,1.4539364078410219e-05,5.5847108647546779e-05
305,4465,0.9999927795777005,-7.2204483668550906e-06,7.2204483668550906e-06,0.9999968733481428,-3.1266567451608174e-06,3.1266567451608174e-06,4.0937916216942736e-06
306,2403,0.68675764306843301,-0.37577382473714738,0.37577382473714738,0.71332339485184415,-0.33782039218209281,0.33782039218209281,0.037953432555054567
307,3468,0.99966725910329401,-0.00033279626724116469,0.00033279626724116469,0.99989292985816858,-0.00010707587424825162,0.00010707587424825162,0.00022572039299291306
308,6354,0.71868350051770102,-0.33033421216976111,0.33033421216976111,0.53645011066439074,-0.62278171160917906,0.62278171160917906,-0.29244749943941795
309,2689,0.99999215941130459,-7.8406194329393758e-06,7.8406194329393758e-06,0.99999348887108519,-6.511150112313635e-06,6.511150112313635e-06,1.3294693206257407e-06
310,13818,0.99927814816982896,-0.00072211249064974524,0.00072211249064974524,0.99987166289836649,-0.00012834533754398222,0.00012834533754398222,0.00059376715310576302
311,304,0.95574000335307452,-0.045269365939180919,0.045269365939180919,0.98583935160387881,-0.014261867061770276,0.014261867061770276,0.031007498877410646
312,5651,0.99362154546447023,-0.006398883794393107,0.006398883794393107,0.99881659266952294,-0.0011841081098582034,0.0011841081098582034,0.0052147756845349041
313,220,0.99999986599658852,-1.3400342048544379e-07,1.3400342048544379e-07,0.99999991984316972,-8.0156833511129165e-08,8.0156833511129165e-08,5.3846586974314629e-08
314,1049,0.99999981849050401,-1.8150951248971201e-07,1.8150951248971201e-07,0.99999995313690304,-4.6863098080931443e-08,4.6863098080931443e-08,1.3464641440878056e-07
315,22,0.99999924743274116,-7.5256754198950272e-07,7.5256754198950272e-07,0.99999981409577476,-1.8590424248386336e-07,1.8590424248386336e-07,5.6666329950563936e-07
316,13,0.9999989006271901,-1.0993734141760803e-06,1.0993734141760803e-06,0.99999904819731955,-9.51803133426163e-07,9.51803133426163e-07,1.4757028074991729e-07
317,1283,0.99996882262498665,-3.1177861037775303e-05,3.1177861037775303e-05,0.9999948109872856,-5.1890261773989917e-06,5.1890261773989917e-06,2.5988834860376312e-05
318,1243,0.99973651304795574,-0.00026352167082994022,0.00026352167082994022,0.9999477429028133,-5.2258462636371466e-05,5.2258462636371466e-05,0.00021126320819356875
319,8667,0.99990352900276114,-9.6475650864769267e-05,9.6475650864769267e-05,0.9999722534408505,-2.7746944092413206e-05,2.7746944092413206e-05,6.8728706772356064e-05
320,449,0.99999994365875422,-5.6341247412390389e-08,5.6341247412390389e-08,0.99999975946079622,-2.4053923269047948e-07,2.4053923269047948e-07,-1.8419798527808909e-07
321,279,0.99993143560680586,-6.8566743839610912e-05,6.8566743839610912e-05,0.99998052877179,-1.9471417776769953e-05,1.9471417776769953e-05,4.9095326062840956e-05
322,29950,0.98152577930232376,-0.01864700040186144,0.01864700040186144,0.98932192451250356,-0.010735495256451991,0.010735495256451991,0.0079115051454094493
323,50417,0.99999790072515027,-2.0992770531673729e-06,2.0992770531673729e-06,0.99999615088652805,-3.8491208797832092e-06,3.8491208797832092e-06,-1.7498438266158363e-06
324,19134,0.9999924574402107,-7.5425882345107048e-06,7.5425882345107048e-06,0.99998901470741697,-1.098535292184504e-05,1.098535292184504e-05,-3.4427646873343356e-06
325,320,0.99999997863332268,-2.1366677532158546e-08,2.1366677532158546e-08,0.99999985659779289,-1.4340221736598329e-07,1.4340221736598329e-07,-1.2203553983382476e-07
326,52,0.99997139604736196,-2.8604361738884096e-05,2.8604361738884096e-05,0.99998111924475885,-1.8880933484815456e-05,1.8880933484815456e-05,9.7234282540686395e-06
327,6897,0.99999570670720084,-4.2933020154058307e-06,4.2933020154058307e-06,0.99999664386791309,-3.3561377187270623e-06,3.3561377187270623e-06,9.3716429667876835e-07
328,8,0.99989422385498106,-0.00010578173970986969,0.00010578173970986969,0.99998785431343051,-1.2145760328882391e-05,1.2145760328882391e-05,9.36359793809873e-05
329,323,0.51169501161810615,-0.67002651186409268,0.67002651186409268,0.42608777374967194,-0.85310991227053878,0.85310991227053878,-0.18308340040644611
330,2834,0.70910284727123096,-0.34375470334922087,0.34375470334922087,0.72137989562755545,-0.32658937945169153,0.32658937945169153,0.017165323897529339
331,279,0.72320732734666393,-0.32405933811553034,0.32405933811553034,0.71541000563935997,-0.33489946617819982,0.33489946617819982,-0.010840128062669485
332,28395,0.99877065658226782,-0.0012300996802192834,0.0012300996802192834,0.99969705637382922,-0.00030298952286077815,0.00030298952286077815,0.00092711015735850522
333,29201,0.99999113617357327,-8.8638657107086941e-06,8.8638657107086941e-06,0.99998777833479968,-1.2221739885511067e-05,1.2221739885511067e-05,-3.3578741748023733e-06
334,4870,0.99999988962777131,-1.1037223481136352e-07,1.1037223481136352e-07,0.99999989898934727,-1.0101065784352352e-07,1.0101065784352352e-07,9.3615769678400008e-09
335,19134,0.99997444684110148,-2.5553485386097788e-05,2.5553485386097788e-05,0.99994863271224943,-5.1368607094867941e-05,5.1368607094867941e-05,-2.5815121708770154e-05
336,304,0.98611754480413349,-0.013979717687606082,0.013979717687606082,0.99651623847958559,-0.0034898439481739186,0.0034898439481739186,0.010489873739432163
337,6841,0.84403764375354917,-0.1695581837770706,0.1695581837770706,0.88431626744757108,-0.12294051172257114,0.12294051172257114,0.046617672054499459
338,220,0.99999978865386763,-2.1134615467009051e-07,2.1134615467009051e-07,0.99999977011877572,-2.2988125070239124e-07,2.2988125070239124e-07,-1.8535096032300732e-08
339,1049,0.99999588367363046,-4.1163348416468701e-06,4.1163348416468701e-06,0.99999967857944372,-3.2142060798796955e-07,3.2142060798796955e-07,3.7949142336589007e-06
340,23,0.99999585128797197,-4.1487206339744669e-06,4.1487206339744669e-06,0.99999771247429436,-2.2875283220546706e-06,2.2875283220546706e-06,1.8611923119197963e-06
341,13,0.59257728580326141,-0.52327397430514977,0.52327397430514977,0.78033795230635328,-0.24802818094615836,0.24802818094615836,0.27524579335899141
342,11876,0.98368895727401573,-0.016445532231408901,0.016445532231408901,0.98993155605027905,-0.010119473546205066,0.010119473546205066,0.0063260586852038354
343,52757,0.99997341503843329,-2.6585314953062735e-05,2.6585314953062735e-05,0.99997790951202747,-2.2090731970927508e-05,2.2090731970927508e-05,4.4945829821352276e-06
344,7946,0.2292974849691457,-1.4727350574769664,1.4727350574769664,0.33897530243191693,-1.0818280284388175,1.0818280284388175,0.39090702903814889
345,35844,0.99965853480212186,-0.00034152351039361338,0.00034152351039361338,0.99956048201573011,-0.00043961460060994086,0.00043961460060994086,-9.8091090216327484e-05
346,813,0.99159081756406375,-0.00844473908577709,0.00844473908577709,0.997838372408549,-0.0021639672806722582,0.0021639672806722582,0.0062807718051048319
347,2316,0.99976119270285912,-0.00023883581614392126,0.00023883581614392126,0.99994232587755694,-5.7675785659261335e-05,5.7675785659261335e-05,0.00018116003048465992
348,2403,0.40275836697651635,-0.90941848252503543,0.90941848252503543,0.42024477008392985,-0.86691795154436502,0.86691795154436502,0.042500530980670415
349,9454,0.61820176802156701,-0.48094038933743921,0.48094038933743921,0.77619806369061184,-0.25334755465156106,0.25334755465156106,0.22759283468587815
350,14603,0.99999279900142346,-7.2010245038433092e-06,7.2010245038433092e-06,0.99999004879323827,-9.9512562752648289e-06,9.9512562752648289e-06,-2.7502317714215197e-06
351,719,0.81977449322322171,-0.19872598480990916,0.19872598480990916,0.93455136997111266,-0.067688683055757815,0.067688683055757815,0.13103730175415135
352,574,0.99811463006158851,-0.0018871494854018629,0.0018871494854018629,0.9998467690933156,-0.00015324264773924442,0.00015324264773924442,0.0017339068376626184
353,99048,0.88493645828046885,-0.12223943510498958,0.12223943510498958,0.94620597154140806,-0.055295004727633469,0.055295004727633469,0.066944430377356118
354,4245,0.99888739941371452,-0.0011132199857899153,0.0011132199857899153,0.99992405917021721,-7.5943713433618526e-05,7.5943713433618526e-05,0.0010372762723562968
355,311,0.99999997189539747,-2.8104602916328721e-08,2.8104602916328721e-08,0.99999995439605971,-4.5603941360303325e-08,4.5603941360303325e-08,-1.7499338443974604e-08
356,37098,0.9992707188010338,-0.0007295472538602362,0.0007295472538602362,0.99984923592729869,-0.00015077543874652261,0.00015077543874652261,0.00057877181511371356
357,292,0.99999953069157299,-4.6930853715207571e-07,4.6930853715207571e-07,0.99999986672440921,-1.3327559966806167e-07,1.3327559966806167e-07,3.3603293748401404e-07
358,360,0.99999995855550339,-4.1444497418875276e-08,4.1444497418875276e-08,0.99999997297333787,-2.7026662542438512e-08,2.7026662542438512e-08,1.4417834876436763e-08
359,20000,0.99999943670942115,-5.632907375012248e-07,5.632907375012248e-07,0.99999967648649879,-3.2351355357380891e-07,3.2351355357380891e-07,2.3977718392741589e-07
360,13,0.49203574310039716,-0.70920391655056603,0.70920391655056603,0.63679534278963945,-0.45130695793718795,0.45130695793718795,0.25789695861337808
361,1283,0.99994410399569578,-5.5897566544102868e-05,5.5897566544102868e-05,0.99997618539015953,-2.3814893412747008e-05,2.3814893412747008e-05,3.208267313135586e-05
362,6052,0.99470768464500636,-0.0053063692629742734,0.0053063692629742734,0.99893758583019621,-0.0010629789317807214,0.0010629789317807214,0.0042433903311935523
363,520,0.6008439808431274,-0.50941997741133394,0.50941997741133394,0.77978102275303551,-0.24874213877357823,0.24874213877357823,0.26067783863775573
364,28395,0.99999933461639157,-6.6538382982267335e-07,6.6538382982267335e-07,0.999999541017077,-4.5898302838933104e-07,4.5898302838933104e-07,2.0640080143334231e-07
365,220,0.99999985391106305,-1.4608894759285501e-07,1.4608894759285501e-07,0.99999985186231055,-1.4813770045857265e-07,1.4813770045857265e-07,-2.0487528657176415e-09
366,8027,0.99999947412185597,-5.2587828231348076e-07,5.2587828231348076e-07,0.99999998249250555,-1.7507494633982712e-08,1.7507494633982712e-08,5.0837078767949808e-07
367,323,0.83260397373904027,-0.18319717154583856,0.18319717154583856,0.89777570374882365,-0.10783501498664962,0.10783501498664962,0.075362156559188945
368,24164,0.99159572249349892,-0.0084397925723391776,0.0084397925723391776,0.99611236309295281,-0.0038952134102448869,0.0038952134102448869,0.0045445791620942911
369,51075,0.62249987990369671,-0.47401184356908144,0.47401184356908144,0.61234169698036511,-0.49046482387783058,0.49046482387783058,-0.016452980308749143
370,3341,0.99999950715336161,-4.9284675985692403e-07,4.9284675985692403e-07,0.99999878861649227,-1.2113842414931452e-06,1.2113842414931452e-06,-7.1853748163622116e-07
371,7678,0.99999213371792994,-7.8663130093711e-06,7.8663130093711e-06,0.99999420451048604,-5.7955063078911337e-06,5.7955063078911337e-06,2.0708067014799663e-06
372,311,0.7146057872670496,-0.33602423481514038,0.33602423481514038,0.77990235515955408,-0.2485865528277619,0.2485865528277619,0.087437681987378474
373,86440,0.96537094165386728,-0.035242856007937085,0.035242856007937085,0.98696597903790872,-0.013119709202596738,0.013119709202596738,0.022123146805340346
374,279,0.99999996887866882,-3.1121331693705989e-08,3.1121331693705989e-08,0.99999992758492462,-7.2415077976659394e-08,7.2415077976659394e-08,-4.1293746282953405e-08
375,71729,0.99988042415709499,-0.00011958299266603293,0.00011958299266603293,0.99995669921036712,-4.3301727139132195e-05,4.3301727139132195e-05,7.6281265526900743e-05
376,59284,0.99973834857795474,-0.00026168565875077463,0.00026168565875077463,0.99984082773963301,-0.00015918492961566045,0.00015918492961566045,0.00010250072913511418
377,382,0.75797714521853332,-0.27710204522106585,0.27710204522106585,0.7609449693213346,-0.27319423737340215,0.27319423737340215,0.0039078078476637024
378,24641,0.98115976574244546,-0.019019972592995541,0.019019972592995541,0.98807260686758402,-0.011999095202061329,0.011999095202061329,0.0070208773909342121
379,52757,0.99999597720165745,-4.0228064339983696e-06,4.0228064339983696e-06,0.99999652374780013,-3.4762582420152021e-06,3.4762582420152021e-06,5.4654819198316743e-07
380,596,0.45711402504432691,-0.78282241145417697,0.78282241145417697,0.53813903807006458,-0.61963831713447459,0.61963831713447459,0.16318409431970238
381,43667,0.48366225383782158,-0.72636843850618815,0.72636843850618815,0.55789559422657653,-0.58358344122837791,0.58358344122837791,0.14278499727781024
382,7076,0.99994970976347064,-5.0291501125660828e-05,5.0291501125660828e-05,0.99995199593967887,-4.8005212552952343e-05,4.8005212552952343e-05,2.2862885727084855e-06
383,574,0.99631557464200082,-0.0036912295713275676,0.0036912295713275676,0.9992673107617982,-0.00073295778614450085,0.00073295778614450085,0.0029582717851830667
384,13160,0.90615203700967795,-0.0985481757489335,0.0985481757489335,0.92879440808204161,-0.073867869200082981,0.073867869200082981,0.02468030654885052
385,555,0.99891684106378842,-0.0010837459767959648,0.0010837459767959648,0.99989318440424668,-0.0001068213009453047,0.0001068213009453047,0.00097692467585066005
386,3892,0.51207328756482196,-0.6692875244111065,0.6692875244111065,0.56864178869130189,-0.56450458846068619,0.56450458846068619,0.10478293595042032
387,6992,0.3193175350542099,-1.1415692635935657,1.1415692635935657,0.4584628590048021,-0.77987599600882473,0.77987599600882473,0.36169326758474096
388,2316,0.6217380447869002,-0.47523642481175626,0.47523642481175626,0.72537585453273223,-0.32106533841556056,0.32106533841556056,0.1541710863961957
389,46616,0.99965401762964878,-0.00034604223606018623,0.00034604223606018623,0.99976096283300508,-0.00023906574093212721,0.00023906574093212721,0.00010697649512805902
390,11,0.66078975695016096,-0.41431955787892283,0.41431955787892283,0.6985790005732313,-0.35870700636089281,0.35870700636089281,0.055612551518030018
391,2737,0.56441987966995855,-0.57195683696262167,0.57195683696262167,0.58872312921785142,-0.52979927508737157,0.52979927508737157,0.042157561875250105
392,264,0.99360841708603387,-0.0064120965364349502,0.0064120965364349502,0.99824122895721379,-0.0017603194964267005,0.0017603194964267005,0.0046517770400082495
393,12845,0.85133022883921361,-0.16095517769023693,0.16095517769023693,0.89103745083469776,-0.11536882003248794,0.11536882003248794,0.045586357657748988
394,927,0.99752782275630758,-0.0024752381195802904,0.0024752381195802904,0.99962163926570125,-0.00037843233078149697,0.00037843233078149697,0.0020968057887987934
395,67188,0.77288351855625481,-0.25762692925729741,0.25762692925729741,0.94355358901284891,-0.058102117680655263,0.058102117680655263,0.19952481157664215
396,31298,0.99999434383582186,-5.6561801743275616e-06,5.6561801743275616e-06,0.99999572246477775,-4.2775443709100394e-06,4.2775443709100394e-06,1.3786358034175222e-06
397,300,0.99999181834663342,-8.1816868364971211e-06,8.1816868364971211e-06,0.99999863583365234,-1.3641672781407956e-06,1.3641672781407956e-06,6.8175195583563251e-06
398,42221,0.99999812664849852,-1.8733532561678321e-06,1.8733532561678321e-06,0.9999987380656794,-1.2619351168589666e-06,1.2619351168589666e-06,6.1141813930886551e-07
399,520,0.96955343475476363,-0.030919690032005665,0.030919690032005665,0.99381262776181345,-0.0062065933522680826,0.0062065933522680826,0.024713096679737583
400,28395,0.99999487488144401,-5.1251316894717994e-06,5.1251316894717994e-06,0.99999838067949776,-1.6193218133776013e-06,1.6193218133776013e-06,3.5058098760941979e-06
401,220,0.99999957995888245,-4.2004120575190037e-07,4.2004120575190037e-07,0.99999992766993373,-7.2330068871949991e-08,7.2330068871949991e-08,3.4771113687995037e-07
402,7994,0.99485363313330977,-0.0051596550227434642,0.0051596550227434642,0.9982713714932574,-0.0017301243090392978,0.0017301243090392978,0.0034295307137041662
403,13,0.99949120966200899,-0.00050891981571486071,0.00050891981571486071,0.99989097871226618,-0.00010902723098637086,0.00010902723098637086,0.00039989258472848986
404,4452,0.99181587956025619,-0.0082177942060560616,0.0082177942060560616,0.99759870597258593,-0.0024041817577030852,0.0024041817577030852,0.0058136124483529764
405,11,0.99999999839980402,-1.6001959744458238e-09,1.6001959744458238e-09,0.99999998254686739,-1.7453132786576808e-08,1.7453132786576808e-08,-1.5852936812130984e-08
406,568,0.99798282499741187,-0.0020192122401879093,0.0020192122401879093,0.99983279295721161,-0.00016722102344447968,0.00016722102344447968,0.0018519912167434297
407,574,0.93729126038294841,-0.064761201520529069,0.064761201520529069,0.97511453534858517,-0.025200342731207762,0.025200342731207762,0.039560858789321307
408,1578,0.41663295917989246,-0.87554963859457513,0.87554963859457513,0.48151785959679366,-0.73081195684970657,0.73081195684970657,0.14473768174486856
409,99048,0.99844863745346424,-0.0015525671554290775,0.0015525671554290775,0.99919089502078029,-0.00080943248132103914,0.00080943248132103914,0.00074313467410803838
410,4245,0.99811057891039168,-0.0018912082971818454,0.0018912082971818454,0.99986694911245688,-0.00013305973959764768,0.00013305973959764768,0.0017581485575841977
411,311,0.9999999884933054,-1.1506694641972326e-08,1.1506694641972326e-08,0.99999994625812061,-5.3741880833596484e-08,5.3741880833596484e-08,-4.2235186191624158e-08
412,37098,0.99875954645392484,-0.0012412235454066268,0.0012412235454066268,0.99959814825695337,-0.0004019325070958721,0.0004019325070958721,0.00083929103831075478
413,292,0.99999919196426756,-8.0803605889675555e-07,8.0803605889675555e-07,0.9999996775252068,-3.22474845234678e-07,3.22474845234678e-07,4.8556121366207755e-07
414,360,0.99999893634792514,-1.0636526405005122e-06,1.0636526405005122e-06,0.99999913204385815,-8.6795651857084633e-07,8.6795651857084633e-07,1.9569612192966588e-07
415,20000,0.99999539236330481,-4.6076473104250399e-06,4.6076473104250399e-06,0.99999682832389802,-3.1716811316990808e-06,3.1716811316990808e-06,1.4359661787259591e-06
416,323,0.98717304789332316,-0.012909927770439179,0.012909927770439179,0.99673095964473157,-0.0032743953413190596,0.0032743953413190596,0.0096355324291201201
417,55093,0.99898519227884697,-0.0010153229871352738,0.0010153229871352738,0.99960381210577998,-0.00039626639737919199,0.00039626639737919199,0.00061905658975608185
418,15173,0.99999862565965014,-1.3743412942728414e-06,1.3743412942728414e-06,0.99999717866075633,-2.8213432236483755e-06,2.8213432236483755e-06,-1.4470019293755342e-06
419,13,0.61437033324990875,-0.48715738404052783,0.48715738404052783,0.65041038289288489,-0.43015175701850816,0.43015175701850816,0.057005627022019667
420,11876,0.75974562816721702,-0.27477160150621049,0.27477160150621049,0.71046434600710962,-0.3418365142563915,0.3418365142563915,-0.067064912750181005
421,52757,0.99995224961578,-4.77515243058404e-05,4.77515243058404e-05,0.99995801277139862,-4.1988110089760582e-05,4.1988110089760582e-05,5.7634142160798172e-06
422,6052,0.96633104810489379,-0.034248803576271525,0.034248803576271525,0.99142824365753757,-0.0086087051414440452,0.0086087051414440452,0.02564009843482748
423,520,0.96986407138947339,-0.03059934989236875,0.03059934989236875,0.99417901514052065,-0.0058379928260399354,0.0058379928260399354,0.024761357066328815
424,28395,0.99999919204759835,-8.079527280663487e-07,8.079527280663487e-07,0.999999401518886,-5.9848129306827623e-07,5.9848129306827623e-07,2.0947143499807247e-07
425,220,0.99999994659689295,-5.3403108508234267e-08,5.3403108508234267e-08,0.99999995639276185,-4.3607239090359021e-08,4.3607239090359021e-08,9.7958694178752459e-09
426,9335,0.9999994890998104,-5.1090032010249326e-07,5.1090032010249326e-07,0.99999997506350891,-2.4936491449471287e-08,2.4936491449471287e-08,4.8596382865302202e-07
427,304,0.76289765900727891,-0.27063138643532142,0.27063138643532142,0.86971020792594511,-0.13959521715974293,0.13959521715974293,0.13103616927557848
428,6790,0.99996456051356031,-3.5440114433164963e-05,3.5440114433164963e-05,0.9999901632717334,-9.8367766475067824e-06,9.8367766475067824e-06,2.560333778565818e-05
429,220,0.39426751870131532,-0.93072561861241832,0.93072561861241832,0.46180700754299908,-0.7726082077658738,0.7726082077658738,0.15811741084654451
430,679,0.99998688980640571,-1.3110279533599421e-05,1.3110279533599421e-05,0.9999970283589581,-2.9716454572757072e-06,2.9716454572757072e-06,1.0138634076323714e-05
431,16,0.99992394776421833,-7.6055127899630302e-05,7.6055127899630302e-05,0.99999152187805573,-8.478157883753613e-06,8.478157883753613e-06,6.7576970015876696e-05
432,719,0.80234094562984393,-0.22022164221399756,0.22022164221399756,0.88559863563948105,-0.12149143819472204,0.12149143819472204,0.098730204019275528
433,5675,0.99465033892664223,-0.0053640217495558966,0.0053640217495558966,0.99846992762885989,-0.0015312441272709331,0.0015312441272709331,0.0038327776222849635
434,311,0.99997009659141411,-2.9903855701705797e-05,2.9903855701705797e-05,0.99999806767661514,-1.93232525181715e-06,1.93232525181715e-06,2.7971530449888648e-05
435,362,0.9999991129399799,-8.8706041359284314e-07,8.8706041359284314e-07,0.99999873519575322,-1.2648050466352197e-06,1.2648050466352197e-06,-3.7774463304237655e-07
436,1638,0.99999997370885252,-2.6291147801838142e-08,2.6291147801838142e-08,0.99999998645182475,-1.3548175378613806e-08,1.3548175378613806e-08,1.2742972423224336e-08
437,1334,0.99999987711865135,-1.2288135620113424e-07,1.2288135620113424e-07,0.99999979045830323,-2.095417186717287e-07,2.095417186717287e-07,-8.6660362470594458e-08
438,6193,0.99999937860012023,-6.2140007284088967e-07,6.2140007284088967e-07,0.99999762508406664,-2.3749187535006262e-06,2.3749187535006262e-06,-1.7535186806597364e-06
439,68,0.99999888363526834,-1.1163653547463041e-06,1.1163653547463041e-06,0.99999990904696789,-9.0953036296267884e-08,9.0953036296267884e-08,1.0254123184500362e-06
440,336,0.99999981358975598,-1.8641026139414013e-07,1.8641026139414013e-07,0.99999982487758809,-1.7512242721331547e-07,1.7512242721331547e-07,1.1287834180824668e-08
441,323,0.99820897000334974,-0.0017926358085326207,0.0017926358085326207,0.99988264487179013,-0.00011736201486168874,0.00011736201486168874,0.0016752737936709321
442,40522,0.98884516778076859,-0.011217513932046463,0.011217513932046463,0.99456946326624196,-0.0054453357002371043,0.0054453357002371043,0.0057721782318093584
443,22311,0.99985062293116667,-0.00014938822669879263,0.00014938822669879263,0.9999056583792556,-9.4346071194980108e-05,9.4346071194980108e-05,5.5042155503812524e-05
444,505,0.99999993559224609,-6.4407755941681297e-08,6.4407755941681297e-08,0.99999979040616549,-2.0959385651039553e-07,2.0959385651039553e-07,-1.4518610056871423e-07
445,43667,0.99997965161304125,-2.0348593989929775e-05,2.0348593989929775e-05,0.99999152095269916,-8.4790832481310598e-06,8.4790832481310598e-06,1.1869510741798715e-05
446,382,0.99786364423533924,-0.0021386410279744788,0.0021386410279744788,0.99905354725309092,-0.00094690091611307091,0.00094690091611307091,0.0011917401118614079
447,24641,0.93861594346146393,-0.063348889337934977,0.063348889337934977,0.97368064243125962,-0.026671911618933373,0.026671911618933373,0.036676977719001608
448,52757,0.99999005238394367,-9.9476655342039225e-06,9.9476655342039225e-06,0.99999387192093347,-6.1280978433221687e-06,6.1280978433221687e-06,3.8195676908817538e-06
449,706,0.3305328855185487,-1.1070491223150121,1.1070491223150121,0.43397382445049637,-0.83477105902663895,0.83477105902663895,0.27227806328837312
450,1027,0.78363330457655811,-0.24381409180299379,0.24381409180299379,0.81317079374220069,-0.20681411309401351,0.20681411309401351,0.03699997870898028
451,9152,0.51086705941423916,-0.67164588032739403,0.67164588032739403,0.58619258566929766,-0.5341068989100386,0.5341068989100386,0.13753898141735543
452,555,0.99966526552138202,-0.00033479051470869218,0.00033479051470869218,0.99994625088121636,-5.3750563319282407e-05,5.3750563319282407e-05,0.00028103995138940976
453,7043,0.99999363757060666,-6.3624496336404825e-06,6.3624496336404825e-06,0.9999856238019782,-1.4376301360296216e-05,1.4376301360296216e-05,-8.0138517266557323e-06
454,28653,0.99999585592841456,-4.1440801721052349e-06,4.1440801721052349e-06,0.99998384460470269,-1.615552579710151e-05,1.615552579710151e-05,-1.2011445624996275e-05
455,1543,0.99999998129613876,-1.8703861395739737e-08,1.8703861395739737e-08,0.99999998251898414,-1.7481016037353231e-08,1.7481016037353231e-08,1.2228453583865062e-09
456,6957,0.99941752368123671,-0.00058264602399696905,0.00058264602399696905,0.99992937937956272,-7.0623114190754947e-05,7.0623114190754947e-05,0.00051202290980621409
457,813,0.75713732889920171,-0.27821062997777746,0.27821062997777746,0.76307499716743921,-0.27039896004125585,0.27039896004125585,0.0078116699365216036
458,6721,0.99015901628541636,-0.0098897262413941058,0.0098897262413941058,0.99684628648569173,-0.003158696949082026,0.003158696949082026,0.0067310292923120803
459,36540,0.99988547758065471,-0.00011452897753824202,0.00011452897753824202,0.99997783478343716,-2.2165462214830252e-05,2.2165462214830252e-05,9.236351532341176e-05
460,7076,0.99598555805869027,-0.0040225214437379798,0.0040225214437379798,0.99945964515555219,-0.00054050088873967568,0.00054050088873967568,0.003482020554998304
461,323,0.98471647098705839,-0.015401525959511336,0.015401525959511336,0.99499990850270492,-0.0050126337806290118,0.0050126337806290118,0.010388892178882324
462,706,0.99999186461512801,-8.1354179644428047e-06,8.1354179644428047e-06,0.99999812444458713,-1.8755571717500822e-06,1.8755571717500822e-06,6.2598607926927222e-06
463,2010,0.99886563932073691,-0.0011350045533080454,0.0011350045533080454,0.99979868481559786,-0.00020133545102396072,0.00020133545102396072,0.00093366910228408467
464,15472,0.99999666713272384,-3.332872830138917e-06,3.332872830138917e-06,0.99999674701936503,-3.2529859258755192e-06,3.2529859258755192e-06,7.9886904263397814e-08
465,12387,0.99928454421531243,-0.0007157118453181737,0.0007157118453181737,0.99979490726738429,-0.0002051137670062828,0.0002051137670062828,0.00051059807831189095
466,2343,0.99998172297629018,-1.8277190736626669e-05,1.8277190736626669e-05,0.99999300450796036,-6.995516508256886e-06,6.995516508256886e-06,1.1281674228369782e-05
467,17453,0.9999974377055707,-2.5622977120252985e-06,2.5622977120252985e-06,0.99999899066777953,-1.0093327298338127e-06,1.0093327298338127e-06,1.5529649821914858e-06
468,23318,0.99996440593148372,-3.5594702000206234e-05,3.5594702000206234e-05,0.99998322416065788,-1.6775980058123027e-05,1.6775980058123027e-05,1.8818721942083208e-05
469,4455,0.99999930771930357,-6.922809360916765e-07,6.922809360916765e-07,0.99999561936236547,-4.3806472295716576e-06,4.3806472295716576e-06,-3.6883662934799811e-06
470,369,0.98633459551076319,-0.013759635584654579,0.013759635584654579,0.99684672166907873,-0.0031582603890046501,0.0031582603890046501,0.01060137519564993
471,2225,0.99756199763742548,-0.0024409791295620636,0.0024409791295620636,0.99963175799254356,-0.00036830982519387025,0.00036830982519387025,0.0020726693043681935
472,34538,0.47877422989057222,-0.73652612903047376,0.73652612903047376,0.50712864642275146,-0.67899056709882477,0.67899056709882477,0.057535561931648993
473,323,0.99999980278109812,-1.9721892128633697e-07,1.9721892128633697e-07,0.99999977123736727,-2.2876265885107957e-07,2.2876265885107957e-07,-3.1543737564742601e-08
474,28395,0.99917500097823553,-0.00082533952074447154,0.00082533952074447154,0.99967152942885495,-0.00032852452941917995,0.00032852452941917995,0.00049681499132529154
475,13,0.91258499663321957,-0.091474050868093362,0.091474050868093362,0.9388348601465224,-0.063115683029008163,0.063115683029008163,0.0283583678390852
476,763,0.68038800789215548,-0.38509204370076944,0.38509204370076944,0.76187484594235566,-0.27197298095517852,0.27197298095517852,0.11311906274559091
477,220,0.99125984822735158,-0.0087785709224310737,0.0087785709224310737,0.99749450350961411,-0.0025086404993511211,0.0025086404993511211,0.006269930423079953
478,679,0.99999819497509168,-1.8050265374291493e-06,1.8050265374291493e-06,0.99999985222587073,-1.4777414021938163e-07,1.4777414021938163e-07,1.6572523972097677e-06
479,20,0.97522545715405562,-0.025086596608976372,0.025086596608976372,0.98829161954142197,-0.011777463306676934,0.011777463306676934,0.013309133302299438
480,11,0.99999999050117572,-9.4988243486027999e-09,9.4988243486027999e-09,0.9999999543484811,-4.5651519965852737e-08,4.5651519965852737e-08,-3.615269561724994e-08
481,459,0.99774010850895478,-0.0022624488995244148,0.0022624488995244148,0.9995318621597018,-0.00046824745102690455,0.00046824745102690455,0.0017942014484975102
482,27290,0.99981399205099664,-0.00018602525062746047,0.00018602525062746047,0.99991802987813805,-8.1973481596025777e-05,8.1973481596025777e-05,0.00010405176903143469
483,916,0.9997578992532935,-0.00024213005782318305,0.00024213005782318305,0.99995619382887302,-4.3807130645306689e-05,4.3807130645306689e-05,0.00019832292717787638
484,4652,0.9999989494275775,-1.0505729743214568e-06,1.0505729743214568e-06,0.99999594274516135,-4.0572630693368056e-06,4.0572630693368056e-06,-3.0066900950153488e-06
485,14183,0.99998775000971507,-1.2250065316645111e-05,1.2250065316645111e-05,0.99999037663064927,-9.623415655659625e-06,9.623415655659625e-06,2.6266496609854861e-06
486,311,0.99999997393746209,-2.6062538232108175e-08,2.6062538232108175e-08,0.99999989312143123,-1.0687857449678771e-07,1.0687857449678771e-07,-8.0816036264679531e-08
487,11876,0.9973970604969149,-0.0026063330401737408,0.0026063330401737408,0.9989941458325996,-0.0010063603781814122,0.0010063603781814122,0.0015999726619923286
488,52757,0.99998223129242514,-1.7768865440187813e-05,1.7768865440187813e-05,0.99999320597119168,-6.7940518878860383e-06,6.7940518878860383e-06,1.0974813552301775e-05
489,439,0.99999998843085403,-1.1569146018654562e-08,1.1569146018654562e-08,0.9999999815245374,-1.8475462766646027e-08,1.8475462766646027e-08,-6.9063167479914648e-09
490,330,0.99965159700401696,-0.00034846370240749309,0.00034846370240749309,0.99989989064147988,-0.00010011436979643001,0.00010011436979643001,0.00024834933261106307
491,1820,0.99993978034927333,-6.0221464002681531e-05,6.0221464002681531e-05,0.99992421174201584,-7.5791130059267507e-05,7.5791130059267507e-05,-1.5569666056585976e-05
492,1455,0.9999998423051033,-1.5769490913152275e-07,1.5769490913152275e-07,0.99999980562671809,-1.9437330077138673e-07,1.9437330077138673e-07,-3.6678391639863983e-08
493,27332,0.9999852967352626,-1.4703372831465038e-05,1.4703372831465038e-05,0.99996586615525751,-3.4134427315377455e-05,3.4134427315377455e-05,-1.9431054483912415e-05
494,34880,0.99999656689094107,-3.4331149520184584e-06,3.4331149520184584e-06,0.99999565981644067,-4.3401929779398836e-06,4.3401929779398836e-06,-9.0707802592142529e-07
495,304,0.99999970571732755,-2.9428271574902797e-07,2.9428271574902797e-07,0.99999989105911136,-1.0894089458876532e-07,1.0894089458876532e-07,1.8534182116026264e-07
496,463,0.9999927584548548,-7.2415713653420806e-06,7.2415713653420806e-06,0.99999899826778993,-1.0017327117560163e-06,1.0017327117560163e-06,6.2398386535860641e-06
497,36540,0.99987170392776159,-0.0001283043028835173,0.0001283043028835173,0.99997513805638916,-2.4862252674134843e-05,2.4862252674134843e-05,0.00010344205020938244
498,3925,0.99999957269147022,-4.2730862111768994e-07,4.2730862111768994e-07,0.99999776770998983,-2.2322925017317065e-06,2.2322925017317065e-06,-1.8049838806140166e-06
499,1210,0.80333851975401027,-0.21897908506106278,0.21897908506106278,0.86068192362970475,-0.15003026948787632,0.15003026948787632,0.068948815573186467
500,11876,0.010352982723611698,-4.5704806149321238,4.5704806149321238,0.0019279743434624033,-6.2512853902151049,6.2512853902151049,-1.6808047752829811
501,52757,0.9999908585735533,-9.1414682298406178e-06,9.1414682298406178e-06,0.99999234960553407,-7.6504237303232777e-06,7.6504237303232777e-06,1.4910444995173401e-06
502,706,0.79206171023642558,-0.23311597323789648,0.23311597323789648,0.86373628287864079,-0.14648778491939538,0.14648778491939538,0.086628188318501109
503,1101,0.65253540357896822,-0.42688988289864804,0.42688988289864804,0.69895496564437865,-0.35816896565590062,0.35816896565590062,0.068720917242747426
504,1027,0.95834869093412289,-0.042543589224636975,0.042543589224636975,0.98900851582695615,-0.011052336853567052,0.011052336853567052,0.031491252371069922
505,264,0.87008500828710489,-0.13916436143205146,0.13916436143205146,0.75199657959108146,-0.28502350345875638,0.28502350345875638,-0.14585914202670491
506,3830,0.99237277682437908,-0.0076564591969539488,0.0076564591969539488,0.99467801767153752,-0.0053361945235424089,0.0053361945235424089,0.0023202646734115399
507,5274,0.99996956638580103,-3.0434077310826978e-05,3.0434077310826978e-05,0.99997690984199972,-2.309042458210955e-05,2.309042458210955e-05,7.3436527287174277e-06
508,37392,0.99998197546095469,-1.8024701489298624e-05,1.8024701489298624e-05,0.99997920050409805,-2.0799712214477039e-05,2.0799712214477039e-05,-2.7750107251784152e-06
509,304,0.99867965631179356,-0.0013212161099494639,0.0013212161099494639,0.99992587085707474,-7.4131890626004314e-05,7.4131890626004314e-05,0.0012470842193234597
510,28395,0.78439513302471076,-0.24284238939017075,0.24284238939017075,0.88037484693042745,-0.12740749978518212,0.12740749978518212,0.11543488960498863
511,11,0.98062106559810358,-0.019569167639940484,0.019569167639940484,0.99140699158276591,-0.0086301411885695966,0.0086301411885695966,0.010939026451370888
512,24435,0.56053237580308146,-0.57886827577756561,0.57886827577756561,0.5359801464794457,-0.6236581587476262,0.6236581587476262,-0.04478988297006059
513,304,0.99999998773014698,-1.2269853058242825e-08,1.2269853058242825e-08,0.99999990195896993,-9.8041034925078035e-08,9.8041034925078035e-08,-8.5771181866835203e-08
514,3892,0.96757923119510747,-0.032957964723103535,0.032957964723103535,0.99056895840804959,-0.0094757954707642509,0.0094757954707642509,0.023482169252339286
515,315,0.978189538479035,-0.022051825598723047,0.022051825598723047,0.9904291451806172,-0.0096169497983845751,0.0096169497983845751,0.012434875800338472
516,279,0.99999086910220447,-9.1309394824590647e-06,9.1309394824590647e-06,0.99999797411760383,-2.0258844482289105e-06,2.0258844482289105e-06,7.1050550342301542e-06
517,1888,0.99724948284300452,-0.002754306779854541,0.002754306779854541,0.99950689790162328,-0.00049322371319711063,0.00049322371319711063,0.0022610830666574301
518,48724,0.99997456214572444,-2.5438177823295611e-05,2.5438177823295611e-05,0.99999098119374996,-9.0188469197180557e-06,9.0188469197180557e-06,1.6419330903577556e-05
519,2343,0.99977574386590806,-0.00022428128325878714,0.00022428128325878714,0.99996252199363533,-3.7478708682705451e-05,3.7478708682705451e-05,0.00018680257457608169
520,17453,0.99999232876859656,-7.6712608275018543e-06,7.6712608275018543e-06,0.99999870276254144,-1.29723830002612e-06,1.29723830002612e-06,6.3740225274757347e-06
521,23318,0.97408660645998246,-0.026255060955865332,0.026255060955865332,0.98982125547838895,-0.010230902176448091,0.010230902176448091,0.016024158779417243
522,4455,0.99999630228305458,-3.6977237820013454e-06,3.6977237820013454e-06,0.99998641027751678,-1.3589814824315285e-05,1.3589814824315285e-05,-9.8920910423139392e-06
523,304,0.99830808404354754,-0.0016933488627203658,0.0016933488627203658,0.99973855932757405,-0.0002614748539963672,0.0002614748539963672,0.0014318740087239986
524,28395,0.97704964910166447,-0.023217810316861608,0.023217810316861608,0.99119133612634303,-0.0088476894980374105,0.0088476894980374105,0.014370120818824198
525,3925,0.99999904351957536,-9.5648088203670297e-07,9.5648088203670297e-07,0.99999488844088624,-5.1115721778607622e-06,5.1115721778607622e-06,-4.1550912958240594e-06
526,11,0.91227486562793214,-0.09181394656604451,0.09181394656604451,0.95646732075184382,-0.044508656130495844,0.044508656130495844,0.047305290435548666
527,2737,0.99999825854783952,-1.741453676829156e-06,1.741453676829156e-06,0.99997210123640001,-2.789915277771268e-05,2.789915277771268e-05,-2.6157699100883524e-05
528,28395,0.99999840212662117,-1.5978746554110501e-06,1.5978746554110501e-06,0.99999881796656009,-1.1820341385190207e-06,1.1820341385190207e-06,4.1584051689202936e-07
529,220,0.99999995391275409,-4.6087246955894793e-08,4.6087246955894793e-08,0.99999997676256147,-2.3237438814066894e-08,2.3237438814066894e-08,2.2849808141827899e-08
530,1041,0.99998095854301461,-1.9041638276209419e-05,1.9041638276209419e-05,0.99999910883321064,-8.9116718641589711e-07,8.9116718641589711e-07,1.8150471089793521e-05
531,323,0.99999193281604315,-8.0672164967131748e-06,8.0672164967131748e-06,0.99999919778081792,-8.0221950390147646e-07,8.0221950390147646e-07,7.2649969928116981e-06
532,28395,0.99999849656343198,-1.5034376981578018e-06,1.5034376981578018e-06,0.99999881934856771,-1.1806521292015249e-06,1.1806521292015249e-06,3.2278556895627697e-07
533,220,0.99999984254332352,-1.5745668883671128e-07,1.5745668883671128e-07,0.99999986065705138,-1.3934295834472741e-07,1.3934295834472741e-07,1.8113730491983867e-08
534,1049,0.99999179837878438,-8.2016548491486922e-06,8.2016548491486922e-06,0.99999974477323927,-2.5522679332559926e-07,2.5522679332559926e-07,7.9464280558230921e-06
535,13,0.76269492859373522,-0.27089715911458667,0.27089715911458667,0.69846687378207861,-0.35886752620272716,0.35886752620272716,-0.087970367088140489
536,4815,1.669941939651253e-06,-13.302721698815882,13.302721698815882,0.00016645166641347854,-8.700805582497539,8.700805582497539,4.6019161163183426
537,644,0.41372819061458055,-0.8825460651857101,0.8825460651857101,0.4160085359160372,-0.87704949990245062,0.87704949990245062,0.0054965652832594802
538,5936,0.61209451015158911,-0.49086858004037176,0.49086858004037176,0.70760793430665181,-0.34586510377653995,0.34586510377653995,0.14500347626383181
539,220,0.99999234845282692,-7.6515764463083133e-06,7.6515764463083133e-06,0.99996330728123839,-3.6693391955857408e-05,3.6693391955857408e-05,-2.9041815509549093e-05
540,679,0.99993717125805848,-6.2830715749596575e-05,6.2830715749596575e-05,0.99996145869774389,-3.8542044991240766e-05,3.8542044991240766e-05,2.4288670758355809e-05
541,17,0.99996736216301496,-3.2638369610869615e-05,3.2638369610869615e-05,0.99996424266598327,-3.5757973325424066e-05,3.5757973325424066e-05,-3.1196037145544511e-06
542,11,0.99993254300330126,-6.7459272024217583e-05,6.7459272024217583e-05,0.99988068133459895,-0.00011932578443926997,0.00011932578443926997,-5.1866512415052387e-05
543,11876,0.99981898228793498,-0.00018103409774844996,0.00018103409774844996,0.99944554080766068,-0.00055461296167914485,0.00055461296167914485,-0.00037357886393069489
544,52757,0.99998303708772263,-1.6963056149195594e-05,1.6963056149195594e-05,0.99999260297574943,-7.3970516086549586e-06,7.3970516086549586e-06,9.5660045405406352e-06
545,6052,0.73600931297067185,-0.30651250684055487,0.30651250684055487,0.79648753816806839,-0.22754379549445686,0.22754379549445686,0.078968711346098008
546,311,0.99999896486086282,-1.0351396729033227e-06,1.0351396729033227e-06,0.99999881465470586,-1.1853459967166876e-06,1.1853459967166876e-06,-1.5020632381336489e-07
547,6721,0.54517254811636828,-0.60665293237836349,0.60665293237836349,0.68203094919030061,-0.38268024212388896,0.38268024212388896,0.22397269025447453
548,36540,0.99999731097942179,-2.6890241936597311e-06,2.6890241936597311e-06,0.99999402026541873,-5.9797524599156531e-06,5.9797524599156531e-06,-3.290728266255922e-06
549,323,0.53394491967270485,-0.62746259202225496,0.62746259202225496,0.63988501235476858,-0.44646678696635733,0.44646678696635733,0.18099580505589763
550,48041,0.72675705975976068,-0.3191630254386163,0.3191630254386163,0.73132358033846701,-0.31289926281311053,0.31289926281311053,0.0062637626255057643
551,1619,0.9999854242341828,-1.4575872044717796e-05,1.4575872044717796e-05,0.99997992595969887,-2.0074241787401201e-05,2.0074241787401201e-05,-5.498369742683406e-06
552,34538,0.99987432798132236,-0.00012567991606740101,0.00012567991606740101,0.9999729569422664,-2.7043423403689908e-05,2.7043423403689908e-05,9.8636492663711105e-05
553,1306,0.99431955127509541,-0.0056966438332044823,0.0056966438332044823,0.99856385733341124,-0.0014371749078837144,0.0014371749078837144,0.0042594689253207677
554,459,0.99997252762698041,-2.7472750392163761e-05,2.7472750392163761e-05,0.99999554054389328,-4.4594660501565822e-06,4.4594660501565822e-06,2.3013284342007179e-05
555,8223,0.99978600326873579,-0.00021401963183181479,0.00021401963183181479,0.99985787840780482,-0.00014213169242560319,0.00014213169242560319,7.188793940621159e-05
556,4771,0.99999048281514635,-9.5172301423248519e-06,9.5172301423248519e-06,0.99999576312947847,-4.2368794971440139e-06,4.2368794971440139e-06,5.280350645180838e-06
557,81286,0.99998556081566981,-1.4439288576166574e-05,1.4439288576166574e-05,0.99999484289405283,-5.1571192450476655e-06,5.1571192450476655e-06,9.2821693311189087e-06
558,13,0.99869782551990482,-0.0013030230460174285,0.0013030230460174285,0.99927015120489449,-0.00073011526440017248,0.00073011526440017248,0.00057290778161725605
559,9220,0.45674524415167972,-0.7836294961445579,0.7836294961445579,0.48148323647415814,-0.7308838635646453,0.7308838635646453,0.052745632579912605
560,1667,0.99999643405025695,-3.5659561010665583e-06,3.5659561010665583e-06,0.99999198746983009,-8.0125622704467657e-06,8.0125622704467657e-06,-4.4466061693802074e-06
561,3010,0.99999927123757493,-7.287626906560161e-07,7.287626906560161e-07,0.99999681181000044,-3.1881950817954822e-06,3.1881950817954822e-06,-2.4594323911394661e-06
562,11,0.99986337424168104,-0.00013663509246812004,0.00013663509246812004,0.99995261678131497,-4.7384341305248121e-05,4.7384341305248121e-05,8.9250751162871922e-05
563,520,0.95412680373944048,-0.04695869840079011,0.04695869840079011,0.98054049184214664,-0.019651337062134806,0.019651337062134806,0.027307361338655304
564,99399,0.99999082861415889,-9.171427898486159e-06,9.171427898486159e-06,0.99999181653673308,-8.1834967516709283e-06,8.1834967516709283e-06,9.8793114681523068e-07
565,1692,0.99991767912026686,-8.2324268282756558e-05,8.2324268282756558e-05,0.99989924441632139,-0.0001007606598633832,0.0001007606598633832,-1.8436391580626646e-05
566,689,0.99999884747262446,-1.1525280396465245e-06,1.1525280396465245e-06,0.99999955675650565,-4.4324359262944956e-07,4.4324359262944956e-07,7.0928444701707496e-07
567,20572,0.99958341643645754,-0.00041667035858094359,0.00041667035858094359,0.99988380718274095,-0.00011619956816742086,0.00011619956816742086,0.00030047079041352272
568,11,0.9999963463810525,-3.6536256219870769e-06,3.6536256219870769e-06,0.99999544588292899,-4.5541274410317062e-06,4.5541274410317062e-06,-9.0050181904462935e-07
569,11876,0.99465091050382681,-0.0053634470983463323,0.0053634470983463323,0.99774638982329689,-0.0022561533777583813,0.0022561533777583813,0.003107293720587951
570,52757,0.99995797619146976,-4.2024691555255724e-05,4.2024691555255724e-05,0.99998381912664736,-1.6181004264384225e-05,1.6181004264384225e-05,2.5843687290871499e-05
571,24164,0.99989359943657485,-0.00010640622436660982,0.00010640622436660982,0.99993559330450743,-6.44087696928916e-05,6.44087696928916e-05,4.1997454673718215e-05
572,578,0.9998028433267836,-0.00019717611114821587,0.00019717611114821587,0.99994210908097558,-5.7892594768293685e-05,5.7892594768293685e-05,0.00013928351637992219
573,99773,0.99999923740963048,-7.625906602810231e-07,7.625906602810231e-07,0.99999941185104024,-5.8814913274276601e-07,5.8814913274276601e-07,1.7444152753825709e-07
574,4506,0.99999950671937499,-4.9328074671144525e-07,4.9328074671144525e-07,0.99999933439005184,-6.6561016972985205e-07,6.6561016972985205e-07,-1.723294230184068e-07
575,311,0.9968610154115557,-0.0031439215346065522,0.0031439215346065522,0.99964739954587734,-0.0003526626322791945,0.0003526626322791945,0.0027912589023273578
576,842,0.9998978475842617,-0.00010215763365168936,0.00010215763365168936,0.99997892013406053,-2.1080088122943606e-05,2.1080088122943606e-05,8.1077545528745763e-05
577,813,0.99969409859327962,-0.00030594820409951214,0.00030594820409951214,0.99994462912362569,-5.5372409397851839e-05,5.5372409397851839e-05,0.00025057579470166033
578,93576,0.99976578347714395,-0.00023424395582946527,0.00023424395582946527,0.99989773716478969,-0.00010226806441051119,0.00010226806441051119,0.00013197589141895408
579,30314,0.99999797574603311,-2.0242560156959791e-06,2.0242560156959791e-06,0.99999819189431516,-1.8081073194885147e-06,1.8081073194885147e-06,2.1614869620746438e-07
580,520,0.98590824387423814,-0.014191987660831407,0.014191987660831407,0.98933008681957302,-0.010727244884964009,0.010727244884964009,0.0034647427758673979
581,279,0.99982575056789402,-0.00017426461530206181,0.00017426461530206181,0.99995549298503006,-4.4508005436477367e-05,4.4508005436477367e-05,0.00012975660986558443
582,21134,0.99891756549942778,-0.0010830207558897118,0.0010830207558897118,0.99950797020375848,-0.00049215088262210031,0.00049215088262210031,0.00059086987326761149
583,9974,0.99999778265306472,-2.2173493935865392e-06,2.2173493935865392e-06,0.99999549849663749,-4.5015134942499586e-06,4.5015134942499586e-06,-2.2841641006634194e-06
584,1567,0.99999925003385415,-7.4996642706619212e-07,7.4996642706619212e-07,0.99999854591168791,-1.4540893693229968e-06,1.4540893693229968e-06,-7.0412294225680468e-07
585,13,0.99744465013528416,-0.002558620343848331,0.002558620343848331,0.9940209983981273,-0.0059969473996743993,0.0059969473996743993,-0.0034383270558260683
586,11876,0.044016953258527385,-3.1231804179432041,3.1231804179432041,0.022728526514115052,-3.784134468818821,3.784134468818821,-0.66095405087561687
587,52757,0.99995850355408766,-4.149730691370761e-05,4.149730691370761e-05,0.99995412686584217,-4.5874186362203096e-05,4.5874186362203096e-05,-4.3768794484954867e-06
588,706,0.74548493995958476,-0.29372034624284787,0.29372034624284787,0.85630495685009778,-0.15512870828275846,0.15512870828275846,0.13859163796008941
589,8738,0.44620225076151238,-0.80698295270796383,0.80698295270796383,0.42565582634815757,-0.8541241786260354,0.8541241786260354,-0.047141225918071572
590,311,0.99997406177780868,-2.5938558592813119e-05,2.5938558592813119e-05,0.99999344465127982,-6.55537020654432e-06,6.55537020654432e-06,1.9383188386268798e-05
591,387,0.80890416817990762,-0.21207482607262179,0.21207482607262179,0.7969947042663561,-0.2269072447982432,0.2269072447982432,-0.01483241872562141
592,264,0.97089305313361851,-0.029538957710821323,0.029538957710821323,0.97690383246993795,-0.02336706323754012,0.02336706323754012,0.0061718944732812031
593,25462,0.33445213472535645,-1.0952615046443794,1.0952615046443794,0.41231821226011917,-0.88595986789433279,0.88595986789433279,0.20930163675004665
594,5457,0.9920153855531173,-0.0080166621873787487,0.0080166621873787487,0.99718529698218983,-0.0028186717432879321,0.0028186717432879321,0.0051979904440908166
595,304,0.99999770533984778,-2.2946627849385361e-06,2.2946627849385361e-06,0.99999926118325633,-7.3881701664412294e-07,7.3881701664412294e-07,1.5558457682944132e-06
596,6721,0.35094350488941922,-1.0471300232018734,1.0471300232018734,0.54978952507068746,-0.59821975568660335,0.59821975568660335,0.44891026751527008
597,36540,0.99999609159153213,-3.9084161056689926e-06,3.9084161056689926e-06,0.99999406832016791,-5.9316974246192042e-06,5.9316974246192042e-06,-2.0232813189502117e-06
598,11,0.79103306691298236,-0.23441550815274093,0.23441550815274093,0.84740186916000859,-0.1655802350333091,0.1655802350333091,0.068835273119431828
599,2010,0.87545426253891445,-0.13301237015266079,0.13301237015266079,0.67091516208205859,-0.39911258505313285,0.39911258505313285,-0.26610021490047209
600,35981,0.99989009590846933,-0.00010991013142790745,0.00010991013142790745,0.99992776148596607,-7.224112336099304e-05,7.224112336099304e-05,3.7669008066914413e-05
601,12387,0.952739042976677,-0.048414239712374969,0.048414239712374969,0.97032860646453356,-0.030120495303091063,0.030120495303091063,0.018293744409283906
602,2343,0.94134845806170642,-0.060441901820187105,0.060441901820187105,0.96219982496086265,-0.038533131632345237,0.038533131632345237,0.021908770187841868
603,17453,0.99999498630087935,-5.0137116893116178e-06,5.0137116893116178e-06,0.99999761195919912,-2.3880436522755832e-06,2.3880436522755832e-06,2.6256680370360346e-06
604,23318,0.99991556461958964,-8.4438945277811925e-05,8.4438945277811925e-05,0.99996177569490208,-3.8225035665247307e-05,3.8225035665247307e-05,4.6213909612564618e-05
605,4455,0.9999990289265468,-9.7107392473524172e-07,9.7107392473524172e-07,0.99999698644571533,-3.0135588254102332e-06,3.0135588254102332e-06,-2.0424849006749914e-06
606,323,0.94118338179016214,-0.060617278691348371,0.060617278691348371,0.97910480178030346,-0.021116592354387034,0.021116592354387034,0.039500686336961341
607,11230,0.11982913361856128,-2.1216884374017964,2.1216884374017964,0.42871323662217314,-0.84696702966598469,0.84696702966598469,1.2747214077358118
608,5361,0.6717788052328183,-0.39782615152339684,0.39782615152339684,0.69966597476191461,-0.35715223673637053,0.35715223673637053,0.040673914787026311
609,59284,0.99839832982805377,-0.0016029542168768563,0.0016029542168768563,0.99948160745492032,-0.00051852695694914878,0.00051852695694914878,0.0010844272599277076
610,13,0.93527119563410932,-0.066918742942939147,0.066918742942939147,0.96264288908717688,-0.038072767644258626,0.038072767644258626,0.028845975298680521
611,1283,0.0041796912750039668,-5.4775178928276365,5.4775178928276365,0.005445831375712991,-5.2129048481711893,5.2129048481711893,0.26461304465644719
612,374,0.67638197295364932,-0.39099731377110403,0.39099731377110403,0.87259852147196282,-0.13627971268787165,0.13627971268787165,0.25471760108323238
613,13882,0.928102892242605,-0.074612677080716117,0.074612677080716117,0.91213321385190127,-0.091969231754603822,0.091969231754603822,-0.017356554673887706
614,27458,0.87046294258389967,-0.13873009094551272,0.13873009094551272,0.74981180899938737,-0.28793302527195613,0.28793302527195613,-0.14920293432644341
615,439,0.99999803724195369,-1.9627599725736858e-06,1.9627599725736858e-06,0.9999997204909068,-2.7950913230097544e-07,2.7950913230097544e-07,1.6832508402727103e-06
616,832,0.99997218775193397,-2.7812634833788538e-05,2.7812634833788538e-05,0.99999659956155007,-3.4004442313855284e-06,3.4004442313855284e-06,2.4412190602403011e-05
617,315,0.99999952099319656,-4.7900691820363762e-07,4.7900691820363762e-07,0.99999807338873781,-1.9266131180813493e-06,1.9266131180813493e-06,-1.4476061998777117e-06
618,279,0.99999994324622976,-5.6753771848100106e-08,5.6753771848100106e-08,0.9999999574557652,-4.2544235673117667e-08,4.2544235673117667e-08,1.4209536174982439e-08
619,12474,0.97209485308255561,-0.028301893806970537,0.028301893806970537,0.98511832513071029,-0.014993517988468678,0.014993517988468678,0.013308375818501859
620,6721,0.87264338397988139,-0.13622830146769832,0.13622830146769832,0.92928546792726097,-0.073339302196056375,0.073339302196056375,0.062888999271641946
621,98930,0.99847095117441143,-0.0015302190137460557,0.0015302190137460557,0.99885164779364022,-0.0011490120679720644,0.0011490120679720644,0.00038120694577399128
622,315,0.96577685490323539,-0.034822470518986251,0.034822470518986251,0.99783548033967828,-0.0021668656188619374,0.0021668656188619374,0.032655604900124313
623,682,0.99999699796399188,-3.0020405142223741e-06,3.0020405142223741e-06,0.99999992418572514,-7.5814277757289905e-08,7.5814277757289905e-08,2.9262262364650841e-06
624,892,0.99995765383979862,-4.2347056825307548e-05,4.2347056825307548e-05,0.99998329419209464,-1.6705947448883397e-05,1.6705947448883397e-05,2.5641109376424151e-05
625,13,0.92435147959623698,-0.078662890496656243,0.078662890496656243,0.96108845098298223,-0.039688833682299592,0.039688833682299592,0.038974056814356652
626,4815,6.0181715912407493e-05,-9.7181419741677413,9.7181419741677413,0.0013896072317264715,-6.5787341388724005,6.5787341388724005,3.1394078352953407
627,24641,0.47149066067124318,-0.75185598480099669,0.75185598480099669,0.44325196792929378,-0.81361689426487516,0.81361689426487516,-0.061760909463878466
628,52757,0.99993811624568285,-6.1885669195624486e-05,6.1885669195624486e-05,0.99982761741737591,-0.00017239744220924535,0.00017239744220924535,-0.00011051177301362086
629,596,0.90551222492314509,-0.099254501006407189,0.099254501006407189,0.71320652360584602,-0.33798424608343397,0.33798424608343397,-0.23872974507702677
630,53881,0.41317351041095368,-0.88388765218724685,0.88388765218724685,0.38408697406864295,-0.95688625707009922,0.95688625707009922,-0.072998604882852369
631,304,0.68384053303306613,-0.38003052738121745,0.38003052738121745,0.58618780826442141,-0.53411504883288119,0.53411504883288119,-0.15408452145166374
632,2225,0.87255322081419129,-0.13633162869802032,0.13633162869802032,0.65201535767710339,-0.4276871626134085,0.4276871626134085,-0.29135553391538815
633,6721,0.84370575875196485,-0.16995147224185689,0.16995147224185689,0.9167796729383656,-0.086888105018805298,0.086888105018805298,0.08306336722305159
634,36540,0.99999558320672177,-4.4168030323119518e-06,4.4168030323119518e-06,0.99999294839212105,-7.0516327416859421e-06,7.0516327416859421e-06,-2.6348297093739903e-06
635,323,0.99999975340544278,-2.4659458765408986e-07,2.4659458765408986e-07,0.99999793265921566,-2.0673429212993832e-06,2.0673429212993832e-06,-1.8207483336452933e-06
636,9709,0.63881520140074244,-0.44814006611674478,0.44814006611674478,0.80042837969521663,-0.22260822001056388,0.22260822001056388,0.22553184610618091
637,37959,0.99997457418698454,-2.5426136256932342e-05,2.5426136256932342e-05,0.99998147394390668,-1.8526227702817344e-05,1.8526227702817344e-05,6.8999085541149984e-06
638,19071,0.99999581965704998,-4.1803516876942142e-06,4.1803516876942142e-06,0.99999532220054121,-4.6778103997540123e-06,4.6778103997540123e-06,-4.9745871205979803e-07
639,617,0.71924485549589523,-0.32955342917126967,0.32955342917126967,0.70255734765210631,-0.35302824743760403,0.35302824743760403,-0.023474818266334352
640,1903,0.31318791848166661,-1.1609518900613969,1.1609518900613969,0.42280829784824625,-0.86083639923671496,0.86083639923671496,0.30011549082468192
641,1461,0.99998793882710846,-1.2061245628059728e-05,1.2061245628059728e-05,0.99999690190234791,-3.0981024511745541e-06,3.0981024511745541e-06,8.9631431768851737e-06
642,264,0.87253075869706309,-0.13635737200595638,0.13635737200595638,0.94680601666374797,-0.054661046626812905,0.054661046626812905,0.081696325379143481
643,28812,0.56588798372129989,-0.56935912898506069,0.56935912898506069,0.64981021751567014,-0.43107493177769984,0.43107493177769984,0.13828419720736085
644,7216,0.97002564066163144,-0.030432774162286857,0.030432774162286857,0.98905666353953992,-0.011003655229629246,0.011003655229629246,0.019429118932657613
645,304,0.99985927272858088,-0.00014073717443067164,0.00014073717443067164,0.99999118551930277,-8.8145195449750846e-06,8.8145195449750846e-06,0.00013192265488569656
646,279,0.9642822820091379,-0.036371203575140586,0.036371203575140586,0.98742887549013458,-0.012650809620888865,0.012650809620888865,0.023720393954251719
647,10034,0.47842449937721426,-0.73725686658418499,0.73725686658418499,0.50794511076411009,-0.67738188691839063,0.67738188691839063,0.059874979665794359
648,1917,0.84314252512852883,-0.17061926631646263,0.17061926631646263,0.91328768698922602,-0.090704347266082758,0.090704347266082758,0.079914919050379868
649,13,0.79317737955247247,-0.23170840070522813,0.23170840070522813,0.93519925013611782,-0.06699567064654402,0.06699567064654402,0.16471273005868411
650,5414,0.86961039257088679,-0.13970999226806902,0.13970999226806902,0.85841000786423183,-0.15267342899149564,0.15267342899149564,-0.012963436723426619
651,5845,0.31321098715494855,-1.1608782351648612,1.1608782351648612,0.29600928598640996,-1.217364453574445,1.217364453574445,-0.056486218409583788
652,311,0.99999878432851974,-1.2156722191472359e-06,1.2156722191472359e-06,0.99999959587010723,-4.041299744258867e-07,4.041299744258867e-07,8.1154224472134926e-07
653,25555,0.4061054965823836,-0.90114230933498296,0.90114230933498296,0.33331029430869835,-1.0986814081307097,1.0986814081307097,-0.19753909879572673
654,304,0.99985701929452764,-0.0001429909281878661,0.0001429909281878661,0.99998727827615763,-1.2721804764182586e-05,1.2721804764182586e-05,0.00013026912342368351
655,5361,0.35704083794205432,-1.0299051117502134,1.0299051117502134,0.57907806413467267,-0.54631798470341442,0.54631798470341442,0.48358712704679896
656,49255,0.75379709931497141,-0.28263204623958976,0.28263204623958976,0.89981304093137149,-0.10556826953564494,0.10556826953564494,0.17706377670394483
657,706,0.64862765170312109,-0.43289645311122971,0.43289645311122971,0.73532148144389553,-0.30744748567671493,0.30744748567671493,0.12544896743451478
658,15662,0.76149809408862845,-0.27246760948836063,0.27246760948836063,0.85095956471344714,-0.16139066656296402,0.16139066656296402,0.1110769429253966
659,1461,0.99999904027540842,-9.5972505208079162e-07,9.5972505208079162e-07,0.99999828452604589,-1.715475425550786e-06,1.715475425550786e-06,-7.5575037346999434e-07
660,264,0.58284585156469637,-0.53983253314236068,0.53983253314236068,0.70854737564078696,-0.34453835456288867,0.34453835456288867,0.19529417857947201
661,17444,0.88464784469041569,-0.12256562876767936,0.12256562876767936,0.89659604941520088,-0.10914985345475585,0.10914985345475585,0.013415775312923511
662,439,0.99999632411891504,-3.6758878410709056e-06,3.6758878410709056e-06,0.99999936652461241,-6.3347558829020822e-07,6.3347558829020822e-07,3.0424122527806974e-06
663,832,0.70366844669699447,-0.35144799015520461,0.35144799015520461,0.72015851055600322,-0.32828393765226815,0.32828393765226815,0.023164052502936461
664,315,0.99999907146838285,-9.2853204826352623e-07,9.2853204826352623e-07,0.99999864871694999,-1.3512839630098663e-06,1.3512839630098663e-06,-4.2275191474634006e-07
665,279,0.99999987126210932,-1.2873789893672923e-07,1.2873789893672923e-07,0.99999975004246366,-2.4995756760188182e-07,2.4995756760188182e-07,-1.2121966866515259e-07
666,1455,0.94074807344575517,-0.061079897402523481,0.061079897402523481,0.97612305413496248,-0.024166620460152808,0.024166620460152808,0.036913276942370676
667,33045,0.51547747746179517,-0.66266166714535812,0.66266166714535812,0.61687489710594046,-0.48308903559328564,0.48308903559328564,0.17957263155207248
668,323,0.958525250250015,-0.042359373337928975,0.042359373337928975,0.96626369638663856,-0.034318504395312248,0.034318504395312248,0.0080408689426167274
669,25462,0.29503589437697764,-1.2206582541900621,1.2206582541900621,0.52037616933463859,-0.65320332636956824,0.65320332636956824,0.56745492782049389
670,23579,0.99943473899082413,-0.00056542082940976262,0.00056542082940976262,0.99972275358247642,-0.00027728485741662602,0.00027728485741662602,0.0002881359719931366
671,304,0.67376649251618403,-0.39487167837031451,0.39487167837031451,0.74898359787004709,-0.28903819440957479,0.28903819440957479,0.10583348396073972
672,3925,0.51033243258507854,-0.6726929370135617,0.6726929370135617,0.56139865825125379,-0.5773240050621028,0.5773240050621028,0.095368931951458902
673,13,0.99906951849430503,-0.00093091467233443479,0.00093091467233443479,0.99939532638881734,-0.00060485649999975468,0.00060485649999975468,0.00032605817233468011
674,11876,0.025732674005708441,-3.6599937324875809,3.6599937324875809,0.025880082711988772,-3.6542816133735254,3.6542816133735254,0.0057121191140554473
675,52757,0.9999889982469683,-1.1001813551375193e-05,1.1001813551375193e-05,0.99999335963664948,-6.6403853978384934e-06,6.6403853978384934e-06,4.3614281535366998e-06
676,596,0.90980875883862133,-0.094520856679317547,0.094520856679317547,0.94792155096393671,-0.053483532299009276,0.053483532299009276,0.041037324380308271
677,20160,0.35541588498655813,-1.0344666681811967,1.0344666681811967,0.42469061470055203,-0.85639434056366681,0.85639434056366681,0.17807232761752989
678,9731,0.99127420929564147,-0.0087640833344518002,0.0087640833344518002,0.99804049225897273,-0.0019614300879671575,0.0019614300879671575,0.0068026532464846422
679,311,0.99999996948373915,-3.0516261274155846e-08,3.0516261274155846e-08,0.99999995309465439,-4.690534672797434e-08,4.690534672797434e-08,-1.6389085453818494e-08
680,31740,0.47853590118591988,-0.73702404230191942,0.73702404230191942,0.47702714190110707,-0.7401818884524286,0.7401818884524286,-0.0031578461505091804
681,323,0.52451628395712069,-0.64527880499832113,0.64527880499832113,0.49318171179542464,-0.7068775890862169,0.7068775890862169,-0.061598784087895764
682,10383,0.5019232222887936,-0.68930811463530184,0.68930811463530184,0.60904910324512018,-0.49585638522027553,0.49585638522027553,0.19345172941502631
683,502,0.8229190270183171,-0.19489747072950497,0.19489747072950497,0.9047767071690781,-0.10006709813551812,0.10006709813551812,0.094830372593986856
684,22540,0.99986168175643109,-0.00013832781041932981,0.00013832781041932981,0.99983074452026099,-0.00016926980506419429,0.00016926980506419429,-3.0941994644864478e-05
685,315,0.99999994571793904,-5.4282062481586838e-08,5.4282062481586838e-08,0.99999985015168913,-1.4984832207008177e-07,1.4984832207008177e-07,-9.556625958849493e-08
686,23579,0.61820916354871314,-0.48092842644232492,0.48092842644232492,0.5932285401778451,-0.52217555764064383,0.52217555764064383,-0.041247131198318909
687,323,0.96484830130547417,-0.035784390720195257,0.035784390720195257,0.99177450916878884,-0.0082595068415965284,0.0082595068415965284,0.027524883878598728
688,7359,0.90846854242861763,-0.095995017580712771,0.095995017580712771,0.93678650318935286,-0.06529987415793212,0.06529987415793212,0.030695143422780652
689,27083,0.87433385375301265,-0.1342929925647024,0.1342929925647024,0.95043058820504855,-0.050840146332484244,0.050840146332484244,0.083452846232218159
690,13,0.99830662389194602,-0.0016948114900322097,0.0016948114900322097,0.99950477372076385,-0.00049534894426963422,0.00049534894426963422,0.0011994625457625754
691,4815,0.0055298349045353216,-5.1975973184079569,5.1975973184079569,0.024741647908583478,-3.6992673051583336,3.6992673051583336,1.4983300132496233
692,644,0.25603627585436434,-1.3624361419853228,1.3624361419853228,0.22344656067096735,-1.498582995661311,1.498582995661311,-0.13614685367598822
693,17102,0.3787954797204785,-0.97075885089749026,0.97075885089749026,0.38856778385721213,-0.94528764857063119,0.94528764857063119,0.025471202326859066
694,11,0.99997462415645955,-2.5376165512624669e-05,2.5376165512624669e-05,0.99979003050642601,-0.00020999154025426827,0.00020999154025426827,-0.00018461537474164359
695,48677,0.99996213211235119,-3.7868604655379494e-05,3.7868604655379494e-05,0.99998221161266054,-1.7788545554667031e-05,1.7788545554667031e-05,2.0080059100712464e-05
696,11876,0.99999622091154128,-3.7790955995070311e-06,3.7790955995070311e-06,0.99998300342886759,-1.6996715575779625e-05,1.6996715575779625e-05,-1.3217619976272593e-05
697,52757,0.99998486650715035,-1.5133607362057295e-05,1.5133607362057295e-05,0.99999442359491053,-5.5764206376653815e-06,5.5764206376653815e-06,9.5571867243919131e-06
698,374,0.98867059228237697,-0.011394074344226993,0.011394074344226993,0.99496602291091707,-0.0050466902348187135,0.0050466902348187135,0.0063473841094082795
699,264,0.98700196897330839,-0.013083244643544607,0.013083244643544607,0.9932697362216526,-0.0067530141383500119,0.0067530141383500119,0.0063302305051945954
700,7701,0.51362556259122494,-0.6662607564445806,0.6662607564445806,0.60689992798553549,-0.49939136479985757,0.49939136479985757,0.16686939164472303
701,27332,0.97513739207359951,-0.025176902964586849,0.025176902964586849,0.98149972840133115,-0.0186735419836105,0.0186735419836105,0.0065033609809763485
702,6721,0.74504823058919734,-0.29430632365215664,0.29430632365215664,0.78921440291169076,-0.23671725498539289,0.23671725498539289,0.057589068666763749
703,83162,0.99979461180771201,-0.00020540928733123206,0.00020540928733123206,0.99990584463611076,-9.4159796783755176e-05,9.4159796783755176e-05,0.00011124949054747688
704,11,0.54744784193604779,-0.60248808769979467,0.60248808769979467,0.69435123422071188,-0.36477734531875988,0.36477734531875988,0.23771074238103479
705,9709,0.99993043115239055,-6.9571267633954944e-05,6.9571267633954944e-05,0.99998586072826412,-1.4139371696349877e-05,1.4139371696349877e-05,5.5431895937605069e-05
706,37959,0.99999434876003823,-5.6512559300667365e-06,5.6512559300667365e-06,0.99999315247250431,-6.847550940097013e-06,6.847550940097013e-06,-1.1962950100302765e-06
707,10255,0.99997657437147802,-2.3425902906287961e-05,2.3425902906287961e-05,0.99998323577968395,-1.6764360837107068e-05,1.6764360837107068e-05,6.6615420691808929e-06
708,11,0.99997501820849444,-2.4982103555760181e-05,2.4982103555760181e-05,0.99998030210932631,-1.9698084679652183e-05,1.9698084679652183e-05,5.2840188761079984e-06
709,323,0.99999353219955367,-6.467821362688124e-06,6.467821362688124e-06,0.9999983477808907,-1.6522204742042823e-06,1.6522204742042823e-06,4.8156008884838413e-06
710,4846,0.93109377609883981,-0.071395280570481806,0.071395280570481806,0.98384387046545385,-0.016288062745183088,0.016288062745183088,0.055107217825298718
711,19077,0.90834727946895266,-0.096128507126965676,0.096128507126965676,0.99270575825215723,-0.0073209748067724935,0.0073209748067724935,0.088807532320193186
712,83162,0.99924085170874866,-0.00075943659023237041,0.00075943659023237041,0.99992366286832646,-7.6340045500692628e-05,7.6340045500692628e-05,0.00068309654473167774
713,323,0.98910457101995486,-0.010955218853880537,0.010955218853880537,0.9997411454383629,-0.00025888807026188651,0.00025888807026188651,0.01069633078361865
714,6721,0.98655989427358559,-0.013531241451092605,0.013531241451092605,0.99878471241476596,-0.0012160266460330949,0.0012160266460330949,0.01231521480505951
715,3778,0.96040950537936587,-0.040395517371057933,0.040395517371057933,0.98723579774080639,-0.012846364595423015,0.012846364595423015,0.027549152775634918
716,9141,0.99999479496086519,-5.2050526810548421e-06,5.2050526810548421e-06,0.99999074137265964,-9.2586702017233507e-06,9.2586702017233507e-06,-4.0536175206685085e-06
717,2851,0.9999984231229696,-1.5768782736891942e-06,1.5768782736891942e-06,0.99999684420689505,-3.1557980844450978e-06,3.1557980844450978e-06,-1.5789198107559035e-06
718,13,0.99865500911716687,-0.0013458961949193299,0.0013458961949193299,0.99951900615496037,-0.00048110955968599982,0.00048110955968599982,0.00086478663523333011
719,5414,0.55199351613640424,-0.59421897890373043,0.59421897890373043,0.61604914330102889,-0.48442854054463375,0.48442854054463375,0.10979043835909669
720,16358,0.44862857955514612,-0.8015599505990898,0.8015599505990898,0.62894144233187577,-0.46371712306714807,0.46371712306714807,0.33784282753194173
721,7076,0.57466259108985907,-0.55397220852276818,0.55397220852276818,0.61502527779866334,-0.48609190990864021,0.48609190990864021,0.067880298614127976
722,706,0.84218470265653544,-0.17175592697123351,0.17175592697123351,0.89468020503394963,-0.11128893736994412,0.11128893736994412,0.060466989601289392
723,1027,0.71783424838434162,-0.33151658841669202,0.33151658841669202,0.72201849043213517,-0.32570453040043401,0.32570453040043401,0.0058120580162580038
724,13160,0.99976702738671619,-0.00023299975561879874,0.00023299975561879874,0.99993092490308033,-6.9077482714014163e-05,6.9077482714014163e-05,0.00016392227290478459
725,555,0.99999903293300441,-9.6706746323610964e-07,9.6706746323610964e-07,0.99999964241654249,-3.5758352147561008e-07,3.5758352147561008e-07,6.0948394176049956e-07
726,12387,0.9893725597268751,-0.010684314829371532,0.010684314829371532,0.99283434263443593,-0.007191453995381192,0.007191453995381192,0.0034928608339903399
727,59284,0.96266120120874521,-0.038053745068384819,0.038053745068384819,0.97712516923697812,-0.023140519242754495,0.023140519242754495,0.014913225825630323
728,11,0.97190433178125724,-0.028497903459023598,0.028497903459023598,0.99044519375612317,-0.0096007462712946988,0.0096007462712946988,0.0188971571877289
729,2737,0.41434219934666144,-0.88106307810621909,0.88106307810621909,0.49751693032883582,-0.69812569215079423,0.69812569215079423,0.18293738595542486
730,3116,0.97926643006425795,-0.020951528364788675,0.020951528364788675,0.9966308702498401,-0.0033748180477987571,0.0033748180477987571,0.017576710316989919
731,34538,0.99995689741033822,-4.3103518605043299e-05,4.3103518605043299e-05,0.99997403782357908,-2.5962513444102474e-05,2.5962513444102474e-05,1.7141005160940825e-05
732,4435,0.99996318418230123,-3.681649541758509e-05,3.681649541758509e-05,0.9999926423309845,-7.3576960832789959e-06,7.3576960832789959e-06,2.9458799334306093e-05
733,29201,0.99999401679981759,-5.9832180818477618e-06,5.9832180818477618e-06,0.99998542570021376,-1.4574405992378987e-05,1.4574405992378987e-05,-8.5911879105312256e-06
734,4870,0.99998938463262932,-1.0615423714064253e-05,1.0615423714064253e-05,0.99999790835450564,-2.09164768181034e-06,2.09164768181034e-06,8.5237760322539124e-06
735,48854,0.99996765965719381,-3.2340865766318471e-05,3.2340865766318471e-05,0.99997849613609535,-2.1504095116034995e-05,2.1504095116034995e-05,1.0836770650283476e-05
736,11,0.98721829257414473,-0.012864096247678642,0.012864096247678642,0.99510799519747761,-0.004904009826442365,0.004904009826442365,0.0079600864212362767
737,264,0.99985468568784408,-0.00014532487130355858,0.00014532487130355858,0.99995680402087739,-4.3196912095835489e-05,4.3196912095835489e-05,0.00010212795920772309
738,28395,0.99998979412452604,-1.0205927554313809e-05,1.0205927554313809e-05,0.99998498181621109,-1.501829656297185e-05,1.501829656297185e-05,-4.8123690086580405e-06
739,29201,0.99999277278753607,-7.2272385803779145e-06,7.2272385803779145e-06,0.99997929170284794,-2.0708511571761277e-05,2.0708511571761277e-05,-1.3481272991383363e-05
740,4870,0.99999945607747132,-5.4392267663254111e-07,5.4392267663254111e-07,0.99999967419691593,-3.2580313713040677e-07,3.2580313713040677e-07,2.1811953950213433e-07
741,19134,0.99999039938006951,-9.6006660167777827e-06,9.6006660167777827e-06,0.99992451025625906,-7.5492593235027876e-05,7.5492593235027876e-05,-6.5891927218250093e-05
742,11,0.99997557961910144,-2.4420679080969571e-05,2.4420679080969571e-05,0.99997372709728682,-2.6273247851984857e-05,2.6273247851984857e-05,-1.8525687710152866e-06
743,323,0.99813086083620861,-0.0018708881841796282,0.0018708881841796282,0.99973634721241444,-0.00026368755009209327,0.00026368755009209327,0.0016072006340875349
744,459,0.9986763258956749,-0.0013245509347362644,0.0013245509347362644,0.99983184835585692,-0.00016816578321577635,0.00016816578321577635,0.001156385151520488
745,34260,0.99591239186575697,-0.0040959852403838447,0.0040959852403838447,0.99548307156435223,-0.004527160580430541,0.004527160580430541,-0.00043117534004669632
746,14829,0.99998998031657349,-1.0019733623836854e-05,1.0019733623836854e-05,0.99998619968068492,-1.3800414540356238e-05,1.3800414540356238e-05,-3.7806809165193844e-06
747,358,0.99997662341649851,-2.3376856738062975e-05,2.3376856738062975e-05,0.99996920143381407,-3.079904047149428e-05,3.079904047149428e-05,-7.4221837334313058e-06
748,29201,0.9999301768432054,-6.9825594544724084e-05,6.9825594544724084e-05,0.99991133395676157,-8.866997430437626e-05,8.866997430437626e-05,-1.8844379759652176e-05
749,4870,0.9999997258370622,-2.7416297537612266e-07,2.7416297537612266e-07,0.99999964702982025,-3.5297024202413106e-07,3.5297024202413106e-07,-7.8807266648008406e-08
750,62668,0.99998990527270271,-1.0094778249444462e-05,1.0094778249444462e-05,0.99996158766404364,-3.8413073729024296e-05,3.8413073729024296e-05,-2.8318295479579832e-05
751,19134,0.99996670927890752,-3.329127524082965e-05,3.329127524082965e-05,0.99977741960153088,-0.00022260517316231515,0.00022260517316231515,-0.00018931389792148549
752,13,0.99933530872408316,-0.00066491228110184919,0.00066491228110184919,0.99958822136644032,-0.00041186343766229919,0.00041186343766229919,0.00025304884343954999
753,11876,0.98753201529100187,-0.012546362184544774,0.012546362184544774,0.96572589489769756,-0.034875237728926742,0.034875237728926742,-0.022328875544381968
754,52757,0.99997153703099162,-2.8463374086418755e-05,2.8463374086418755e-05,0.99998668792574452,-1.3312162861933153e-05,1.3312162861933153e-05,1.5151211224485601e-05
755,596,0.91042319187158416,-0.093845741558895371,0.093845741558895371,0.92675085560306192,-0.076070513722089061,0.076070513722089061,0.017775227836806309
756,5845,0.55647316560956428,-0.58613632935806093,0.58613632935806093,0.76794702187899311,-0.26403453014222195,0.26403453014222195,0.32210179921583898
757,311,0.99999948409042594,-5.1590970710046929e-07,5.1590970710046929e-07,0.99999861947605062,-1.3805249022630559e-06,1.3805249022630559e-06,-8.6461519516258661e-07
758,25555,0.97520677501599373,-0.025105753529944201,0.025105753529944201,0.98703196450555553,-0.013052854555774809,0.013052854555774809,0.012052898974169392
759,304,0.99999895151906304,-1.0484814866463494e-06,1.0484814866463494e-06,0.99999976258119982,-2.3741882839072603e-07,2.3741882839072603e-07,8.1106265825562334e-07
760,5361,0.99723736671970842,-0.0027664563944773506,0.0027664563944773506,0.99944833925813514,-0.00055181296263734846,0.00055181296263734846,0.0022146434318400022
761,49255,0.99540443664337797,-0.0046061554213656253,0.0046061554213656253,0.99923905258234991,-0.00076123708509338482,0.00076123708509338482,0.0038449183362722406
762,706,0.97749311239327485,-0.022764033292427818,0.022764033292427818,0.9936851870875133,-0.0063348356814144939,0.0063348356814144939,0.016429197611013323
763,1903,0.48865198071941479,-0.71610473875331315,0.71610473875331315,0.5029739824218239,-0.68721683502767905,0.68721683502767905,0.028887903725634101
764,1461,0.99999909230122508,-9.0769918685872562e-07,9.0769918685872562e-07,0.99999784947697989,-2.1505253324695366e-06,2.1505253324695366e-06,-1.242826145610811e-06
765,264,0.9940271781015344,-0.0059907305448917486,0.0059907305448917486,0.99920503592975829,-0.00079528022174199281,0.00079528022174199281,0.005195450323149756
766,28812,0.95623877441850369,-0.044747633080488229,0.044747633080488229,0.9770495883099396,-0.02321787253655214,0.02321787253655214,0.021529760543936089
767,7216,0.99999809611531776,-1.9038864946157851e-06,1.9038864946157851e-06,0.99999508265648429,-4.9173556059315867e-06,4.9173556059315867e-06,-3.0134691113158013e-06
768,304,0.99991330902990594,-8.6694727973371925e-05,8.6694727973371925e-05,0.99998996099017545,-1.0039060215729179e-05,1.0039060215729179e-05,7.665566775764275e-05
769,279,0.99973753787305053,-0.00026249657616141445,0.00026249657616141445,0.99995248431657568,-4.751681233017149e-05,4.751681233017149e-05,0.00021497976383124296
770,10034,0.99994185933416346,-5.8142356070512769e-05,5.8142356070512769e-05,0.99999330221062188,-6.6978118083975245e-06,6.6978118083975245e-06,5.1444544262115246e-05
771,1917,0.99999966069122459,-3.3930883297487567e-07,3.3930883297487567e-07,0.99999924495910719,-7.550411778639511e-07,7.550411778639511e-07,-4.1573234488907544e-07
772,11,0.96559091605919323,-0.035015016803968436,0.035015016803968436,0.98654677274087121,-0.013544541829560684,0.013544541829560684,0.021470474974407752
773,323,0.99693036027260962,-0.0030743607350889853,0.0030743607350889853,0.99955452064753825,-0.00044557860786708785,0.00044557860786708785,0.0026287821272218976
774,813,0.9929097277375436,-0.0071155276922199211,0.0071155276922199211,0.99789889041828939,-0.0021033200092241962,0.0021033200092241962,0.0050122076829957254
775,20160,0.9977196409750968,-0.0022829630029675366,0.0022829630029675366,0.99980191950034258,-0.00019810012019061429,0.00019810012019061429,0.0020848628827769226
776,9731,0.99489603514050029,-0.0051170345787016425,0.0051170345787016425,0.99871741323013719,-0.0012834099882485612,0.0012834099882485612,0.0038336245904530813
777,311,0.99999990596610933,-9.403389513468075e-08,9.403389513468075e-08,0.99999961912658308,-3.8087348949022672e-07,3.8087348949022672e-07,-2.86839594355546e-07
778,31740,0.99323267847667318,-0.0067903236776786181,0.0067903236776786181,0.99911083059259032,-0.0008895649530159947,0.0008895649530159947,0.0059007587246626232
779,323,0.99975665020338511,-0.00024337941098115753,0.00024337941098115753,0.99996949226921072,-3.0508196159558906e-05,3.0508196159558906e-05,0.00021287121482159861
780,10383,0.99998406951338803,-1.5930613503511056e-05,1.5930613503511056e-05,0.99998129195295538,-1.8708222042333529e-05,1.8708222042333529e-05,-2.777608538822473e-06
781,502,0.99957700521346948,-0.00042308427406124554,0.00042308427406124554,0.99998604575403494,-1.395434332644425e-05,1.395434332644425e-05,0.00040912993073480129
782,22540,0.99999725873863576,-2.7412651215102339e-06,2.7412651215102339e-06,0.99999734435045096,-2.6556530752637067e-06,2.6556530752637067e-06,8.5612046246527186e-08
783,315,0.9998613723306935,-0.00013863727900994535,0.00013863727900994535,0.99998104138424504,-1.895879547178723e-05,1.895879547178723e-05,0.00011967848353815812
784,23579,0.99999937409489303,-6.2590530288463663e-07,6.2590530288463663e-07,0.99999933490761528,-6.6509260586050496e-07,6.6509260586050496e-07,-3.9187302975868329e-08
785,323,0.99997994209631502,-2.0058104847463587e-05,2.0058104847463587e-05,0.99999043110983221,-9.5689359499082648e-06,9.5689359499082648e-06,1.0489168897555322e-05
786,7359,0.99999963734963881,-3.6265042698907814e-07,3.6265042698907814e-07,0.99999600975463743,-3.990253323653967e-06,3.990253323653967e-06,-3.6276028966648888e-06
787,27083,0.72650995039401545,-0.31950309972145663,0.31950309972145663,0.87037397127216309,-0.13883230765645896,0.13883230765645896,0.18067079206499767
788,13,0.99991412472239549,-8.5878965097295828e-05,8.5878965097295828e-05,0.99991961618712133,-8.0387043830556549e-05,8.0387043830556549e-05,5.4919212667392791e-06
789,4815,0.0063484932312597034,-5.0595377806502073,5.0595377806502073,0.024345618478906449,-3.7154033849091723,3.7154033849091723,1.344134395741035
790,32812,0.071490972598310581,-2.6381840946195929,2.6381840946195929,0.18097672708753726,-1.7093868356102462,1.7093868356102462,0.92879725900934673
791,1473,0.53896215519921853,-0.61810992352664995,0.61810992352664995,0.40318990161747731,-0.90834760813019833,0.90834760813019833,-0.29023768460354837
792,9,0.91441711331786901,-0.089468451324665993,0.089468451324665993,0.83732478928086918,-0.17754324399852967,0.17754324399852967,-0.088074792673863672
793,48677,0.013388681521777459,-4.3133455915076109,4.3133455915076109,0.41729364147121256,-0.87396512880910027,0.87396512880910027,3.4393804626985105
794,11876,0.99763710775002767,-0.0023656882852199201,0.0023656882852199201,0.99866638268233898,-0.0013345073766560568,0.0013345073766560568,0.0010311809085638633
795,52757,0.99976064347373594,-0.00023938517660928121,0.00023938517660928121,0.99998942802196167,-1.0572033922112448e-05,1.0572033922112448e-05,0.00022881314268716877
796,596,0.7417499500590411,-0.29874308713976749,0.29874308713976749,0.56489440728088303,-0.57111645507011366,0.57111645507011366,-0.27237336793034617
797,27685,0.17911951873344478,-1.7197019935339879,1.7197019935339879,0.41005890912432608,-0.89145444881384062,0.89145444881384062,0.82824754472014728
798,2199,0.92190589995615002,-0.08131212141918627,0.08131212141918627,0.97095129940432723,-0.029478967042001689,0.029478967042001689,0.051833154377184582
799,198,0.98615155339763005,-0.013945230919516497,0.013945230919516497,0.99300695661360527,-0.007017609308326362,0.007017609308326362,0.0069276216111901351
800,9,0.99999716594878663,-2.8340552293441455e-06,2.8340552293441455e-06,0.99999653065862226,-3.4693473959168408e-06,3.4693473959168408e-06,-6.3529216657269532e-07
801,27290,0.81866916815043123,-0.20007522282953757,0.20007522282953757,0.75125941588726175,-0.28600425958429432,0.28600425958429432,-0.085929036754756744
802,916,0.99528665201808242,-0.0047244908337295667,0.0047244908337295667,0.99934840637351052,-0.00065180600587820602,0.00065180600587820602,0.0040726848278513604
803,4652,0.98023785336997493,-0.019960029245842274,0.019960029245842274,0.99609717826983091,-0.0039104576130327374,0.0039104576130327374,0.016049571632809536
804,389,0.21367980280570462,-1.543276633029488,1.543276633029488,0.45793187743306762,-0.78103484515983823,0.78103484515983823,0.7622417878696498
805,48677,0.97255748488734972,-0.027826094812478018,0.027826094812478018,0.99329055397187993,-0.0067320555494455349,0.0067320555494455349,0.021094039263032483
806,11876,0.99999808735410056,-1.9126477285108816e-06,1.9126477285108816e-06,0.9999954057984205,-4.5942121328740113e-06,4.5942121328740113e-06,-2.6815644043631297e-06
807,52757,0.99997568313389396,-2.4317161765792542e-05,2.4317161765792542e-05,0.99998864210461069,-1.1357959890689754e-05,1.1357959890689754e-05,1.2959201875102788e-05
808,198,0.4862575549214373,-0.72101684705668501,0.72101684705668501,0.70994552266144484,-0.34256704053642134,0.34256704053642134,0.37844980652026367
809,9,0.99999767168265186,-2.3283200587124046e-06,2.3283200587124046e-06,0.99999734518593841,-2.6548175855842432e-06,2.6548175855842432e-06,-3.2649752687183862e-07
810,34538,0.84462160466580127,-0.16886655704885206,0.16886655704885206,0.79427011113002988,-0.23033168524652708,0.23033168524652708,-0.061465128197675023
811,916,0.91820649586347913,-0.085332972629331247,0.085332972629331247,0.96290459786307092,-0.037800939731128261,0.037800939731128261,0.047532032898202986
812,4652,0.84378685036103829,-0.16985536324712949,0.16985536324712949,0.9136584477253501,-0.090298466945728531,0.090298466945728531,0.079556896301400962
813,389,0.99999989431512815,-1.0568487748252287e-07,1.0568487748252287e-07,0.99999996174882144,-3.8251179269648926e-08,3.8251179269648926e-08,6.7433698212873948e-08
814,48677,0.99999708662345543,-2.9133807884346966e-06,2.9133807884346966e-06,0.99999969934233279,-3.0065771238172451e-07,3.0065771238172451e-07,2.612723076052972e-06
815,11876,0.99999659334034474,-3.4066654579503975e-06,3.4066654579503975e-06,0.9999927955067085,-7.2045192440373873e-06,7.2045192440373873e-06,-3.7978537860869898e-06
816,52757,0.99999502944568597,-4.9705666673153078e-06,4.9705666673153078e-06,0.99999626793034113,-3.7320766230756517e-06,3.7320766230756517e-06,1.2384900442396561e-06
817,198,0.97283823989533125,-0.027537459439886069,0.027537459439886069,0.98066989776954361,-0.019519371691901946,0.019519371691901946,0.0080180877479841227
818,9,0.99999307474099719,-6.9252829825078487e-06,6.9252829825078487e-06,0.99999555121216932,-4.4487977265993691e-06,4.4487977265993691e-06,2.4764852559084796e-06
819,28395,0.97207961893248085,-0.028317565394365959,0.028317565394365959,0.99497411348409259,-0.0050385587608837478,0.0050385587608837478,0.023279006633482213
820,916,0.99972490193702113,-0.00027513590939214858,0.00027513590939214858,0.99997314709613194,-2.6853264413773546e-05,2.6853264413773546e-05,0.00024828264497837502
821,4652,0.99997061698655665,-2.9383445132505803e-05,2.9383445132505803e-05,0.99999115966890884,-8.8403701671283661e-06,8.8403701671283661e-06,2.0543074965377435e-05
822,389,0.99999992247458724,-7.7525415746183482e-08,7.7525415746183482e-08,0.99999990381436354,-9.6185641044649006e-08,9.6185641044649006e-08,-1.8660225298465524e-08
823,48677,0.99999925396140499,-7.4603887327972132e-07,7.4603887327972132e-07,0.9999997312695097,-2.6873052636129253e-07,2.6873052636129253e-07,4.7730834691842878e-07
824,11876,0.99999567384147747,-4.32616788034528e-06,4.32616788034528e-06,0.99998923508199711,-1.0764975945077142e-05,1.0764975945077142e-05,-6.4388080647318624e-06
825,52757,0.99996914269197756,-3.0857784118990691e-05,3.0857784118990691e-05,0.99997509868691958,-2.4901623123293437e-05,2.4901623123293437e-05,5.9561609956972545e-06
826,198,0.48040533121475104,-0.73312509138836146,0.73312509138836146,0.61030712798278108,-0.49379296002622186,0.49379296002622186,0.2393321313621396
827,9,0.99990291794448916,-9.7086768278584955e-05,9.7086768278584955e-05,0.99994523893093601,-5.4762568506039379e-05,5.4762568506039379e-05,4.2324199772545576e-05
828,27816,0.018509539422953695,-3.9894690353128075,3.9894690353128075,0.48650641163258884,-0.72050519834201887,0.72050519834201887,3.2689638369707885
829,69223,0.99994238572816585,-5.7615931600083849e-05,5.7615931600083849e-05,0.99999529381637542,-4.7061946987125368e-06,4.7061946987125368e-06,5.2909736901371315e-05
830,916,0.97414878483024048,-0.026191230506467732,0.026191230506467732,0.97571240603069431,-0.024587401943744043,0.024587401943744043,0.0016038285627236887
831,4652,0.99998256729429824,-1.7432857653180908e-05,1.7432857653180908e-05,0.99999138703830459,-8.6129987871986194e-06,8.6129987871986194e-06,8.8198588659822891e-06
832,389,0.99999973458709657,-2.6541293859908264e-07,2.6541293859908264e-07,0.99999983861137742,-1.6138863564418006e-07,1.6138863564418006e-07,1.0402430295490258e-07
833,48677,0.99999852575250681,-1.4742485798615356e-06,1.4742485798615356e-06,0.99999965538187463,-3.4461818478268804e-07,3.4461818478268804e-07,1.1296303950788475e-06
834,11876,0.99999476582366476,-5.2341900335997912e-06,5.2341900335997912e-06,0.99998972276193243,-1.0277290878766598e-05,1.0277290878766598e-05,-5.0431008451668067e-06
835,52757,0.99995096210731826,-4.9039095078545801e-05,4.9039095078545801e-05,0.99998537122183706,-1.4628885164535908e-05,1.4628885164535908e-05,3.4410209914009891e-05
836,198,0.32113831681125654,-1.135883355167052,1.135883355167052,0.48121296034333749,-0.73144536186247844,0.73144536186247844,0.40443799330457353
837,9,0.99986473399282461,-0.00013527515644685026,0.00013527515644685026,0.99992917072130894,-7.083178720283078e-05,7.083178720283078e-05,6.4443369244019481e-05
838,358,0.00073247744326263302,-7.2190780117279081,7.2190780117279081,0.57278984662234522,-0.5572363893616169,0.5572363893616169,6.6618416223662908
839,37432,0.085844402642185944,-2.455218893039862,2.455218893039862,0.99945890552433647,-0.0005412409201085639,0.0005412409201085639,2.4546776521197535
840,916,0.84118376161280228,-0.17294513917633525,0.17294513917633525,0.9927028363953101,-0.0073239181372839364,0.0073239181372839364,0.1656212210390513
841,4652,0.9979550923029048,-0.0020470013755797571,0.0020470013755797571,0.99998088880183744,-1.9111380783791268e-05,1.9111380783791268e-05,0.0020278899947959658
842,389,0.99995425510255043,-4.5745943779285202e-05,4.5745943779285202e-05,0.99999897233761681,-1.0276629111890613e-06,1.0276629111890613e-06,4.4718280868096143e-05
843,48677,0.99785919283748126,-0.0021431019659116251,0.0021431019659116251,0.99999923770210031,-7.6229819023379082e-07,7.6229819023379082e-07,0.0021423396677213912
844,11876,0.99995938059619904,-4.0620228791315511e-05,4.0620228791315511e-05,0.9999864223378141,-1.3577754363199915e-05,1.3577754363199915e-05,2.7042474428115598e-05
845,52757,0.99995183470868221,-4.8166451302727271e-05,4.8166451302727271e-05,0.99998214767941995,-1.7852479934636711e-05,1.7852479934636711e-05,3.031397136809056e-05
846,198,0.31298823795765635,-1.1615896675581137,1.1615896675581137,0.45140587308834929,-0.79538840385403464,0.79538840385403464,0.36620126370407902
847,9,0.99952105349393516,-0.00047906123757761093,0.00047906123757761093,0.99985851783390123,-0.00014149217564460919,0.00014149217564460919,0.00033756906193300172
848,16905,0.12297483877750812,-2.0957755073200266,2.0957755073200266,0.94590222358515252,-0.055616073004434177,0.055616073004434177,2.0401594343155924
849,596,0.99490172978255009,-0.0051113107386711017,0.0051113107386711017,0.99983907575807707,-0.00016093719161809202,0.00016093719161809202,0.0049503735470530098
850,916,0.55093614837821892,-0.59613635970532197,0.59613635970532197,0.63326718913320024,-0.45686284616050105,0.45686284616050105,0.13927351354482093
851,4652,0.99904843329176318,-0.00095201973524998808,0.00095201973524998808,0.99993729754173022,-6.2704424151135372e-05,6.2704424151135372e-05,0.00088931531109885274
852,389,0.9999631617064576,-3.6838972089000233e-05,3.6838972089000233e-05,0.99999800169499675,-1.9983069998813476e-06,1.9983069998813476e-06,3.4840665089118882e-05
853,48677,0.9998929305908969,-0.00010707514144141349,0.00010707514144141349,0.99999910678170201,-8.9321869687893044e-07,8.9321869687893044e-07,0.00010618192274453455
854,11876,0.99997921216094499,-2.0788055125109164e-05,2.0788055125109164e-05,0.99998448994800293,-1.5510172279182181e-05,1.5510172279182181e-05,5.2778828459269829e-06
855,52757,0.99995791053978722,-4.2090345998940834e-05,4.2090345998940834e-05,0.99996774268109145,-3.2257839187044419e-05,3.2257839187044419e-05,9.8325068118964155e-06
856,198,0.36042308337847812,-1.0204767059691744,1.0204767059691744,0.62503483683487704,-0.46994789186328906,0.46994789186328906,0.55052881410588528
857,9,0.99966594749831916,-0.00033410830964670021,0.00033410830964670021,0.99984848352813427,-0.00015152795164599325,0.00015152795164599325,0.00018258035800070696
858,426,0.080000728487348224,-2.5257195382578628,2.5257195382578628,0.43685596318590708,-0.82815174191135965,0.82815174191135965,1.6975677963465032
859,2191,0.21322259617781278,-1.5454186064819104,1.5454186064819104,0.99566147918290437,-0.0043479595084013455,0.0043479595084013455,1.5410706469735092
860,277,0.98918738996886491,-0.010871491122492466,0.010871491122492466,0.9999992969387852,-7.0306146192531526e-07,7.0306146192531526e-07,0.010870788061030541
861,377,0.99998475115648444,-1.5248959780352688e-05,1.5248959780352688e-05,0.99999980380409415,-1.961959251332739e-07,1.961959251332739e-07,1.5052763855219414e-05
862,3314,0.97917905710672426,-0.021040755211452593,0.021040755211452593,0.99866546590825267,-0.0013354253754222596,0.0013354253754222596,0.019705329836030332
863,9304,0.93278672547538866,-0.069578694324015908,0.069578694324015908,0.99995654291476577,-4.345802952066505e-05,4.345802952066505e-05,0.069535236294495248
864,3997,0.31246547904542465,-1.1632612829622564,1.1632612829622564,0.45047570891338917,-0.79745112366854021,0.79745112366854021,0.36581015929371619
865,198,0.8656200986718493,-0.14430915180660914,0.14430915180660914,0.98964376545518573,-0.010410233482434245,0.010410233482434245,0.13389891832417489
866,9,0.99999710401054276,-2.8959936505832118e-06,2.8959936505832118e-06,0.99999927134930089,-7.2865096455357151e-07,7.2865096455357151e-07,2.1673426860296403e-06
867,3907,0.99869954145940254,-0.0013013048706297121,0.0013013048706297121,0.99993646431539707,-6.3537703080028155e-05,6.3537703080028155e-05,0.0012377671675496838
868,315,0.99999096908976148,-9.030951017449368e-06,9.030951017449368e-06,0.9999993657271582,-6.3427304299769729e-07,6.3427304299769729e-07,8.3966779744516705e-06
869,19461,0.99992433467990915,-7.5668182855621969e-05,7.5668182855621969e-05,0.99999660293238457,-3.3970733854712302e-06,3.3970733854712302e-06,7.2271109470150745e-05
870,3997,0.96070194476446158,-0.04009106924824582,0.04009106924824582,0.99760374680287878,-0.0023991288065242219,0.0023991288065242219,0.037691940441721597
871,198,0.36506116590159388,-1.0076903616266528,1.0076903616266528,0.35386237449374724,-1.0388472140565621,1.0388472140565621,-0.031156852429909287
872,9,0.99980257003970763,-0.00019744945215257161,0.00019744945215257161,0.99988175737604135,-0.00011824961516887946,0.00011824961516887946,7.9199836983692151e-05
873,14689,0.1233010028351183,-2.0931267355511722,2.0931267355511722,0.54851379820931623,-0.60054284332197805,0.60054284332197805,1.4925838922291943
874,13345,0.998637954082917,-0.0013629743447595838,0.0013629743447595838,0.9999758414598916,-2.4158831930597635e-05,2.4158831930597635e-05,0.0013388155128289862
875,62668,0.99999454234119689,-5.4576736961550127e-06,5.4576736961550127e-06,0.99999925262246447,-7.4737781479234101e-07,7.4737781479234101e-07,4.7102958813626718e-06
876,3997,0.82391714967891183,-0.19368530063397915,0.19368530063397915,0.75100536370296322,-0.2863424851623308,0.2863424851623308,-0.092657184528351644
877,198,0.81903910177807249,-0.19962345294997383,0.19962345294997383,0.96315411444423982,-0.037541844220726303,0.037541844220726303,0.16208160872924754
878,9,0.99998941947484754,-1.0580581126585982e-05,1.0580581126585982e-05,0.99998899108044903,-1.1008980149533104e-05,1.1008980149533104e-05,-4.283990229471218e-07
879,1561,0.91277095493954363,-0.091270300682484748,0.091270300682484748,0.9955898952931771,-0.0044198579042298621,0.0044198579042298621,0.086850442778254891
880,6457,0.99944643408740452,-0.0005537191867728082,0.0005537191867728082,0.99992557286464079,-7.4429905195927873e-05,7.4429905195927873e-05,0.00047928928157688034
881,1322,0.99999264830264445,-7.3517243794363531e-06,7.3517243794363531e-06,0.99999943346502274,-5.6653513774874735e-07,5.6653513774874735e-07,6.7851892416876062e-06
882,62668,0.99419129493533753,-0.0058256412084817201,0.0058256412084817201,0.9995680620496632,-0.00043203126240430237,0.00043203126240430237,0.0053936099460774175
883,3997,0.99831346542109578,-0.001687958379431514,0.001687958379431514,0.99968038846301188,-0.0003196626236409018,0.0003196626236409018,0.0013682957557906122
884,198,0.94848087069982856,-0.052893657760018559,0.052893657760018559,0.99867670238703055,-0.0013241739444392472,0.0013241739444392472,0.051569483815579312
885,9,0.99999535265225881,-4.6473585401516889e-06,4.6473585401516889e-06,0.99999875010663597,-1.2498941451071689e-06,1.2498941451071689e-06,3.3974643950445198e-06
886,763,5.4511548425904708e-06,-12.119683074013251,12.119683074013251,0.7948493042633421,-0.22960273668124154,0.22960273668124154,11.890080337332009
887,39291,0.99736520246611371,-0.002638274722042712,0.002638274722042712,0.99997020144228543,-2.9799001700372096e-05,2.9799001700372096e-05,0.0026084757203423399
888,82917,0.98980122563025463,-0.010251138204606132,0.010251138204606132,0.99998644818795646,-1.3551903870171924e-05,1.3551903870171924e-05,0.01023758630073596
889,28331,0.92821613017166904,-0.074490674420788425,0.074490674420788425,0.99994378161105357,-5.6219969259275615e-05,5.6219969259275615e-05,0.074434454451529145
890,3997,0.99096651027910876,-0.0090745390888569959,0.0090745390888569959,0.99999155784926774,-8.4421863674468129e-06,8.4421863674468129e-06,0.0090660969024895493
891,198,0.95879456707514021,-0.042078442817665269,0.042078442817665269,0.98566141520105643,-0.014442375643153055,0.014442375643153055,0.027636067174512214
892,9,0.99999325002163608,-6.7500011451627387e-06,6.7500011451627387e-06,0.99999636644416179,-3.6335624395878892e-06,3.6335624395878892e-06,3.1164387055748495e-06
893,29950,0.10259406569394804,-2.2769751871584938,2.2769751871584938,0.96787747076175634,-0.032649779509032015,0.032649779509032015,2.2443254076494616
894,50417,0.99972785252074337,-0.00027218451810206968,0.00027218451810206968,0.99999044084733568,-9.5591983532740958e-06,9.5591983532740958e-06,0.00026262531974879558
895,19134,0.99971524697761061,-0.00028479357222928716,0.00028479357222928716,0.99997253411531706,-2.7466261877264158e-05,2.7466261877264158e-05,0.00025732731035202301
896,3997,0.9993064312806279,-0.00069380934942514744,0.00069380934942514744,0.99986119231179971,-0.0001388173228790454,0.0001388173228790454,0.00055499202654610204
897,198,0.44059336781788361,-0.81963289734206668,0.81963289734206668,0.92168182054860059,-0.081555212004093741,0.081555212004093741,0.73807768533797291
898,9,0.99981695172978791,-0.0001830650255913893,0.0001830650255913893,0.99998428298336661,-1.5717140147001997e-05,1.5717140147001997e-05,0.00016734788544438731
899,5165,0.029454504309178498,-3.5249084328997604,3.5249084328997604,0.64787963588871267,-0.43405034696830863,0.43405034696830863,3.0908580859314516
900,21424,0.99882299186654744,-0.0011777013515279072,0.0011777013515279072,0.99995091992379526,-4.9081280671114435e-05,4.9081280671114435e-05,0.0011286200708567928
901,9130,0.99995399894053438,-4.6002117546757319e-05,4.6002117546757319e-05,0.9999936926456795,-6.3073742119287205e-06,6.3073742119287205e-06,3.9694743334828596e-05
902,3997,0.99923949558416802,-0.00076079374601575975,0.00076079374601575975,0.99995083286091768,-4.9168347825693975e-05,4.9168347825693975e-05,0.00071162539819006579
903,198,0.27242186160031523,-1.3004034524193155,1.3004034524193155,0.55971469728285583,-0.58032809421419662,0.58032809421419662,0.72007535820511892
904,9,0.99982817936854318,-0.00017183539431262881,0.00017183539431262881,0.99992770996942637,-7.2292643623838353e-05,7.2292643623838353e-05,9.9542750688790457e-05
905,7043,0.47631705392537621,-0.74167156680816815,0.74167156680816815,0.59471166774706163,-0.51967858291091218,0.51967858291091218,0.22199298389725597
906,28653,0.99782543642909771,-0.0021769313675031343,0.0021769313675031343,0.99951495640315546,-0.00048516126854208685,0.00048516126854208685,0.0016917700989610475
907,1543,0.99999897803336657,-1.0219671556080927e-06,1.0219671556080927e-06,0.99999977928678041,-2.2071324397133975e-07,2.2071324397133975e-07,8.0125391163675295e-07
908,596,0.98916909657718344,-0.010889984646593322,0.010889984646593322,0.99974636156181351,-0.00025367060985523614,0.00025367060985523614,0.010636314036738086
909,27685,0.6781682867574077,-0.38835981128423686,0.38835981128423686,0.66189760444912915,-0.41264441106742145,0.41264441106742145,-0.024284599783184591
910,2199,0.99996971364565279,-3.0286812988078813e-05,3.0286812988078813e-05,0.99999684956771262,-3.1504372500300516e-06,3.1504372500300516e-06,2.713637573804876e-05
911,198,0.45136316031882429,-0.79548302998314691,0.79548302998314691,0.61269130101001812,-0.48989405714792611,0.48989405714792611,0.3055889728352208
912,9,0.99990219471367381,-9.7810069575055122e-05,9.7810069575055122e-05,0.99989661557077558,-0.00010338977376288613,0.00010338977376288613,-5.5797041878310073e-06
913,578,0.49061320784132262,-0.71209922570740913,0.71209922570740913,0.82426128656216058,-0.19326770399434021,0.19326770399434021,0.5188315217130689
914,99773,0.99396387160280231,-0.0060544194621661449,0.0060544194621661449,0.99515836989144935,-0.004853388769013936,0.004853388769013936,0.0012010306931522089
915,4506,0.99999251262151201,-7.487406518560008e-06,7.487406518560008e-06,0.99999804713280749,-1.9528690993887646e-06,1.9528690993887646e-06,5.5345374191712434e-06
916,596,0.99998532121224104,-1.4678895493420963e-05,1.4678895493420963e-05,0.99999859078381703,-1.4092171758771203e-06,1.4092171758771203e-06,1.3269678317543844e-05
917,27685,0.99795144822406601,-0.0020506529281598489,0.0020506529281598489,0.99971679523531698,-0.00028324487472550436,0.00028324487472550436,0.0017674080534343444
918,2199,0.99997181107261179,-2.8189324703481351e-05,2.8189324703481351e-05,0.99999508996837316,-4.9100436810456728e-06,4.9100436810456728e-06,2.3279281022435677e-05
919,198,0.36038301827193953,-1.02058787347036,1.02058787347036,0.84654117290848918,-0.16659643959770395,0.16659643959770395,0.85399143387265597
920,9,0.99985047889454737,-0.00014953228484751259,0.00014953228484751259,0.99997917605268172,-2.082416413965735e-05,2.082416413965735e-05,0.00012870812070785525
921,578,0.068919634420193887,-2.6748141717445746,2.6748141717445746,0.49821336052546839,-0.69672685891936614,0.69672685891936614,1.9780873128252083
922,9305,0.94957972146786307,-0.051735790729499118,0.051735790729499118,0.9994612788039644,-0.00053886635843614929,0.00053886635843614929,0.05119692437106297
923,596,0.99998713168997022,-1.2868392827193986e-05,1.2868392827193986e-05,0.99999748072601713,-2.5192771563011561e-06,2.5192771563011561e-06,1.0349115670892829e-05
924,27685,0.9998023121907702,-0.00019770735204032667,0.00019770735204032667,0.99997646476863278,-2.3535508325105245e-05,2.3535508325105245e-05,0.00017417184371522142
925,2199,0.99996596095367429,-3.4039625667214358e-05,3.4039625667214358e-05,0.9999945900517444,-5.4099628894206834e-06,5.4099628894206834e-06,2.8629662777793673e-05
926,198,0.46263192250596036,-0.77082352485151373,0.77082352485151373,0.99874072019177329,-0.0012600733673230541,0.0012600733673230541,0.7695634514841907
927,9,0.99992277765817672,-7.7225323621819779e-05,7.7225323621819779e-05,0.99998258917282579,-1.7410978744421431e-05,1.7410978744421431e-05,5.9814344877398348e-05
928,44023,0.00050554972379525376,-7.5898641587720777,7.5898641587720777,0.94777884428580161,-0.053634090561023917,0.053634090561023917,7.5362300682110535
929,37337,0.99279740178829157,-0.0072286621496648815,0.0072286621496648815,0.99997415340426077,-2.5846929768291098e-05,2.5846929768291098e-05,0.0072028152198965901
930,596,0.99944704007047769,-0.00055311286824605093,0.00055311286824605093,0.99999919427600281,-8.0572432173961985e-07,8.0572432173961985e-07,0.00055230714392431131
931,27685,0.99464556613605037,-0.0053688202217990174,0.0053688202217990174,0.99996661610402449,-3.3384453230151025e-05,3.3384453230151025e-05,0.005335435768568866
932,2199,0.99992483678811073,-7.5166036785025226e-05,7.5166036785025226e-05,0.9999973361850798,-2.6638184681126091e-06,2.6638184681126091e-06,7.2502218316912621e-05
933,198,0.86832858292507387,-0.14118508419742851,0.14118508419742851,0.99178112855922373,-0.0082528325741254849,0.0082528325741254849,0.13293225162330302
934,9,0.9995469434124935,-0.00045315924865092994,0.00045315924865092994,0.99999444748780142,-5.55252761383145e-06,5.55252761383145e-06,0.00044760672103709849
935,37940,0.05099894927528717,-2.9759502489153942,2.9759502489153942,0.8663441072771173,-0.14347309682931347,0.14347309682931347,2.8324771520860805
936,783,0.99999205069953856,-7.9493320573129592e-06,7.9493320573129592e-06,0.99999987469057727,-1.2530943053006657e-07,1.2530943053006657e-07,7.8240226267828919e-06
937,30411,0.99937933644875399,-0.00062085624260307698,0.00062085624260307698,0.99999834947098476,-1.6505303773794548e-06,1.6505303773794548e-06,0.00061920571222569753
938,596,0.99991843125869184,-8.1572068218884898e-05,8.1572068218884898e-05,0.99999946991091127,-5.3008922923510237e-07,5.3008922923510237e-07,8.104197898964979e-05
939,27685,0.99074687995334887,-0.0092961960930853585,0.0092961960930853585,0.99971419272414253,-0.0002858481265407385,0.0002858481265407385,0.0090103479665446205
940,2199,0.99997670533823513,-2.3294933089733271e-05,2.3294933089733271e-05,0.99999782251183389,-2.1774905368059729e-06,2.1774905368059729e-06,2.1117442552927299e-05
941,198,0.65937746918733497,-0.41645911758563109,0.41645911758563109,0.99347769193308366,-0.0065436712603943433,0.0065436712603943433,0.40991544632523674
942,9,0.99988956571743692,-0.00011044038087749014,0.00011044038087749014,0.99999227001369995,-7.7300161766038633e-06,7.7300161766038633e-06,0.00010271036470088628
943,3468,0.0086916619469102618,-4.7453911097844292,4.7453911097844292,0.56127484945528439,-0.5775445657070658,0.5775445657070658,4.1678465440773635
944,6354,0.99519318175104532,-0.0048184081550910179,0.0048184081550910179,0.9997102912333482,-0.00028975074034349167,0.00028975074034349167,0.0045286574147475264
945,2689,0.99998410835917284,-1.589176710067511e-05,1.589176710067511e-05,0.99999894171654047,-1.0582840195421068e-06,1.0582840195421068e-06,1.4833483081133003e-05
946,13818,0.99991988078629845,-8.0122423417189822e-05,8.0122423417189822e-05,0.99999615148947529,-3.8485179301932354e-06,3.8485179301932354e-06,7.6273905486996587e-05
947,596,0.99987319144117581,-0.00012681659970931381,0.00012681659970931381,0.9999984426229287,-1.5573782839830194e-06,1.5573782839830194e-06,0.0001252592214253308
948,27685,0.98831016683466033,-0.011758696458071682,0.011758696458071682,0.99948210945780835,-0.00051802469381776242,0.00051802469381776242,0.01124067176425392
949,2199,0.99997667011043723,-2.3330161708930801e-05,2.3330161708930801e-05,0.9999970866595026,-2.9133447411524182e-06,2.9133447411524182e-06,2.0416816967778383e-05
950,198,0.96553935927755696,-0.035068412250466273,0.035068412250466273,0.99972793825617456,-0.00027209875933547137,0.00027209875933547137,0.034796313491130798
951,9,0.99995616160350731,-4.3839357423332439e-05,4.3839357423332439e-05,0.9999919320092534,-8.0680232930509746e-06,8.0680232930509746e-06,3.5771334130281461e-05
952,9454,0.065215517332164477,-2.7300578424739661,2.7300578424739661,0.98178453861115444,-0.018383405484676953,0.018383405484676953,2.7116744369892891
953,14603,0.99981432265069103,-0.0001856945894820818,0.0001856945894820818,0.99999566264105377,-4.3373683525604391e-06,4.3373683525604391e-06,0.00018135722112952137
954,596,0.99996476006640089,-3.5240554540167341e-05,3.5240554540167341e-05,0.9999983484137317,-1.6515876321384298e-06,1.6515876321384298e-06,3.3588966908028908e-05
955,27685,0.99988199116202625,-0.00011801580156449672,0.00011801580156449672,0.99999495284267914,-5.0471700578308612e-06,5.0471700578308612e-06,0.00011296863150666586
956,2199,0.99996892314939367,-3.1077333501656793e-05,3.1077333501656793e-05,0.99999888859818453,-1.1114024330940959e-06,1.1114024330940959e-06,2.9965931068562698e-05
957,198,0.99557862398944674,-0.004431179199862331,0.004431179199862331,0.99996085427732584,-3.9146488887979641e-05,3.9146488887979641e-05,0.0043920327109743511
958,9,0.99997628645771719,-2.3713823453269044e-05,2.3713823453269044e-05,0.99999444071163801,-5.5593038148646266e-06,5.5593038148646266e-06,1.8154519638404418e-05
959,48562,6.1078905364548236e-06,-12.005929092108552,12.005929092108552,0.55315493834444485,-0.59211713886422712,0.59211713886422712,11.413811953244325
960,473,0.091046507099443064,-2.396384835988715,2.396384835988715,0.99999959093997515,-4.0906010849848186e-07,4.0906010849848186e-07,2.3963844269286065
961,14782,0.98685981456956373,-0.013227281480546702,0.013227281480546702,0.99999651483782526,-3.4851682479324598e-06,3.4851682479324598e-06,0.01322379631229877
962,596,0.998743396240235,-0.0012573939483081686,0.0012573939483081686,0.99999830909612564,-1.6909053039390574e-06,1.6909053039390574e-06,0.0012557030430042297
963,27685,0.99888829113666178,-0.0011123272700045244,0.0011123272700045244,0.99999705224744928,-2.9477568953512277e-06,2.9477568953512277e-06,0.0011093795131091732
964,2199,0.9999990211059101,-9.7889456901408907e-07,9.7889456901408907e-07,0.99999997206050162,-2.7939498768383406e-08,2.7939498768383406e-08,9.5095507024570567e-07
965,198,0.96925050106752952,-0.03123218546705412,0.03123218546705412,0.99997133241865155,-2.8667992271441549e-05,2.8667992271441549e-05,0.031203517474782679
966,9,0.99976373471608548,-0.00023629319895371965,0.00023629319895371965,0.99999291321596517,-7.086809146161184e-06,7.086809146161184e-06,0.00022920638980755847
967,46315,0.1231289053944286,-2.0945234610533974,2.0945234610533974,0.98893775908602122,-0.011123882518747691,0.011123882518747691,2.0833995785346495
968,72353,0.99509518299465982,-0.0049168850976291072,0.0049168850976291072,0.99999968968679587,-3.1031325224183571e-07,3.1031325224183571e-07,0.0049165747843768655
969,554,0.99997075062103158,-2.9249806739838646e-05,2.9249806739838646e-05,0.99999992677463623,-7.3225366420615505e-08,7.3225366420615505e-08,2.9176581373418031e-05
970,596,0.99971192077078885,-0.00028812073200323981,0.00028812073200323981,0.99999860569325338,-1.3943077186800825e-06,1.3943077186800825e-06,0.00028672642428455975
971,27685,0.99977125389325106,-0.00022877227312997477,0.00022877227312997477,0.99999768538165146,-2.3146210272972073e-06,2.3146210272972073e-06,0.00022645765210267755
972,2199,0.99998138118250612,-1.861899082619708e-05,1.861899082619708e-05,0.99999025350091153,-9.7465465858533091e-06,9.7465465858533091e-06,8.8724442403437712e-06
973,198,0.93445783506198266,-0.067788773423377441,0.067788773423377441,0.99989395685511018,-0.00010604876786164959,0.00010604876786164959,0.067682724655515794
974,9,0.99987138286894972,-0.00012862540294278314,0.00012862540294278314,0.99999580833452151,-4.1916742635810701e-06,4.1916742635810701e-06,0.00012443372867920207
975,51075,0.061747473545455352,-2.784702218554699,2.784702218554699,0.96334979522394382,-0.037338698222013321,0.037338698222013321,2.7473635203326858
976,3341,0.99592302766779361,-0.0040853058419431341,0.0040853058419431341,0.99999899061566977,-1.0093848396531882e-06,1.0093848396531882e-06,0.0040842964571034812
977,7678,0.99997950265137159,-2.0497558701935268e-05,2.0497558701935268e-05,0.99999814195172543,-1.8580500007458006e-06,1.8580500007458006e-06,1.8639508701189468e-05
978,596,0.99971242766546553,-0.00028761369138723163,0.00028761369138723163,0.99999489535826547,-5.1046547632496044e-06,5.1046547632496044e-06,0.00028250903662398202
979,27685,0.99986168991670077,-0.00013831964902078021,0.00013831964902078021,0.99999741090242733,-2.5891009243603616e-06,2.5891009243603616e-06,0.00013573054809641984
980,2199,0.99999962993891123,-3.7006115719032691e-07,3.7006115719032691e-07,0.99999989258861288,-1.0741139289572161e-07,1.0741139289572161e-07,2.6264976429460529e-07
981,198,0.98296609603970231,-0.017180649725092541,0.017180649725092541,0.99995768874449831,-4.2312150648136697e-05,4.2312150648136697e-05,0.017138337574444405
982,9,0.99991102822698086,-8.897573124212094e-05,8.897573124212094e-05,0.9999974658093288,-2.5341938822125895e-06,2.5341938822125895e-06,8.6441537359908355e-05
983,67188,0.48102389168106402,-0.73183833925532893,0.73183833925532893,0.97845435585283747,-0.021781140292943525,0.021781140292943525,0.71005719896238539
984,31298,0.99986556746579969,-0.00013444157106337935,0.00013444157106337935,0.99999863959117219,-1.3604097531947581e-06,1.3604097531947581e-06,0.00013308116131018459
985,300,0.99999827678662634,-1.7232148584390502e-06,1.7232148584390502e-06,0.99999993409775001,-6.5902252148795662e-08,6.5902252148795662e-08,1.6573126062902545e-06
986,42221,0.99999904432152564,-9.5567893096516294e-07,9.5567893096516294e-07,0.99999958097693276,-4.1902315498010776e-07,4.1902315498010776e-07,5.3665577598505513e-07
987,596,0.98169911541496879,-0.018470417358765506,0.018470417358765506,0.99307888732740734,-0.0069451746609994446,0.0069451746609994446,0.011525242697766062
988,27685,0.99997531388754868,-2.4686417158400333e-05,2.4686417158400333e-05,0.99999821392000232,-1.7860815927489303e-06,1.7860815927489303e-06,2.2900335565651401e-05
989,2199,0.9999785567487669,-2.1443481142861085e-05,2.1443481142861085e-05,0.99999907667918209,-9.2332124419286697e-07,9.2332124419286697e-07,2.052015989866822e-05
990,198,0.97707169024605633,-0.023195251692738391,0.023195251692738391,0.9999376496198491,-6.2352324016635749e-05,6.2352324016635749e-05,0.023132899368721756
991,9,0.99990748794165885,-9.2516337845523306e-05,9.2516337845523306e-05,0.99999406603457264,-5.933983033417057e-06,5.933983033417057e-06,8.6582354812106242e-05
992,362,0.95211498091619906,-0.049069473210561813,0.049069473210561813,0.99995869355776179,-4.1307295372799261e-05,4.1307295372799261e-05,0.049028165915189013
993,1638,0.99997014600131873,-2.9854444320736544e-05,2.9854444320736544e-05,0.99999993647253649,-6.3527465490836604e-08,6.3527465490836604e-08,2.9790916855245708e-05
994,1334,0.9999929397244528,-7.0603004710118793e-06,7.0603004710118793e-06,0.99999966481785707,-3.3518219911083458e-07,3.3518219911083458e-07,6.7251182719010449e-06
995,6193,0.99998750115992741,-1.2498918183714664e-05,1.2498918183714664e-05,0.99999845070511073,-1.5492960894116212e-06,1.5492960894116212e-06,1.0949622094303042e-05
996,68,0.99996960207983043,-3.039838219567025e-05,3.039838219567025e-05,0.99999973409351217,-2.6590652319660176e-07,2.6590652319660176e-07,3.0132475672473648e-05
997,336,0.99995497566217584,-4.5025351450043177e-05,4.5025351450043177e-05,0.99999978246629673,-2.1753372690785881e-07,2.1753372690785881e-07,4.4807817723135318e-05
998,596,0.9998826094730332,-0.00011739741777402731,0.00011739741777402731,0.99999650444109556,-3.4955650139518373e-06,3.4955650139518373e-06,0.00011390185276007548
999,27685,0.99996787714724555,-3.2123368704291738e-05,3.2123368704291738e-05,0.99999723627051729,-2.7637333018221822e-06,2.7637333018221822e-06,2.9359635402469556e-05
1000,2199,0.99998660863765187,-1.3391452013225949e-05,1.3391452013225949e-05,0.99999838217589521,-1.6178254134642598e-06,1.6178254134642598e-06,1.177362659976169e-05
1001,198,0.51724483828549672,-0.65923894155466378,0.65923894155466378,0.84085570258714504,-0.17333521210482389,0.17333521210482389,0.48590372944983989
1002,9,0.99972598376651334,-0.00027405378279428817,0.00027405378279428817,0.99993939365257456,-6.0608184064302089e-05,6.0608184064302089e-05,0.0002134455987299861
1003,28395,0.13846912488471261,-1.9771079032263452,1.9771079032263452,0.75256710518540171,-0.28426511000896321,0.28426511000896321,1.692842793217382
1004,220,0.86472983974660178,-0.1453381448259215,0.1453381448259215,0.99978756608632224,-0.00021245648095764106,0.00021245648095764106,0.14512568834496387
1005,1041,0.99230766702251239,-0.007722071575099655,0.007722071575099655,0.99992295029706635,-7.7052671414452485e-05,7.7052671414452485e-05,0.0076450189036852021
1006,27685,0.67381457634970654,-0.39480031519276065,0.39480031519276065,0.83399240020110144,-0.18153098913361235,0.18153098913361235,0.21326932605914831
1007,2199,0.9801190459777388,-0.020081239207580398,0.020081239207580398,0.99751054610432954,-0.0024925577383387329,0.0024925577383387329,0.017588681469241665
1008,198,0.99867519402496541,-0.0013256843063016853,0.0013256843063016853,0.99992488764761656,-7.5115173457466464e-05,7.5115173457466464e-05,0.0012505691328442189
1009,9,0.99999310681110232,-6.8932126558733699e-06,6.8932126558733699e-06,0.99999938129007671,-6.1871011469835892e-07,6.1871011469835892e-07,6.274502541175011e-06
1010,28395,0.99407428530978559,-0.0059433414059298683,0.0059433414059298683,0.99969100309302705,-0.00030904465635371456,0.00030904465635371456,0.0056342967495761533
1011,220,0.9999716154560222,-2.8384946826554058e-05,2.8384946826554058e-05,0.99999970646294467,-2.9353709840048446e-07,2.9353709840048446e-07,2.8091409728153572e-05
1012,1049,0.99859767007434785,-0.001403314110471195,0.001403314110471195,0.99722271006370489,-0.0027811537616238692,0.0027811537616238692,-0.0013778396511526742
1013,27685,0.99985406816055944,-0.00014594248852743764,0.00014594248852743764,0.99999426022707061,-5.739789401971178e-06,5.739789401971178e-06,0.00014020269912546647
1014,2199,0.99998512969511222,-1.4870415451831986e-05,1.4870415451831986e-05,0.99999685934549187,-3.1406594400273898e-06,3.1406594400273898e-06,1.1729756011804595e-05
1015,198,0.80398581495091248,-0.21817365305469191,0.21817365305469191,0.99148327418385906,-0.0085532003689512155,0.0085532003689512155,0.2096204526857407
1016,9,0.99987100254311789,-0.00012900577776963607,0.00012900577776963607,0.99999491086649328,-5.0891464563853027e-06,5.0891464563853027e-06,0.00012391663131325076
1017,99399,0.87817900967260221,-0.12990482267443837,0.12990482267443837,0.93878560985882276,-0.063168143351525541,0.063168143351525541,0.066736679322912829
1018,1692,0.99617755166439226,-0.0038297725615211429,0.0038297725615211429,0.99991503531528536,-8.4968294417889161e-05,8.4968294417889161e-05,0.0037448042671032536
1019,689,0.99998744558315578,-1.2554495651578632e-05,1.2554495651578632e-05,0.99999650019515585,-3.4998109684546762e-06,3.4998109684546762e-06,9.0546846831239568e-06
1020,1630,0.00024029319426363571,-8.333650737455482,8.333650737455482,0.92488701561062558,-0.078083694215865002,0.078083694215865002,8.2555670432396173
1021,5511,0.1567161297391067,-1.8533192010367838,1.8533192010367838,0.99999732639941141,-2.6736041626756042e-06,2.6736041626756042e-06,1.8533165274326211
1022,27685,0.97815799799886094,-0.02208406984938786,0.02208406984938786,0.99988300727077983,-0.00011699957340337357,0.00011699957340337357,0.021967070275984487
1023,2199,0.99985188233826849,-0.0001481286322356325,0.0001481286322356325,0.99999795995028817,-2.0400517927016535e-06,2.0400517927016535e-06,0.00014608858044293084
