token_index,token_id,probability,logprob,nll,reference_probability,reference_logprob,reference_nll,nll_drift
0,33,0.99418828014020888,-0.0058286736225805968,0.0058286736225805968,0.99418828014020888,-0.0058286736225805968,0.0058286736225805968,0
1,21161,0.99999475613849298,-5.2438752561085319e-06,5.2438752561085319e-06,0.99999475613849298,-5.2438752561085319e-06,5.2438752561085319e-06,0
2,11876,0.99967473592517342,-0.00032531698465915529,0.00032531698465915529,0.99967473592517342,-0.00032531698465915529,0.00032531698465915529,0
3,52757,0.99999856795547593,-1.4320455495007809e-06,1.4320455495007809e-06,0.99999856795547593,-1.4320455495007809e-06,1.4320455495007809e-06,0
4,374,0.99833174292366589,-0.0016696501667413032,0.0016696501667413032,0.99833174292366589,-0.0016696501667413032,0.0016696501667413032,0
5,264,0.94825204340102243,-0.05313494349742004,0.05313494349742004,0.94825204340102243,-0.05313494349742004,0.05313494349742004,0
6,6721,0.58549463806099078,-0.53529825386675856,0.53529825386675856,0.58549463806099078,-0.53529825386675856,0.53529825386675856,0
7,83162,0.99890946686129045,-0.0010911282026367776,0.0010911282026367776,0.99890946686129045,-0.0010911282026367776,0.0010911282026367776,0
8,11,0.99718378298534616,-0.0028201900147642386,0.0028201900147642386,0.99718378298534616,-0.0028201900147642386,0.0028201900147642386,0
9,9709,0.99992833449386354,-7.1668074231499385e-05,7.1668074231499385e-05,0.99992833449386354,-7.1668074231499385e-05,7.1668074231499385e-05,0
10,37959,0.99999492166899162,-5.0783439031615231e-06,5.0783439031615231e-06,0.99999492166899162,-5.0783439031615231e-06,5.0783439031615231e-06,0
11,10255,0.99995114631719528,-4.8854876184799489e-05,4.8854876184799489e-05,0.99995114631719528,-4.8854876184799489e-05,4.8854876184799489e-05,0
12,11,0.99976470220512059,-0.00023532548174868488,0.00023532548174868488,0.99976470220512059,-0.00023532548174868488,0.00023532548174868488,0
13,323,0.99999220304795378,-7.7969824426036352e-06,7.7969824426036352e-06,0.99999220304795378,-7.7969824426036352e-06,7.7969824426036352e-06,0
14,4846,0.99994099554645655,-5.9006194374740374e-05,5.9006194374740374e-05,0.99994099554645655,-5.9006194374740374e-05,5.9006194374740374e-05,0
15,19077,0.99960602170973312,-0.0003940559201037577,0.0003940559201037577,0.99960602170973312,-0.0003940559201037577,0.0003940559201037577,0
16,83162,0.99993173923773171,-6.8263092140127878e-05,6.8263092140127878e-05,0.99993173923773171,-6.8263092140127878e-05,6.8263092140127878e-05,0
17,323,0.99994727115600068,-5.273023421370637e-05,5.273023421370637e-05,0.99994727115600068,-5.273023421370637e-05,5.273023421370637e-05,0
18,6721,0.97089086375898637,-0.029541212724484883,0.029541212724484883,0.97089086375898637,-0.029541212724484883,0.029541212724484883,0
19,3778,0.87656654152419744,-0.1317426601901594,0.1317426601901594,0.87656654152419744,-0.1317426601901594,0.1317426601901594,0
20,9141,0.9999719533585113,-2.8047034803142123e-05,2.8047034803142123e-05,0.9999719533585113,-2.8047034803142123e-05,2.8047034803142123e-05,0
21,2851,0.99999694791996152,-3.0520846960792636e-06,3.0520846960792636e-06,0.99999694791996152,-3.0520846960792636e-06,3.0520846960792636e-06,0
22,13,0.99993631817347228,-6.3683854301294508e-05,6.3683854301294508e-05,0.99993631817347228,-6.3683854301294508e-05,6.3683854301294508e-05,0
23,1283,0.99007502956107585,-0.0099745512897938607,0.0099745512897938607,0.99007502956107585,-0.0099745512897938607,0.0099745512897938607,0
24,374,0.84692060005236891,-0.16614833128337761,0.16614833128337761,0.84692060005236891,-0.16614833128337761,0.16614833128337761,0
25,5131,0.91772193083008824,-0.085860841839914159,0.085860841839914159,0.91772193083008824,-0.085860841839914159,0.085860841839914159,0
26,8667,0.99997577399774418,-2.4226295710157761e-05,2.4226295710157761e-05,0.99997577399774418,-2.4226295710157761e-05,2.4226295710157761e-05,0
27,311,0.99981086808162267,-0.00018914980607410382,0.00018914980607410382,0.99981086808162267,-0.00018914980607410382,0.00018914980607410382,0
28,34538,0.99047337747917907,-0.0095722910652431964,0.0095722910652431964,0.99047337747917907,-0.0095722910652431964,0.0095722910652431964,0
29,389,0.99145517282213191,-0.0085815435197650475,0.0085815435197650475,0.99145517282213191,-0.0085815435197650475,0.0085815435197650475,0
30,279,0.99999955518283268,-4.4481726623267054e-07,4.4481726623267054e-07,0.99999955518283268,-4.4481726623267054e-07,4.4481726623267054e-07,0
31,23886,0.99999497690509997,-5.0231075157940812e-06,5.0231075157940812e-06,0.99999497690509997,-5.0231075157940812e-06,5.0231075157940812e-06,0
32,6883,0.99999856134681275,-1.4386542220610665e-06,1.4386542220610665e-06,0.99999856134681275,-1.4386542220610665e-06,1.4386542220610665e-06,0
33,323,0.82640783828492548,-0.19066687636577745,0.19066687636577745,0.82640783828492548,-0.19066687636577745,0.19066687636577745,0
34,706,0.70601858323058042,-0.34811371997896268,0.34811371997896268,0.70601858323058042,-0.34811371997896268,0.34811371997896268,0
35,2834,0.58047677285989696,-0.54390549094462348,0.54390549094462348,0.58047677285989696,-0.54390549094462348,0.54390549094462348,0
36,12387,0.74331451703789819,-0.29663601691840258,0.29663601691840258,0.74331451703789819,-0.29663601691840258,0.29663601691840258,0
37,59284,0.98758103243517481,-0.01249672741124461,0.01249672741124461,0.98758103243517481,-0.01249672741124461,0.01249672741124461,0
38,11,0.87183213409546423,-0.13715838037622086,0.13715838037622086,0.87183213409546423,-0.13715838037622086,0.13715838037622086,0
39,2737,0.99997743315678056,-2.2567097854528428e-05,2.2567097854528428e-05,0.99997743315678056,-2.2567097854528428e-05,2.2567097854528428e-05,0
40,3116,0.62122451779935217,-0.47606272003934175,0.47606272003934175,0.62122451779935217,-0.47606272003934175,0.47606272003934175,0
41,34538,0.96726892946018173,-0.033278715202542643,0.033278715202542643,0.96726892946018173,-0.033278715202542643,0.033278715202542643,0
42,4435,0.62332371808434084,-0.47268928345373223,0.47268928345373223,0.62332371808434084,-0.47268928345373223,0.47268928345373223,0
43,29201,0.99995739726386768,-4.2603643654637183e-05,4.2603643654637183e-05,0.99995739726386768,-4.2603643654637183e-05,4.2603643654637183e-05,0
44,4870,0.99999938349318629,-6.1650700369980807e-07,6.1650700369980807e-07,0.99999938349318629,-6.1650700369980807e-07,6.1650700369980807e-07,0
45,48854,0.98220534123741465,-0.017954887357351373,0.017954887357351373,0.98220534123741465,-0.017954887357351373,0.017954887357351373,0
46,11,0.94401500336556776,-0.057613219567206435,0.057613219567206435,0.94401500336556776,-0.057613219567206435,0.057613219567206435,0
47,264,0.59681581815867712,-0.51614672548626728,0.51614672548626728,0.59681581815867712,-0.51614672548626728,0.51614672548626728,0
48,28395,0.75810774346396981,-0.27692976166790279,0.27692976166790279,0.75810774346396981,-0.27692976166790279,0.27692976166790279,0
49,29201,0.99997512845979619,-2.4871849505736585e-05,2.4871849505736585e-05,0.99997512845979619,-2.4871849505736585e-05,2.4871849505736585e-05,0
50,4870,0.99999970757095058,-2.9242909214973284e-07,2.9242909214973284e-07,0.99999970757095058,-2.9242909214973284e-07,2.9242909214973284e-07,0
51,19134,0.99984335216724463,-0.00015666010330857356,0.00015666010330857356,0.99984335216724463,-0.00015666010330857356,0.00015666010330857356,0
52,11,0.99996213073554374,-3.7869981514933585e-05,3.7869981514933585e-05,0.99996213073554374,-3.7869981514933585e-05,3.7869981514933585e-05,0
53,323,0.99785830648599871,-0.0021439902193671543,0.0021439902193671543,0.99785830648599871,-0.0021439902193671543,0.0021439902193671543,0
54,459,0.99895019817132069,-0.0010503532565795189,0.0010503532565795189,0.99895019817132069,-0.0010503532565795189,0.0010503532565795189,0
55,34260,0.56537174847177096,-0.57027180230078511,0.57027180230078511,0.56537174847177096,-0.57027180230078511,0.57027180230078511,0
56,14829,0.99999512195562046,-4.8780562772157542e-06,4.8780562772157542e-06,0.99999512195562046,-4.8780562772157542e-06,4.8780562772157542e-06,0
57,358,0.99994256076565335,-5.744088404263168e-05,5.744088404263168e-05,0.99994256076565335,-5.744088404263168e-05,5.744088404263168e-05,0
58,29201,0.99996812116153599,-3.1879346604952466e-05,3.1879346604952466e-05,0.99996812116153599,-3.1879346604952466e-05,3.1879346604952466e-05,0
59,4870,0.99999885215068174,-1.1478499770941555e-06,1.1478499770941555e-06,0.99999885215068174,-1.1478499770941555e-06,1.1478499770941555e-06,0
60,62668,0.99999682983585991,-3.170169165056481e-06,3.170169165056481e-06,0.99999682983585991,-3.170169165056481e-06,3.170169165056481e-06,0
61,19134,0.99215195674159351,-0.0078790012292723442,0.0078790012292723442,0.99215195674159351,-0.0078790012292723442,0.0078790012292723442,0
62,13,0.79258120825730471,-0.232460307493359,0.232460307493359,0.79258120825730471,-0.232460307493359,0.232460307493359,0
63,11876,0.5295342792733716,-0.63575737708738522,0.63575737708738522,0.5295342792733716,-0.63575737708738522,0.63575737708738522,0
64,52757,0.99999749091237244,-2.5090907753045197e-06,2.5090907753045197e-06,0.99999749091237244,-2.5090907753045197e-06,2.5090907753045197e-06,0
65,706,0.98362653374739883,-0.016508992847586352,0.016508992847586352,0.98362653374739883,-0.016508992847586352,0.016508992847586352,0
66,1101,0.97534846456355617,-0.024960472283931289,0.024960472283931289,0.97534846456355617,-0.024960472283931289,0.024960472283931289,0
67,2834,0.45617203267708029,-0.78488527597144297,0.78488527597144297,0.45617203267708029,-0.78488527597144297,0.78488527597144297,0
68,279,0.77638300259314574,-0.25310932051690016,0.25310932051690016,0.77638300259314574,-0.25310932051690016,0.25310932051690016,0
69,75636,0.99818759578753691,-0.0018140486041464648,0.0018140486041464648,0.99818759578753691,-0.0018140486041464648,0.0018140486041464648,0
70,25434,0.99999749488801593,-2.5051151219178212e-06,2.5051151219178212e-06,0.99999749488801593,-2.5051151219178212e-06,2.5051151219178212e-06,0
71,29201,0.99999524282645358,-4.7571848617856425e-06,4.7571848617856425e-06,0.99999524282645358,-4.7571848617856425e-06,4.7571848617856425e-06,0
72,4870,0.9999999333474805,-6.6652521723275416e-08,6.6652521723275416e-08,0.9999999333474805,-6.6652521723275416e-08,6.6652521723275416e-08,0
73,19134,0.99999001279091715,-9.9872589553375837e-06,9.9872589553375837e-06,0.99999001279091715,-9.9872589553375837e-06,9.9872589553375837e-06,0
74,323,0.51929902328848643,-0.65527540895688219,0.65527540895688219,0.51929902328848643,-0.65527540895688219,0.65527540895688219,0
75,374,0.69456828722279096,-0.36446479588663661,0.36446479588663661,0.69456828722279096,-0.36446479588663661,0.36446479588663661,0
76,264,0.95504042608388007,-0.046001608419452486,0.046001608419452486,0.95504042608388007,-0.046001608419452486,0.046001608419452486,0
77,4330,0.97194519014517466,-0.028455864851134945,0.028455864851134945,0.97194519014517466,-0.028455864851134945,0.028455864851134945,0
78,7394,0.99996935458818625,-3.064588139400043e-05,3.064588139400043e-05,0.99996935458818625,-3.064588139400043e-05,3.064588139400043e-05,0
79,1917,0.99999862112157112,-1.3788793794838348e-06,1.3788793794838348e-06,0.99999862112157112,-1.3788793794838348e-06,1.3788793794838348e-06,0
80,18824,0.99997625554778058,-2.3744734123431392e-05,2.3744734123431392e-05,0.99997625554778058,-2.3744734123431392e-05,2.3744734123431392e-05,0
81,304,0.99999570251476533,-4.2974944688786254e-06,4.2974944688786254e-06,0.99999570251476533,-4.2974944688786254e-06,4.2974944688786254e-06,0
82,6721,0.99999605858467266,-3.9414230947128462e-06,3.9414230947128462e-06,0.99999605858467266,-3.9414230947128462e-06,3.9414230947128462e-06,0
83,36540,0.99999432107126429,-5.6789448608950721e-06,5.6789448608950721e-06,0.99999432107126429,-5.6789448608950721e-06,5.6789448608950721e-06,0
84,382,0.84601300196562579,-0.16722055074031708,0.16722055074031708,0.84601300196562579,-0.16722055074031708,0.16722055074031708,0
85,24641,0.96351494516957281,-0.037167279914779507,0.037167279914779507,0.96351494516957281,-0.037167279914779507,0.037167279914779507,0
86,52757,0.99999890790404999,-1.0920965463809783e-06,1.0920965463809783e-06,0.99999890790404999,-1.0920965463809783e-06,1.0920965463809783e-06,0
87,596,0.76363758030840689,-0.26966197368936279,0.26966197368936279,0.76363758030840689,-0.26966197368936279,0.26966197368936279,0
88,19077,0.66636944179641611,-0.4059110448285414,0.4059110448285414,0.66636944179641611,-0.4059110448285414,0.4059110448285414,0
89,36540,0.9999984239996984,-1.5760015434950808e-06,1.5760015434950808e-06,0.9999984239996984,-1.5760015434950808e-06,1.5760015434950808e-06,0
90,7076,0.99998836204260932,-1.1638025112254842e-05,1.1638025112254842e-05,0.99998836204260932,-1.1638025112254842e-05,1.1638025112254842e-05,0
91,574,0.95678047290334756,-0.044181304748893722,0.044181304748893722,0.95678047290334756,-0.044181304748893722,0.044181304748893722,0
92,6992,0.72779998351527642,-0.31772901645415147,0.31772901645415147,0.72779998351527642,-0.31772901645415147,0.31772901645415147,0
93,11,0.99940685452081224,-0.00059332145955896495,0.00059332145955896495,0.99940685452081224,-0.00059332145955896495,0.00059332145955896495,0
94,449,0.99879766743904907,-0.0012030559426328994,0.0012030559426328994,0.99879766743904907,-0.0012030559426328994,0.0012030559426328994,0
95,220,0.99973184155035399,-0.00026819441055199,0.00026819441055199,0.99973184155035399,-0.00026819441055199,0.00026819441055199,0
96,7461,0.99998417894724356,-1.5821177910603916e-05,1.5821177910603916e-05,0.99998417894724356,-1.5821177910603916e-05,1.5821177910603916e-05,0
97,15160,0.99998337667351889,-1.6623464650177055e-05,1.6623464650177055e-05,0.99998337667351889,-1.6623464650177055e-05,1.6623464650177055e-05,0
98,323,0.99999998526648848,-1.4733511635431346e-08,1.4733511635431346e-08,0.99999998526648848,-1.4733511635431346e-08,1.4733511635431346e-08,0
99,220,0.95986909926761566,-0.040958358747000739,0.040958358747000739,0.95986909926761566,-0.040958358747000739,0.040958358747000739,0
100,20,0.99999283867738609,-7.1613482562629428e-06,7.1613482562629428e-06,0.99999283867738609,-7.1613482562629428e-06,7.1613482562629428e-06,0
101,18151,0.99999058293204124,-9.417112299570745e-06,9.417112299570745e-06,0.99999058293204124,-9.417112299570745e-06,9.417112299570745e-06,0
102,520,0.5655644526914001,-0.56993101522314826,0.56993101522314826,0.5655644526914001,-0.56993101522314826,0.56993101522314826,0
103,426,0.99998111523045374,-1.8884947865778435e-05,1.8884947865778435e-05,0.99998111523045374,-1.8884947865778435e-05,1.8884947865778435e-05,0
104,2191,0.99999779521851628,-2.204783914290395e-06,2.204783914290395e-06,0.99999779521851628,-2.204783914290395e-06,2.204783914290395e-06,0
105,277,0.99999972377413349,-2.7622590463537847e-07,2.7622590463537847e-07,0.99999972377413349,-2.7622590463537847e-07,2.7622590463537847e-07,0
106,377,0.99999987586587669,-1.2413413104126005e-07,1.2413413104126005e-07,0.99999987586587669,-1.2413413104126005e-07,1.2413413104126005e-07,0
107,3314,0.99999967590583205,-3.2409422045576926e-07,3.2409422045576926e-07,0.99999967590583205,-3.2409422045576926e-07,3.2409422045576926e-07,0
108,9304,0.99999924055187173,-7.5944841665339387e-07,7.5944841665339387e-07,0.99999924055187173,-7.5944841665339387e-07,7.5944841665339387e-07,0
109,323,0.99999938390924414,-6.160909456573e-07,6.160909456573e-07,0.99999938390924414,-6.160909456573e-07,6.160909456573e-07,0
110,279,0.9999992893124795,-7.1068777300169178e-07,7.1068777300169178e-07,0.9999992893124795,-7.1068777300169178e-07,7.1068777300169178e-07,0
111,3907,0.9999995161852695,-4.8381484749744476e-07,4.8381484749744476e-07,0.9999995161852695,-4.8381484749744476e-07,4.8381484749744476e-07,0
112,315,0.99999982646954055,-1.7353047447697745e-07,1.7353047447697745e-07,0.99999982646954055,-1.7353047447697745e-07,1.7353047447697745e-07,0
113,19461,0.99999720218277288,-2.7978211410623989e-06,2.7978211410623989e-06,0.99999720218277288,-2.7978211410623989e-06,2.7978211410623989e-06,0
114,13,0.9999690937047534,-3.0906772855940343e-05,3.0906772855940343e-05,0.9999690937047534,-3.0906772855940343e-05,3.0906772855940343e-05,0
115,1283,0.9980169658946636,-0.001985002920717174,0.001985002920717174,0.9980169658946636,-0.001985002920717174,0.001985002920717174,0
116,1243,0.54957416165595963,-0.59861155217776107,0.59861155217776107,0.54957416165595963,-0.59861155217776107,0.59861155217776107,0
117,8667,0.99520344863651566,-0.0048080917334152951,0.0048080917334152951,0.99520344863651566,-0.0048080917334152951,0.0048080917334152951,0
118,449,0.99999976288495351,-2.3711507455188381e-07,2.3711507455188381e-07,0.99999976288495351,-2.3711507455188381e-07,2.3711507455188381e-07,0
119,34538,0.99688640750371982,-0.0031184498104817474,0.0031184498104817474,0.99688640750371982,-0.0031184498104817474,0.0031184498104817474,0
120,304,0.96355614806290091,-0.03712451772143955,0.03712451772143955,0.96355614806290091,-0.03712451772143955,0.03712451772143955,0
121,220,0.99999959369006797,-4.06310014579072e-07,4.06310014579072e-07,0.99999959369006797,-4.06310014579072e-07,4.06310014579072e-07,0
122,1049,0.99999985629282606,-1.4370718426279352e-07,1.4370718426279352e-07,0.99999985629282606,-1.4370718426279352e-07,1.4370718426279352e-07,0
123,15,0.99999952038300499,-4.7961711003022018e-07,4.7961711003022018e-07,0.99999952038300499,-4.7961711003022018e-07,4.7961711003022018e-07,0
124,323,0.99975465839308852,-0.00024537170808695358,0.00024537170808695358,0.99975465839308852,-0.00024537170808695358,0.00024537170808695358,0
125,574,0.93921162639499678,-0.062714450944255207,0.062714450944255207,0.93921162639499678,-0.062714450944255207,0.062714450944255207,0
126,12893,0.9996043951490462,-0.00039568312319683622,0.00039568312319683622,0.9996043951490462,-0.00039568312319683622,0.00039568312319683622,0
127,311,0.9999999665470527,-3.345294785184448e-08,3.345294785184448e-08,0.9999999665470527,-3.345294785184448e-08,3.345294785184448e-08,0
128,1202,0.86937065511733924,-0.13998571402522683,0.13998571402522683,0.86937065511733924,-0.13998571402522683,0.13998571402522683,0
129,48006,0.99988154645856242,-0.000118460557612387,0.000118460557612387,0.99988154645856242,-0.000118460557612387,0.000118460557612387,0
130,20862,0.99999397618772012,-6.0238304231025627e-06,6.0238304231025627e-06,0.99999397618772012,-6.0238304231025627e-06,6.0238304231025627e-06,0
131,14689,0.60596669479031706,-0.50093025351501486,0.50093025351501486,0.60596669479031706,-0.50093025351501486,0.50093025351501486,0
132,13345,0.99999862564827124,-1.3743526731550268e-06,1.3743526731550268e-06,0.99999862564827124,-1.3743526731550268e-06,1.3743526731550268e-06,0
133,62668,0.99999960640897501,-3.9359110241326816e-07,3.9359110241326816e-07,0.99999960640897501,-3.9359110241326816e-07,3.9359110241326816e-07,0
134,320,0.89999360614636081,-0.10536761996488314,0.10536761996488314,0.89999360614636081,-0.10536761996488314,0.10536761996488314,0
135,40057,0.99998613017668692,-1.3869919499977637e-05,1.3869919499977637e-05,0.99998613017668692,-1.3869919499977637e-05,1.3869919499977637e-05,0
136,54,0.99999967365974818,-3.2634030504304006e-07,3.2634030504304006e-07,0.99999967365974818,-3.2634030504304006e-07,3.2634030504304006e-07,0
137,705,0.99963673319945578,-0.00036333279791196264,0.00036333279791196264,0.99963673319945578,-0.00036333279791196264,0.00036333279791196264,0
138,1405,0.99999869072451131,-1.3092763457740087e-06,1.3092763457740087e-06,0.99999869072451131,-1.3092763457740087e-06,1.3092763457740087e-06,0
139,568,0.99999991002052713,-8.997947692906705e-08,8.997947692906705e-08,0.99999991002052713,-8.997947692906705e-08,8.997947692906705e-08,0
140,574,0.71312878788133083,-0.33809324671458457,0.33809324671458457,0.71312878788133083,-0.33809324671458457,0.33809324671458457,0
141,264,0.9999994674521987,-5.3254794316015428e-07,5.3254794316015428e-07,0.9999994674521987,-5.3254794316015428e-07,5.3254794316015428e-07,0
142,2380,0.99996214911272996,-3.7851603632977168e-05,3.7851603632977168e-05,0.99996214911272996,-3.7851603632977168e-05,3.7851603632977168e-05,0
143,7394,0.99998622560578798,-1.3774489079867817e-05,1.3774489079867817e-05,0.99998622560578798,-1.3774489079867817e-05,1.3774489079867817e-05,0
144,75402,0.99997912921387699,-2.087100392086789e-05,2.087100392086789e-05,0.99997912921387699,-2.087100392086789e-05,2.087100392086789e-05,0
145,54,0.9999999389603984,-6.1039603507266749e-08,6.1039603507266749e-08,0.9999999389603984,-6.1039603507266749e-08,6.1039603507266749e-08,0
146,16642,0.9999994975091584,-5.0249096781902888e-07,5.0249096781902888e-07,0.9999994975091584,-5.0249096781902888e-07,5.0249096781902888e-07,0
147,12633,0.99999871815737262,-1.2818434489448176e-06,1.2818434489448176e-06,0.99999871815737262,-1.2818434489448176e-06,1.2818434489448176e-06,0
148,8068,0.99999661941226581,-3.38059344839322e-06,3.38059344839322e-06,0.99999661941226581,-3.38059344839322e-06,3.38059344839322e-06,0
149,33597,0.99999027015971564,-9.7298876195616166e-06,9.7298876195616166e-06,0.99999027015971564,-9.7298876195616166e-06,9.7298876195616166e-06,0
150,449,0.99938241550733109,-0.0006177752765258712,0.0006177752765258712,0.99938241550733109,-0.0006177752765258712,0.0006177752765258712,0
151,37940,0.99999966015659147,-3.3984346624195028e-07,3.3984346624195028e-07,0.99999966015659147,-3.3984346624195028e-07,3.3984346624195028e-07,0
152,783,0.99999997694444487,-2.3055555421044615e-08,2.3055555421044615e-08,0.99999997694444487,-2.3055555421044615e-08,2.3055555421044615e-08,0
153,30411,0.99999995650368467,-4.3496316268710392e-08,4.3496316268710392e-08,0.99999995650368467,-4.3496316268710392e-08,4.3496316268710392e-08,0
154,382,0.89545755146377104,-0.11042046065539018,0.11042046065539018,0.89545755146377104,-0.11042046065539018,0.11042046065539018,0
155,24641,0.86246924140305281,-0.14795579285391955,0.14795579285391955,0.86246924140305281,-0.14795579285391955,0.14795579285391955,0
156,52757,0.99999481851280858,-5.1815006153898813e-06,5.1815006153898813e-06,0.99999481851280858,-5.1815006153898813e-06,5.1815006153898813e-06,0
157,1903,0.57269237076560009,-0.55740658119087594,0.55740658119087594,0.57269237076560009,-0.55740658119087594,0.55740658119087594,0
158,813,0.99999088944897374,-9.1105925276227371e-06,9.1105925276227371e-06,0.99999088944897374,-9.1105925276227371e-06,9.1105925276227371e-06,0
159,1925,0.79557778591210848,-0.22868665356845752,0.22868665356845752,0.79557778591210848,-0.22868665356845752,0.22868665356845752,0
160,22162,0.99998744635932624,-1.2553719471321782e-05,1.2553719471321782e-05,0.99998744635932624,-1.2553719471321782e-05,1.2553719471321782e-05,0
161,17755,0.99997964168820497,-2.0358519028325216e-05,2.0358519028325216e-05,0.99997964168820497,-2.0358519028325216e-05,2.0358519028325216e-05,0
162,304,0.99924438606201038,-0.00075589955808930706,0.00075589955808930706,0.99924438606201038,-0.00075589955808930706,0.00075589955808930706,0
163,220,0.90012629303677749,-0.10522019990612236,0.10522019990612236,0.90012629303677749,-0.10522019990612236,0.10522019990612236,0
164,1049,0.99999902830685916,-9.7169361287804946e-07,9.7169361287804946e-07,0.99999902830685916,-9.7169361287804946e-07,9.7169361287804946e-07,0
165,17,0.99999720866104025,-2.7913428554952377e-06,2.7913428554952377e-06,0.99999720866104025,-2.7913428554952377e-06,2.7913428554952377e-06,0
166,323,0.99995265804899747,-4.7343071668055595e-05,4.7343071668055595e-05,0.99995265804899747,-4.7343071668055595e-05,4.7343071668055595e-05,0
167,2834,0.83562754832346353,-0.17957228152882798,0.17957228152882798,0.83562754832346353,-0.17957228152882798,0.17957228152882798,0
168,279,0.95406103610487902,-0.047027630434853279,0.047027630434853279,0.95406103610487902,-0.047027630434853279,0.047027630434853279,0
169,34538,0.99998227664337858,-1.7723513681977461e-05,1.7723513681977461e-05,0.99998227664337858,-1.7723513681977461e-05,1.7723513681977461e-05,0
170,19134,0.98440206216109505,-0.015720865626821935,0.015720865626821935,0.98440206216109505,-0.015720865626821935,0.015720865626821935,0
171,389,0.97423527329956428,-0.026102450813347441,0.026102450813347441,0.97423527329956428,-0.026102450813347441,0.026102450813347441,0
172,2380,0.99996664827286097,-3.3352283320193561e-05,3.3352283320193561e-05,0.99996664827286097,-3.3352283320193561e-05,3.3352283320193561e-05,0
173,8821,0.99990332170453011,-9.6682969117474238e-05,9.6682969117474238e-05,0.99990332170453011,-9.6682969117474238e-05,9.6682969117474238e-05,0
174,25975,0.9999987820199745,-1.2179807672441257e-06,1.2179807672441257e-06,0.9999987820199745,-1.2179807672441257e-06,1.2179807672441257e-06,0
175,11,0.9847428486327543,-0.01537473927198277,0.01537473927198277,0.9847428486327543,-0.01537473927198277,0.01537473927198277,0
176,2737,0.35019444995897264,-1.0492667074599313,1.0492667074599313,0.35019444995897264,-1.0492667074599313,1.0492667074599313,0
177,264,0.67055160630840116,-0.39965461231929389,0.39965461231929389,0.67055160630840116,-0.39965461231929389,0.39965461231929389,0
178,12845,0.98007824050604875,-0.020122873253273017,0.020122873253273017,0.98007824050604875,-0.020122873253273017,0.020122873253273017,0
179,927,0.99999938543531419,-6.1456487466084734e-07,6.1456487466084734e-07,0.99999938543531419,-6.1456487466084734e-07,6.1456487466084734e-07,0
180,578,0.9847952744180154,-0.015321502642886951,0.015321502642886951,0.9847952744180154,-0.015321502642886951,0.015321502642886951,0
181,9305,0.99999127325981929,-8.7267782589053534e-06,8.7267782589053534e-06,0.99999127325981929,-8.7267782589053534e-06,8.7267782589053534e-06,0
182,13,0.61201876830611845,-0.49099232977317875,0.49099232977317875,0.61201876830611845,-0.49099232977317875,0.49099232977317875,0
183,1283,0.99999222560091938,-7.7744293014267411e-06,7.7744293014267411e-06,0.99999222560091938,-7.7744293014267411e-06,7.7744293014267411e-06,0
184,1101,0.53358729183148124,-0.6281326005723451,0.6281326005723451,0.53358729183148124,-0.6281326005723451,0.6281326005723451,0
185,2834,0.99976193384661782,-0.0002380944956272327,0.0002380944956272327,0.99976193384661782,-0.0002380944956272327,0.0002380944956272327,0
186,279,0.99975028226308604,-0.00024974892157965265,0.00024974892157965265,0.99975028226308604,-0.00024974892157965265,0.00024974892157965265,0
187,220,0.89678340201187234,-0.10894091541076975,0.10894091541076975,0.89678340201187234,-0.10894091541076975,0.10894091541076975,0
188,1049,0.99999947251826327,-5.2748187583730428e-07,5.2748187583730428e-07,0.99999947251826327,-5.2748187583730428e-07,5.2748187583730428e-07,0
189,17,0.99990414929913873,-9.5855294833203027e-05,9.5855294833203027e-05,0.99990414929913873,-9.5855294833203027e-05,9.5855294833203027e-05,0
190,6342,0.99999090820551673,-9.091835813842338e-06,9.091835813842338e-06,0.99999090820551673,-9.091835813842338e-06,9.091835813842338e-06,0
191,315,0.99999994894432864,-5.1055672607497223e-08,5.1055672607497223e-08,0.99999994894432864,-5.1055672607497223e-08,5.1055672607497223e-08,0
192,279,0.99999977439906917,-2.2560095622578162e-07,2.2560095622578162e-07,0.99999977439906917,-2.2560095622578162e-07,2.2560095622578162e-07,0
193,22249,0.99999185288933468,-8.1471438531623026e-06,8.1471438531623026e-06,0.99999185288933468,-8.1471438531623026e-06,8.1471438531623026e-06,0
194,323,0.99999748373464681,-2.516268518987451e-06,2.516268518987451e-06,0.99999748373464681,-2.516268518987451e-06,2.516268518987451e-06,0
195,279,0.99908767162343404,-0.00091274480139597763,0.00091274480139597763,0.99908767162343404,-0.00091274480139597763,0.00091274480139597763,0
196,220,0.99999743315951028,-2.5668437840982428e-06,2.5668437840982428e-06,0.99999743315951028,-2.5668437840982428e-06,2.5668437840982428e-06,0
197,1049,0.99999698629327127,-3.0137112698963766e-06,3.0137112698963766e-06,0.99999698629327127,-3.0137112698963766e-06,3.0137112698963766e-06,0
198,18,0.99999482914416749,-5.170869201381731e-06,5.170869201381731e-06,0.99999482914416749,-5.170869201381731e-06,5.170869201381731e-06,0
199,16591,0.99999849767117721,-1.5023299512630701e-06,1.5023299512630701e-06,0.99999849767117721,-1.5023299512630701e-06,1.5023299512630701e-06,0
200,432,0.99999872586019889,-1.2741406128723187e-06,1.2741406128723187e-06,0.99999872586019889,-1.2741406128723187e-06,1.2741406128723187e-06,0
201,23568,0.9999995403404881,-4.5965961752969096e-07,4.5965961752969096e-07,0.9999995403404881,-4.5965961752969096e-07,4.5965961752969096e-07,0
202,11,0.52010822274353874,-0.65371836840011288,0.65371836840011288,0.52010822274353874,-0.65371836840011288,0.65371836840011288,0
203,3339,0.98859094957812255,-0.011474632937626301,0.011474632937626301,0.98859094957812255,-0.011474632937626301,0.011474632937626301,0
204,1461,0.99999846257506664,-1.5374261151868587e-06,1.5374261151868587e-06,0.99999846257506664,-1.5374261151868587e-06,1.5374261151868587e-06,0
205,279,0.99998736323268622,-1.2636847158416949e-05,1.2636847158416949e-05,0.99998736323268622,-1.2636847158416949e-05,1.2636847158416949e-05,0
206,39637,0.99999946827994679,-5.3172019462015783e-07,5.3172019462015783e-07,0.99999946827994679,-5.3172019462015783e-07,5.3172019462015783e-07,0
207,6342,0.99444721374211031,-0.0055682602847302439,0.0055682602847302439,0.99444721374211031,-0.0055682602847302439,0.0055682602847302439,0
208,315,0.99999967475211149,-3.2524794142187474e-07,3.2524794142187474e-07,0.99999967475211149,-3.2524794142187474e-07,3.2524794142187474e-07,0
209,279,0.99999968270261663,-3.1729743372600186e-07,3.1729743372600186e-07,0.99999968270261663,-3.1729743372600186e-07,3.1729743372600186e-07,0
210,22249,0.99999433918511715,-5.6608309053461009e-06,5.6608309053461009e-06,0.99999433918511715,-5.6608309053461009e-06,5.6608309053461009e-06,0
211,323,0.99999680676628655,-3.1932388117897939e-06,3.1932388117897939e-06,0.99999680676628655,-3.1932388117897939e-06,3.1932388117897939e-06,0
212,16591,0.99999829709180221,-1.7029096477381507e-06,1.7029096477381507e-06,0.99999829709180221,-1.7029096477381507e-06,1.7029096477381507e-06,0
213,432,0.99999944314529976,-5.568548552815142e-07,5.568548552815142e-07,0.99999944314529976,-5.568548552815142e-07,5.568548552815142e-07,0
214,23568,0.99999945147436775,-5.4852578267919787e-07,5.4852578267919787e-07,0.99999945147436775,-5.4852578267919787e-07,5.4852578267919787e-07,0
215,13946,0.99998681786955379,-1.3182217331287763e-05,1.3182217331287763e-05,0.99998681786955379,-1.3182217331287763e-05,1.3182217331287763e-05,0
216,382,0.63503177064479843,-0.45408024882953624,0.45408024882953624,0.63503177064479843,-0.45408024882953624,0.45408024882953624,0
217,6153,0.68734519001483452,-0.37491865295805982,0.37491865295805982,0.68734519001483452,-0.37491865295805982,0.37491865295805982,0
218,9564,0.9884904537107706,-0.011576293766837829,0.011576293766837829,0.9884904537107706,-0.011576293766837829,0.011576293766837829,0
219,34538,0.89826718831445906,-0.10728771783681501,0.10728771783681501,0.89826718831445906,-0.10728771783681501,0.10728771783681501,0
220,11,0.78822036605684231,-0.23797757586329074,0.23797757586329074,0.78822036605684231,-0.23797757586329074,0.23797757586329074,0
221,11876,0.99998649587245936,-1.3504218722171891e-05,1.3504218722171891e-05,0.99998649587245936,-1.3504218722171891e-05,1.3504218722171891e-05,0
222,52757,0.99999082593820243,-9.1741038795791996e-06,9.1741038795791996e-06,0.99999082593820243,-9.1741038795791996e-06,9.1741038795791996e-06,0
223,46531,0.99990944266616633,-9.0561434396541445e-05,9.0561434396541445e-05,0.99990944266616633,-9.0561434396541445e-05,9.0561434396541445e-05,0
224,264,0.99999949472660465,-5.0527352304650311e-07,5.0527352304650311e-07,0.99999949472660465,-5.0527352304650311e-07,5.0527352304650311e-07,0
225,7076,0.9999992268936313,-7.7310666759813274e-07,7.7310666759813274e-07,0.9999992268936313,-7.7310666759813274e-07,7.7310666759813274e-07,0
226,304,0.99999974536642644,-2.5463360597770011e-07,2.5463360597770011e-07,0.99999974536642644,-2.5463360597770011e-07,2.5463360597770011e-07,0
227,279,0.99862013615947287,-0.0013808167293083765,0.0013808167293083765,0.99862013615947287,-0.0013808167293083765,0.0013808167293083765,0
228,5165,0.99808914450139996,-0.001912683512052545,0.001912683512052545,0.99808914450139996,-0.001912683512052545,0.001912683512052545,0
229,21424,0.99999869197865621,-1.3080221992965574e-06,1.3080221992965574e-06,0.99999869197865621,-1.3080221992965574e-06,1.3080221992965574e-06,0
230,9130,0.99999666749930571,-3.3325062470421706e-06,3.3325062470421706e-06,0.99999666749930571,-3.3325062470421706e-06,3.3325062470421706e-06,0
231,320,0.99999970064537036,-2.9935467442875236e-07,2.9935467442875236e-07,0.99999970064537036,-2.9935467442875236e-07,2.9935467442875236e-07,0
232,88201,0.99998956354868818,-1.0436505771958257e-05,1.0436505771958257e-05,0.99998956354868818,-1.0436505771958257e-05,1.0436505771958257e-05,0
233,8,0.9718369519924539,-0.028567233456171737,0.028567233456171737,0.9718369519924539,-0.028567233456171737,0.028567233456171737,0
234,719,0.61131645165426374,-0.49214052973922978,0.49214052973922978,0.61131645165426374,-0.49214052973922978,0.49214052973922978,0
235,574,0.99999754088719472,-2.4591158289213162e-06,2.4591158289213162e-06,0.99999754088719472,-2.4591158289213162e-06,2.4591158289213162e-06,0
236,4018,0.99990964216881617,-9.0361913698587044e-05,9.0361913698587044e-05,0.99990964216881617,-9.0361913698587044e-05,9.0361913698587044e-05,0
237,4972,0.99524014897007484,-0.0047712151963383593,0.0047712151963383593,0.99524014897007484,-0.0047712151963383593,0.0047712151963383593,0
238,311,0.99999993312322033,-6.6876781874295732e-08,6.6876781874295732e-08,0.99999993312322033,-6.6876781874295732e-08,6.6876781874295732e-08,0
239,279,0.99999979132393757,-2.086760841776893e-07,2.086760841776893e-07,0.99999979132393757,-2.086760841776893e-07,2.086760841776893e-07,0
240,1212,0.9992989387285407,-0.00070130712982700643,0.00070130712982700643,0.9992989387285407,-0.00070130712982700643,0.00070130712982700643,0
241,315,0.9999993434073452,-6.5659287034434532e-07,6.5659287034434532e-07,0.9999993434073452,-6.5659287034434532e-07,6.5659287034434532e-07,0
242,279,0.99999942350512439,-5.7649504184231637e-07,5.7649504184231637e-07,0.99999942350512439,-5.7649504184231637e-07,5.7649504184231637e-07,0
243,220,0.99999954067549779,-4.5932460766390013e-07,4.5932460766390013e-07,0.99999954067549779,-4.5932460766390013e-07,4.5932460766390013e-07,0
244,1049,0.99999988026557174,-1.1973443541478494e-07,1.1973443541478494e-07,0.99999988026557174,-1.1973443541478494e-07,1.1973443541478494e-07,0
245,19,0.99999912610459785,-8.7389578402904388e-07,8.7389578402904388e-07,0.99999912610459785,-8.7389578402904388e-07,8.7389578402904388e-07,0
246,12,0.99566877713392321,-0.004340629783966393,0.004340629783966393,0.99566877713392321,-0.004340629783966393,0.004340629783966393,0
247,2304,0.99998404664156015,-1.595348569606011e-05,1.595348569606011e-05,0.99998404664156015,-1.595348569606011e-05,1.595348569606011e-05,0
248,3280,0.99999843973106128,-1.5602701559911272e-06,1.5602701559911272e-06,0.99999843973106128,-1.5602701559911272e-06,1.5602701559911272e-06,0
249,13,0.99998828821776142,-1.1711850822084044e-05,1.1711850822084044e-05,0.99998828821776142,-1.1711850822084044e-05,1.1711850822084044e-05,0
250,1283,0.93998078908218452,-0.061895841073541,0.061895841073541,0.93998078908218452,-0.061895841073541,0.061895841073541,0
251,1243,0.98690230340527307,-0.013184227826482762,0.013184227826482762,0.98690230340527307,-0.013184227826482762,0.013184227826482762,0
252,6052,0.82810637463289094,-0.18861366106981584,0.18861366106981584,0.82810637463289094,-0.18861366106981584,0.18861366106981584,0
253,311,0.99999994693315786,-5.3066843510303047e-08,5.3066843510303047e-08,0.99999994693315786,-5.3066843510303047e-08,5.3066843510303047e-08,0
254,6721,0.99998753670957563,-1.2463368091796792e-05,1.2463368091796792e-05,0.99998753670957563,-1.2463368091796792e-05,1.2463368091796792e-05,0
255,36540,0.99999477193085951,-5.2280828068488495e-06,5.2280828068488495e-06,0.99999477193085951,-5.2280828068488495e-06,5.2280828068488495e-06,0
256,323,0.99365293370925356,-0.0063672945548442408,0.0063672945548442408,0.99365293370925356,-0.0063672945548442408,0.0063672945548442408,0
257,8667,0.9999458022771428,-5.4199191606898852e-05,5.4199191606898852e-05,0.9999458022771428,-5.4199191606898852e-05,5.4199191606898852e-05,0
258,449,0.99999971126592924,-2.8873411245762565e-07,2.8873411245762565e-07,0.99999971126592924,-2.8873411245762565e-07,2.8873411245762565e-07,0
259,1561,0.99999565946491809,-4.3405445021115755e-06,4.3405445021115755e-06,0.99999565946491809,-4.3405445021115755e-06,4.3405445021115755e-06,0
260,6457,0.99999573792665741,-4.2620824252587833e-06,4.2620824252587833e-06,0.99999573792665741,-4.2620824252587833e-06,4.2620824252587833e-06,0
261,1322,0.99999978395326927,-2.1604675401899123e-07,2.1604675401899123e-07,0.99999978395326927,-2.1604675401899123e-07,2.1604675401899123e-07,0
262,62668,0.99633224265615339,-0.0036745000579551696,0.0036745000579551696,0.99633224265615339,-0.0036745000579551696,0.0036745000579551696,0
263,320,0.99999954894300391,-4.5105709786455273e-07,4.5105709786455273e-07,0.99999954894300391,-4.5105709786455273e-07,4.5105709786455273e-07,0
264,45,0.9996410134253122,-0.00035905102579344305,0.00035905102579344305,0.9996410134253122,-0.00035905102579344305,0.00035905102579344305,0
265,28287,0.99996686615253672,-3.3134396401334044e-05,3.3134396401334044e-05,0.99996686615253672,-3.3134396401334044e-05,3.3134396401334044e-05,0
266,54,0.99999992486483669,-7.5135166152746521e-08,7.5135166152746521e-08,0.99999992486483669,-7.5135166152746521e-08,7.5135166152746521e-08,0
267,705,0.96679089735093493,-0.033773045431995191,0.033773045431995191,0.96679089735093493,-0.033773045431995191,0.033773045431995191,0
268,1405,0.99982860268471851,-0.00017141200547989252,0.00017141200547989252,0.99982860268471851,-0.00017141200547989252,0.00017141200547989252,0
269,568,0.9999998560238671,-1.4397614330133801e-07,1.4397614330133801e-07,0.9999998560238671,-1.4397614330133801e-07,1.4397614330133801e-07,0
270,2834,0.99999773729641561,-2.2627061442600702e-06,2.2627061442600702e-06,0.99999773729641561,-2.2627061442600702e-06,2.2627061442600702e-06,0
271,279,0.99999282949365498,-7.1705320532335375e-06,7.1705320532335375e-06,0.99999282949365498,-7.1705320532335375e-06,7.1705320532335375e-06,0
272,75636,0.9999757739732561,-2.4226320198863963e-05,2.4226320198863963e-05,0.9999757739732561,-2.4226320198863963e-05,2.4226320198863963e-05,0
273,25434,0.9999986492314088,-1.3507695034527385e-06,1.3507695034527385e-06,0.9999986492314088,-1.3507695034527385e-06,1.3507695034527385e-06,0
274,29201,0.9999955518421022,-4.4481677908558627e-06,4.4481677908558627e-06,0.9999955518421022,-4.4481677908558627e-06,4.4481677908558627e-06,0
275,4870,0.99999993845459167,-6.1545410206098169e-08,6.1545410206098169e-08,0.99999993845459167,-6.1545410206098169e-08,6.1545410206098169e-08,0
276,19134,0.99999906228099866,-9.3771944097472374e-07,9.3771944097472374e-07,0.99999906228099866,-9.3771944097472374e-07,9.3771944097472374e-07,0
277,304,0.99974045451478255,-0.00025957917297599704,0.00025957917297599704,0.99974045451478255,-0.00025957917297599704,0.00025957917297599704,0
278,813,0.99999834491941197,-1.655081957629918e-06,1.655081957629918e-06,0.99999834491941197,-1.655081957629918e-06,1.655081957629918e-06,0
279,1176,0.99998061184810139,-1.9388339851287437e-05,1.9388339851287437e-05,0.99998061184810139,-1.9388339851287437e-05,1.9388339851287437e-05,0
280,2489,0.99999858810465192,-1.4118963447594996e-06,1.4118963447594996e-06,0.99999858810465192,-1.4118963447594996e-06,1.4118963447594996e-06,0
281,382,0.99747895272214671,-0.0025242304686503604,0.0025242304686503604,0.99747895272214671,-0.0025242304686503604,0.0025242304686503604,0
282,644,0.69351297714657945,-0.36598532686219915,0.36598532686219915,0.69351297714657945,-0.36598532686219915,0.36598532686219915,0
283,220,0.99999887493308115,-1.1250675517265946e-06,1.1250675517265946e-06,0.99999887493308115,-1.1250675517265946e-06,1.1250675517265946e-06,0
284,1049,0.99999552808570347,-4.4719242955791817e-06,4.4719242955791817e-06,0.99999552808570347,-4.4719242955791817e-06,4.4719242955791817e-06,0
285,21,0.99990808936819664,-9.1914855844267175e-05,9.1914855844267175e-05,0.99990808936819664,-9.1914855844267175e-05,9.1914855844267175e-05,0
286,11,0.99999986650751527,-1.3349249369740066e-07,1.3349249369740066e-07,0.99999986650751527,-1.3349249369740066e-07,1.3349249369740066e-07,0
287,11876,0.99998921349320347,-1.0786564971262615e-05,1.0786564971262615e-05,0.99998921349320347,-1.0786564971262615e-05,1.0786564971262615e-05,0
288,52757,0.99999717897274543,-2.821031233650982e-06,2.821031233650982e-06,0.99999717897274543,-2.821031233650982e-06,2.821031233650982e-06,0
289,46531,0.96705050394123326,-0.033504557445664621,0.033504557445664621,0.96705050394123326,-0.033504557445664621,0.033504557445664621,0
290,264,0.99999916065078032,-8.3934957197700823e-07,8.3934957197700823e-07,0.99999916065078032,-8.3934957197700823e-07,8.3934957197700823e-07,0
291,7076,0.99999933252729856,-6.674729242156926e-07,6.674729242156926e-07,0.99999933252729856,-6.674729242156926e-07,6.674729242156926e-07,0
292,304,0.99999995451112433,-4.5488876741048934e-08,4.5488876741048934e-08,0.99999995451112433,-4.5488876741048934e-08,4.5488876741048934e-08,0
293,9709,0.99999819560868075,-1.8043929471710303e-06,1.8043929471710303e-06,0.99999819560868075,-1.8043929471710303e-06,1.8043929471710303e-06,0
294,37959,0.99999887439801549,-1.1256026180041575e-06,1.1256026180041575e-06,0.99999887439801549,-1.1256026180041575e-06,1.1256026180041575e-06,0
295,19071,0.99999821594968852,-1.7840519028477019e-06,1.7840519028477019e-06,0.99999821594968852,-1.7840519028477019e-06,1.7840519028477019e-06,0
296,323,0.92337938741224623,-0.079715091648927205,0.079715091648927205,0.92337938741224623,-0.079715091648927205,0.079715091648927205,0
297,8667,0.99961843458116673,-0.00038163823344063109,0.00038163823344063109,0.99961843458116673,-0.00038163823344063109,0.00038163823344063109,0
298,449,0.99999954845601779,-4.5154408409594027e-07,4.5154408409594027e-07,0.99999954845601779,-4.5154408409594027e-07,4.5154408409594027e-07,0
299,16905,0.89954381864689725,-0.10586751232903537,0.10586751232903537,0.89954381864689725,-0.10586751232903537,0.10586751232903537,0
300,596,0.99995323945073367,-4.6761642574876861e-05,4.6761642574876861e-05,0.99995323945073367,-4.6761642574876861e-05,4.6761642574876861e-05,0
301,11,0.93717302006532766,-0.064887360571956085,0.064887360571956085,0.93717302006532766,-0.064887360571956085,0.064887360571956085,0
302,11230,0.73483232092542405,-0.3081129405913427,0.3081129405913427,0.73483232092542405,-0.3081129405913427,0.3081129405913427,0
303,813,0.99999952715108953,-4.7284902227685817e-07,4.7284902227685817e-07,0.99999952715108953,-4.7284902227685817e-07,4.7284902227685817e-07,0
304,1176,0.99998546074161765,-1.4539364078410219e-05,1.4539364078410219e-05,0.99998546074161765,-1.4539364078410219e-05,1.4539364078410219e-05,0
305,4465,0.9999968733481428,-3.1266567451608174e-06,3.1266567451608174e-06,0.9999968733481428,-3.1266567451608174e-06,3.1266567451608174e-06,0
306,2403,0.71332339485184415,-0.33782039218209281,0.33782039218209281,0.71332339485184415,-0.33782039218209281,0.33782039218209281,0
307,3468,0.99989292985816858,-0.00010707587424825162,0.00010707587424825162,0.99989292985816858,-0.00010707587424825162,0.00010707587424825162,0
308,6354,0.53645011066439074,-0.62278171160917906,0.62278171160917906,0.53645011066439074,-0.62278171160917906,0.62278171160917906,0
309,2689,0.99999348887108519,-6.511150112313635e-06,6.511150112313635e-06,0.99999348887108519,-6.511150112313635e-06,6.511150112313635e-06,0
310,13818,0.99987166289836649,-0.00012834533754398222,0.00012834533754398222,0.99987166289836649,-0.00012834533754398222,0.00012834533754398222,0
311,304,0.98583935160387881,-0.014261867061770276,0.014261867061770276,0.98583935160387881,-0.014261867061770276,0.014261867061770276,0
312,5651,0.99881659266952294,-0.0011841081098582034,0.0011841081098582034,0.99881659266952294,-0.0011841081098582034,0.0011841081098582034,0
313,220,0.99999991984316972,-8.0156833511129165e-08,8.0156833511129165e-08,0.99999991984316972,-8.0156833511129165e-08,8.0156833511129165e-08,0
314,1049,0.99999995313690304,-4.6863098080931443e-08,4.6863098080931443e-08,0.99999995313690304,-4.6863098080931443e-08,4.6863098080931443e-08,0
315,22,0.99999981409577476,-1.8590424248386336e-07,1.8590424248386336e-07,0.99999981409577476,-1.8590424248386336e-07,1.8590424248386336e-07,0
316,13,0.99999904819731955,-9.51803133426163e-07,9.51803133426163e-07,0.99999904819731955,-9.51803133426163e-07,9.51803133426163e-07,0
317,1283,0.9999948109872856,-5.1890261773989917e-06,5.1890261773989917e-06,0.9999948109872856,-5.1890261773989917e-06,5.1890261773989917e-06,0
318,1243,0.9999477429028133,-5.2258462636371466e-05,5.2258462636371466e-05,0.9999477429028133,-5.2258462636371466e-05,5.2258462636371466e-05,0
319,8667,0.9999722534408505,-2.7746944092413206e-05,2.7746944092413206e-05,0.9999722534408505,-2.7746944092413206e-05,2.7746944092413206e-05,0
320,449,0.99999975946079622,-2.4053923269047948e-07,2.4053923269047948e-07,0.99999975946079622,-2.4053923269047948e-07,2.4053923269047948e-07,0
321,279,0.99998052877179,-1.9471417776769953e-05,1.9471417776769953e-05,0.99998052877179,-1.9471417776769953e-05,1.9471417776769953e-05,0
322,29950,0.98932192451250356,-0.010735495256451991,0.010735495256451991,0.98932192451250356,-0.010735495256451991,0.010735495256451991,0
323,50417,0.99999615088652805,-3.8491208797832092e-06,3.8491208797832092e-06,0.99999615088652805,-3.8491208797832092e-06,3.8491208797832092e-06,0
324,19134,0.99998901470741697,-1.098535292184504e-05,1.098535292184504e-05,0.99998901470741697,-1.098535292184504e-05,1.098535292184504e-05,0
325,320,0.99999985659779289,-1.4340221736598329e-07,1.4340221736598329e-07,0.99999985659779289,-1.4340221736598329e-07,1.4340221736598329e-07,0
326,52,0.99998111924475885,-1.8880933484815456e-05,1.8880933484815456e-05,0.99998111924475885,-1.8880933484815456e-05,1.8880933484815456e-05,0
327,6897,0.99999664386791309,-3.3561377187270623e-06,3.3561377187270623e-06,0.99999664386791309,-3.3561377187270623e-06,3.3561377187270623e-06,0
328,8,0.99998785431343051,-1.2145760328882391e-05,1.2145760328882391e-05,0.99998785431343051,-1.2145760328882391e-05,1.2145760328882391e-05,0
329,323,0.42608777374967194,-0.85310991227053878,0.85310991227053878,0.42608777374967194,-0.85310991227053878,0.85310991227053878,0
330,2834,0.72137989562755545,-0.32658937945169153,0.32658937945169153,0.72137989562755545,-0.32658937945169153,0.32658937945169153,0
331,279,0.71541000563935997,-0.33489946617819982,0.33489946617819982,0.71541000563935997,-0.33489946617819982,0.33489946617819982,0
332,28395,0.99969705637382922,-0.00030298952286077815,0.00030298952286077815,0.99969705637382922,-0.00030298952286077815,0.00030298952286077815,0
333,29201,0.99998777833479968,-1.2221739885511067e-05,1.2221739885511067e-05,0.99998777833479968,-1.2221739885511067e-05,1.2221739885511067e-05,0
334,4870,0.99999989898934727,-1.0101065784352352e-07,1.0101065784352352e-07,0.99999989898934727,-1.0101065784352352e-07,1.0101065784352352e-07,0
335,19134,0.99994863271224943,-5.1368607094867941e-05,5.1368607094867941e-05,0.99994863271224943,-5.1368607094867941e-05,5.1368607094867941e-05,0
336,304,0.99651623847958559,-0.0034898439481739186,0.0034898439481739186,0.99651623847958559,-0.0034898439481739186,0.0034898439481739186,0
337,6841,0.88431626744757108,-0.12294051172257114,0.12294051172257114,0.88431626744757108,-0.12294051172257114,0.12294051172257114,0
338,220,0.99999977011877572,-2.2988125070239124e-07,2.2988125070239124e-07,0.99999977011877572,-2.2988125070239124e-07,2.2988125070239124e-07,0
339,1049,0.99999967857944372,-3.2142060798796955e-07,3.2142060798796955e-07,0.99999967857944372,-3.2142060798796955e-07,3.2142060798796955e-07,0
340,23,0.99999771247429436,-2.2875283220546706e-06,2.2875283220546706e-06,0.99999771247429436,-2.2875283220546706e-06,2.2875283220546706e-06,0
341,13,0.78033795230635328,-0.24802818094615836,0.24802818094615836,0.78033795230635328,-0.24802818094615836,0.24802818094615836,0
342,11876,0.98993155605027905,-0.010119473546205066,0.010119473546205066,0.98993155605027905,-0.010119473546205066,0.010119473546205066,0
343,52757,0.99997790951202747,-2.2090731970927508e-05,2.2090731970927508e-05,0.99997790951202747,-2.2090731970927508e-05,2.2090731970927508e-05,0
344,7946,0.33897530243191693,-1.0818280284388175,1.0818280284388175,0.33897530243191693,-1.0818280284388175,1.0818280284388175,0
345,35844,0.99956048201573011,-0.00043961460060994086,0.00043961460060994086,0.99956048201573011,-0.00043961460060994086,0.00043961460060994086,0
346,813,0.997838372408549,-0.0021639672806722582,0.0021639672806722582,0.997838372408549,-0.0021639672806722582,0.0021639672806722582,0
347,2316,0.99994232587755694,-5.7675785659261335e-05,5.7675785659261335e-05,0.99994232587755694,-5.7675785659261335e-05,5.7675785659261335e-05,0
348,2403,0.42024477008392985,-0.86691795154436502,0.86691795154436502,0.42024477008392985,-0.86691795154436502,0.86691795154436502,0
349,9454,0.77619806369061184,-0.25334755465156106,0.25334755465156106,0.77619806369061184,-0.25334755465156106,0.25334755465156106,0
350,14603,0.99999004879323827,-9.9512562752648289e-06,9.9512562752648289e-06,0.99999004879323827,-9.9512562752648289e-06,9.9512562752648289e-06,0
351,719,0.93455136997111266,-0.067688683055757815,0.067688683055757815,0.93455136997111266,-0.067688683055757815,0.067688683055757815,0
352,574,0.9998467690933156,-0.00015324264773924442,0.00015324264773924442,0.9998467690933156,-0.00015324264773924442,0.00015324264773924442,0
353,99048,0.94620597154140806,-0.055295004727633469,0.055295004727633469,0.94620597154140806,-0.055295004727633469,0.055295004727633469,0
354,4245,0.99992405917021721,-7.5943713433618526e-05,7.5943713433618526e-05,0.99992405917021721,-7.5943713433618526e-05,7.5943713433618526e-05,0
355,311,0.99999995439605971,-4.5603941360303325e-08,4.5603941360303325e-08,0.99999995439605971,-4.5603941360303325e-08,4.5603941360303325e-08,0
356,37098,0.99984923592729869,-0.00015077543874652261,0.00015077543874652261,0.99984923592729869,-0.00015077543874652261,0.00015077543874652261,0
357,292,0.99999986672440921,-1.3327559966806167e-07,1.3327559966806167e-07,0.99999986672440921,-1.3327559966806167e-07,1.3327559966806167e-07,0
358,360,0.99999997297333787,-2.7026662542438512e-08,2.7026662542438512e-08,0.99999997297333787,-2.7026662542438512e-08,2.7026662542438512e-08,0
359,20000,0.99999967648649879,-3.2351355357380891e-07,3.2351355357380891e-07,0.99999967648649879,-3.2351355357380891e-07,3.2351355357380891e-07,0
360,13,0.63679534278963945,-0.45130695793718795,0.45130695793718795,0.63679534278963945,-0.45130695793718795,0.45130695793718795,0
361,1283,0.99997618539015953,-2.3814893412747008e-05,2.3814893412747008e-05,0.99997618539015953,-2.3814893412747008e-05,2.3814893412747008e-05,0
362,6052,0.99893758583019621,-0.0010629789317807214,0.0010629789317807214,0.99893758583019621,-0.0010629789317807214,0.0010629789317807214,0
363,520,0.77978102275303551,-0.24874213877357823,0.24874213877357823,0.77978102275303551,-0.24874213877357823,0.24874213877357823,0
364,28395,0.999999541017077,-4.5898302838933104e-07,4.5898302838933104e-07,0.999999541017077,-4.5898302838933104e-07,4.5898302838933104e-07,0
365,220,0.99999985186231055,-1.4813770045857265e-07,1.4813770045857265e-07,0.99999985186231055,-1.4813770045857265e-07,1.4813770045857265e-07,0
366,8027,0.99999998249250555,-1.7507494633982712e-08,1.7507494633982712e-08,0.99999998249250555,-1.7507494633982712e-08,1.7507494633982712e-08,0
367,323,0.89777570374882365,-0.10783501498664962,0.10783501498664962,0.89777570374882365,-0.10783501498664962,0.10783501498664962,0
368,24164,0.99611236309295281,-0.0038952134102448869,0.0038952134102448869,0.99611236309295281,-0.0038952134102448869,0.0038952134102448869,0
369,51075,0.61234169698036511,-0.49046482387783058,0.49046482387783058,0.61234169698036511,-0.49046482387783058,0.49046482387783058,0
370,3341,0.99999878861649227,-1.2113842414931452e-06,1.2113842414931452e-06,0.99999878861649227,-1.2113842414931452e-06,1.2113842414931452e-06,0
371,7678,0.99999420451048604,-5.7955063078911337e-06,5.7955063078911337e-06,0.99999420451048604,-5.7955063078911337e-06,5.7955063078911337e-06,0
372,311,0.77990235515955408,-0.2485865528277619,0.2485865528277619,0.77990235515955408,-0.2485865528277619,0.2485865528277619,0
373,86440,0.98696597903790872,-0.013119709202596738,0.013119709202596738,0.98696597903790872,-0.013119709202596738,0.013119709202596738,0
374,279,0.99999992758492462,-7.2415077976659394e-08,7.2415077976659394e-08,0.99999992758492462,-7.2415077976659394e-08,7.2415077976659394e-08,0
375,71729,0.99995669921036712,-4.3301727139132195e-05,4.3301727139132195e-05,0.99995669921036712,-4.3301727139132195e-05,4.3301727139132195e-05,0
376,59284,0.99984082773963301,-0.00015918492961566045,0.00015918492961566045,0.99984082773963301,-0.00015918492961566045,0.00015918492961566045,0
377,382,0.7609449693213346,-0.27319423737340215,0.27319423737340215,0.7609449693213346,-0.27319423737340215,0.27319423737340215,0
378,24641,0.98807260686758402,-0.011999095202061329,0.011999095202061329,0.98807260686758402,-0.011999095202061329,0.011999095202061329,0
379,52757,0.99999652374780013,-3.4762582420152021e-06,3.4762582420152021e-06,0.99999652374780013,-3.4762582420152021e-06,3.4762582420152021e-06,0
380,596,0.53813903807006458,-0.61963831713447459,0.61963831713447459,0.53813903807006458,-0.61963831713447459,0.61963831713447459,0
381,43667,0.55789559422657653,-0.58358344122837791,0.58358344122837791,0.55789559422657653,-0.58358344122837791,0.58358344122837791,0
382,7076,0.99995199593967887,-4.8005212552952343e-05,4.8005212552952343e-05,0.99995199593967887,-4.8005212552952343e-05,4.8005212552952343e-05,0
383,574,0.9992673107617982,-0.00073295778614450085,0.00073295778614450085,0.9992673107617982,-0.00073295778614450085,0.00073295778614450085,0
384,13160,0.92879440808204161,-0.073867869200082981,0.073867869200082981,0.92879440808204161,-0.073867869200082981,0.073867869200082981,0
385,555,0.99989318440424668,-0.0001068213009453047,0.0001068213009453047,0.99989318440424668,-0.0001068213009453047,0.0001068213009453047,0
386,3892,0.56864178869130189,-0.56450458846068619,0.56450458846068619,0.56864178869130189,-0.56450458846068619,0.56450458846068619,0
387,6992,0.4584628590048021,-0.77987599600882473,0.77987599600882473,0.4584628590048021,-0.77987599600882473,0.77987599600882473,0
388,2316,0.72537585453273223,-0.32106533841556056,0.32106533841556056,0.72537585453273223,-0.32106533841556056,0.32106533841556056,0
389,46616,0.99976096283300508,-0.00023906574093212721,0.00023906574093212721,0.99976096283300508,-0.00023906574093212721,0.00023906574093212721,0
390,11,0.6985790005732313,-0.35870700636089281,0.35870700636089281,0.6985790005732313,-0.35870700636089281,0.35870700636089281,0
391,2737,0.58872312921785142,-0.52979927508737157,0.52979927508737157,0.58872312921785142,-0.52979927508737157,0.52979927508737157,0
392,264,0.99824122895721379,-0.0017603194964267005,0.0017603194964267005,0.99824122895721379,-0.0017603194964267005,0.0017603194964267005,0
393,12845,0.89103745083469776,-0.11536882003248794,0.11536882003248794,0.89103745083469776,-0.11536882003248794,0.11536882003248794,0
394,927,0.99962163926570125,-0.00037843233078149697,0.00037843233078149697,0.99962163926570125,-0.00037843233078149697,0.00037843233078149697,0
395,67188,0.94355358901284891,-0.058102117680655263,0.058102117680655263,0.94355358901284891,-0.058102117680655263,0.058102117680655263,0
396,31298,0.99999572246477775,-4.2775443709100394e-06,4.2775443709100394e-06,0.99999572246477775,-4.2775443709100394e-06,4.2775443709100394e-06,0
397,300,0.99999863583365234,-1.3641672781407956e-06,1.3641672781407956e-06,0.99999863583365234,-1.3641672781407956e-06,1.3641672781407956e-06,0
398,42221,0.9999987380656794,-1.2619351168589666e-06,1.2619351168589666e-06,0.9999987380656794,-1.2619351168589666e-06,1.2619351168589666e-06,0
399,520,0.99381262776181345,-0.0062065933522680826,0.0062065933522680826,0.99381262776181345,-0.0062065933522680826,0.0062065933522680826,0
400,28395,0.99999838067949776,-1.6193218133776013e-06,1.6193218133776013e-06,0.99999838067949776,-1.6193218133776013e-06,1.6193218133776013e-06,0
401,220,0.99999992766993373,-7.2330068871949991e-08,7.2330068871949991e-08,0.99999992766993373,-7.2330068871949991e-08,7.2330068871949991e-08,0
402,7994,0.9982713714932574,-0.0017301243090392978,0.0017301243090392978,0.9982713714932574,-0.0017301243090392978,0.0017301243090392978,0
403,13,0.99989097871226618,-0.00010902723098637086,0.00010902723098637086,0.99989097871226618,-0.00010902723098637086,0.00010902723098637086,0
404,4452,0.99759870597258593,-0.0024041817577030852,0.0024041817577030852,0.99759870597258593,-0.0024041817577030852,0.0024041817577030852,0
405,11,0.99999998254686739,-1.7453132786576808e-08,1.7453132786576808e-08,0.99999998254686739,-1.7453132786576808e-08,1.7453132786576808e-08,0
406,568,0.99983279295721161,-0.00016722102344447968,0.00016722102344447968,0.99983279295721161,-0.00016722102344447968,0.00016722102344447968,0
407,574,0.97511453534858517,-0.025200342731207762,0.025200342731207762,0.97511453534858517,-0.025200342731207762,0.025200342731207762,0
408,1578,0.48151785959679366,-0.73081195684970657,0.73081195684970657,0.48151785959679366,-0.73081195684970657,0.73081195684970657,0
409,99048,0.99919089502078029,-0.00080943248132103914,0.00080943248132103914,0.99919089502078029,-0.00080943248132103914,0.00080943248132103914,0
410,4245,0.99986694911245688,-0.00013305973959764768,0.00013305973959764768,0.99986694911245688,-0.00013305973959764768,0.00013305973959764768,0
411,311,0.99999994625812061,-5.3741880833596484e-08,5.3741880833596484e-08,0.99999994625812061,-5.3741880833596484e-08,5.3741880833596484e-08,0
412,37098,0.99959814825695337,-0.0004019325070958721,0.0004019325070958721,0.99959814825695337,-0.0004019325070958721,0.0004019325070958721,0
413,292,0.9999996775252068,-3.22474845234678e-07,3.22474845234678e-07,0.9999996775252068,-3.22474845234678e-07,3.22474845234678e-07,0
414,360,0.99999913204385815,-8.6795651857084633e-07,8.6795651857084633e-07,0.99999913204385815,-8.6795651857084633e-07,8.6795651857084633e-07,0
415,20000,0.99999682832389802,-3.1716811316990808e-06,3.1716811316990808e-06,0.99999682832389802,-3.1716811316990808e-06,3.1716811316990808e-06,0
416,323,0.99673095964473157,-0.0032743953413190596,0.0032743953413190596,0.99673095964473157,-0.0032743953413190596,0.0032743953413190596,0
417,55093,0.99960381210577998,-0.00039626639737919199,0.00039626639737919199,0.99960381210577998,-0.00039626639737919199,0.00039626639737919199,0
418,15173,0.99999717866075633,-2.8213432236483755e-06,2.8213432236483755e-06,0.99999717866075633,-2.8213432236483755e-06,2.8213432236483755e-06,0
419,13,0.65041038289288489,-0.43015175701850816,0.43015175701850816,0.65041038289288489,-0.43015175701850816,0.43015175701850816,0
420,11876,0.71046434600710962,-0.3418365142563915,0.3418365142563915,0.71046434600710962,-0.3418365142563915,0.3418365142563915,0
421,52757,0.99995801277139862,-4.1988110089760582e-05,4.1988110089760582e-05,0.99995801277139862,-4.1988110089760582e-05,4.1988110089760582e-05,0
422,6052,0.99142824365753757,-0.0086087051414440452,0.0086087051414440452,0.99142824365753757,-0.0086087051414440452,0.0086087051414440452,0
423,520,0.99417901514052065,-0.0058379928260399354,0.0058379928260399354,0.99417901514052065,-0.0058379928260399354,0.0058379928260399354,0
424,28395,0.999999401518886,-5.9848129306827623e-07,5.9848129306827623e-07,0.999999401518886,-5.9848129306827623e-07,5.9848129306827623e-07,0
425,220,0.99999995639276185,-4.3607239090359021e-08,4.3607239090359021e-08,0.99999995639276185,-4.3607239090359021e-08,4.3607239090359021e-08,0
426,9335,0.99999997506350891,-2.4936491449471287e-08,2.4936491449471287e-08,0.99999997506350891,-2.4936491449471287e-08,2.4936491449471287e-08,0
427,304,0.86971020792594511,-0.13959521715974293,0.13959521715974293,0.86971020792594511,-0.13959521715974293,0.13959521715974293,0
428,6790,0.9999901632717334,-9.8367766475067824e-06,9.8367766475067824e-06,0.9999901632717334,-9.8367766475067824e-06,9.8367766475067824e-06,0
429,220,0.46180700754299908,-0.7726082077658738,0.7726082077658738,0.46180700754299908,-0.7726082077658738,0.7726082077658738,0
430,679,0.9999970283589581,-2.9716454572757072e-06,2.9716454572757072e-06,0.9999970283589581,-2.9716454572757072e-06,2.9716454572757072e-06,0
431,16,0.99999152187805573,-8.478157883753613e-06,8.478157883753613e-06,0.99999152187805573,-8.478157883753613e-06,8.478157883753613e-06,0
432,719,0.88559863563948105,-0.12149143819472204,0.12149143819472204,0.88559863563948105,-0.12149143819472204,0.12149143819472204,0
433,5675,0.99846992762885989,-0.0015312441272709331,0.0015312441272709331,0.99846992762885989,-0.0015312441272709331,0.0015312441272709331,0
434,311,0.99999806767661514,-1.93232525181715e-06,1.93232525181715e-06,0.99999806767661514,-1.93232525181715e-06,1.93232525181715e-06,0
435,362,0.99999873519575322,-1.2648050466352197e-06,1.2648050466352197e-06,0.99999873519575322,-1.2648050466352197e-06,1.2648050466352197e-06,0
436,1638,0.99999998645182475,-1.3548175378613806e-08,1.3548175378613806e-08,0.99999998645182475,-1.3548175378613806e-08,1.3548175378613806e-08,0
437,1334,0.99999979045830323,-2.095417186717287e-07,2.095417186717287e-07,0.99999979045830323,-2.095417186717287e-07,2.095417186717287e-07,0
438,6193,0.99999762508406664,-2.3749187535006262e-06,2.3749187535006262e-06,0.99999762508406664,-2.3749187535006262e-06,2.3749187535006262e-06,0
439,68,0.99999990904696789,-9.0953036296267884e-08,9.0953036296267884e-08,0.99999990904696789,-9.0953036296267884e-08,9.0953036296267884e-08,0
440,336,0.99999982487758809,-1.7512242721331547e-07,1.7512242721331547e-07,0.99999982487758809,-1.7512242721331547e-07,1.7512242721331547e-07,0
441,323,0.99988264487179013,-0.00011736201486168874,0.00011736201486168874,0.99988264487179013,-0.00011736201486168874,0.00011736201486168874,0
442,40522,0.99456946326624196,-0.0054453357002371043,0.0054453357002371043,0.99456946326624196,-0.0054453357002371043,0.0054453357002371043,0
443,22311,0.9999056583792556,-9.4346071194980108e-05,9.4346071194980108e-05,0.9999056583792556,-9.4346071194980108e-05,9.4346071194980108e-05,0
444,505,0.99999979040616549,-2.0959385651039553e-07,2.0959385651039553e-07,0.99999979040616549,-2.0959385651039553e-07,2.0959385651039553e-07,0
445,43667,0.99999152095269916,-8.4790832481310598e-06,8.4790832481310598e-06,0.99999152095269916,-8.4790832481310598e-06,8.4790832481310598e-06,0
446,382,0.99905354725309092,-0.00094690091611307091,0.00094690091611307091,0.99905354725309092,-0.00094690091611307091,0.00094690091611307091,0
447,24641,0.97368064243125962,-0.026671911618933373,0.026671911618933373,0.97368064243125962,-0.026671911618933373,0.026671911618933373,0
448,52757,0.99999387192093347,-6.1280978433221687e-06,6.1280978433221687e-06,0.99999387192093347,-6.1280978433221687e-06,6.1280978433221687e-06,0
449,706,0.43397382445049637,-0.83477105902663895,0.83477105902663895,0.43397382445049637,-0.83477105902663895,0.83477105902663895,0
450,1027,0.81317079374220069,-0.20681411309401351,0.20681411309401351,0.81317079374220069,-0.20681411309401351,0.20681411309401351,0
451,9152,0.58619258566929766,-0.5341068989100386,0.5341068989100386,0.58619258566929766,-0.5341068989100386,0.5341068989100386,0
452,555,0.99994625088121636,-5.3750563319282407e-05,5.3750563319282407e-05,0.99994625088121636,-5.3750563319282407e-05,5.3750563319282407e-05,0
453,7043,0.9999856238019782,-1.4376301360296216e-05,1.4376301360296216e-05,0.9999856238019782,-1.4376301360296216e-05,1.4376301360296216e-05,0
454,28653,0.99998384460470269,-1.615552579710151e-05,1.615552579710151e-05,0.99998384460470269,-1.615552579710151e-05,1.615552579710151e-05,0
455,1543,0.99999998251898414,-1.7481016037353231e-08,1.7481016037353231e-08,0.99999998251898414,-1.7481016037353231e-08,1.7481016037353231e-08,0
456,6957,0.99992937937956272,-7.0623114190754947e-05,7.0623114190754947e-05,0.99992937937956272,-7.0623114190754947e-05,7.0623114190754947e-05,0
457,813,0.76307499716743921,-0.27039896004125585,0.27039896004125585,0.76307499716743921,-0.27039896004125585,0.27039896004125585,0
458,6721,0.99684628648569173,-0.003158696949082026,0.003158696949082026,0.99684628648569173,-0.003158696949082026,0.003158696949082026,0
459,36540,0.99997783478343716,-2.2165462214830252e-05,2.2165462214830252e-05,0.99997783478343716,-2.2165462214830252e-05,2.2165462214830252e-05,0
460,7076,0.99945964515555219,-0.00054050088873967568,0.00054050088873967568,0.99945964515555219,-0.00054050088873967568,0.00054050088873967568,0
461,323,0.99499990850270492,-0.0050126337806290118,0.0050126337806290118,0.99499990850270492,-0.0050126337806290118,0.0050126337806290118,0
462,706,0.99999812444458713,-1.8755571717500822e-06,1.8755571717500822e-06,0.99999812444458713,-1.8755571717500822e-06,1.8755571717500822e-06,0
463,2010,0.99979868481559786,-0.00020133545102396072,0.00020133545102396072,0.99979868481559786,-0.00020133545102396072,0.00020133545102396072,0
464,15472,0.99999674701936503,-3.2529859258755192e-06,3.2529859258755192e-06,0.99999674701936503,-3.2529859258755192e-06,3.2529859258755192e-06,0
465,12387,0.99979490726738429,-0.0002051137670062828,0.0002051137670062828,0.99979490726738429,-0.0002051137670062828,0.0002051137670062828,0
466,2343,0.99999300450796036,-6.995516508256886e-06,6.995516508256886e-06,0.99999300450796036,-6.995516508256886e-06,6.995516508256886e-06,0
467,17453,0.99999899066777953,-1.0093327298338127e-06,1.0093327298338127e-06,0.99999899066777953,-1.0093327298338127e-06,1.0093327298338127e-06,0
468,23318,0.99998322416065788,-1.6775980058123027e-05,1.6775980058123027e-05,0.99998322416065788,-1.6775980058123027e-05,1.6775980058123027e-05,0
469,4455,0.99999561936236547,-4.3806472295716576e-06,4.3806472295716576e-06,0.99999561936236547,-4.3806472295716576e-06,4.3806472295716576e-06,0
470,369,0.99684672166907873,-0.0031582603890046501,0.0031582603890046501,0.99684672166907873,-0.0031582603890046501,0.0031582603890046501,0
471,2225,0.99963175799254356,-0.00036830982519387025,0.00036830982519387025,0.99963175799254356,-0.00036830982519387025,0.00036830982519387025,0
472,34538,0.50712864642275146,-0.67899056709882477,0.67899056709882477,0.50712864642275146,-0.67899056709882477,0.67899056709882477,0
473,323,0.99999977123736727,-2.2876265885107957e-07,2.2876265885107957e-07,0.99999977123736727,-2.2876265885107957e-07,2.2876265885107957e-07,0
474,28395,0.99967152942885495,-0.00032852452941917995,0.00032852452941917995,0.99967152942885495,-0.00032852452941917995,0.00032852452941917995,0
475,13,0.9388348601465224,-0.063115683029008163,0.063115683029008163,0.9388348601465224,-0.063115683029008163,0.063115683029008163,0
476,763,0.76187484594235566,-0.27197298095517852,0.27197298095517852,0.76187484594235566,-0.27197298095517852,0.27197298095517852,0
477,220,0.99749450350961411,-0.0025086404993511211,0.0025086404993511211,0.99749450350961411,-0.0025086404993511211,0.0025086404993511211,0
478,679,0.99999985222587073,-1.4777414021938163e-07,1.4777414021938163e-07,0.99999985222587073,-1.4777414021938163e-07,1.4777414021938163e-07,0
479,20,0.98829161954142197,-0.011777463306676934,0.011777463306676934,0.98829161954142197,-0.011777463306676934,0.011777463306676934,0
480,11,0.9999999543484811,-4.5651519965852737e-08,4.5651519965852737e-08,0.9999999543484811,-4.5651519965852737e-08,4.5651519965852737e-08,0
481,459,0.9995318621597018,-0.00046824745102690455,0.00046824745102690455,0.9995318621597018,-0.00046824745102690455,0.00046824745102690455,0
482,27290,0.99991802987813805,-8.1973481596025777e-05,8.1973481596025777e-05,0.99991802987813805,-8.1973481596025777e-05,8.1973481596025777e-05,0
483,916,0.99995619382887302,-4.3807130645306689e-05,4.3807130645306689e-05,0.99995619382887302,-4.3807130645306689e-05,4.3807130645306689e-05,0
484,4652,0.99999594274516135,-4.0572630693368056e-06,4.0572630693368056e-06,0.99999594274516135,-4.0572630693368056e-06,4.0572630693368056e-06,0
485,14183,0.99999037663064927,-9.623415655659625e-06,9.623415655659625e-06,0.99999037663064927,-9.623415655659625e-06,9.623415655659625e-06,0
486,311,0.99999989312143123,-1.0687857449678771e-07,1.0687857449678771e-07,0.99999989312143123,-1.0687857449678771e-07,1.0687857449678771e-07,0
487,11876,0.9989941458325996,-0.0010063603781814122,0.0010063603781814122,0.9989941458325996,-0.0010063603781814122,0.0010063603781814122,0
488,52757,0.99999320597119168,-6.7940518878860383e-06,6.7940518878860383e-06,0.99999320597119168,-6.7940518878860383e-06,6.7940518878860383e-06,0
489,439,0.9999999815245374,-1.8475462766646027e-08,1.8475462766646027e-08,0.9999999815245374,-1.8475462766646027e-08,1.8475462766646027e-08,0
490,330,0.99989989064147988,-0.00010011436979643001,0.00010011436979643001,0.99989989064147988,-0.00010011436979643001,0.00010011436979643001,0
491,1820,0.99992421174201584,-7.5791130059267507e-05,7.5791130059267507e-05,0.99992421174201584,-7.5791130059267507e-05,7.5791130059267507e-05,0
492,1455,0.99999980562671809,-1.9437330077138673e-07,1.9437330077138673e-07,0.99999980562671809,-1.9437330077138673e-07,1.9437330077138673e-07,0
493,27332,0.99996586615525751,-3.4134427315377455e-05,3.4134427315377455e-05,0.99996586615525751,-3.4134427315377455e-05,3.4134427315377455e-05,0
494,34880,0.99999565981644067,-4.3401929779398836e-06,4.3401929779398836e-06,0.99999565981644067,-4.3401929779398836e-06,4.3401929779398836e-06,0
495,304,0.99999989105911136,-1.0894089458876532e-07,1.0894089458876532e-07,0.99999989105911136,-1.0894089458876532e-07,1.0894089458876532e-07,0
496,463,0.99999899826778993,-1.0017327117560163e-06,1.0017327117560163e-06,0.99999899826778993,-1.0017327117560163e-06,1.0017327117560163e-06,0
497,36540,0.99997513805638916,-2.4862252674134843e-05,2.4862252674134843e-05,0.99997513805638916,-2.4862252674134843e-05,2.4862252674134843e-05,0
498,3925,0.99999776770998983,-2.2322925017317065e-06,2.2322925017317065e-06,0.99999776770998983,-2.2322925017317065e-06,2.2322925017317065e-06,0
499,1210,0.86068192362970475,-0.15003026948787632,0.15003026948787632,0.86068192362970475,-0.15003026948787632,0.15003026948787632,0
500,11876,0.0019279743434624033,-6.2512853902151049,6.2512853902151049,0.0019279743434624033,-6.2512853902151049,6.2512853902151049,0
501,52757,0.99999234960553407,-7.6504237303232777e-06,7.6504237303232777e-06,0.99999234960553407,-7.6504237303232777e-06,7.6504237303232777e-06,0
502,706,0.86373628287864079,-0.14648778491939538,0.14648778491939538,0.86373628287864079,-0.14648778491939538,0.14648778491939538,0
503,1101,0.69895496564437865,-0.35816896565590062,0.35816896565590062,0.69895496564437865,-0.35816896565590062,0.35816896565590062,0
504,1027,0.98900851582695615,-0.011052336853567052,0.011052336853567052,0.98900851582695615,-0.011052336853567052,0.011052336853567052,0
505,264,0.75199657959108146,-0.28502350345875638,0.28502350345875638,0.75199657959108146,-0.28502350345875638,0.28502350345875638,0
506,3830,0.99467801767153752,-0.0053361945235424089,0.0053361945235424089,0.99467801767153752,-0.0053361945235424089,0.0053361945235424089,0
507,5274,0.99997690984199972,-2.309042458210955e-05,2.309042458210955e-05,0.99997690984199972,-2.309042458210955e-05,2.309042458210955e-05,0
508,37392,0.99997920050409805,-2.0799712214477039e-05,2.0799712214477039e-05,0.99997920050409805,-2.0799712214477039e-05,2.0799712214477039e-05,0
509,304,0.99992587085707474,-7.4131890626004314e-05,7.4131890626004314e-05,0.99992587085707474,-7.4131890626004314e-05,7.4131890626004314e-05,0
510,28395,0.88037484693042745,-0.12740749978518212,0.12740749978518212,0.88037484693042745,-0.12740749978518212,0.12740749978518212,0
511,11,0.99140699158276591,-0.0086301411885695966,0.0086301411885695966,0.99140699158276591,-0.0086301411885695966,0.0086301411885695966,0
512,24435,0.5359801464794457,-0.6236581587476262,0.6236581587476262,0.5359801464794457,-0.6236581587476262,0.6236581587476262,0
513,304,0.99999990195896993,-9.8041034925078035e-08,9.8041034925078035e-08,0.99999990195896993,-9.8041034925078035e-08,9.8041034925078035e-08,0
514,3892,0.99056895840804959,-0.0094757954707642509,0.0094757954707642509,0.99056895840804959,-0.0094757954707642509,0.0094757954707642509,0
515,315,0.9904291451806172,-0.0096169497983845751,0.0096169497983845751,0.9904291451806172,-0.0096169497983845751,0.0096169497983845751,0
516,279,0.99999797411760383,-2.0258844482289105e-06,2.0258844482289105e-06,0.99999797411760383,-2.0258844482289105e-06,2.0258844482289105e-06,0
517,1888,0.99950689790162328,-0.00049322371319711063,0.00049322371319711063,0.99950689790162328,-0.00049322371319711063,0.00049322371319711063,0
518,48724,0.99999098119374996,-9.0188469197180557e-06,9.0188469197180557e-06,0.99999098119374996,-9.0188469197180557e-06,9.0188469197180557e-06,0
519,2343,0.99996252199363533,-3.7478708682705451e-05,3.7478708682705451e-05,0.99996252199363533,-3.7478708682705451e-05,3.7478708682705451e-05,0
520,17453,0.99999870276254144,-1.29723830002612e-06,1.29723830002612e-06,0.99999870276254144,-1.29723830002612e-06,1.29723830002612e-06,0
521,23318,0.98982125547838895,-0.010230902176448091,0.010230902176448091,0.98982125547838895,-0.010230902176448091,0.010230902176448091,0
522,4455,0.99998641027751678,-1.3589814824315285e-05,1.3589814824315285e-05,0.99998641027751678,-1.3589814824315285e-05,1.3589814824315285e-05,0
523,304,0.99973855932757405,-0.0002614748539963672,0.0002614748539963672,0.99973855932757405,-0.0002614748539963672,0.0002614748539963672,0
524,28395,0.99119133612634303,-0.0088476894980374105,0.0088476894980374105,0.99119133612634303,-0.0088476894980374105,0.0088476894980374105,0
525,3925,0.99999488844088624,-5.1115721778607622e-06,5.1115721778607622e-06,0.99999488844088624,-5.1115721778607622e-06,5.1115721778607622e-06,0
526,11,0.95646732075184382,-0.044508656130495844,0.044508656130495844,0.95646732075184382,-0.044508656130495844,0.044508656130495844,0
527,2737,0.99997210123640001,-2.789915277771268e-05,2.789915277771268e-05,0.99997210123640001,-2.789915277771268e-05,2.789915277771268e-05,0
528,28395,0.99999881796656009,-1.1820341385190207e-06,1.1820341385190207e-06,0.99999881796656009,-1.1820341385190207e-06,1.1820341385190207e-06,0
529,220,0.99999997676256147,-2.3237438814066894e-08,2.3237438814066894e-08,0.99999997676256147,-2.3237438814066894e-08,2.3237438814066894e-08,0
530,1041,0.99999910883321064,-8.9116718641589711e-07,8.9116718641589711e-07,0.99999910883321064,-8.9116718641589711e-07,8.9116718641589711e-07,0
531,323,0.99999919778081792,-8.0221950390147646e-07,8.0221950390147646e-07,0.99999919778081792,-8.0221950390147646e-07,8.0221950390147646e-07,0
532,28395,0.99999881934856771,-1.1806521292015249e-06,1.1806521292015249e-06,0.99999881934856771,-1.1806521292015249e-06,1.1806521292015249e-06,0
533,220,0.99999986065705138,-1.3934295834472741e-07,1.3934295834472741e-07,0.99999986065705138,-1.3934295834472741e-07,1.3934295834472741e-07,0
534,1049,0.99999974477323927,-2.5522679332559926e-07,2.5522679332559926e-07,0.99999974477323927,-2.5522679332559926e-07,2.5522679332559926e-07,0
535,13,0.69846687378207861,-0.35886752620272716,0.35886752620272716,0.69846687378207861,-0.35886752620272716,0.35886752620272716,0
536,4815,0.00016645166641347854,-8.700805582497539,8.700805582497539,0.00016645166641347854,-8.700805582497539,8.700805582497539,0
537,644,0.4160085359160372,-0.87704949990245062,0.87704949990245062,0.4160085359160372,-0.87704949990245062,0.87704949990245062,0
538,5936,0.70760793430665181,-0.34586510377653995,0.34586510377653995,0.70760793430665181,-0.34586510377653995,0.34586510377653995,0
539,220,0.99996330728123839,-3.6693391955857408e-05,3.6693391955857408e-05,0.99996330728123839,-3.6693391955857408e-05,3.6693391955857408e-05,0
540,679,0.99996145869774389,-3.8542044991240766e-05,3.8542044991240766e-05,0.99996145869774389,-3.8542044991240766e-05,3.8542044991240766e-05,0
541,17,0.99996424266598327,-3.5757973325424066e-05,3.5757973325424066e-05,0.99996424266598327,-3.5757973325424066e-05,3.5757973325424066e-05,0
542,11,0.99988068133459895,-0.00011932578443926997,0.00011932578443926997,0.99988068133459895,-0.00011932578443926997,0.00011932578443926997,0
543,11876,0.99944554080766068,-0.00055461296167914485,0.00055461296167914485,0.99944554080766068,-0.00055461296167914485,0.00055461296167914485,0
544,52757,0.99999260297574943,-7.3970516086549586e-06,7.3970516086549586e-06,0.99999260297574943,-7.3970516086549586e-06,7.3970516086549586e-06,0
545,6052,0.79648753816806839,-0.22754379549445686,0.22754379549445686,0.79648753816806839,-0.22754379549445686,0.22754379549445686,0
546,311,0.99999881465470586,-1.1853459967166876e-06,1.1853459967166876e-06,0.99999881465470586,-1.1853459967166876e-06,1.1853459967166876e-06,0
547,6721,0.68203094919030061,-0.38268024212388896,0.38268024212388896,0.68203094919030061,-0.38268024212388896,0.38268024212388896,0
548,36540,0.99999402026541873,-5.9797524599156531e-06,5.9797524599156531e-06,0.99999402026541873,-5.9797524599156531e-06,5.9797524599156531e-06,0
549,323,0.63988501235476858,-0.44646678696635733,0.44646678696635733,0.63988501235476858,-0.44646678696635733,0.44646678696635733,0
550,48041,0.73132358033846701,-0.31289926281311053,0.31289926281311053,0.73132358033846701,-0.31289926281311053,0.31289926281311053,0
551,1619,0.99997992595969887,-2.0074241787401201e-05,2.0074241787401201e-05,0.99997992595969887,-2.0074241787401201e-05,2.0074241787401201e-05,0
552,34538,0.9999729569422664,-2.7043423403689908e-05,2.7043423403689908e-05,0.9999729569422664,-2.7043423403689908e-05,2.7043423403689908e-05,0
553,1306,0.99856385733341124,-0.0014371749078837144,0.0014371749078837144,0.99856385733341124,-0.0014371749078837144,0.0014371749078837144,0
554,459,0.99999554054389328,-4.4594660501565822e-06,4.4594660501565822e-06,0.99999554054389328,-4.4594660501565822e-06,4.4594660501565822e-06,0
555,8223,0.99985787840780482,-0.00014213169242560319,0.00014213169242560319,0.99985787840780482,-0.00014213169242560319,0.00014213169242560319,0
556,4771,0.99999576312947847,-4.2368794971440139e-06,4.2368794971440139e-06,0.99999576312947847,-4.2368794971440139e-06,4.2368794971440139e-06,0
557,81286,0.99999484289405283,-5.1571192450476655e-06,5.1571192450476655e-06,0.99999484289405283,-5.1571192450476655e-06,5.1571192450476655e-06,0
558,13,0.99927015120489449,-0.00073011526440017248,0.00073011526440017248,0.99927015120489449,-0.00073011526440017248,0.00073011526440017248,0
559,9220,0.48148323647415814,-0.7308838635646453,0.7308838635646453,0.48148323647415814,-0.7308838635646453,0.7308838635646453,0
560,1667,0.99999198746983009,-8.0125622704467657e-06,8.0125622704467657e-06,0.99999198746983009,-8.0125622704467657e-06,8.0125622704467657e-06,0
561,3010,0.99999681181000044,-3.1881950817954822e-06,3.1881950817954822e-06,0.99999681181000044,-3.1881950817954822e-06,3.1881950817954822e-06,0
562,11,0.99995261678131497,-4.7384341305248121e-05,4.7384341305248121e-05,0.99995261678131497,-4.7384341305248121e-05,4.7384341305248121e-05,0
563,520,0.98054049184214664,-0.019651337062134806,0.019651337062134806,0.98054049184214664,-0.019651337062134806,0.019651337062134806,0
564,99399,0.99999181653673308,-8.1834967516709283e-06,8.1834967516709283e-06,0.99999181653673308,-8.1834967516709283e-06,8.1834967516709283e-06,0
565,1692,0.99989924441632139,-0.0001007606598633832,0.0001007606598633832,0.99989924441632139,-0.0001007606598633832,0.0001007606598633832,0
566,689,0.99999955675650565,-4.4324359262944956e-07,4.4324359262944956e-07,0.99999955675650565,-4.4324359262944956e-07,4.4324359262944956e-07,0
567,20572,0.99988380718274095,-0.00011619956816742086,0.00011619956816742086,0.99988380718274095,-0.00011619956816742086,0.00011619956816742086,0
568,11,0.99999544588292899,-4.5541274410317062e-06,4.5541274410317062e-06,0.99999544588292899,-4.5541274410317062e-06,4.5541274410317062e-06,0
569,11876,0.99774638982329689,-0.0022561533777583813,0.0022561533777583813,0.99774638982329689,-0.0022561533777583813,0.0022561533777583813,0
570,52757,0.99998381912664736,-1.6181004264384225e-05,1.6181004264384225e-05,0.99998381912664736,-1.6181004264384225e-05,1.6181004264384225e-05,0
571,24164,0.99993559330450743,-6.44087696928916e-05,6.44087696928916e-05,0.99993559330450743,-6.44087696928916e-05,6.44087696928916e-05,0
572,578,0.99994210908097558,-5.7892594768293685e-05,5.7892594768293685e-05,0.99994210908097558,-5.7892594768293685e-05,5.7892594768293685e-05,0
573,99773,0.99999941185104024,-5.8814913274276601e-07,5.8814913274276601e-07,0.99999941185104024,-5.8814913274276601e-07,5.8814913274276601e-07,0
574,4506,0.99999933439005184,-6.6561016972985205e-07,6.6561016972985205e-07,0.99999933439005184,-6.6561016972985205e-07,6.6561016972985205e-07,0
575,311,0.99964739954587734,-0.0003526626322791945,0.0003526626322791945,0.99964739954587734,-0.0003526626322791945,0.0003526626322791945,0
576,842,0.99997892013406053,-2.1080088122943606e-05,2.1080088122943606e-05,0.99997892013406053,-2.1080088122943606e-05,2.1080088122943606e-05,0
577,813,0.99994462912362569,-5.5372409397851839e-05,5.5372409397851839e-05,0.99994462912362569,-5.5372409397851839e-05,5.5372409397851839e-05,0
578,93576,0.99989773716478969,-0.00010226806441051119,0.00010226806441051119,0.99989773716478969,-0.00010226806441051119,0.00010226806441051119,0
579,30314,0.99999819189431516,-1.8081073194885147e-06,1.8081073194885147e-06,0.99999819189431516,-1.8081073194885147e-06,1.8081073194885147e-06,0
580,520,0.98933008681957302,-0.010727244884964009,0.010727244884964009,0.98933008681957302,-0.010727244884964009,0.010727244884964009,0
581,279,0.99995549298503006,-4.4508005436477367e-05,4.4508005436477367e-05,0.99995549298503006,-4.4508005436477367e-05,4.4508005436477367e-05,0
582,21134,0.99950797020375848,-0.00049215088262210031,0.00049215088262210031,0.99950797020375848,-0.00049215088262210031,0.00049215088262210031,0
583,9974,0.99999549849663749,-4.5015134942499586e-06,4.5015134942499586e-06,0.99999549849663749,-4.5015134942499586e-06,4.5015134942499586e-06,0
584,1567,0.99999854591168791,-1.4540893693229968e-06,1.4540893693229968e-06,0.99999854591168791,-1.4540893693229968e-06,1.4540893693229968e-06,0
585,13,0.9940209983981273,-0.0059969473996743993,0.0059969473996743993,0.9940209983981273,-0.0059969473996743993,0.0059969473996743993,0
586,11876,0.022728526514115052,-3.784134468818821,3.784134468818821,0.022728526514115052,-3.784134468818821,3.784134468818821,0
587,52757,0.99995412686584217,-4.5874186362203096e-05,4.5874186362203096e-05,0.99995412686584217,-4.5874186362203096e-05,4.5874186362203096e-05,0
588,706,0.85630495685009778,-0.15512870828275846,0.15512870828275846,0.85630495685009778,-0.15512870828275846,0.15512870828275846,0
589,8738,0.42565582634815757,-0.8541241786260354,0.8541241786260354,0.42565582634815757,-0.8541241786260354,0.8541241786260354,0
590,311,0.99999344465127982,-6.55537020654432e-06,6.55537020654432e-06,0.99999344465127982,-6.55537020654432e-06,6.55537020654432e-06,0
591,387,0.7969947042663561,-0.2269072447982432,0.2269072447982432,0.7969947042663561,-0.2269072447982432,0.2269072447982432,0
592,264,0.97690383246993795,-0.02336706323754012,0.02336706323754012,0.97690383246993795,-0.02336706323754012,0.02336706323754012,0
593,25462,0.41231821226011917,-0.88595986789433279,0.88595986789433279,0.41231821226011917,-0.88595986789433279,0.88595986789433279,0
594,5457,0.99718529698218983,-0.0028186717432879321,0.0028186717432879321,0.99718529698218983,-0.0028186717432879321,0.0028186717432879321,0
595,304,0.99999926118325633,-7.3881701664412294e-07,7.3881701664412294e-07,0.99999926118325633,-7.3881701664412294e-07,7.3881701664412294e-07,0
596,6721,0.54978952507068746,-0.59821975568660335,0.59821975568660335,0.54978952507068746,-0.59821975568660335,0.59821975568660335,0
597,36540,0.99999406832016791,-5.9316974246192042e-06,5.9316974246192042e-06,0.99999406832016791,-5.9316974246192042e-06,5.9316974246192042e-06,0
598,11,0.84740186916000859,-0.1655802350333091,0.1655802350333091,0.84740186916000859,-0.1655802350333091,0.1655802350333091,0
599,2010,0.67091516208205859,-0.39911258505313285,0.39911258505313285,0.67091516208205859,-0.39911258505313285,0.39911258505313285,0
600,35981,0.99992776148596607,-7.224112336099304e-05,7.224112336099304e-05,0.99992776148596607,-7.224112336099304e-05,7.224112336099304e-05,0
601,12387,0.97032860646453356,-0.030120495303091063,0.030120495303091063,0.97032860646453356,-0.030120495303091063,0.030120495303091063,0
602,2343,0.96219982496086265,-0.038533131632345237,0.038533131632345237,0.96219982496086265,-0.038533131632345237,0.038533131632345237,0
603,17453,0.99999761195919912,-2.3880436522755832e-06,2.3880436522755832e-06,0.99999761195919912,-2.3880436522755832e-06,2.3880436522755832e-06,0
604,23318,0.99996177569490208,-3.8225035665247307e-05,3.8225035665247307e-05,0.99996177569490208,-3.8225035665247307e-05,3.8225035665247307e-05,0
605,4455,0.99999698644571533,-3.0135588254102332e-06,3.0135588254102332e-06,0.99999698644571533,-3.0135588254102332e-06,3.0135588254102332e-06,0
606,323,0.97910480178030346,-0.021116592354387034,0.021116592354387034,0.97910480178030346,-0.021116592354387034,0.021116592354387034,0
607,11230,0.42871323662217314,-0.84696702966598469,0.84696702966598469,0.42871323662217314,-0.84696702966598469,0.84696702966598469,0
608,5361,0.69966597476191461,-0.35715223673637053,0.35715223673637053,0.69966597476191461,-0.35715223673637053,0.35715223673637053,0
609,59284,0.99948160745492032,-0.00051852695694914878,0.00051852695694914878,0.99948160745492032,-0.00051852695694914878,0.00051852695694914878,0
610,13,0.96264288908717688,-0.038072767644258626,0.038072767644258626,0.96264288908717688,-0.038072767644258626,0.038072767644258626,0
611,1283,0.005445831375712991,-5.2129048481711893,5.2129048481711893,0.005445831375712991,-5.2129048481711893,5.2129048481711893,0
612,374,0.87259852147196282,-0.13627971268787165,0.13627971268787165,0.87259852147196282,-0.13627971268787165,0.13627971268787165,0
613,13882,0.91213321385190127,-0.091969231754603822,0.091969231754603822,0.91213321385190127,-0.091969231754603822,0.091969231754603822,0
614,27458,0.74981180899938737,-0.28793302527195613,0.28793302527195613,0.74981180899938737,-0.28793302527195613,0.28793302527195613,0
615,439,0.9999997204909068,-2.7950913230097544e-07,2.7950913230097544e-07,0.9999997204909068,-2.7950913230097544e-07,2.7950913230097544e-07,0
616,832,0.99999659956155007,-3.4004442313855284e-06,3.4004442313855284e-06,0.99999659956155007,-3.4004442313855284e-06,3.4004442313855284e-06,0
617,315,0.99999807338873781,-1.9266131180813493e-06,1.9266131180813493e-06,0.99999807338873781,-1.9266131180813493e-06,1.9266131180813493e-06,0
618,279,0.9999999574557652,-4.2544235673117667e-08,4.2544235673117667e-08,0.9999999574557652,-4.2544235673117667e-08,4.2544235673117667e-08,0
619,12474,0.98511832513071029,-0.014993517988468678,0.014993517988468678,0.98511832513071029,-0.014993517988468678,0.014993517988468678,0
620,6721,0.92928546792726097,-0.073339302196056375,0.073339302196056375,0.92928546792726097,-0.073339302196056375,0.073339302196056375,0
621,98930,0.99885164779364022,-0.0011490120679720644,0.0011490120679720644,0.99885164779364022,-0.0011490120679720644,0.0011490120679720644,0
622,315,0.99783548033967828,-0.0021668656188619374,0.0021668656188619374,0.99783548033967828,-0.0021668656188619374,0.0021668656188619374,0
623,682,0.99999992418572514,-7.5814277757289905e-08,7.5814277757289905e-08,0.99999992418572514,-7.5814277757289905e-08,7.5814277757289905e-08,0
624,892,0.99998329419209464,-1.6705947448883397e-05,1.6705947448883397e-05,0.99998329419209464,-1.6705947448883397e-05,1.6705947448883397e-05,0
625,13,0.96108845098298223,-0.039688833682299592,0.039688833682299592,0.96108845098298223,-0.039688833682299592,0.039688833682299592,0
626,4815,0.0013896072317264715,-6.5787341388724005,6.5787341388724005,0.0013896072317264715,-6.5787341388724005,6.5787341388724005,0
627,24641,0.44325196792929378,-0.81361689426487516,0.81361689426487516,0.44325196792929378,-0.81361689426487516,0.81361689426487516,0
628,52757,0.99982761741737591,-0.00017239744220924535,0.00017239744220924535,0.99982761741737591,-0.00017239744220924535,0.00017239744220924535,0
629,596,0.71320652360584602,-0.33798424608343397,0.33798424608343397,0.71320652360584602,-0.33798424608343397,0.33798424608343397,0
630,53881,0.38408697406864295,-0.95688625707009922,0.95688625707009922,0.38408697406864295,-0.95688625707009922,0.95688625707009922,0
631,304,0.58618780826442141,-0.53411504883288119,0.53411504883288119,0.58618780826442141,-0.53411504883288119,0.53411504883288119,0
632,2225,0.65201535767710339,-0.4276871626134085,0.4276871626134085,0.65201535767710339,-0.4276871626134085,0.4276871626134085,0
633,6721,0.9167796729383656,-0.086888105018805298,0.086888105018805298,0.9167796729383656,-0.086888105018805298,0.086888105018805298,0
634,36540,0.99999294839212105,-7.0516327416859421e-06,7.0516327416859421e-06,0.99999294839212105,-7.0516327416859421e-06,7.0516327416859421e-06,0
635,323,0.99999793265921566,-2.0673429212993832e-06,2.0673429212993832e-06,0.99999793265921566,-2.0673429212993832e-06,2.0673429212993832e-06,0
636,9709,0.80042837969521663,-0.22260822001056388,0.22260822001056388,0.80042837969521663,-0.22260822001056388,0.22260822001056388,0
637,37959,0.99998147394390668,-1.8526227702817344e-05,1.8526227702817344e-05,0.99998147394390668,-1.8526227702817344e-05,1.8526227702817344e-05,0
638,19071,0.99999532220054121,-4.6778103997540123e-06,4.6778103997540123e-06,0.99999532220054121,-4.6778103997540123e-06,4.6778103997540123e-06,0
639,617,0.70255734765210631,-0.35302824743760403,0.35302824743760403,0.70255734765210631,-0.35302824743760403,0.35302824743760403,0
640,1903,0.42280829784824625,-0.86083639923671496,0.86083639923671496,0.42280829784824625,-0.86083639923671496,0.86083639923671496,0
641,1461,0.99999690190234791,-3.0981024511745541e-06,3.0981024511745541e-06,0.99999690190234791,-3.0981024511745541e-06,3.0981024511745541e-06,0
642,264,0.94680601666374797,-0.054661046626812905,0.054661046626812905,0.94680601666374797,-0.054661046626812905,0.054661046626812905,0
643,28812,0.64981021751567014,-0.43107493177769984,0.43107493177769984,0.64981021751567014,-0.43107493177769984,0.43107493177769984,0
644,7216,0.98905666353953992,-0.011003655229629246,0.011003655229629246,0.98905666353953992,-0.011003655229629246,0.011003655229629246,0
645,304,0.99999118551930277,-8.8145195449750846e-06,8.8145195449750846e-06,0.99999118551930277,-8.8145195449750846e-06,8.8145195449750846e-06,0
646,279,0.98742887549013458,-0.012650809620888865,0.012650809620888865,0.98742887549013458,-0.012650809620888865,0.012650809620888865,0
647,10034,0.50794511076411009,-0.67738188691839063,0.67738188691839063,0.50794511076411009,-0.67738188691839063,0.67738188691839063,0
648,1917,0.91328768698922602,-0.090704347266082758,0.090704347266082758,0.91328768698922602,-0.090704347266082758,0.090704347266082758,0
649,13,0.93519925013611782,-0.06699567064654402,0.06699567064654402,0.93519925013611782,-0.06699567064654402,0.06699567064654402,0
650,5414,0.85841000786423183,-0.15267342899149564,0.15267342899149564,0.85841000786423183,-0.15267342899149564,0.15267342899149564,0
651,5845,0.29600928598640996,-1.217364453574445,1.217364453574445,0.29600928598640996,-1.217364453574445,1.217364453574445,0
652,311,0.99999959587010723,-4.041299744258867e-07,4.041299744258867e-07,0.99999959587010723,-4.041299744258867e-07,4.041299744258867e-07,0
653,25555,0.33331029430869835,-1.0986814081307097,1.0986814081307097,0.33331029430869835,-1.0986814081307097,1.0986814081307097,0
654,304,0.99998727827615763,-1.2721804764182586e-05,1.2721804764182586e-05,0.99998727827615763,-1.2721804764182586e-05,1.2721804764182586e-05,0
655,5361,0.57907806413467267,-0.54631798470341442,0.54631798470341442,0.57907806413467267,-0.54631798470341442,0.54631798470341442,0
656,49255,0.89981304093137149,-0.10556826953564494,0.10556826953564494,0.89981304093137149,-0.10556826953564494,0.10556826953564494,0
657,706,0.73532148144389553,-0.30744748567671493,0.30744748567671493,0.73532148144389553,-0.30744748567671493,0.30744748567671493,0
658,15662,0.85095956471344714,-0.16139066656296402,0.16139066656296402,0.85095956471344714,-0.16139066656296402,0.16139066656296402,0
659,1461,0.99999828452604589,-1.715475425550786e-06,1.715475425550786e-06,0.99999828452604589,-1.715475425550786e-06,1.715475425550786e-06,0
660,264,0.70854737564078696,-0.34453835456288867,0.34453835456288867,0.70854737564078696,-0.34453835456288867,0.34453835456288867,0
661,17444,0.89659604941520088,-0.10914985345475585,0.10914985345475585,0.89659604941520088,-0.10914985345475585,0.10914985345475585,0
662,439,0.99999936652461241,-6.3347558829020822e-07,6.3347558829020822e-07,0.99999936652461241,-6.3347558829020822e-07,6.3347558829020822e-07,0
663,832,0.72015851055600322,-0.32828393765226815,0.32828393765226815,0.72015851055600322,-0.32828393765226815,0.32828393765226815,0
664,315,0.99999864871694999,-1.3512839630098663e-06,1.3512839630098663e-06,0.99999864871694999,-1.3512839630098663e-06,1.3512839630098663e-06,0
665,279,0.99999975004246366,-2.4995756760188182e-07,2.4995756760188182e-07,0.99999975004246366,-2.4995756760188182e-07,2.4995756760188182e-07,0
666,1455,0.97612305413496248,-0.024166620460152808,0.024166620460152808,0.97612305413496248,-0.024166620460152808,0.024166620460152808,0
667,33045,0.61687489710594046,-0.48308903559328564,0.48308903559328564,0.61687489710594046,-0.48308903559328564,0.48308903559328564,0
668,323,0.96626369638663856,-0.034318504395312248,0.034318504395312248,0.96626369638663856,-0.034318504395312248,0.034318504395312248,0
669,25462,0.52037616933463859,-0.65320332636956824,0.65320332636956824,0.52037616933463859,-0.65320332636956824,0.65320332636956824,0
670,23579,0.99972275358247642,-0.00027728485741662602,0.00027728485741662602,0.99972275358247642,-0.00027728485741662602,0.00027728485741662602,0
671,304,0.74898359787004709,-0.28903819440957479,0.28903819440957479,0.74898359787004709,-0.28903819440957479,0.28903819440957479,0
672,3925,0.56139865825125379,-0.5773240050621028,0.5773240050621028,0.56139865825125379,-0.5773240050621028,0.5773240050621028,0
673,13,0.99939532638881734,-0.00060485649999975468,0.00060485649999975468,0.99939532638881734,-0.00060485649999975468,0.00060485649999975468,0
674,11876,0.025880082711988772,-3.6542816133735254,3.6542816133735254,0.025880082711988772,-3.6542816133735254,3.6542816133735254,0
675,52757,0.99999335963664948,-6.6403853978384934e-06,6.6403853978384934e-06,0.99999335963664948,-6.6403853978384934e-06,6.6403853978384934e-06,0
676,596,0.94792155096393671,-0.053483532299009276,0.053483532299009276,0.94792155096393671,-0.053483532299009276,0.053483532299009276,0
677,20160,0.42469061470055203,-0.85639434056366681,0.85639434056366681,0.42469061470055203,-0.85639434056366681,0.85639434056366681,0
678,9731,0.99804049225897273,-0.0019614300879671575,0.0019614300879671575,0.99804049225897273,-0.0019614300879671575,0.0019614300879671575,0
679,311,0.99999995309465439,-4.690534672797434e-08,4.690534672797434e-08,0.99999995309465439,-4.690534672797434e-08,4.690534672797434e-08,0
680,31740,0.47702714190110707,-0.7401818884524286,0.7401818884524286,0.47702714190110707,-0.7401818884524286,0.7401818884524286,0
681,323,0.49318171179542464,-0.7068775890862169,0.7068775890862169,0.49318171179542464,-0.7068775890862169,0.7068775890862169,0
682,10383,0.60904910324512018,-0.49585638522027553,0.49585638522027553,0.60904910324512018,-0.49585638522027553,0.49585638522027553,0
683,502,0.9047767071690781,-0.10006709813551812,0.10006709813551812,0.9047767071690781,-0.10006709813551812,0.10006709813551812,0
684,22540,0.99983074452026099,-0.00016926980506419429,0.00016926980506419429,0.99983074452026099,-0.00016926980506419429,0.00016926980506419429,0
685,315,0.99999985015168913,-1.4984832207008177e-07,1.4984832207008177e-07,0.99999985015168913,-1.4984832207008177e-07,1.4984832207008177e-07,0
686,23579,0.5932285401778451,-0.52217555764064383,0.52217555764064383,0.5932285401778451,-0.52217555764064383,0.52217555764064383,0
687,323,0.99177450916878884,-0.0082595068415965284,0.0082595068415965284,0.99177450916878884,-0.0082595068415965284,0.0082595068415965284,0
688,7359,0.93678650318935286,-0.06529987415793212,0.06529987415793212,0.93678650318935286,-0.06529987415793212,0.06529987415793212,0
689,27083,0.95043058820504855,-0.050840146332484244,0.050840146332484244,0.95043058820504855,-0.050840146332484244,0.050840146332484244,0
690,13,0.99950477372076385,-0.00049534894426963422,0.00049534894426963422,0.99950477372076385,-0.00049534894426963422,0.00049534894426963422,0
691,4815,0.024741647908583478,-3.6992673051583336,3.6992673051583336,0.024741647908583478,-3.6992673051583336,3.6992673051583336,0
692,644,0.22344656067096735,-1.498582995661311,1.498582995661311,0.22344656067096735,-1.498582995661311,1.498582995661311,0
693,17102,0.38856778385721213,-0.94528764857063119,0.94528764857063119,0.38856778385721213,-0.94528764857063119,0.94528764857063119,0
694,11,0.99979003050642601,-0.00020999154025426827,0.00020999154025426827,0.99979003050642601,-0.00020999154025426827,0.00020999154025426827,0
695,48677,0.99998221161266054,-1.7788545554667031e-05,1.7788545554667031e-05,0.99998221161266054,-1.7788545554667031e-05,1.7788545554667031e-05,0
696,11876,0.99998300342886759,-1.6996715575779625e-05,1.6996715575779625e-05,0.99998300342886759,-1.6996715575779625e-05,1.6996715575779625e-05,0
697,52757,0.99999442359491053,-5.5764206376653815e-06,5.5764206376653815e-06,0.99999442359491053,-5.5764206376653815e-06,5.5764206376653815e-06,0
698,374,0.99496602291091707,-0.0050466902348187135,0.0050466902348187135,0.99496602291091707,-0.0050466902348187135,0.0050466902348187135,0
699,264,0.9932697362216526,-0.0067530141383500119,0.0067530141383500119,0.9932697362216526,-0.0067530141383500119,0.0067530141383500119,0
700,7701,0.60689992798553549,-0.49939136479985757,0.49939136479985757,0.60689992798553549,-0.49939136479985757,0.49939136479985757,0
701,27332,0.98149972840133115,-0.0186735419836105,0.0186735419836105,0.98149972840133115,-0.0186735419836105,0.0186735419836105,0
702,6721,0.78921440291169076,-0.23671725498539289,0.23671725498539289,0.78921440291169076,-0.23671725498539289,0.23671725498539289,0
703,83162,0.99990584463611076,-9.4159796783755176e-05,9.4159796783755176e-05,0.99990584463611076,-9.4159796783755176e-05,9.4159796783755176e-05,0
704,11,0.69435123422071188,-0.36477734531875988,0.36477734531875988,0.69435123422071188,-0.36477734531875988,0.36477734531875988,0
705,9709,0.99998586072826412,-1.4139371696349877e-05,1.4139371696349877e-05,0.99998586072826412,-1.4139371696349877e-05,1.4139371696349877e-05,0
706,37959,0.99999315247250431,-6.847550940097013e-06,6.847550940097013e-06,0.99999315247250431,-6.847550940097013e-06,6.847550940097013e-06,0
707,10255,0.99998323577968395,-1.6764360837107068e-05,1.6764360837107068e-05,0.99998323577968395,-1.6764360837107068e-05,1.6764360837107068e-05,0
708,11,0.99998030210932631,-1.9698084679652183e-05,1.9698084679652183e-05,0.99998030210932631,-1.9698084679652183e-05,1.9698084679652183e-05,0
709,323,0.9999983477808907,-1.6522204742042823e-06,1.6522204742042823e-06,0.9999983477808907,-1.6522204742042823e-06,1.6522204742042823e-06,0
710,4846,0.98384387046545385,-0.016288062745183088,0.016288062745183088,0.98384387046545385,-0.016288062745183088,0.016288062745183088,0
711,19077,0.99270575825215723,-0.0073209748067724935,0.0073209748067724935,0.99270575825215723,-0.0073209748067724935,0.0073209748067724935,0
712,83162,0.99992366286832646,-7.6340045500692628e-05,7.6340045500692628e-05,0.99992366286832646,-7.6340045500692628e-05,7.6340045500692628e-05,0
713,323,0.9997411454383629,-0.00025888807026188651,0.00025888807026188651,0.9997411454383629,-0.00025888807026188651,0.00025888807026188651,0
714,6721,0.99878471241476596,-0.0012160266460330949,0.0012160266460330949,0.99878471241476596,-0.0012160266460330949,0.0012160266460330949,0
715,3778,0.98723579774080639,-0.012846364595423015,0.012846364595423015,0.98723579774080639,-0.012846364595423015,0.012846364595423015,0
716,9141,0.99999074137265964,-9.2586702017233507e-06,9.2586702017233507e-06,0.99999074137265964,-9.2586702017233507e-06,9.2586702017233507e-06,0
717,2851,0.99999684420689505,-3.1557980844450978e-06,3.1557980844450978e-06,0.99999684420689505,-3.1557980844450978e-06,3.1557980844450978e-06,0
718,13,0.99951900615496037,-0.00048110955968599982,0.00048110955968599982,0.99951900615496037,-0.00048110955968599982,0.00048110955968599982,0
719,5414,0.61604914330102889,-0.48442854054463375,0.48442854054463375,0.61604914330102889,-0.48442854054463375,0.48442854054463375,0
720,16358,0.62894144233187577,-0.46371712306714807,0.46371712306714807,0.62894144233187577,-0.46371712306714807,0.46371712306714807,0
721,7076,0.61502527779866334,-0.48609190990864021,0.48609190990864021,0.61502527779866334,-0.48609190990864021,0.48609190990864021,0
722,706,0.89468020503394963,-0.11128893736994412,0.11128893736994412,0.89468020503394963,-0.11128893736994412,0.11128893736994412,0
723,1027,0.72201849043213517,-0.32570453040043401,0.32570453040043401,0.72201849043213517,-0.32570453040043401,0.32570453040043401,0
724,13160,0.99993092490308033,-6.9077482714014163e-05,6.9077482714014163e-05,0.99993092490308033,-6.9077482714014163e-05,6.9077482714014163e-05,0
725,555,0.99999964241654249,-3.5758352147561008e-07,3.5758352147561008e-07,0.99999964241654249,-3.5758352147561008e-07,3.5758352147561008e-07,0
726,12387,0.99283434263443593,-0.007191453995381192,0.007191453995381192,0.99283434263443593,-0.007191453995381192,0.007191453995381192,0
727,59284,0.97712516923697812,-0.023140519242754495,0.023140519242754495,0.97712516923697812,-0.023140519242754495,0.023140519242754495,0
728,11,0.99044519375612317,-0.0096007462712946988,0.0096007462712946988,0.99044519375612317,-0.0096007462712946988,0.0096007462712946988,0
729,2737,0.49751693032883582,-0.69812569215079423,0.69812569215079423,0.49751693032883582,-0.69812569215079423,0.69812569215079423,0
730,3116,0.9966308702498401,-0.0033748180477987571,0.0033748180477987571,0.9966308702498401,-0.0033748180477987571,0.0033748180477987571,0
731,34538,0.99997403782357908,-2.5962513444102474e-05,2.5962513444102474e-05,0.99997403782357908,-2.5962513444102474e-05,2.5962513444102474e-05,0
732,4435,0.9999926423309845,-7.3576960832789959e-06,7.3576960832789959e-06,0.9999926423309845,-7.3576960832789959e-06,7.3576960832789959e-06,0
733,29201,0.99998542570021376,-1.4574405992378987e-05,1.4574405992378987e-05,0.99998542570021376,-1.4574405992378987e-05,1.4574405992378987e-05,0
734,4870,0.99999790835450564,-2.09164768181034e-06,2.09164768181034e-06,0.99999790835450564,-2.09164768181034e-06,2.09164768181034e-06,0
735,48854,0.99997849613609535,-2.1504095116034995e-05,2.1504095116034995e-05,0.99997849613609535,-2.1504095116034995e-05,2.1504095116034995e-05,0
736,11,0.99510799519747761,-0.004904009826442365,0.004904009826442365,0.99510799519747761,-0.004904009826442365,0.004904009826442365,0
737,264,0.99995680402087739,-4.3196912095835489e-05,4.3196912095835489e-05,0.99995680402087739,-4.3196912095835489e-05,4.3196912095835489e-05,0
738,28395,0.99998498181621109,-1.501829656297185e-05,1.501829656297185e-05,0.99998498181621109,-1.501829656297185e-05,1.501829656297185e-05,0
739,29201,0.99997929170284794,-2.0708511571761277e-05,2.0708511571761277e-05,0.99997929170284794,-2.0708511571761277e-05,2.0708511571761277e-05,0
740,4870,0.99999967419691593,-3.2580313713040677e-07,3.2580313713040677e-07,0.99999967419691593,-3.2580313713040677e-07,3.2580313713040677e-07,0
741,19134,0.99992451025625906,-7.5492593235027876e-05,7.5492593235027876e-05,0.99992451025625906,-7.5492593235027876e-05,7.5492593235027876e-05,0
742,11,0.99997372709728682,-2.6273247851984857e-05,2.6273247851984857e-05,0.99997372709728682,-2.6273247851984857e-05,2.6273247851984857e-05,0
743,323,0.99973634721241444,-0.00026368755009209327,0.00026368755009209327,0.99973634721241444,-0.00026368755009209327,0.00026368755009209327,0
744,459,0.99983184835585692,-0.00016816578321577635,0.00016816578321577635,0.99983184835585692,-0.00016816578321577635,0.00016816578321577635,0
745,34260,0.99548307156435223,-0.004527160580430541,0.004527160580430541,0.99548307156435223,-0.004527160580430541,0.004527160580430541,0
746,14829,0.99998619968068492,-1.3800414540356238e-05,1.3800414540356238e-05,0.99998619968068492,-1.3800414540356238e-05,1.3800414540356238e-05,0
747,358,0.99996920143381407,-3.079904047149428e-05,3.079904047149428e-05,0.99996920143381407,-3.079904047149428e-05,3.079904047149428e-05,0
748,29201,0.99991133395676157,-8.866997430437626e-05,8.866997430437626e-05,0.99991133395676157,-8.866997430437626e-05,8.866997430437626e-05,0
749,4870,0.99999964702982025,-3.5297024202413106e-07,3.5297024202413106e-07,0.99999964702982025,-3.5297024202413106e-07,3.5297024202413106e-07,0
750,62668,0.99996158766404364,-3.8413073729024296e-05,3.8413073729024296e-05,0.99996158766404364,-3.8413073729024296e-05,3.8413073729024296e-05,0
751,19134,0.99977741960153088,-0.00022260517316231515,0.00022260517316231515,0.99977741960153088,-0.00022260517316231515,0.00022260517316231515,0
752,13,0.99958822136644032,-0.00041186343766229919,0.00041186343766229919,0.99958822136644032,-0.00041186343766229919,0.00041186343766229919,0
753,11876,0.96572589489769756,-0.034875237728926742,0.034875237728926742,0.96572589489769756,-0.034875237728926742,0.034875237728926742,0
754,52757,0.99998668792574452,-1.3312162861933153e-05,1.3312162861933153e-05,0.99998668792574452,-1.3312162861933153e-05,1.3312162861933153e-05,0
755,596,0.92675085560306192,-0.076070513722089061,0.076070513722089061,0.92675085560306192,-0.076070513722089061,0.076070513722089061,0
756,5845,0.76794702187899311,-0.26403453014222195,0.26403453014222195,0.76794702187899311,-0.26403453014222195,0.26403453014222195,0
757,311,0.99999861947605062,-1.3805249022630559e-06,1.3805249022630559e-06,0.99999861947605062,-1.3805249022630559e-06,1.3805249022630559e-06,0
758,25555,0.98703196450555553,-0.013052854555774809,0.013052854555774809,0.98703196450555553,-0.013052854555774809,0.013052854555774809,0
759,304,0.99999976258119982,-2.3741882839072603e-07,2.3741882839072603e-07,0.99999976258119982,-2.3741882839072603e-07,2.3741882839072603e-07,0
760,5361,0.99944833925813514,-0.00055181296263734846,0.00055181296263734846,0.99944833925813514,-0.00055181296263734846,0.00055181296263734846,0
761,49255,0.99923905258234991,-0.00076123708509338482,0.00076123708509338482,0.99923905258234991,-0.00076123708509338482,0.00076123708509338482,0
762,706,0.9936851870875133,-0.0063348356814144939,0.0063348356814144939,0.9936851870875133,-0.0063348356814144939,0.0063348356814144939,0
763,1903,0.5029739824218239,-0.68721683502767905,0.68721683502767905,0.5029739824218239,-0.68721683502767905,0.68721683502767905,0
764,1461,0.99999784947697989,-2.1505253324695366e-06,2.1505253324695366e-06,0.99999784947697989,-2.1505253324695366e-06,2.1505253324695366e-06,0
765,264,0.99920503592975829,-0.00079528022174199281,0.00079528022174199281,0.99920503592975829,-0.00079528022174199281,0.00079528022174199281,0
766,28812,0.9770495883099396,-0.02321787253655214,0.02321787253655214,0.9770495883099396,-0.02321787253655214,0.02321787253655214,0
767,7216,0.99999508265648429,-4.9173556059315867e-06,4.9173556059315867e-06,0.99999508265648429,-4.9173556059315867e-06,4.9173556059315867e-06,0
768,304,0.99998996099017545,-1.0039060215729179e-05,1.0039060215729179e-05,0.99998996099017545,-1.0039060215729179e-05,1.0039060215729179e-05,0
769,279,0.99995248431657568,-4.751681233017149e-05,4.751681233017149e-05,0.99995248431657568,-4.751681233017149e-05,4.751681233017149e-05,0
770,10034,0.99999330221062188,-6.6978118083975245e-06,6.6978118083975245e-06,0.99999330221062188,-6.6978118083975245e-06,6.6978118083975245e-06,0
771,1917,0.99999924495910719,-7.550411778639511e-07,7.550411778639511e-07,0.99999924495910719,-7.550411778639511e-07,7.550411778639511e-07,0
772,11,0.98654677274087121,-0.013544541829560684,0.013544541829560684,0.98654677274087121,-0.013544541829560684,0.013544541829560684,0
773,323,0.99955452064753825,-0.00044557860786708785,0.00044557860786708785,0.99955452064753825,-0.00044557860786708785,0.00044557860786708785,0
774,813,0.99789889041828939,-0.0021033200092241962,0.0021033200092241962,0.99789889041828939,-0.0021033200092241962,0.0021033200092241962,0
775,20160,0.99980191950034258,-0.00019810012019061429,0.00019810012019061429,0.99980191950034258,-0.00019810012019061429,0.00019810012019061429,0
776,9731,0.99871741323013719,-0.0012834099882485612,0.0012834099882485612,0.99871741323013719,-0.0012834099882485612,0.0012834099882485612,0
777,311,0.99999961912658308,-3.8087348949022672e-07,3.8087348949022672e-07,0.99999961912658308,-3.8087348949022672e-07,3.8087348949022672e-07,0
778,31740,0.99911083059259032,-0.0008895649530159947,0.0008895649530159947,0.99911083059259032,-0.0008895649530159947,0.0008895649530159947,0
779,323,0.99996949226921072,-3.0508196159558906e-05,3.0508196159558906e-05,0.99996949226921072,-3.0508196159558906e-05,3.0508196159558906e-05,0
780,10383,0.99998129195295538,-1.8708222042333529e-05,1.8708222042333529e-05,0.99998129195295538,-1.8708222042333529e-05,1.8708222042333529e-05,0
781,502,0.99998604575403494,-1.395434332644425e-05,1.395434332644425e-05,0.99998604575403494,-1.395434332644425e-05,1.395434332644425e-05,0
782,22540,0.99999734435045096,-2.6556530752637067e-06,2.6556530752637067e-06,0.99999734435045096,-2.6556530752637067e-06,2.6556530752637067e-06,0
783,315,0.99998104138424504,-1.895879547178723e-05,1.895879547178723e-05,0.99998104138424504,-1.895879547178723e-05,1.895879547178723e-05,0
784,23579,0.99999933490761528,-6.6509260586050496e-07,6.6509260586050496e-07,0.99999933490761528,-6.6509260586050496e-07,6.6509260586050496e-07,0
785,323,0.99999043110983221,-9.5689359499082648e-06,9.5689359499082648e-06,0.99999043110983221,-9.5689359499082648e-06,9.5689359499082648e-06,0
786,7359,0.99999600975463743,-3.990253323653967e-06,3.990253323653967e-06,0.99999600975463743,-3.990253323653967e-06,3.990253323653967e-06,0
787,27083,0.87037397127216309,-0.13883230765645896,0.13883230765645896,0.87037397127216309,-0.13883230765645896,0.13883230765645896,0
788,13,0.99991961618712133,-8.0387043830556549e-05,8.0387043830556549e-05,0.99991961618712133,-8.0387043830556549e-05,8.0387043830556549e-05,0
789,4815,0.024345618478906449,-3.7154033849091723,3.7154033849091723,0.024345618478906449,-3.7154033849091723,3.7154033849091723,0
790,32812,0.18097672708753726,-1.7093868356102462,1.7093868356102462,0.18097672708753726,-1.7093868356102462,1.7093868356102462,0
791,1473,0.40318990161747731,-0.90834760813019833,0.90834760813019833,0.40318990161747731,-0.90834760813019833,0.90834760813019833,0
792,9,0.83732478928086918,-0.17754324399852967,0.17754324399852967,0.83732478928086918,-0.17754324399852967,0.17754324399852967,0
793,48677,0.41729364147121256,-0.87396512880910027,0.87396512880910027,0.41729364147121256,-0.87396512880910027,0.87396512880910027,0
794,11876,0.99866638268233898,-0.0013345073766560568,0.0013345073766560568,0.99866638268233898,-0.0013345073766560568,0.0013345073766560568,0
795,52757,0.99998942802196167,-1.0572033922112448e-05,1.0572033922112448e-05,0.99998942802196167,-1.0572033922112448e-05,1.0572033922112448e-05,0
796,596,0.56489440728088303,-0.57111645507011366,0.57111645507011366,0.56489440728088303,-0.57111645507011366,0.57111645507011366,0
797,27685,0.41005890912432608,-0.89145444881384062,0.89145444881384062,0.41005890912432608,-0.89145444881384062,0.89145444881384062,0
798,2199,0.97095129940432723,-0.029478967042001689,0.029478967042001689,0.97095129940432723,-0.029478967042001689,0.029478967042001689,0
799,198,0.99300695661360527,-0.007017609308326362,0.007017609308326362,0.99300695661360527,-0.007017609308326362,0.007017609308326362,0
800,9,0.99999653065862226,-3.4693473959168408e-06,3.4693473959168408e-06,0.99999653065862226,-3.4693473959168408e-06,3.4693473959168408e-06,0
801,27290,0.75125941588726175,-0.28600425958429432,0.28600425958429432,0.75125941588726175,-0.28600425958429432,0.28600425958429432,0
802,916,0.99934840637351052,-0.00065180600587820602,0.00065180600587820602,0.99934840637351052,-0.00065180600587820602,0.00065180600587820602,0
803,4652,0.99609717826983091,-0.0039104576130327374,0.0039104576130327374,0.99609717826983091,-0.0039104576130327374,0.0039104576130327374,0
804,389,0.45793187743306762,-0.78103484515983823,0.78103484515983823,0.45793187743306762,-0.78103484515983823,0.78103484515983823,0
805,48677,0.99329055397187993,-0.0067320555494455349,0.0067320555494455349,0.99329055397187993,-0.0067320555494455349,0.0067320555494455349,0
806,11876,0.9999954057984205,-4.5942121328740113e-06,4.5942121328740113e-06,0.9999954057984205,-4.5942121328740113e-06,4.5942121328740113e-06,0
807,52757,0.99998864210461069,-1.1357959890689754e-05,1.1357959890689754e-05,0.99998864210461069,-1.1357959890689754e-05,1.1357959890689754e-05,0
808,198,0.70994552266144484,-0.34256704053642134,0.34256704053642134,0.70994552266144484,-0.34256704053642134,0.34256704053642134,0
809,9,0.99999734518593841,-2.6548175855842432e-06,2.6548175855842432e-06,0.99999734518593841,-2.6548175855842432e-06,2.6548175855842432e-06,0
810,34538,0.79427011113002988,-0.23033168524652708,0.23033168524652708,0.79427011113002988,-0.23033168524652708,0.23033168524652708,0
811,916,0.96290459786307092,-0.037800939731128261,0.037800939731128261,0.96290459786307092,-0.037800939731128261,0.037800939731128261,0
812,4652,0.9136584477253501,-0.090298466945728531,0.090298466945728531,0.9136584477253501,-0.090298466945728531,0.090298466945728531,0
813,389,0.99999996174882144,-3.8251179269648926e-08,3.8251179269648926e-08,0.99999996174882144,-3.8251179269648926e-08,3.8251179269648926e-08,0
814,48677,0.99999969934233279,-3.0065771238172451e-07,3.0065771238172451e-07,0.99999969934233279,-3.0065771238172451e-07,3.0065771238172451e-07,0
815,11876,0.9999927955067085,-7.2045192440373873e-06,7.2045192440373873e-06,0.9999927955067085,-7.2045192440373873e-06,7.2045192440373873e-06,0
816,52757,0.99999626793034113,-3.7320766230756517e-06,3.7320766230756517e-06,0.99999626793034113,-3.7320766230756517e-06,3.7320766230756517e-06,0
817,198,0.98066989776954361,-0.019519371691901946,0.019519371691901946,0.98066989776954361,-0.019519371691901946,0.019519371691901946,0
818,9,0.99999555121216932,-4.4487977265993691e-06,4.4487977265993691e-06,0.99999555121216932,-4.4487977265993691e-06,4.4487977265993691e-06,0
819,28395,0.99497411348409259,-0.0050385587608837478,0.0050385587608837478,0.99497411348409259,-0.0050385587608837478,0.0050385587608837478,0
820,916,0.99997314709613194,-2.6853264413773546e-05,2.6853264413773546e-05,0.99997314709613194,-2.6853264413773546e-05,2.6853264413773546e-05,0
821,4652,0.99999115966890884,-8.8403701671283661e-06,8.8403701671283661e-06,0.99999115966890884,-8.8403701671283661e-06,8.8403701671283661e-06,0
822,389,0.99999990381436354,-9.6185641044649006e-08,9.6185641044649006e-08,0.99999990381436354,-9.6185641044649006e-08,9.6185641044649006e-08,0
823,48677,0.9999997312695097,-2.6873052636129253e-07,2.6873052636129253e-07,0.9999997312695097,-2.6873052636129253e-07,2.6873052636129253e-07,0
824,11876,0.99998923508199711,-1.0764975945077142e-05,1.0764975945077142e-05,0.99998923508199711,-1.0764975945077142e-05,1.0764975945077142e-05,0
825,52757,0.99997509868691958,-2.4901623123293437e-05,2.4901623123293437e-05,0.99997509868691958,-2.4901623123293437e-05,2.4901623123293437e-05,0
826,198,0.61030712798278108,-0.49379296002622186,0.49379296002622186,0.61030712798278108,-0.49379296002622186,0.49379296002622186,0
827,9,0.99994523893093601,-5.4762568506039379e-05,5.4762568506039379e-05,0.99994523893093601,-5.4762568506039379e-05,5.4762568506039379e-05,0
828,27816,0.48650641163258884,-0.72050519834201887,0.72050519834201887,0.48650641163258884,-0.72050519834201887,0.72050519834201887,0
829,69223,0.99999529381637542,-4.7061946987125368e-06,4.7061946987125368e-06,0.99999529381637542,-4.7061946987125368e-06,4.7061946987125368e-06,0
830,916,0.97571240603069431,-0.024587401943744043,0.024587401943744043,0.97571240603069431,-0.024587401943744043,0.024587401943744043,0
831,4652,0.99999138703830459,-8.6129987871986194e-06,8.6129987871986194e-06,0.99999138703830459,-8.6129987871986194e-06,8.6129987871986194e-06,0
832,389,0.99999983861137742,-1.6138863564418006e-07,1.6138863564418006e-07,0.99999983861137742,-1.6138863564418006e-07,1.6138863564418006e-07,0
833,48677,0.99999965538187463,-3.4461818478268804e-07,3.4461818478268804e-07,0.99999965538187463,-3.4461818478268804e-07,3.4461818478268804e-07,0
834,11876,0.99998972276193243,-1.0277290878766598e-05,1.0277290878766598e-05,0.99998972276193243,-1.0277290878766598e-05,1.0277290878766598e-05,0
835,52757,0.99998537122183706,-1.4628885164535908e-05,1.4628885164535908e-05,0.99998537122183706,-1.4628885164535908e-05,1.4628885164535908e-05,0
836,198,0.48121296034333749,-0.73144536186247844,0.73144536186247844,0.48121296034333749,-0.73144536186247844,0.73144536186247844,0
837,9,0.99992917072130894,-7.083178720283078e-05,7.083178720283078e-05,0.99992917072130894,-7.083178720283078e-05,7.083178720283078e-05,0
838,358,0.57278984662234522,-0.5572363893616169,0.5572363893616169,0.57278984662234522,-0.5572363893616169,0.5572363893616169,0
839,37432,0.99945890552433647,-0.0005412409201085639,0.0005412409201085639,0.99945890552433647,-0.0005412409201085639,0.0005412409201085639,0
840,916,0.9927028363953101,-0.0073239181372839364,0.0073239181372839364,0.9927028363953101,-0.0073239181372839364,0.0073239181372839364,0
841,4652,0.99998088880183744,-1.9111380783791268e-05,1.9111380783791268e-05,0.99998088880183744,-1.9111380783791268e-05,1.9111380783791268e-05,0
842,389,0.99999897233761681,-1.0276629111890613e-06,1.0276629111890613e-06,0.99999897233761681,-1.0276629111890613e-06,1.0276629111890613e-06,0
843,48677,0.99999923770210031,-7.6229819023379082e-07,7.6229819023379082e-07,0.99999923770210031,-7.6229819023379082e-07,7.6229819023379082e-07,0
844,11876,0.9999864223378141,-1.3577754363199915e-05,1.3577754363199915e-05,0.9999864223378141,-1.3577754363199915e-05,1.3577754363199915e-05,0
845,52757,0.99998214767941995,-1.7852479934636711e-05,1.7852479934636711e-05,0.99998214767941995,-1.7852479934636711e-05,1.7852479934636711e-05,0
846,198,0.45140587308834929,-0.79538840385403464,0.79538840385403464,0.45140587308834929,-0.79538840385403464,0.79538840385403464,0
847,9,0.99985851783390123,-0.00014149217564460919,0.00014149217564460919,0.99985851783390123,-0.00014149217564460919,0.00014149217564460919,0
848,16905,0.94590222358515252,-0.055616073004434177,0.055616073004434177,0.94590222358515252,-0.055616073004434177,0.055616073004434177,0
849,596,0.99983907575807707,-0.00016093719161809202,0.00016093719161809202,0.99983907575807707,-0.00016093719161809202,0.00016093719161809202,0
850,916,0.63326718913320024,-0.45686284616050105,0.45686284616050105,0.63326718913320024,-0.45686284616050105,0.45686284616050105,0
851,4652,0.99993729754173022,-6.2704424151135372e-05,6.2704424151135372e-05,0.99993729754173022,-6.2704424151135372e-05,6.2704424151135372e-05,0
852,389,0.99999800169499675,-1.9983069998813476e-06,1.9983069998813476e-06,0.99999800169499675,-1.9983069998813476e-06,1.9983069998813476e-06,0
853,48677,0.99999910678170201,-8.9321869687893044e-07,8.9321869687893044e-07,0.99999910678170201,-8.9321869687893044e-07,8.9321869687893044e-07,0
854,11876,0.99998448994800293,-1.5510172279182181e-05,1.5510172279182181e-05,0.99998448994800293,-1.5510172279182181e-05,1.5510172279182181e-05,0
855,52757,0.99996774268109145,-3.2257839187044419e-05,3.2257839187044419e-05,0.99996774268109145,-3.2257839187044419e-05,3.2257839187044419e-05,0
856,198,0.62503483683487704,-0.46994789186328906,0.46994789186328906,0.62503483683487704,-0.46994789186328906,0.46994789186328906,0
857,9,0.99984848352813427,-0.00015152795164599325,0.00015152795164599325,0.99984848352813427,-0.00015152795164599325,0.00015152795164599325,0
858,426,0.43685596318590708,-0.82815174191135965,0.82815174191135965,0.43685596318590708,-0.82815174191135965,0.82815174191135965,0
859,2191,0.99566147918290437,-0.0043479595084013455,0.0043479595084013455,0.99566147918290437,-0.0043479595084013455,0.0043479595084013455,0
860,277,0.9999992969387852,-7.0306146192531526e-07,7.0306146192531526e-07,0.9999992969387852,-7.0306146192531526e-07,7.0306146192531526e-07,0
861,377,0.99999980380409415,-1.961959251332739e-07,1.961959251332739e-07,0.99999980380409415,-1.961959251332739e-07,1.961959251332739e-07,0
862,3314,0.99866546590825267,-0.0013354253754222596,0.0013354253754222596,0.99866546590825267,-0.0013354253754222596,0.0013354253754222596,0
863,9304,0.99995654291476577,-4.345802952066505e-05,4.345802952066505e-05,0.99995654291476577,-4.345802952066505e-05,4.345802952066505e-05,0
864,3997,0.45047570891338917,-0.79745112366854021,0.79745112366854021,0.45047570891338917,-0.79745112366854021,0.79745112366854021,0
865,198,0.98964376545518573,-0.010410233482434245,0.010410233482434245,0.98964376545518573,-0.010410233482434245,0.010410233482434245,0
866,9,0.99999927134930089,-7.2865096455357151e-07,7.2865096455357151e-07,0.99999927134930089,-7.2865096455357151e-07,7.2865096455357151e-07,0
867,3907,0.99993646431539707,-6.3537703080028155e-05,6.3537703080028155e-05,0.99993646431539707,-6.3537703080028155e-05,6.3537703080028155e-05,0
868,315,0.9999993657271582,-6.3427304299769729e-07,6.3427304299769729e-07,0.9999993657271582,-6.3427304299769729e-07,6.3427304299769729e-07,0
869,19461,0.99999660293238457,-3.3970733854712302e-06,3.3970733854712302e-06,0.99999660293238457,-3.3970733854712302e-06,3.3970733854712302e-06,0
870,3997,0.99760374680287878,-0.0023991288065242219,0.0023991288065242219,0.99760374680287878,-0.0023991288065242219,0.0023991288065242219,0
871,198,0.35386237449374724,-1.0388472140565621,1.0388472140565621,0.35386237449374724,-1.0388472140565621,1.0388472140565621,0
872,9,0.99988175737604135,-0.00011824961516887946,0.00011824961516887946,0.99988175737604135,-0.00011824961516887946,0.00011824961516887946,0
873,14689,0.54851379820931623,-0.60054284332197805,0.60054284332197805,0.54851379820931623,-0.60054284332197805,0.60054284332197805,0
874,13345,0.9999758414598916,-2.4158831930597635e-05,2.4158831930597635e-05,0.9999758414598916,-2.4158831930597635e-05,2.4158831930597635e-05,0
875,62668,0.99999925262246447,-7.4737781479234101e-07,7.4737781479234101e-07,0.99999925262246447,-7.4737781479234101e-07,7.4737781479234101e-07,0
876,3997,0.75100536370296322,-0.2863424851623308,0.2863424851623308,0.75100536370296322,-0.2863424851623308,0.2863424851623308,0
877,198,0.96315411444423982,-0.037541844220726303,0.037541844220726303,0.96315411444423982,-0.037541844220726303,0.037541844220726303,0
878,9,0.99998899108044903,-1.1008980149533104e-05,1.1008980149533104e-05,0.99998899108044903,-1.1008980149533104e-05,1.1008980149533104e-05,0
879,1561,0.9955898952931771,-0.0044198579042298621,0.0044198579042298621,0.9955898952931771,-0.0044198579042298621,0.0044198579042298621,0
880,6457,0.99992557286464079,-7.4429905195927873e-05,7.4429905195927873e-05,0.99992557286464079,-7.4429905195927873e-05,7.4429905195927873e-05,0
881,1322,0.99999943346502274,-5.6653513774874735e-07,5.6653513774874735e-07,0.99999943346502274,-5.6653513774874735e-07,5.6653513774874735e-07,0
882,62668,0.9995680620496632,-0.00043203126240430237,0.00043203126240430237,0.9995680620496632,-0.00043203126240430237,0.00043203126240430237,0
883,3997,0.99968038846301188,-0.0003196626236409018,0.0003196626236409018,0.99968038846301188,-0.0003196626236409018,0.0003196626236409018,0
884,198,0.99867670238703055,-0.0013241739444392472,0.0013241739444392472,0.99867670238703055,-0.0013241739444392472,0.0013241739444392472,0
885,9,0.99999875010663597,-1.2498941451071689e-06,1.2498941451071689e-06,0.99999875010663597,-1.2498941451071689e-06,1.2498941451071689e-06,0
886,763,0.7948493042633421,-0.22960273668124154,0.22960273668124154,0.7948493042633421,-0.22960273668124154,0.22960273668124154,0
887,39291,0.99997020144228543,-2.9799001700372096e-05,2.9799001700372096e-05,0.99997020144228543,-2.9799001700372096e-05,2.9799001700372096e-05,0
888,82917,0.99998644818795646,-1.3551903870171924e-05,1.3551903870171924e-05,0.99998644818795646,-1.3551903870171924e-05,1.3551903870171924e-05,0
889,28331,0.99994378161105357,-5.6219969259275615e-05,5.6219969259275615e-05,0.99994378161105357,-5.6219969259275615e-05,5.6219969259275615e-05,0
890,3997,0.99999155784926774,-8.4421863674468129e-06,8.4421863674468129e-06,0.99999155784926774,-8.4421863674468129e-06,8.4421863674468129e-06,0
891,198,0.98566141520105643,-0.014442375643153055,0.014442375643153055,0.98566141520105643,-0.014442375643153055,0.014442375643153055,0
892,9,0.99999636644416179,-3.6335624395878892e-06,3.6335624395878892e-06,0.99999636644416179,-3.6335624395878892e-06,3.6335624395878892e-06,0
893,29950,0.96787747076175634,-0.032649779509032015,0.032649779509032015,0.96787747076175634,-0.032649779509032015,0.032649779509032015,0
894,50417,0.99999044084733568,-9.5591983532740958e-06,9.5591983532740958e-06,0.99999044084733568,-9.5591983532740958e-06,9.5591983532740958e-06,0
895,19134,0.99997253411531706,-2.7466261877264158e-05,2.7466261877264158e-05,0.99997253411531706,-2.7466261877264158e-05,2.7466261877264158e-05,0
896,3997,0.99986119231179971,-0.0001388173228790454,0.0001388173228790454,0.99986119231179971,-0.0001388173228790454,0.0001388173228790454,0
897,198,0.92168182054860059,-0.081555212004093741,0.081555212004093741,0.92168182054860059,-0.081555212004093741,0.081555212004093741,0
898,9,0.99998428298336661,-1.5717140147001997e-05,1.5717140147001997e-05,0.99998428298336661,-1.5717140147001997e-05,1.5717140147001997e-05,0
899,5165,0.64787963588871267,-0.43405034696830863,0.43405034696830863,0.64787963588871267,-0.43405034696830863,0.43405034696830863,0
900,21424,0.99995091992379526,-4.9081280671114435e-05,4.9081280671114435e-05,0.99995091992379526,-4.9081280671114435e-05,4.9081280671114435e-05,0
901,9130,0.9999936926456795,-6.3073742119287205e-06,6.3073742119287205e-06,0.9999936926456795,-6.3073742119287205e-06,6.3073742119287205e-06,0
902,3997,0.99995083286091768,-4.9168347825693975e-05,4.9168347825693975e-05,0.99995083286091768,-4.9168347825693975e-05,4.9168347825693975e-05,0
903,198,0.55971469728285583,-0.58032809421419662,0.58032809421419662,0.55971469728285583,-0.58032809421419662,0.58032809421419662,0
904,9,0.99992770996942637,-7.2292643623838353e-05,7.2292643623838353e-05,0.99992770996942637,-7.2292643623838353e-05,7.2292643623838353e-05,0
905,7043,0.59471166774706163,-0.51967858291091218,0.51967858291091218,0.59471166774706163,-0.51967858291091218,0.51967858291091218,0
906,28653,0.99951495640315546,-0.00048516126854208685,0.00048516126854208685,0.99951495640315546,-0.00048516126854208685,0.00048516126854208685,0
907,1543,0.99999977928678041,-2.2071324397133975e-07,2.2071324397133975e-07,0.99999977928678041,-2.2071324397133975e-07,2.2071324397133975e-07,0
908,596,0.99974636156181351,-0.00025367060985523614,0.00025367060985523614,0.99974636156181351,-0.00025367060985523614,0.00025367060985523614,0
909,27685,0.66189760444912915,-0.41264441106742145,0.41264441106742145,0.66189760444912915,-0.41264441106742145,0.41264441106742145,0
910,2199,0.99999684956771262,-3.1504372500300516e-06,3.1504372500300516e-06,0.99999684956771262,-3.1504372500300516e-06,3.1504372500300516e-06,0
911,198,0.61269130101001812,-0.48989405714792611,0.48989405714792611,0.61269130101001812,-0.48989405714792611,0.48989405714792611,0
912,9,0.99989661557077558,-0.00010338977376288613,0.00010338977376288613,0.99989661557077558,-0.00010338977376288613,0.00010338977376288613,0
913,578,0.82426128656216058,-0.19326770399434021,0.19326770399434021,0.82426128656216058,-0.19326770399434021,0.19326770399434021,0
914,99773,0.99515836989144935,-0.004853388769013936,0.004853388769013936,0.99515836989144935,-0.004853388769013936,0.004853388769013936,0
915,4506,0.99999804713280749,-1.9528690993887646e-06,1.9528690993887646e-06,0.99999804713280749,-1.9528690993887646e-06,1.9528690993887646e-06,0
916,596,0.99999859078381703,-1.4092171758771203e-06,1.4092171758771203e-06,0.99999859078381703,-1.4092171758771203e-06,1.4092171758771203e-06,0
917,27685,0.99971679523531698,-0.00028324487472550436,0.00028324487472550436,0.99971679523531698,-0.00028324487472550436,0.00028324487472550436,0
918,2199,0.99999508996837316,-4.9100436810456728e-06,4.9100436810456728e-06,0.99999508996837316,-4.9100436810456728e-06,4.9100436810456728e-06,0
919,198,0.84654117290848918,-0.16659643959770395,0.16659643959770395,0.84654117290848918,-0.16659643959770395,0.16659643959770395,0
920,9,0.99997917605268172,-2.082416413965735e-05,2.082416413965735e-05,0.99997917605268172,-2.082416413965735e-05,2.082416413965735e-05,0
921,578,0.49821336052546839,-0.69672685891936614,0.69672685891936614,0.49821336052546839,-0.69672685891936614,0.69672685891936614,0
922,9305,0.9994612788039644,-0.00053886635843614929,0.00053886635843614929,0.9994612788039644,-0.00053886635843614929,0.00053886635843614929,0
923,596,0.99999748072601713,-2.5192771563011561e-06,2.5192771563011561e-06,0.99999748072601713,-2.5192771563011561e-06,2.5192771563011561e-06,0
924,27685,0.99997646476863278,-2.3535508325105245e-05,2.3535508325105245e-05,0.99997646476863278,-2.3535508325105245e-05,2.3535508325105245e-05,0
925,2199,0.9999945900517444,-5.4099628894206834e-06,5.4099628894206834e-06,0.9999945900517444,-5.4099628894206834e-06,5.4099628894206834e-06,0
926,198,0.99874072019177329,-0.0012600733673230541,0.0012600733673230541,0.99874072019177329,-0.0012600733673230541,0.0012600733673230541,0
927,9,0.99998258917282579,-1.7410978744421431e-05,1.7410978744421431e-05,0.99998258917282579,-1.7410978744421431e-05,1.7410978744421431e-05,0
928,44023,0.94777884428580161,-0.053634090561023917,0.053634090561023917,0.94777884428580161,-0.053634090561023917,0.053634090561023917,0
929,37337,0.99997415340426077,-2.5846929768291098e-05,2.5846929768291098e-05,0.99997415340426077,-2.5846929768291098e-05,2.5846929768291098e-05,0
930,596,0.99999919427600281,-8.0572432173961985e-07,8.0572432173961985e-07,0.99999919427600281,-8.0572432173961985e-07,8.0572432173961985e-07,0
931,27685,0.99996661610402449,-3.3384453230151025e-05,3.3384453230151025e-05,0.99996661610402449,-3.3384453230151025e-05,3.3384453230151025e-05,0
932,2199,0.9999973361850798,-2.6638184681126091e-06,2.6638184681126091e-06,0.9999973361850798,-2.6638184681126091e-06,2.6638184681126091e-06,0
933,198,0.99178112855922373,-0.0082528325741254849,0.0082528325741254849,0.99178112855922373,-0.0082528325741254849,0.0082528325741254849,0
934,9,0.99999444748780142,-5.55252761383145e-06,5.55252761383145e-06,0.99999444748780142,-5.55252761383145e-06,5.55252761383145e-06,0
935,37940,0.8663441072771173,-0.14347309682931347,0.14347309682931347,0.8663441072771173,-0.14347309682931347,0.14347309682931347,0
936,783,0.99999987469057727,-1.2530943053006657e-07,1.2530943053006657e-07,0.99999987469057727,-1.2530943053006657e-07,1.2530943053006657e-07,0
937,30411,0.99999834947098476,-1.6505303773794548e-06,1.6505303773794548e-06,0.99999834947098476,-1.6505303773794548e-06,1.6505303773794548e-06,0
938,596,0.99999946991091127,-5.3008922923510237e-07,5.3008922923510237e-07,0.99999946991091127,-5.3008922923510237e-07,5.3008922923510237e-07,0
939,27685,0.99971419272414253,-0.0002858481265407385,0.0002858481265407385,0.99971419272414253,-0.0002858481265407385,0.0002858481265407385,0
940,2199,0.99999782251183389,-2.1774905368059729e-06,2.1774905368059729e-06,0.99999782251183389,-2.1774905368059729e-06,2.1774905368059729e-06,0
941,198,0.99347769193308366,-0.0065436712603943433,0.0065436712603943433,0.99347769193308366,-0.0065436712603943433,0.0065436712603943433,0
942,9,0.99999227001369995,-7.7300161766038633e-06,7.7300161766038633e-06,0.99999227001369995,-7.7300161766038633e-06,7.7300161766038633e-06,0
943,3468,0.56127484945528439,-0.5775445657070658,0.5775445657070658,0.56127484945528439,-0.5775445657070658,0.5775445657070658,0
944,6354,0.9997102912333482,-0.00028975074034349167,0.00028975074034349167,0.9997102912333482,-0.00028975074034349167,0.00028975074034349167,0
945,2689,0.99999894171654047,-1.0582840195421068e-06,1.0582840195421068e-06,0.99999894171654047,-1.0582840195421068e-06,1.0582840195421068e-06,0
946,13818,0.99999615148947529,-3.8485179301932354e-06,3.8485179301932354e-06,0.99999615148947529,-3.8485179301932354e-06,3.8485179301932354e-06,0
947,596,0.9999984426229287,-1.5573782839830194e-06,1.5573782839830194e-06,0.9999984426229287,-1.5573782839830194e-06,1.5573782839830194e-06,0
948,27685,0.99948210945780835,-0.00051802469381776242,0.00051802469381776242,0.99948210945780835,-0.00051802469381776242,0.00051802469381776242,0
949,2199,0.9999970866595026,-2.9133447411524182e-06,2.9133447411524182e-06,0.9999970866595026,-2.9133447411524182e-06,2.9133447411524182e-06,0
950,198,0.99972793825617456,-0.00027209875933547137,0.00027209875933547137,0.99972793825617456,-0.00027209875933547137,0.00027209875933547137,0
951,9,0.9999919320092534,-8.0680232930509746e-06,8.0680232930509746e-06,0.9999919320092534,-8.0680232930509746e-06,8.0680232930509746e-06,0
952,9454,0.98178453861115444,-0.018383405484676953,0.018383405484676953,0.98178453861115444,-0.018383405484676953,0.018383405484676953,0
953,14603,0.99999566264105377,-4.3373683525604391e-06,4.3373683525604391e-06,0.99999566264105377,-4.3373683525604391e-06,4.3373683525604391e-06,0
954,596,0.9999983484137317,-1.6515876321384298e-06,1.6515876321384298e-06,0.9999983484137317,-1.6515876321384298e-06,1.6515876321384298e-06,0
955,27685,0.99999495284267914,-5.0471700578308612e-06,5.0471700578308612e-06,0.99999495284267914,-5.0471700578308612e-06,5.0471700578308612e-06,0
956,2199,0.99999888859818453,-1.1114024330940959e-06,1.1114024330940959e-06,0.99999888859818453,-1.1114024330940959e-06,1.1114024330940959e-06,0
957,198,0.99996085427732584,-3.9146488887979641e-05,3.9146488887979641e-05,0.99996085427732584,-3.9146488887979641e-05,3.9146488887979641e-05,0
958,9,0.99999444071163801,-5.5593038148646266e-06,5.5593038148646266e-06,0.99999444071163801,-5.5593038148646266e-06,5.5593038148646266e-06,0
959,48562,0.55315493834444485,-0.59211713886422712,0.59211713886422712,0.55315493834444485,-0.59211713886422712,0.59211713886422712,0
960,473,0.99999959093997515,-4.0906010849848186e-07,4.0906010849848186e-07,0.99999959093997515,-4.0906010849848186e-07,4.0906010849848186e-07,0
961,14782,0.99999651483782526,-3.4851682479324598e-06,3.4851682479324598e-06,0.99999651483782526,-3.4851682479324598e-06,3.4851682479324598e-06,0
962,596,0.99999830909612564,-1.6909053039390574e-06,1.6909053039390574e-06,0.99999830909612564,-1.6909053039390574e-06,1.6909053039390574e-06,0
963,27685,0.99999705224744928,-2.9477568953512277e-06,2.9477568953512277e-06,0.99999705224744928,-2.9477568953512277e-06,2.9477568953512277e-06,0
964,2199,0.99999997206050162,-2.7939498768383406e-08,2.7939498768383406e-08,0.99999997206050162,-2.7939498768383406e-08,2.7939498768383406e-08,0
965,198,0.99997133241865155,-2.8667992271441549e-05,2.8667992271441549e-05,0.99997133241865155,-2.8667992271441549e-05,2.8667992271441549e-05,0
966,9,0.99999291321596517,-7.086809146161184e-06,7.086809146161184e-06,0.99999291321596517,-7.086809146161184e-06,7.086809146161184e-06,0
967,46315,0.98893775908602122,-0.011123882518747691,0.011123882518747691,0.98893775908602122,-0.011123882518747691,0.011123882518747691,0
968,72353,0.99999968968679587,-3.1031325224183571e-07,3.1031325224183571e-07,0.99999968968679587,-3.1031325224183571e-07,3.1031325224183571e-07,0
969,554,0.99999992677463623,-7.3225366420615505e-08,7.3225366420615505e-08,0.99999992677463623,-7.3225366420615505e-08,7.3225366420615505e-08,0
970,596,0.99999860569325338,-1.3943077186800825e-06,1.3943077186800825e-06,0.99999860569325338,-1.3943077186800825e-06,1.3943077186800825e-06,0
971,27685,0.99999768538165146,-2.3146210272972073e-06,2.3146210272972073e-06,0.99999768538165146,-2.3146210272972073e-06,2.3146210272972073e-06,0
972,2199,0.99999025350091153,-9.7465465858533091e-06,9.7465465858533091e-06,0.99999025350091153,-9.7465465858533091e-06,9.7465465858533091e-06,0
973,198,0.99989395685511018,-0.00010604876786164959,0.00010604876786164959,0.99989395685511018,-0.00010604876786164959,0.00010604876786164959,0
974,9,0.99999580833452151,-4.1916742635810701e-06,4.1916742635810701e-06,0.99999580833452151,-4.1916742635810701e-06,4.1916742635810701e-06,0
975,51075,0.96334979522394382,-0.037338698222013321,0.037338698222013321,0.96334979522394382,-0.037338698222013321,0.037338698222013321,0
976,3341,0.99999899061566977,-1.0093848396531882e-06,1.0093848396531882e-06,0.99999899061566977,-1.0093848396531882e-06,1.0093848396531882e-06,0
977,7678,0.99999814195172543,-1.8580500007458006e-06,1.8580500007458006e-06,0.99999814195172543,-1.8580500007458006e-06,1.8580500007458006e-06,0
978,596,0.99999489535826547,-5.1046547632496044e-06,5.1046547632496044e-06,0.99999489535826547,-5.1046547632496044e-06,5.1046547632496044e-06,0
979,27685,0.99999741090242733,-2.5891009243603616e-06,2.5891009243603616e-06,0.99999741090242733,-2.5891009243603616e-06,2.5891009243603616e-06,0
980,2199,0.99999989258861288,-1.0741139289572161e-07,1.0741139289572161e-07,0.99999989258861288,-1.0741139289572161e-07,1.0741139289572161e-07,0
981,198,0.99995768874449831,-4.2312150648136697e-05,4.2312150648136697e-05,0.99995768874449831,-4.2312150648136697e-05,4.2312150648136697e-05,0
982,9,0.9999974658093288,-2.5341938822125895e-06,2.5341938822125895e-06,0.9999974658093288,-2.5341938822125895e-06,2.5341938822125895e-06,0
983,67188,0.97845435585283747,-0.021781140292943525,0.021781140292943525,0.97845435585283747,-0.021781140292943525,0.021781140292943525,0
984,31298,0.99999863959117219,-1.3604097531947581e-06,1.3604097531947581e-06,0.99999863959117219,-1.3604097531947581e-06,1.3604097531947581e-06,0
985,300,0.99999993409775001,-6.5902252148795662e-08,6.5902252148795662e-08,0.99999993409775001,-6.5902252148795662e-08,6.5902252148795662e-08,0
986,42221,0.99999958097693276,-4.1902315498010776e-07,4.1902315498010776e-07,0.99999958097693276,-4.1902315498010776e-07,4.1902315498010776e-07,0
987,596,0.99307888732740734,-0.0069451746609994446,0.0069451746609994446,0.99307888732740734,-0.0069451746609994446,0.0069451746609994446,0
988,27685,0.99999821392000232,-1.7860815927489303e-06,1.7860815927489303e-06,0.99999821392000232,-1.7860815927489303e-06,1.7860815927489303e-06,0
989,2199,0.99999907667918209,-9.2332124419286697e-07,9.2332124419286697e-07,0.99999907667918209,-9.2332124419286697e-07,9.2332124419286697e-07,0
990,198,0.9999376496198491,-6.2352324016635749e-05,6.2352324016635749e-05,0.9999376496198491,-6.2352324016635749e-05,6.2352324016635749e-05,0
991,9,0.99999406603457264,-5.933983033417057e-06,5.933983033417057e-06,0.99999406603457264,-5.933983033417057e-06,5.933983033417057e-06,0
992,362,0.99995869355776179,-4.1307295372799261e-05,4.1307295372799261e-05,0.99995869355776179,-4.1307295372799261e-05,4.1307295372799261e-05,0
993,1638,0.99999993647253649,-6.3527465490836604e-08,6.3527465490836604e-08,0.99999993647253649,-6.3527465490836604e-08,6.3527465490836604e-08,0
994,1334,0.99999966481785707,-3.3518219911083458e-07,3.3518219911083458e-07,0.99999966481785707,-3.3518219911083458e-07,3.3518219911083458e-07,0
995,6193,0.99999845070511073,-1.5492960894116212e-06,1.5492960894116212e-06,0.99999845070511073,-1.5492960894116212e-06,1.5492960894116212e-06,0
996,68,0.99999973409351217,-2.6590652319660176e-07,2.6590652319660176e-07,0.99999973409351217,-2.6590652319660176e-07,2.6590652319660176e-07,0
997,336,0.99999978246629673,-2.1753372690785881e-07,2.1753372690785881e-07,0.99999978246629673,-2.1753372690785881e-07,2.1753372690785881e-07,0
998,596,0.99999650444109556,-3.4955650139518373e-06,3.4955650139518373e-06,0.99999650444109556,-3.4955650139518373e-06,3.4955650139518373e-06,0
999,27685,0.99999723627051729,-2.7637333018221822e-06,2.7637333018221822e-06,0.99999723627051729,-2.7637333018221822e-06,2.7637333018221822e-06,0
1000,2199,0.99999838217589521,-1.6178254134642598e-06,1.6178254134642598e-06,0.99999838217589521,-1.6178254134642598e-06,1.6178254134642598e-06,0
1001,198,0.84085570258714504,-0.17333521210482389,0.17333521210482389,0.84085570258714504,-0.17333521210482389,0.17333521210482389,0
1002,9,0.99993939365257456,-6.0608184064302089e-05,6.0608184064302089e-05,0.99993939365257456,-6.0608184064302089e-05,6.0608184064302089e-05,0
1003,28395,0.75256710518540171,-0.28426511000896321,0.28426511000896321,0.75256710518540171,-0.28426511000896321,0.28426511000896321,0
1004,220,0.99978756608632224,-0.00021245648095764106,0.00021245648095764106,0.99978756608632224,-0.00021245648095764106,0.00021245648095764106,0
1005,1041,0.99992295029706635,-7.7052671414452485e-05,7.7052671414452485e-05,0.99992295029706635,-7.7052671414452485e-05,7.7052671414452485e-05,0
1006,27685,0.83399240020110144,-0.18153098913361235,0.18153098913361235,0.83399240020110144,-0.18153098913361235,0.18153098913361235,0
1007,2199,0.99751054610432954,-0.0024925577383387329,0.0024925577383387329,0.99751054610432954,-0.0024925577383387329,0.0024925577383387329,0
1008,198,0.99992488764761656,-7.5115173457466464e-05,7.5115173457466464e-05,0.99992488764761656,-7.5115173457466464e-05,7.5115173457466464e-05,0
1009,9,0.99999938129007671,-6.1871011469835892e-07,6.1871011469835892e-07,0.99999938129007671,-6.1871011469835892e-07,6.1871011469835892e-07,0
1010,28395,0.99969100309302705,-0.00030904465635371456,0.00030904465635371456,0.99969100309302705,-0.00030904465635371456,0.00030904465635371456,0
1011,220,0.99999970646294467,-2.9353709840048446e-07,2.9353709840048446e-07,0.99999970646294467,-2.9353709840048446e-07,2.9353709840048446e-07,0
1012,1049,0.99722271006370489,-0.0027811537616238692,0.0027811537616238692,0.99722271006370489,-0.0027811537616238692,0.0027811537616238692,0
1013,27685,0.99999426022707061,-5.739789401971178e-06,5.739789401971178e-06,0.99999426022707061,-5.739789401971178e-06,5.739789401971178e-06,0
1014,2199,0.99999685934549187,-3.1406594400273898e-06,3.1406594400273898e-06,0.99999685934549187,-3.1406594400273898e-06,3.1406594400273898e-06,0
1015,198,0.99148327418385906,-0.0085532003689512155,0.0085532003689512155,0.99148327418385906,-0.0085532003689512155,0.0085532003689512155,0
1016,9,0.99999491086649328,-5.0891464563853027e-06,5.0891464563853027e-06,0.99999491086649328,-5.0891464563853027e-06,5.0891464563853027e-06,0
1017,99399,0.93878560985882276,-0.063168143351525541,0.063168143351525541,0.93878560985882276,-0.063168143351525541,0.063168143351525541,0
1018,1692,0.99991503531528536,-8.4968294417889161e-05,8.4968294417889161e-05,0.99991503531528536,-8.4968294417889161e-05,8.4968294417889161e-05,0
1019,689,0.99999650019515585,-3.4998109684546762e-06,3.4998109684546762e-06,0.99999650019515585,-3.4998109684546762e-06,3.4998109684546762e-06,0
1020,1630,0.92488701561062558,-0.078083694215865002,0.078083694215865002,0.92488701561062558,-0.078083694215865002,0.078083694215865002,0
1021,5511,0.99999732639941141,-2.6736041626756042e-06,2.6736041626756042e-06,0.99999732639941141,-2.6736041626756042e-06,2.6736041626756042e-06,0
1022,27685,0.99988300727077983,-0.00011699957340337357,0.00011699957340337357,0.99988300727077983,-0.00011699957340337357,0.00011699957340337357,0
1023,2199,0.99999795995028817,-2.0400517927016535e-06,2.0400517927016535e-06,0.99999795995028817,-2.0400517927016535e-06,2.0400517927016535e-06,0
