ggml_metal_device_init: tensor API disabled for pre-M5 and pre-A19 devices
ggml_metal_library_init: using embedded metal library
ggml_metal_library_init: loaded in 0.007 sec
ggml_metal_rsets_init: creating a residency set collection (keep_alive = 180 s)
ggml_metal_device_init: GPU name:   MTL0
ggml_metal_device_init: GPU family: MTLGPUFamilyApple7  (1007)
ggml_metal_device_init: GPU family: MTLGPUFamilyCommon3 (3003)
ggml_metal_device_init: GPU family: MTLGPUFamilyMetal4  (5002)
ggml_metal_device_init: simdgroup reduction   = true
ggml_metal_device_init: simdgroup matrix mul. = true
ggml_metal_device_init: has unified memory    = true
ggml_metal_device_init: has bfloat            = true
ggml_metal_device_init: has tensor            = false
ggml_metal_device_init: use residency sets    = true
ggml_metal_device_init: use shared buffers    = true
ggml_metal_device_init: recommendedMaxWorkingSetSize  = 12713.12 MB
build: 8138 (2e37921fb) with AppleClang 17.0.0.17000603 for Darwin arm64
srv    load_model: loading model '../models/Meta-Llama-3.1-8B-Instruct-Q4_K_M.gguf'
common_init_result: fitting params to device memory, for bugs during this step try to reproduce them with -fit off, or provide --verbose logs if the bug only occurs with -fit on
llama_params_fit_impl: projected to use 5199 MiB of device memory vs. 12123 MiB of free device memory
llama_params_fit_impl: will leave 6924 >= 1024 MiB of free device memory, no changes needed
llama_params_fit: successfully fit params to free device memory
llama_params_fit: fitting params to free memory took 0.18 seconds
llama_model_load_from_file_impl: using device MTL0 (Apple M1 Pro) (unknown id) - 12123 MiB free
llama_model_loader: loaded meta data with 33 key-value pairs and 292 tensors from ../models/Meta-Llama-3.1-8B-Instruct-Q4_K_M.gguf (version GGUF V3 (latest))
llama_model_loader: Dumping metadata keys/values. Note: KV overrides do not apply in this output.
llama_model_loader: - kv   0:                       general.architecture str              = llama
llama_model_loader: - kv   1:                               general.type str              = model
llama_model_loader: - kv   2:                               general.name str              = Meta Llama 3.1 8B Instruct
llama_model_loader: - kv   3:                           general.finetune str              = Instruct
llama_model_loader: - kv   4:                           general.basename str              = Meta-Llama-3.1
llama_model_loader: - kv   5:                         general.size_label str              = 8B
llama_model_loader: - kv   6:                            general.license str              = llama3.1
llama_model_loader: - kv   7:                               general.tags arr[str,6]       = ["facebook", "meta", "pytorch", "llam...
llama_model_loader: - kv   8:                          general.languages arr[str,8]       = ["en", "de", "fr", "it", "pt", "hi", ...
llama_model_loader: - kv   9:                          llama.block_count u32              = 32
llama_model_loader: - kv  10:                       llama.context_length u32              = 131072
llama_model_loader: - kv  11:                     llama.embedding_length u32              = 4096
llama_model_loader: - kv  12:                  llama.feed_forward_length u32              = 14336
llama_model_loader: - kv  13:                 llama.attention.head_count u32              = 32
llama_model_loader: - kv  14:              llama.attention.head_count_kv u32              = 8
llama_model_loader: - kv  15:                       llama.rope.freq_base f32              = 500000.000000
llama_model_loader: - kv  16:     llama.attention.layer_norm_rms_epsilon f32              = 0.000010
llama_model_loader: - kv  17:                          general.file_type u32              = 15
llama_model_loader: - kv  18:                           llama.vocab_size u32              = 128256
llama_model_loader: - kv  19:                 llama.rope.dimension_count u32              = 128
llama_model_loader: - kv  20:                       tokenizer.ggml.model str              = gpt2
llama_model_loader: - kv  21:                         tokenizer.ggml.pre str              = llama-bpe
llama_model_loader: - kv  22:                      tokenizer.ggml.tokens arr[str,128256]  = ["!", "\"", "#", "$", "%", "&", "'", ...
llama_model_loader: - kv  23:                  tokenizer.ggml.token_type arr[i32,128256]  = [1, 1, 1, 1, 1, 1, 1, 1, 1, 1, 1, 1, ...
llama_model_loader: - kv  24:                      tokenizer.ggml.merges arr[str,280147]  = ["Ġ Ġ", "Ġ ĠĠĠ", "ĠĠ ĠĠ", "...
llama_model_loader: - kv  25:                tokenizer.ggml.bos_token_id u32              = 128000
llama_model_loader: - kv  26:                tokenizer.ggml.eos_token_id u32              = 128009
llama_model_loader: - kv  27:                    tokenizer.chat_template str              = {{- bos_token }}\n{%- if custom_tools ...
llama_model_loader: - kv  28:               general.quantization_version u32              = 2
llama_model_loader: - kv  29:                      quantize.imatrix.file str              = /models_out/Meta-Llama-3.1-8B-Instruc...
llama_model_loader: - kv  30:                   quantize.imatrix.dataset str              = /training_dir/calibration_datav3.txt
llama_model_loader: - kv  31:             quantize.imatrix.entries_count i32              = 224
llama_model_loader: - kv  32:              quantize.imatrix.chunks_count i32              = 125
llama_model_loader: - type  f32:   66 tensors
llama_model_loader: - type q4_K:  193 tensors
llama_model_loader: - type q6_K:   33 tensors
print_info: file format = GGUF V3 (latest)
print_info: file type   = Q4_K - Medium
print_info: file size   = 4.58 GiB (4.89 BPW) 
load: 0 unused tokens
load: printing all EOG tokens:
load:   - 128001 ('<|end_of_text|>')
load:   - 128008 ('<|eom_id|>')
load:   - 128009 ('<|eot_id|>')
load: special tokens cache size = 256
load: token to piece cache size = 0.7999 MB
print_info: arch                  = llama
print_info: vocab_only            = 0
print_info: no_alloc              = 0
print_info: n_ctx_train           = 131072
print_info: n_embd                = 4096
print_info: n_embd_inp            = 4096
print_info: n_layer               = 32
print_info: n_head                = 32
print_info: n_head_kv             = 8
print_info: n_rot                 = 128
print_info: n_swa                 = 0
print_info: is_swa_any            = 0
print_info: n_embd_head_k         = 128
print_info: n_embd_head_v         = 128
print_info: n_gqa                 = 4
print_info: n_embd_k_gqa          = 1024
print_info: n_embd_v_gqa          = 1024
print_info: f_norm_eps            = 0.0e+00
print_info: f_norm_rms_eps        = 1.0e-05
print_info: f_clamp_kqv           = 0.0e+00
print_info: f_max_alibi_bias      = 0.0e+00
print_info: f_logit_scale         = 0.0e+00
print_info: f_attn_scale          = 0.0e+00
print_info: n_ff                  = 14336
print_info: n_expert              = 0
print_info: n_expert_used         = 0
print_info: n_expert_groups       = 0
print_info: n_group_used          = 0
print_info: causal attn           = 1
print_info: pooling type          = 0
print_info: rope type             = 0
print_info: rope scaling          = linear
print_info: freq_base_train       = 500000.0
print_info: freq_scale_train      = 1
print_info: n_ctx_orig_yarn       = 131072
print_info: rope_yarn_log_mul     = 0.0000
print_info: rope_finetuned        = unknown
print_info: model type            = 8B
print_info: model params          = 8.03 B
print_info: general.name          = Meta Llama 3.1 8B Instruct
print_info: vocab type            = BPE
print_info: n_vocab               = 128256
print_info: n_merges              = 280147
print_info: BOS token             = 128000 '<|begin_of_text|>'
print_info: EOS token             = 128009 '<|eot_id|>'
print_info: EOT token             = 128001 '<|end_of_text|>'
print_info: EOM token             = 128008 '<|eom_id|>'
print_info: LF token              = 198 'Ċ'
print_info: EOG token             = 128001 '<|end_of_text|>'
print_info: EOG token             = 128008 '<|eom_id|>'
print_info: EOG token             = 128009 '<|eot_id|>'
print_info: max token length      = 256
load_tensors: loading model tensors, this can take a while... (mmap = true, direct_io = false)
load_tensors: offloading output layer to GPU
load_tensors: offloading 31 repeating layers to GPU
load_tensors: offloaded 33/33 layers to GPU
load_tensors:   CPU_Mapped model buffer size =   281.81 MiB
load_tensors:  MTL0_Mapped model buffer size =  4685.30 MiB
........................................................................................
common_init_result: added <|end_of_text|> logit bias = -inf
common_init_result: added <|eom_id|> logit bias = -inf
common_init_result: added <|eot_id|> logit bias = -inf
llama_context: constructing llama_context
llama_context: n_seq_max     = 1
llama_context: n_ctx         = 4096
llama_context: n_ctx_seq     = 4096
llama_context: n_batch       = 2048
llama_context: n_ubatch      = 512
llama_context: causal_attn   = 1
llama_context: flash_attn    = disabled
llama_context: kv_unified    = false
llama_context: freq_base     = 500000.0
llama_context: freq_scale    = 1
llama_context: n_ctx_seq (4096) < n_ctx_train (131072) -- the full capacity of the model will not be utilized
ggml_metal_init: allocating
ggml_metal_init: found device: Apple M1 Pro
ggml_metal_init: picking default device: Apple M1 Pro
ggml_metal_init: use fusion         = true
ggml_metal_init: use concurrency    = true
ggml_metal_init: use graph optimize = true
llama_context:        CPU  output buffer size =     0.49 MiB
llama_kv_cache:       MTL0 KV buffer size =   512.00 MiB
llama_kv_cache: size =  512.00 MiB (  4096 cells,  32 layers,  1/1 seqs), K (f16):  256.00 MiB, V (f16):  256.00 MiB
sched_reserve: reserving ...
sched_reserve:       MTL0 compute buffer size =   284.01 MiB
sched_reserve:        CPU compute buffer size =    28.01 MiB
sched_reserve: graph nodes  = 1158
sched_reserve: graph splits = 2
sched_reserve: reserve took 11.95 ms, sched copies = 1
common_init_from_params: warming up the model with an empty run - please wait ... (--no-warmup to disable)
srv    load_model: initializing slots, n_slots = 1
no implementations specified for speculative decoding
slot   load_model: id  0 | task -1 | speculative decoding context not initialized
slot   load_model: id  0 | task -1 | new slot, n_ctx = 4096
srv    load_model: prompt cache is enabled, size limit: 8192 MiB
srv    load_model: use `--cache-ram 0` to disable the prompt cache
srv    load_model: for more info see https://github.com/ggml-org/llama.cpp/pull/16391
init: chat template, example_format: '<|start_header_id|>system<|end_header_id|>

Environment: ipython
Tools: 

Cutting Knowledge Date: December 2023
Today Date: 14 Aug 2026

You are a helpful assistant<|eot_id|><|start_header_id|>user<|end_header_id|>

Hello<|eot_id|><|start_header_id|>assistant<|end_header_id|>

Hi there<|eot_id|><|start_header_id|>user<|end_header_id|>

How are you?<|eot_id|><|start_header_id|>assistant<|end_header_id|>

'
srv          init: init: chat template, thinking = 0
srv  update_slots: all slots are idle
slot get_availabl: id  0 | task -1 | selected slot by LRU, t_last = -1
slot launch_slot_: id  0 | task -1 | sampler chain: logits -> ?penalties -> ?dry -> ?top-n-sigma -> top-k -> ?typical -> top-p -> min-p -> ?xtc -> temp-ext -> dist 
slot launch_slot_: id  0 | task 0 | processing task, is_child = 0
slot update_slots: id  0 | task 0 | new prompt, n_ctx_slot = 4096, n_keep = 0, task.n_tokens = 4069
slot update_slots: id  0 | task 0 | n_tokens = 0, memory_seq_rm [0, end)
slot update_slots: id  0 | task 0 | prompt processing progress, n_tokens = 2048, batch.n_tokens = 2048, progress = 0.503318
slot update_slots: id  0 | task 0 | n_tokens = 2048, memory_seq_rm [2048, end)
slot update_slots: id  0 | task 0 | prompt processing progress, n_tokens = 4069, batch.n_tokens = 2021, progress = 1.000000
slot update_slots: id  0 | task 0 | prompt done, n_tokens = 4069, batch.n_tokens = 2021
slot init_sampler: id  0 | task 0 | init sampler, took 0.41 ms, tokens: text = 4069, total = 4069
slot update_slots: id  0 | task 0 | h2o eviction, prefix_keep = 1, recent_keep = 2047, victim = [1312,1313), score = 2.505707
slot update_slots: id  0 | task 0 | h2o eviction, prefix_keep = 1, recent_keep = 2047, victim = [1330,1331), score = 3.463807
slot update_slots: id  0 | task 0 | h2o eviction, prefix_keep = 1, recent_keep = 2047, victim = [1331,1332), score = 3.904311
slot update_slots: id  0 | task 0 | h2o eviction, prefix_keep = 1, recent_keep = 2047, victim = [1757,1758), score = 3.996198
slot update_slots: id  0 | task 0 | h2o eviction, prefix_keep = 1, recent_keep = 2047, victim = [1107,1108), score = 4.042389
slot update_slots: id  0 | task 0 | h2o eviction, prefix_keep = 1, recent_keep = 2047, victim = [1703,1704), score = 4.062457
slot update_slots: id  0 | task 0 | h2o eviction, prefix_keep = 1, recent_keep = 2047, victim = [1600,1601), score = 4.117078
slot update_slots: id  0 | task 0 | h2o eviction, prefix_keep = 1, recent_keep = 2047, victim = [1041,1042), score = 4.197896
slot update_slots: id  0 | task 0 | h2o eviction, prefix_keep = 1, recent_keep = 2047, victim = [1090,1091), score = 4.236733
slot update_slots: id  0 | task 0 | h2o eviction, prefix_keep = 1, recent_keep = 2047, victim = [1600,1601), score = 4.339878
slot update_slots: id  0 | task 0 | h2o eviction, prefix_keep = 1, recent_keep = 2047, victim = [1306,1307), score = 4.364721
slot update_slots: id  0 | task 0 | h2o eviction, prefix_keep = 1, recent_keep = 2047, victim = [1792,1793), score = 4.423775
slot update_slots: id  0 | task 0 | h2o eviction, prefix_keep = 1, recent_keep = 2047, victim = [1597,1598), score = 4.466318
slot update_slots: id  0 | task 0 | h2o eviction, prefix_keep = 1, recent_keep = 2047, victim = [1749,1750), score = 4.498894
slot update_slots: id  0 | task 0 | h2o eviction, prefix_keep = 1, recent_keep = 2047, victim = [1306,1307), score = 4.562024
slot update_slots: id  0 | task 0 | h2o eviction, prefix_keep = 1, recent_keep = 2047, victim = [1307,1308), score = 4.609068
slot update_slots: id  0 | task 0 | h2o eviction, prefix_keep = 1, recent_keep = 2047, victim = [1104,1105), score = 4.671790
slot update_slots: id  0 | task 0 | h2o eviction, prefix_keep = 1, recent_keep = 2047, victim = [1322,1323), score = 4.741595
slot update_slots: id  0 | task 0 | h2o eviction, prefix_keep = 1, recent_keep = 2047, victim = [1356,1357), score = 4.763596
slot update_slots: id  0 | task 0 | h2o eviction, prefix_keep = 1, recent_keep = 2047, victim = [762,763), score = 4.870381
slot update_slots: id  0 | task 0 | h2o eviction, prefix_keep = 1, recent_keep = 2047, victim = [1777,1778), score = 4.895695
slot update_slots: id  0 | task 0 | h2o eviction, prefix_keep = 1, recent_keep = 2047, victim = [1037,1038), score = 4.914007
slot update_slots: id  0 | task 0 | h2o eviction, prefix_keep = 1, recent_keep = 2047, victim = [820,821), score = 4.959864
slot update_slots: id  0 | task 0 | h2o eviction, prefix_keep = 1, recent_keep = 2047, victim = [1957,1958), score = 5.020923
slot update_slots: id  0 | task 0 | h2o eviction, prefix_keep = 1, recent_keep = 2047, victim = [1353,1354), score = 5.026169
slot update_slots: id  0 | task 0 | h2o eviction, prefix_keep = 1, recent_keep = 2047, victim = [823,824), score = 5.050614
slot update_slots: id  0 | task 0 | h2o eviction, prefix_keep = 1, recent_keep = 2047, victim = [1736,1737), score = 5.086958
slot update_slots: id  0 | task 0 | h2o eviction, prefix_keep = 1, recent_keep = 2047, victim = [2020,2021), score = 5.109951
slot update_slots: id  0 | task 0 | h2o eviction, prefix_keep = 1, recent_keep = 2047, victim = [1175,1176), score = 5.113577
slot update_slots: id  0 | task 0 | h2o eviction, prefix_keep = 1, recent_keep = 2047, victim = [1182,1183), score = 5.139462
slot update_slots: id  0 | task 0 | h2o eviction, prefix_keep = 1, recent_keep = 2047, victim = [1192,1193), score = 5.174362
slot update_slots: id  0 | task 0 | h2o eviction, prefix_keep = 1, recent_keep = 2047, victim = [1566,1567), score = 5.177894
slot update_slots: id  0 | task 0 | h2o eviction, prefix_keep = 1, recent_keep = 2047, victim = [759,760), score = 5.182850
slot update_slots: id  0 | task 0 | h2o eviction, prefix_keep = 1, recent_keep = 2047, victim = [1731,1732), score = 5.215993
slot update_slots: id  0 | task 0 | h2o eviction, prefix_keep = 1, recent_keep = 2047, victim = [1113,1114), score = 5.221382
slot update_slots: id  0 | task 0 | h2o eviction, prefix_keep = 1, recent_keep = 2047, victim = [1343,1344), score = 5.237407
slot update_slots: id  0 | task 0 | h2o eviction, prefix_keep = 1, recent_keep = 2047, victim = [762,763), score = 5.281475
slot update_slots: id  0 | task 0 | h2o eviction, prefix_keep = 1, recent_keep = 2047, victim = [1769,1770), score = 5.378637
slot update_slots: id  0 | task 0 | h2o eviction, prefix_keep = 1, recent_keep = 2047, victim = [1728,1729), score = 5.388088
slot update_slots: id  0 | task 0 | h2o eviction, prefix_keep = 1, recent_keep = 2047, victim = [1717,1718), score = 5.409088
slot update_slots: id  0 | task 0 | h2o eviction, prefix_keep = 1, recent_keep = 2047, victim = [1337,1338), score = 5.440351
slot update_slots: id  0 | task 0 | h2o eviction, prefix_keep = 1, recent_keep = 2047, victim = [1293,1294), score = 5.466808
slot update_slots: id  0 | task 0 | h2o eviction, prefix_keep = 1, recent_keep = 2047, victim = [1574,1575), score = 5.479851
slot update_slots: id  0 | task 0 | h2o eviction, prefix_keep = 1, recent_keep = 2047, victim = [1667,1668), score = 5.486944
slot update_slots: id  0 | task 0 | h2o eviction, prefix_keep = 1, recent_keep = 2047, victim = [989,990), score = 5.515608
slot update_slots: id  0 | task 0 | h2o eviction, prefix_keep = 1, recent_keep = 2047, victim = [1309,1310), score = 5.521281
slot update_slots: id  0 | task 0 | h2o eviction, prefix_keep = 1, recent_keep = 2047, victim = [1568,1569), score = 5.532258
slot update_slots: id  0 | task 0 | h2o eviction, prefix_keep = 1, recent_keep = 2047, victim = [1145,1146), score = 5.534834
slot update_slots: id  0 | task 0 | h2o eviction, prefix_keep = 1, recent_keep = 2047, victim = [705,706), score = 5.546853
slot update_slots: id  0 | task 0 | h2o eviction, prefix_keep = 1, recent_keep = 2047, victim = [1002,1003), score = 5.553923
slot update_slots: id  0 | task 0 | h2o eviction, prefix_keep = 1, recent_keep = 2047, victim = [691,692), score = 5.576550
slot update_slots: id  0 | task 0 | h2o eviction, prefix_keep = 1, recent_keep = 2047, victim = [948,949), score = 5.581532
slot update_slots: id  0 | task 0 | h2o eviction, prefix_keep = 1, recent_keep = 2047, victim = [1887,1888), score = 5.594954
slot update_slots: id  0 | task 0 | h2o eviction, prefix_keep = 1, recent_keep = 2047, victim = [1847,1848), score = 5.602536
slot update_slots: id  0 | task 0 | h2o eviction, prefix_keep = 1, recent_keep = 2047, victim = [1009,1010), score = 5.651327
slot update_slots: id  0 | task 0 | h2o eviction, prefix_keep = 1, recent_keep = 2047, victim = [1154,1155), score = 5.663767
slot update_slots: id  0 | task 0 | h2o eviction, prefix_keep = 1, recent_keep = 2047, victim = [757,758), score = 5.665450
slot update_slots: id  0 | task 0 | h2o eviction, prefix_keep = 1, recent_keep = 2047, victim = [1750,1751), score = 5.675471
slot update_slots: id  0 | task 0 | h2o eviction, prefix_keep = 1, recent_keep = 2047, victim = [1926,1927), score = 5.685046
slot update_slots: id  0 | task 0 | h2o eviction, prefix_keep = 1, recent_keep = 2047, victim = [1704,1705), score = 5.698987
slot update_slots: id  0 | task 0 | h2o eviction, prefix_keep = 1, recent_keep = 2047, victim = [759,760), score = 5.716583
slot update_slots: id  0 | task 0 | h2o eviction, prefix_keep = 1, recent_keep = 2047, victim = [815,816), score = 5.724844
slot update_slots: id  0 | task 0 | h2o eviction, prefix_keep = 1, recent_keep = 2047, victim = [1089,1090), score = 5.730279
slot update_slots: id  0 | task 0 | h2o eviction, prefix_keep = 1, recent_keep = 2047, victim = [753,754), score = 5.742164
slot update_slots: id  0 | task 0 | h2o eviction, prefix_keep = 1, recent_keep = 2047, victim = [1699,1700), score = 5.809389
slot update_slots: id  0 | task 0 | h2o eviction, prefix_keep = 1, recent_keep = 2047, victim = [1531,1532), score = 5.816138
slot update_slots: id  0 | task 0 | h2o eviction, prefix_keep = 1, recent_keep = 2047, victim = [1272,1273), score = 5.845922
slot update_slots: id  0 | task 0 | h2o eviction, prefix_keep = 1, recent_keep = 2047, victim = [943,944), score = 5.868865
slot update_slots: id  0 | task 0 | h2o eviction, prefix_keep = 1, recent_keep = 2047, victim = [1118,1119), score = 5.899950
slot update_slots: id  0 | task 0 | h2o eviction, prefix_keep = 1, recent_keep = 2047, victim = [1246,1247), score = 5.914087
slot update_slots: id  0 | task 0 | h2o eviction, prefix_keep = 1, recent_keep = 2047, victim = [1318,1319), score = 5.936843
slot update_slots: id  0 | task 0 | h2o eviction, prefix_keep = 1, recent_keep = 2047, victim = [1545,1546), score = 5.939576
slot update_slots: id  0 | task 0 | h2o eviction, prefix_keep = 1, recent_keep = 2047, victim = [1693,1694), score = 5.983805
slot update_slots: id  0 | task 0 | h2o eviction, prefix_keep = 1, recent_keep = 2047, victim = [1993,1994), score = 6.005267
slot update_slots: id  0 | task 0 | h2o eviction, prefix_keep = 1, recent_keep = 2047, victim = [1562,1563), score = 6.025565
slot update_slots: id  0 | task 0 | h2o eviction, prefix_keep = 1, recent_keep = 2047, victim = [967,968), score = 6.055557
slot update_slots: id  0 | task 0 | h2o eviction, prefix_keep = 1, recent_keep = 2047, victim = [756,757), score = 6.082552
slot update_slots: id  0 | task 0 | h2o eviction, prefix_keep = 1, recent_keep = 2047, victim = [1146,1147), score = 6.096961
slot update_slots: id  0 | task 0 | h2o eviction, prefix_keep = 1, recent_keep = 2047, victim = [1283,1284), score = 6.135958
slot update_slots: id  0 | task 0 | h2o eviction, prefix_keep = 1, recent_keep = 2047, victim = [1649,1650), score = 6.152952
slot update_slots: id  0 | task 0 | h2o eviction, prefix_keep = 1, recent_keep = 2047, victim = [1197,1198), score = 6.191596
slot update_slots: id  0 | task 0 | h2o eviction, prefix_keep = 1, recent_keep = 2047, victim = [1160,1161), score = 6.225225
slot update_slots: id  0 | task 0 | h2o eviction, prefix_keep = 1, recent_keep = 2047, victim = [673,674), score = 6.233484
slot update_slots: id  0 | task 0 | h2o eviction, prefix_keep = 1, recent_keep = 2047, victim = [1118,1119), score = 6.259910
slot update_slots: id  0 | task 0 | h2o eviction, prefix_keep = 1, recent_keep = 2047, victim = [598,599), score = 6.261930
slot update_slots: id  0 | task 0 | h2o eviction, prefix_keep = 1, recent_keep = 2047, victim = [1899,1900), score = 6.265133
slot update_slots: id  0 | task 0 | h2o eviction, prefix_keep = 1, recent_keep = 2047, victim = [1305,1306), score = 6.272637
slot update_slots: id  0 | task 0 | h2o eviction, prefix_keep = 1, recent_keep = 2047, victim = [728,729), score = 6.303091
slot update_slots: id  0 | task 0 | h2o eviction, prefix_keep = 1, recent_keep = 2047, victim = [746,747), score = 6.314809
slot update_slots: id  0 | task 0 | h2o eviction, prefix_keep = 1, recent_keep = 2047, victim = [1308,1309), score = 6.325263
slot update_slots: id  0 | task 0 | h2o eviction, prefix_keep = 1, recent_keep = 2047, victim = [818,819), score = 6.348618
slot update_slots: id  0 | task 0 | h2o eviction, prefix_keep = 1, recent_keep = 2047, victim = [929,930), score = 6.370447
slot update_slots: id  0 | task 0 | h2o eviction, prefix_keep = 1, recent_keep = 2047, victim = [1263,1264), score = 6.385666
slot update_slots: id  0 | task 0 | h2o eviction, prefix_keep = 1, recent_keep = 2047, victim = [1530,1531), score = 6.391793
slot update_slots: id  0 | task 0 | h2o eviction, prefix_keep = 1, recent_keep = 2047, victim = [687,688), score = 6.398349
slot update_slots: id  0 | task 0 | h2o eviction, prefix_keep = 1, recent_keep = 2047, victim = [1237,1238), score = 6.408160
slot update_slots: id  0 | task 0 | h2o eviction, prefix_keep = 1, recent_keep = 2047, victim = [1186,1187), score = 6.429746
slot update_slots: id  0 | task 0 | h2o eviction, prefix_keep = 1, recent_keep = 2047, victim = [1179,1180), score = 6.438608
slot update_slots: id  0 | task 0 | h2o eviction, prefix_keep = 1, recent_keep = 2047, victim = [1735,1736), score = 6.458583
slot update_slots: id  0 | task 0 | h2o eviction, prefix_keep = 1, recent_keep = 2047, victim = [748,749), score = 6.469899
slot update_slots: id  0 | task 0 | h2o eviction, prefix_keep = 1, recent_keep = 2047, victim = [748,749), score = 6.472845
slot update_slots: id  0 | task 0 | h2o eviction, prefix_keep = 1, recent_keep = 2047, victim = [665,666), score = 6.476123
slot update_slots: id  0 | task 0 | h2o eviction, prefix_keep = 1, recent_keep = 2047, victim = [803,804), score = 6.496811
slot update_slots: id  0 | task 0 | h2o eviction, prefix_keep = 1, recent_keep = 2047, victim = [1869,1870), score = 6.504473
slot update_slots: id  0 | task 0 | h2o eviction, prefix_keep = 1, recent_keep = 2047, victim = [1010,1011), score = 6.529006
slot update_slots: id  0 | task 0 | h2o eviction, prefix_keep = 1, recent_keep = 2047, victim = [1246,1247), score = 6.543669
slot update_slots: id  0 | task 0 | h2o eviction, prefix_keep = 1, recent_keep = 2047, victim = [1142,1143), score = 6.556517
slot update_slots: id  0 | task 0 | h2o eviction, prefix_keep = 1, recent_keep = 2047, victim = [1482,1483), score = 6.564323
slot update_slots: id  0 | task 0 | h2o eviction, prefix_keep = 1, recent_keep = 2047, victim = [1958,1959), score = 6.574744
slot update_slots: id  0 | task 0 | h2o eviction, prefix_keep = 1, recent_keep = 2047, victim = [1523,1524), score = 6.585965
slot update_slots: id  0 | task 0 | h2o eviction, prefix_keep = 1, recent_keep = 2047, victim = [1252,1253), score = 6.590506
slot update_slots: id  0 | task 0 | h2o eviction, prefix_keep = 1, recent_keep = 2047, victim = [2047,2048), score = 5.589755
slot update_slots: id  0 | task 0 | h2o eviction, prefix_keep = 1, recent_keep = 2047, victim = [2047,2048), score = 4.658051
slot update_slots: id  0 | task 0 | h2o eviction, prefix_keep = 1, recent_keep = 2047, victim = [2047,2048), score = 5.313580
slot update_slots: id  0 | task 0 | h2o eviction, prefix_keep = 1, recent_keep = 2047, victim = [1932,1933), score = 6.608032
slot update_slots: id  0 | task 0 | h2o eviction, prefix_keep = 1, recent_keep = 2047, victim = [1932,1933), score = 6.619066
slot update_slots: id  0 | task 0 | h2o eviction, prefix_keep = 1, recent_keep = 2047, victim = [1168,1169), score = 6.645611
slot update_slots: id  0 | task 0 | h2o eviction, prefix_keep = 1, recent_keep = 2047, victim = [669,670), score = 6.661570
slot update_slots: id  0 | task 0 | h2o eviction, prefix_keep = 1, recent_keep = 2047, victim = [1250,1251), score = 6.669829
slot update_slots: id  0 | task 0 | h2o eviction, prefix_keep = 1, recent_keep = 2047, victim = [1779,1780), score = 6.690254
slot update_slots: id  0 | task 0 | h2o eviction, prefix_keep = 1, recent_keep = 2047, victim = [1515,1516), score = 6.698181
slot update_slots: id  0 | task 0 | h2o eviction, prefix_keep = 1, recent_keep = 2047, victim = [732,733), score = 6.705743
slot update_slots: id  0 | task 0 | h2o eviction, prefix_keep = 1, recent_keep = 2047, victim = [1237,1238), score = 6.714296
slot update_slots: id  0 | task 0 | h2o eviction, prefix_keep = 1, recent_keep = 2047, victim = [1512,1513), score = 6.716612
slot update_slots: id  0 | task 0 | h2o eviction, prefix_keep = 1, recent_keep = 2047, victim = [1370,1371), score = 6.763454
slot update_slots: id  0 | task 0 | h2o eviction, prefix_keep = 1, recent_keep = 2047, victim = [703,704), score = 6.778944
slot update_slots: id  0 | task 0 | h2o eviction, prefix_keep = 1, recent_keep = 2047, victim = [1632,1633), score = 6.781192
slot update_slots: id  0 | task 0 | h2o eviction, prefix_keep = 1, recent_keep = 2047, victim = [1907,1908), score = 6.794297
slot update_slots: id  0 | task 0 | h2o eviction, prefix_keep = 1, recent_keep = 2047, victim = [721,722), score = 6.845506
slot update_slots: id  0 | task 0 | h2o eviction, prefix_keep = 1, recent_keep = 2047, victim = [1242,1243), score = 6.848427
slot update_slots: id  0 | task 0 | h2o eviction, prefix_keep = 1, recent_keep = 2047, victim = [1509,1510), score = 6.850892
slot update_slots: id  0 | task 0 | h2o eviction, prefix_keep = 1, recent_keep = 2047, victim = [1244,1245), score = 6.859385
slot update_slots: id  0 | task 0 | h2o eviction, prefix_keep = 1, recent_keep = 2047, victim = [1061,1062), score = 6.879816
slot update_slots: id  0 | task 0 | h2o eviction, prefix_keep = 1, recent_keep = 2047, victim = [2047,2048), score = 6.047571
slot update_slots: id  0 | task 0 | h2o eviction, prefix_keep = 1, recent_keep = 2047, victim = [977,978), score = 6.912525
slot update_slots: id  0 | task 0 | h2o eviction, prefix_keep = 1, recent_keep = 2047, victim = [1803,1804), score = 6.920252
slot update_slots: id  0 | task 0 | h2o eviction, prefix_keep = 1, recent_keep = 2047, victim = [669,670), score = 6.951708
slot update_slots: id  0 | task 0 | h2o eviction, prefix_keep = 1, recent_keep = 2047, victim = [1764,1765), score = 6.952126
slot update_slots: id  0 | task 0 | h2o eviction, prefix_keep = 1, recent_keep = 2047, victim = [1013,1014), score = 6.963869
slot update_slots: id  0 | task 0 | h2o eviction, prefix_keep = 1, recent_keep = 2047, victim = [1247,1248), score = 6.971400
slot update_slots: id  0 | task 0 | h2o eviction, prefix_keep = 1, recent_keep = 2047, victim = [723,724), score = 6.977254
slot update_slots: id  0 | task 0 | h2o eviction, prefix_keep = 1, recent_keep = 2047, victim = [740,741), score = 6.982025
slot update_slots: id  0 | task 0 | h2o eviction, prefix_keep = 1, recent_keep = 2047, victim = [1359,1360), score = 6.987892
slot update_slots: id  0 | task 0 | h2o eviction, prefix_keep = 1, recent_keep = 2047, victim = [1888,1889), score = 6.989880
slot update_slots: id  0 | task 0 | h2o eviction, prefix_keep = 1, recent_keep = 2047, victim = [1983,1984), score = 6.993855
slot update_slots: id  0 | task 0 | h2o eviction, prefix_keep = 1, recent_keep = 2047, victim = [1499,1500), score = 7.015849
slot update_slots: id  0 | task 0 | h2o eviction, prefix_keep = 1, recent_keep = 2047, victim = [677,678), score = 7.028210
slot update_slots: id  0 | task 0 | h2o eviction, prefix_keep = 1, recent_keep = 2047, victim = [1676,1677), score = 7.055669
slot update_slots: id  0 | task 0 | h2o eviction, prefix_keep = 1, recent_keep = 2047, victim = [811,812), score = 7.071896
slot update_slots: id  0 | task 0 | h2o eviction, prefix_keep = 1, recent_keep = 2047, victim = [1938,1939), score = 7.093040
slot update_slots: id  0 | task 0 | h2o eviction, prefix_keep = 1, recent_keep = 2047, victim = [1561,1562), score = 7.102485
slot update_slots: id  0 | task 0 | h2o eviction, prefix_keep = 1, recent_keep = 2047, victim = [737,738), score = 7.105667
slot update_slots: id  0 | task 0 | h2o eviction, prefix_keep = 1, recent_keep = 2047, victim = [1247,1248), score = 7.111026
slot update_slots: id  0 | task 0 | h2o eviction, prefix_keep = 1, recent_keep = 2047, victim = [1147,1148), score = 7.141390
slot update_slots: id  0 | task 0 | h2o eviction, prefix_keep = 1, recent_keep = 2047, victim = [815,816), score = 7.142014
slot update_slots: id  0 | task 0 | h2o eviction, prefix_keep = 1, recent_keep = 2047, victim = [997,998), score = 7.155375
slot update_slots: id  0 | task 0 | h2o eviction, prefix_keep = 1, recent_keep = 2047, victim = [1882,1883), score = 7.167071
slot update_slots: id  0 | task 0 | h2o eviction, prefix_keep = 1, recent_keep = 2047, victim = [1152,1153), score = 7.202332
slot update_slots: id  0 | task 0 | h2o eviction, prefix_keep = 1, recent_keep = 2047, victim = [829,830), score = 7.228948
slot update_slots: id  0 | task 0 | h2o eviction, prefix_keep = 1, recent_keep = 2047, victim = [1627,1628), score = 7.249511
slot update_slots: id  0 | task 0 | h2o eviction, prefix_keep = 1, recent_keep = 2047, victim = [2047,2048), score = 6.590868
slot update_slots: id  0 | task 0 | h2o eviction, prefix_keep = 1, recent_keep = 2047, victim = [629,630), score = 7.258662
slot update_slots: id  0 | task 0 | h2o eviction, prefix_keep = 1, recent_keep = 2047, victim = [1441,1442), score = 7.261132
slot update_slots: id  0 | task 0 | h2o eviction, prefix_keep = 1, recent_keep = 2047, victim = [533,534), score = 7.271795
slot update_slots: id  0 | task 0 | h2o eviction, prefix_keep = 1, recent_keep = 2047, victim = [1054,1055), score = 7.273067
slot update_slots: id  0 | task 0 | h2o eviction, prefix_keep = 1, recent_keep = 2047, victim = [1313,1314), score = 7.281235
slot update_slots: id  0 | task 0 | h2o eviction, prefix_keep = 1, recent_keep = 2047, victim = [1099,1100), score = 7.294312
slot update_slots: id  0 | task 0 | h2o eviction, prefix_keep = 1, recent_keep = 2047, victim = [2047,2048), score = 5.325344
slot update_slots: id  0 | task 0 | h2o eviction, prefix_keep = 1, recent_keep = 2047, victim = [2047,2048), score = 5.395990
slot update_slots: id  0 | task 0 | h2o eviction, prefix_keep = 1, recent_keep = 2047, victim = [1154,1155), score = 7.299793
slot update_slots: id  0 | task 0 | h2o eviction, prefix_keep = 1, recent_keep = 2047, victim = [2046,2047), score = 7.318128
slot update_slots: id  0 | task 0 | h2o eviction, prefix_keep = 1, recent_keep = 2047, victim = [1155,1156), score = 7.325573
slot update_slots: id  0 | task 0 | h2o eviction, prefix_keep = 1, recent_keep = 2047, victim = [1146,1147), score = 7.326996
slot update_slots: id  0 | task 0 | h2o eviction, prefix_keep = 1, recent_keep = 2047, victim = [770,771), score = 7.344270
slot update_slots: id  0 | task 0 | h2o eviction, prefix_keep = 1, recent_keep = 2047, victim = [678,679), score = 7.354560
slot update_slots: id  0 | task 0 | h2o eviction, prefix_keep = 1, recent_keep = 2047, victim = [1259,1260), score = 7.364655
slot update_slots: id  0 | task 0 | h2o eviction, prefix_keep = 1, recent_keep = 2047, victim = [2047,2048), score = 5.057006
slot update_slots: id  0 | task 0 | h2o eviction, prefix_keep = 1, recent_keep = 2047, victim = [1416,1417), score = 7.366937
slot update_slots: id  0 | task 0 | h2o eviction, prefix_keep = 1, recent_keep = 2047, victim = [2047,2048), score = 5.911543
slot update_slots: id  0 | task 0 | h2o eviction, prefix_keep = 1, recent_keep = 2047, victim = [465,466), score = 7.367991
slot update_slots: id  0 | task 0 | h2o eviction, prefix_keep = 1, recent_keep = 2047, victim = [715,716), score = 7.372322
slot update_slots: id  0 | task 0 | h2o eviction, prefix_keep = 1, recent_keep = 2047, victim = [1214,1215), score = 7.372804
slot update_slots: id  0 | task 0 | h2o eviction, prefix_keep = 1, recent_keep = 2047, victim = [1538,1539), score = 7.378251
slot update_slots: id  0 | task 0 | h2o eviction, prefix_keep = 1, recent_keep = 2047, victim = [716,717), score = 7.378814
slot update_slots: id  0 | task 0 | h2o eviction, prefix_keep = 1, recent_keep = 2047, victim = [1036,1037), score = 7.387932
slot update_slots: id  0 | task 0 | h2o eviction, prefix_keep = 1, recent_keep = 2047, victim = [1606,1607), score = 7.390547
slot update_slots: id  0 | task 0 | h2o eviction, prefix_keep = 1, recent_keep = 2047, victim = [939,940), score = 7.395737
slot update_slots: id  0 | task 0 | h2o eviction, prefix_keep = 1, recent_keep = 2047, victim = [1017,1018), score = 7.400906
slot update_slots: id  0 | task 0 | h2o eviction, prefix_keep = 1, recent_keep = 2047, victim = [2038,2039), score = 7.405469
slot update_slots: id  0 | task 0 | h2o eviction, prefix_keep = 1, recent_keep = 2047, victim = [1644,1645), score = 7.414142
slot update_slots: id  0 | task 0 | h2o eviction, prefix_keep = 1, recent_keep = 2047, victim = [666,667), score = 7.438567
slot update_slots: id  0 | task 0 | h2o eviction, prefix_keep = 1, recent_keep = 2047, victim = [669,670), score = 7.489274
slot update_slots: id  0 | task 0 | h2o eviction, prefix_keep = 1, recent_keep = 2047, victim = [1143,1144), score = 7.494719
slot update_slots: id  0 | task 0 | h2o eviction, prefix_keep = 1, recent_keep = 2047, victim = [969,970), score = 7.505645
slot update_slots: id  0 | task 0 | h2o eviction, prefix_keep = 1, recent_keep = 2047, victim = [1238,1239), score = 7.515448
slot update_slots: id  0 | task 0 | h2o eviction, prefix_keep = 1, recent_keep = 2047, victim = [1382,1383), score = 7.519125
slot update_slots: id  0 | task 0 | h2o eviction, prefix_keep = 1, recent_keep = 2047, victim = [1591,1592), score = 7.530832
slot update_slots: id  0 | task 0 | h2o eviction, prefix_keep = 1, recent_keep = 2047, victim = [2047,2048), score = 5.087157
slot update_slots: id  0 | task 0 | h2o eviction, prefix_keep = 1, recent_keep = 2047, victim = [784,785), score = 7.542847
slot update_slots: id  0 | task 0 | h2o eviction, prefix_keep = 1, recent_keep = 2047, victim = [2047,2048), score = 6.494097
slot update_slots: id  0 | task 0 | h2o eviction, prefix_keep = 1, recent_keep = 2047, victim = [966,967), score = 7.546056
slot update_slots: id  0 | task 0 | h2o eviction, prefix_keep = 1, recent_keep = 2047, victim = [776,777), score = 7.547417
slot update_slots: id  0 | task 0 | h2o eviction, prefix_keep = 1, recent_keep = 2047, victim = [1594,1595), score = 7.557661
slot update_slots: id  0 | task 0 | h2o eviction, prefix_keep = 1, recent_keep = 2047, victim = [775,776), score = 7.562117
slot update_slots: id  0 | task 0 | h2o eviction, prefix_keep = 1, recent_keep = 2047, victim = [771,772), score = 7.570266
slot update_slots: id  0 | task 0 | h2o eviction, prefix_keep = 1, recent_keep = 2047, victim = [1194,1195), score = 7.581209
slot update_slots: id  0 | task 0 | h2o eviction, prefix_keep = 1, recent_keep = 2047, victim = [796,797), score = 7.585481
slot update_slots: id  0 | task 0 | h2o eviction, prefix_keep = 1, recent_keep = 2047, victim = [1144,1145), score = 7.587193
slot update_slots: id  0 | task 0 | h2o eviction, prefix_keep = 1, recent_keep = 2047, victim = [832,833), score = 7.587821
slot update_slots: id  0 | task 0 | h2o eviction, prefix_keep = 1, recent_keep = 2047, victim = [1091,1092), score = 7.600585
slot update_slots: id  0 | task 0 | h2o eviction, prefix_keep = 1, recent_keep = 2047, victim = [1623,1624), score = 7.608815
slot update_slots: id  0 | task 0 | h2o eviction, prefix_keep = 1, recent_keep = 2047, victim = [1785,1786), score = 7.609502
slot update_slots: id  0 | task 0 | h2o eviction, prefix_keep = 1, recent_keep = 2047, victim = [1836,1837), score = 7.630760
slot update_slots: id  0 | task 0 | h2o eviction, prefix_keep = 1, recent_keep = 2047, victim = [658,659), score = 7.641428
slot update_slots: id  0 | task 0 | h2o eviction, prefix_keep = 1, recent_keep = 2047, victim = [1028,1029), score = 7.654601
slot update_slots: id  0 | task 0 | h2o eviction, prefix_keep = 1, recent_keep = 2047, victim = [715,716), score = 7.655339
slot update_slots: id  0 | task 0 | h2o eviction, prefix_keep = 1, recent_keep = 2047, victim = [2047,2048), score = 6.364836
slot update_slots: id  0 | task 0 | h2o eviction, prefix_keep = 1, recent_keep = 2047, victim = [792,793), score = 7.668551
slot update_slots: id  0 | task 0 | h2o eviction, prefix_keep = 1, recent_keep = 2047, victim = [1758,1759), score = 7.674337
slot update_slots: id  0 | task 0 | h2o eviction, prefix_keep = 1, recent_keep = 2047, victim = [963,964), score = 7.679743
slot update_slots: id  0 | task 0 | h2o eviction, prefix_keep = 1, recent_keep = 2047, victim = [2047,2048), score = 7.108237
slot update_slots: id  0 | task 0 | h2o eviction, prefix_keep = 1, recent_keep = 2047, victim = [2015,2016), score = 7.693955
slot update_slots: id  0 | task 0 | h2o eviction, prefix_keep = 1, recent_keep = 2047, victim = [1201,1202), score = 7.694941
slot update_slots: id  0 | task 0 | h2o eviction, prefix_keep = 1, recent_keep = 2047, victim = [674,675), score = 7.697064
slot update_slots: id  0 | task 0 | h2o eviction, prefix_keep = 1, recent_keep = 2047, victim = [1932,1933), score = 7.709757
slot update_slots: id  0 | task 0 | h2o eviction, prefix_keep = 1, recent_keep = 2047, victim = [2011,2012), score = 7.716574
slot update_slots: id  0 | task 0 | h2o eviction, prefix_keep = 1, recent_keep = 2047, victim = [1769,1770), score = 7.720531
slot update_slots: id  0 | task 0 | h2o eviction, prefix_keep = 1, recent_keep = 2047, victim = [1581,1582), score = 7.736022
slot update_slots: id  0 | task 0 | h2o eviction, prefix_keep = 1, recent_keep = 2047, victim = [1841,1842), score = 7.742021
slot update_slots: id  0 | task 0 | h2o eviction, prefix_keep = 1, recent_keep = 2047, victim = [1830,1831), score = 7.743768
slot update_slots: id  0 | task 0 | h2o eviction, prefix_keep = 1, recent_keep = 2047, victim = [655,656), score = 7.756353
slot update_slots: id  0 | task 0 | h2o eviction, prefix_keep = 1, recent_keep = 2047, victim = [36,37), score = 7.772051
slot update_slots: id  0 | task 0 | h2o eviction, prefix_keep = 1, recent_keep = 2047, victim = [709,710), score = 7.786586
slot update_slots: id  0 | task 0 | h2o eviction, prefix_keep = 1, recent_keep = 2047, victim = [1170,1171), score = 7.790022
slot update_slots: id  0 | task 0 | h2o eviction, prefix_keep = 1, recent_keep = 2047, victim = [393,394), score = 7.791477
slot update_slots: id  0 | task 0 | h2o eviction, prefix_keep = 1, recent_keep = 2047, victim = [2006,2007), score = 7.802734
slot update_slots: id  0 | task 0 | h2o eviction, prefix_keep = 1, recent_keep = 2047, victim = [1635,1636), score = 7.811806
slot update_slots: id  0 | task 0 | h2o eviction, prefix_keep = 1, recent_keep = 2047, victim = [1086,1087), score = 7.817801
slot update_slots: id  0 | task 0 | h2o eviction, prefix_keep = 1, recent_keep = 2047, victim = [1625,1626), score = 7.824317
slot update_slots: id  0 | task 0 | h2o eviction, prefix_keep = 1, recent_keep = 2047, victim = [2047,2048), score = 7.392986
slot update_slots: id  0 | task 0 | h2o eviction, prefix_keep = 1, recent_keep = 2047, victim = [1989,1990), score = 7.826391
slot update_slots: id  0 | task 0 | h2o eviction, prefix_keep = 1, recent_keep = 2047, victim = [2047,2048), score = 6.046074
slot update_slots: id  0 | task 0 | h2o eviction, prefix_keep = 1, recent_keep = 2047, victim = [1194,1195), score = 7.851526
slot update_slots: id  0 | task 0 | h2o eviction, prefix_keep = 1, recent_keep = 2047, victim = [1978,1979), score = 7.852950
slot update_slots: id  0 | task 0 | h2o eviction, prefix_keep = 1, recent_keep = 2047, victim = [597,598), score = 7.854162
slot update_slots: id  0 | task 0 | h2o eviction, prefix_keep = 1, recent_keep = 2047, victim = [1820,1821), score = 7.856858
slot update_slots: id  0 | task 0 | h2o eviction, prefix_keep = 1, recent_keep = 2047, victim = [946,947), score = 7.867223
slot update_slots: id  0 | task 0 | h2o eviction, prefix_keep = 1, recent_keep = 2047, victim = [1663,1664), score = 7.872883
slot update_slots: id  0 | task 0 | h2o eviction, prefix_keep = 1, recent_keep = 2047, victim = [1914,1915), score = 7.873896
slot update_slots: id  0 | task 0 | h2o eviction, prefix_keep = 1, recent_keep = 2047, victim = [1760,1761), score = 7.879965
slot update_slots: id  0 | task 0 | h2o eviction, prefix_keep = 1, recent_keep = 2047, victim = [822,823), score = 7.881043
slot update_slots: id  0 | task 0 | h2o eviction, prefix_keep = 1, recent_keep = 2047, victim = [1941,1942), score = 7.884336
slot update_slots: id  0 | task 0 | h2o eviction, prefix_keep = 1, recent_keep = 2047, victim = [960,961), score = 7.905866
slot update_slots: id  0 | task 0 | h2o eviction, prefix_keep = 1, recent_keep = 2047, victim = [1436,1437), score = 7.918705
slot update_slots: id  0 | task 0 | h2o eviction, prefix_keep = 1, recent_keep = 2047, victim = [392,393), score = 7.920208
slot update_slots: id  0 | task 0 | h2o eviction, prefix_keep = 1, recent_keep = 2047, victim = [443,444), score = 7.927649
slot update_slots: id  0 | task 0 | h2o eviction, prefix_keep = 1, recent_keep = 2047, victim = [1838,1839), score = 7.935564
slot update_slots: id  0 | task 0 | h2o eviction, prefix_keep = 1, recent_keep = 2047, victim = [1603,1604), score = 7.936977
slot update_slots: id  0 | task 0 | h2o eviction, prefix_keep = 1, recent_keep = 2047, victim = [410,411), score = 7.940707
slot update_slots: id  0 | task 0 | h2o eviction, prefix_keep = 1, recent_keep = 2047, victim = [1004,1005), score = 7.945322
slot update_slots: id  0 | task 0 | h2o eviction, prefix_keep = 1, recent_keep = 2047, victim = [703,704), score = 7.970071
slot update_slots: id  0 | task 0 | h2o eviction, prefix_keep = 1, recent_keep = 2047, victim = [2047,2048), score = 6.082135
slot update_slots: id  0 | task 0 | h2o eviction, prefix_keep = 1, recent_keep = 2047, victim = [604,605), score = 7.972157
slot update_slots: id  0 | task 0 | h2o eviction, prefix_keep = 1, recent_keep = 2047, victim = [965,966), score = 7.973166
slot update_slots: id  0 | task 0 | h2o eviction, prefix_keep = 1, recent_keep = 2047, victim = [1206,1207), score = 7.974053
slot update_slots: id  0 | task 0 | h2o eviction, prefix_keep = 1, recent_keep = 2047, victim = [933,934), score = 7.974253
slot update_slots: id  0 | task 0 | h2o eviction, prefix_keep = 1, recent_keep = 2047, victim = [2047,2048), score = 7.230711
slot update_slots: id  0 | task 0 | h2o eviction, prefix_keep = 1, recent_keep = 2047, victim = [917,918), score = 7.982564
slot update_slots: id  0 | task 0 | h2o eviction, prefix_keep = 1, recent_keep = 2047, victim = [1582,1583), score = 7.983711
slot update_slots: id  0 | task 0 | h2o eviction, prefix_keep = 1, recent_keep = 2047, victim = [2047,2048), score = 7.557213
slot update_slots: id  0 | task 0 | h2o eviction, prefix_keep = 1, recent_keep = 2047, victim = [1076,1077), score = 7.988274
slot update_slots: id  0 | task 0 | h2o eviction, prefix_keep = 1, recent_keep = 2047, victim = [2047,2048), score = 7.643610
slot update_slots: id  0 | task 0 | h2o eviction, prefix_keep = 1, recent_keep = 2047, victim = [2047,2048), score = 4.374784
slot update_slots: id  0 | task 0 | h2o eviction, prefix_keep = 1, recent_keep = 2047, victim = [300,301), score = 8.004342
slot update_slots: id  0 | task 0 | h2o eviction, prefix_keep = 1, recent_keep = 2047, victim = [1892,1893), score = 8.009899
slot update_slots: id  0 | task 0 | h2o eviction, prefix_keep = 1, recent_keep = 2047, victim = [2047,2048), score = 7.452674
slot update_slots: id  0 | task 0 | h2o eviction, prefix_keep = 1, recent_keep = 2047, victim = [530,531), score = 8.011843
slot update_slots: id  0 | task 0 | h2o eviction, prefix_keep = 1, recent_keep = 2047, victim = [1418,1419), score = 8.021574
slot update_slots: id  0 | task 0 | h2o eviction, prefix_keep = 1, recent_keep = 2047, victim = [1898,1899), score = 8.030047
slot update_slots: id  0 | task 0 | h2o eviction, prefix_keep = 1, recent_keep = 2047, victim = [1575,1576), score = 8.051363
slot update_slots: id  0 | task 0 | h2o eviction, prefix_keep = 1, recent_keep = 2047, victim = [693,694), score = 8.053412
slot update_slots: id  0 | task 0 | h2o eviction, prefix_keep = 1, recent_keep = 2047, victim = [945,946), score = 8.063803
slot update_slots: id  0 | task 0 | h2o eviction, prefix_keep = 1, recent_keep = 2047, victim = [336,337), score = 8.067164
slot update_slots: id  0 | task 0 | h2o eviction, prefix_keep = 1, recent_keep = 2047, victim = [517,518), score = 8.072188
slot update_slots: id  0 | task 0 | h2o eviction, prefix_keep = 1, recent_keep = 2047, victim = [650,651), score = 8.073553
slot update_slots: id  0 | task 0 | h2o eviction, prefix_keep = 1, recent_keep = 2047, victim = [1131,1132), score = 8.080422
slot update_slots: id  0 | task 0 | h2o eviction, prefix_keep = 1, recent_keep = 2047, victim = [634,635), score = 8.081192
slot update_slots: id  0 | task 0 | h2o eviction, prefix_keep = 1, recent_keep = 2047, victim = [1843,1844), score = 8.083987
slot update_slots: id  0 | task 0 | h2o eviction, prefix_keep = 1, recent_keep = 2047, victim = [1164,1165), score = 8.087690
slot update_slots: id  0 | task 0 | h2o eviction, prefix_keep = 1, recent_keep = 2047, victim = [1140,1141), score = 8.093288
slot update_slots: id  0 | task 0 | h2o eviction, prefix_keep = 1, recent_keep = 2047, victim = [1043,1044), score = 8.094293
slot update_slots: id  0 | task 0 | h2o eviction, prefix_keep = 1, recent_keep = 2047, victim = [957,958), score = 8.113890
slot update_slots: id  0 | task 0 | h2o eviction, prefix_keep = 1, recent_keep = 2047, victim = [571,572), score = 8.117966
slot update_slots: id  0 | task 0 | h2o eviction, prefix_keep = 1, recent_keep = 2047, victim = [1407,1408), score = 8.129539
slot update_slots: id  0 | task 0 | h2o eviction, prefix_keep = 1, recent_keep = 2047, victim = [1000,1001), score = 8.143483
slot update_slots: id  0 | task 0 | h2o eviction, prefix_keep = 1, recent_keep = 2047, victim = [981,982), score = 8.144868
slot update_slots: id  0 | task 0 | h2o eviction, prefix_keep = 1, recent_keep = 2047, victim = [673,674), score = 8.148821
slot update_slots: id  0 | task 0 | h2o eviction, prefix_keep = 1, recent_keep = 2047, victim = [1529,1530), score = 8.160211
slot update_slots: id  0 | task 0 | h2o eviction, prefix_keep = 1, recent_keep = 2047, victim = [2047,2048), score = 7.703729
slot update_slots: id  0 | task 0 | h2o eviction, prefix_keep = 1, recent_keep = 2047, victim = [2047,2048), score = 6.523176
slot update_slots: id  0 | task 0 | h2o eviction, prefix_keep = 1, recent_keep = 2047, victim = [738,739), score = 8.161892
slot update_slots: id  0 | task 0 | h2o eviction, prefix_keep = 1, recent_keep = 2047, victim = [791,792), score = 8.181233
slot update_slots: id  0 | task 0 | h2o eviction, prefix_keep = 1, recent_keep = 2047, victim = [1779,1780), score = 8.183053
slot update_slots: id  0 | task 0 | h2o eviction, prefix_keep = 1, recent_keep = 2047, victim = [937,938), score = 8.190787
slot update_slots: id  0 | task 0 | h2o eviction, prefix_keep = 1, recent_keep = 2047, victim = [1569,1570), score = 8.192867
slot update_slots: id  0 | task 0 | h2o eviction, prefix_keep = 1, recent_keep = 2047, victim = [1183,1184), score = 8.198786
slot update_slots: id  0 | task 0 | h2o eviction, prefix_keep = 1, recent_keep = 2047, victim = [1186,1187), score = 8.202287
slot update_slots: id  0 | task 0 | h2o eviction, prefix_keep = 1, recent_keep = 2047, victim = [2047,2048), score = 7.154865
slot update_slots: id  0 | task 0 | h2o eviction, prefix_keep = 1, recent_keep = 2047, victim = [2047,2048), score = 7.091495
slot update_slots: id  0 | task 0 | h2o eviction, prefix_keep = 1, recent_keep = 2047, victim = [2047,2048), score = 6.183861
slot update_slots: id  0 | task 0 | h2o eviction, prefix_keep = 1, recent_keep = 2047, victim = [1787,1788), score = 8.231864
slot update_slots: id  0 | task 0 | h2o eviction, prefix_keep = 1, recent_keep = 2047, victim = [956,957), score = 8.239497
slot update_slots: id  0 | task 0 | h2o eviction, prefix_keep = 1, recent_keep = 2047, victim = [1390,1391), score = 8.240376
slot update_slots: id  0 | task 0 | h2o eviction, prefix_keep = 1, recent_keep = 2047, victim = [936,937), score = 8.247702
slot update_slots: id  0 | task 0 | h2o eviction, prefix_keep = 1, recent_keep = 2047, victim = [1188,1189), score = 8.258050
slot update_slots: id  0 | task 0 | h2o eviction, prefix_keep = 1, recent_keep = 2047, victim = [901,902), score = 8.266669
slot update_slots: id  0 | task 0 | h2o eviction, prefix_keep = 1, recent_keep = 2047, victim = [1876,1877), score = 8.269757
slot update_slots: id  0 | task 0 | h2o eviction, prefix_keep = 1, recent_keep = 2047, victim = [2025,2026), score = 8.272365
slot update_slots: id  0 | task 0 | h2o eviction, prefix_keep = 1, recent_keep = 2047, victim = [1488,1489), score = 8.276758
slot update_slots: id  0 | task 0 | h2o eviction, prefix_keep = 1, recent_keep = 2047, victim = [1375,1376), score = 8.280646
slot update_slots: id  0 | task 0 | h2o eviction, prefix_keep = 1, recent_keep = 2047, victim = [624,625), score = 8.294562
slot update_slots: id  0 | task 0 | h2o eviction, prefix_keep = 1, recent_keep = 2047, victim = [839,840), score = 8.296021
slot update_slots: id  0 | task 0 | h2o eviction, prefix_keep = 1, recent_keep = 2047, victim = [552,553), score = 8.308986
slot update_slots: id  0 | task 0 | h2o eviction, prefix_keep = 1, recent_keep = 2047, victim = [2047,2048), score = 7.428271
slot update_slots: id  0 | task 0 | h2o eviction, prefix_keep = 1, recent_keep = 2047, victim = [511,512), score = 8.320826
slot update_slots: id  0 | task 0 | h2o eviction, prefix_keep = 1, recent_keep = 2047, victim = [992,993), score = 8.338358
slot update_slots: id  0 | task 0 | h2o eviction, prefix_keep = 1, recent_keep = 2047, victim = [14,15), score = 8.338581
slot update_slots: id  0 | task 0 | h2o eviction, prefix_keep = 1, recent_keep = 2047, victim = [1082,1083), score = 8.344042
slot update_slots: id  0 | task 0 | h2o eviction, prefix_keep = 1, recent_keep = 2047, victim = [2047,2048), score = 6.967243
slot update_slots: id  0 | task 0 | h2o eviction, prefix_keep = 1, recent_keep = 2047, victim = [2013,2014), score = 8.349241
slot update_slots: id  0 | task 0 | h2o eviction, prefix_keep = 1, recent_keep = 2047, victim = [2047,2048), score = 7.532651
slot update_slots: id  0 | task 0 | h2o eviction, prefix_keep = 1, recent_keep = 2047, victim = [2047,2048), score = 4.925155
slot update_slots: id  0 | task 0 | h2o eviction, prefix_keep = 1, recent_keep = 2047, victim = [2047,2048), score = 4.361223
slot update_slots: id  0 | task 0 | h2o eviction, prefix_keep = 1, recent_keep = 2047, victim = [2047,2048), score = 8.295608
slot update_slots: id  0 | task 0 | h2o eviction, prefix_keep = 1, recent_keep = 2047, victim = [1372,1373), score = 8.374503
slot update_slots: id  0 | task 0 | h2o eviction, prefix_keep = 1, recent_keep = 2047, victim = [2022,2023), score = 8.379786
slot update_slots: id  0 | task 0 | h2o eviction, prefix_keep = 1, recent_keep = 2047, victim = [1935,1936), score = 8.381605
slot update_slots: id  0 | task 0 | h2o eviction, prefix_keep = 1, recent_keep = 2047, victim = [1883,1884), score = 8.383492
slot update_slots: id  0 | task 0 | h2o eviction, prefix_keep = 1, recent_keep = 2047, victim = [2047,2048), score = 7.196981
slot update_slots: id  0 | task 0 | h2o eviction, prefix_keep = 1, recent_keep = 2047, victim = [350,351), score = 8.385276
slot update_slots: id  0 | task 0 | h2o eviction, prefix_keep = 1, recent_keep = 2047, victim = [1831,1832), score = 8.399232
slot update_slots: id  0 | task 0 | h2o eviction, prefix_keep = 1, recent_keep = 2047, victim = [2047,2048), score = 7.664383
slot update_slots: id  0 | task 0 | h2o eviction, prefix_keep = 1, recent_keep = 2047, victim = [684,685), score = 8.403266
slot update_slots: id  0 | task 0 | h2o eviction, prefix_keep = 1, recent_keep = 2047, victim = [1998,1999), score = 8.417753
slot update_slots: id  0 | task 0 | h2o eviction, prefix_keep = 1, recent_keep = 2047, victim = [662,663), score = 8.422482
slot update_slots: id  0 | task 0 | h2o eviction, prefix_keep = 1, recent_keep = 2047, victim = [519,520), score = 8.425598
slot update_slots: id  0 | task 0 | h2o eviction, prefix_keep = 1, recent_keep = 2047, victim = [1995,1996), score = 8.437849
slot update_slots: id  0 | task 0 | h2o eviction, prefix_keep = 1, recent_keep = 2047, victim = [349,350), score = 8.438033
slot update_slots: id  0 | task 0 | h2o eviction, prefix_keep = 1, recent_keep = 2047, victim = [1165,1166), score = 8.441160
slot update_slots: id  0 | task 0 | h2o eviction, prefix_keep = 1, recent_keep = 2047, victim = [1377,1378), score = 8.444293
slot update_slots: id  0 | task 0 | h2o eviction, prefix_keep = 1, recent_keep = 2047, victim = [1364,1365), score = 8.446305
slot update_slots: id  0 | task 0 | h2o eviction, prefix_keep = 1, recent_keep = 2047, victim = [1535,1536), score = 8.448149
slot update_slots: id  0 | task 0 | h2o eviction, prefix_keep = 1, recent_keep = 2047, victim = [1039,1040), score = 8.449299
slot update_slots: id  0 | task 0 | h2o eviction, prefix_keep = 1, recent_keep = 2047, victim = [2047,2048), score = 7.640283
slot update_slots: id  0 | task 0 | h2o eviction, prefix_keep = 1, recent_keep = 2047, victim = [1448,1449), score = 8.451890
slot update_slots: id  0 | task 0 | h2o eviction, prefix_keep = 1, recent_keep = 2047, victim = [1539,1540), score = 8.459820
slot update_slots: id  0 | task 0 | h2o eviction, prefix_keep = 1, recent_keep = 2047, victim = [2047,2048), score = 8.341298
slot update_slots: id  0 | task 0 | h2o eviction, prefix_keep = 1, recent_keep = 2047, victim = [405,406), score = 8.460704
slot update_slots: id  0 | task 0 | h2o eviction, prefix_keep = 1, recent_keep = 2047, victim = [1342,1343), score = 8.463232
slot update_slots: id  0 | task 0 | h2o eviction, prefix_keep = 1, recent_keep = 2047, victim = [1146,1147), score = 8.463737
slot update_slots: id  0 | task 0 | h2o eviction, prefix_keep = 1, recent_keep = 2047, victim = [645,646), score = 8.470396
slot update_slots: id  0 | task 0 | h2o eviction, prefix_keep = 1, recent_keep = 2047, victim = [685,686), score = 8.476543
slot update_slots: id  0 | task 0 | h2o eviction, prefix_keep = 1, recent_keep = 2047, victim = [644,645), score = 8.480462
slot update_slots: id  0 | task 0 | h2o eviction, prefix_keep = 1, recent_keep = 2047, victim = [876,877), score = 8.484601
slot update_slots: id  0 | task 0 | h2o eviction, prefix_keep = 1, recent_keep = 2047, victim = [1965,1966), score = 8.485844
slot update_slots: id  0 | task 0 | h2o eviction, prefix_keep = 1, recent_keep = 2047, victim = [954,955), score = 8.492029
slot update_slots: id  0 | task 0 | h2o eviction, prefix_keep = 1, recent_keep = 2047, victim = [1917,1918), score = 8.502853
slot update_slots: id  0 | task 0 | h2o eviction, prefix_keep = 1, recent_keep = 2047, victim = [435,436), score = 8.506131
slot update_slots: id  0 | task 0 | h2o eviction, prefix_keep = 1, recent_keep = 2047, victim = [1976,1977), score = 8.513513
slot update_slots: id  0 | task 0 | h2o eviction, prefix_keep = 1, recent_keep = 2047, victim = [1117,1118), score = 8.529616
slot update_slots: id  0 | task 0 | h2o eviction, prefix_keep = 1, recent_keep = 2047, victim = [730,731), score = 8.534706
slot update_slots: id  0 | task 0 | h2o eviction, prefix_keep = 1, recent_keep = 2047, victim = [1529,1530), score = 8.540834
slot update_slots: id  0 | task 0 | h2o eviction, prefix_keep = 1, recent_keep = 2047, victim = [1898,1899), score = 8.548252
slot update_slots: id  0 | task 0 | h2o eviction, prefix_keep = 1, recent_keep = 2047, victim = [584,585), score = 8.587993
slot update_slots: id  0 | task 0 | h2o eviction, prefix_keep = 1, recent_keep = 2047, victim = [1637,1638), score = 8.589233
slot update_slots: id  0 | task 0 | h2o eviction, prefix_keep = 1, recent_keep = 2047, victim = [2047,2048), score = 6.949920
slot update_slots: id  0 | task 0 | h2o eviction, prefix_keep = 1, recent_keep = 2047, victim = [2039,2040), score = 8.608168
slot update_slots: id  0 | task 0 | h2o eviction, prefix_keep = 1, recent_keep = 2047, victim = [867,868), score = 8.644733
slot update_slots: id  0 | task 0 | h2o eviction, prefix_keep = 1, recent_keep = 2047, victim = [785,786), score = 8.645089
slot update_slots: id  0 | task 0 | h2o eviction, prefix_keep = 1, recent_keep = 2047, victim = [2047,2048), score = 8.587219
slot update_slots: id  0 | task 0 | h2o eviction, prefix_keep = 1, recent_keep = 2047, victim = [2047,2048), score = 6.802713
slot update_slots: id  0 | task 0 | h2o eviction, prefix_keep = 1, recent_keep = 2047, victim = [762,763), score = 8.654099
slot update_slots: id  0 | task 0 | h2o eviction, prefix_keep = 1, recent_keep = 2047, victim = [1548,1549), score = 8.663036
slot update_slots: id  0 | task 0 | h2o eviction, prefix_keep = 1, recent_keep = 2047, victim = [426,427), score = 8.667937
slot update_slots: id  0 | task 0 | h2o eviction, prefix_keep = 1, recent_keep = 2047, victim = [1819,1820), score = 8.676955
slot update_slots: id  0 | task 0 | h2o eviction, prefix_keep = 1, recent_keep = 2047, victim = [674,675), score = 8.680217
slot update_slots: id  0 | task 0 | h2o eviction, prefix_keep = 1, recent_keep = 2047, victim = [1486,1487), score = 8.680891
slot update_slots: id  0 | task 0 | h2o eviction, prefix_keep = 1, recent_keep = 2047, victim = [1036,1037), score = 8.690074
slot update_slots: id  0 | task 0 | h2o eviction, prefix_keep = 1, recent_keep = 2047, victim = [614,615), score = 8.714204
slot update_slots: id  0 | task 0 | h2o eviction, prefix_keep = 1, recent_keep = 2047, victim = [726,727), score = 8.717449
slot update_slots: id  0 | task 0 | h2o eviction, prefix_keep = 1, recent_keep = 2047, victim = [2047,2048), score = 6.182364
slot update_slots: id  0 | task 0 | h2o eviction, prefix_keep = 1, recent_keep = 2047, victim = [749,750), score = 8.719910
slot update_slots: id  0 | task 0 | h2o eviction, prefix_keep = 1, recent_keep = 2047, victim = [2047,2048), score = 8.518293
slot update_slots: id  0 | task 0 | h2o eviction, prefix_keep = 1, recent_keep = 2047, victim = [1051,1052), score = 8.723445
slot update_slots: id  0 | task 0 | h2o eviction, prefix_keep = 1, recent_keep = 2047, victim = [2047,2048), score = 6.239810
slot update_slots: id  0 | task 0 | h2o eviction, prefix_keep = 1, recent_keep = 2047, victim = [2047,2048), score = 7.370322
slot update_slots: id  0 | task 0 | h2o eviction, prefix_keep = 1, recent_keep = 2047, victim = [2047,2048), score = 5.946842
slot update_slots: id  0 | task 0 | h2o eviction, prefix_keep = 1, recent_keep = 2047, victim = [2047,2048), score = 5.427860
slot update_slots: id  0 | task 0 | h2o eviction, prefix_keep = 1, recent_keep = 2047, victim = [2047,2048), score = 7.406397
slot update_slots: id  0 | task 0 | h2o eviction, prefix_keep = 1, recent_keep = 2047, victim = [1325,1326), score = 8.741527
slot update_slots: id  0 | task 0 | h2o eviction, prefix_keep = 1, recent_keep = 2047, victim = [1876,1877), score = 8.756652
slot update_slots: id  0 | task 0 | h2o eviction, prefix_keep = 1, recent_keep = 2047, victim = [1019,1020), score = 8.757515
slot update_slots: id  0 | task 0 | h2o eviction, prefix_keep = 1, recent_keep = 2047, victim = [905,906), score = 8.758839
slot update_slots: id  0 | task 0 | h2o eviction, prefix_keep = 1, recent_keep = 2047, victim = [1511,1512), score = 8.761271
slot update_slots: id  0 | task 0 | h2o eviction, prefix_keep = 1, recent_keep = 2047, victim = [960,961), score = 8.763602
slot update_slots: id  0 | task 0 | h2o eviction, prefix_keep = 1, recent_keep = 2047, victim = [2047,2048), score = 6.697319
slot update_slots: id  0 | task 0 | h2o eviction, prefix_keep = 1, recent_keep = 2047, victim = [936,937), score = 8.769140
slot update_slots: id  0 | task 0 | h2o eviction, prefix_keep = 1, recent_keep = 2047, victim = [1478,1479), score = 8.784862
slot update_slots: id  0 | task 0 | h2o eviction, prefix_keep = 1, recent_keep = 2047, victim = [848,849), score = 8.787955
slot update_slots: id  0 | task 0 | h2o eviction, prefix_keep = 1, recent_keep = 2047, victim = [515,516), score = 8.789031
slot update_slots: id  0 | task 0 | h2o eviction, prefix_keep = 1, recent_keep = 2047, victim = [1088,1089), score = 8.794481
slot update_slots: id  0 | task 0 | h2o eviction, prefix_keep = 1, recent_keep = 2047, victim = [1087,1088), score = 8.802254
slot update_slots: id  0 | task 0 | h2o eviction, prefix_keep = 1, recent_keep = 2047, victim = [1980,1981), score = 8.811278
slot update_slots: id  0 | task 0 | h2o eviction, prefix_keep = 1, recent_keep = 2047, victim = [1434,1435), score = 8.821057
slot update_slots: id  0 | task 0 | h2o eviction, prefix_keep = 1, recent_keep = 2047, victim = [340,341), score = 8.822644
slot update_slots: id  0 | task 0 | h2o eviction, prefix_keep = 1, recent_keep = 2047, victim = [737,738), score = 8.851005
slot update_slots: id  0 | task 0 | h2o eviction, prefix_keep = 1, recent_keep = 2047, victim = [893,894), score = 8.855406
slot update_slots: id  0 | task 0 | h2o eviction, prefix_keep = 1, recent_keep = 2047, victim = [873,874), score = 8.880407
slot update_slots: id  0 | task 0 | h2o eviction, prefix_keep = 1, recent_keep = 2047, victim = [882,883), score = 8.882953
slot update_slots: id  0 | task 0 | h2o eviction, prefix_keep = 1, recent_keep = 2047, victim = [913,914), score = 8.891627
slot update_slots: id  0 | task 0 | h2o eviction, prefix_keep = 1, recent_keep = 2047, victim = [1469,1470), score = 8.896904
slot update_slots: id  0 | task 0 | h2o eviction, prefix_keep = 1, recent_keep = 2047, victim = [644,645), score = 8.905651
slot update_slots: id  0 | task 0 | h2o eviction, prefix_keep = 1, recent_keep = 2047, victim = [2047,2048), score = 7.641427
slot update_slots: id  0 | task 0 | h2o eviction, prefix_keep = 1, recent_keep = 2047, victim = [2047,2048), score = 5.270873
slot update_slots: id  0 | task 0 | h2o eviction, prefix_keep = 1, recent_keep = 2047, victim = [2047,2048), score = 7.010359
slot update_slots: id  0 | task 0 | h2o eviction, prefix_keep = 1, recent_keep = 2047, victim = [654,655), score = 8.910865
slot update_slots: id  0 | task 0 | h2o eviction, prefix_keep = 1, recent_keep = 2047, victim = [715,716), score = 8.911388
slot update_slots: id  0 | task 0 | h2o eviction, prefix_keep = 1, recent_keep = 2047, victim = [1955,1956), score = 8.919195
slot update_slots: id  0 | task 0 | h2o eviction, prefix_keep = 1, recent_keep = 2047, victim = [903,904), score = 8.920552
slot update_slots: id  0 | task 0 | h2o eviction, prefix_keep = 1, recent_keep = 2047, victim = [2019,2020), score = 8.921522
slot update_slots: id  0 | task 0 | h2o eviction, prefix_keep = 1, recent_keep = 2047, victim = [1371,1372), score = 8.922206
slot update_slots: id  0 | task 0 | h2o eviction, prefix_keep = 1, recent_keep = 2047, victim = [1974,1975), score = 8.923546
slot update_slots: id  0 | task 0 | h2o eviction, prefix_keep = 1, recent_keep = 2047, victim = [1040,1041), score = 8.925781
slot update_slots: id  0 | task 0 | h2o eviction, prefix_keep = 1, recent_keep = 2047, victim = [2031,2032), score = 8.931386
slot update_slots: id  0 | task 0 | h2o eviction, prefix_keep = 1, recent_keep = 2047, victim = [1741,1742), score = 8.953766
slot update_slots: id  0 | task 0 | h2o eviction, prefix_keep = 1, recent_keep = 2047, victim = [232,233), score = 8.954674
slot update_slots: id  0 | task 0 | h2o eviction, prefix_keep = 1, recent_keep = 2047, victim = [1024,1025), score = 8.955198
slot update_slots: id  0 | task 0 | h2o eviction, prefix_keep = 1, recent_keep = 2047, victim = [903,904), score = 8.961155
slot update_slots: id  0 | task 0 | h2o eviction, prefix_keep = 1, recent_keep = 2047, victim = [893,894), score = 8.963940
slot update_slots: id  0 | task 0 | h2o eviction, prefix_keep = 1, recent_keep = 2047, victim = [924,925), score = 8.966240
slot update_slots: id  0 | task 0 | h2o eviction, prefix_keep = 1, recent_keep = 2047, victim = [2047,2048), score = 8.609879
slot update_slots: id  0 | task 0 | h2o eviction, prefix_keep = 1, recent_keep = 2047, victim = [1019,1020), score = 8.967765
slot update_slots: id  0 | task 0 | h2o eviction, prefix_keep = 1, recent_keep = 2047, victim = [925,926), score = 8.968891
slot update_slots: id  0 | task 0 | h2o eviction, prefix_keep = 1, recent_keep = 2047, victim = [620,621), score = 8.971888
slot update_slots: id  0 | task 0 | h2o eviction, prefix_keep = 1, recent_keep = 2047, victim = [1460,1461), score = 8.975324
slot update_slots: id  0 | task 0 | h2o eviction, prefix_keep = 1, recent_keep = 2047, victim = [1377,1378), score = 8.983044
slot update_slots: id  0 | task 0 | h2o eviction, prefix_keep = 1, recent_keep = 2047, victim = [2047,2048), score = 8.711330
slot update_slots: id  0 | task 0 | h2o eviction, prefix_keep = 1, recent_keep = 2047, victim = [2047,2048), score = 5.806073
slot update_slots: id  0 | task 0 | h2o eviction, prefix_keep = 1, recent_keep = 2047, victim = [615,616), score = 8.994009
slot update_slots: id  0 | task 0 | h2o eviction, prefix_keep = 1, recent_keep = 2047, victim = [2047,2048), score = 8.952377
slot update_slots: id  0 | task 0 | h2o eviction, prefix_keep = 1, recent_keep = 2047, victim = [837,838), score = 9.006936
slot update_slots: id  0 | task 0 | h2o eviction, prefix_keep = 1, recent_keep = 2047, victim = [2003,2004), score = 9.013030
slot update_slots: id  0 | task 0 | h2o eviction, prefix_keep = 1, recent_keep = 2047, victim = [2047,2048), score = 6.680671
slot update_slots: id  0 | task 0 | h2o eviction, prefix_keep = 1, recent_keep = 2047, victim = [2047,2048), score = 5.400879
slot update_slots: id  0 | task 0 | h2o eviction, prefix_keep = 1, recent_keep = 2047, victim = [895,896), score = 9.026081
slot update_slots: id  0 | task 0 | h2o eviction, prefix_keep = 1, recent_keep = 2047, victim = [1048,1049), score = 9.027748
slot update_slots: id  0 | task 0 | h2o eviction, prefix_keep = 1, recent_keep = 2047, victim = [2047,2048), score = 6.380410
slot update_slots: id  0 | task 0 | h2o eviction, prefix_keep = 1, recent_keep = 2047, victim = [567,568), score = 9.037120
slot update_slots: id  0 | task 0 | h2o eviction, prefix_keep = 1, recent_keep = 2047, victim = [2047,2048), score = 6.484348
slot update_slots: id  0 | task 0 | h2o eviction, prefix_keep = 1, recent_keep = 2047, victim = [2047,2048), score = 7.942696
slot update_slots: id  0 | task 0 | h2o eviction, prefix_keep = 1, recent_keep = 2047, victim = [895,896), score = 9.045901
slot update_slots: id  0 | task 0 | h2o eviction, prefix_keep = 1, recent_keep = 2047, victim = [1087,1088), score = 9.046624
slot update_slots: id  0 | task 0 | h2o eviction, prefix_keep = 1, recent_keep = 2047, victim = [1575,1576), score = 9.056610
slot update_slots: id  0 | task 0 | h2o eviction, prefix_keep = 1, recent_keep = 2047, victim = [1315,1316), score = 9.061235
slot update_slots: id  0 | task 0 | h2o eviction, prefix_keep = 1, recent_keep = 2047, victim = [562,563), score = 9.079428
slot update_slots: id  0 | task 0 | h2o eviction, prefix_keep = 1, recent_keep = 2047, victim = [1777,1778), score = 9.090196
slot update_slots: id  0 | task 0 | h2o eviction, prefix_keep = 1, recent_keep = 2047, victim = [916,917), score = 9.097615
slot update_slots: id  0 | task 0 | h2o eviction, prefix_keep = 1, recent_keep = 2047, victim = [544,545), score = 9.099327
slot update_slots: id  0 | task 0 | h2o eviction, prefix_keep = 1, recent_keep = 2047, victim = [2047,2048), score = 8.787615
slot update_slots: id  0 | task 0 | h2o eviction, prefix_keep = 1, recent_keep = 2047, victim = [925,926), score = 9.111691
slot update_slots: id  0 | task 0 | h2o eviction, prefix_keep = 1, recent_keep = 2047, victim = [719,720), score = 9.112835
slot update_slots: id  0 | task 0 | h2o eviction, prefix_keep = 1, recent_keep = 2047, victim = [205,206), score = 9.115098
slot update_slots: id  0 | task 0 | h2o eviction, prefix_keep = 1, recent_keep = 2047, victim = [794,795), score = 9.120536
slot update_slots: id  0 | task 0 | h2o eviction, prefix_keep = 1, recent_keep = 2047, victim = [969,970), score = 9.130321
slot update_slots: id  0 | task 0 | h2o eviction, prefix_keep = 1, recent_keep = 2047, victim = [1759,1760), score = 9.138188
slot update_slots: id  0 | task 0 | h2o eviction, prefix_keep = 1, recent_keep = 2047, victim = [590,591), score = 9.151941
slot update_slots: id  0 | task 0 | h2o eviction, prefix_keep = 1, recent_keep = 2047, victim = [1056,1057), score = 9.161002
slot update_slots: id  0 | task 0 | h2o eviction, prefix_keep = 1, recent_keep = 2047, victim = [2047,2048), score = 7.252766
slot update_slots: id  0 | task 0 | h2o eviction, prefix_keep = 1, recent_keep = 2047, victim = [2047,2048), score = 8.315296
slot update_slots: id  0 | task 0 | h2o eviction, prefix_keep = 1, recent_keep = 2047, victim = [2047,2048), score = 8.186868
slot update_slots: id  0 | task 0 | h2o eviction, prefix_keep = 1, recent_keep = 2047, victim = [2047,2048), score = 8.147500
slot update_slots: id  0 | task 0 | h2o eviction, prefix_keep = 1, recent_keep = 2047, victim = [2047,2048), score = 9.034741
slot update_slots: id  0 | task 0 | h2o eviction, prefix_keep = 1, recent_keep = 2047, victim = [1015,1016), score = 9.165564
slot update_slots: id  0 | task 0 | h2o eviction, prefix_keep = 1, recent_keep = 2047, victim = [932,933), score = 9.172290
slot update_slots: id  0 | task 0 | h2o eviction, prefix_keep = 1, recent_keep = 2047, victim = [650,651), score = 9.173563
slot update_slots: id  0 | task 0 | h2o eviction, prefix_keep = 1, recent_keep = 2047, victim = [381,382), score = 9.175686
slot update_slots: id  0 | task 0 | h2o eviction, prefix_keep = 1, recent_keep = 2047, victim = [1287,1288), score = 9.179907
slot update_slots: id  0 | task 0 | h2o eviction, prefix_keep = 1, recent_keep = 2047, victim = [2047,2048), score = 7.750315
slot update_slots: id  0 | task 0 | h2o eviction, prefix_keep = 1, recent_keep = 2047, victim = [509,510), score = 9.188989
slot update_slots: id  0 | task 0 | h2o eviction, prefix_keep = 1, recent_keep = 2047, victim = [598,599), score = 9.208237
slot update_slots: id  0 | task 0 | h2o eviction, prefix_keep = 1, recent_keep = 2047, victim = [2047,2048), score = 8.085968
slot update_slots: id  0 | task 0 | h2o eviction, prefix_keep = 1, recent_keep = 2047, victim = [1390,1391), score = 9.212739
slot update_slots: id  0 | task 0 | h2o eviction, prefix_keep = 1, recent_keep = 2047, victim = [1048,1049), score = 9.214808
slot update_slots: id  0 | task 0 | h2o eviction, prefix_keep = 1, recent_keep = 2047, victim = [1218,1219), score = 9.218010
slot update_slots: id  0 | task 0 | h2o eviction, prefix_keep = 1, recent_keep = 2047, victim = [618,619), score = 9.227203
slot update_slots: id  0 | task 0 | h2o eviction, prefix_keep = 1, recent_keep = 2047, victim = [2047,2048), score = 9.010810
slot update_slots: id  0 | task 0 | h2o eviction, prefix_keep = 1, recent_keep = 2047, victim = [1087,1088), score = 9.236876
slot update_slots: id  0 | task 0 | h2o eviction, prefix_keep = 1, recent_keep = 2047, victim = [2047,2048), score = 8.201880
slot update_slots: id  0 | task 0 | h2o eviction, prefix_keep = 1, recent_keep = 2047, victim = [994,995), score = 9.237254
slot update_slots: id  0 | task 0 | h2o eviction, prefix_keep = 1, recent_keep = 2047, victim = [1449,1450), score = 9.240388
slot update_slots: id  0 | task 0 | h2o eviction, prefix_keep = 1, recent_keep = 2047, victim = [1278,1279), score = 9.243209
slot update_slots: id  0 | task 0 | h2o eviction, prefix_keep = 1, recent_keep = 2047, victim = [1438,1439), score = 9.266699
slot update_slots: id  0 | task 0 | h2o eviction, prefix_keep = 1, recent_keep = 2047, victim = [685,686), score = 9.272755
slot update_slots: id  0 | task 0 | h2o eviction, prefix_keep = 1, recent_keep = 2047, victim = [674,675), score = 9.280299
slot update_slots: id  0 | task 0 | h2o eviction, prefix_keep = 1, recent_keep = 2047, victim = [2047,2048), score = 8.599953
slot update_slots: id  0 | task 0 | h2o eviction, prefix_keep = 1, recent_keep = 2047, victim = [921,922), score = 9.281356
slot update_slots: id  0 | task 0 | h2o eviction, prefix_keep = 1, recent_keep = 2047, victim = [2047,2048), score = 8.326781
slot update_slots: id  0 | task 0 | h2o eviction, prefix_keep = 1, recent_keep = 2047, victim = [1056,1057), score = 9.291453
slot update_slots: id  0 | task 0 | h2o eviction, prefix_keep = 1, recent_keep = 2047, victim = [1544,1545), score = 9.294552
slot update_slots: id  0 | task 0 | h2o eviction, prefix_keep = 1, recent_keep = 2047, victim = [1008,1009), score = 9.297079
slot update_slots: id  0 | task 0 | h2o eviction, prefix_keep = 1, recent_keep = 2047, victim = [1424,1425), score = 9.305328
slot update_slots: id  0 | task 0 | h2o eviction, prefix_keep = 1, recent_keep = 2047, victim = [1738,1739), score = 9.310118
slot update_slots: id  0 | task 0 | h2o eviction, prefix_keep = 1, recent_keep = 2047, victim = [2047,2048), score = 7.662897
slot update_slots: id  0 | task 0 | h2o eviction, prefix_keep = 1, recent_keep = 2047, victim = [2047,2048), score = 8.818726
slot update_slots: id  0 | task 0 | h2o eviction, prefix_keep = 1, recent_keep = 2047, victim = [953,954), score = 9.314052
slot update_slots: id  0 | task 0 | h2o eviction, prefix_keep = 1, recent_keep = 2047, victim = [285,286), score = 9.322243
slot update_slots: id  0 | task 0 | h2o eviction, prefix_keep = 1, recent_keep = 2047, victim = [2047,2048), score = 6.918665
slot update_slots: id  0 | task 0 | h2o eviction, prefix_keep = 1, recent_keep = 2047, victim = [2047,2048), score = 8.860842
slot update_slots: id  0 | task 0 | h2o eviction, prefix_keep = 1, recent_keep = 2047, victim = [2047,2048), score = 7.983264
slot update_slots: id  0 | task 0 | h2o eviction, prefix_keep = 1, recent_keep = 2047, victim = [1381,1382), score = 9.332037
slot update_slots: id  0 | task 0 | h2o eviction, prefix_keep = 1, recent_keep = 2047, victim = [2047,2048), score = 8.064354
slot update_slots: id  0 | task 0 | h2o eviction, prefix_keep = 1, recent_keep = 2047, victim = [2047,2048), score = 7.758802
slot update_slots: id  0 | task 0 | h2o eviction, prefix_keep = 1, recent_keep = 2047, victim = [272,273), score = 9.337646
slot update_slots: id  0 | task 0 | h2o eviction, prefix_keep = 1, recent_keep = 2047, victim = [26,27), score = 9.339250
slot update_slots: id  0 | task 0 | h2o eviction, prefix_keep = 1, recent_keep = 2047, victim = [281,282), score = 9.346889
slot update_slots: id  0 | task 0 | h2o eviction, prefix_keep = 1, recent_keep = 2047, victim = [1012,1013), score = 9.347870
slot update_slots: id  0 | task 0 | h2o eviction, prefix_keep = 1, recent_keep = 2047, victim = [943,944), score = 9.351597
slot update_slots: id  0 | task 0 | h2o eviction, prefix_keep = 1, recent_keep = 2047, victim = [1070,1071), score = 9.360448
slot update_slots: id  0 | task 0 | h2o eviction, prefix_keep = 1, recent_keep = 2047, victim = [699,700), score = 9.371695
slot update_slots: id  0 | task 0 | h2o eviction, prefix_keep = 1, recent_keep = 2047, victim = [810,811), score = 9.372541
slot update_slots: id  0 | task 0 | h2o eviction, prefix_keep = 1, recent_keep = 2047, victim = [1240,1241), score = 9.379620
slot update_slots: id  0 | task 0 | h2o eviction, prefix_keep = 1, recent_keep = 2047, victim = [1061,1062), score = 9.380076
slot update_slots: id  0 | task 0 | h2o eviction, prefix_keep = 1, recent_keep = 2047, victim = [333,334), score = 9.381247
slot update_slots: id  0 | task 0 | h2o eviction, prefix_keep = 1, recent_keep = 2047, victim = [991,992), score = 9.383693
slot update_slots: id  0 | task 0 | h2o eviction, prefix_keep = 1, recent_keep = 2047, victim = [1057,1058), score = 9.389974
slot update_slots: id  0 | task 0 | h2o eviction, prefix_keep = 1, recent_keep = 2047, victim = [1582,1583), score = 9.393743
slot update_slots: id  0 | task 0 | h2o eviction, prefix_keep = 1, recent_keep = 2047, victim = [666,667), score = 9.396078
slot update_slots: id  0 | task 0 | h2o eviction, prefix_keep = 1, recent_keep = 2047, victim = [845,846), score = 9.396884
slot update_slots: id  0 | task 0 | h2o eviction, prefix_keep = 1, recent_keep = 2047, victim = [556,557), score = 9.401158
slot update_slots: id  0 | task 0 | h2o eviction, prefix_keep = 1, recent_keep = 2047, victim = [1185,1186), score = 9.448809
slot update_slots: id  0 | task 0 | h2o eviction, prefix_keep = 1, recent_keep = 2047, victim = [1850,1851), score = 9.452847
slot update_slots: id  0 | task 0 | h2o eviction, prefix_keep = 1, recent_keep = 2047, victim = [2047,2048), score = 8.493428
slot update_slots: id  0 | task 0 | h2o eviction, prefix_keep = 1, recent_keep = 2047, victim = [665,666), score = 9.466470
slot update_slots: id  0 | task 0 | h2o eviction, prefix_keep = 1, recent_keep = 2047, victim = [1884,1885), score = 9.471781
slot update_slots: id  0 | task 0 | h2o eviction, prefix_keep = 1, recent_keep = 2047, victim = [2047,2048), score = 9.217114
slot update_slots: id  0 | task 0 | h2o eviction, prefix_keep = 1, recent_keep = 2047, victim = [304,305), score = 9.474466
slot update_slots: id  0 | task 0 | h2o eviction, prefix_keep = 1, recent_keep = 2047, victim = [1887,1888), score = 9.476587
slot update_slots: id  0 | task 0 | h2o eviction, prefix_keep = 1, recent_keep = 2047, victim = [388,389), score = 9.492119
slot update_slots: id  0 | task 0 | h2o eviction, prefix_keep = 1, recent_keep = 2047, victim = [2047,2048), score = 5.737629
slot update_slots: id  0 | task 0 | h2o eviction, prefix_keep = 1, recent_keep = 2047, victim = [1869,1870), score = 9.507785
slot update_slots: id  0 | task 0 | h2o eviction, prefix_keep = 1, recent_keep = 2047, victim = [940,941), score = 9.515355
slot update_slots: id  0 | task 0 | h2o eviction, prefix_keep = 1, recent_keep = 2047, victim = [2021,2022), score = 9.519169
slot update_slots: id  0 | task 0 | h2o eviction, prefix_keep = 1, recent_keep = 2047, victim = [1356,1357), score = 9.525940
slot update_slots: id  0 | task 0 | h2o eviction, prefix_keep = 1, recent_keep = 2047, victim = [2047,2048), score = 7.313273
slot update_slots: id  0 | task 0 | h2o eviction, prefix_keep = 1, recent_keep = 2047, victim = [2047,2048), score = 8.954283
slot update_slots: id  0 | task 0 | h2o eviction, prefix_keep = 1, recent_keep = 2047, victim = [394,395), score = 9.527378
slot update_slots: id  0 | task 0 | h2o eviction, prefix_keep = 1, recent_keep = 2047, victim = [1715,1716), score = 9.536800
slot update_slots: id  0 | task 0 | h2o eviction, prefix_keep = 1, recent_keep = 2047, victim = [1885,1886), score = 9.540348
slot update_slots: id  0 | task 0 | h2o eviction, prefix_keep = 1, recent_keep = 2047, victim = [2047,2048), score = 7.736326
slot update_slots: id  0 | task 0 | h2o eviction, prefix_keep = 1, recent_keep = 2047, victim = [2047,2048), score = 8.724676
slot update_slots: id  0 | task 0 | h2o eviction, prefix_keep = 1, recent_keep = 2047, victim = [566,567), score = 9.542411
slot update_slots: id  0 | task 0 | h2o eviction, prefix_keep = 1, recent_keep = 2047, victim = [2047,2048), score = 8.274790
slot update_slots: id  0 | task 0 | h2o eviction, prefix_keep = 1, recent_keep = 2047, victim = [2047,2048), score = 6.883815
slot update_slots: id  0 | task 0 | h2o eviction, prefix_keep = 1, recent_keep = 2047, victim = [2047,2048), score = 6.391176
slot update_slots: id  0 | task 0 | h2o eviction, prefix_keep = 1, recent_keep = 2047, victim = [2047,2048), score = 5.964480
slot update_slots: id  0 | task 0 | h2o eviction, prefix_keep = 1, recent_keep = 2047, victim = [2047,2048), score = 5.758341
slot update_slots: id  0 | task 0 | h2o eviction, prefix_keep = 1, recent_keep = 2047, victim = [2047,2048), score = 7.197883
slot update_slots: id  0 | task 0 | h2o eviction, prefix_keep = 1, recent_keep = 2047, victim = [2047,2048), score = 6.190770
slot update_slots: id  0 | task 0 | h2o eviction, prefix_keep = 1, recent_keep = 2047, victim = [2047,2048), score = 8.442409
slot update_slots: id  0 | task 0 | h2o eviction, prefix_keep = 1, recent_keep = 2047, victim = [2047,2048), score = 7.481259
slot update_slots: id  0 | task 0 | h2o eviction, prefix_keep = 1, recent_keep = 2047, victim = [2047,2048), score = 7.150450
slot update_slots: id  0 | task 0 | h2o eviction, prefix_keep = 1, recent_keep = 2047, victim = [603,604), score = 9.544502
slot update_slots: id  0 | task 0 | h2o eviction, prefix_keep = 1, recent_keep = 2047, victim = [901,902), score = 9.547882
slot update_slots: id  0 | task 0 | h2o eviction, prefix_keep = 1, recent_keep = 2047, victim = [1905,1906), score = 9.578047
slot update_slots: id  0 | task 0 | h2o eviction, prefix_keep = 1, recent_keep = 2047, victim = [2047,2048), score = 7.597465
slot update_slots: id  0 | task 0 | h2o eviction, prefix_keep = 1, recent_keep = 2047, victim = [1962,1963), score = 9.581229
slot update_slots: id  0 | task 0 | h2o eviction, prefix_keep = 1, recent_keep = 2047, victim = [2047,2048), score = 7.820637
slot update_slots: id  0 | task 0 | h2o eviction, prefix_keep = 1, recent_keep = 2047, victim = [2047,2048), score = 5.578259
slot update_slots: id  0 | task 0 | h2o eviction, prefix_keep = 1, recent_keep = 2047, victim = [2047,2048), score = 5.918241
slot update_slots: id  0 | task 0 | h2o eviction, prefix_keep = 1, recent_keep = 2047, victim = [575,576), score = 9.583914
slot update_slots: id  0 | task 0 | h2o eviction, prefix_keep = 1, recent_keep = 2047, victim = [907,908), score = 9.587716
slot update_slots: id  0 | task 0 | h2o eviction, prefix_keep = 1, recent_keep = 2047, victim = [1994,1995), score = 9.593578
slot update_slots: id  0 | task 0 | h2o eviction, prefix_keep = 1, recent_keep = 2047, victim = [2047,2048), score = 8.615644
slot update_slots: id  0 | task 0 | h2o eviction, prefix_keep = 1, recent_keep = 2047, victim = [803,804), score = 9.596393
slot update_slots: id  0 | task 0 | h2o eviction, prefix_keep = 1, recent_keep = 2047, victim = [872,873), score = 9.597989
slot update_slots: id  0 | task 0 | h2o eviction, prefix_keep = 1, recent_keep = 2047, victim = [2047,2048), score = 6.274304
slot update_slots: id  0 | task 0 | h2o eviction, prefix_keep = 1, recent_keep = 2047, victim = [566,567), score = 9.601090
slot update_slots: id  0 | task 0 | h2o eviction, prefix_keep = 1, recent_keep = 2047, victim = [878,879), score = 9.614946
slot update_slots: id  0 | task 0 | h2o eviction, prefix_keep = 1, recent_keep = 2047, victim = [2047,2048), score = 7.549112
slot update_slots: id  0 | task 0 | h2o eviction, prefix_keep = 1, recent_keep = 2047, victim = [2044,2045), score = 9.616024
slot update_slots: id  0 | task 0 | h2o eviction, prefix_keep = 1, recent_keep = 2047, victim = [1003,1004), score = 9.632504
slot update_slots: id  0 | task 0 | h2o eviction, prefix_keep = 1, recent_keep = 2047, victim = [1256,1257), score = 9.634872
slot update_slots: id  0 | task 0 | h2o eviction, prefix_keep = 1, recent_keep = 2047, victim = [1183,1184), score = 9.635952
slot update_slots: id  0 | task 0 | h2o eviction, prefix_keep = 1, recent_keep = 2047, victim = [865,866), score = 9.640417
slot update_slots: id  0 | task 0 | h2o eviction, prefix_keep = 1, recent_keep = 2047, victim = [604,605), score = 9.642062
slot update_slots: id  0 | task 0 | h2o eviction, prefix_keep = 1, recent_keep = 2047, victim = [278,279), score = 9.653242
slot update_slots: id  0 | task 0 | h2o eviction, prefix_keep = 1, recent_keep = 2047, victim = [192,193), score = 9.655718
slot update_slots: id  0 | task 0 | h2o eviction, prefix_keep = 1, recent_keep = 2047, victim = [2047,2048), score = 6.956909
slot update_slots: id  0 | task 0 | h2o eviction, prefix_keep = 1, recent_keep = 2047, victim = [2047,2048), score = 7.802750
slot update_slots: id  0 | task 0 | h2o eviction, prefix_keep = 1, recent_keep = 2047, victim = [124,125), score = 9.680283
slot update_slots: id  0 | task 0 | h2o eviction, prefix_keep = 1, recent_keep = 2047, victim = [1053,1054), score = 9.682788
slot update_slots: id  0 | task 0 | h2o eviction, prefix_keep = 1, recent_keep = 2047, victim = [1226,1227), score = 9.683498
slot update_slots: id  0 | task 0 | h2o eviction, prefix_keep = 1, recent_keep = 2047, victim = [1369,1370), score = 9.691721
slot update_slots: id  0 | task 0 | h2o eviction, prefix_keep = 1, recent_keep = 2047, victim = [1025,1026), score = 9.693810
slot update_slots: id  0 | task 0 | h2o eviction, prefix_keep = 1, recent_keep = 2047, victim = [658,659), score = 9.696815
slot update_slots: id  0 | task 0 | h2o eviction, prefix_keep = 1, recent_keep = 2047, victim = [278,279), score = 9.701065
slot update_slots: id  0 | task 0 | h2o eviction, prefix_keep = 1, recent_keep = 2047, victim = [882,883), score = 9.707533
slot update_slots: id  0 | task 0 | h2o eviction, prefix_keep = 1, recent_keep = 2047, victim = [1335,1336), score = 9.713376
slot update_slots: id  0 | task 0 | h2o eviction, prefix_keep = 1, recent_keep = 2047, victim = [1906,1907), score = 9.717111
slot update_slots: id  0 | task 0 | h2o eviction, prefix_keep = 1, recent_keep = 2047, victim = [872,873), score = 9.721231
slot update_slots: id  0 | task 0 | h2o eviction, prefix_keep = 1, recent_keep = 2047, victim = [1487,1488), score = 9.721614
slot update_slots: id  0 | task 0 | h2o eviction, prefix_keep = 1, recent_keep = 2047, victim = [2017,2018), score = 9.722454
slot update_slots: id  0 | task 0 | h2o eviction, prefix_keep = 1, recent_keep = 2047, victim = [1882,1883), score = 9.725521
slot update_slots: id  0 | task 0 | h2o eviction, prefix_keep = 1, recent_keep = 2047, victim = [764,765), score = 9.726494
slot update_slots: id  0 | task 0 | h2o eviction, prefix_keep = 1, recent_keep = 2047, victim = [2047,2048), score = 7.993501
slot update_slots: id  0 | task 0 | h2o eviction, prefix_keep = 1, recent_keep = 2047, victim = [2047,2048), score = 7.846543
slot update_slots: id  0 | task 0 | h2o eviction, prefix_keep = 1, recent_keep = 2047, victim = [493,494), score = 9.736270
slot update_slots: id  0 | task 0 | h2o eviction, prefix_keep = 1, recent_keep = 2047, victim = [2047,2048), score = 9.080343
slot update_slots: id  0 | task 0 | h2o eviction, prefix_keep = 1, recent_keep = 2047, victim = [2047,2048), score = 8.049268
slot update_slots: id  0 | task 0 | h2o eviction, prefix_keep = 1, recent_keep = 2047, victim = [2047,2048), score = 7.578544
slot update_slots: id  0 | task 0 | h2o eviction, prefix_keep = 1, recent_keep = 2047, victim = [570,571), score = 9.740934
slot update_slots: id  0 | task 0 | h2o eviction, prefix_keep = 1, recent_keep = 2047, victim = [1259,1260), score = 9.746742
slot update_slots: id  0 | task 0 | h2o eviction, prefix_keep = 1, recent_keep = 2047, victim = [602,603), score = 9.751202
slot update_slots: id  0 | task 0 | h2o eviction, prefix_keep = 1, recent_keep = 2047, victim = [304,305), score = 9.753771
slot update_slots: id  0 | task 0 | h2o eviction, prefix_keep = 1, recent_keep = 2047, victim = [947,948), score = 9.756312
slot update_slots: id  0 | task 0 | h2o eviction, prefix_keep = 1, recent_keep = 2047, victim = [608,609), score = 9.770418
slot update_slots: id  0 | task 0 | h2o eviction, prefix_keep = 1, recent_keep = 2047, victim = [942,943), score = 9.773882
slot update_slots: id  0 | task 0 | h2o eviction, prefix_keep = 1, recent_keep = 2047, victim = [579,580), score = 9.780641
slot update_slots: id  0 | task 0 | h2o eviction, prefix_keep = 1, recent_keep = 2047, victim = [738,739), score = 9.783631
slot update_slots: id  0 | task 0 | h2o eviction, prefix_keep = 1, recent_keep = 2047, victim = [947,948), score = 9.799857
slot update_slots: id  0 | task 0 | h2o eviction, prefix_keep = 1, recent_keep = 2047, victim = [847,848), score = 9.808195
slot update_slots: id  0 | task 0 | h2o eviction, prefix_keep = 1, recent_keep = 2047, victim = [1499,1500), score = 9.810246
slot update_slots: id  0 | task 0 | h2o eviction, prefix_keep = 1, recent_keep = 2047, victim = [2047,2048), score = 9.355789
slot update_slots: id  0 | task 0 | h2o eviction, prefix_keep = 1, recent_keep = 2047, victim = [2009,2010), score = 9.814705
slot update_slots: id  0 | task 0 | h2o eviction, prefix_keep = 1, recent_keep = 2047, victim = [1274,1275), score = 9.827013
slot update_slots: id  0 | task 0 | h2o eviction, prefix_keep = 1, recent_keep = 2047, victim = [846,847), score = 9.829760
slot update_slots: id  0 | task 0 | h2o eviction, prefix_keep = 1, recent_keep = 2047, victim = [1868,1869), score = 9.844113
slot update_slots: id  0 | task 0 | h2o eviction, prefix_keep = 1, recent_keep = 2047, victim = [1144,1145), score = 9.847713
slot update_slots: id  0 | task 0 | h2o eviction, prefix_keep = 1, recent_keep = 2047, victim = [1008,1009), score = 9.853126
slot update_slots: id  0 | task 0 | h2o eviction, prefix_keep = 1, recent_keep = 2047, victim = [705,706), score = 9.864341
slot update_slots: id  0 | task 0 | h2o eviction, prefix_keep = 1, recent_keep = 2047, victim = [2047,2048), score = 9.595854
slot update_slots: id  0 | task 0 | h2o eviction, prefix_keep = 1, recent_keep = 2047, victim = [2047,2048), score = 8.303251
slot update_slots: id  0 | task 0 | h2o eviction, prefix_keep = 1, recent_keep = 2047, victim = [1201,1202), score = 9.865942
slot update_slots: id  0 | task 0 | h2o eviction, prefix_keep = 1, recent_keep = 2047, victim = [605,606), score = 9.877641
slot update_slots: id  0 | task 0 | h2o eviction, prefix_keep = 1, recent_keep = 2047, victim = [1918,1919), score = 9.882103
slot update_slots: id  0 | task 0 | h2o eviction, prefix_keep = 1, recent_keep = 2047, victim = [735,736), score = 9.886974
slot update_slots: id  0 | task 0 | h2o eviction, prefix_keep = 1, recent_keep = 2047, victim = [2047,2048), score = 9.166179
slot update_slots: id  0 | task 0 | h2o eviction, prefix_keep = 1, recent_keep = 2047, victim = [2047,2048), score = 8.558548
slot update_slots: id  0 | task 0 | h2o eviction, prefix_keep = 1, recent_keep = 2047, victim = [837,838), score = 9.888874
slot update_slots: id  0 | task 0 | h2o eviction, prefix_keep = 1, recent_keep = 2047, victim = [2047,2048), score = 9.287928
slot update_slots: id  0 | task 0 | h2o eviction, prefix_keep = 1, recent_keep = 2047, victim = [2047,2048), score = 6.854429
slot update_slots: id  0 | task 0 | h2o eviction, prefix_keep = 1, recent_keep = 2047, victim = [701,702), score = 9.902522
slot update_slots: id  0 | task 0 | h2o eviction, prefix_keep = 1, recent_keep = 2047, victim = [927,928), score = 9.912482
slot update_slots: id  0 | task 0 | h2o eviction, prefix_keep = 1, recent_keep = 2047, victim = [2047,2048), score = 8.144234
slot update_slots: id  0 | task 0 | h2o eviction, prefix_keep = 1, recent_keep = 2047, victim = [1956,1957), score = 9.918640
slot update_slots: id  0 | task 0 | h2o eviction, prefix_keep = 1, recent_keep = 2047, victim = [1976,1977), score = 9.920508
slot update_slots: id  0 | task 0 | h2o eviction, prefix_keep = 1, recent_keep = 2047, victim = [2047,2048), score = 7.163455
slot update_slots: id  0 | task 0 | h2o eviction, prefix_keep = 1, recent_keep = 2047, victim = [2047,2048), score = 5.985327
slot update_slots: id  0 | task 0 | h2o eviction, prefix_keep = 1, recent_keep = 2047, victim = [2047,2048), score = 6.348170
slot update_slots: id  0 | task 0 | h2o eviction, prefix_keep = 1, recent_keep = 2047, victim = [2047,2048), score = 4.608013
slot update_slots: id  0 | task 0 | h2o eviction, prefix_keep = 1, recent_keep = 2047, victim = [2047,2048), score = 7.293873
slot update_slots: id  0 | task 0 | h2o eviction, prefix_keep = 1, recent_keep = 2047, victim = [841,842), score = 9.929655
slot update_slots: id  0 | task 0 | h2o eviction, prefix_keep = 1, recent_keep = 2047, victim = [2047,2048), score = 6.517689
slot update_slots: id  0 | task 0 | h2o eviction, prefix_keep = 1, recent_keep = 2047, victim = [794,795), score = 9.930243
slot update_slots: id  0 | task 0 | h2o eviction, prefix_keep = 1, recent_keep = 2047, victim = [2047,2048), score = 8.268954
slot update_slots: id  0 | task 0 | h2o eviction, prefix_keep = 1, recent_keep = 2047, victim = [2047,2048), score = 5.820443
slot update_slots: id  0 | task 0 | h2o eviction, prefix_keep = 1, recent_keep = 2047, victim = [575,576), score = 9.935694
slot update_slots: id  0 | task 0 | h2o eviction, prefix_keep = 1, recent_keep = 2047, victim = [2047,2048), score = 7.492706
slot update_slots: id  0 | task 0 | h2o eviction, prefix_keep = 1, recent_keep = 2047, victim = [2047,2048), score = 7.818579
slot update_slots: id  0 | task 0 | h2o eviction, prefix_keep = 1, recent_keep = 2047, victim = [871,872), score = 9.937915
slot update_slots: id  0 | task 0 | h2o eviction, prefix_keep = 1, recent_keep = 2047, victim = [654,655), score = 9.948415
slot update_slots: id  0 | task 0 | h2o eviction, prefix_keep = 1, recent_keep = 2047, victim = [2047,2048), score = 9.476631
slot update_slots: id  0 | task 0 | h2o eviction, prefix_keep = 1, recent_keep = 2047, victim = [1652,1653), score = 9.961958
slot update_slots: id  0 | task 0 | h2o eviction, prefix_keep = 1, recent_keep = 2047, victim = [1632,1633), score = 9.963692
slot update_slots: id  0 | task 0 | h2o eviction, prefix_keep = 1, recent_keep = 2047, victim = [500,501), score = 9.964702
slot update_slots: id  0 | task 0 | h2o eviction, prefix_keep = 1, recent_keep = 2047, victim = [620,621), score = 9.975881
slot update_slots: id  0 | task 0 | h2o eviction, prefix_keep = 1, recent_keep = 2047, victim = [1840,1841), score = 9.976964
slot update_slots: id  0 | task 0 | h2o eviction, prefix_keep = 1, recent_keep = 2047, victim = [910,911), score = 9.985253
slot update_slots: id  0 | task 0 | h2o eviction, prefix_keep = 1, recent_keep = 2047, victim = [360,361), score = 9.985864
slot update_slots: id  0 | task 0 | h2o eviction, prefix_keep = 1, recent_keep = 2047, victim = [607,608), score = 9.988997
slot update_slots: id  0 | task 0 | h2o eviction, prefix_keep = 1, recent_keep = 2047, victim = [1251,1252), score = 9.989851
slot update_slots: id  0 | task 0 | h2o eviction, prefix_keep = 1, recent_keep = 2047, victim = [1529,1530), score = 9.992325
slot update_slots: id  0 | task 0 | h2o eviction, prefix_keep = 1, recent_keep = 2047, victim = [1918,1919), score = 9.994862
slot update_slots: id  0 | task 0 | h2o eviction, prefix_keep = 1, recent_keep = 2047, victim = [898,899), score = 9.996054
slot update_slots: id  0 | task 0 | h2o eviction, prefix_keep = 1, recent_keep = 2047, victim = [304,305), score = 9.999369
slot update_slots: id  0 | task 0 | h2o eviction, prefix_keep = 1, recent_keep = 2047, victim = [346,347), score = 10.000006
slot update_slots: id  0 | task 0 | h2o eviction, prefix_keep = 1, recent_keep = 2047, victim = [1775,1776), score = 10.003630
slot update_slots: id  0 | task 0 | h2o eviction, prefix_keep = 1, recent_keep = 2047, victim = [635,636), score = 10.011432
slot update_slots: id  0 | task 0 | h2o eviction, prefix_keep = 1, recent_keep = 2047, victim = [615,616), score = 10.024915
slot update_slots: id  0 | task 0 | h2o eviction, prefix_keep = 1, recent_keep = 2047, victim = [491,492), score = 10.030384
slot update_slots: id  0 | task 0 | h2o eviction, prefix_keep = 1, recent_keep = 2047, victim = [638,639), score = 10.033824
slot update_slots: id  0 | task 0 | h2o eviction, prefix_keep = 1, recent_keep = 2047, victim = [1185,1186), score = 10.046170
slot update_slots: id  0 | task 0 | h2o eviction, prefix_keep = 1, recent_keep = 2047, victim = [778,779), score = 10.047178
slot update_slots: id  0 | task 0 | h2o eviction, prefix_keep = 1, recent_keep = 2047, victim = [200,201), score = 10.047393
slot update_slots: id  0 | task 0 | h2o eviction, prefix_keep = 1, recent_keep = 2047, victim = [1831,1832), score = 10.049047
slot update_slots: id  0 | task 0 | h2o eviction, prefix_keep = 1, recent_keep = 2047, victim = [1649,1650), score = 10.055047
slot update_slots: id  0 | task 0 | h2o eviction, prefix_keep = 1, recent_keep = 2047, victim = [779,780), score = 10.070075
slot update_slots: id  0 | task 0 | h2o eviction, prefix_keep = 1, recent_keep = 2047, victim = [977,978), score = 10.071795
slot update_slots: id  0 | task 0 | h2o eviction, prefix_keep = 1, recent_keep = 2047, victim = [2047,2048), score = 8.504152
slot update_slots: id  0 | task 0 | h2o eviction, prefix_keep = 1, recent_keep = 2047, victim = [1752,1753), score = 10.076150
slot update_slots: id  0 | task 0 | h2o eviction, prefix_keep = 1, recent_keep = 2047, victim = [1634,1635), score = 10.081188
slot update_slots: id  0 | task 0 | h2o eviction, prefix_keep = 1, recent_keep = 2047, victim = [2047,2048), score = 10.022704
slot update_slots: id  0 | task 0 | h2o eviction, prefix_keep = 1, recent_keep = 2047, victim = [2047,2048), score = 8.687262
slot update_slots: id  0 | task 0 | h2o eviction, prefix_keep = 1, recent_keep = 2047, victim = [920,921), score = 10.091919
slot update_slots: id  0 | task 0 | h2o eviction, prefix_keep = 1, recent_keep = 2047, victim = [666,667), score = 10.096647
slot update_slots: id  0 | task 0 | h2o eviction, prefix_keep = 1, recent_keep = 2047, victim = [985,986), score = 10.097063
slot update_slots: id  0 | task 0 | h2o eviction, prefix_keep = 1, recent_keep = 2047, victim = [865,866), score = 10.099503
slot update_slots: id  0 | task 0 | h2o eviction, prefix_keep = 1, recent_keep = 2047, victim = [837,838), score = 10.103044
slot update_slots: id  0 | task 0 | h2o eviction, prefix_keep = 1, recent_keep = 2047, victim = [2047,2048), score = 9.892723
slot update_slots: id  0 | task 0 | h2o eviction, prefix_keep = 1, recent_keep = 2047, victim = [601,602), score = 10.105180
slot update_slots: id  0 | task 0 | h2o eviction, prefix_keep = 1, recent_keep = 2047, victim = [578,579), score = 10.109054
slot update_slots: id  0 | task 0 | h2o eviction, prefix_keep = 1, recent_keep = 2047, victim = [895,896), score = 10.117044
slot update_slots: id  0 | task 0 | h2o eviction, prefix_keep = 1, recent_keep = 2047, victim = [1226,1227), score = 10.120059
slot update_slots: id  0 | task 0 | h2o eviction, prefix_keep = 1, recent_keep = 2047, victim = [2047,2048), score = 7.843703
slot update_slots: id  0 | task 0 | h2o eviction, prefix_keep = 1, recent_keep = 2047, victim = [1917,1918), score = 10.129917
slot update_slots: id  0 | task 0 | h2o eviction, prefix_keep = 1, recent_keep = 2047, victim = [1746,1747), score = 10.132710
slot update_slots: id  0 | task 0 | h2o eviction, prefix_keep = 1, recent_keep = 2047, victim = [2047,2048), score = 9.311112
slot update_slots: id  0 | task 0 | h2o eviction, prefix_keep = 1, recent_keep = 2047, victim = [1188,1189), score = 10.137983
slot update_slots: id  0 | task 0 | h2o eviction, prefix_keep = 1, recent_keep = 2047, victim = [405,406), score = 10.138252
slot update_slots: id  0 | task 0 | h2o eviction, prefix_keep = 1, recent_keep = 2047, victim = [975,976), score = 10.138492
slot update_slots: id  0 | task 0 | h2o eviction, prefix_keep = 1, recent_keep = 2047, victim = [800,801), score = 10.141441
slot update_slots: id  0 | task 0 | h2o eviction, prefix_keep = 1, recent_keep = 2047, victim = [1468,1469), score = 10.142680
slot update_slots: id  0 | task 0 | h2o eviction, prefix_keep = 1, recent_keep = 2047, victim = [774,775), score = 10.147838
slot update_slots: id  0 | task 0 | h2o eviction, prefix_keep = 1, recent_keep = 2047, victim = [646,647), score = 10.151724
slot update_slots: id  0 | task 0 | h2o eviction, prefix_keep = 1, recent_keep = 2047, victim = [885,886), score = 10.161641
slot update_slots: id  0 | task 0 | h2o eviction, prefix_keep = 1, recent_keep = 2047, victim = [1992,1993), score = 10.163957
slot update_slots: id  0 | task 0 | h2o eviction, prefix_keep = 1, recent_keep = 2047, victim = [915,916), score = 10.167752
slot update_slots: id  0 | task 0 | h2o eviction, prefix_keep = 1, recent_keep = 2047, victim = [958,959), score = 10.171057
slot update_slots: id  0 | task 0 | h2o eviction, prefix_keep = 1, recent_keep = 2047, victim = [2047,2048), score = 9.540879
slot update_slots: id  0 | task 0 | h2o eviction, prefix_keep = 1, recent_keep = 2047, victim = [2047,2048), score = 9.133381
slot update_slots: id  0 | task 0 | h2o eviction, prefix_keep = 1, recent_keep = 2047, victim = [678,679), score = 10.174690
slot update_slots: id  0 | task 0 | h2o eviction, prefix_keep = 1, recent_keep = 2047, victim = [1860,1861), score = 10.181683
slot update_slots: id  0 | task 0 | h2o eviction, prefix_keep = 1, recent_keep = 2047, victim = [1991,1992), score = 10.186728
slot update_slots: id  0 | task 0 | h2o eviction, prefix_keep = 1, recent_keep = 2047, victim = [962,963), score = 10.187563
slot update_slots: id  0 | task 0 | h2o eviction, prefix_keep = 1, recent_keep = 2047, victim = [2047,2048), score = 7.802447
slot update_slots: id  0 | task 0 | h2o eviction, prefix_keep = 1, recent_keep = 2047, victim = [2047,2048), score = 9.917295
slot update_slots: id  0 | task 0 | h2o eviction, prefix_keep = 1, recent_keep = 2047, victim = [618,619), score = 10.195134
slot update_slots: id  0 | task 0 | h2o eviction, prefix_keep = 1, recent_keep = 2047, victim = [715,716), score = 10.196468
slot update_slots: id  0 | task 0 | h2o eviction, prefix_keep = 1, recent_keep = 2047, victim = [2047,2048), score = 8.907967
slot update_slots: id  0 | task 0 | h2o eviction, prefix_keep = 1, recent_keep = 2047, victim = [609,610), score = 10.208103
slot update_slots: id  0 | task 0 | h2o eviction, prefix_keep = 1, recent_keep = 2047, victim = [2047,2048), score = 8.406560
slot update_slots: id  0 | task 0 | h2o eviction, prefix_keep = 1, recent_keep = 2047, victim = [2047,2048), score = 8.816105
slot update_slots: id  0 | task 0 | h2o eviction, prefix_keep = 1, recent_keep = 2047, victim = [2047,2048), score = 5.128456
slot update_slots: id  0 | task 0 | h2o eviction, prefix_keep = 1, recent_keep = 2047, victim = [2047,2048), score = 4.534992
slot update_slots: id  0 | task 0 | h2o eviction, prefix_keep = 1, recent_keep = 2047, victim = [1588,1589), score = 10.218233
slot update_slots: id  0 | task 0 | h2o eviction, prefix_keep = 1, recent_keep = 2047, victim = [1316,1317), score = 10.227096
slot update_slots: id  0 | task 0 | h2o eviction, prefix_keep = 1, recent_keep = 2047, victim = [2047,2048), score = 7.820890
slot update_slots: id  0 | task 0 | h2o eviction, prefix_keep = 1, recent_keep = 2047, victim = [2047,2048), score = 8.662296
slot update_slots: id  0 | task 0 | h2o eviction, prefix_keep = 1, recent_keep = 2047, victim = [2047,2048), score = 7.831222
slot update_slots: id  0 | task 0 | h2o eviction, prefix_keep = 1, recent_keep = 2047, victim = [2047,2048), score = 7.520432
slot update_slots: id  0 | task 0 | h2o eviction, prefix_keep = 1, recent_keep = 2047, victim = [2047,2048), score = 6.267020
slot update_slots: id  0 | task 0 | h2o eviction, prefix_keep = 1, recent_keep = 2047, victim = [2047,2048), score = 6.559109
slot update_slots: id  0 | task 0 | h2o eviction, prefix_keep = 1, recent_keep = 2047, victim = [2047,2048), score = 5.410821
slot update_slots: id  0 | task 0 | h2o eviction, prefix_keep = 1, recent_keep = 2047, victim = [1726,1727), score = 10.228965
slot update_slots: id  0 | task 0 | h2o eviction, prefix_keep = 1, recent_keep = 2047, victim = [822,823), score = 10.234294
slot update_slots: id  0 | task 0 | h2o eviction, prefix_keep = 1, recent_keep = 2047, victim = [2047,2048), score = 6.751670
slot update_slots: id  0 | task 0 | h2o eviction, prefix_keep = 1, recent_keep = 2047, victim = [2047,2048), score = 9.239865
slot update_slots: id  0 | task 0 | h2o eviction, prefix_keep = 1, recent_keep = 2047, victim = [2047,2048), score = 7.875765
slot update_slots: id  0 | task 0 | h2o eviction, prefix_keep = 1, recent_keep = 2047, victim = [2047,2048), score = 8.630854
slot update_slots: id  0 | task 0 | h2o eviction, prefix_keep = 1, recent_keep = 2047, victim = [912,913), score = 10.243267
slot update_slots: id  0 | task 0 | h2o eviction, prefix_keep = 1, recent_keep = 2047, victim = [2047,2048), score = 6.700895
slot print_timing: id  0 | task 0 | 
prompt eval time =   50668.34 ms /  4069 tokens (   12.45 ms per token,    80.31 tokens per second)
       eval time =   66250.13 ms /   788 tokens (   84.07 ms per token,    11.89 tokens per second)
      total time =  116918.47 ms /  4857 tokens
slot      release: id  0 | task 0 | stop processing: n_tokens = 4095, truncated = 1
srv  update_slots: all slots are idle
llama_memory_breakdown_print: | memory breakdown [MiB]  | total   free    self   model   context   compute    unaccounted |
llama_memory_breakdown_print: |   - MTL0 (Apple M1 Pro) | 12124 = 6642 + (5481 =  4685 +     512 +     284) +           0 |
llama_memory_breakdown_print: |   - Host                |                  309 =   281 +       0 +      28                |
ggml_metal_free: deallocating
