ggml_metal_device_init: tensor API disabled for pre-M5 and pre-A19 devices
ggml_metal_library_init: using embedded metal library
ggml_metal_library_init: loaded in 0.007 sec
ggml_metal_rsets_init: creating a residency set collection (keep_alive = 180 s)
ggml_metal_device_init: GPU name:   MTL0
ggml_metal_device_init: GPU family: MTLGPUFamilyApple7  (1007)
ggml_metal_device_init: GPU family: MTLGPUFamilyCommon3 (3003)
ggml_metal_device_init: GPU family: MTLGPUFamilyMetal4  (5002)
ggml_metal_device_init: simdgroup reduction   = true
ggml_metal_device_init: simdgroup matrix mul. = true
ggml_metal_device_init: has unified memory    = true
ggml_metal_device_init: has bfloat            = true
ggml_metal_device_init: has tensor            = false
ggml_metal_device_init: use residency sets    = true
ggml_metal_device_init: use shared buffers    = true
ggml_metal_device_init: recommendedMaxWorkingSetSize  = 12713.12 MB
build: 8138 (2e37921fb) with AppleClang 17.0.0.17000603 for Darwin arm64
srv    load_model: loading model '../models/Qwen3-8B-Q4_K_M.gguf'
common_init_result: fitting params to device memory, for bugs during this step try to reproduce them with -fit off, or provide --verbose logs if the bug only occurs with -fit on
llama_params_fit_impl: projected to use 5336 MiB of device memory vs. 12123 MiB of free device memory
llama_params_fit_impl: will leave 6787 >= 1024 MiB of free device memory, no changes needed
llama_params_fit: successfully fit params to free device memory
llama_params_fit: fitting params to free memory took 0.15 seconds
llama_model_load_from_file_impl: using device MTL0 (Apple M1 Pro) (unknown id) - 12123 MiB free
llama_model_loader: loaded meta data with 28 key-value pairs and 399 tensors from ../models/Qwen3-8B-Q4_K_M.gguf (version GGUF V3 (latest))
llama_model_loader: Dumping metadata keys/values. Note: KV overrides do not apply in this output.
llama_model_loader: - kv   0:                       general.architecture str              = qwen3
llama_model_loader: - kv   1:                               general.type str              = model
llama_model_loader: - kv   2:                               general.name str              = Qwen3 8B Awq Compatible Instruct
llama_model_loader: - kv   3:                           general.finetune str              = awq-compatible-Instruct
llama_model_loader: - kv   4:                           general.basename str              = Qwen3
llama_model_loader: - kv   5:                         general.size_label str              = 8B
llama_model_loader: - kv   6:                          qwen3.block_count u32              = 36
llama_model_loader: - kv   7:                       qwen3.context_length u32              = 40960
llama_model_loader: - kv   8:                     qwen3.embedding_length u32              = 4096
llama_model_loader: - kv   9:                  qwen3.feed_forward_length u32              = 12288
llama_model_loader: - kv  10:                 qwen3.attention.head_count u32              = 32
llama_model_loader: - kv  11:              qwen3.attention.head_count_kv u32              = 8
llama_model_loader: - kv  12:                       qwen3.rope.freq_base f32              = 1000000.000000
llama_model_loader: - kv  13:     qwen3.attention.layer_norm_rms_epsilon f32              = 0.000001
llama_model_loader: - kv  14:                 qwen3.attention.key_length u32              = 128
llama_model_loader: - kv  15:               qwen3.attention.value_length u32              = 128
llama_model_loader: - kv  16:                       tokenizer.ggml.model str              = gpt2
llama_model_loader: - kv  17:                         tokenizer.ggml.pre str              = qwen2
llama_model_loader: - kv  18:                      tokenizer.ggml.tokens arr[str,151936]  = ["!", "\"", "#", "$", "%", "&", "'", ...
llama_model_loader: - kv  19:                  tokenizer.ggml.token_type arr[i32,151936]  = [1, 1, 1, 1, 1, 1, 1, 1, 1, 1, 1, 1, ...
llama_model_loader: - kv  20:                      tokenizer.ggml.merges arr[str,151387]  = ["Ġ Ġ", "ĠĠ ĠĠ", "i n", "Ġ t",...
llama_model_loader: - kv  21:                tokenizer.ggml.eos_token_id u32              = 151645
llama_model_loader: - kv  22:            tokenizer.ggml.padding_token_id u32              = 151643
llama_model_loader: - kv  23:                tokenizer.ggml.bos_token_id u32              = 151643
llama_model_loader: - kv  24:               tokenizer.ggml.add_bos_token bool             = false
llama_model_loader: - kv  25:                    tokenizer.chat_template str              = {%- if tools %}\n    {{- '<|im_start|>...
llama_model_loader: - kv  26:               general.quantization_version u32              = 2
llama_model_loader: - kv  27:                          general.file_type u32              = 15
llama_model_loader: - type  f32:  145 tensors
llama_model_loader: - type q4_K:  217 tensors
llama_model_loader: - type q6_K:   37 tensors
print_info: file format = GGUF V3 (latest)
print_info: file type   = Q4_K - Medium
print_info: file size   = 4.68 GiB (4.90 BPW) 
load: 0 unused tokens
load: control-looking token: 128247 '</s>' was not control-type; this is probably a bug in the model. its type will be overridden
load: printing all EOG tokens:
load:   - 128247 ('</s>')
load:   - 151643 ('<|endoftext|>')
load:   - 151645 ('<|im_end|>')
load:   - 151662 ('<|fim_pad|>')
load:   - 151663 ('<|repo_name|>')
load:   - 151664 ('<|file_sep|>')
load: special tokens cache size = 27
load: token to piece cache size = 0.9311 MB
print_info: arch                  = qwen3
print_info: vocab_only            = 0
print_info: no_alloc              = 0
print_info: n_ctx_train           = 40960
print_info: n_embd                = 4096
print_info: n_embd_inp            = 4096
print_info: n_layer               = 36
print_info: n_head                = 32
print_info: n_head_kv             = 8
print_info: n_rot                 = 128
print_info: n_swa                 = 0
print_info: is_swa_any            = 0
print_info: n_embd_head_k         = 128
print_info: n_embd_head_v         = 128
print_info: n_gqa                 = 4
print_info: n_embd_k_gqa          = 1024
print_info: n_embd_v_gqa          = 1024
print_info: f_norm_eps            = 0.0e+00
print_info: f_norm_rms_eps        = 1.0e-06
print_info: f_clamp_kqv           = 0.0e+00
print_info: f_max_alibi_bias      = 0.0e+00
print_info: f_logit_scale         = 0.0e+00
print_info: f_attn_scale          = 0.0e+00
print_info: n_ff                  = 12288
print_info: n_expert              = 0
print_info: n_expert_used         = 0
print_info: n_expert_groups       = 0
print_info: n_group_used          = 0
print_info: causal attn           = 1
print_info: pooling type          = -1
print_info: rope type             = 2
print_info: rope scaling          = linear
print_info: freq_base_train       = 1000000.0
print_info: freq_scale_train      = 1
print_info: n_ctx_orig_yarn       = 40960
print_info: rope_yarn_log_mul     = 0.0000
print_info: rope_finetuned        = unknown
print_info: model type            = 8B
print_info: model params          = 8.19 B
print_info: general.name          = Qwen3 8B Awq Compatible Instruct
print_info: vocab type            = BPE
print_info: n_vocab               = 151936
print_info: n_merges              = 151387
print_info: BOS token             = 151643 '<|endoftext|>'
print_info: EOS token             = 151645 '<|im_end|>'
print_info: EOT token             = 151645 '<|im_end|>'
print_info: PAD token             = 151643 '<|endoftext|>'
print_info: LF token              = 198 'Ċ'
print_info: FIM PRE token         = 151659 '<|fim_prefix|>'
print_info: FIM SUF token         = 151661 '<|fim_suffix|>'
print_info: FIM MID token         = 151660 '<|fim_middle|>'
print_info: FIM PAD token         = 151662 '<|fim_pad|>'
print_info: FIM REP token         = 151663 '<|repo_name|>'
print_info: FIM SEP token         = 151664 '<|file_sep|>'
print_info: EOG token             = 128247 '</s>'
print_info: EOG token             = 151643 '<|endoftext|>'
print_info: EOG token             = 151645 '<|im_end|>'
print_info: EOG token             = 151662 '<|fim_pad|>'
print_info: EOG token             = 151663 '<|repo_name|>'
print_info: EOG token             = 151664 '<|file_sep|>'
print_info: max token length      = 256
load_tensors: loading model tensors, this can take a while... (mmap = true, direct_io = false)
load_tensors: offloading output layer to GPU
load_tensors: offloading 35 repeating layers to GPU
load_tensors: offloaded 37/37 layers to GPU
load_tensors:   CPU_Mapped model buffer size =   333.84 MiB
load_tensors:  MTL0_Mapped model buffer size =  4789.19 MiB
.....................................................................................
common_init_result: added </s> logit bias = -inf
common_init_result: added <|endoftext|> logit bias = -inf
common_init_result: added <|im_end|> logit bias = -inf
common_init_result: added <|fim_pad|> logit bias = -inf
common_init_result: added <|repo_name|> logit bias = -inf
common_init_result: added <|file_sep|> logit bias = -inf
llama_context: constructing llama_context
llama_context: n_seq_max     = 1
llama_context: n_ctx         = 4096
llama_context: n_ctx_seq     = 4096
llama_context: n_batch       = 2048
llama_context: n_ubatch      = 512
llama_context: causal_attn   = 1
llama_context: flash_attn    = disabled
llama_context: kv_unified    = false
llama_context: freq_base     = 1000000.0
llama_context: freq_scale    = 1
llama_context: n_ctx_seq (4096) < n_ctx_train (40960) -- the full capacity of the model will not be utilized
ggml_metal_init: allocating
ggml_metal_init: found device: Apple M1 Pro
ggml_metal_init: picking default device: Apple M1 Pro
ggml_metal_init: use fusion         = true
ggml_metal_init: use concurrency    = true
ggml_metal_init: use graph optimize = true
llama_context:        CPU  output buffer size =     0.58 MiB
llama_kv_cache:       MTL0 KV buffer size =   576.00 MiB
llama_kv_cache: size =  576.00 MiB (  4096 cells,  36 layers,  1/1 seqs), K (f16):  288.00 MiB, V (f16):  288.00 MiB
sched_reserve: reserving ...
sched_reserve:       MTL0 compute buffer size =   304.75 MiB
sched_reserve:        CPU compute buffer size =    28.01 MiB
sched_reserve: graph nodes  = 1446
sched_reserve: graph splits = 2
sched_reserve: reserve took 13.03 ms, sched copies = 1
common_init_from_params: warming up the model with an empty run - please wait ... (--no-warmup to disable)
srv    load_model: initializing slots, n_slots = 1
no implementations specified for speculative decoding
slot   load_model: id  0 | task -1 | speculative decoding context not initialized
slot   load_model: id  0 | task -1 | new slot, n_ctx = 4096
srv    load_model: prompt cache is enabled, size limit: 8192 MiB
srv    load_model: use `--cache-ram 0` to disable the prompt cache
srv    load_model: for more info see https://github.com/ggml-org/llama.cpp/pull/16391
init: chat template, example_format: '<|im_start|>system
You are a helpful assistant<|im_end|>
<|im_start|>user
Hello<|im_end|>
<|im_start|>assistant
Hi there<|im_end|>
<|im_start|>user
How are you?<|im_end|>
<|im_start|>assistant
'
srv          init: init: chat template, thinking = 0
srv  update_slots: all slots are idle
slot get_availabl: id  0 | task -1 | selected slot by LRU, t_last = -1
slot launch_slot_: id  0 | task -1 | sampler chain: logits -> ?penalties -> ?dry -> ?top-n-sigma -> top-k -> ?typical -> top-p -> min-p -> ?xtc -> temp-ext -> dist 
slot launch_slot_: id  0 | task 0 | processing task, is_child = 0
slot update_slots: id  0 | task 0 | new prompt, n_ctx_slot = 4096, n_keep = 0, task.n_tokens = 4064
slot update_slots: id  0 | task 0 | n_tokens = 0, memory_seq_rm [0, end)
slot update_slots: id  0 | task 0 | prompt processing progress, n_tokens = 2048, batch.n_tokens = 2048, progress = 0.503937
slot update_slots: id  0 | task 0 | n_tokens = 2048, memory_seq_rm [2048, end)
slot update_slots: id  0 | task 0 | prompt processing progress, n_tokens = 4064, batch.n_tokens = 2016, progress = 1.000000
slot update_slots: id  0 | task 0 | prompt done, n_tokens = 4064, batch.n_tokens = 2016
slot init_sampler: id  0 | task 0 | init sampler, took 0.41 ms, tokens: text = 4064, total = 4064
slot update_slots: id  0 | task 0 | h2o eviction, prefix_keep = 0, recent_keep = 2047, victim = [1351,1352), score = 4.898582
slot update_slots: id  0 | task 0 | h2o eviction, prefix_keep = 0, recent_keep = 2047, victim = [1408,1409), score = 5.687563
slot update_slots: id  0 | task 0 | h2o eviction, prefix_keep = 0, recent_keep = 2047, victim = [1407,1408), score = 5.938801
slot update_slots: id  0 | task 0 | h2o eviction, prefix_keep = 0, recent_keep = 2047, victim = [1373,1374), score = 5.998055
slot update_slots: id  0 | task 0 | h2o eviction, prefix_keep = 0, recent_keep = 2047, victim = [1371,1372), score = 6.029284
slot update_slots: id  0 | task 0 | h2o eviction, prefix_keep = 0, recent_keep = 2047, victim = [1363,1364), score = 6.084718
slot update_slots: id  0 | task 0 | h2o eviction, prefix_keep = 0, recent_keep = 2047, victim = [1040,1041), score = 6.096449
slot update_slots: id  0 | task 0 | h2o eviction, prefix_keep = 0, recent_keep = 2047, victim = [1237,1238), score = 6.181028
slot update_slots: id  0 | task 0 | h2o eviction, prefix_keep = 0, recent_keep = 2047, victim = [1071,1072), score = 6.272653
slot update_slots: id  0 | task 0 | h2o eviction, prefix_keep = 0, recent_keep = 2047, victim = [1128,1129), score = 6.286481
slot update_slots: id  0 | task 0 | h2o eviction, prefix_keep = 0, recent_keep = 2047, victim = [1351,1352), score = 6.468256
slot update_slots: id  0 | task 0 | h2o eviction, prefix_keep = 0, recent_keep = 2047, victim = [1743,1744), score = 6.469609
slot update_slots: id  0 | task 0 | h2o eviction, prefix_keep = 0, recent_keep = 2047, victim = [1137,1138), score = 6.558205
slot update_slots: id  0 | task 0 | h2o eviction, prefix_keep = 0, recent_keep = 2047, victim = [1364,1365), score = 6.650314
slot update_slots: id  0 | task 0 | h2o eviction, prefix_keep = 0, recent_keep = 2047, victim = [1638,1639), score = 6.663098
slot update_slots: id  0 | task 0 | h2o eviction, prefix_keep = 0, recent_keep = 2047, victim = [1136,1137), score = 6.820034
slot update_slots: id  0 | task 0 | h2o eviction, prefix_keep = 0, recent_keep = 2047, victim = [622,623), score = 7.009414
slot update_slots: id  0 | task 0 | h2o eviction, prefix_keep = 0, recent_keep = 2047, victim = [1069,1070), score = 7.037891
slot update_slots: id  0 | task 0 | h2o eviction, prefix_keep = 0, recent_keep = 2047, victim = [1343,1344), score = 7.054972
slot update_slots: id  0 | task 0 | h2o eviction, prefix_keep = 0, recent_keep = 2047, victim = [1184,1185), score = 7.066489
slot update_slots: id  0 | task 0 | h2o eviction, prefix_keep = 0, recent_keep = 2047, victim = [1583,1584), score = 7.094578
slot update_slots: id  0 | task 0 | h2o eviction, prefix_keep = 0, recent_keep = 2047, victim = [1230,1231), score = 7.121408
slot update_slots: id  0 | task 0 | h2o eviction, prefix_keep = 0, recent_keep = 2047, victim = [1821,1822), score = 7.179703
slot update_slots: id  0 | task 0 | h2o eviction, prefix_keep = 0, recent_keep = 2047, victim = [1183,1184), score = 7.197088
slot update_slots: id  0 | task 0 | h2o eviction, prefix_keep = 0, recent_keep = 2047, victim = [1630,1631), score = 7.200442
slot update_slots: id  0 | task 0 | h2o eviction, prefix_keep = 0, recent_keep = 2047, victim = [1338,1339), score = 7.206700
slot update_slots: id  0 | task 0 | h2o eviction, prefix_keep = 0, recent_keep = 2047, victim = [1348,1349), score = 7.304344
slot update_slots: id  0 | task 0 | h2o eviction, prefix_keep = 0, recent_keep = 2047, victim = [1781,1782), score = 7.367239
slot update_slots: id  0 | task 0 | h2o eviction, prefix_keep = 0, recent_keep = 2047, victim = [1379,1380), score = 7.400211
slot update_slots: id  0 | task 0 | h2o eviction, prefix_keep = 0, recent_keep = 2047, victim = [1008,1009), score = 7.433636
slot update_slots: id  0 | task 0 | h2o eviction, prefix_keep = 0, recent_keep = 2047, victim = [1627,1628), score = 7.444746
slot update_slots: id  0 | task 0 | h2o eviction, prefix_keep = 0, recent_keep = 2047, victim = [1830,1831), score = 7.452799
slot update_slots: id  0 | task 0 | h2o eviction, prefix_keep = 0, recent_keep = 2047, victim = [1337,1338), score = 7.467547
slot update_slots: id  0 | task 0 | h2o eviction, prefix_keep = 0, recent_keep = 2047, victim = [1037,1038), score = 7.478592
slot update_slots: id  0 | task 0 | h2o eviction, prefix_keep = 0, recent_keep = 2047, victim = [1632,1633), score = 7.489961
slot update_slots: id  0 | task 0 | h2o eviction, prefix_keep = 0, recent_keep = 2047, victim = [1173,1174), score = 7.536242
slot update_slots: id  0 | task 0 | h2o eviction, prefix_keep = 0, recent_keep = 2047, victim = [1245,1246), score = 7.546814
slot update_slots: id  0 | task 0 | h2o eviction, prefix_keep = 0, recent_keep = 2047, victim = [1206,1207), score = 7.560189
slot update_slots: id  0 | task 0 | h2o eviction, prefix_keep = 0, recent_keep = 2047, victim = [1824,1825), score = 7.569790
slot update_slots: id  0 | task 0 | h2o eviction, prefix_keep = 0, recent_keep = 2047, victim = [2045,2046), score = 7.581301
slot update_slots: id  0 | task 0 | h2o eviction, prefix_keep = 0, recent_keep = 2047, victim = [782,783), score = 7.593061
slot update_slots: id  0 | task 0 | h2o eviction, prefix_keep = 0, recent_keep = 2047, victim = [867,868), score = 7.634617
slot update_slots: id  0 | task 0 | h2o eviction, prefix_keep = 0, recent_keep = 2047, victim = [779,780), score = 7.693090
slot update_slots: id  0 | task 0 | h2o eviction, prefix_keep = 0, recent_keep = 2047, victim = [1374,1375), score = 7.750267
slot update_slots: id  0 | task 0 | h2o eviction, prefix_keep = 0, recent_keep = 2047, victim = [708,709), score = 7.754139
slot update_slots: id  0 | task 0 | h2o eviction, prefix_keep = 0, recent_keep = 2047, victim = [1369,1370), score = 7.850871
slot update_slots: id  0 | task 0 | h2o eviction, prefix_keep = 0, recent_keep = 2047, victim = [842,843), score = 7.862740
slot update_slots: id  0 | task 0 | h2o eviction, prefix_keep = 0, recent_keep = 2047, victim = [1806,1807), score = 7.902328
slot update_slots: id  0 | task 0 | h2o eviction, prefix_keep = 0, recent_keep = 2047, victim = [1130,1131), score = 7.926740
slot update_slots: id  0 | task 0 | h2o eviction, prefix_keep = 0, recent_keep = 2047, victim = [1059,1060), score = 7.970441
slot update_slots: id  0 | task 0 | h2o eviction, prefix_keep = 0, recent_keep = 2047, victim = [671,672), score = 8.006170
slot update_slots: id  0 | task 0 | h2o eviction, prefix_keep = 0, recent_keep = 2047, victim = [1111,1112), score = 8.163651
slot update_slots: id  0 | task 0 | h2o eviction, prefix_keep = 0, recent_keep = 2047, victim = [749,750), score = 8.353932
slot update_slots: id  0 | task 0 | h2o eviction, prefix_keep = 0, recent_keep = 2047, victim = [1239,1240), score = 8.379888
slot update_slots: id  0 | task 0 | h2o eviction, prefix_keep = 0, recent_keep = 2047, victim = [1057,1058), score = 8.431578
slot update_slots: id  0 | task 0 | h2o eviction, prefix_keep = 0, recent_keep = 2047, victim = [1239,1240), score = 8.443757
slot update_slots: id  0 | task 0 | h2o eviction, prefix_keep = 0, recent_keep = 2047, victim = [1226,1227), score = 8.459052
slot update_slots: id  0 | task 0 | h2o eviction, prefix_keep = 0, recent_keep = 2047, victim = [1587,1588), score = 8.485395
slot update_slots: id  0 | task 0 | h2o eviction, prefix_keep = 0, recent_keep = 2047, victim = [2047,2048), score = 7.844193
slot update_slots: id  0 | task 0 | h2o eviction, prefix_keep = 0, recent_keep = 2047, victim = [1753,1754), score = 8.516627
slot update_slots: id  0 | task 0 | h2o eviction, prefix_keep = 0, recent_keep = 2047, victim = [1135,1136), score = 8.584902
slot update_slots: id  0 | task 0 | h2o eviction, prefix_keep = 0, recent_keep = 2047, victim = [764,765), score = 8.620501
slot update_slots: id  0 | task 0 | h2o eviction, prefix_keep = 0, recent_keep = 2047, victim = [835,836), score = 8.623274
slot update_slots: id  0 | task 0 | h2o eviction, prefix_keep = 0, recent_keep = 2047, victim = [1359,1360), score = 8.639723
slot update_slots: id  0 | task 0 | h2o eviction, prefix_keep = 0, recent_keep = 2047, victim = [1235,1236), score = 8.652302
slot update_slots: id  0 | task 0 | h2o eviction, prefix_keep = 0, recent_keep = 2047, victim = [1211,1212), score = 8.676291
slot update_slots: id  0 | task 0 | h2o eviction, prefix_keep = 0, recent_keep = 2047, victim = [1328,1329), score = 8.710910
slot update_slots: id  0 | task 0 | h2o eviction, prefix_keep = 0, recent_keep = 2047, victim = [1594,1595), score = 8.729402
slot update_slots: id  0 | task 0 | h2o eviction, prefix_keep = 0, recent_keep = 2047, victim = [1908,1909), score = 8.741800
slot update_slots: id  0 | task 0 | h2o eviction, prefix_keep = 0, recent_keep = 2047, victim = [1349,1350), score = 8.742121
slot update_slots: id  0 | task 0 | h2o eviction, prefix_keep = 0, recent_keep = 2047, victim = [876,877), score = 8.747798
slot update_slots: id  0 | task 0 | h2o eviction, prefix_keep = 0, recent_keep = 2047, victim = [1320,1321), score = 8.768271
slot update_slots: id  0 | task 0 | h2o eviction, prefix_keep = 0, recent_keep = 2047, victim = [722,723), score = 8.773706
slot update_slots: id  0 | task 0 | h2o eviction, prefix_keep = 0, recent_keep = 2047, victim = [1933,1934), score = 8.775928
slot update_slots: id  0 | task 0 | h2o eviction, prefix_keep = 0, recent_keep = 2047, victim = [1319,1320), score = 8.819937
slot update_slots: id  0 | task 0 | h2o eviction, prefix_keep = 0, recent_keep = 2047, victim = [1944,1945), score = 8.847791
slot update_slots: id  0 | task 0 | h2o eviction, prefix_keep = 0, recent_keep = 2047, victim = [1220,1221), score = 8.864038
slot update_slots: id  0 | task 0 | h2o eviction, prefix_keep = 0, recent_keep = 2047, victim = [770,771), score = 8.889287
slot update_slots: id  0 | task 0 | h2o eviction, prefix_keep = 0, recent_keep = 2047, victim = [1309,1310), score = 8.925772
slot update_slots: id  0 | task 0 | h2o eviction, prefix_keep = 0, recent_keep = 2047, victim = [2047,2048), score = 8.835462
slot update_slots: id  0 | task 0 | h2o eviction, prefix_keep = 0, recent_keep = 2047, victim = [1175,1176), score = 8.948833
slot update_slots: id  0 | task 0 | h2o eviction, prefix_keep = 0, recent_keep = 2047, victim = [834,835), score = 8.991547
slot update_slots: id  0 | task 0 | h2o eviction, prefix_keep = 0, recent_keep = 2047, victim = [832,833), score = 9.001193
slot update_slots: id  0 | task 0 | h2o eviction, prefix_keep = 0, recent_keep = 2047, victim = [1734,1735), score = 9.005141
slot update_slots: id  0 | task 0 | h2o eviction, prefix_keep = 0, recent_keep = 2047, victim = [1050,1051), score = 9.009199
slot update_slots: id  0 | task 0 | h2o eviction, prefix_keep = 0, recent_keep = 2047, victim = [1774,1775), score = 9.020646
slot update_slots: id  0 | task 0 | h2o eviction, prefix_keep = 0, recent_keep = 2047, victim = [2047,2048), score = 9.026885
slot update_slots: id  0 | task 0 | h2o eviction, prefix_keep = 0, recent_keep = 2047, victim = [1071,1072), score = 9.045940
slot update_slots: id  0 | task 0 | h2o eviction, prefix_keep = 0, recent_keep = 2047, victim = [2019,2020), score = 9.056053
slot update_slots: id  0 | task 0 | h2o eviction, prefix_keep = 0, recent_keep = 2047, victim = [1059,1060), score = 9.112682
slot update_slots: id  0 | task 0 | h2o eviction, prefix_keep = 0, recent_keep = 2047, victim = [776,777), score = 9.115500
slot update_slots: id  0 | task 0 | h2o eviction, prefix_keep = 0, recent_keep = 2047, victim = [1947,1948), score = 9.128834
slot update_slots: id  0 | task 0 | h2o eviction, prefix_keep = 0, recent_keep = 2047, victim = [774,775), score = 9.133048
slot update_slots: id  0 | task 0 | h2o eviction, prefix_keep = 0, recent_keep = 2047, victim = [1030,1031), score = 9.153607
slot update_slots: id  0 | task 0 | h2o eviction, prefix_keep = 0, recent_keep = 2047, victim = [1181,1182), score = 9.171611
slot update_slots: id  0 | task 0 | h2o eviction, prefix_keep = 0, recent_keep = 2047, victim = [869,870), score = 9.181605
slot update_slots: id  0 | task 0 | h2o eviction, prefix_keep = 0, recent_keep = 2047, victim = [1726,1727), score = 9.187376
slot update_slots: id  0 | task 0 | h2o eviction, prefix_keep = 0, recent_keep = 2047, victim = [722,723), score = 9.218127
slot update_slots: id  0 | task 0 | h2o eviction, prefix_keep = 0, recent_keep = 2047, victim = [1295,1296), score = 9.226537
slot update_slots: id  0 | task 0 | h2o eviction, prefix_keep = 0, recent_keep = 2047, victim = [963,964), score = 9.236677
slot update_slots: id  0 | task 0 | h2o eviction, prefix_keep = 0, recent_keep = 2047, victim = [493,494), score = 9.243823
slot update_slots: id  0 | task 0 | h2o eviction, prefix_keep = 0, recent_keep = 2047, victim = [1925,1926), score = 9.255657
slot update_slots: id  0 | task 0 | h2o eviction, prefix_keep = 0, recent_keep = 2047, victim = [771,772), score = 9.264653
slot update_slots: id  0 | task 0 | h2o eviction, prefix_keep = 0, recent_keep = 2047, victim = [1572,1573), score = 9.300129
slot update_slots: id  0 | task 0 | h2o eviction, prefix_keep = 0, recent_keep = 2047, victim = [1161,1162), score = 9.308113
slot update_slots: id  0 | task 0 | h2o eviction, prefix_keep = 0, recent_keep = 2047, victim = [1207,1208), score = 9.310696
slot update_slots: id  0 | task 0 | h2o eviction, prefix_keep = 0, recent_keep = 2047, victim = [986,987), score = 9.415665
slot update_slots: id  0 | task 0 | h2o eviction, prefix_keep = 0, recent_keep = 2047, victim = [1931,1932), score = 9.421429
slot update_slots: id  0 | task 0 | h2o eviction, prefix_keep = 0, recent_keep = 2047, victim = [1538,1539), score = 9.439767
slot update_slots: id  0 | task 0 | h2o eviction, prefix_keep = 0, recent_keep = 2047, victim = [850,851), score = 9.497197
slot update_slots: id  0 | task 0 | h2o eviction, prefix_keep = 0, recent_keep = 2047, victim = [770,771), score = 9.518286
slot update_slots: id  0 | task 0 | h2o eviction, prefix_keep = 0, recent_keep = 2047, victim = [474,475), score = 9.544561
slot update_slots: id  0 | task 0 | h2o eviction, prefix_keep = 0, recent_keep = 2047, victim = [1100,1101), score = 9.554826
slot update_slots: id  0 | task 0 | h2o eviction, prefix_keep = 0, recent_keep = 2047, victim = [1506,1507), score = 9.575748
slot update_slots: id  0 | task 0 | h2o eviction, prefix_keep = 0, recent_keep = 2047, victim = [1175,1176), score = 9.578003
slot update_slots: id  0 | task 0 | h2o eviction, prefix_keep = 0, recent_keep = 2047, victim = [1252,1253), score = 9.593146
slot update_slots: id  0 | task 0 | h2o eviction, prefix_keep = 0, recent_keep = 2047, victim = [1511,1512), score = 9.648251
slot update_slots: id  0 | task 0 | h2o eviction, prefix_keep = 0, recent_keep = 2047, victim = [773,774), score = 9.667728
slot update_slots: id  0 | task 0 | h2o eviction, prefix_keep = 0, recent_keep = 2047, victim = [1700,1701), score = 9.675088
slot update_slots: id  0 | task 0 | h2o eviction, prefix_keep = 0, recent_keep = 2047, victim = [686,687), score = 9.744296
slot update_slots: id  0 | task 0 | h2o eviction, prefix_keep = 0, recent_keep = 2047, victim = [908,909), score = 9.783461
slot update_slots: id  0 | task 0 | h2o eviction, prefix_keep = 0, recent_keep = 2047, victim = [611,612), score = 9.787253
slot update_slots: id  0 | task 0 | h2o eviction, prefix_keep = 0, recent_keep = 2047, victim = [1032,1033), score = 9.808879
slot update_slots: id  0 | task 0 | h2o eviction, prefix_keep = 0, recent_keep = 2047, victim = [1017,1018), score = 9.871513
slot update_slots: id  0 | task 0 | h2o eviction, prefix_keep = 0, recent_keep = 2047, victim = [1066,1067), score = 9.884903
slot update_slots: id  0 | task 0 | h2o eviction, prefix_keep = 0, recent_keep = 2047, victim = [1162,1163), score = 9.891231
slot update_slots: id  0 | task 0 | h2o eviction, prefix_keep = 0, recent_keep = 2047, victim = [1193,1194), score = 9.902071
slot update_slots: id  0 | task 0 | h2o eviction, prefix_keep = 0, recent_keep = 2047, victim = [1545,1546), score = 9.949883
slot update_slots: id  0 | task 0 | h2o eviction, prefix_keep = 0, recent_keep = 2047, victim = [823,824), score = 9.970554
slot update_slots: id  0 | task 0 | h2o eviction, prefix_keep = 0, recent_keep = 2047, victim = [1286,1287), score = 9.985412
slot update_slots: id  0 | task 0 | h2o eviction, prefix_keep = 0, recent_keep = 2047, victim = [1435,1436), score = 9.987069
slot update_slots: id  0 | task 0 | h2o eviction, prefix_keep = 0, recent_keep = 2047, victim = [1542,1543), score = 10.010499
slot update_slots: id  0 | task 0 | h2o eviction, prefix_keep = 0, recent_keep = 2047, victim = [1684,1685), score = 10.012075
slot update_slots: id  0 | task 0 | h2o eviction, prefix_keep = 0, recent_keep = 2047, victim = [1950,1951), score = 10.019693
slot update_slots: id  0 | task 0 | h2o eviction, prefix_keep = 0, recent_keep = 2047, victim = [744,745), score = 10.025899
slot update_slots: id  0 | task 0 | h2o eviction, prefix_keep = 0, recent_keep = 2047, victim = [1087,1088), score = 10.076161
slot update_slots: id  0 | task 0 | h2o eviction, prefix_keep = 0, recent_keep = 2047, victim = [1262,1263), score = 10.136102
slot update_slots: id  0 | task 0 | h2o eviction, prefix_keep = 0, recent_keep = 2047, victim = [1688,1689), score = 10.179491
slot update_slots: id  0 | task 0 | h2o eviction, prefix_keep = 0, recent_keep = 2047, victim = [1089,1090), score = 10.232992
slot update_slots: id  0 | task 0 | h2o eviction, prefix_keep = 0, recent_keep = 2047, victim = [1663,1664), score = 10.245384
slot update_slots: id  0 | task 0 | h2o eviction, prefix_keep = 0, recent_keep = 2047, victim = [1496,1497), score = 10.248055
slot update_slots: id  0 | task 0 | h2o eviction, prefix_keep = 0, recent_keep = 2047, victim = [1127,1128), score = 10.252765
slot update_slots: id  0 | task 0 | h2o eviction, prefix_keep = 0, recent_keep = 2047, victim = [830,831), score = 10.263053
slot update_slots: id  0 | task 0 | h2o eviction, prefix_keep = 0, recent_keep = 2047, victim = [544,545), score = 10.298238
slot update_slots: id  0 | task 0 | h2o eviction, prefix_keep = 0, recent_keep = 2047, victim = [1278,1279), score = 10.317468
slot update_slots: id  0 | task 0 | h2o eviction, prefix_keep = 0, recent_keep = 2047, victim = [766,767), score = 10.349454
slot update_slots: id  0 | task 0 | h2o eviction, prefix_keep = 0, recent_keep = 2047, victim = [1189,1190), score = 10.380495
slot update_slots: id  0 | task 0 | h2o eviction, prefix_keep = 0, recent_keep = 2047, victim = [1386,1387), score = 10.383770
slot update_slots: id  0 | task 0 | h2o eviction, prefix_keep = 0, recent_keep = 2047, victim = [1528,1529), score = 10.398234
slot update_slots: id  0 | task 0 | h2o eviction, prefix_keep = 0, recent_keep = 2047, victim = [909,910), score = 10.433218
slot update_slots: id  0 | task 0 | h2o eviction, prefix_keep = 0, recent_keep = 2047, victim = [1151,1152), score = 10.438073
slot update_slots: id  0 | task 0 | h2o eviction, prefix_keep = 0, recent_keep = 2047, victim = [1932,1933), score = 10.459338
slot update_slots: id  0 | task 0 | h2o eviction, prefix_keep = 0, recent_keep = 2047, victim = [2047,2048), score = 9.799205
slot update_slots: id  0 | task 0 | h2o eviction, prefix_keep = 0, recent_keep = 2047, victim = [2047,2048), score = 7.585406
slot update_slots: id  0 | task 0 | h2o eviction, prefix_keep = 0, recent_keep = 2047, victim = [2047,2048), score = 7.867107
slot update_slots: id  0 | task 0 | h2o eviction, prefix_keep = 0, recent_keep = 2047, victim = [1294,1295), score = 10.489197
slot update_slots: id  0 | task 0 | h2o eviction, prefix_keep = 0, recent_keep = 2047, victim = [1186,1187), score = 10.510000
slot update_slots: id  0 | task 0 | h2o eviction, prefix_keep = 0, recent_keep = 2047, victim = [296,297), score = 10.510843
slot update_slots: id  0 | task 0 | h2o eviction, prefix_keep = 0, recent_keep = 2047, victim = [1840,1841), score = 10.550516
slot update_slots: id  0 | task 0 | h2o eviction, prefix_keep = 0, recent_keep = 2047, victim = [1524,1525), score = 10.557422
slot update_slots: id  0 | task 0 | h2o eviction, prefix_keep = 0, recent_keep = 2047, victim = [1709,1710), score = 10.559554
slot update_slots: id  0 | task 0 | h2o eviction, prefix_keep = 0, recent_keep = 2047, victim = [1922,1923), score = 10.588365
slot update_slots: id  0 | task 0 | h2o eviction, prefix_keep = 0, recent_keep = 2047, victim = [1077,1078), score = 10.630523
slot update_slots: id  0 | task 0 | h2o eviction, prefix_keep = 0, recent_keep = 2047, victim = [1162,1163), score = 10.636953
slot update_slots: id  0 | task 0 | h2o eviction, prefix_keep = 0, recent_keep = 2047, victim = [1624,1625), score = 10.643659
slot update_slots: id  0 | task 0 | h2o eviction, prefix_keep = 0, recent_keep = 2047, victim = [1161,1162), score = 10.649940
slot update_slots: id  0 | task 0 | h2o eviction, prefix_keep = 0, recent_keep = 2047, victim = [990,991), score = 10.666482
slot update_slots: id  0 | task 0 | h2o eviction, prefix_keep = 0, recent_keep = 2047, victim = [1116,1117), score = 10.679276
slot update_slots: id  0 | task 0 | h2o eviction, prefix_keep = 0, recent_keep = 2047, victim = [1226,1227), score = 10.684525
slot update_slots: id  0 | task 0 | h2o eviction, prefix_keep = 0, recent_keep = 2047, victim = [1112,1113), score = 10.686188
slot update_slots: id  0 | task 0 | h2o eviction, prefix_keep = 0, recent_keep = 2047, victim = [758,759), score = 10.692729
slot update_slots: id  0 | task 0 | h2o eviction, prefix_keep = 0, recent_keep = 2047, victim = [1112,1113), score = 10.718765
slot update_slots: id  0 | task 0 | h2o eviction, prefix_keep = 0, recent_keep = 2047, victim = [1767,1768), score = 10.721178
slot update_slots: id  0 | task 0 | h2o eviction, prefix_keep = 0, recent_keep = 2047, victim = [913,914), score = 10.733612
slot update_slots: id  0 | task 0 | h2o eviction, prefix_keep = 0, recent_keep = 2047, victim = [2047,2048), score = 8.784672
slot update_slots: id  0 | task 0 | h2o eviction, prefix_keep = 0, recent_keep = 2047, victim = [2017,2018), score = 10.760458
slot update_slots: id  0 | task 0 | h2o eviction, prefix_keep = 0, recent_keep = 2047, victim = [1848,1849), score = 10.769841
slot update_slots: id  0 | task 0 | h2o eviction, prefix_keep = 0, recent_keep = 2047, victim = [1653,1654), score = 10.780812
slot update_slots: id  0 | task 0 | h2o eviction, prefix_keep = 0, recent_keep = 2047, victim = [1950,1951), score = 10.785284
slot update_slots: id  0 | task 0 | h2o eviction, prefix_keep = 0, recent_keep = 2047, victim = [826,827), score = 10.790986
slot update_slots: id  0 | task 0 | h2o eviction, prefix_keep = 0, recent_keep = 2047, victim = [1857,1858), score = 10.832276
slot update_slots: id  0 | task 0 | h2o eviction, prefix_keep = 0, recent_keep = 2047, victim = [1247,1248), score = 10.852203
slot update_slots: id  0 | task 0 | h2o eviction, prefix_keep = 0, recent_keep = 2047, victim = [760,761), score = 10.879630
slot update_slots: id  0 | task 0 | h2o eviction, prefix_keep = 0, recent_keep = 2047, victim = [1894,1895), score = 10.907174
slot update_slots: id  0 | task 0 | h2o eviction, prefix_keep = 0, recent_keep = 2047, victim = [1641,1642), score = 10.913670
slot update_slots: id  0 | task 0 | h2o eviction, prefix_keep = 0, recent_keep = 2047, victim = [450,451), score = 10.916583
slot update_slots: id  0 | task 0 | h2o eviction, prefix_keep = 0, recent_keep = 2047, victim = [915,916), score = 10.918757
slot update_slots: id  0 | task 0 | h2o eviction, prefix_keep = 0, recent_keep = 2047, victim = [681,682), score = 10.926531
slot update_slots: id  0 | task 0 | h2o eviction, prefix_keep = 0, recent_keep = 2047, victim = [1770,1771), score = 10.956285
slot update_slots: id  0 | task 0 | h2o eviction, prefix_keep = 0, recent_keep = 2047, victim = [1271,1272), score = 10.967137
slot update_slots: id  0 | task 0 | h2o eviction, prefix_keep = 0, recent_keep = 2047, victim = [1045,1046), score = 10.977868
slot update_slots: id  0 | task 0 | h2o eviction, prefix_keep = 0, recent_keep = 2047, victim = [792,793), score = 11.023993
slot update_slots: id  0 | task 0 | h2o eviction, prefix_keep = 0, recent_keep = 2047, victim = [1887,1888), score = 11.032079
slot update_slots: id  0 | task 0 | h2o eviction, prefix_keep = 0, recent_keep = 2047, victim = [1503,1504), score = 11.040011
slot update_slots: id  0 | task 0 | h2o eviction, prefix_keep = 0, recent_keep = 2047, victim = [739,740), score = 11.048069
slot update_slots: id  0 | task 0 | h2o eviction, prefix_keep = 0, recent_keep = 2047, victim = [893,894), score = 11.050809
slot update_slots: id  0 | task 0 | h2o eviction, prefix_keep = 0, recent_keep = 2047, victim = [664,665), score = 11.067164
slot update_slots: id  0 | task 0 | h2o eviction, prefix_keep = 0, recent_keep = 2047, victim = [1325,1326), score = 11.103120
slot update_slots: id  0 | task 0 | h2o eviction, prefix_keep = 0, recent_keep = 2047, victim = [825,826), score = 11.112997
slot update_slots: id  0 | task 0 | h2o eviction, prefix_keep = 0, recent_keep = 2047, victim = [736,737), score = 11.127243
slot update_slots: id  0 | task 0 | h2o eviction, prefix_keep = 0, recent_keep = 2047, victim = [1723,1724), score = 11.145391
slot update_slots: id  0 | task 0 | h2o eviction, prefix_keep = 0, recent_keep = 2047, victim = [933,934), score = 11.152311
slot update_slots: id  0 | task 0 | h2o eviction, prefix_keep = 0, recent_keep = 2047, victim = [340,341), score = 11.181623
slot update_slots: id  0 | task 0 | h2o eviction, prefix_keep = 0, recent_keep = 2047, victim = [400,401), score = 11.218843
slot update_slots: id  0 | task 0 | h2o eviction, prefix_keep = 0, recent_keep = 2047, victim = [794,795), score = 11.226438
slot update_slots: id  0 | task 0 | h2o eviction, prefix_keep = 0, recent_keep = 2047, victim = [1495,1496), score = 11.231996
slot update_slots: id  0 | task 0 | h2o eviction, prefix_keep = 0, recent_keep = 2047, victim = [1832,1833), score = 11.250902
slot update_slots: id  0 | task 0 | h2o eviction, prefix_keep = 0, recent_keep = 2047, victim = [1026,1027), score = 11.304781
slot update_slots: id  0 | task 0 | h2o eviction, prefix_keep = 0, recent_keep = 2047, victim = [1871,1872), score = 11.306349
slot update_slots: id  0 | task 0 | h2o eviction, prefix_keep = 0, recent_keep = 2047, victim = [1272,1273), score = 11.319684
slot update_slots: id  0 | task 0 | h2o eviction, prefix_keep = 0, recent_keep = 2047, victim = [2047,2048), score = 10.034261
slot update_slots: id  0 | task 0 | h2o eviction, prefix_keep = 0, recent_keep = 2047, victim = [2047,2048), score = 10.570642
slot update_slots: id  0 | task 0 | h2o eviction, prefix_keep = 0, recent_keep = 2047, victim = [1771,1772), score = 11.367042
slot update_slots: id  0 | task 0 | h2o eviction, prefix_keep = 0, recent_keep = 2047, victim = [1627,1628), score = 11.368189
slot update_slots: id  0 | task 0 | h2o eviction, prefix_keep = 0, recent_keep = 2047, victim = [981,982), score = 11.391660
slot update_slots: id  0 | task 0 | h2o eviction, prefix_keep = 0, recent_keep = 2047, victim = [1266,1267), score = 11.404440
slot update_slots: id  0 | task 0 | h2o eviction, prefix_keep = 0, recent_keep = 2047, victim = [1540,1541), score = 11.414212
slot update_slots: id  0 | task 0 | h2o eviction, prefix_keep = 0, recent_keep = 2047, victim = [2035,2036), score = 11.428381
slot update_slots: id  0 | task 0 | h2o eviction, prefix_keep = 0, recent_keep = 2047, victim = [2041,2042), score = 11.433240
slot update_slots: id  0 | task 0 | h2o eviction, prefix_keep = 0, recent_keep = 2047, victim = [2047,2048), score = 8.063679
slot update_slots: id  0 | task 0 | h2o eviction, prefix_keep = 0, recent_keep = 2047, victim = [2047,2048), score = 10.961011
slot update_slots: id  0 | task 0 | h2o eviction, prefix_keep = 0, recent_keep = 2047, victim = [2047,2048), score = 8.839998
slot update_slots: id  0 | task 0 | h2o eviction, prefix_keep = 0, recent_keep = 2047, victim = [2047,2048), score = 8.687356
slot update_slots: id  0 | task 0 | h2o eviction, prefix_keep = 0, recent_keep = 2047, victim = [1258,1259), score = 11.457642
slot update_slots: id  0 | task 0 | h2o eviction, prefix_keep = 0, recent_keep = 2047, victim = [1143,1144), score = 11.477764
slot update_slots: id  0 | task 0 | h2o eviction, prefix_keep = 0, recent_keep = 2047, victim = [2032,2033), score = 11.478634
slot update_slots: id  0 | task 0 | h2o eviction, prefix_keep = 0, recent_keep = 2047, victim = [1857,1858), score = 11.480379
slot update_slots: id  0 | task 0 | h2o eviction, prefix_keep = 0, recent_keep = 2047, victim = [1650,1651), score = 11.484374
slot update_slots: id  0 | task 0 | h2o eviction, prefix_keep = 0, recent_keep = 2047, victim = [1732,1733), score = 11.488924
slot update_slots: id  0 | task 0 | h2o eviction, prefix_keep = 0, recent_keep = 2047, victim = [2047,2048), score = 10.832683
slot update_slots: id  0 | task 0 | h2o eviction, prefix_keep = 0, recent_keep = 2047, victim = [1428,1429), score = 11.490355
slot update_slots: id  0 | task 0 | h2o eviction, prefix_keep = 0, recent_keep = 2047, victim = [1156,1157), score = 11.495890
slot update_slots: id  0 | task 0 | h2o eviction, prefix_keep = 0, recent_keep = 2047, victim = [1117,1118), score = 11.516954
slot update_slots: id  0 | task 0 | h2o eviction, prefix_keep = 0, recent_keep = 2047, victim = [1117,1118), score = 11.517763
slot update_slots: id  0 | task 0 | h2o eviction, prefix_keep = 0, recent_keep = 2047, victim = [2047,2048), score = 11.068496
slot update_slots: id  0 | task 0 | h2o eviction, prefix_keep = 0, recent_keep = 2047, victim = [2047,2048), score = 10.688359
slot update_slots: id  0 | task 0 | h2o eviction, prefix_keep = 0, recent_keep = 2047, victim = [1975,1976), score = 11.522835
slot update_slots: id  0 | task 0 | h2o eviction, prefix_keep = 0, recent_keep = 2047, victim = [438,439), score = 11.524965
slot update_slots: id  0 | task 0 | h2o eviction, prefix_keep = 0, recent_keep = 2047, victim = [983,984), score = 11.551464
slot update_slots: id  0 | task 0 | h2o eviction, prefix_keep = 0, recent_keep = 2047, victim = [1943,1944), score = 11.563064
slot update_slots: id  0 | task 0 | h2o eviction, prefix_keep = 0, recent_keep = 2047, victim = [2047,2048), score = 9.459929
slot update_slots: id  0 | task 0 | h2o eviction, prefix_keep = 0, recent_keep = 2047, victim = [1660,1661), score = 11.570844
slot update_slots: id  0 | task 0 | h2o eviction, prefix_keep = 0, recent_keep = 2047, victim = [2047,2048), score = 10.185380
slot update_slots: id  0 | task 0 | h2o eviction, prefix_keep = 0, recent_keep = 2047, victim = [2047,2048), score = 10.151807
slot update_slots: id  0 | task 0 | h2o eviction, prefix_keep = 0, recent_keep = 2047, victim = [750,751), score = 11.581062
slot update_slots: id  0 | task 0 | h2o eviction, prefix_keep = 0, recent_keep = 2047, victim = [916,917), score = 11.590745
slot update_slots: id  0 | task 0 | h2o eviction, prefix_keep = 0, recent_keep = 2047, victim = [677,678), score = 11.606743
slot update_slots: id  0 | task 0 | h2o eviction, prefix_keep = 0, recent_keep = 2047, victim = [1209,1210), score = 11.614673
slot update_slots: id  0 | task 0 | h2o eviction, prefix_keep = 0, recent_keep = 2047, victim = [647,648), score = 11.616967
slot update_slots: id  0 | task 0 | h2o eviction, prefix_keep = 0, recent_keep = 2047, victim = [2004,2005), score = 11.617805
slot update_slots: id  0 | task 0 | h2o eviction, prefix_keep = 0, recent_keep = 2047, victim = [1448,1449), score = 11.623413
slot update_slots: id  0 | task 0 | h2o eviction, prefix_keep = 0, recent_keep = 2047, victim = [1473,1474), score = 11.631618
slot update_slots: id  0 | task 0 | h2o eviction, prefix_keep = 0, recent_keep = 2047, victim = [1087,1088), score = 11.672406
slot update_slots: id  0 | task 0 | h2o eviction, prefix_keep = 0, recent_keep = 2047, victim = [1794,1795), score = 11.689771
slot update_slots: id  0 | task 0 | h2o eviction, prefix_keep = 0, recent_keep = 2047, victim = [732,733), score = 11.695110
slot update_slots: id  0 | task 0 | h2o eviction, prefix_keep = 0, recent_keep = 2047, victim = [749,750), score = 11.700563
slot update_slots: id  0 | task 0 | h2o eviction, prefix_keep = 0, recent_keep = 2047, victim = [1647,1648), score = 11.708808
slot update_slots: id  0 | task 0 | h2o eviction, prefix_keep = 0, recent_keep = 2047, victim = [810,811), score = 11.722283
slot update_slots: id  0 | task 0 | h2o eviction, prefix_keep = 0, recent_keep = 2047, victim = [1898,1899), score = 11.759721
slot update_slots: id  0 | task 0 | h2o eviction, prefix_keep = 0, recent_keep = 2047, victim = [680,681), score = 11.768942
slot update_slots: id  0 | task 0 | h2o eviction, prefix_keep = 0, recent_keep = 2047, victim = [1118,1119), score = 11.773427
slot update_slots: id  0 | task 0 | h2o eviction, prefix_keep = 0, recent_keep = 2047, victim = [2047,2048), score = 9.601565
slot update_slots: id  0 | task 0 | h2o eviction, prefix_keep = 0, recent_keep = 2047, victim = [1938,1939), score = 11.787665
slot update_slots: id  0 | task 0 | h2o eviction, prefix_keep = 0, recent_keep = 2047, victim = [1973,1974), score = 11.788924
slot update_slots: id  0 | task 0 | h2o eviction, prefix_keep = 0, recent_keep = 2047, victim = [2045,2046), score = 11.807970
slot update_slots: id  0 | task 0 | h2o eviction, prefix_keep = 0, recent_keep = 2047, victim = [692,693), score = 11.828118
slot update_slots: id  0 | task 0 | h2o eviction, prefix_keep = 0, recent_keep = 2047, victim = [680,681), score = 11.833273
slot update_slots: id  0 | task 0 | h2o eviction, prefix_keep = 0, recent_keep = 2047, victim = [1826,1827), score = 11.851469
slot update_slots: id  0 | task 0 | h2o eviction, prefix_keep = 0, recent_keep = 2047, victim = [745,746), score = 11.873247
slot update_slots: id  0 | task 0 | h2o eviction, prefix_keep = 0, recent_keep = 2047, victim = [1209,1210), score = 11.890500
slot update_slots: id  0 | task 0 | h2o eviction, prefix_keep = 0, recent_keep = 2047, victim = [1073,1074), score = 11.919466
slot update_slots: id  0 | task 0 | h2o eviction, prefix_keep = 0, recent_keep = 2047, victim = [1960,1961), score = 11.926851
slot update_slots: id  0 | task 0 | h2o eviction, prefix_keep = 0, recent_keep = 2047, victim = [284,285), score = 11.939377
slot update_slots: id  0 | task 0 | h2o eviction, prefix_keep = 0, recent_keep = 2047, victim = [1194,1195), score = 11.958553
slot update_slots: id  0 | task 0 | h2o eviction, prefix_keep = 0, recent_keep = 2047, victim = [1031,1032), score = 11.960939
slot update_slots: id  0 | task 0 | h2o eviction, prefix_keep = 0, recent_keep = 2047, victim = [1036,1037), score = 11.966483
slot update_slots: id  0 | task 0 | h2o eviction, prefix_keep = 0, recent_keep = 2047, victim = [348,349), score = 11.996691
slot update_slots: id  0 | task 0 | h2o eviction, prefix_keep = 0, recent_keep = 2047, victim = [1821,1822), score = 12.020935
slot update_slots: id  0 | task 0 | h2o eviction, prefix_keep = 0, recent_keep = 2047, victim = [1201,1202), score = 12.034710
slot update_slots: id  0 | task 0 | h2o eviction, prefix_keep = 0, recent_keep = 2047, victim = [1377,1378), score = 12.043056
slot update_slots: id  0 | task 0 | h2o eviction, prefix_keep = 0, recent_keep = 2047, victim = [908,909), score = 12.044111
slot update_slots: id  0 | task 0 | h2o eviction, prefix_keep = 0, recent_keep = 2047, victim = [1633,1634), score = 12.061677
slot update_slots: id  0 | task 0 | h2o eviction, prefix_keep = 0, recent_keep = 2047, victim = [1206,1207), score = 12.100196
slot update_slots: id  0 | task 0 | h2o eviction, prefix_keep = 0, recent_keep = 2047, victim = [681,682), score = 12.103692
slot update_slots: id  0 | task 0 | h2o eviction, prefix_keep = 0, recent_keep = 2047, victim = [1432,1433), score = 12.105669
slot update_slots: id  0 | task 0 | h2o eviction, prefix_keep = 0, recent_keep = 2047, victim = [1037,1038), score = 12.106730
slot update_slots: id  0 | task 0 | h2o eviction, prefix_keep = 0, recent_keep = 2047, victim = [2047,2048), score = 8.670935
slot update_slots: id  0 | task 0 | h2o eviction, prefix_keep = 0, recent_keep = 2047, victim = [944,945), score = 12.116053
slot update_slots: id  0 | task 0 | h2o eviction, prefix_keep = 0, recent_keep = 2047, victim = [389,390), score = 12.120049
slot update_slots: id  0 | task 0 | h2o eviction, prefix_keep = 0, recent_keep = 2047, victim = [673,674), score = 12.131805
slot update_slots: id  0 | task 0 | h2o eviction, prefix_keep = 0, recent_keep = 2047, victim = [791,792), score = 12.145493
slot update_slots: id  0 | task 0 | h2o eviction, prefix_keep = 0, recent_keep = 2047, victim = [1175,1176), score = 12.163415
slot update_slots: id  0 | task 0 | h2o eviction, prefix_keep = 0, recent_keep = 2047, victim = [723,724), score = 12.170199
slot update_slots: id  0 | task 0 | h2o eviction, prefix_keep = 0, recent_keep = 2047, victim = [698,699), score = 12.171290
slot update_slots: id  0 | task 0 | h2o eviction, prefix_keep = 0, recent_keep = 2047, victim = [1445,1446), score = 12.171482
slot update_slots: id  0 | task 0 | h2o eviction, prefix_keep = 0, recent_keep = 2047, victim = [1593,1594), score = 12.184696
slot update_slots: id  0 | task 0 | h2o eviction, prefix_keep = 0, recent_keep = 2047, victim = [1883,1884), score = 12.203567
slot update_slots: id  0 | task 0 | h2o eviction, prefix_keep = 0, recent_keep = 2047, victim = [1814,1815), score = 12.204628
slot update_slots: id  0 | task 0 | h2o eviction, prefix_keep = 0, recent_keep = 2047, victim = [675,676), score = 12.226992
slot update_slots: id  0 | task 0 | h2o eviction, prefix_keep = 0, recent_keep = 2047, victim = [885,886), score = 12.232057
slot update_slots: id  0 | task 0 | h2o eviction, prefix_keep = 0, recent_keep = 2047, victim = [555,556), score = 12.236363
slot update_slots: id  0 | task 0 | h2o eviction, prefix_keep = 0, recent_keep = 2047, victim = [988,989), score = 12.246406
slot update_slots: id  0 | task 0 | h2o eviction, prefix_keep = 0, recent_keep = 2047, victim = [681,682), score = 12.250373
slot update_slots: id  0 | task 0 | h2o eviction, prefix_keep = 0, recent_keep = 2047, victim = [1188,1189), score = 12.271230
slot update_slots: id  0 | task 0 | h2o eviction, prefix_keep = 0, recent_keep = 2047, victim = [1438,1439), score = 12.274807
slot update_slots: id  0 | task 0 | h2o eviction, prefix_keep = 0, recent_keep = 2047, victim = [1757,1758), score = 12.297904
slot update_slots: id  0 | task 0 | h2o eviction, prefix_keep = 0, recent_keep = 2047, victim = [2047,2048), score = 7.624959
slot update_slots: id  0 | task 0 | h2o eviction, prefix_keep = 0, recent_keep = 2047, victim = [1959,1960), score = 12.300338
slot update_slots: id  0 | task 0 | h2o eviction, prefix_keep = 0, recent_keep = 2047, victim = [1415,1416), score = 12.313964
slot update_slots: id  0 | task 0 | h2o eviction, prefix_keep = 0, recent_keep = 2047, victim = [1907,1908), score = 12.323893
slot update_slots: id  0 | task 0 | h2o eviction, prefix_keep = 0, recent_keep = 2047, victim = [283,284), score = 12.331584
slot update_slots: id  0 | task 0 | h2o eviction, prefix_keep = 0, recent_keep = 2047, victim = [2047,2048), score = 7.593247
slot update_slots: id  0 | task 0 | h2o eviction, prefix_keep = 0, recent_keep = 2047, victim = [1338,1339), score = 12.353908
slot update_slots: id  0 | task 0 | h2o eviction, prefix_keep = 0, recent_keep = 2047, victim = [395,396), score = 12.355652
slot update_slots: id  0 | task 0 | h2o eviction, prefix_keep = 0, recent_keep = 2047, victim = [2047,2048), score = 11.338223
slot update_slots: id  0 | task 0 | h2o eviction, prefix_keep = 0, recent_keep = 2047, victim = [1857,1858), score = 12.357520
slot update_slots: id  0 | task 0 | h2o eviction, prefix_keep = 0, recent_keep = 2047, victim = [2047,2048), score = 11.558105
slot update_slots: id  0 | task 0 | h2o eviction, prefix_keep = 0, recent_keep = 2047, victim = [2047,2048), score = 6.824737
slot update_slots: id  0 | task 0 | h2o eviction, prefix_keep = 0, recent_keep = 2047, victim = [822,823), score = 12.360326
slot update_slots: id  0 | task 0 | h2o eviction, prefix_keep = 0, recent_keep = 2047, victim = [1202,1203), score = 12.381419
slot update_slots: id  0 | task 0 | h2o eviction, prefix_keep = 0, recent_keep = 2047, victim = [2047,2048), score = 11.079312
slot update_slots: id  0 | task 0 | h2o eviction, prefix_keep = 0, recent_keep = 2047, victim = [1605,1606), score = 12.384380
slot update_slots: id  0 | task 0 | h2o eviction, prefix_keep = 0, recent_keep = 2047, victim = [2047,2048), score = 10.471560
slot update_slots: id  0 | task 0 | h2o eviction, prefix_keep = 0, recent_keep = 2047, victim = [1109,1110), score = 12.420761
slot update_slots: id  0 | task 0 | h2o eviction, prefix_keep = 0, recent_keep = 2047, victim = [2047,2048), score = 9.178285
slot update_slots: id  0 | task 0 | h2o eviction, prefix_keep = 0, recent_keep = 2047, victim = [2047,2048), score = 11.832447
slot update_slots: id  0 | task 0 | h2o eviction, prefix_keep = 0, recent_keep = 2047, victim = [1375,1376), score = 12.434947
slot update_slots: id  0 | task 0 | h2o eviction, prefix_keep = 0, recent_keep = 2047, victim = [1976,1977), score = 12.466204
slot update_slots: id  0 | task 0 | h2o eviction, prefix_keep = 0, recent_keep = 2047, victim = [313,314), score = 12.505399
slot update_slots: id  0 | task 0 | h2o eviction, prefix_keep = 0, recent_keep = 2047, victim = [711,712), score = 12.514630
slot update_slots: id  0 | task 0 | h2o eviction, prefix_keep = 0, recent_keep = 2047, victim = [1557,1558), score = 12.546559
slot update_slots: id  0 | task 0 | h2o eviction, prefix_keep = 0, recent_keep = 2047, victim = [1889,1890), score = 12.551367
slot update_slots: id  0 | task 0 | h2o eviction, prefix_keep = 0, recent_keep = 2047, victim = [1561,1562), score = 12.589173
slot update_slots: id  0 | task 0 | h2o eviction, prefix_keep = 0, recent_keep = 2047, victim = [1461,1462), score = 12.593009
slot update_slots: id  0 | task 0 | h2o eviction, prefix_keep = 0, recent_keep = 2047, victim = [2047,2048), score = 9.112006
slot update_slots: id  0 | task 0 | h2o eviction, prefix_keep = 0, recent_keep = 2047, victim = [2047,2048), score = 5.520766
slot update_slots: id  0 | task 0 | h2o eviction, prefix_keep = 0, recent_keep = 2047, victim = [1393,1394), score = 12.617550
slot update_slots: id  0 | task 0 | h2o eviction, prefix_keep = 0, recent_keep = 2047, victim = [1155,1156), score = 12.627321
slot update_slots: id  0 | task 0 | h2o eviction, prefix_keep = 0, recent_keep = 2047, victim = [763,764), score = 12.638263
slot update_slots: id  0 | task 0 | h2o eviction, prefix_keep = 0, recent_keep = 2047, victim = [605,606), score = 12.642553
slot update_slots: id  0 | task 0 | h2o eviction, prefix_keep = 0, recent_keep = 2047, victim = [537,538), score = 12.643189
slot update_slots: id  0 | task 0 | h2o eviction, prefix_keep = 0, recent_keep = 2047, victim = [1913,1914), score = 12.682242
slot update_slots: id  0 | task 0 | h2o eviction, prefix_keep = 0, recent_keep = 2047, victim = [805,806), score = 12.683002
slot update_slots: id  0 | task 0 | h2o eviction, prefix_keep = 0, recent_keep = 2047, victim = [2047,2048), score = 12.528353
slot update_slots: id  0 | task 0 | h2o eviction, prefix_keep = 0, recent_keep = 2047, victim = [2047,2048), score = 8.593621
slot update_slots: id  0 | task 0 | h2o eviction, prefix_keep = 0, recent_keep = 2047, victim = [885,886), score = 12.706226
slot update_slots: id  0 | task 0 | h2o eviction, prefix_keep = 0, recent_keep = 2047, victim = [1546,1547), score = 12.711445
slot update_slots: id  0 | task 0 | h2o eviction, prefix_keep = 0, recent_keep = 2047, victim = [1945,1946), score = 12.758613
slot update_slots: id  0 | task 0 | h2o eviction, prefix_keep = 0, recent_keep = 2047, victim = [1175,1176), score = 12.791045
slot update_slots: id  0 | task 0 | h2o eviction, prefix_keep = 0, recent_keep = 2047, victim = [2035,2036), score = 12.810866
slot update_slots: id  0 | task 0 | h2o eviction, prefix_keep = 0, recent_keep = 2047, victim = [1195,1196), score = 12.813734
slot update_slots: id  0 | task 0 | h2o eviction, prefix_keep = 0, recent_keep = 2047, victim = [1093,1094), score = 12.820046
slot update_slots: id  0 | task 0 | h2o eviction, prefix_keep = 0, recent_keep = 2047, victim = [2047,2048), score = 11.805800
slot update_slots: id  0 | task 0 | h2o eviction, prefix_keep = 0, recent_keep = 2047, victim = [2047,2048), score = 12.829987
slot update_slots: id  0 | task 0 | h2o eviction, prefix_keep = 0, recent_keep = 2047, victim = [2047,2048), score = 11.475309
slot update_slots: id  0 | task 0 | h2o eviction, prefix_keep = 0, recent_keep = 2047, victim = [1914,1915), score = 12.838715
slot update_slots: id  0 | task 0 | h2o eviction, prefix_keep = 0, recent_keep = 2047, victim = [432,433), score = 12.881576
slot update_slots: id  0 | task 0 | h2o eviction, prefix_keep = 0, recent_keep = 2047, victim = [1108,1109), score = 12.887932
slot update_slots: id  0 | task 0 | h2o eviction, prefix_keep = 0, recent_keep = 2047, victim = [796,797), score = 12.895153
slot update_slots: id  0 | task 0 | h2o eviction, prefix_keep = 0, recent_keep = 2047, victim = [1166,1167), score = 12.895428
slot update_slots: id  0 | task 0 | h2o eviction, prefix_keep = 0, recent_keep = 2047, victim = [526,527), score = 12.912408
slot update_slots: id  0 | task 0 | h2o eviction, prefix_keep = 0, recent_keep = 2047, victim = [1988,1989), score = 12.915604
slot update_slots: id  0 | task 0 | h2o eviction, prefix_keep = 0, recent_keep = 2047, victim = [1544,1545), score = 12.918779
slot update_slots: id  0 | task 0 | h2o eviction, prefix_keep = 0, recent_keep = 2047, victim = [730,731), score = 12.922249
slot update_slots: id  0 | task 0 | h2o eviction, prefix_keep = 0, recent_keep = 2047, victim = [936,937), score = 12.926600
slot update_slots: id  0 | task 0 | h2o eviction, prefix_keep = 0, recent_keep = 2047, victim = [1528,1529), score = 12.930208
slot update_slots: id  0 | task 0 | h2o eviction, prefix_keep = 0, recent_keep = 2047, victim = [1937,1938), score = 12.961245
slot update_slots: id  0 | task 0 | h2o eviction, prefix_keep = 0, recent_keep = 2047, victim = [881,882), score = 12.971312
slot update_slots: id  0 | task 0 | h2o eviction, prefix_keep = 0, recent_keep = 2047, victim = [1880,1881), score = 12.974100
slot update_slots: id  0 | task 0 | h2o eviction, prefix_keep = 0, recent_keep = 2047, victim = [2047,2048), score = 12.786695
slot update_slots: id  0 | task 0 | h2o eviction, prefix_keep = 0, recent_keep = 2047, victim = [1362,1363), score = 13.002396
slot update_slots: id  0 | task 0 | h2o eviction, prefix_keep = 0, recent_keep = 2047, victim = [607,608), score = 13.005911
slot update_slots: id  0 | task 0 | h2o eviction, prefix_keep = 0, recent_keep = 2047, victim = [1663,1664), score = 13.014117
slot update_slots: id  0 | task 0 | h2o eviction, prefix_keep = 0, recent_keep = 2047, victim = [2047,2048), score = 11.279800
slot update_slots: id  0 | task 0 | h2o eviction, prefix_keep = 0, recent_keep = 2047, victim = [1693,1694), score = 13.017009
slot update_slots: id  0 | task 0 | h2o eviction, prefix_keep = 0, recent_keep = 2047, victim = [2047,2048), score = 10.310330
slot update_slots: id  0 | task 0 | h2o eviction, prefix_keep = 0, recent_keep = 2047, victim = [1668,1669), score = 13.028786
slot update_slots: id  0 | task 0 | h2o eviction, prefix_keep = 0, recent_keep = 2047, victim = [2047,2048), score = 7.798079
slot update_slots: id  0 | task 0 | h2o eviction, prefix_keep = 0, recent_keep = 2047, victim = [643,644), score = 13.039466
slot update_slots: id  0 | task 0 | h2o eviction, prefix_keep = 0, recent_keep = 2047, victim = [1884,1885), score = 13.052289
slot update_slots: id  0 | task 0 | h2o eviction, prefix_keep = 0, recent_keep = 2047, victim = [1841,1842), score = 13.075215
slot update_slots: id  0 | task 0 | h2o eviction, prefix_keep = 0, recent_keep = 2047, victim = [223,224), score = 13.078749
slot update_slots: id  0 | task 0 | h2o eviction, prefix_keep = 0, recent_keep = 2047, victim = [1671,1672), score = 13.097098
slot update_slots: id  0 | task 0 | h2o eviction, prefix_keep = 0, recent_keep = 2047, victim = [1322,1323), score = 13.102763
slot update_slots: id  0 | task 0 | h2o eviction, prefix_keep = 0, recent_keep = 2047, victim = [999,1000), score = 13.108017
slot update_slots: id  0 | task 0 | h2o eviction, prefix_keep = 0, recent_keep = 2047, victim = [533,534), score = 13.112229
slot update_slots: id  0 | task 0 | h2o eviction, prefix_keep = 0, recent_keep = 2047, victim = [2047,2048), score = 12.118566
slot update_slots: id  0 | task 0 | h2o eviction, prefix_keep = 0, recent_keep = 2047, victim = [1669,1670), score = 13.132174
slot update_slots: id  0 | task 0 | h2o eviction, prefix_keep = 0, recent_keep = 2047, victim = [2047,2048), score = 12.387028
slot update_slots: id  0 | task 0 | h2o eviction, prefix_keep = 0, recent_keep = 2047, victim = [2047,2048), score = 9.808528
slot update_slots: id  0 | task 0 | h2o eviction, prefix_keep = 0, recent_keep = 2047, victim = [1532,1533), score = 13.136624
slot update_slots: id  0 | task 0 | h2o eviction, prefix_keep = 0, recent_keep = 2047, victim = [957,958), score = 13.137254
slot update_slots: id  0 | task 0 | h2o eviction, prefix_keep = 0, recent_keep = 2047, victim = [1835,1836), score = 13.143798
slot update_slots: id  0 | task 0 | h2o eviction, prefix_keep = 0, recent_keep = 2047, victim = [1581,1582), score = 13.159359
slot update_slots: id  0 | task 0 | h2o eviction, prefix_keep = 0, recent_keep = 2047, victim = [1273,1274), score = 13.163063
slot update_slots: id  0 | task 0 | h2o eviction, prefix_keep = 0, recent_keep = 2047, victim = [1559,1560), score = 13.169034
slot update_slots: id  0 | task 0 | h2o eviction, prefix_keep = 0, recent_keep = 2047, victim = [2047,2048), score = 11.953047
slot update_slots: id  0 | task 0 | h2o eviction, prefix_keep = 0, recent_keep = 2047, victim = [847,848), score = 13.179430
slot update_slots: id  0 | task 0 | h2o eviction, prefix_keep = 0, recent_keep = 2047, victim = [1287,1288), score = 13.185358
slot update_slots: id  0 | task 0 | h2o eviction, prefix_keep = 0, recent_keep = 2047, victim = [2030,2031), score = 13.192649
slot update_slots: id  0 | task 0 | h2o eviction, prefix_keep = 0, recent_keep = 2047, victim = [585,586), score = 13.199393
slot update_slots: id  0 | task 0 | h2o eviction, prefix_keep = 0, recent_keep = 2047, victim = [785,786), score = 13.207579
slot update_slots: id  0 | task 0 | h2o eviction, prefix_keep = 0, recent_keep = 2047, victim = [1061,1062), score = 13.218219
slot update_slots: id  0 | task 0 | h2o eviction, prefix_keep = 0, recent_keep = 2047, victim = [1025,1026), score = 13.241090
slot update_slots: id  0 | task 0 | h2o eviction, prefix_keep = 0, recent_keep = 2047, victim = [1866,1867), score = 13.241927
slot update_slots: id  0 | task 0 | h2o eviction, prefix_keep = 0, recent_keep = 2047, victim = [2047,2048), score = 13.112019
slot update_slots: id  0 | task 0 | h2o eviction, prefix_keep = 0, recent_keep = 2047, victim = [1098,1099), score = 13.252299
slot update_slots: id  0 | task 0 | h2o eviction, prefix_keep = 0, recent_keep = 2047, victim = [526,527), score = 13.259715
slot update_slots: id  0 | task 0 | h2o eviction, prefix_keep = 0, recent_keep = 2047, victim = [943,944), score = 13.312163
slot update_slots: id  0 | task 0 | h2o eviction, prefix_keep = 0, recent_keep = 2047, victim = [2047,2048), score = 12.798008
slot update_slots: id  0 | task 0 | h2o eviction, prefix_keep = 0, recent_keep = 2047, victim = [1840,1841), score = 13.331884
slot update_slots: id  0 | task 0 | h2o eviction, prefix_keep = 0, recent_keep = 2047, victim = [1070,1071), score = 13.332947
slot update_slots: id  0 | task 0 | h2o eviction, prefix_keep = 0, recent_keep = 2047, victim = [946,947), score = 13.342406
slot update_slots: id  0 | task 0 | h2o eviction, prefix_keep = 0, recent_keep = 2047, victim = [1175,1176), score = 13.349434
slot update_slots: id  0 | task 0 | h2o eviction, prefix_keep = 0, recent_keep = 2047, victim = [1541,1542), score = 13.355721
slot update_slots: id  0 | task 0 | h2o eviction, prefix_keep = 0, recent_keep = 2047, victim = [335,336), score = 13.359514
slot update_slots: id  0 | task 0 | h2o eviction, prefix_keep = 0, recent_keep = 2047, victim = [2047,2048), score = 12.034314
slot update_slots: id  0 | task 0 | h2o eviction, prefix_keep = 0, recent_keep = 2047, victim = [2047,2048), score = 12.394852
slot update_slots: id  0 | task 0 | h2o eviction, prefix_keep = 0, recent_keep = 2047, victim = [1001,1002), score = 13.371550
slot update_slots: id  0 | task 0 | h2o eviction, prefix_keep = 0, recent_keep = 2047, victim = [963,964), score = 13.372562
slot update_slots: id  0 | task 0 | h2o eviction, prefix_keep = 0, recent_keep = 2047, victim = [1061,1062), score = 13.374530
slot update_slots: id  0 | task 0 | h2o eviction, prefix_keep = 0, recent_keep = 2047, victim = [660,661), score = 13.403741
slot update_slots: id  0 | task 0 | h2o eviction, prefix_keep = 0, recent_keep = 2047, victim = [954,955), score = 13.405686
slot update_slots: id  0 | task 0 | h2o eviction, prefix_keep = 0, recent_keep = 2047, victim = [527,528), score = 13.407110
slot update_slots: id  0 | task 0 | h2o eviction, prefix_keep = 0, recent_keep = 2047, victim = [2047,2048), score = 12.236421
slot update_slots: id  0 | task 0 | h2o eviction, prefix_keep = 0, recent_keep = 2047, victim = [423,424), score = 13.411860
slot update_slots: id  0 | task 0 | h2o eviction, prefix_keep = 0, recent_keep = 2047, victim = [1725,1726), score = 13.413129
slot update_slots: id  0 | task 0 | h2o eviction, prefix_keep = 0, recent_keep = 2047, victim = [939,940), score = 13.413926
slot update_slots: id  0 | task 0 | h2o eviction, prefix_keep = 0, recent_keep = 2047, victim = [1504,1505), score = 13.415795
slot update_slots: id  0 | task 0 | h2o eviction, prefix_keep = 0, recent_keep = 2047, victim = [2047,2048), score = 13.256923
slot update_slots: id  0 | task 0 | h2o eviction, prefix_keep = 0, recent_keep = 2047, victim = [458,459), score = 13.437366
slot update_slots: id  0 | task 0 | h2o eviction, prefix_keep = 0, recent_keep = 2047, victim = [1542,1543), score = 13.440242
slot update_slots: id  0 | task 0 | h2o eviction, prefix_keep = 0, recent_keep = 2047, victim = [705,706), score = 13.481288
slot update_slots: id  0 | task 0 | h2o eviction, prefix_keep = 0, recent_keep = 2047, victim = [655,656), score = 13.493736
slot update_slots: id  0 | task 0 | h2o eviction, prefix_keep = 0, recent_keep = 2047, victim = [2008,2009), score = 13.495186
slot update_slots: id  0 | task 0 | h2o eviction, prefix_keep = 0, recent_keep = 2047, victim = [1257,1258), score = 13.508315
slot update_slots: id  0 | task 0 | h2o eviction, prefix_keep = 0, recent_keep = 2047, victim = [634,635), score = 13.514669
slot update_slots: id  0 | task 0 | h2o eviction, prefix_keep = 0, recent_keep = 2047, victim = [1897,1898), score = 13.518181
slot update_slots: id  0 | task 0 | h2o eviction, prefix_keep = 0, recent_keep = 2047, victim = [1862,1863), score = 13.524005
slot update_slots: id  0 | task 0 | h2o eviction, prefix_keep = 0, recent_keep = 2047, victim = [2047,2048), score = 10.365911
slot update_slots: id  0 | task 0 | h2o eviction, prefix_keep = 0, recent_keep = 2047, victim = [2047,2048), score = 13.092205
slot update_slots: id  0 | task 0 | h2o eviction, prefix_keep = 0, recent_keep = 2047, victim = [930,931), score = 13.537491
slot update_slots: id  0 | task 0 | h2o eviction, prefix_keep = 0, recent_keep = 2047, victim = [404,405), score = 13.548090
slot update_slots: id  0 | task 0 | h2o eviction, prefix_keep = 0, recent_keep = 2047, victim = [674,675), score = 13.559355
slot update_slots: id  0 | task 0 | h2o eviction, prefix_keep = 0, recent_keep = 2047, victim = [2047,2048), score = 12.433836
slot update_slots: id  0 | task 0 | h2o eviction, prefix_keep = 0, recent_keep = 2047, victim = [2047,2048), score = 8.655872
slot update_slots: id  0 | task 0 | h2o eviction, prefix_keep = 0, recent_keep = 2047, victim = [2047,2048), score = 8.935823
slot update_slots: id  0 | task 0 | h2o eviction, prefix_keep = 0, recent_keep = 2047, victim = [1108,1109), score = 13.564793
slot update_slots: id  0 | task 0 | h2o eviction, prefix_keep = 0, recent_keep = 2047, victim = [1575,1576), score = 13.565849
slot update_slots: id  0 | task 0 | h2o eviction, prefix_keep = 0, recent_keep = 2047, victim = [2038,2039), score = 13.573602
slot update_slots: id  0 | task 0 | h2o eviction, prefix_keep = 0, recent_keep = 2047, victim = [1161,1162), score = 13.586114
slot update_slots: id  0 | task 0 | h2o eviction, prefix_keep = 0, recent_keep = 2047, victim = [639,640), score = 13.587819
slot update_slots: id  0 | task 0 | h2o eviction, prefix_keep = 0, recent_keep = 2047, victim = [1328,1329), score = 13.612885
slot update_slots: id  0 | task 0 | h2o eviction, prefix_keep = 0, recent_keep = 2047, victim = [667,668), score = 13.618694
slot update_slots: id  0 | task 0 | h2o eviction, prefix_keep = 0, recent_keep = 2047, victim = [1039,1040), score = 13.631647
slot update_slots: id  0 | task 0 | h2o eviction, prefix_keep = 0, recent_keep = 2047, victim = [1134,1135), score = 13.647818
slot update_slots: id  0 | task 0 | h2o eviction, prefix_keep = 0, recent_keep = 2047, victim = [1919,1920), score = 13.655081
slot update_slots: id  0 | task 0 | h2o eviction, prefix_keep = 0, recent_keep = 2047, victim = [1115,1116), score = 13.672178
slot update_slots: id  0 | task 0 | h2o eviction, prefix_keep = 0, recent_keep = 2047, victim = [1951,1952), score = 13.680534
slot update_slots: id  0 | task 0 | h2o eviction, prefix_keep = 0, recent_keep = 2047, victim = [2032,2033), score = 13.735871
slot update_slots: id  0 | task 0 | h2o eviction, prefix_keep = 0, recent_keep = 2047, victim = [1406,1407), score = 13.741417
slot update_slots: id  0 | task 0 | h2o eviction, prefix_keep = 0, recent_keep = 2047, victim = [1158,1159), score = 13.749778
slot update_slots: id  0 | task 0 | h2o eviction, prefix_keep = 0, recent_keep = 2047, victim = [658,659), score = 13.760399
slot update_slots: id  0 | task 0 | h2o eviction, prefix_keep = 0, recent_keep = 2047, victim = [2047,2048), score = 12.710693
slot update_slots: id  0 | task 0 | h2o eviction, prefix_keep = 0, recent_keep = 2047, victim = [621,622), score = 13.762375
slot update_slots: id  0 | task 0 | h2o eviction, prefix_keep = 0, recent_keep = 2047, victim = [1975,1976), score = 13.776260
slot update_slots: id  0 | task 0 | h2o eviction, prefix_keep = 0, recent_keep = 2047, victim = [952,953), score = 13.788719
slot update_slots: id  0 | task 0 | h2o eviction, prefix_keep = 0, recent_keep = 2047, victim = [1077,1078), score = 13.813506
slot update_slots: id  0 | task 0 | h2o eviction, prefix_keep = 0, recent_keep = 2047, victim = [1516,1517), score = 13.840328
slot update_slots: id  0 | task 0 | h2o eviction, prefix_keep = 0, recent_keep = 2047, victim = [887,888), score = 13.857138
slot update_slots: id  0 | task 0 | h2o eviction, prefix_keep = 0, recent_keep = 2047, victim = [2047,2048), score = 11.198689
slot update_slots: id  0 | task 0 | h2o eviction, prefix_keep = 0, recent_keep = 2047, victim = [2047,2048), score = 8.866228
slot update_slots: id  0 | task 0 | h2o eviction, prefix_keep = 0, recent_keep = 2047, victim = [970,971), score = 13.859766
slot update_slots: id  0 | task 0 | h2o eviction, prefix_keep = 0, recent_keep = 2047, victim = [1663,1664), score = 13.884362
slot update_slots: id  0 | task 0 | h2o eviction, prefix_keep = 0, recent_keep = 2047, victim = [1511,1512), score = 13.910324
slot update_slots: id  0 | task 0 | h2o eviction, prefix_keep = 0, recent_keep = 2047, victim = [2047,2048), score = 12.862724
slot update_slots: id  0 | task 0 | h2o eviction, prefix_keep = 0, recent_keep = 2047, victim = [2047,2048), score = 9.384809
slot update_slots: id  0 | task 0 | h2o eviction, prefix_keep = 0, recent_keep = 2047, victim = [2047,2048), score = 12.878882
slot update_slots: id  0 | task 0 | h2o eviction, prefix_keep = 0, recent_keep = 2047, victim = [2047,2048), score = 6.933106
slot update_slots: id  0 | task 0 | h2o eviction, prefix_keep = 0, recent_keep = 2047, victim = [2047,2048), score = 6.102003
slot update_slots: id  0 | task 0 | h2o eviction, prefix_keep = 0, recent_keep = 2047, victim = [1700,1701), score = 13.916830
slot update_slots: id  0 | task 0 | h2o eviction, prefix_keep = 0, recent_keep = 2047, victim = [1969,1970), score = 13.941436
slot update_slots: id  0 | task 0 | h2o eviction, prefix_keep = 0, recent_keep = 2047, victim = [1110,1111), score = 13.944139
slot update_slots: id  0 | task 0 | h2o eviction, prefix_keep = 0, recent_keep = 2047, victim = [1443,1444), score = 13.968227
slot update_slots: id  0 | task 0 | h2o eviction, prefix_keep = 0, recent_keep = 2047, victim = [1120,1121), score = 13.976712
slot update_slots: id  0 | task 0 | h2o eviction, prefix_keep = 0, recent_keep = 2047, victim = [2047,2048), score = 12.804374
slot update_slots: id  0 | task 0 | h2o eviction, prefix_keep = 0, recent_keep = 2047, victim = [2047,2048), score = 11.356943
slot update_slots: id  0 | task 0 | h2o eviction, prefix_keep = 0, recent_keep = 2047, victim = [2047,2048), score = 13.133721
slot update_slots: id  0 | task 0 | h2o eviction, prefix_keep = 0, recent_keep = 2047, victim = [593,594), score = 13.990491
slot update_slots: id  0 | task 0 | h2o eviction, prefix_keep = 0, recent_keep = 2047, victim = [1261,1262), score = 14.001414
slot update_slots: id  0 | task 0 | h2o eviction, prefix_keep = 0, recent_keep = 2047, victim = [1148,1149), score = 14.023996
slot update_slots: id  0 | task 0 | h2o eviction, prefix_keep = 0, recent_keep = 2047, victim = [802,803), score = 14.046507
slot update_slots: id  0 | task 0 | h2o eviction, prefix_keep = 0, recent_keep = 2047, victim = [2047,2048), score = 12.671774
slot update_slots: id  0 | task 0 | h2o eviction, prefix_keep = 0, recent_keep = 2047, victim = [2047,2048), score = 9.164323
slot update_slots: id  0 | task 0 | h2o eviction, prefix_keep = 0, recent_keep = 2047, victim = [2047,2048), score = 8.321400
slot update_slots: id  0 | task 0 | h2o eviction, prefix_keep = 0, recent_keep = 2047, victim = [1975,1976), score = 14.055740
slot update_slots: id  0 | task 0 | h2o eviction, prefix_keep = 0, recent_keep = 2047, victim = [892,893), score = 14.057751
slot update_slots: id  0 | task 0 | h2o eviction, prefix_keep = 0, recent_keep = 2047, victim = [1792,1793), score = 14.110498
slot update_slots: id  0 | task 0 | h2o eviction, prefix_keep = 0, recent_keep = 2047, victim = [1967,1968), score = 14.111699
slot update_slots: id  0 | task 0 | h2o eviction, prefix_keep = 0, recent_keep = 2047, victim = [2047,2048), score = 13.592661
slot update_slots: id  0 | task 0 | h2o eviction, prefix_keep = 0, recent_keep = 2047, victim = [1965,1966), score = 14.118611
slot update_slots: id  0 | task 0 | h2o eviction, prefix_keep = 0, recent_keep = 2047, victim = [648,649), score = 14.134836
slot update_slots: id  0 | task 0 | h2o eviction, prefix_keep = 0, recent_keep = 2047, victim = [1841,1842), score = 14.135992
slot update_slots: id  0 | task 0 | h2o eviction, prefix_keep = 0, recent_keep = 2047, victim = [927,928), score = 14.146664
slot update_slots: id  0 | task 0 | h2o eviction, prefix_keep = 0, recent_keep = 2047, victim = [1031,1032), score = 14.167879
slot update_slots: id  0 | task 0 | h2o eviction, prefix_keep = 0, recent_keep = 2047, victim = [2047,2048), score = 13.743991
slot update_slots: id  0 | task 0 | h2o eviction, prefix_keep = 0, recent_keep = 2047, victim = [2047,2048), score = 8.287258
slot update_slots: id  0 | task 0 | h2o eviction, prefix_keep = 0, recent_keep = 2047, victim = [800,801), score = 14.174306
slot update_slots: id  0 | task 0 | h2o eviction, prefix_keep = 0, recent_keep = 2047, victim = [2047,2048), score = 13.435130
slot update_slots: id  0 | task 0 | h2o eviction, prefix_keep = 0, recent_keep = 2047, victim = [1012,1013), score = 14.178216
slot update_slots: id  0 | task 0 | h2o eviction, prefix_keep = 0, recent_keep = 2047, victim = [1311,1312), score = 14.184946
slot update_slots: id  0 | task 0 | h2o eviction, prefix_keep = 0, recent_keep = 2047, victim = [2047,2048), score = 10.766268
slot update_slots: id  0 | task 0 | h2o eviction, prefix_keep = 0, recent_keep = 2047, victim = [426,427), score = 14.191004
slot update_slots: id  0 | task 0 | h2o eviction, prefix_keep = 0, recent_keep = 2047, victim = [1830,1831), score = 14.204160
slot update_slots: id  0 | task 0 | h2o eviction, prefix_keep = 0, recent_keep = 2047, victim = [1489,1490), score = 14.216841
slot update_slots: id  0 | task 0 | h2o eviction, prefix_keep = 0, recent_keep = 2047, victim = [2047,2048), score = 9.780588
slot update_slots: id  0 | task 0 | h2o eviction, prefix_keep = 0, recent_keep = 2047, victim = [744,745), score = 14.218191
slot update_slots: id  0 | task 0 | h2o eviction, prefix_keep = 0, recent_keep = 2047, victim = [2047,2048), score = 11.713029
slot update_slots: id  0 | task 0 | h2o eviction, prefix_keep = 0, recent_keep = 2047, victim = [2047,2048), score = 12.754578
slot update_slots: id  0 | task 0 | h2o eviction, prefix_keep = 0, recent_keep = 2047, victim = [2047,2048), score = 9.025827
slot update_slots: id  0 | task 0 | h2o eviction, prefix_keep = 0, recent_keep = 2047, victim = [2047,2048), score = 6.749627
slot update_slots: id  0 | task 0 | h2o eviction, prefix_keep = 0, recent_keep = 2047, victim = [2047,2048), score = 12.663114
slot update_slots: id  0 | task 0 | h2o eviction, prefix_keep = 0, recent_keep = 2047, victim = [940,941), score = 14.246361
slot update_slots: id  0 | task 0 | h2o eviction, prefix_keep = 0, recent_keep = 2047, victim = [1876,1877), score = 14.269263
slot update_slots: id  0 | task 0 | h2o eviction, prefix_keep = 0, recent_keep = 2047, victim = [1710,1711), score = 14.276858
slot update_slots: id  0 | task 0 | h2o eviction, prefix_keep = 0, recent_keep = 2047, victim = [2047,2048), score = 9.404687
slot update_slots: id  0 | task 0 | h2o eviction, prefix_keep = 0, recent_keep = 2047, victim = [2047,2048), score = 8.187894
slot update_slots: id  0 | task 0 | h2o eviction, prefix_keep = 0, recent_keep = 2047, victim = [1000,1001), score = 14.296410
slot update_slots: id  0 | task 0 | h2o eviction, prefix_keep = 0, recent_keep = 2047, victim = [1726,1727), score = 14.307216
slot update_slots: id  0 | task 0 | h2o eviction, prefix_keep = 0, recent_keep = 2047, victim = [465,466), score = 14.311141
slot update_slots: id  0 | task 0 | h2o eviction, prefix_keep = 0, recent_keep = 2047, victim = [1011,1012), score = 14.326329
slot update_slots: id  0 | task 0 | h2o eviction, prefix_keep = 0, recent_keep = 2047, victim = [2047,2048), score = 11.160503
slot update_slots: id  0 | task 0 | h2o eviction, prefix_keep = 0, recent_keep = 2047, victim = [1031,1032), score = 14.332248
slot update_slots: id  0 | task 0 | h2o eviction, prefix_keep = 0, recent_keep = 2047, victim = [404,405), score = 14.363286
slot update_slots: id  0 | task 0 | h2o eviction, prefix_keep = 0, recent_keep = 2047, victim = [1580,1581), score = 14.373824
slot update_slots: id  0 | task 0 | h2o eviction, prefix_keep = 0, recent_keep = 2047, victim = [998,999), score = 14.379008
slot update_slots: id  0 | task 0 | h2o eviction, prefix_keep = 0, recent_keep = 2047, victim = [616,617), score = 14.380908
slot update_slots: id  0 | task 0 | h2o eviction, prefix_keep = 0, recent_keep = 2047, victim = [1110,1111), score = 14.388707
slot update_slots: id  0 | task 0 | h2o eviction, prefix_keep = 0, recent_keep = 2047, victim = [2037,2038), score = 14.394006
slot update_slots: id  0 | task 0 | h2o eviction, prefix_keep = 0, recent_keep = 2047, victim = [343,344), score = 14.397214
slot update_slots: id  0 | task 0 | h2o eviction, prefix_keep = 0, recent_keep = 2047, victim = [2047,2048), score = 13.047959
slot update_slots: id  0 | task 0 | h2o eviction, prefix_keep = 0, recent_keep = 2047, victim = [2047,2048), score = 13.026616
slot update_slots: id  0 | task 0 | h2o eviction, prefix_keep = 0, recent_keep = 2047, victim = [2047,2048), score = 13.368635
slot update_slots: id  0 | task 0 | h2o eviction, prefix_keep = 0, recent_keep = 2047, victim = [717,718), score = 14.404715
slot update_slots: id  0 | task 0 | h2o eviction, prefix_keep = 0, recent_keep = 2047, victim = [2047,2048), score = 12.394551
slot update_slots: id  0 | task 0 | h2o eviction, prefix_keep = 0, recent_keep = 2047, victim = [920,921), score = 14.413214
slot update_slots: id  0 | task 0 | h2o eviction, prefix_keep = 0, recent_keep = 2047, victim = [927,928), score = 14.419912
slot update_slots: id  0 | task 0 | h2o eviction, prefix_keep = 0, recent_keep = 2047, victim = [2047,2048), score = 11.950849
slot update_slots: id  0 | task 0 | h2o eviction, prefix_keep = 0, recent_keep = 2047, victim = [1522,1523), score = 14.422152
slot update_slots: id  0 | task 0 | h2o eviction, prefix_keep = 0, recent_keep = 2047, victim = [687,688), score = 14.433456
slot update_slots: id  0 | task 0 | h2o eviction, prefix_keep = 0, recent_keep = 2047, victim = [2047,2048), score = 11.387210
slot update_slots: id  0 | task 0 | h2o eviction, prefix_keep = 0, recent_keep = 2047, victim = [1613,1614), score = 14.445580
slot update_slots: id  0 | task 0 | h2o eviction, prefix_keep = 0, recent_keep = 2047, victim = [2047,2048), score = 9.149441
slot update_slots: id  0 | task 0 | h2o eviction, prefix_keep = 0, recent_keep = 2047, victim = [2047,2048), score = 8.079783
slot update_slots: id  0 | task 0 | h2o eviction, prefix_keep = 0, recent_keep = 2047, victim = [1622,1623), score = 14.458162
slot update_slots: id  0 | task 0 | h2o eviction, prefix_keep = 0, recent_keep = 2047, victim = [919,920), score = 14.463980
slot update_slots: id  0 | task 0 | h2o eviction, prefix_keep = 0, recent_keep = 2047, victim = [970,971), score = 14.470037
slot update_slots: id  0 | task 0 | h2o eviction, prefix_keep = 0, recent_keep = 2047, victim = [1670,1671), score = 14.482262
slot update_slots: id  0 | task 0 | h2o eviction, prefix_keep = 0, recent_keep = 2047, victim = [858,859), score = 14.496427
slot update_slots: id  0 | task 0 | h2o eviction, prefix_keep = 0, recent_keep = 2047, victim = [2047,2048), score = 13.775559
slot update_slots: id  0 | task 0 | h2o eviction, prefix_keep = 0, recent_keep = 2047, victim = [2047,2048), score = 13.114992
slot update_slots: id  0 | task 0 | h2o eviction, prefix_keep = 0, recent_keep = 2047, victim = [1241,1242), score = 14.519044
slot update_slots: id  0 | task 0 | h2o eviction, prefix_keep = 0, recent_keep = 2047, victim = [1453,1454), score = 14.521941
slot update_slots: id  0 | task 0 | h2o eviction, prefix_keep = 0, recent_keep = 2047, victim = [1969,1970), score = 14.536170
slot update_slots: id  0 | task 0 | h2o eviction, prefix_keep = 0, recent_keep = 2047, victim = [909,910), score = 14.540855
slot update_slots: id  0 | task 0 | h2o eviction, prefix_keep = 0, recent_keep = 2047, victim = [757,758), score = 14.545673
slot update_slots: id  0 | task 0 | h2o eviction, prefix_keep = 0, recent_keep = 2047, victim = [651,652), score = 14.554406
slot update_slots: id  0 | task 0 | h2o eviction, prefix_keep = 0, recent_keep = 2047, victim = [2047,2048), score = 13.513821
slot update_slots: id  0 | task 0 | h2o eviction, prefix_keep = 0, recent_keep = 2047, victim = [1788,1789), score = 14.558873
slot update_slots: id  0 | task 0 | h2o eviction, prefix_keep = 0, recent_keep = 2047, victim = [2047,2048), score = 12.663581
slot update_slots: id  0 | task 0 | h2o eviction, prefix_keep = 0, recent_keep = 2047, victim = [581,582), score = 14.564845
slot update_slots: id  0 | task 0 | h2o eviction, prefix_keep = 0, recent_keep = 2047, victim = [2028,2029), score = 14.571697
slot update_slots: id  0 | task 0 | h2o eviction, prefix_keep = 0, recent_keep = 2047, victim = [960,961), score = 14.577101
slot update_slots: id  0 | task 0 | h2o eviction, prefix_keep = 0, recent_keep = 2047, victim = [1662,1663), score = 14.591497
slot update_slots: id  0 | task 0 | h2o eviction, prefix_keep = 0, recent_keep = 2047, victim = [1580,1581), score = 14.596380
slot update_slots: id  0 | task 0 | h2o eviction, prefix_keep = 0, recent_keep = 2047, victim = [2047,2048), score = 11.849397
slot update_slots: id  0 | task 0 | h2o eviction, prefix_keep = 0, recent_keep = 2047, victim = [2047,2048), score = 13.041098
slot update_slots: id  0 | task 0 | h2o eviction, prefix_keep = 0, recent_keep = 2047, victim = [1405,1406), score = 14.601921
slot update_slots: id  0 | task 0 | h2o eviction, prefix_keep = 0, recent_keep = 2047, victim = [575,576), score = 14.613937
slot update_slots: id  0 | task 0 | h2o eviction, prefix_keep = 0, recent_keep = 2047, victim = [2047,2048), score = 10.256545
slot update_slots: id  0 | task 0 | h2o eviction, prefix_keep = 0, recent_keep = 2047, victim = [2047,2048), score = 12.621603
slot update_slots: id  0 | task 0 | h2o eviction, prefix_keep = 0, recent_keep = 2047, victim = [2047,2048), score = 11.903656
slot update_slots: id  0 | task 0 | h2o eviction, prefix_keep = 0, recent_keep = 2047, victim = [1891,1892), score = 14.657062
slot update_slots: id  0 | task 0 | h2o eviction, prefix_keep = 0, recent_keep = 2047, victim = [2047,2048), score = 10.174241
slot update_slots: id  0 | task 0 | h2o eviction, prefix_keep = 0, recent_keep = 2047, victim = [651,652), score = 14.658827
slot update_slots: id  0 | task 0 | h2o eviction, prefix_keep = 0, recent_keep = 2047, victim = [2047,2048), score = 13.332170
slot update_slots: id  0 | task 0 | h2o eviction, prefix_keep = 0, recent_keep = 2047, victim = [908,909), score = 14.674834
slot update_slots: id  0 | task 0 | h2o eviction, prefix_keep = 0, recent_keep = 2047, victim = [848,849), score = 14.686624
slot update_slots: id  0 | task 0 | h2o eviction, prefix_keep = 0, recent_keep = 2047, victim = [1641,1642), score = 14.688302
slot update_slots: id  0 | task 0 | h2o eviction, prefix_keep = 0, recent_keep = 2047, victim = [996,997), score = 14.704342
slot update_slots: id  0 | task 0 | h2o eviction, prefix_keep = 0, recent_keep = 2047, victim = [2047,2048), score = 12.153884
slot update_slots: id  0 | task 0 | h2o eviction, prefix_keep = 0, recent_keep = 2047, victim = [2047,2048), score = 12.720042
slot update_slots: id  0 | task 0 | h2o eviction, prefix_keep = 0, recent_keep = 2047, victim = [1374,1375), score = 14.718975
slot update_slots: id  0 | task 0 | h2o eviction, prefix_keep = 0, recent_keep = 2047, victim = [1543,1544), score = 14.723489
slot update_slots: id  0 | task 0 | h2o eviction, prefix_keep = 0, recent_keep = 2047, victim = [1058,1059), score = 14.729601
slot update_slots: id  0 | task 0 | h2o eviction, prefix_keep = 0, recent_keep = 2047, victim = [889,890), score = 14.751780
slot update_slots: id  0 | task 0 | h2o eviction, prefix_keep = 0, recent_keep = 2047, victim = [559,560), score = 14.765153
slot update_slots: id  0 | task 0 | h2o eviction, prefix_keep = 0, recent_keep = 2047, victim = [1529,1530), score = 14.773864
slot update_slots: id  0 | task 0 | h2o eviction, prefix_keep = 0, recent_keep = 2047, victim = [1937,1938), score = 14.774670
slot update_slots: id  0 | task 0 | h2o eviction, prefix_keep = 0, recent_keep = 2047, victim = [1008,1009), score = 14.777786
slot update_slots: id  0 | task 0 | h2o eviction, prefix_keep = 0, recent_keep = 2047, victim = [1602,1603), score = 14.783367
slot update_slots: id  0 | task 0 | h2o eviction, prefix_keep = 0, recent_keep = 2047, victim = [720,721), score = 14.784471
slot update_slots: id  0 | task 0 | h2o eviction, prefix_keep = 0, recent_keep = 2047, victim = [1474,1475), score = 14.788309
slot update_slots: id  0 | task 0 | h2o eviction, prefix_keep = 0, recent_keep = 2047, victim = [1620,1621), score = 14.796750
slot update_slots: id  0 | task 0 | h2o eviction, prefix_keep = 0, recent_keep = 2047, victim = [1940,1941), score = 14.798706
slot update_slots: id  0 | task 0 | h2o eviction, prefix_keep = 0, recent_keep = 2047, victim = [2047,2048), score = 14.731582
slot update_slots: id  0 | task 0 | h2o eviction, prefix_keep = 0, recent_keep = 2047, victim = [2047,2048), score = 13.576624
slot update_slots: id  0 | task 0 | h2o eviction, prefix_keep = 0, recent_keep = 2047, victim = [884,885), score = 14.807887
slot update_slots: id  0 | task 0 | h2o eviction, prefix_keep = 0, recent_keep = 2047, victim = [2047,2048), score = 13.609492
slot update_slots: id  0 | task 0 | h2o eviction, prefix_keep = 0, recent_keep = 2047, victim = [737,738), score = 14.815920
slot update_slots: id  0 | task 0 | h2o eviction, prefix_keep = 0, recent_keep = 2047, victim = [2047,2048), score = 14.546498
slot update_slots: id  0 | task 0 | h2o eviction, prefix_keep = 0, recent_keep = 2047, victim = [1442,1443), score = 14.848046
slot update_slots: id  0 | task 0 | h2o eviction, prefix_keep = 0, recent_keep = 2047, victim = [2047,2048), score = 9.943043
slot update_slots: id  0 | task 0 | h2o eviction, prefix_keep = 0, recent_keep = 2047, victim = [2047,2048), score = 8.073605
slot update_slots: id  0 | task 0 | h2o eviction, prefix_keep = 0, recent_keep = 2047, victim = [2047,2048), score = 13.640186
slot update_slots: id  0 | task 0 | h2o eviction, prefix_keep = 0, recent_keep = 2047, victim = [1071,1072), score = 14.857209
slot update_slots: id  0 | task 0 | h2o eviction, prefix_keep = 0, recent_keep = 2047, victim = [1866,1867), score = 14.875520
slot update_slots: id  0 | task 0 | h2o eviction, prefix_keep = 0, recent_keep = 2047, victim = [1344,1345), score = 14.880453
slot update_slots: id  0 | task 0 | h2o eviction, prefix_keep = 0, recent_keep = 2047, victim = [2047,2048), score = 12.576818
slot update_slots: id  0 | task 0 | h2o eviction, prefix_keep = 0, recent_keep = 2047, victim = [2047,2048), score = 13.624473
slot update_slots: id  0 | task 0 | h2o eviction, prefix_keep = 0, recent_keep = 2047, victim = [216,217), score = 14.882766
slot update_slots: id  0 | task 0 | h2o eviction, prefix_keep = 0, recent_keep = 2047, victim = [633,634), score = 14.887470
slot update_slots: id  0 | task 0 | h2o eviction, prefix_keep = 0, recent_keep = 2047, victim = [1563,1564), score = 14.887764
slot update_slots: id  0 | task 0 | h2o eviction, prefix_keep = 0, recent_keep = 2047, victim = [2047,2048), score = 13.320749
slot update_slots: id  0 | task 0 | h2o eviction, prefix_keep = 0, recent_keep = 2047, victim = [2047,2048), score = 14.566144
slot update_slots: id  0 | task 0 | h2o eviction, prefix_keep = 0, recent_keep = 2047, victim = [921,922), score = 14.906057
slot update_slots: id  0 | task 0 | h2o eviction, prefix_keep = 0, recent_keep = 2047, victim = [1937,1938), score = 14.911812
slot update_slots: id  0 | task 0 | h2o eviction, prefix_keep = 0, recent_keep = 2047, victim = [2047,2048), score = 13.228867
slot update_slots: id  0 | task 0 | h2o eviction, prefix_keep = 0, recent_keep = 2047, victim = [2047,2048), score = 10.252780
slot update_slots: id  0 | task 0 | h2o eviction, prefix_keep = 0, recent_keep = 2047, victim = [2047,2048), score = 9.467619
slot update_slots: id  0 | task 0 | h2o eviction, prefix_keep = 0, recent_keep = 2047, victim = [2047,2048), score = 7.987351
slot update_slots: id  0 | task 0 | h2o eviction, prefix_keep = 0, recent_keep = 2047, victim = [2047,2048), score = 11.625210
slot update_slots: id  0 | task 0 | h2o eviction, prefix_keep = 0, recent_keep = 2047, victim = [2047,2048), score = 11.818382
slot update_slots: id  0 | task 0 | h2o eviction, prefix_keep = 0, recent_keep = 2047, victim = [2047,2048), score = 12.636971
slot update_slots: id  0 | task 0 | h2o eviction, prefix_keep = 0, recent_keep = 2047, victim = [2047,2048), score = 11.466635
slot update_slots: id  0 | task 0 | h2o eviction, prefix_keep = 0, recent_keep = 2047, victim = [2047,2048), score = 10.315701
slot update_slots: id  0 | task 0 | h2o eviction, prefix_keep = 0, recent_keep = 2047, victim = [2047,2048), score = 12.291430
slot update_slots: id  0 | task 0 | h2o eviction, prefix_keep = 0, recent_keep = 2047, victim = [2047,2048), score = 14.859356
slot update_slots: id  0 | task 0 | h2o eviction, prefix_keep = 0, recent_keep = 2047, victim = [1368,1369), score = 14.921245
slot update_slots: id  0 | task 0 | h2o eviction, prefix_keep = 0, recent_keep = 2047, victim = [2047,2048), score = 14.305569
slot update_slots: id  0 | task 0 | h2o eviction, prefix_keep = 0, recent_keep = 2047, victim = [964,965), score = 14.923444
slot update_slots: id  0 | task 0 | h2o eviction, prefix_keep = 0, recent_keep = 2047, victim = [2047,2048), score = 10.756248
slot update_slots: id  0 | task 0 | h2o eviction, prefix_keep = 0, recent_keep = 2047, victim = [2047,2048), score = 8.035971
slot update_slots: id  0 | task 0 | h2o eviction, prefix_keep = 0, recent_keep = 2047, victim = [2047,2048), score = 9.690345
slot update_slots: id  0 | task 0 | h2o eviction, prefix_keep = 0, recent_keep = 2047, victim = [2047,2048), score = 13.407247
slot update_slots: id  0 | task 0 | h2o eviction, prefix_keep = 0, recent_keep = 2047, victim = [244,245), score = 14.934603
slot update_slots: id  0 | task 0 | h2o eviction, prefix_keep = 0, recent_keep = 2047, victim = [2047,2048), score = 14.820620
slot update_slots: id  0 | task 0 | h2o eviction, prefix_keep = 0, recent_keep = 2047, victim = [2047,2048), score = 11.019588
slot update_slots: id  0 | task 0 | h2o eviction, prefix_keep = 0, recent_keep = 2047, victim = [1043,1044), score = 14.939608
slot update_slots: id  0 | task 0 | h2o eviction, prefix_keep = 0, recent_keep = 2047, victim = [2047,2048), score = 13.147439
slot update_slots: id  0 | task 0 | h2o eviction, prefix_keep = 0, recent_keep = 2047, victim = [2047,2048), score = 10.690013
slot update_slots: id  0 | task 0 | h2o eviction, prefix_keep = 0, recent_keep = 2047, victim = [2047,2048), score = 12.024325
slot update_slots: id  0 | task 0 | h2o eviction, prefix_keep = 0, recent_keep = 2047, victim = [2047,2048), score = 13.381061
slot update_slots: id  0 | task 0 | h2o eviction, prefix_keep = 0, recent_keep = 2047, victim = [2047,2048), score = 10.013365
slot update_slots: id  0 | task 0 | h2o eviction, prefix_keep = 0, recent_keep = 2047, victim = [2047,2048), score = 14.443439
slot update_slots: id  0 | task 0 | h2o eviction, prefix_keep = 0, recent_keep = 2047, victim = [1966,1967), score = 14.942975
slot update_slots: id  0 | task 0 | h2o eviction, prefix_keep = 0, recent_keep = 2047, victim = [879,880), score = 14.964224
slot update_slots: id  0 | task 0 | h2o eviction, prefix_keep = 0, recent_keep = 2047, victim = [1205,1206), score = 14.966211
slot update_slots: id  0 | task 0 | h2o eviction, prefix_keep = 0, recent_keep = 2047, victim = [2047,2048), score = 13.467838
slot update_slots: id  0 | task 0 | h2o eviction, prefix_keep = 0, recent_keep = 2047, victim = [2047,2048), score = 14.230844
slot update_slots: id  0 | task 0 | h2o eviction, prefix_keep = 0, recent_keep = 2047, victim = [988,989), score = 14.972946
slot update_slots: id  0 | task 0 | h2o eviction, prefix_keep = 0, recent_keep = 2047, victim = [1202,1203), score = 14.980051
slot update_slots: id  0 | task 0 | h2o eviction, prefix_keep = 0, recent_keep = 2047, victim = [2047,2048), score = 7.263441
slot update_slots: id  0 | task 0 | h2o eviction, prefix_keep = 0, recent_keep = 2047, victim = [2047,2048), score = 8.063990
slot update_slots: id  0 | task 0 | h2o eviction, prefix_keep = 0, recent_keep = 2047, victim = [1224,1225), score = 14.981776
slot update_slots: id  0 | task 0 | h2o eviction, prefix_keep = 0, recent_keep = 2047, victim = [352,353), score = 14.985227
slot update_slots: id  0 | task 0 | h2o eviction, prefix_keep = 0, recent_keep = 2047, victim = [920,921), score = 14.993333
slot update_slots: id  0 | task 0 | h2o eviction, prefix_keep = 0, recent_keep = 2047, victim = [1284,1285), score = 15.006948
slot update_slots: id  0 | task 0 | h2o eviction, prefix_keep = 0, recent_keep = 2047, victim = [1792,1793), score = 15.026449
slot update_slots: id  0 | task 0 | h2o eviction, prefix_keep = 0, recent_keep = 2047, victim = [768,769), score = 15.034906
slot update_slots: id  0 | task 0 | h2o eviction, prefix_keep = 0, recent_keep = 2047, victim = [1608,1609), score = 15.053505
slot update_slots: id  0 | task 0 | h2o eviction, prefix_keep = 0, recent_keep = 2047, victim = [1441,1442), score = 15.061683
slot update_slots: id  0 | task 0 | h2o eviction, prefix_keep = 0, recent_keep = 2047, victim = [875,876), score = 15.078110
slot update_slots: id  0 | task 0 | h2o eviction, prefix_keep = 0, recent_keep = 2047, victim = [1683,1684), score = 15.086730
slot update_slots: id  0 | task 0 | h2o eviction, prefix_keep = 0, recent_keep = 2047, victim = [1027,1028), score = 15.088958
slot update_slots: id  0 | task 0 | h2o eviction, prefix_keep = 0, recent_keep = 2047, victim = [1816,1817), score = 15.106978
slot update_slots: id  0 | task 0 | h2o eviction, prefix_keep = 0, recent_keep = 2047, victim = [2047,2048), score = 15.050421
slot update_slots: id  0 | task 0 | h2o eviction, prefix_keep = 0, recent_keep = 2047, victim = [1657,1658), score = 15.125627
slot update_slots: id  0 | task 0 | h2o eviction, prefix_keep = 0, recent_keep = 2047, victim = [1222,1223), score = 15.126570
slot update_slots: id  0 | task 0 | h2o eviction, prefix_keep = 0, recent_keep = 2047, victim = [699,700), score = 15.139676
slot update_slots: id  0 | task 0 | h2o eviction, prefix_keep = 0, recent_keep = 2047, victim = [547,548), score = 15.145597
slot update_slots: id  0 | task 0 | h2o eviction, prefix_keep = 0, recent_keep = 2047, victim = [2047,2048), score = 13.022924
slot update_slots: id  0 | task 0 | h2o eviction, prefix_keep = 0, recent_keep = 2047, victim = [2047,2048), score = 13.525137
slot update_slots: id  0 | task 0 | h2o eviction, prefix_keep = 0, recent_keep = 2047, victim = [1281,1282), score = 15.166320
slot update_slots: id  0 | task 0 | h2o eviction, prefix_keep = 0, recent_keep = 2047, victim = [2047,2048), score = 13.955784
slot update_slots: id  0 | task 0 | h2o eviction, prefix_keep = 0, recent_keep = 2047, victim = [2047,2048), score = 11.778170
slot update_slots: id  0 | task 0 | h2o eviction, prefix_keep = 0, recent_keep = 2047, victim = [2047,2048), score = 11.095828
slot update_slots: id  0 | task 0 | h2o eviction, prefix_keep = 0, recent_keep = 2047, victim = [1135,1136), score = 15.184265
slot update_slots: id  0 | task 0 | h2o eviction, prefix_keep = 0, recent_keep = 2047, victim = [689,690), score = 15.197978
slot update_slots: id  0 | task 0 | h2o eviction, prefix_keep = 0, recent_keep = 2047, victim = [1800,1801), score = 15.205886
slot update_slots: id  0 | task 0 | h2o eviction, prefix_keep = 0, recent_keep = 2047, victim = [1859,1860), score = 15.224115
slot update_slots: id  0 | task 0 | h2o eviction, prefix_keep = 0, recent_keep = 2047, victim = [878,879), score = 15.227038
slot update_slots: id  0 | task 0 | h2o eviction, prefix_keep = 0, recent_keep = 2047, victim = [1953,1954), score = 15.230239
slot update_slots: id  0 | task 0 | h2o eviction, prefix_keep = 0, recent_keep = 2047, victim = [2047,2048), score = 15.139308
slot update_slots: id  0 | task 0 | h2o eviction, prefix_keep = 0, recent_keep = 2047, victim = [996,997), score = 15.238476
slot update_slots: id  0 | task 0 | h2o eviction, prefix_keep = 0, recent_keep = 2047, victim = [222,223), score = 15.244099
slot update_slots: id  0 | task 0 | h2o eviction, prefix_keep = 0, recent_keep = 2047, victim = [1366,1367), score = 15.260187
slot update_slots: id  0 | task 0 | h2o eviction, prefix_keep = 0, recent_keep = 2047, victim = [1003,1004), score = 15.260509
slot update_slots: id  0 | task 0 | h2o eviction, prefix_keep = 0, recent_keep = 2047, victim = [694,695), score = 15.272442
slot update_slots: id  0 | task 0 | h2o eviction, prefix_keep = 0, recent_keep = 2047, victim = [902,903), score = 15.279833
slot update_slots: id  0 | task 0 | h2o eviction, prefix_keep = 0, recent_keep = 2047, victim = [951,952), score = 15.288204
slot update_slots: id  0 | task 0 | h2o eviction, prefix_keep = 0, recent_keep = 2047, victim = [2047,2048), score = 13.462221
slot update_slots: id  0 | task 0 | h2o eviction, prefix_keep = 0, recent_keep = 2047, victim = [2047,2048), score = 9.483039
slot update_slots: id  0 | task 0 | h2o eviction, prefix_keep = 0, recent_keep = 2047, victim = [863,864), score = 15.299992
slot update_slots: id  0 | task 0 | h2o eviction, prefix_keep = 0, recent_keep = 2047, victim = [628,629), score = 15.304682
slot update_slots: id  0 | task 0 | h2o eviction, prefix_keep = 0, recent_keep = 2047, victim = [1428,1429), score = 15.312210
slot update_slots: id  0 | task 0 | h2o eviction, prefix_keep = 0, recent_keep = 2047, victim = [2047,2048), score = 13.511278
slot update_slots: id  0 | task 0 | h2o eviction, prefix_keep = 0, recent_keep = 2047, victim = [2047,2048), score = 14.985384
slot update_slots: id  0 | task 0 | h2o eviction, prefix_keep = 0, recent_keep = 2047, victim = [227,228), score = 15.312866
slot update_slots: id  0 | task 0 | h2o eviction, prefix_keep = 0, recent_keep = 2047, victim = [1704,1705), score = 15.322301
slot update_slots: id  0 | task 0 | h2o eviction, prefix_keep = 0, recent_keep = 2047, victim = [2047,2048), score = 10.337332
slot update_slots: id  0 | task 0 | h2o eviction, prefix_keep = 0, recent_keep = 2047, victim = [2047,2048), score = 9.287384
slot update_slots: id  0 | task 0 | h2o eviction, prefix_keep = 0, recent_keep = 2047, victim = [1059,1060), score = 15.329564
slot update_slots: id  0 | task 0 | h2o eviction, prefix_keep = 0, recent_keep = 2047, victim = [1949,1950), score = 15.339449
slot update_slots: id  0 | task 0 | h2o eviction, prefix_keep = 0, recent_keep = 2047, victim = [600,601), score = 15.341458
slot update_slots: id  0 | task 0 | h2o eviction, prefix_keep = 0, recent_keep = 2047, victim = [1948,1949), score = 15.358862
slot update_slots: id  0 | task 0 | h2o eviction, prefix_keep = 0, recent_keep = 2047, victim = [2047,2048), score = 12.802275
slot update_slots: id  0 | task 0 | h2o eviction, prefix_keep = 0, recent_keep = 2047, victim = [2047,2048), score = 13.264000
slot update_slots: id  0 | task 0 | h2o eviction, prefix_keep = 0, recent_keep = 2047, victim = [1633,1634), score = 15.381464
slot update_slots: id  0 | task 0 | h2o eviction, prefix_keep = 0, recent_keep = 2047, victim = [1625,1626), score = 15.385329
slot update_slots: id  0 | task 0 | h2o eviction, prefix_keep = 0, recent_keep = 2047, victim = [2047,2048), score = 14.142946
slot update_slots: id  0 | task 0 | h2o eviction, prefix_keep = 0, recent_keep = 2047, victim = [614,615), score = 15.406254
slot update_slots: id  0 | task 0 | h2o eviction, prefix_keep = 0, recent_keep = 2047, victim = [640,641), score = 15.406743
slot update_slots: id  0 | task 0 | h2o eviction, prefix_keep = 0, recent_keep = 2047, victim = [2047,2048), score = 13.978894
slot update_slots: id  0 | task 0 | h2o eviction, prefix_keep = 0, recent_keep = 2047, victim = [2047,2048), score = 13.407790
slot update_slots: id  0 | task 0 | h2o eviction, prefix_keep = 0, recent_keep = 2047, victim = [2047,2048), score = 10.952411
slot update_slots: id  0 | task 0 | h2o eviction, prefix_keep = 0, recent_keep = 2047, victim = [2047,2048), score = 13.381707
slot update_slots: id  0 | task 0 | h2o eviction, prefix_keep = 0, recent_keep = 2047, victim = [2047,2048), score = 11.053473
slot update_slots: id  0 | task 0 | h2o eviction, prefix_keep = 0, recent_keep = 2047, victim = [2047,2048), score = 9.455131
slot update_slots: id  0 | task 0 | h2o eviction, prefix_keep = 0, recent_keep = 2047, victim = [2047,2048), score = 10.719801
slot update_slots: id  0 | task 0 | h2o eviction, prefix_keep = 0, recent_keep = 2047, victim = [2047,2048), score = 6.914819
slot update_slots: id  0 | task 0 | h2o eviction, prefix_keep = 0, recent_keep = 2047, victim = [2047,2048), score = 10.746433
slot update_slots: id  0 | task 0 | h2o eviction, prefix_keep = 0, recent_keep = 2047, victim = [828,829), score = 15.417359
slot update_slots: id  0 | task 0 | h2o eviction, prefix_keep = 0, recent_keep = 2047, victim = [2047,2048), score = 11.285357
slot update_slots: id  0 | task 0 | h2o eviction, prefix_keep = 0, recent_keep = 2047, victim = [1926,1927), score = 15.438263
slot update_slots: id  0 | task 0 | h2o eviction, prefix_keep = 0, recent_keep = 2047, victim = [2047,2048), score = 13.521646
slot update_slots: id  0 | task 0 | h2o eviction, prefix_keep = 0, recent_keep = 2047, victim = [2047,2048), score = 8.001419
slot update_slots: id  0 | task 0 | h2o eviction, prefix_keep = 0, recent_keep = 2047, victim = [681,682), score = 15.443719
slot update_slots: id  0 | task 0 | h2o eviction, prefix_keep = 0, recent_keep = 2047, victim = [2047,2048), score = 11.152229
slot update_slots: id  0 | task 0 | h2o eviction, prefix_keep = 0, recent_keep = 2047, victim = [2047,2048), score = 13.091959
slot update_slots: id  0 | task 0 | h2o eviction, prefix_keep = 0, recent_keep = 2047, victim = [448,449), score = 15.450345
slot update_slots: id  0 | task 0 | h2o eviction, prefix_keep = 0, recent_keep = 2047, victim = [897,898), score = 15.458053
slot update_slots: id  0 | task 0 | h2o eviction, prefix_keep = 0, recent_keep = 2047, victim = [2047,2048), score = 13.271213
slot update_slots: id  0 | task 0 | h2o eviction, prefix_keep = 0, recent_keep = 2047, victim = [1005,1006), score = 15.459251
slot update_slots: id  0 | task 0 | h2o eviction, prefix_keep = 0, recent_keep = 2047, victim = [1877,1878), score = 15.460443
slot update_slots: id  0 | task 0 | h2o eviction, prefix_keep = 0, recent_keep = 2047, victim = [375,376), score = 15.467229
slot update_slots: id  0 | task 0 | h2o eviction, prefix_keep = 0, recent_keep = 2047, victim = [732,733), score = 15.473318
slot update_slots: id  0 | task 0 | h2o eviction, prefix_keep = 0, recent_keep = 2047, victim = [878,879), score = 15.478276
slot update_slots: id  0 | task 0 | h2o eviction, prefix_keep = 0, recent_keep = 2047, victim = [1522,1523), score = 15.480706
slot update_slots: id  0 | task 0 | h2o eviction, prefix_keep = 0, recent_keep = 2047, victim = [1647,1648), score = 15.489408
slot update_slots: id  0 | task 0 | h2o eviction, prefix_keep = 0, recent_keep = 2047, victim = [2047,2048), score = 14.060311
slot update_slots: id  0 | task 0 | h2o eviction, prefix_keep = 0, recent_keep = 2047, victim = [1571,1572), score = 15.490958
slot update_slots: id  0 | task 0 | h2o eviction, prefix_keep = 0, recent_keep = 2047, victim = [1033,1034), score = 15.493824
slot update_slots: id  0 | task 0 | h2o eviction, prefix_keep = 0, recent_keep = 2047, victim = [402,403), score = 15.497769
slot update_slots: id  0 | task 0 | h2o eviction, prefix_keep = 0, recent_keep = 2047, victim = [2047,2048), score = 14.338384
slot update_slots: id  0 | task 0 | h2o eviction, prefix_keep = 0, recent_keep = 2047, victim = [847,848), score = 15.500688
slot update_slots: id  0 | task 0 | h2o eviction, prefix_keep = 0, recent_keep = 2047, victim = [1808,1809), score = 15.504662
slot update_slots: id  0 | task 0 | h2o eviction, prefix_keep = 0, recent_keep = 2047, victim = [1805,1806), score = 15.510867
slot update_slots: id  0 | task 0 | h2o eviction, prefix_keep = 0, recent_keep = 2047, victim = [513,514), score = 15.511124
slot update_slots: id  0 | task 0 | h2o eviction, prefix_keep = 0, recent_keep = 2047, victim = [1825,1826), score = 15.513092
slot update_slots: id  0 | task 0 | h2o eviction, prefix_keep = 0, recent_keep = 2047, victim = [2047,2048), score = 12.563288
slot update_slots: id  0 | task 0 | h2o eviction, prefix_keep = 0, recent_keep = 2047, victim = [1490,1491), score = 15.518723
slot update_slots: id  0 | task 0 | h2o eviction, prefix_keep = 0, recent_keep = 2047, victim = [587,588), score = 15.519304
slot update_slots: id  0 | task 0 | h2o eviction, prefix_keep = 0, recent_keep = 2047, victim = [276,277), score = 15.539204
slot update_slots: id  0 | task 0 | h2o eviction, prefix_keep = 0, recent_keep = 2047, victim = [447,448), score = 15.545306
slot update_slots: id  0 | task 0 | h2o eviction, prefix_keep = 0, recent_keep = 2047, victim = [1177,1178), score = 15.550763
slot update_slots: id  0 | task 0 | h2o eviction, prefix_keep = 0, recent_keep = 2047, victim = [1697,1698), score = 15.556415
slot update_slots: id  0 | task 0 | h2o eviction, prefix_keep = 0, recent_keep = 2047, victim = [1968,1969), score = 15.561504
slot update_slots: id  0 | task 0 | h2o eviction, prefix_keep = 0, recent_keep = 2047, victim = [1400,1401), score = 15.566137
slot update_slots: id  0 | task 0 | h2o eviction, prefix_keep = 0, recent_keep = 2047, victim = [2047,2048), score = 11.313290
slot update_slots: id  0 | task 0 | h2o eviction, prefix_keep = 0, recent_keep = 2047, victim = [96,97), score = 15.570419
slot update_slots: id  0 | task 0 | h2o eviction, prefix_keep = 0, recent_keep = 2047, victim = [306,307), score = 15.576986
slot update_slots: id  0 | task 0 | h2o eviction, prefix_keep = 0, recent_keep = 2047, victim = [1001,1002), score = 15.587337
slot update_slots: id  0 | task 0 | h2o eviction, prefix_keep = 0, recent_keep = 2047, victim = [1952,1953), score = 15.587848
slot update_slots: id  0 | task 0 | h2o eviction, prefix_keep = 0, recent_keep = 2047, victim = [2047,2048), score = 15.073745
slot update_slots: id  0 | task 0 | h2o eviction, prefix_keep = 0, recent_keep = 2047, victim = [386,387), score = 15.592797
slot update_slots: id  0 | task 0 | h2o eviction, prefix_keep = 0, recent_keep = 2047, victim = [830,831), score = 15.593369
slot update_slots: id  0 | task 0 | h2o eviction, prefix_keep = 0, recent_keep = 2047, victim = [1895,1896), score = 15.615237
slot update_slots: id  0 | task 0 | h2o eviction, prefix_keep = 0, recent_keep = 2047, victim = [1872,1873), score = 15.618763
slot update_slots: id  0 | task 0 | h2o eviction, prefix_keep = 0, recent_keep = 2047, victim = [2047,2048), score = 12.355125
slot update_slots: id  0 | task 0 | h2o eviction, prefix_keep = 0, recent_keep = 2047, victim = [1464,1465), score = 15.625618
slot update_slots: id  0 | task 0 | h2o eviction, prefix_keep = 0, recent_keep = 2047, victim = [1314,1315), score = 15.626756
slot update_slots: id  0 | task 0 | h2o eviction, prefix_keep = 0, recent_keep = 2047, victim = [622,623), score = 15.641152
slot update_slots: id  0 | task 0 | h2o eviction, prefix_keep = 0, recent_keep = 2047, victim = [1356,1357), score = 15.642912
slot update_slots: id  0 | task 0 | h2o eviction, prefix_keep = 0, recent_keep = 2047, victim = [2047,2048), score = 12.800962
slot update_slots: id  0 | task 0 | h2o eviction, prefix_keep = 0, recent_keep = 2047, victim = [2047,2048), score = 12.178102
slot update_slots: id  0 | task 0 | h2o eviction, prefix_keep = 0, recent_keep = 2047, victim = [1118,1119), score = 15.653729
slot update_slots: id  0 | task 0 | h2o eviction, prefix_keep = 0, recent_keep = 2047, victim = [2047,2048), score = 14.338911
slot update_slots: id  0 | task 0 | h2o eviction, prefix_keep = 0, recent_keep = 2047, victim = [657,658), score = 15.662466
slot update_slots: id  0 | task 0 | h2o eviction, prefix_keep = 0, recent_keep = 2047, victim = [2047,2048), score = 14.254757
slot update_slots: id  0 | task 0 | h2o eviction, prefix_keep = 0, recent_keep = 2047, victim = [1797,1798), score = 15.663117
slot update_slots: id  0 | task 0 | h2o eviction, prefix_keep = 0, recent_keep = 2047, victim = [673,674), score = 15.665478
slot update_slots: id  0 | task 0 | h2o eviction, prefix_keep = 0, recent_keep = 2047, victim = [1009,1010), score = 15.669384
slot update_slots: id  0 | task 0 | h2o eviction, prefix_keep = 0, recent_keep = 2047, victim = [584,585), score = 15.672929
slot update_slots: id  0 | task 0 | h2o eviction, prefix_keep = 0, recent_keep = 2047, victim = [1931,1932), score = 15.678230
slot update_slots: id  0 | task 0 | h2o eviction, prefix_keep = 0, recent_keep = 2047, victim = [1826,1827), score = 15.688697
slot update_slots: id  0 | task 0 | h2o eviction, prefix_keep = 0, recent_keep = 2047, victim = [1999,2000), score = 15.692793
slot update_slots: id  0 | task 0 | h2o eviction, prefix_keep = 0, recent_keep = 2047, victim = [1518,1519), score = 15.700188
slot update_slots: id  0 | task 0 | h2o eviction, prefix_keep = 0, recent_keep = 2047, victim = [1712,1713), score = 15.700569
slot update_slots: id  0 | task 0 | h2o eviction, prefix_keep = 0, recent_keep = 2047, victim = [2047,2048), score = 14.433898
slot update_slots: id  0 | task 0 | h2o eviction, prefix_keep = 0, recent_keep = 2047, victim = [2047,2048), score = 13.500097
slot update_slots: id  0 | task 0 | h2o eviction, prefix_keep = 0, recent_keep = 2047, victim = [1360,1361), score = 15.704650
slot update_slots: id  0 | task 0 | h2o eviction, prefix_keep = 0, recent_keep = 2047, victim = [1597,1598), score = 15.709348
slot update_slots: id  0 | task 0 | h2o eviction, prefix_keep = 0, recent_keep = 2047, victim = [1649,1650), score = 15.714799
slot update_slots: id  0 | task 0 | h2o eviction, prefix_keep = 0, recent_keep = 2047, victim = [1500,1501), score = 15.725735
slot update_slots: id  0 | task 0 | h2o eviction, prefix_keep = 0, recent_keep = 2047, victim = [2047,2048), score = 11.925776
slot update_slots: id  0 | task 0 | h2o eviction, prefix_keep = 0, recent_keep = 2047, victim = [1451,1452), score = 15.744185
slot update_slots: id  0 | task 0 | h2o eviction, prefix_keep = 0, recent_keep = 2047, victim = [1391,1392), score = 15.757980
slot update_slots: id  0 | task 0 | h2o eviction, prefix_keep = 0, recent_keep = 2047, victim = [971,972), score = 15.765142
slot update_slots: id  0 | task 0 | h2o eviction, prefix_keep = 0, recent_keep = 2047, victim = [2047,2048), score = 11.893445
slot update_slots: id  0 | task 0 | h2o eviction, prefix_keep = 0, recent_keep = 2047, victim = [1630,1631), score = 15.773753
slot update_slots: id  0 | task 0 | h2o eviction, prefix_keep = 0, recent_keep = 2047, victim = [2047,2048), score = 12.270902
slot update_slots: id  0 | task 0 | h2o eviction, prefix_keep = 0, recent_keep = 2047, victim = [2047,2048), score = 13.440305
slot update_slots: id  0 | task 0 | h2o eviction, prefix_keep = 0, recent_keep = 2047, victim = [2047,2048), score = 10.648793
slot update_slots: id  0 | task 0 | h2o eviction, prefix_keep = 0, recent_keep = 2047, victim = [2047,2048), score = 11.688684
slot update_slots: id  0 | task 0 | h2o eviction, prefix_keep = 0, recent_keep = 2047, victim = [1824,1825), score = 15.782874
slot update_slots: id  0 | task 0 | h2o eviction, prefix_keep = 0, recent_keep = 2047, victim = [2047,2048), score = 12.945455
slot update_slots: id  0 | task 0 | h2o eviction, prefix_keep = 0, recent_keep = 2047, victim = [2047,2048), score = 11.950916
slot update_slots: id  0 | task 0 | h2o eviction, prefix_keep = 0, recent_keep = 2047, victim = [2047,2048), score = 14.215443
slot update_slots: id  0 | task 0 | h2o eviction, prefix_keep = 0, recent_keep = 2047, victim = [2047,2048), score = 11.666663
slot update_slots: id  0 | task 0 | h2o eviction, prefix_keep = 0, recent_keep = 2047, victim = [606,607), score = 15.785737
slot update_slots: id  0 | task 0 | h2o eviction, prefix_keep = 0, recent_keep = 2047, victim = [2047,2048), score = 11.816903
slot update_slots: id  0 | task 0 | h2o eviction, prefix_keep = 0, recent_keep = 2047, victim = [2047,2048), score = 8.947807
slot update_slots: id  0 | task 0 | h2o eviction, prefix_keep = 0, recent_keep = 2047, victim = [2047,2048), score = 9.130084
slot update_slots: id  0 | task 0 | h2o eviction, prefix_keep = 0, recent_keep = 2047, victim = [1815,1816), score = 15.790159
slot update_slots: id  0 | task 0 | h2o eviction, prefix_keep = 0, recent_keep = 2047, victim = [1839,1840), score = 15.795114
slot update_slots: id  0 | task 0 | h2o eviction, prefix_keep = 0, recent_keep = 2047, victim = [2047,2048), score = 10.501950
slot update_slots: id  0 | task 0 | h2o eviction, prefix_keep = 0, recent_keep = 2047, victim = [2047,2048), score = 15.457253
slot update_slots: id  0 | task 0 | h2o eviction, prefix_keep = 0, recent_keep = 2047, victim = [1020,1021), score = 15.799920
slot update_slots: id  0 | task 0 | h2o eviction, prefix_keep = 0, recent_keep = 2047, victim = [2047,2048), score = 13.252910
slot update_slots: id  0 | task 0 | h2o eviction, prefix_keep = 0, recent_keep = 2047, victim = [1471,1472), score = 15.801897
slot update_slots: id  0 | task 0 | h2o eviction, prefix_keep = 0, recent_keep = 2047, victim = [2047,2048), score = 10.367554
slot update_slots: id  0 | task 0 | h2o eviction, prefix_keep = 0, recent_keep = 2047, victim = [621,622), score = 15.803411
slot update_slots: id  0 | task 0 | h2o eviction, prefix_keep = 0, recent_keep = 2047, victim = [1243,1244), score = 15.823881
slot update_slots: id  0 | task 0 | h2o eviction, prefix_keep = 0, recent_keep = 2047, victim = [1744,1745), score = 15.835047
slot update_slots: id  0 | task 0 | h2o eviction, prefix_keep = 0, recent_keep = 2047, victim = [1493,1494), score = 15.837831
slot update_slots: id  0 | task 0 | h2o eviction, prefix_keep = 0, recent_keep = 2047, victim = [2047,2048), score = 14.563310
slot update_slots: id  0 | task 0 | h2o eviction, prefix_keep = 0, recent_keep = 2047, victim = [509,510), score = 15.848331
slot update_slots: id  0 | task 0 | h2o eviction, prefix_keep = 0, recent_keep = 2047, victim = [2047,2048), score = 14.361021
slot update_slots: id  0 | task 0 | h2o eviction, prefix_keep = 0, recent_keep = 2047, victim = [2012,2013), score = 15.853270
slot update_slots: id  0 | task 0 | h2o eviction, prefix_keep = 0, recent_keep = 2047, victim = [1504,1505), score = 15.872392
slot update_slots: id  0 | task 0 | h2o eviction, prefix_keep = 0, recent_keep = 2047, victim = [1625,1626), score = 15.875209
slot update_slots: id  0 | task 0 | h2o eviction, prefix_keep = 0, recent_keep = 2047, victim = [2047,2048), score = 14.778964
slot update_slots: id  0 | task 0 | h2o eviction, prefix_keep = 0, recent_keep = 2047, victim = [2047,2048), score = 10.926048
slot update_slots: id  0 | task 0 | h2o eviction, prefix_keep = 0, recent_keep = 2047, victim = [2047,2048), score = 13.368345
slot update_slots: id  0 | task 0 | h2o eviction, prefix_keep = 0, recent_keep = 2047, victim = [2047,2048), score = 14.975413
slot update_slots: id  0 | task 0 | h2o eviction, prefix_keep = 0, recent_keep = 2047, victim = [648,649), score = 15.885342
slot update_slots: id  0 | task 0 | h2o eviction, prefix_keep = 0, recent_keep = 2047, victim = [610,611), score = 15.899873
slot update_slots: id  0 | task 0 | h2o eviction, prefix_keep = 0, recent_keep = 2047, victim = [855,856), score = 15.900483
slot update_slots: id  0 | task 0 | h2o eviction, prefix_keep = 0, recent_keep = 2047, victim = [811,812), score = 15.905051
slot update_slots: id  0 | task 0 | h2o eviction, prefix_keep = 0, recent_keep = 2047, victim = [1647,1648), score = 15.905649
slot update_slots: id  0 | task 0 | h2o eviction, prefix_keep = 0, recent_keep = 2047, victim = [1345,1346), score = 15.907066
slot update_slots: id  0 | task 0 | h2o eviction, prefix_keep = 0, recent_keep = 2047, victim = [303,304), score = 15.910227
slot update_slots: id  0 | task 0 | h2o eviction, prefix_keep = 0, recent_keep = 2047, victim = [2047,2048), score = 13.112457
slot update_slots: id  0 | task 0 | h2o eviction, prefix_keep = 0, recent_keep = 2047, victim = [1115,1116), score = 15.913936
slot update_slots: id  0 | task 0 | h2o eviction, prefix_keep = 0, recent_keep = 2047, victim = [2047,2048), score = 15.029358
slot update_slots: id  0 | task 0 | h2o eviction, prefix_keep = 0, recent_keep = 2047, victim = [2047,2048), score = 6.847950
slot update_slots: id  0 | task 0 | h2o eviction, prefix_keep = 0, recent_keep = 2047, victim = [1209,1210), score = 15.919947
slot update_slots: id  0 | task 0 | h2o eviction, prefix_keep = 0, recent_keep = 2047, victim = [1156,1157), score = 15.924027
slot update_slots: id  0 | task 0 | h2o eviction, prefix_keep = 0, recent_keep = 2047, victim = [2047,2048), score = 14.961458
slot update_slots: id  0 | task 0 | h2o eviction, prefix_keep = 0, recent_keep = 2047, victim = [2047,2048), score = 13.309078
slot update_slots: id  0 | task 0 | h2o eviction, prefix_keep = 0, recent_keep = 2047, victim = [2047,2048), score = 13.629185
slot update_slots: id  0 | task 0 | h2o eviction, prefix_keep = 0, recent_keep = 2047, victim = [2047,2048), score = 9.641357
slot update_slots: id  0 | task 0 | h2o eviction, prefix_keep = 0, recent_keep = 2047, victim = [2047,2048), score = 12.049919
slot update_slots: id  0 | task 0 | h2o eviction, prefix_keep = 0, recent_keep = 2047, victim = [2047,2048), score = 11.106013
slot update_slots: id  0 | task 0 | h2o eviction, prefix_keep = 0, recent_keep = 2047, victim = [1847,1848), score = 15.929366
slot update_slots: id  0 | task 0 | h2o eviction, prefix_keep = 0, recent_keep = 2047, victim = [2047,2048), score = 12.480732
slot update_slots: id  0 | task 0 | h2o eviction, prefix_keep = 0, recent_keep = 2047, victim = [1724,1725), score = 15.952211
slot update_slots: id  0 | task 0 | h2o eviction, prefix_keep = 0, recent_keep = 2047, victim = [850,851), score = 15.959008
slot update_slots: id  0 | task 0 | h2o eviction, prefix_keep = 0, recent_keep = 2047, victim = [854,855), score = 15.962963
slot update_slots: id  0 | task 0 | h2o eviction, prefix_keep = 0, recent_keep = 2047, victim = [1754,1755), score = 15.984948
slot update_slots: id  0 | task 0 | h2o eviction, prefix_keep = 0, recent_keep = 2047, victim = [1770,1771), score = 15.988758
slot update_slots: id  0 | task 0 | h2o eviction, prefix_keep = 0, recent_keep = 2047, victim = [443,444), score = 15.991450
slot update_slots: id  0 | task 0 | h2o eviction, prefix_keep = 0, recent_keep = 2047, victim = [1017,1018), score = 15.995074
slot update_slots: id  0 | task 0 | h2o eviction, prefix_keep = 0, recent_keep = 2047, victim = [1364,1365), score = 15.997463
slot update_slots: id  0 | task 0 | h2o eviction, prefix_keep = 0, recent_keep = 2047, victim = [1929,1930), score = 16.007919
slot update_slots: id  0 | task 0 | h2o eviction, prefix_keep = 0, recent_keep = 2047, victim = [2047,2048), score = 14.767273
slot update_slots: id  0 | task 0 | h2o eviction, prefix_keep = 0, recent_keep = 2047, victim = [1877,1878), score = 16.013117
slot update_slots: id  0 | task 0 | h2o eviction, prefix_keep = 0, recent_keep = 2047, victim = [2047,2048), score = 8.773787
slot print_timing: id  0 | task 0 | 
prompt eval time =   54533.65 ms /  4064 tokens (   13.42 ms per token,    74.52 tokens per second)
       eval time =   82014.82 ms /   911 tokens (   90.03 ms per token,    11.11 tokens per second)
      total time =  136548.47 ms /  4975 tokens
slot      release: id  0 | task 0 | stop processing: n_tokens = 4095, truncated = 1
srv  update_slots: all slots are idle
llama_memory_breakdown_print: | memory breakdown [MiB]  | total   free    self   model   context   compute    unaccounted |
llama_memory_breakdown_print: |   - MTL0 (Apple M1 Pro) | 12124 = 6453 + (5669 =  4789 +     576 +     304) +           0 |
llama_memory_breakdown_print: |   - Host                |                  361 =   333 +       0 +      28                |
ggml_metal_free: deallocating
