token_index,token_id,probability,logprob,nll,reference_probability,reference_logprob,reference_nll,nll_drift
0,1692,0.68927453884861178,-0.37211562746516874,0.37211562746516874,0.68927453884861178,-0.37211562746516874,0.37211562746516874,0
1,10746,0.999785886290813,-0.00021413663479974361,0.00021413663479974361,0.999785886290813,-0.00021413663479974361,0.00021413663479974361,0
2,374,0.90328229655186221,-0.1017201536546596,0.1017201536546596,0.90328229655186221,-0.1017201536546596,0.1017201536546596,0
3,279,0.99809329637921007,-0.0019085236940669099,0.0019085236940669099,0.99809329637921007,-0.0019085236940669099,0.0019085236940669099,0
4,6864,0.99998914879741474,-1.0851261460030621e-05,1.0851261460030621e-05,0.99998914879741474,-1.0851261460030621e-05,1.0851261460030621e-05,0
5,3363,0.99952652791034846,-0.00047358421295428982,0.00047358421295428982,0.99952652791034846,-0.00047358421295428982,0.00047358421295428982,0
6,315,0.99999920211499194,-7.9788532635495968e-07,7.9788532635495968e-07,0.99999920211499194,-7.9788532635495968e-07,7.9788532635495968e-07,0
7,279,0.99999909335059645,-9.0664981455573217e-07,9.0664981455573217e-07,0.99999909335059645,-9.0664981455573217e-07,9.0664981455573217e-07,0
8,26363,0.99999847293242983,-1.5270687361152315e-06,1.5270687361152315e-06,0.99999847293242983,-1.5270687361152315e-06,1.5270687361152315e-06,0
9,11,0.95942332019251819,-0.041422883150466834,0.041422883150466834,0.95942332019251819,-0.041422883150466834,0.041422883150466834,0
10,18538,0.98460509970356147,-0.015514632204091416,0.015514632204091416,0.98460509970356147,-0.015514632204091416,0.015514632204091416,0
11,389,0.99193143252260396,-0.0081012945271154452,0.0081012945271154452,0.99193143252260396,-0.0081012945271154452,0.0081012945271154452,0
12,5651,0.99999084098385305,-9.1590580909935734e-06,9.1590580909935734e-06,0.99999084098385305,-9.1590580909935734e-06,9.1590580909935734e-06,0
13,220,0.9999991902338965,-8.097664313412655e-07,8.097664313412655e-07,0.9999991902338965,-8.097664313412655e-07,8.097664313412655e-07,0
14,1187,0.99999911595987456,-8.8404051615935679e-07,8.8404051615935679e-07,0.99999911595987456,-8.8404051615935679e-07,8.8404051615935679e-07,0
15,11,0.99999925295499048,-7.4704528858998943e-07,7.4704528858998943e-07,0.99999925295499048,-7.4704528858998943e-07,7.4704528858998943e-07,0
16,220,0.99999821492323637,-1.785078356825165e-06,1.785078356825165e-06,0.99999821492323637,-1.785078356825165e-06,1.785078356825165e-06,0
17,10895,0.99999998346363062,-1.6536369470241824e-08,1.6536369470241824e-08,0.99999998346363062,-1.6536369470241824e-08,1.6536369470241824e-08,0
18,16,0.99999988521872407,-1.147812825526263e-07,1.147812825526263e-07,0.99999988521872407,-1.147812825526263e-07,1.147812825526263e-07,0
19,11,0.99157946772433836,-0.0084561852432853326,0.0084561852432853326,0.99157946772433836,-0.0084561852432853326,0.0084561852432853326,0
20,555,0.99999516193300697,-4.8380786965617058e-06,4.8380786965617058e-06,0.99999516193300697,-4.8380786965617058e-06,4.8380786965617058e-06,0
21,15506,0.99992215745127444,-7.7845578613990106e-05,7.7845578613990106e-05,0.99992215745127444,-7.7845578613990106e-05,7.7845578613990106e-05,0
22,39879,0.99964325931090892,-0.0003568043361881227,0.0003568043361881227,0.99964325931090892,-0.0003568043361881227,0.0003568043361881227,0
23,380,0.99999882927992012,-1.1707207651558963e-06,1.1707207651558963e-06,0.99999882927992012,-1.1707207651558963e-06,1.1707207651558963e-06,0
24,5477,0.99998505512424574,-1.4944987430052335e-05,1.4944987430052335e-05,0.99998505512424574,-1.4944987430052335e-05,1.4944987430052335e-05,0
25,46991,0.99998563829981169,-1.4361803318464852e-05,1.4361803318464852e-05,0.99998563829981169,-1.4361803318464852e-05,1.4361803318464852e-05,0
26,92075,0.99985489104340963,-0.00014511948591362558,0.00014511948591362558,0.99985489104340963,-0.00014511948591362558,0.00014511948591362558,0
27,409,0.99999854566208579,-1.454338971742908e-06,1.454338971742908e-06,0.99999854566208579,-1.454338971742908e-06,1.454338971742908e-06,0
28,7765,0.99999621893540447,-3.7810717437237602e-06,3.7810717437237602e-06,0.99999621893540447,-3.7810717437237602e-06,3.7810717437237602e-06,0
29,1394,0.9999277649359779,-7.2237673099924911e-05,7.2237673099924911e-05,0.9999277649359779,-7.2237673099924911e-05,7.2237673099924911e-05,0
30,2554,0.99999956970175696,-4.3029833564394449e-07,4.3029833564394449e-07,0.99999956970175696,-4.3029833564394449e-07,4.3029833564394449e-07,0
31,13,0.99993827465622975,-6.1727248857645225e-05,6.1727248857645225e-05,0.99993827465622975,-6.1727248857645225e-05,6.1727248857645225e-05,0
32,1102,0.99938568562339536,-0.0006145031449939967,0.0006145031449939967,0.99938568562339536,-0.0006145031449939967,0.0006145031449939967,0
33,374,0.99898854163194362,-0.0010119702372569156,0.0010119702372569156,0.99898854163194362,-0.0010119702372569156,0.0010119702372569156,0
34,832,0.99888387193327244,-0.001116751401515733,0.001116751401515733,0.99888387193327244,-0.001116751401515733,0.001116751401515733,0
35,315,0.9999990714706406,-9.2852979051607975e-07,9.2852979051607975e-07,0.9999990714706406,-9.2852979051607975e-07,9.2852979051607975e-07,0
36,279,0.99999978880669604,-2.1119332628578994e-07,2.1119332628578994e-07,0.99999978880669604,-2.1119332628578994e-07,2.1119332628578994e-07,0
37,24417,0.9999891137298581,-1.0886329397797728e-05,1.0886329397797728e-05,0.9999891137298581,-1.0886329397797728e-05,1.0886329397797728e-05,0
38,9919,0.99999228122116823,-7.7188086216944259e-06,7.7188086216944259e-06,0.99999228122116823,-7.7188086216944259e-06,7.7188086216944259e-06,0
39,304,0.99999973732993486,-2.6267009959018974e-07,2.6267009959018974e-07,0.99999973732993486,-2.6267009959018974e-07,2.6267009959018974e-07,0
40,279,0.9999989828647694,-1.0171357479306405e-06,1.0171357479306405e-06,0.9999989828647694,-1.0171357479306405e-06,1.0171357479306405e-06,0
41,3224,0.99973976970571599,-0.00026026416006248542,0.00026026416006248542,0.99973976970571599,-0.00026026416006248542,0.00026026416006248542,0
42,323,0.99969131437423331,-0.0003087332789813351,0.0003087332789813351,0.99969131437423331,-0.0003087332789813351,0.0003087332789813351,0
43,574,0.99964062923663011,-0.00035943535251742168,0.00035943535251742168,0.99964062923663011,-0.00035943535251742168,0.00035943535251742168,0
44,279,0.99997004960571123,-2.9950842810786073e-05,2.9950842810786073e-05,0.99997004960571123,-2.9950842810786073e-05,2.9950842810786073e-05,0
45,10954,0.99999722213033693,-2.7778735213840499e-06,2.7778735213840499e-06,0.99999722213033693,-2.7778735213840499e-06,2.7778735213840499e-06,0
46,315,0.99999981752556488,-1.8247445177576809e-07,1.8247445177576809e-07,0.99999981752556488,-1.8247445177576809e-07,1.8247445177576809e-07,0
47,2410,0.99999388363249786,-6.1163862071980914e-06,6.1163862071980914e-06,0.99999388363249786,-6.1163862071980914e-06,6.1163862071980914e-06,0
48,369,0.99999789240833725,-2.1075938837725371e-06,2.1075938837725371e-06,0.99999789240833725,-2.1075938837725371e-06,2.1075938837725371e-06,0
49,1455,0.99999582977521417,-4.1702334812574194e-06,4.1702334812574194e-06,0.99999582977521417,-4.1702334812574194e-06,4.1702334812574194e-06,0
50,315,0.99999860033474763,-1.3996662319325453e-06,1.3996662319325453e-06,0.99999860033474763,-1.3996662319325453e-06,1.3996662319325453e-06,0
51,279,0.99999703604118106,-2.9639632114761024e-06,2.9639632114761024e-06,0.99999703604118106,-2.9639632114761024e-06,2.9639632114761024e-06,0
52,37683,0.99996104894958071,-3.895180903116775e-05,3.895180903116775e-05,0.99996104894958071,-3.895180903116775e-05,3.895180903116775e-05,0
53,5718,0.99575888813447833,-0.0042501308899435845,0.0042501308899435845,0.99575888813447833,-0.0042501308899435845,0.0042501308899435845,0
54,315,0.99998113913170028,-1.8861046168174624e-05,1.8861046168174624e-05,0.99998113913170028,-1.8861046168174624e-05,1.8861046168174624e-05,0
55,279,0.99999913852061095,-8.6147976015742296e-07,8.6147976015742296e-07,0.99999913852061095,-8.6147976015742296e-07,8.6147976015742296e-07,0
56,26363,0.99999453723471199,-5.4627802090180318e-06,5.4627802090180318e-06,0.99999453723471199,-5.4627802090180318e-06,5.4627802090180318e-06,0
57,13,0.99655722937051539,-0.0034487106015142818,0.0034487106015142818,0.99655722937051539,-0.0034487106015142818,0.0034487106015142818,0
58,57664,0.95703729217404021,-0.043912920499441621,0.043912920499441621,0.95703729217404021,-0.043912920499441621,0.043912920499441621,0
59,374,0.9983325758506908,-0.0016688158482061398,0.0016688158482061398,0.9983325758506908,-0.0016688158482061398,0.0016688158482061398,0
60,31183,0.93880572628868508,-0.063146715440695597,0.063146715440695597,0.93880572628868508,-0.063146715440695597,0.063146715440695597,0
61,389,0.99999923252004341,-7.6748025104737402e-07,7.6748025104737402e-07,0.99999923252004341,-7.6748025104737402e-07,7.6748025104737402e-07,0
62,279,0.99999952058232644,-4.7941778845551839e-07,4.7941778845551839e-07,0.99999952058232644,-4.7941778845551839e-07,4.7941778845551839e-07,0
63,24024,0.99998609767133351,-1.3902425304724564e-05,1.3902425304724564e-05,0.99998609767133351,-1.3902425304724564e-05,1.3902425304724564e-05,0
64,31284,0.99999661090455849,-3.3891011845327769e-06,3.3891011845327769e-06,0.99999661090455849,-3.3891011845327769e-06,3.3891011845327769e-06,0
65,315,0.99999985413923231,-1.4586077836489931e-07,1.4586077836489931e-07,0.99999985413923231,-1.4586077836489931e-07,1.4586077836489931e-07,0
66,57664,0.99999790695683954,-2.0930453508640825e-06,2.0930453508640825e-06,0.99999790695683954,-2.0930453508640825e-06,2.0930453508640825e-06,0
67,9332,0.99999834686734401,-1.6531340223748289e-06,1.6531340223748289e-06,0.99999834686734401,-1.6531340223748289e-06,1.6531340223748289e-06,0
68,323,0.99998368792539061,-1.6312207652761389e-05,1.6312207652761389e-05,0.99998368792539061,-1.6312207652761389e-05,1.6312207652761389e-05,0
69,5727,0.99994564535590458,-5.43561213625982e-05,5.43561213625982e-05,0.99994564535590458,-5.43561213625982e-05,5.43561213625982e-05,0
70,264,0.99998333743803525,-1.6662700786756516e-05,1.6662700786756516e-05,0.99998333743803525,-1.6662700786756516e-05,1.6662700786756516e-05,0
71,49068,0.99996290765616513,-3.7093031772811804e-05,3.7093031772811804e-05,0.99996290765616513,-3.7093031772811804e-05,3.7093031772811804e-05,0
72,315,0.99999962171596912,-3.7828410243578154e-07,3.7828410243578154e-07,0.99999962171596912,-3.7828410243578154e-07,3.7828410243578154e-07,0
73,61024,0.99998540335763653,-1.4596748895537174e-05,1.4596748895537174e-05,0.99998540335763653,-1.4596748895537174e-05,1.4596748895537174e-05,0
74,11,0.99997725048750341,-2.2749771270692764e-05,2.2749771270692764e-05,0.99997725048750341,-2.2749771270692764e-05,2.2749771270692764e-05,0
75,1063,0.99996328529923206,-3.6715374769012464e-05,3.6715374769012464e-05,0.99996328529923206,-3.6715374769012464e-05,3.6715374769012464e-05,0
76,315,0.9999787798487173,-2.1220376433265818e-05,2.1220376433265818e-05,0.9999787798487173,-2.1220376433265818e-05,2.1220376433265818e-05,0
77,902,0.99999846161967698,-1.5383815063714364e-06,1.5383815063714364e-06,0.99999846161967698,-1.5383815063714364e-06,1.5383815063714364e-06,0
78,2457,0.99999824653458691,-1.7534669504177556e-06,1.7534669504177556e-06,0.99999824653458691,-1.7534669504177556e-06,1.7534669504177556e-06,0
79,1203,0.99999968644448867,-3.1355556054037345e-07,3.1355556054037345e-07,0.99999968644448867,-3.1355556054037345e-07,3.1355556054037345e-07,0
80,311,0.9999998840850769,-1.1591492982003934e-07,1.1591492982003934e-07,0.9999998840850769,-1.1591492982003934e-07,1.1591492982003934e-07,0
81,279,0.99999960179200897,-3.9820807028086004e-07,3.9820807028086004e-07,0.99999960179200897,-3.9820807028086004e-07,3.9820807028086004e-07,0
82,220,0.99999919713526975,-8.0286505255307168e-07,8.0286505255307168e-07,0.99999919713526975,-8.0286505255307168e-07,8.0286505255307168e-07,0
83,845,0.99999967525161759,-3.2474843514799998e-07,3.2474843514799998e-07,0.99999967525161759,-3.2474843514799998e-07,3.2474843514799998e-07,0
84,339,0.99999857555376348,-1.4244472510379601e-06,1.4244472510379601e-06,0.99999857555376348,-1.4244472510379601e-06,1.4244472510379601e-06,0
85,9478,0.99999054013843913,-9.4599063056728594e-06,9.4599063056728594e-06,0.99999054013843913,-9.4599063056728594e-06,9.4599063056728594e-06,0
86,11,0.99251528823913915,-0.0075128627720338122,0.0075128627720338122,0.99251528823913915,-0.0075128627720338122,0.0075128627720338122,0
87,1778,0.99999574818917125,-4.2518198677327985e-06,4.2518198677327985e-06,0.99999574818917125,-4.2518198677327985e-06,4.2518198677327985e-06,0
88,439,0.999999866508123,-1.3349188596139811e-07,1.3349188596139811e-07,0.999999866508123,-1.3349188596139811e-07,1.3349188596139811e-07,0
89,279,0.99999954814663472,-4.5185346736397381e-07,4.5185346736397381e-07,0.99999954814663472,-4.5185346736397381e-07,4.5185346736397381e-07,0
90,15506,0.99985935824742578,-0.00014065164355292527,0.00014065164355292527,0.99985935824742578,-0.00014065164355292527,0.00014065164355292527,0
91,37683,0.99995418654985624,-4.5814499611879007e-05,4.5814499611879007e-05,0.99995418654985624,-4.5814499611879007e-05,4.5814499611879007e-05,0
92,11639,0.9945190989262982,-0.0054959763211846705,0.0054959763211846705,0.9945190989262982,-0.0054959763211846705,0.0054959763211846705,0
93,468,0.9999976262187209,-2.3737840964951729e-06,2.3737840964951729e-06,0.9999976262187209,-2.3737840964951729e-06,2.3737840964951729e-06,0
94,4841,0.99999897520629999,-1.0247942250689176e-06,1.0247942250689176e-06,0.99999897520629999,-1.0247942250689176e-06,1.0247942250689176e-06,0
95,4409,0.99999830216457897,-1.6978368624011181e-06,1.6978368624011181e-06,0.99999830216457897,-1.6978368624011181e-06,1.6978368624011181e-06,0
96,315,0.99999984254599383,-1.574540185287129e-07,1.574540185287129e-07,0.99999984254599383,-1.574540185287129e-07,1.574540185287129e-07,0
97,61894,0.99999826153745874,-1.738464052376036e-06,1.738464052376036e-06,0.99999826153745874,-1.738464052376036e-06,1.738464052376036e-06,0
98,309,0.999999971544136,-2.8455864370754672e-08,2.8455864370754672e-08,0.999999971544136,-2.8455864370754672e-08,2.8455864370754672e-08,0
99,44486,0.99993205925692019,-6.7943051156587074e-05,6.7943051156587074e-05,0.99993205925692019,-6.7943051156587074e-05,6.7943051156587074e-05,0
100,382,0.98465040539761217,-0.015468619186541115,0.015468619186541115,0.98465040539761217,-0.015468619186541115,0.015468619186541115,0
101,1692,0.99862295612511121,-0.0013779928711118022,0.0013779928711118022,0.99862295612511121,-0.0013779928711118022,0.0013779928711118022,0
102,10746,0.9999472511936488,-5.2750197618446965e-05,5.2750197618446965e-05,0.9999472511936488,-5.2750197618446965e-05,5.2750197618446965e-05,0
103,374,0.88198383691045512,-0.12558154864161,0.12558154864161,0.88198383691045512,-0.12558154864161,0.12558154864161,0
104,279,0.99984869723995728,-0.00015131420746002675,0.00015131420746002675,0.99984869723995728,-0.00015131420746002675,0.00015131420746002675,0
105,2132,0.99999435063154984,-5.6493844079348783e-06,5.6493844079348783e-06,0.99999435063154984,-5.6493844079348783e-06,5.6493844079348783e-06,0
106,1455,0.99762852038806038,-0.002374296023303692,0.002374296023303692,0.99762852038806038,-0.002374296023303692,0.002374296023303692,0
107,95551,0.99997984754825409,-2.0152654809265315e-05,2.0152654809265315e-05,0.99997984754825409,-2.0152654809265315e-05,2.0152654809265315e-05,0
108,3363,0.99999665194266507,-3.3480629396375228e-06,3.3480629396375228e-06,0.99999665194266507,-3.3480629396375228e-06,3.3480629396375228e-06,0
109,304,0.99999976853231065,-2.314677161840147e-07,2.314677161840147e-07,0.99999976853231065,-2.314677161840147e-07,2.314677161840147e-07,0
110,279,0.99999984490653915,-1.5509347291669806e-07,1.5509347291669806e-07,0.99999984490653915,-1.5509347291669806e-07,1.5509347291669806e-07,0
111,26363,0.9999846153795604,-1.5384738784118107e-05,1.5384738784118107e-05,0.9999846153795604,-1.5384738784118107e-05,1.5384738784118107e-05,0
112,1306,0.95559745970071608,-0.045418521863111738,0.045418521863111738,0.95559745970071608,-0.045418521863111738,0.045418521863111738,0
113,279,0.67208804784670528,-0.3973659234604206,0.3973659234604206,0.67208804784670528,-0.3973659234604206,0.3973659234604206,0
114,4846,0.99999941725492547,-5.827452443500035e-07,5.827452443500035e-07,0.99999941725492547,-5.827452443500035e-07,5.827452443500035e-07,0
115,6864,0.99999688946953202,-3.110535305738391e-06,3.110535305738391e-06,0.99999688946953202,-3.110535305738391e-06,3.110535305738391e-06,0
116,9605,0.99991405935049438,-8.5944342614826039e-05,8.5944342614826039e-05,0.99991405935049438,-8.5944342614826039e-05,8.5944342614826039e-05,0
117,52719,0.99999869508484163,-1.304916009830085e-06,1.304916009830085e-06,0.99999869508484163,-1.304916009830085e-06,1.304916009830085e-06,0
118,4409,0.99999733261842683,-2.6673851306740944e-06,2.6673851306740944e-06,0.99999733261842683,-2.6673851306740944e-06,2.6673851306740944e-06,0
119,11,0.71570485587041299,-0.33448740947589728,0.33448740947589728,0.71570485587041299,-0.33448740947589728,0.33448740947589728,0
120,449,0.99994115246646287,-5.8849265121191885e-05,5.8849265121191885e-05,0.99994115246646287,-5.8849265121191885e-05,5.8849265121191885e-05,0
121,264,0.99997627348515372,-2.3726796324520396e-05,2.3726796324520396e-05,0.99997627348515372,-2.3726796324520396e-05,2.3726796324520396e-05,0
122,7187,0.99999472705680537,-5.2729570966637718e-06,5.2729570966637718e-06,0.99999472705680537,-5.2729570966637718e-06,5.2729570966637718e-06,0
123,315,0.9999937164869549,-6.2835327864191333e-06,6.2835327864191333e-06,0.9999937164869549,-6.2835327864191333e-06,6.2835327864191333e-06,0
124,220,0.99545115001487561,-0.0045592274856385909,0.0045592274856385909,0.99545115001487561,-0.0045592274856385909,0.0045592274856385909,0
125,16,0.99985182755189439,-0.00014818342672734641,0.00014818342672734641,0.99985182755189439,-0.00014818342672734641,0.00014818342672734641,0
126,11,0.97739518236401968,-0.022864223190336284,0.022864223190336284,0.97739518236401968,-0.022864223190336284,0.022864223190336284,0
127,19423,0.99925015732712219,-0.00075012394551048404,0.00075012394551048404,0.99925015732712219,-0.00075012394551048404,0.00075012394551048404,0
128,11,0.99998981749596916,-1.0182555872838699e-05,1.0182555872838699e-05,0.99998981749596916,-1.0182555872838699e-05,1.0182555872838699e-05,0
129,10410,0.99750337012341905,-0.0024997516539822231,0.0024997516539822231,0.99750337012341905,-0.0024997516539822231,0.0024997516539822231,0
130,304,0.99962470844480078,-0.00037536199469901803,0.00037536199469901803,0.99962470844480078,-0.00037536199469901803,0.00037536199469901803,0
131,220,0.99999046828068738,-9.5317647397487848e-06,9.5317647397487848e-06,0.99999046828068738,-9.5317647397487848e-06,9.5317647397487848e-06,0
132,679,0.99999203497084022,-7.9650608807431576e-06,7.9650608807431576e-06,0.99999203497084022,-7.9650608807431576e-06,7.9650608807431576e-06,0
133,20,0.99999450366853182,-5.4963465730740947e-06,5.4963465730740947e-06,0.99999450366853182,-5.4963465730740947e-06,5.4963465730740947e-06,0
134,13,0.99927999984248461,-0.00072025948211206739,0.00072025948211206739,0.99927999984248461,-0.00072025948211206739,0.00072025948211206739,0
135,24586,0.88270330883163328,-0.12476613842821486,0.12476613842821486,0.88270330883163328,-0.12476613842821486,0.12476613842821486,0
136,311,0.99999928007879424,-7.1992146486928643e-07,7.1992146486928643e-07,0.99999928007879424,-7.1992146486928643e-07,7.1992146486928643e-07,0
137,1202,0.9999949114296045,-5.0885833423644671e-06,5.0885833423644671e-06,0.9999949114296045,-5.0885833423644671e-06,5.0885833423644671e-06,0
138,2678,0.9999818463638811,-1.815380089814988e-05,1.815380089814988e-05,0.9999818463638811,-1.815380089814988e-05,1.815380089814988e-05,0
139,4363,0.99999879399941061,-1.2060013165655233e-06,1.2060013165655233e-06,0.99999879399941061,-1.2060013165655233e-06,1.2060013165655233e-06,0
140,3158,0.99999943922777645,-5.6077238072796888e-07,5.6077238072796888e-07,0.99999943922777645,-5.6077238072796888e-07,5.6077238072796888e-07,0
141,323,0.99978711847802482,-0.00021290418446276763,0.00021290418446276763,0.99978711847802482,-0.00021290418446276763,0.00021290418446276763,0
142,6908,0.9997880271201961,-0.00021199534923006257,0.00021199534923006257,0.9997880271201961,-0.00021199534923006257,0.00021199534923006257,0
143,7187,0.9999949449484461,-5.055064330714912e-06,5.055064330714912e-06,0.9999949449484461,-5.055064330714912e-06,5.055064330714912e-06,0
144,11,0.99998122721588123,-1.8772960329737609e-05,1.8772960329737609e-05,0.99998122721588123,-1.8772960329737609e-05,1.8772960329737609e-05,0
145,57664,0.99993564569579962,-6.4356375027506776e-05,6.4356375027506776e-05,0.99993564569579962,-6.4356375027506776e-05,6.4356375027506776e-05,0
146,374,0.99999349375608437,-6.506265081310256e-06,6.506265081310256e-06,0.99999349375608437,-6.506265081310256e-06,6.506265081310256e-06,0
147,27458,0.99930807095771645,-0.00069216853566469701,0.00069216853566469701,0.99930807095771645,-0.00069216853566469701,0.00069216853566469701,0
148,439,0.99999924601204715,-7.5398823714665179e-07,7.5398823714665179e-07,0.99999924601204715,-7.5398823714665179e-07,7.5398823714665179e-07,0
149,832,0.99999916146075629,-8.3853959523806407e-07,8.3853959523806407e-07,0.99999916146075629,-8.3853959523806407e-07,8.3853959523806407e-07,0
150,315,0.99999911637102346,-8.836293669639018e-07,8.836293669639018e-07,0.99999911637102346,-8.836293669639018e-07,8.836293669639018e-07,0
151,279,0.99999921155440508,-7.884459057139535e-07,7.884459057139535e-07,0.99999921155440508,-7.884459057139535e-07,7.884459057139535e-07,0
152,1455,0.99999875000856386,-1.2499922174236426e-06,1.2499922174236426e-06,0.99999875000856386,-1.2499922174236426e-06,1.2499922174236426e-06,0
153,97617,0.99999616448820261,-3.8355191530090763e-06,3.8355191530090763e-06,0.99999616448820261,-3.8355191530090763e-06,3.8355191530090763e-06,0
154,35459,0.99999794791641383,-2.052085691714801e-06,2.052085691714801e-06,0.99999794791641383,-2.052085691714801e-06,2.052085691714801e-06,0
155,9919,0.99999396007893759,-6.0399393027545022e-06,6.0399393027545022e-06,0.99999396007893759,-6.0399393027545022e-06,6.0399393027545022e-06,0
156,304,0.9999995230504154,-4.7694969834881908e-07,4.7694969834881908e-07,0.9999995230504154,-4.7694969834881908e-07,4.7694969834881908e-07,0
157,279,0.99999925100958664,-7.4899069385939239e-07,7.4899069385939239e-07,0.99999925100958664,-7.4899069385939239e-07,7.4899069385939239e-07,0
158,1917,0.99999808474340002,-1.9152584340507524e-06,1.9152584340507524e-06,0.99999808474340002,-1.9152584340507524e-06,1.9152584340507524e-06,0
159,11,0.95516386587579793,-0.045872365916324147,0.045872365916324147,0.95516386587579793,-0.045872365916324147,0.045872365916324147,0
160,449,0.99997297662009677,-2.7023745041381879e-05,2.7023745041381879e-05,0.99997297662009677,-2.7023745041381879e-05,2.7023745041381879e-05,0
161,220,0.99964505869525633,-0.00035500431131816278,0.00035500431131816278,0.99964505869525633,-0.00035500431131816278,0.00035500431131816278,0
162,2983,0.99977401871246663,-0.00022600682515190265,0.00022600682515190265,0.99977401871246663,-0.00022600682515190265,0.00022600682515190265,0
163,11,0.99997845950126174,-2.1540730738111467e-05,2.1540730738111467e-05,0.99997845950126174,-2.1540730738111467e-05,2.1540730738111467e-05,0
164,20907,0.99996336672642172,-3.6633944593055751e-05,3.6633944593055751e-05,0.99996336672642172,-3.6633944593055751e-05,3.6633944593055751e-05,0
165,1274,0.99998293787517156,-1.7062270388090414e-05,1.7062270388090414e-05,0.99998293787517156,-1.7062270388090414e-05,1.7062270388090414e-05,0
166,824,0.99999885453716519,-1.1454634908242257e-06,1.1454634908242257e-06,0.99999885453716519,-1.1454634908242257e-06,1.1454634908242257e-06,0
167,9518,0.99999899632260059,-1.0036779031452979e-06,1.0036779031452979e-06,0.99999899632260059,-1.0036779031452979e-06,1.0036779031452979e-06,0
168,15395,0.99997923640205066,-2.0763813515772793e-05,2.0763813515772793e-05,0.99997923640205066,-2.0763813515772793e-05,2.0763813515772793e-05,0
169,21037,0.99999913652759731,-8.6347277552319425e-07,8.6347277552319425e-07,0.99999913652759731,-8.6347277552319425e-07,8.6347277552319425e-07,0
170,382,0.90313995079286236,-0.10187775330723663,0.10187775330723663,0.90313995079286236,-0.10187775330723663,0.10187775330723663,0
171,1692,0.96110817472164944,-0.039668311600006653,0.039668311600006653,0.96110817472164944,-0.039668311600006653,0.039668311600006653,0
172,10746,0.99996626757953633,-3.3732989414527774e-05,3.3732989414527774e-05,0.99996626757953633,-3.3732989414527774e-05,3.3732989414527774e-05,0
173,706,0.96171522668374043,-0.039036894297912308,0.039036894297912308,0.96171522668374043,-0.039036894297912308,0.039036894297912308,0
174,4848,0.84924509315091812,-0.16340744981987476,0.16340744981987476,0.84924509315091812,-0.16340744981987476,0.16340744981987476,0
175,18740,0.99999103095731201,-8.9690829100741123e-06,8.9690829100741123e-06,0.99999103095731201,-8.9690829100741123e-06,8.9690829100741123e-06,0
176,27536,0.99999812786982123,-1.8721319311935148e-06,1.8721319311935148e-06,0.99999812786982123,-1.8721319311935148e-06,1.8721319311935148e-06,0
177,369,0.99996346957712245,-3.6531090129641136e-05,3.6531090129641136e-05,0.99996346957712245,-3.6531090129641136e-05,3.6531090129641136e-05,0
178,279,0.99999922831791999,-7.7168237779080995e-07,7.7168237779080995e-07,0.99999922831791999,-7.7168237779080995e-07,7.7168237779080995e-07,0
179,4827,0.99997781064819391,-2.2189597993388826e-05,2.2189597993388826e-05,0.99997781064819391,-2.2189597993388826e-05,2.2189597993388826e-05,0
180,3838,0.99998881970010856,-1.1180362391414438e-05,1.1180362391414438e-05,0.99998881970010856,-1.1180362391414438e-05,1.1180362391414438e-05,0
181,315,0.99999919968324547,-8.0031707476838094e-07,8.0031707476838094e-07,0.99999919968324547,-8.0031707476838094e-07,8.0031707476838094e-07,0
182,279,0.99999651252409305,-3.4874819881700566e-06,3.4874819881700566e-06,0.99999651252409305,-3.4874819881700566e-06,3.4874819881700566e-06,0
183,57281,0.99997413953331127,-2.5860801076363721e-05,2.5860801076363721e-05,0.99997413953331127,-2.5860801076363721e-05,2.5860801076363721e-05,0
184,8151,0.99997836247270622,-2.1637761388442413e-05,2.1637761388442413e-05,0.99997836247270622,-2.1637761388442413e-05,2.1637761388442413e-05,0
185,11,0.54840480152224735,-0.60074157582127974,0.60074157582127974,0.54840480152224735,-0.60074157582127974,0.60074157582127974,0
186,323,0.99620042029388556,-0.0038068164459485257,0.0038068164459485257,0.99620042029388556,-0.0038068164459485257,0.0038068164459485257,0
187,279,0.90242972392166654,-0.10266446003782956,0.10266446003782956,0.90242972392166654,-0.10266446003782956,0.10266446003782956,0
188,3363,0.99998622288774353,-1.3777207161708883e-05,1.3777207161708883e-05,0.99998622288774353,-1.3777207161708883e-05,1.3777207161708883e-05,0
189,374,0.99997775259421418,-2.2247653263026009e-05,2.2247653263026009e-05,0.99997775259421418,-2.2247653263026009e-05,2.2247653263026009e-05,0
190,24306,0.99991043648682931,-8.9567524221576973e-05,8.9567524221576973e-05,0.99991043648682931,-8.9567524221576973e-05,8.9567524221576973e-05,0
191,315,0.99999857272507497,-1.4272759436149126e-06,1.4272759436149126e-06,0.99999857272507497,-1.4272759436149126e-06,1.4272759436149126e-06,0
192,220,0.99992794788956618,-7.2054706311819143e-05,7.2054706311819143e-05,0.99992794788956618,-7.2054706311819143e-05,7.2054706311819143e-05,0
193,845,0.99999895993295251,-1.0400675883061928e-06,1.0400675883061928e-06,0.99999895993295251,-1.0400675883061928e-06,1.0400675883061928e-06,0
194,27536,0.99994065255865883,-5.9349202470288349e-05,5.9349202470288349e-05,0.99994065255865883,-5.9349202470288349e-05,5.9349202470288349e-05,0
195,11,0.97917388974209696,-0.021046032467154207,0.021046032467154207,0.97917388974209696,-0.021046032467154207,0.021046032467154207,0
196,32125,0.98247311164251339,-0.017682302898185356,0.017682302898185356,0.98247311164251339,-0.017682302898185356,0.017682302898185356,0
197,25,0.9653478768056396,-0.035266748506428518,0.035266748506428518,0.9653478768056396,-0.035266748506428518,0.035266748506428518,0
198,30444,0.99973436765123425,-0.00026566763528707601,0.00026566763528707601,0.99973436765123425,-0.00026566763528707601,0.00026566763528707601,0
199,36071,0.9999986819110408,-1.3180898279085013e-06,1.3180898279085013e-06,0.9999986819110408,-1.3180898279085013e-06,1.3180898279085013e-06,0
200,11,0.99999151443173728,-8.4856042653881345e-06,8.4856042653881345e-06,0.99999151443173728,-8.4856042653881345e-06,8.4856042653881345e-06,0
201,9939,0.99996651517492197,-3.3485385707324216e-05,3.3485385707324216e-05,0.99996651517492197,-3.3485385707324216e-05,3.3485385707324216e-05,0
202,1800,0.99999933644156158,-6.635586585778329e-07,6.635586585778329e-07,0.99999933644156158,-6.635586585778329e-07,6.635586585778329e-07,0
203,64,0.99999992060906806,-7.9390935116459951e-08,7.9390935116459951e-08,0.99999992060906806,-7.9390935116459951e-08,7.9390935116459951e-08,0
204,11,0.99999795558970417,-2.0444123856758842e-06,2.0444123856758842e-06,0.99999795558970417,-2.0444123856758842e-06,2.0444123856758842e-06,0
205,61894,0.99999775096132293,-2.2490412061522997e-06,2.2490412061522997e-06,0.99999775096132293,-2.2490412061522997e-06,2.2490412061522997e-06,0
206,309,0.99999996061613561,-3.938386517071866e-08,3.938386517071866e-08,0.99999996061613561,-3.938386517071866e-08,3.938386517071866e-08,0
207,44486,0.99997658571444992,-2.3414559668704491e-05,2.3414559668704491e-05,0.99997658571444992,-2.3414559668704491e-05,2.3414559668704491e-05,0
208,11,0.99998814968446337,-1.1850385752199989e-05,1.1850385752199989e-05,0.99998814968446337,-1.1850385752199989e-05,1.1850385752199989e-05,0
209,8560,0.9999992268087029,-7.7319159604114057e-07,7.7319159604114057e-07,0.9999992268087029,-7.7319159604114057e-07,7.7319159604114057e-07,0
210,349,0.99999971317324843,-2.868267927048178e-07,2.868267927048178e-07,0.99999971317324843,-2.868267927048178e-07,2.868267927048178e-07,0
211,11,0.99998813502207518,-1.1865048314248775e-05,1.1865048314248775e-05,0.99998813502207518,-1.1865048314248775e-05,1.1865048314248775e-05,0
212,12925,0.99999357276611467,-6.4272545401087397e-06,6.4272545401087397e-06,0.99999357276611467,-6.4272545401087397e-06,6.4272545401087397e-06,0
213,78,0.99999983245677038,-1.6754324367658508e-07,1.6754324367658508e-07,0.99999983245677038,-1.6754324367658508e-07,1.6754324367658508e-07,0
214,11,0.99998497486868254,-1.5025244195879706e-05,1.5025244195879706e-05,0.99998497486868254,-1.5025244195879706e-05,1.5025244195879706e-05,0
215,34606,0.99998780889302163,-1.2191181290502898e-05,1.2191181290502898e-05,0.99998780889302163,-1.2191181290502898e-05,1.2191181290502898e-05,0
216,582,0.99999801283346934,-1.9871685050798356e-06,1.9871685050798356e-06,0.99999801283346934,-1.9871685050798356e-06,1.9871685050798356e-06,0
217,276,0.99999992373769042,-7.6262312443657083e-08,7.6262312443657083e-08,0.99999992373769042,-7.6262312443657083e-08,7.6262312443657083e-08,0
218,11,0.99999794416181109,-2.0558403021748871e-06,2.0558403021748871e-06,0.99999794416181109,-2.0558403021748871e-06,2.0558403021748871e-06,0
219,5896,0.99999525953288482,-4.7404783512329541e-06,4.7404783512329541e-06,0.99999525953288482,-4.7404783512329541e-06,4.7404783512329541e-06,0
220,12299,0.99999046495140809,-9.5350940508103316e-06,9.5350940508103316e-06,0.99999046495140809,-9.5350940508103316e-06,9.5350940508103316e-06,0
221,11,0.99999519446886909,-4.8055426774689578e-06,4.8055426774689578e-06,0.99999519446886909,-4.8055426774689578e-06,4.8055426774689578e-06,0
222,42215,0.99995149518172255,-4.85059946741548e-05,4.85059946741548e-05,0.99995149518172255,-4.85059946741548e-05,4.85059946741548e-05,0
223,66652,0.99999749274429339,-2.5072588497361943e-06,2.5072588497361943e-06,0.99999749274429339,-2.5072588497361943e-06,2.5072588497361943e-06,0
224,11,0.99998361521776657,-1.6384916465420251e-05,1.6384916465420251e-05,0.99998361521776657,-1.6384916465420251e-05,1.6384916465420251e-05,0
225,91274,0.999996169567684,-3.8304396521188506e-06,3.8304396521188506e-06,0.999996169567684,-3.8304396521188506e-06,3.8304396521188506e-06,0
226,278,0.99999715321667915,-2.8467873729343908e-06,2.8467873729343908e-06,0.99999715321667915,-2.8467873729343908e-06,2.8467873729343908e-06,0
227,511,0.9999997876307658,-2.1236925672290902e-07,2.1236925672290902e-07,0.9999997876307658,-2.1236925672290902e-07,2.1236925672290902e-07,0
228,11,0.99999219997504429,-7.8000553760832743e-06,7.8000553760832743e-06,0.99999219997504429,-7.8000553760832743e-06,7.8000553760832743e-06,0
229,5960,0.99999899843403683,-1.0015664646843397e-06,1.0015664646843397e-06,0.99999899843403683,-1.0015664646843397e-06,1.0015664646843397e-06,0
230,96446,0.99986418809037503,-0.00013582113289747547,0.00013582113289747547,0.99986418809037503,-0.00013582113289747547,0.00013582113289747547,0
231,11,0.99999326382838427,-6.7361943037793272e-06,6.7361943037793272e-06,0.99999326382838427,-6.7361943037793272e-06,6.7361943037793272e-06,0
232,5960,0.99999888545181304,-1.1145488080833367e-06,1.1145488080833367e-06,0.99999888545181304,-1.1145488080833367e-06,1.1145488080833367e-06,0
233,46991,0.99999591267506116,-4.0873332919844721e-06,4.0873332919844721e-06,0.99999591267506116,-4.0873332919844721e-06,4.0873332919844721e-06,0
234,11,0.99999758915522108,-2.4108476850656907e-06,2.4108476850656907e-06,0.99999758915522108,-2.4108476850656907e-06,2.4108476850656907e-06,0
235,5960,0.99999812738386384,-1.8726178895564399e-06,1.8726178895564399e-06,0.99999812738386384,-1.8726178895564399e-06,1.8726178895564399e-06,0
236,52836,0.99998412496038869,-1.5875165621052828e-05,1.5875165621052828e-05,0.99998412496038869,-1.5875165621052828e-05,1.5875165621052828e-05,0
237,11,0.99999749097414203,-2.5090290055369936e-06,2.5090290055369936e-06,0.99999749097414203,-2.5090290055369936e-06,2.5090290055369936e-06,0
238,16376,0.99998123228338631,-1.8767892729485071e-05,1.8767892729485071e-05,0.99998123228338631,-1.8767892729485071e-05,1.8767892729485071e-05,0
239,33238,0.99998615616971698,-1.3843926109683137e-05,1.3843926109683137e-05,0.99998615616971698,-1.3843926109683137e-05,1.3843926109683137e-05,0
240,11,0.99999718146028627,-2.8185436858365583e-06,2.8185436858365583e-06,0.99999718146028627,-2.8185436858365583e-06,2.8185436858365583e-06,0
241,16376,0.99996307087110792,-3.6929810789178856e-05,3.6929810789178856e-05,0.99996307087110792,-3.6929810789178856e-05,3.6929810789178856e-05,0
242,21510,0.99999888405286586,-1.1159477568121051e-06,1.1159477568121051e-06,0.99999888405286586,-1.1159477568121051e-06,1.1159477568121051e-06,0
243,11,0.99999350893915528,-6.4910819117827674e-06,6.4910819117827674e-06,0.99999350893915528,-6.4910819117827674e-06,6.4910819117827674e-06,0
244,16376,0.99962949564483228,-0.00037057300886447888,0.00037057300886447888,0.99962949564483228,-0.00037057300886447888,0.00037057300886447888,0
245,55965,0.99995355328678093,-4.6447791901057042e-05,4.6447791901057042e-05,0.99995355328678093,-4.6447791901057042e-05,4.6447791901057042e-05,0
246,11,0.9998663921049471,-0.0001336168213827589,0.0001336168213827589,0.9998663921049471,-0.0001336168213827589,0.0001336168213827589,0
247,323,0.99999422423425088,-5.7757824289013549e-06,5.7757824289013549e-06,0.99999422423425088,-5.7757824289013549e-06,5.7757824289013549e-06,0
248,350,0.99999591422814327,-4.0857802035673624e-06,4.0857802035673624e-06,0.99999591422814327,-4.0857802035673624e-06,4.0857802035673624e-06,0
249,36071,0.99999803671623178,-1.9632856954505294e-06,1.9632856954505294e-06,0.99999803671623178,-1.9632856954505294e-06,1.9632856954505294e-06,0
250,382,0.99980280975380997,-0.00019720969074282402,0.00019720969074282402,0.99980280975380997,-0.00019720969074282402,0.00019720969074282402,0
251,791,0.98914935471418186,-0.010909942872215993,0.010909942872215993,0.98914935471418186,-0.010909942872215993,0.010909942872215993,0
252,15422,0.49099963854009571,-0.71131188735877193,0.71131188735877193,0.49099963854009571,-0.71131188735877193,0.71131188735877193,0
253,315,0.99999986733367174,-1.3266633710873723e-07,1.3266633710873723e-07,0.99999986733367174,-1.3266633710873723e-07,1.3266633710873723e-07,0
254,350,0.9999921361638785,-7.8638670416404064e-06,7.8638670416404064e-06,0.9999921361638785,-7.8638670416404064e-06,7.8638670416404064e-06,0
255,36071,0.99999657369588502,-3.4263099847865382e-06,3.4263099847865382e-06,0.99999657369588502,-3.4263099847865382e-06,3.4263099847865382e-06,0
256,3131,0.99720318796839724,-0.0028007304180717577,0.0028007304180717577,0.99720318796839724,-0.0028007304180717577,0.0028007304180717577,0
257,21989,0.9999895312661774,-1.046878862019554e-05,1.046878862019554e-05,0.9999895312661774,-1.046878862019554e-05,1.046878862019554e-05,0
258,304,0.99922841372885496,-0.0007718840970406956,0.0007718840970406956,0.99922841372885496,-0.0007718840970406956,0.0007718840970406956,0
259,279,0.99999918586608194,-8.1413424945472456e-07,8.1413424945472456e-07,0.99999918586608194,-8.1413424945472456e-07,8.1413424945472456e-07,0
260,53851,0.99996063462190976,-3.9366152927113148e-05,3.9366152927113148e-05,0.99996063462190976,-3.9366152927113148e-05,3.9366152927113148e-05,0
261,315,0.99999984650106022,-1.5349895153687942e-07,1.5349895153687942e-07,0.99999984650106022,-1.5349895153687942e-07,1.5349895153687942e-07,0
262,57664,0.99999956364546227,-4.3635463292561085e-07,4.3635463292561085e-07,0.99999956364546227,-4.3635463292561085e-07,4.3635463292561085e-07,0
263,1603,0.99082211683419086,-0.0092202594176528721,0.0092202594176528721,0.99082211683419086,-0.0092202594176528721,0.0092202594176528721,0
264,433,0.99999866592498521,-1.3340759047105333e-06,1.3340759047105333e-06,0.99999866592498521,-1.3340759047105333e-06,1.3340759047105333e-06,0
265,27851,0.99629430037274669,-0.0037125827418820838,0.0037125827418820838,0.99629430037274669,-0.0037125827418820838,0.0037125827418820838,0
266,6244,0.99999404605312581,-5.9539645989539706e-06,5.9539645989539706e-06,0.99999404605312581,-5.9539645989539706e-06,5.9539645989539706e-06,0
267,264,0.9999976335013735,-2.3665014266361357e-06,2.3665014266361357e-06,0.9999976335013735,-2.3665014266361357e-06,2.3665014266361357e-06,0
268,17271,0.99999400839769992,-5.9916202497947986e-06,5.9916202497947986e-06,0.99999400839769992,-5.9916202497947986e-06,5.9916202497947986e-06,0
269,315,0.99999863803604527,-1.3619648822129131e-06,1.3619648822129131e-06,0.99999863803604527,-1.3619648822129131e-06,1.3619648822129131e-06,0
270,279,0.99999863995213956,-1.3600487853194489e-06,1.3600487853194489e-06,0.99999863995213956,-1.3600487853194489e-06,1.3600487853194489e-06,0
271,36142,0.99999365141753838,-6.3486026139631499e-06,6.3486026139631499e-06,0.99999365141753838,-6.3486026139631499e-06,6.3486026139631499e-06,0
272,31779,0.99991823524910528,-8.1768093814198537e-05,8.1768093814198537e-05,0.99991823524910528,-8.1768093814198537e-05,8.1768093814198537e-05,0
273,391,0.99999126742579492,-8.7326123342686112e-06,8.7326123342686112e-06,0.99999126742579492,-8.7326123342686112e-06,8.7326123342686112e-06,0
274,1494,0.99999992596172038,-7.4038282317530598e-08,7.4038282317530598e-08,0.99999992596172038,-7.4038282317530598e-08,7.4038282317530598e-08,0
275,275,0.99999958649242471,-4.1350766077205712e-07,4.1350766077205712e-07,0.99999958649242471,-4.1350766077205712e-07,4.1350766077205712e-07,0
276,21080,0.99999670420271436,-3.2958027167879769e-06,3.2958027167879769e-06,0.99999670420271436,-3.2958027167879769e-06,3.2958027167879769e-06,0
277,13,0.9996480112761793,-0.00035205068639205438,0.00035205068639205438,0.9996480112761793,-0.00035205068639205438,0.00035205068639205438,0
278,12220,0.99878366679795427,-0.0012170735356640051,0.0012170735356640051,0.99878366679795427,-0.0012170735356640051,0.0012170735356640051,0
279,279,0.99999846435035422,-1.5356508248909646e-06,1.5356508248909646e-06,0.99999846435035422,-1.5356508248909646e-06,1.5356508248909646e-06,0
280,3320,0.99993193480229992,-6.8067514240775759e-05,6.8067514240775759e-05,0.99993193480229992,-6.8067514240775759e-05,6.8067514240775759e-05,0
281,96323,0.99986510876485823,-0.00013490033378270709,0.00013490033378270709,0.99986510876485823,-0.00013490033378270709,0.00013490033378270709,0
282,30215,0.99995714476009978,-4.2856158212228296e-05,4.2856158212228296e-05,0.99995714476009978,-4.2856158212228296e-05,4.2856158212228296e-05,0
283,315,0.99998555821115032,-1.4441893133317049e-05,1.4441893133317049e-05,0.99998555821115032,-1.4441893133317049e-05,1.4441893133317049e-05,0
284,279,0.99999942405065245,-5.7594951342336422e-07,5.7594951342336422e-07,0.99999942405065245,-5.7594951342336422e-07,5.7594951342336422e-07,0
285,26363,0.99999773806957659,-2.2619329815878383e-06,2.2619329815878383e-06,0.99999773806957659,-2.2619329815878383e-06,2.2619329815878383e-06,0
286,11,0.99999084971296204,-9.1503289020436827e-06,9.1503289020436827e-06,0.99999084971296204,-9.1503289020436827e-06,9.1503289020436827e-06,0
287,76086,0.99997967663186771,-2.0323574654755854e-05,2.0323574654755854e-05,0.99997967663186771,-2.0323574654755854e-05,2.0323574654755854e-05,0
288,426,0.99999359749427907,-6.4025262170319702e-06,6.4025262170319702e-06,0.99999359749427907,-6.4025262170319702e-06,6.4025262170319702e-06,0
289,23427,0.99999986547415276,-1.3452585628764014e-07,1.3452585628764014e-07,0.99999986547415276,-1.3452585628764014e-07,1.3452585628764014e-07,0
290,19870,0.99999940585992686,-5.941402496897501e-07,5.941402496897501e-07,0.99999940585992686,-5.941402496897501e-07,5.941402496897501e-07,0
291,315,0.99999599475852352,-4.0052494975131661e-06,4.0052494975131661e-06,0.99999599475852352,-4.0052494975131661e-06,4.0052494975131661e-06,0
292,3320,0.99999344744849961,-6.5525729684509095e-06,6.5525729684509095e-06,0.99999344744849961,-6.5525729684509095e-06,6.5525729684509095e-06,0
293,96323,0.99999908951758976,-9.1048282475741565e-07,9.1048282475741565e-07,0.99999908951758976,-9.1048282475741565e-07,9.1048282475741565e-07,0
294,17439,0.99998549608590537,-1.4504019277449253e-05,1.4504019277449253e-05,0.99998549608590537,-1.4504019277449253e-05,1.4504019277449253e-05,0
295,24082,0.99988650790657307,-0.00011349853414192343,0.00011349853414192343,0.99988650790657307,-0.00011349853414192343,0.00011349853414192343,0
296,664,0.99999840083839642,-1.5991628822087154e-06,1.5991628822087154e-06,0.99999840083839642,-1.5991628822087154e-06,1.5991628822087154e-06,0
297,647,0.99999998146636326,-1.8533636897747664e-08,1.8533636897747664e-08,0.99999998146636326,-1.8533636897747664e-08,1.8533636897747664e-08,0
298,320,0.97274077770574807,-0.027637647804154983,0.027637647804154983,0.97274077770574807,-0.027637647804154983,0.027637647804154983,0
299,64,0.99980241242900902,-0.00019760709398678562,0.00019760709398678562,0.99980241242900902,-0.00019760709398678562,0.00019760709398678562,0
300,14458,0.99999923034618199,-7.6965411424250882e-07,7.6965411424250882e-07,0.99999923034618199,-7.6965411424250882e-07,7.6965411424250882e-07,0
301,304,0.99999987717365735,-1.228263502081369e-07,1.228263502081369e-07,0.99999987717365735,-1.228263502081369e-07,1.228263502081369e-07,0
302,6617,0.99999488430521433,-5.1157078709277992e-06,5.1157078709277992e-06,0.99999488430521433,-5.1157078709277992e-06,5.1157078709277992e-06,0
303,11477,0.99974546057252833,-0.00025457182813001333,0.00025457182813001333,0.99974546057252833,-0.00025457182813001333,0.00025457182813001333,0
304,57664,0.99999704483589102,-2.95516847547499e-06,2.95516847547499e-06,0.99999704483589102,-2.95516847547499e-06,2.95516847547499e-06,0
305,8,0.99998913828699321,-1.0861771995606132e-05,1.0861771995606132e-05,0.99998913828699321,-1.0861771995606132e-05,1.0861771995606132e-05,0
306,323,0.99999526505010583,-4.7349611040672975e-06,4.7349611040672975e-06,0.99999526505010583,-4.7349611040672975e-06,4.7349611040672975e-06,0
307,28379,0.99995563582623481,-4.4365157884232787e-05,4.4365157884232787e-05,0.99995563582623481,-4.4365157884232787e-05,4.4365157884232787e-05,0
308,433,0.99999922693024434,-7.7307005446948724e-07,7.7307005446948724e-07,0.99999922693024434,-7.7307005446948724e-07,7.7307005446948724e-07,0
309,3297,0.99999361378527962,-6.3862351123774263e-06,6.3862351123774263e-06,0.99999361378527962,-6.3862351123774263e-06,6.3862351123774263e-06,0
310,8551,0.9854188633646791,-0.014688486205203029,0.014688486205203029,0.9854188633646791,-0.014688486205203029,0.014688486205203029,0
311,6496,0.9998643691629393,-0.00013564003575439128,0.00013564003575439128,0.9998643691629393,-0.00013564003575439128,0.00013564003575439128,0
312,11,0.99982877887693489,-0.00017123578307507147,0.00017123578307507147,0.99982877887693489,-0.00017123578307507147,0.00017123578307507147,0
313,264,0.99991465406314795,-8.5349579023740005e-05,8.5349579023740005e-05,0.99991465406314795,-8.5349579023740005e-05,8.5349579023740005e-05,0
314,12633,0.99994421126748712,-5.5790288762106314e-05,5.5790288762106314e-05,0.99994421126748712,-5.5790288762106314e-05,5.5790288762106314e-05,0
315,32051,0.99999966309516108,-3.3690489562801831e-07,3.3690489562801831e-07,0.99999966309516108,-3.3690489562801831e-07,3.3690489562801831e-07,0
316,4751,0.99999810340535089,-1.8965964476913825e-06,1.8965964476913825e-06,0.99999810340535089,-1.8965964476913825e-06,1.8965964476913825e-06,0
317,22797,0.99998747771168905,-1.2522366715460488e-05,1.2522366715460488e-05,0.99998747771168905,-1.2522366715460488e-05,1.2522366715460488e-05,0
318,311,0.99999962153189981,-3.7846817179250177e-07,3.7846817179250177e-07,0.99999962153189981,-3.7846817179250177e-07,3.7846817179250177e-07,0
319,279,0.9999996098574605,-3.9014261560292137e-07,3.9014261560292137e-07,0.9999996098574605,-3.9014261560292137e-07,3.9014261560292137e-07,0
320,9546,0.99999930499475032,-6.9500549122624274e-07,6.9500549122624274e-07,0.99999930499475032,-6.9500549122624274e-07,6.9500549122624274e-07,0
321,315,0.99999974668583946,-2.5331419262338104e-07,2.5331419262338104e-07,0.99999974668583946,-2.5331419262338104e-07,2.5331419262338104e-07,0
322,279,0.9999992684609631,-7.315393044548179e-07,7.315393044548179e-07,0.9999992684609631,-7.315393044548179e-07,7.315393044548179e-07,0
323,452,0.99997684511880847,-2.3155149269889307e-05,2.3155149269889307e-05,0.99997684511880847,-2.3155149269889307e-05,2.3155149269889307e-05,0
324,10746,0.99999630663001604,-3.6933768044119238e-06,3.6933768044119238e-06,0.99999630663001604,-3.6933768044119238e-06,3.6933768044119238e-06,0
325,14362,0.999996330514064,-3.6694926686300594e-06,3.6694926686300594e-06,0.999996330514064,-3.6694926686300594e-06,3.6694926686300594e-06,0
326,392,0.99999942107293471,-5.7892723288465558e-07,5.7892723288465558e-07,0.99999942107293471,-5.7892723288465558e-07,5.7892723288465558e-07,0
327,382,0.86293202254698831,-0.14741935977634829,0.14741935977634829,0.86293202254698831,-0.14741935977634829,0.14741935977634829,0
328,644,0.62058711043222992,-0.47708929670944128,0.47708929670944128,0.62058711043222992,-0.47708929670944128,0.47708929670944128,0
329,220,0.99887868786685086,-0.0011219412739519048,0.0011219412739519048,0.99887868786685086,-0.0011219412739519048,0.0011219412739519048,0
330,10895,0.99999065738765192,-9.3426559905171163e-06,9.3426559905171163e-06,0.99999065738765192,-9.3426559905171163e-06,9.3426559905171163e-06,0
331,16,0.99999913025589837,-8.6974447990622964e-07,8.6974447990622964e-07,0.99999913025589837,-8.6974447990622964e-07,8.6974447990622964e-07,0
332,11,0.99963416217733969,-0.00036590475764195402,0.00036590475764195402,0.99963416217733969,-0.00036590475764195402,0.00036590475764195402,0
333,15506,0.99936187145619948,-0.00063833223447822462,0.00063833223447822462,0.99936187145619948,-0.00063833223447822462,0.00063833223447822462,0
334,1221,0.65584982143202897,-0.42182344699054908,0.42182344699054908,0.65584982143202897,-0.42182344699054908,0.42182344699054908,0
335,56409,0.99998708905045353,-1.2911032893499303e-05,1.2911032893499303e-05,0.99998708905045353,-1.2911032893499303e-05,1.2911032893499303e-05,0
336,67987,0.99997506756918875,-2.4932741629494332e-05,2.4932741629494332e-05,0.99997506756918875,-2.4932741629494332e-05,2.4932741629494332e-05,0
337,11721,0.99998913452360216,-1.0865535427587968e-05,1.0865535427587968e-05,0.99998913452360216,-1.0865535427587968e-05,1.0865535427587968e-05,0
338,505,0.9999381832446117,-6.1818666122707622e-05,6.1818666122707622e-05,0.9999381832446117,-6.1818666122707622e-05,6.1818666122707622e-05,0
339,12550,0.99999580972559199,-4.1902831872726849e-06,4.1902831872726849e-06,0.99999580972559199,-4.1902831872726849e-06,4.1902831872726849e-06,0
340,11,0.62536716480100873,-0.46941633805335936,0.46941633805335936,0.62536716480100873,-0.46941633805335936,0.46941633805335936,0
341,505,0.98538581602821007,-0.014722023101900693,0.014722023101900693,0.98538581602821007,-0.014722023101900693,0.014722023101900693,0
342,4028,0.99999754445360856,-2.4555494063127655e-06,2.4555494063127655e-06,0.99999754445360856,-2.4555494063127655e-06,2.4555494063127655e-06,0
343,279,0.99999975189834833,-2.4810168239668445e-07,2.4810168239668445e-07,0.99999975189834833,-2.4810168239668445e-07,2.4810168239668445e-07,0
344,16867,0.99999884665299688,-1.1533476681769447e-06,1.1533476681769447e-06,0.99999884665299688,-1.1533476681769447e-06,1.1533476681769447e-06,0
345,11,0.99997975520156057,-2.0245003368110471e-05,2.0245003368110471e-05,0.99997975520156057,-2.0245003368110471e-05,2.0245003368110471e-05,0
346,323,0.99999801884825013,-1.9811537123598238e-06,1.9811537123598238e-06,0.99999801884825013,-1.9811537123598238e-06,1.9811537123598238e-06,0
347,18538,0.99997669042961013,-2.3309842062093336e-05,2.3309842062093336e-05,0.99997669042961013,-2.3309842062093336e-05,2.3309842062093336e-05,0
348,3118,0.99983426231610828,-0.00016575141989935271,0.00016575141989935271,0.99983426231610828,-0.00016575141989935271,0.00016575141989935271,0
349,11477,0.99999906138636019,-9.3861408027515054e-07,9.3861408027515054e-07,0.99999906138636019,-9.3861408027515054e-07,9.3861408027515054e-07,0
350,57664,0.99999945633292575,-5.4366722200300642e-07,5.4366722200300642e-07,0.99999945633292575,-5.4366722200300642e-07,5.4366722200300642e-07,0
351,304,0.99997176184928604,-2.8238549418054495e-05,2.8238549418054495e-05,0.99997176184928604,-2.8238549418054495e-05,2.8238549418054495e-05,0
352,1148,0.99999896023402557,-1.0397665150087972e-06,1.0397665150087972e-06,0.99999896023402557,-1.0397665150087972e-06,1.0397665150087972e-06,0
353,3432,0.99944752830855976,-0.00055262436015785714,0.00055262436015785714,0.99944752830855976,-0.00055262436015785714,0.00055262436015785714,0
354,374,0.99999971000246657,-2.8999757542597845e-07,2.8999757542597845e-07,0.99999971000246657,-2.8999757542597845e-07,2.8999757542597845e-07,0
355,61894,0.99997264337643332,-2.7356997765938617e-05,2.7356997765938617e-05,0.99997264337643332,-2.7356997765938617e-05,2.7356997765938617e-05,0
356,309,0.99999999285575591,-7.1442440596908595e-09,7.1442440596908595e-09,0.99999999285575591,-7.1442440596908595e-09,7.1442440596908595e-09,0
357,44486,0.99998400245132746,-1.5997676634644469e-05,1.5997676634644469e-05,0.99998400245132746,-1.5997676634644469e-05,1.5997676634644469e-05,0
358,13,0.99989908084827328,-0.00010092424440699957,0.00010092424440699957,0.99989908084827328,-0.00010092424440699957,0.00010092424440699957,0
359,15506,0.99913353757755952,-0.0008668380179804962,0.0008668380179804962,0.99913353757755952,-0.0008668380179804962,0.0008668380179804962,0
360,86316,0.99998622019291217,-1.3779902030209217e-05,1.3779902030209217e-05,0.99998622019291217,-1.3779902030209217e-05,1.3779902030209217e-05,0
361,5246,0.99999447006891351,-5.5299463766242115e-06,5.5299463766242115e-06,0.99999447006891351,-5.5299463766242115e-06,5.5299463766242115e-06,0
362,9052,0.99998067029584847,-1.9329890972651733e-05,1.9329890972651733e-05,0.99998067029584847,-1.9329890972651733e-05,1.9329890972651733e-05,0
363,1534,0.99999965608172336,-3.4391833573399234e-07,3.4391833573399234e-07,0.99999965608172336,-3.4391833573399234e-07,3.4391833573399234e-07,0
364,279,0.99999801413405354,-1.985867918249534e-06,1.985867918249534e-06,0.99999801413405354,-1.985867918249534e-06,1.985867918249534e-06,0
365,3363,0.99999486958377648,-5.1304293841231017e-06,5.1304293841231017e-06,0.99999486958377648,-5.1304293841231017e-06,5.1304293841231017e-06,0
366,323,0.99592065118281192,-0.0040876920582982876,0.0040876920582982876,0.99592065118281192,-0.0040876920582982876,0.0040876920582982876,0
367,32762,0.99999071983091559,-9.2802121454430863e-06,9.2802121454430863e-06,0.99999071983091559,-9.2802121454430863e-06,9.2802121454430863e-06,0
368,350,0.99999409771480086,-5.9023026176549656e-06,5.9023026176549656e-06,0.99999409771480086,-5.9023026176549656e-06,5.9023026176549656e-06,0
369,36071,0.99999831017086094,-1.6898305667912696e-06,1.6898305667912696e-06,0.99999831017086094,-1.6898305667912696e-06,1.6898305667912696e-06,0
370,1234,0.99999895624306501,-1.0437574797398605e-06,1.0437574797398605e-06,0.99999895624306501,-1.0437574797398605e-06,1.0437574797398605e-06,0
371,57664,0.99999914060170636,-8.5939866287723168e-07,8.5939866287723168e-07,0.99999914060170636,-8.5939866287723168e-07,8.5939866287723168e-07,0
372,323,0.99397170842724325,-0.0060465350774610181,0.0060465350774610181,0.99397170842724325,-0.0060465350774610181,0.0060465350774610181,0
373,1243,0.99998630062495053,-1.3699468886747961e-05,1.3699468886747961e-05,0.99998630062495053,-1.3699468886747961e-05,1.3699468886747961e-05,0
374,5918,0.99998909675813419,-1.0903301306621325e-05,1.0903301306621325e-05,0.99998909675813419,-1.0903301306621325e-05,1.0903301306621325e-05,0
375,1063,0.99999723433454057,-2.7656692838401789e-06,2.7656692838401789e-06,0.99999723433454057,-2.7656692838401789e-06,2.7656692838401789e-06,0
376,315,0.99999940749037597,-5.9250979954967781e-07,5.9250979954967781e-07,0.99999940749037597,-5.9250979954967781e-07,5.9250979954967781e-07,0
377,279,0.99999953445220324,-4.6554790510553999e-07,4.6554790510553999e-07,0.99999953445220324,-4.6554790510553999e-07,4.6554790510553999e-07,0
378,24417,0.99999961874781362,-3.8125225902817712e-07,3.8125225902817712e-07,0.99999961874781362,-3.8125225902817712e-07,3.8125225902817712e-07,0
379,31012,0.99998502061060723,-1.4979501584982435e-05,1.4979501584982435e-05,0.99998502061060723,-1.4979501584982435e-05,1.4979501584982435e-05,0
380,304,0.99999933643367167,-6.635665484835443e-07,6.635665484835443e-07,0.99999933643367167,-6.635665484835443e-07,6.635665484835443e-07,0
381,279,0.9999989143173168,-1.085683272569017e-06,1.085683272569017e-06,0.9999989143173168,-1.085683272569017e-06,1.085683272569017e-06,0
382,3224,0.99999503019784763,-4.9698145018379225e-06,4.9698145018379225e-06,0.99999503019784763,-4.9698145018379225e-06,4.9698145018379225e-06,0
383,11,0.9998136304445997,-0.00018638692436397772,0.00018638692436397772,0.9998136304445997,-0.00018638692436397772,0.00018638692436397772,0
384,2737,0.99999307920078795,-6.9208231608962219e-06,6.9208231608962219e-06,0.99999307920078795,-6.9208231608962219e-06,6.9208231608962219e-06,0
385,5960,0.9999632532004803,-3.6747474699907027e-05,3.6747474699907027e-05,0.9999632532004803,-3.6747474699907027e-05,3.6747474699907027e-05,0
386,4701,0.99998413974221789,-1.5860383557338804e-05,1.5860383557338804e-05,0.99998413974221789,-1.5860383557338804e-05,1.5860383557338804e-05,0
387,45335,0.99999820927355854,-1.790728044766792e-06,1.790728044766792e-06,0.99999820927355854,-1.790728044766792e-06,1.790728044766792e-06,0
388,9441,0.99998751980421008,-1.2480273668166739e-05,1.2480273668166739e-05,0.99998751980421008,-1.2480273668166739e-05,1.2480273668166739e-05,0
389,382,0.90324226443803812,-0.1017644731338353,0.1017644731338353,0.90324226443803812,-0.1017644731338353,0.1017644731338353,0
390,1692,0.99758981044650807,-0.0024130987357276804,0.0024130987357276804,0.99758981044650807,-0.0024130987357276804,0.0024130987357276804,0
391,10746,0.99993734678737944,-6.2655175415068663e-05,6.2655175415068663e-05,0.99993734678737944,-6.2655175415068663e-05,6.2655175415068663e-05,0
392,6244,0.99934540381778347,-0.00065481052384068331,0.00065481052384068331,0.99934540381778347,-0.00065481052384068331,0.00065481052384068331,0
393,279,0.9999629987098424,-3.7001974722220655e-05,3.7001974722220655e-05,0.9999629987098424,-3.7001974722220655e-05,3.7001974722220655e-05,0
394,4219,0.99999694628579405,-3.0537188685503075e-06,3.0537188685503075e-06,0.99999694628579405,-3.0537188685503075e-06,3.0537188685503075e-06,0
395,315,0.99999949174171865,-5.0825841053649625e-07,5.0825841053649625e-07,0.99999949174171865,-5.0825841053649625e-07,5.0825841053649625e-07,0
396,15506,0.99999776012474939,-2.2398777591789897e-06,2.2398777591789897e-06,0.99999776012474939,-2.2398777591789897e-06,2.2398777591789897e-06,0
397,5820,0.99999382238272772,-6.1776363537895033e-06,6.1776363537895033e-06,0.99999382238272772,-6.1776363537895033e-06,6.1776363537895033e-06,0
398,304,0.99999961418071204,-3.8581936241504896e-07,3.8581936241504896e-07,0.99999961418071204,-3.8581936241504896e-07,3.8581936241504896e-07,0
399,279,0.99999948621851464,-5.1378161738142812e-07,5.1378161738142812e-07,0.99999948621851464,-5.1378161738142812e-07,5.1378161738142812e-07,0
400,13759,0.99999610728632471,-3.892721251964708e-06,3.892721251964708e-06,0.99999610728632471,-3.892721251964708e-06,3.892721251964708e-06,0
401,6460,0.99999604996555758,-3.9500422438489078e-06,3.9500422438489078e-06,0.99999604996555758,-3.9500422438489078e-06,3.9500422438489078e-06,0
402,323,0.99992451056478548,-7.5492284685376945e-05,7.5492284685376945e-05,0.99992451056478548,-7.5492284685376945e-05,7.5492284685376945e-05,0
403,832,0.99999473137878581,-5.2686350933738608e-06,5.2686350933738608e-06,0.99999473137878581,-5.2686350933738608e-06,5.2686350933738608e-06,0
404,842,0.99999658225649413,-3.4177493463510964e-06,3.4177493463510964e-06,0.99999658225649413,-3.4177493463510964e-06,3.4177493463510964e-06,0
405,315,0.99999946307035292,-5.3692979125506022e-07,5.3692979125506022e-07,0.99999946307035292,-5.3692979125506022e-07,5.3692979125506022e-07,0
406,279,0.99999954226409493,-4.5773600980630966e-07,4.5773600980630966e-07,0.99999954226409493,-4.5773600980630966e-07,4.5773600980630966e-07,0
407,57664,0.99999919877056365,-8.0122975729982838e-07,8.0122975729982838e-07,0.99999919877056365,-8.0122975729982838e-07,8.0122975729982838e-07,0
408,6830,0.99863253113064465,-0.0013684047081606338,0.0013684047081606338,0.99863253113064465,-0.0013684047081606338,0.0013684047081606338,0
409,11600,0.99991415280436435,-8.5850880717081281e-05,8.5850880717081281e-05,0.99991415280436435,-8.5850880717081281e-05,8.5850880717081281e-05,0
410,360,0.99999977941723883,-2.2058278546725974e-07,2.2058278546725974e-07,0.99999977941723883,-2.2058278546725974e-07,2.2058278546725974e-07,0
411,1030,0.99999942395958585,-5.7604058008063902e-07,5.7604058008063902e-07,0.99999942395958585,-5.7604058008063902e-07,5.7604058008063902e-07,0
412,480,0.9999677804949848,-3.2220024074561199e-05,3.2220024074561199e-05,0.9999677804949848,-3.2220024074561199e-05,3.2220024074561199e-05,0
413,5164,0.99999908403129723,-9.1596912227057822e-07,9.1596912227057822e-07,0.99999908403129723,-9.1596912227057822e-07,9.1596912227057822e-07,0
414,263,0.99999969737157512,-3.0262847067667235e-07,3.0262847067667235e-07,0.99999969737157512,-3.0262847067667235e-07,3.0262847067667235e-07,0
415,6696,0.99999737061849625,-2.6293849606054268e-06,2.6293849606054268e-06,0.99999737061849625,-2.6293849606054268e-06,2.6293849606054268e-06,0
416,6149,0.99999920609553128,-7.939047838521987e-07,7.939047838521987e-07,0.99999920609553128,-7.939047838521987e-07,7.939047838521987e-07,0
417,11,0.99999579141668793,-4.208592168210504e-06,4.208592168210504e-06,0.99999579141668793,-4.208592168210504e-06,4.208592168210504e-06,0
418,31799,0.99997657731977252,-2.342295454274333e-05,2.342295454274333e-05,0.99997657731977252,-2.342295454274333e-05,2.342295454274333e-05,0
419,15506,0.99998891016927438,-1.1089892218269774e-05,1.1089892218269774e-05,0.99998891016927438,-1.1089892218269774e-05,1.1089892218269774e-05,0
420,5270,0.99999655424775435,-3.4457581822940651e-06,3.4457581822940651e-06,0.99999655424775435,-3.4457581822940651e-06,3.4457581822940651e-06,0
421,449,0.9999987740579771,-1.2259427743384775e-06,1.2259427743384775e-06,0.9999987740579771,-1.2259427743384775e-06,1.2259427743384775e-06,0
422,13936,0.99998527494628042,-1.4725162134287955e-05,1.4725162134287955e-05,0.99998527494628042,-1.4725162134287955e-05,1.4725162134287955e-05,0
423,11,0.99897120890971436,-0.0010293206590809381,0.0010293206590809381,0.99897120890971436,-0.0010293206590809381,0.0010293206590809381,0
424,832,0.99999617389502848,-3.8261122911178218e-06,3.8261122911178218e-06,0.99999617389502848,-3.8261122911178218e-06,3.8261122911178218e-06,0
425,315,0.99999864641464542,-1.3535862706826042e-06,1.3535862706826042e-06,0.99999864641464542,-1.3535862706826042e-06,1.3535862706826042e-06,0
426,279,0.99999987480943375,-1.2519057406473988e-07,1.2519057406473988e-07,0.99999987480943375,-1.2519057406473988e-07,1.2519057406473988e-07,0
427,30758,0.99999942476908421,-5.7523108119018007e-07,5.7523108119018007e-07,0.99999942476908421,-5.7523108119018007e-07,5.7523108119018007e-07,0
428,10507,0.9999905375067174,-9.4625380522406234e-06,9.4625380522406234e-06,0.9999905375067174,-9.4625380522406234e-06,9.4625380522406234e-06,0
429,315,0.9999995536877353,-4.4631236427800874e-07,4.4631236427800874e-07,0.9999995536877353,-4.4631236427800874e-07,4.4631236427800874e-07,0
430,81069,0.99996832964942806,-3.1670852088084417e-05,3.1670852088084417e-05,0.99996832964942806,-3.1670852088084417e-05,3.1670852088084417e-05,0
431,13,0.99968394857751508,-0.00031610137726154671,0.00031610137726154671,0.99968394857751508,-0.00031610137726154671,0.00031610137726154671,0
432,24586,0.99742231699893136,-0.0025810109460506496,0.0025810109460506496,0.99742231699893136,-0.0025810109460506496,0.0025810109460506496,0
433,311,0.99999987318182038,-1.2681818768115108e-07,1.2681818768115108e-07,0.99999987318182038,-1.2681818768115108e-07,1.2681818768115108e-07,0
434,279,0.94163528953266074,-0.060137245475129122,0.060137245475129122,0.94163528953266074,-0.060137245475129122,0.060137245475129122,0
435,8792,0.99998247083242187,-1.7529321215777949e-05,1.7529321215777949e-05,0.99998247083242187,-1.7529321215777949e-05,1.7529321215777949e-05,0
436,3813,0.99999436104954387,-5.638966355029706e-06,5.638966355029706e-06,0.99999436104954387,-5.638966355029706e-06,5.638966355029706e-06,0
437,304,0.99999239738781565,-7.6026410843032812e-06,7.6026410843032812e-06,0.99999239738781565,-7.6026410843032812e-06,7.6026410843032812e-06,0
438,279,0.99999659605191038,-3.4039538831157721e-06,3.4039538831157721e-06,0.99999659605191038,-3.4039538831157721e-06,3.4039538831157721e-06,0
439,16867,0.99999747727432797,-2.522728854075603e-06,2.522728854075603e-06,0.99999747727432797,-2.522728854075603e-06,2.522728854075603e-06,0
440,9581,0.99980826818325541,-0.00019175019963915229,0.00019175019963915229,0.99980826818325541,-0.00019175019963915229,0.00019175019963915229,0
441,6696,0.9999879252975995,-1.2074775300256719e-05,1.2074775300256719e-05,0.9999879252975995,-1.2074775300256719e-05,1.2074775300256719e-05,0
442,11543,0.99999857881462662,-1.4211863832166391e-06,1.4211863832166391e-06,0.99999857881462662,-1.4211863832166391e-06,1.4211863832166391e-06,0
443,11,0.99999915536102701,-8.4463932970689513e-07,8.4463932970689513e-07,0.99999915536102701,-8.4463932970689513e-07,8.4463932970689513e-07,0
444,57664,0.99999785164050503,-2.1483618026572313e-06,2.1483618026572313e-06,0.99999785164050503,-2.1483618026572313e-06,2.1483618026572313e-06,0
445,4036,0.99999372776733564,-6.2722523349427741e-06,6.2722523349427741e-06,0.99999372776733564,-6.2722523349427741e-06,6.2722523349427741e-06,0
446,279,0.99999913816848562,-8.6183188573801853e-07,8.6183188573801853e-07,0.99999913816848562,-8.6183188573801853e-07,8.6183188573801853e-07,0
447,1647,0.99998216930986761,-1.7830849101087944e-05,1.7830849101087944e-05,0.99998216930986761,-1.7830849101087944e-05,1.7830849101087944e-05,0
448,25840,0.99998710812331315,-1.2891959787785636e-05,1.2891959787785636e-05,0.99998710812331315,-1.2891959787785636e-05,1.2891959787785636e-05,0
449,315,0.99985263491891718,-0.00014737594038324525,0.00014737594038324525,0.99985263491891718,-0.00014737594038324525,0.00014737594038324525,0
450,279,0.99999243969406104,-7.5603345181685413e-06,7.5603345181685413e-06,0.99999243969406104,-7.5603345181685413e-06,7.5603345181685413e-06,0
451,330,0.99839394582715635,-0.0016073452604028992,0.0016073452604028992,0.99839394582715635,-0.0016073452604028992,0.0016073452604028992,0
452,92140,0.99966949905980651,-0.00033055556766588284,0.00033055556766588284,0.99966949905980651,-0.00033055556766588284,0.00033055556766588284,0
453,75,0.9999999001774893,-9.9822515711581071e-08,9.9822515711581071e-08,0.9999999001774893,-9.9822515711581071e-08,9.9822515711581071e-08,0
454,315,0.99999987243936872,-1.2756063946447454e-07,1.2756063946447454e-07,0.99999987243936872,-1.2756063946447454e-07,1.2756063946447454e-07,0
455,279,0.99999742900877142,-2.5709945336152996e-06,2.5709945336152996e-06,0.99999742900877142,-2.5709945336152996e-06,2.5709945336152996e-06,0
456,62574,0.99998334462381211,-1.6655514890241628e-05,1.6655514890241628e-05,0.99998334462381211,-1.6655514890241628e-05,1.6655514890241628e-05,0
457,2266,0.72924178603474099,-0.31574993387711553,0.31574993387711553,0.72924178603474099,-0.31574993387711553,0.31574993387711553,0
458,62897,0.95636908257458741,-0.044611370797753271,0.044611370797753271,0.95636908257458741,-0.044611370797753271,0.044611370797753271,0
459,6037,0.9999929521684856,-7.0478563504635262e-06,7.0478563504635262e-06,0.9999929521684856,-7.0478563504635262e-06,7.0478563504635262e-06,0
460,315,0.99999917730256338,-8.2269777499593875e-07,8.2269777499593875e-07,0.99999917730256338,-8.2269777499593875e-07,8.2269777499593875e-07,0
461,57664,0.99999953445160727,-4.6554850107298216e-07,4.6554850107298216e-07,0.99999953445160727,-4.6554850107298216e-07,4.6554850107298216e-07,0
462,323,0.99999614820209315,-3.8518053249935743e-06,3.8518053249935743e-06,0.99999614820209315,-3.8518053249935743e-06,3.8518053249935743e-06,0
463,279,0.99999975463060542,-2.4536942465131636e-07,2.4536942465131636e-07,0.99999975463060542,-2.4536942465131636e-07,2.4536942465131636e-07,0
464,4553,0.99999926088627389,-7.3911399930739335e-07,7.3911399930739335e-07,0.99999926088627389,-7.3911399930739335e-07,7.3911399930739335e-07,0
465,57281,0.99998587126739813,-1.4128832413320427e-05,1.4128832413320427e-05,0.99998587126739813,-1.4128832413320427e-05,1.4128832413320427e-05,0
466,5438,0.99999808572937043,-1.9142724617474786e-06,1.9142724617474786e-06,0.99999808572937043,-1.9142724617474786e-06,1.9142724617474786e-06,0
467,82179,0.99999994213074062,-5.7869261040689889e-08,5.7869261040689889e-08,0.99999994213074062,-5.7869261040689889e-08,5.7869261040689889e-08,0
468,6438,0.99999984699935662,-1.5300065509808205e-07,1.5300065509808205e-07,0.99999984699935662,-1.5300065509808205e-07,1.5300065509808205e-07,0
469,36513,0.99998693393856553,-1.306614679621935e-05,1.306614679621935e-05,0.99998693393856553,-1.306614679621935e-05,1.306614679621935e-05,0
470,369,0.99999940263676979,-5.9736340861887713e-07,5.9736340861887713e-07,0.99999940263676979,-5.9736340861887713e-07,5.9736340861887713e-07,0
471,927,0.99999993628204831,-6.3717953770524117e-08,6.3717953770524117e-08,0.99999993628204831,-6.3717953770524117e-08,6.3717953770524117e-08,0
472,2380,0.99999828421923453,-1.7157822373777117e-06,1.7157822373777117e-06,0.99999828421923453,-1.7157822373777117e-06,1.7157822373777117e-06,0
473,24552,0.99999871631998793,-1.2836808359396633e-06,1.2836808359396633e-06,0.99999871631998793,-1.2836808359396633e-06,1.2836808359396633e-06,0
474,11,0.9981995196244805,-0.001802103188498685,0.001802103188498685,0.9981995196244805,-0.001802103188498685,0.001802103188498685,0
475,3156,0.9999935564022685,-6.4436184915755266e-06,6.4436184915755266e-06,0.9999935564022685,-6.4436184915755266e-06,6.4436184915755266e-06,0
476,220,0.99999506792173631,-4.9320904264499545e-06,4.9320904264499545e-06,0.99999506792173631,-4.9320904264499545e-06,4.9320904264499545e-06,0
477,9378,0.99999996099549415,-3.9004506641009592e-08,3.9004506641009592e-08,0.99999996099549415,-3.9004506641009592e-08,3.9004506641009592e-08,0
478,23,0.99999968313320808,-3.1686684207808435e-07,3.1686684207808435e-07,0.99999968313320808,-3.1686684207808435e-07,3.1686684207808435e-07,0
479,13,0.99988253305298713,-0.00011747384679505291,0.00011747384679505291,0.99988253305298713,-0.00011747384679505291,0.00011747384679505291,0
480,2468,0.96461676461653212,-0.036024391634586241,0.036024391634586241,0.96461676461653212,-0.036024391634586241,0.036024391634586241,0
481,2204,0.99998924094476416,-1.0759113114891551e-05,1.0759113114891551e-05,0.99998924094476416,-1.0759113114891551e-05,1.0759113114891551e-05,0
482,3115,0.99999870755281206,-1.2924480231696729e-06,1.2924480231696729e-06,0.99999870755281206,-1.2924480231696729e-06,1.2924480231696729e-06,0
483,2391,0.99998029531707433,-1.9704877065488656e-05,1.9704877065488656e-05,0.99998029531707433,-1.9704877065488656e-05,1.9704877065488656e-05,0
484,279,0.99999627322134055,-3.7267856038678662e-06,3.7267856038678662e-06,0.99999627322134055,-3.7267856038678662e-06,3.7267856038678662e-06,0
485,1317,0.99999652433511499,-3.4756709251964857e-06,3.4756709251964857e-06,0.99999652433511499,-3.4756709251964857e-06,3.4756709251964857e-06,0
486,15506,0.99999300592069251,-6.9941037662233304e-06,6.9941037662233304e-06,0.99999300592069251,-6.9941037662233304e-06,6.9941037662233304e-06,0
487,4261,0.99999381417249866,-6.1858466336731e-06,6.1858466336731e-06,0.99999381417249866,-6.1858466336731e-06,6.1858466336731e-06,0
488,11,0.99944752386328362,-0.00055262880789123481,0.00055262880789123481,0.99944752386328362,-0.00055262880789123481,0.00055262880789123481,0
489,1070,0.99996329905246029,-3.6701621035929828e-05,3.6701621035929828e-05,0.99996329905246029,-3.6701621035929828e-05,3.6701621035929828e-05,0
490,1051,0.99999942911916806,-5.708809949493506e-07,5.708809949493506e-07,0.99999942911916806,-5.708809949493506e-07,5.708809949493506e-07,0
491,2254,0.99999661069485479,-3.3893108889641844e-06,3.3893108889641844e-06,0.99999661069485479,-3.3893108889641844e-06,3.3893108889641844e-06,0
492,5891,0.9999504029165347,-4.9598313441272972e-05,4.9598313441272972e-05,0.9999504029165347,-4.9598313441272972e-05,4.9598313441272972e-05,0
493,337,0.99999707291636852,-2.9270879153636484e-06,2.9270879153636484e-06,0.99999707291636852,-2.9270879153636484e-06,2.9270879153636484e-06,0
494,2641,0.99999987303299742,-1.2696701061622691e-07,1.2696701061622691e-07,0.99999987303299742,-1.2696701061622691e-07,1.2696701061622691e-07,0
495,11,0.99999945933493317,-5.4066521299052063e-07,5.4066521299052063e-07,0.99999945933493317,-5.4066521299052063e-07,5.4066521299052063e-07,0
496,8620,0.99998769048253067,-1.2309593232104626e-05,1.2309593232104626e-05,0.99998769048253067,-1.2309593232104626e-05,1.2309593232104626e-05,0
497,1672,0.99999112345605268,-8.8765833440894242e-06,8.8765833440894242e-06,0.99999133330029011,-8.6667372659765048e-06,8.6667372659765048e-06,2.098460781129194e-07
498,852,0.9999955162578188,-4.4837522332024366e-06,4.4837522332024366e-06,0.99999563396276991,-4.3660467613080514e-06,4.3660467613080514e-06,1.1770547189438526e-07
499,5247,0.99999550311548946,-4.4968946215413514e-06,4.4968946215413514e-06,0.99999560087588002,-4.3991337961856325e-06,4.3991337961856325e-06,9.7760825355718922e-08
500,11,0.99999591210806582,-4.0879002896693025e-06,4.0879002896693025e-06,0.99999663402317296,-3.3659824919416374e-06,3.3659824919416374e-06,7.2191779772766514e-07
501,11191,0.99997733548313894,-2.2664773705113353e-05,2.2664773705113353e-05,0.99997379761753713,-2.6202725751243693e-05,2.6202725751243693e-05,-3.5379520461303403e-06
502,55066,0.99999588903933567,-4.1109691143192955e-06,4.1109691143192955e-06,0.99999597557131559,-4.0244367824005964e-06,4.0244367824005964e-06,8.6532331918699141e-08
503,8951,0.99999771238502522,-2.2876175913311572e-06,2.2876175913311572e-06,0.99999779464777439,-2.2053546573725431e-06,2.2053546573725431e-06,8.2262933958614022e-08
504,11,0.99999777828489878,-2.2217175692601911e-06,2.2217175692601911e-06,0.99999801615930373,-1.9838426640859939e-06,1.9838426640859939e-06,2.378749051741972e-07
505,2294,0.9999965751869978,-3.4248188668916172e-06,3.4248188668916172e-06,0.99999612895121492,-3.8710562776519466e-06,3.8710562776519466e-06,-4.4623741076032942e-07
506,66579,0.99999559126234516,-4.4087473733039786e-06,4.4087473733039786e-06,0.99999551920788876,-4.4808021500361589e-06,4.4808021500361589e-06,-7.2054776732180336e-08
507,11,0.99999680525318901,-3.1947519141520388e-06,3.1947519141520388e-06,0.99999693346902307,-3.0665356786887863e-06,3.0665356786887863e-06,1.282162354632525e-07
508,24113,0.99999702110313493,-2.9789013020397494e-06,2.9789013020397494e-06,0.99999673016769131,-3.2698376546612215e-06,3.2698376546612215e-06,-2.9093635262147208e-07
509,52581,0.99998570851405155,-1.4291588072722625e-05,1.4291588072722625e-05,0.99998685933134412,-1.3140754995202688e-05,1.3140754995202688e-05,1.1508330775199364e-06
510,323,0.57544745745612125,-0.55260735393499416,0.55260735393499416,0.5548884159492169,-0.58898823779318765,0.58898823779318765,-0.036380883858193491
511,30215,0.99998566406148526,-1.4336041275255393e-05,1.4336041275255393e-05,0.99998670704112524,-1.3293047226906676e-05,1.3293047226906676e-05,1.0429940483487171e-06
512,13865,0.99999718276500993,-2.8172389585232283e-06,2.8172389585232283e-06,0.99999710178905576,-2.8982151440202495e-06,2.8982151440202495e-06,-8.0976185497021205e-08
513,11,0.99999562236792872,-4.3776416531785228e-06,4.3776416531785228e-06,0.99999563732272634,-4.3626867901271213e-06,4.3626867901271213e-06,1.4954863051401476e-08
514,323,0.99999993311512436,-6.6884877842094438e-08,6.6884877842094438e-08,0.99999992127749637,-7.8722506745581314e-08,7.8722506745581314e-08,-1.1837628903486876e-08
515,264,0.99999888899753375,-1.1110030834293173e-06,1.1110030834293173e-06,0.99999884558775021,-1.1544129161699406e-06,1.1544129161699406e-06,-4.3409832740623337e-08
516,8013,0.99999460447940591,-5.3955351499850948e-06,5.3955351499850948e-06,0.99999501420770687,-4.9858047222144634e-06,4.9858047222144634e-06,4.0973042777063144e-07
517,30747,0.99991897140278918,-8.1031880204945881e-05,8.1031880204945881e-05,0.99992383794836204,-7.6164952114289399e-05,7.6164952114289399e-05,4.8669280906564819e-06
518,315,0.9999994980228093,-5.01977316733321e-07,5.01977316733321e-07,0.99999952877006826,-4.7123004275791175e-07,4.7123004275791175e-07,3.0747273975409249e-08
519,279,0.99999948539785588,-5.1460227649977539e-07,5.1460227649977539e-07,0.99999949261657883,-5.073835499082938e-07,5.073835499082938e-07,7.2187265914815903e-09
520,3363,0.99999756807426221,-2.4319286949172533e-06,2.4319286949172533e-06,0.99999775835924931,-2.2416432631849617e-06,2.2416432631849617e-06,1.9028543173229163e-07
521,2391,0.99997377144943445,-2.6228894540008081e-05,2.6228894540008081e-05,0.99997574666295075,-2.4253631166241257e-05,2.4253631166241257e-05,1.9752633737668236e-06
522,872,0.99999526695490726,-4.7330562936713966e-06,4.7330562936713966e-06,0.99999543223186826,-4.567778564062718e-06,4.567778564062718e-06,1.6527772960867865e-07
523,46025,0.9999975554737105,-2.4445292774136149e-06,2.4445292774136149e-06,0.9999975716459143,-2.4283570341922313e-06,2.4283570341922313e-06,1.6172243221383657e-08
524,4879,0.99998185341756474,-1.8146747086525045e-05,1.8146747086525045e-05,0.99998257472638474,-1.7425425437091348e-05,1.7425425437091348e-05,7.2132164943369638e-07
525,311,0.99999881847823868,-1.1815224593140786e-06,1.1815224593140786e-06,0.99999896258846777,-1.0374120703723569e-06,1.0374120703723569e-06,1.4411038894172172e-07
526,51630,0.99994383224516781,-5.6169332299643819e-05,5.6169332299643819e-05,0.99994349830225093,-5.6503294030160819e-05,5.6503294030160819e-05,-3.3396173051699967e-07
527,279,0.99999944981537603,-5.5018477537697612e-07,5.5018477537697612e-07,0.99999949258144583,-5.0741868289808152e-07,5.0741868289808152e-07,4.2766092478894604e-08
528,26363,0.99999738981038233,-2.6101930242177604e-06,2.6101930242177604e-06,0.99999785872318137,-2.1412791112049467e-06,2.1412791112049467e-06,4.6891391301281374e-07
529,382,0.85967336544534934,-0.15120276950145325,0.15120276950145325,0.84873938523042836,-0.16400310654333808,0.16400310654333808,-0.012800337041884824
530,4531,0.47676413521859884,-0.74073338581979509,0.74073338581979509,0.47112562861451462,-0.75263049311180175,0.75263049311180175,-0.011897107292006659
531,574,0.99998072933151505,-1.92708541666738e-05,1.92708541666738e-05,0.99997903411150535,-2.0966108281973915e-05,2.0966108281973915e-05,-1.695254115300115e-06
532,6118,0.99996867586939164,-3.1324621219160145e-05,3.1324621219160145e-05,0.999964503799321,-3.5496830684021562e-05,3.5496830684021562e-05,-4.1722094648614173e-06
533,6288,0.99998116623171385,-1.8833945643762695e-05,1.8833945643762695e-05,0.99998051371495933,-1.9486474900783188e-05,1.9486474900783188e-05,-6.5252925702049294e-07
534,28101,0.99999258829888948,-7.4117285773118254e-06,7.4117285773118254e-06,0.99999242493284535,-7.5750958456407056e-06,7.5750958456407056e-06,-1.6336726832888029e-07
535,11,0.9738768012535417,-0.026470470759171878,0.026470470759171878,0.97520148602196299,-0.025111177003722979,0.025111177003722979,0.0013592937554488989
536,323,0.99999414983514323,-5.8501819690440436e-06,5.8501819690440436e-06,0.99999458584317202,-5.4141714845420487e-06,5.4141714845420487e-06,4.3601048450199498e-07
537,279,0.99999791825676376,-2.0817454030485324e-06,2.0817454030485324e-06,0.99999791562145568,-2.0843807166330761e-06,2.0843807166330761e-06,-2.6353135845436513e-09
538,3363,0.99998952952385156,-1.0470530964208171e-05,1.0470530964208171e-05,0.99998973648835843,-1.0263564311752546e-05,1.0263564311752546e-05,2.0696665245562541e-07
539,6052,0.99998866571866885,-1.1334345564565049e-05,1.1334345564565049e-05,0.99998826437899513,-1.1735689867779483e-05,1.1735689867779483e-05,-4.0134430321443334e-07
540,311,0.99999910744385723,-8.9255654114039438e-07,8.9255654114039438e-07,0.99999911405276642,-8.8594762605134378e-07,8.8594762605134378e-07,6.6089150890505979e-09
541,279,0.99993205131293572,-6.7950995680924088e-05,6.7950995680924088e-05,0.99993150254114505,-6.8499804913024453e-05,6.8499804913024453e-05,-5.4880923210036511e-07
542,2626,0.99998741461174867,-1.2585467447966301e-05,1.2585467447966301e-05,0.99998687878105608,-1.3121305027836743e-05,1.3121305027836743e-05,-5.3583757987044162e-07
543,315,0.99999927619088436,-7.2380937760780002e-07,7.2380937760780002e-07,0.99999923020832038,-7.6979197585843171e-07,7.6979197585843171e-07,-4.5982598250631695e-08
544,6696,0.99999322783177014,-6.772191161060372e-06,6.772191161060372e-06,0.99999271091434017,-7.2891122253570633e-06,7.2891122253570633e-06,-5.1692106429669134e-07
545,13,0.99988235606797016,-0.00011765085261995966,0.00011765085261995966,0.99988385630710808,-0.00011615043809288515,0.00011615043809288515,1.5004145270745134e-06
546,763,0.99982101373761578,-0.00017900228233690696,0.00017900228233690696,0.99981526730592829,-0.00018474975925751927,0.00018474975925751927,-5.7474769206123072e-06
547,279,0.99998316894473782,-1.6831196905959222e-05,1.6831196905959222e-05,0.99998174706631104,-1.8253100275816682e-05,1.8253100275816682e-05,-1.4219033698574605e-06
548,220,0.99999774928143825,-2.2507210945980717e-06,2.2507210945980717e-06,0.99999784612249654,-2.1538798230406385e-06,2.1538798230406385e-06,9.6841271557433194e-08
549,777,0.99999935620314762,-6.4379705959313218e-07,6.4379705959313218e-07,0.99999915482926816,-8.4517108900495517e-07,8.4517108900495517e-07,-2.0137402941182299e-07
550,339,0.99999911186361767,-8.8813677674641826e-07,8.8813677674641826e-07,0.99999921033834693,-7.8966196489589036e-07,7.8966196489589036e-07,9.84748118505279e-08
551,9478,0.99999218939264134,-7.8106378616380981e-06,7.8106378616380981e-06,0.99999310338813163,-6.896635650141156e-06,6.896635650141156e-06,9.1400221149694209e-07
552,11,0.99977034913002349,-0.00022967724377543033,0.00022967724377543033,0.99983264010056516,-0.00016737390566550948,0.00016737390566550948,6.2303338109920856e-05
553,57664,0.99999841387258237,-1.586128675492489e-06,1.586128675492489e-06,0.99999844246779512,-1.5575334178691713e-06,1.5575334178691713e-06,2.8595257623317654e-08
554,574,0.99997349306165439,-2.6507289660691885e-05,2.6507289660691885e-05,0.99996890086397028,-3.1099619617869527e-05,3.1099619617869527e-05,-4.5923299571776416e-06
555,832,0.99999890720352336,-1.0927970736956779e-06,1.0927970736956779e-06,0.9999989353944595,-1.0646061072350982e-06,1.0646061072350982e-06,2.8190966460579724e-08
556,315,0.99999973999019953,-2.6000983427794199e-07,2.6000983427794199e-07,0.99999975776506844,-2.4223496094974619e-07,2.4223496094974619e-07,1.7774873328195807e-08
557,279,0.99999986972581401,-1.3027419449504587e-07,1.3027419449504587e-07,0.9999998780117032,-1.2198830423374129e-07,1.2198830423374129e-07,8.2858902613045789e-09
558,1455,0.99999943647254153,-5.6352761721683377e-07,5.6352761721683377e-07,0.9999995404875035,-4.5951260208638098e-07,4.5951260208638098e-07,1.0401501513045279e-07
559,6617,0.99999684942667166,-3.150578291430569e-06,3.150578291430569e-06,0.99999678674301706,-3.2132621454786325e-06,3.2132621454786325e-06,-6.2683854048063542e-08
560,9919,0.99999828749602193,-1.712505444384381e-06,1.712505444384381e-06,0.99999834903161322,-1.6509697496366018e-06,1.6509697496366018e-06,6.1535694747779166e-08
561,304,0.99999991166872237,-8.8331281495995163e-08,8.8331281495995163e-08,0.99999991362307539,-8.6376928320892658e-08,8.6376928320892658e-08,1.9543531751025044e-09
562,13936,0.99999508062016651,-4.9193919336812171e-06,4.9193919336812171e-06,0.99999486560320594,-5.1344099750890458e-06,5.1344099750890458e-06,-2.1501804140782875e-07
563,13,0.99977687252862435,-0.00022315236801335962,0.00022315236801335962,0.99976449492646213,-0.0002355328092123811,0.0002355328092123811,-1.2380441199021477e-05
564,13538,0.9999518037517271,-4.8197409749444362e-05,4.8197409749444362e-05,0.99994366865411233,-5.6332932557553344e-05,5.6332932557553344e-05,-8.1355228081089818e-06
565,279,0.9999996261973495,-3.7380272041241049e-07,3.7380272041241049e-07,0.99999963852606821,-3.6147399712849878e-07,3.6147399712849878e-07,1.2328723283911711e-08
566,15506,0.99998390266875758,-1.6097460805872056e-05,1.6097460805872056e-05,0.99998489836567439,-1.510174835642454e-05,1.510174835642454e-05,9.9571244944751567e-07
567,24145,0.99375246646871496,-0.0062671310355787192,0.0062671310355787192,0.99331376942038463,-0.0067086835591278083,0.0067086835591278083,-0.00044155252354908907
568,5111,0.99998557525949605,-1.4424844541490445e-05,1.4424844541490445e-05,0.99998615913417022,-1.3840961615435344e-05,1.3840961615435344e-05,5.8388292605510091e-07
569,11,0.99999923173672434,-7.6826357074339953e-07,7.6826357074339953e-07,0.99999918783280839,-8.121675213859593e-07,8.121675213859593e-07,-4.3903950642559774e-08
570,57664,0.99999846992886676,-1.5300723038038436e-06,1.5300723038038436e-06,0.99999859571536587,-1.4042856201008479e-06,1.4042856201008479e-06,1.2578668370299563e-07
571,5602,0.99999803907817963,-1.9609237430105616e-06,1.9609237430105616e-06,0.99999803009206978,-1.9699098705103742e-06,1.9699098705103742e-06,-8.9861274998125521e-09
572,279,0.99999955877636193,-4.4122373546411024e-07,4.4122373546411024e-07,0.99999958990931581,-4.1009076830018188e-07,4.1009076830018188e-07,3.1132967163928355e-08
573,10205,0.99999969672316791,-3.0327687803011033e-07,3.0327687803011033e-07,0.99999971956218614,-2.8043785314098237e-07,2.8043785314098237e-07,2.2839024889127961e-08
574,315,0.99999975819336495,-2.4180666432198892e-07,2.4180666432198892e-07,0.99999976488225828,-2.3511776936928044e-07,2.3511776936928044e-07,6.6888949527084871e-09
575,279,0.99999939407660843,-6.0592357515131054e-07,6.0592357515131054e-07,0.99999941436229201,-5.8563787945690855e-07,5.8563787945690855e-07,2.0285695694401983e-08
576,57281,0.99999803396407461,-1.9660378580924695e-06,1.9660378580924695e-06,0.99999809050870092,-1.9094931221904409e-06,1.9094931221904409e-06,5.6544735902028652e-08
577,22910,0.99999848475512865,-1.5152460193082911e-06,1.5152460193082911e-06,0.99999861236286058,-1.3876381022167595e-06,1.3876381022167595e-06,1.2760791709153152e-07
578,13,0.91010036427101992,-0.094200395145066992,0.094200395145066992,0.90054774621734834,-0.10475209387573696,0.10475209387573696,-0.010551698730669967
579,9636,0.99989198970669424,-0.00010801612683752595,0.00010801612683752595,0.9998814597492286,-0.00011854727722221453,0.00011854727722221453,-1.0531150384688587e-05
580,279,0.99728120764551875,-0.0027224949830561558,0.0027224949830561558,0.99720650450706516,-0.0027974045831839754,0.0027974045831839754,-7.4909600127819574e-05
581,3778,0.99999750164099777,-2.4983621231098924e-06,2.4983621231098924e-06,0.99999749875641897,-2.5012467091299279e-06,2.5012467091299279e-06,-2.8845860200355017e-09
582,6037,0.99999502835256016,-4.9716597985734915e-06,4.9716597985734915e-06,0.99999531002155195,-4.6899894459898848e-06,4.6899894459898848e-06,2.8167035258360677e-07
583,2768,0.99970098185897582,-0.00029906285586242591,0.00029906285586242591,0.99970761984516099,-0.00029242290624979794,0.00029242290624979794,6.6399496126279679e-06
584,279,0.99999899718101903,-1.0028194837827137e-06,1.0028194837827137e-06,0.99999900625311755,-9.9374737622575739e-07,9.9374737622575739e-07,9.0721075569563313e-09
585,15506,0.99998989167168029,-1.0108379409250208e-05,1.0108379409250208e-05,0.99998940401409697,-1.0596042040853593e-05,1.0596042040853593e-05,-4.8766263160338485e-07
586,24145,0.99997200513989182,-2.7995251971536859e-05,2.7995251971536859e-05,0.99996921075744194,-3.0789716556545761e-05,3.0789716556545761e-05,-2.7944645850089022e-06
587,5111,0.99999208433425013,-7.9156970788682927e-06,7.9156970788682927e-06,0.99999271340966989,-7.2866168774069417e-06,7.2866168774069417e-06,6.2908020146135101e-07
588,11,0.99999248018829212,-7.5198399817999308e-06,7.5198399817999308e-06,0.99999106070001675,-8.9393399389716086e-06,8.9393399389716086e-06,-1.4194999571716778e-06
589,279,0.9999968282749262,-3.1717301037034165e-06,3.1717301037034165e-06,0.9999970289547544,-2.9710496591921353e-06,2.9710496591921353e-06,2.006804445112812e-07
590,3723,0.9999917654007634,-8.2346331411187851e-06,8.2346331411187851e-06,0.99999197979501375,-8.0202371482723528e-06,8.0202371482723528e-06,2.1439599284643228e-07
591,4273,0.99998972395930241,-1.0276093496443897e-05,1.0276093496443897e-05,0.99999057744160469,-9.4226027878735191e-06,9.4226027878735191e-06,8.5349070857037772e-07
592,5614,0.99994864355745539,-5.1357761331890851e-05,5.1357761331890851e-05,0.9999490030881627,-5.0998212224038563e-05,5.0998212224038563e-05,3.59549107852288e-07
593,279,0.99999899509415169,-1.0049063532522258e-06,1.0049063532522258e-06,0.99999904779745574,-9.5220299763137797e-07,9.5220299763137797e-07,5.2703355620847869e-08
594,4033,0.99999895461729549,-1.0453832508913054e-06,1.0453832508913054e-06,0.99999904866940748,-9.5133104506290042e-07,9.5133104506290042e-07,9.4052205828405028e-08
595,4221,0.99999583442655982,-4.1655821162551546e-06,4.1655821162551546e-06,0.99999604250682295,-3.9575010079413701e-06,3.9575010079413701e-06,2.0808110831378446e-07
596,505,0.99999758639548897,-2.4136074237297223e-06,2.4136074237297223e-06,0.99999756820907415,-2.4317938826395749e-06,2.4317938826395749e-06,-1.8186458909852612e-08
597,15506,0.99999234600529807,-7.6540239939494477e-06,7.6540239939494477e-06,0.99999169237267704,-8.3076618314747902e-06,8.3076618314747902e-06,-6.5363783752534244e-07
598,311,0.9999998820618724,-1.1793813452039145e-07,1.1793813452039145e-07,0.99999988164363374,-1.1835637324792238e-07,1.1835637324792238e-07,-4.1823872753093238e-10
599,6498,0.9999940900193327,-5.909998131282839e-06,5.909998131282839e-06,0.99999417939817659,-5.8206187631457111e-06,5.8206187631457111e-06,8.9379368137127918e-08
600,323,0.99995119802660248,-4.8803164252521069e-05,4.8803164252521069e-05,0.9999524184784907,-4.7582653545784486e-05,4.7582653545784486e-05,1.2205107067365833e-06
601,1903,0.99999765126627194,-2.3487364863671431e-06,2.3487364863671431e-06,0.99999782550780747,-2.1744945567552678e-06,2.1744945567552678e-06,1.7424192961187533e-07
602,1063,0.9999959725662132,-4.0274418968941781e-06,4.0274418968941781e-06,0.99999644024265999,-3.5597636759076761e-06,3.5597636759076761e-06,4.6767822098650197e-07
603,4442,0.99999597135248097,-4.0286556340009739e-06,4.0286556340009739e-06,0.99999631167882108,-3.6883279808132412e-06,3.6883279808132412e-06,3.4032765318773277e-07
604,304,0.99999958371660658,-4.1628348008275686e-07,4.1628348008275686e-07,0.99999964050458257,-3.5949548204608138e-07,3.5949548204608138e-07,5.6787998036675479e-08
605,6873,0.99999601954081851,-3.9804671035192668e-06,3.9804671035192668e-06,0.99999664167637026,-3.3583292689715645e-06,3.3583292689715645e-06,6.2213783454770227e-07
606,11,0.99999949675675615,-5.0324337046943995e-07,5.0324337046943995e-07,0.9999995281522619,-4.7184784938332795e-07,4.7184784938332795e-07,3.1395521086111998e-08
607,2254,0.99999176757840713,-8.2324554794565248e-06,8.2324554794565248e-06,0.99999353613798425,-6.4638829066127814e-06,6.4638829066127814e-06,1.7685725728437434e-06
608,7016,0.99999432250527842,-5.6775108385878586e-06,5.6775108385878586e-06,0.99999494767527375,-5.0523374893094904e-06,5.0523374893094904e-06,6.2517334927836822e-07
609,11,0.99956341912003999,-0.00043667620913934554,0.00043667620913934554,0.99954056850895068,-0.00045953706203318164,0.00045953706203318164,-2.2860852893836104e-05
610,323,0.99999999185014354,-8.1498565341753466e-09,8.1498565341753466e-09,0.99999999350862123,-6.4913787467787784e-09,6.4913787467787784e-09,1.6584777873965683e-09
611,16036,0.99999564598888702,-4.3540205917244342e-06,4.3540205917244342e-06,0.99999639886710556,-3.6011393785093087e-06,3.6011393785093087e-06,7.5288121321512557e-07
612,9293,0.99999819852494209,-1.8014766805382333e-06,1.8014766805382333e-06,0.99999840972909337,-1.5902721711197916e-06,1.5902721711197916e-06,2.1120450941844162e-07
613,382,0.99960838000562591,-0.00039169669751036758,0.00039169669751036758,0.99952130239998782,-0.00047881221228612846,0.00047881221228612846,-8.7115514775760886e-05
614,92459,0.99105305586103498,-0.0089872083849026098,0.0089872083849026098,0.98967058954576703,-0.010383129055575325,0.010383129055575325,-0.0013959206706727154
615,279,0.99999993714584967,-6.2854152350397675e-08,6.2854152350397675e-08,0.999999948553425,-5.1446576341273751e-08,5.1446576341273751e-08,1.1407576009123924e-08
616,842,0.99999928152531314,-7.1847494500656233e-07,7.1847494500656233e-07,0.99999941717481566,-5.828253542220153e-07,5.828253542220153e-07,1.3564959078454703e-07
617,315,0.9999999289872864,-7.1012716072929131e-08,7.1012716072929131e-08,0.99999993612798643,-6.3872015635064692e-08,6.3872015635064692e-08,7.1407004378644387e-09
618,4435,0.99999398387968119,-6.0161384157477759e-06,6.0161384157477759e-06,0.99999453635529811,-5.4636596276365335e-06,5.4636596276365335e-06,5.5247878811124246e-07
619,5111,0.9999980149347435,-1.985067226771878e-06,1.985067226771878e-06,0.99999803345297811,-1.9665489555843591e-06,1.9665489555843591e-06,1.8518271187518918e-08
620,8105,0.99999700838150407,-2.9916229708612889e-06,2.9916229708612889e-06,0.99999701274306529,-2.9872613965864432e-06,2.9872613965864432e-06,4.3615742748457399e-09
621,11,0.99999538035471403,-4.6196559566098856e-06,4.6196559566098856e-06,0.9999956089605947,-4.3910490459891489e-06,4.3910490459891489e-06,2.2860691062073676e-07
622,2391,0.99996495686150078,-3.50437525242952e-05,3.50437525242952e-05,0.99996173868947069,-3.826204251195793e-05,3.826204251195793e-05,-3.21828998766273e-06
623,279,0.99999954601588348,-4.5398421952840811e-07,4.5398421952840811e-07,0.99999959914623082,-4.0085384948533451e-07,4.0085384948533451e-07,5.3130370043073603e-08
624,16506,0.99997617950524509,-2.3820778467352028e-05,2.3820778467352028e-05,0.99997934762622498,-2.0652587038244358e-05,2.0652587038244358e-05,3.1681914291076703e-06
625,315,0.99999988448788302,-1.1551212363383628e-07,1.1551212363383628e-07,0.99999987584734684,-1.2415266088328529e-07,1.2415266088328529e-07,-8.6405372494490117e-09
626,57664,0.99999744025842063,-2.5597448555311477e-06,2.5597448555311477e-06,0.9999976663516702,-2.3336510528110308e-06,2.3336510528110308e-06,2.2609380272011693e-07
627,11,0.99991385637046237,-8.6147340113155359e-05,8.6147340113155359e-05,0.99991764843622655,-8.235495484964326e-05,8.235495484964326e-05,3.7923852635120991e-06
628,1455,0.999979562181597,-2.0438027258069642e-05,2.0438027258069642e-05,0.99997909870702673,-2.0901511408367174e-05,2.0901511408367174e-05,-4.6348415029753238e-07
629,315,0.9999997411250503,-2.5887498324834547e-07,2.5887498324834547e-07,0.99999979933747751,-2.0066254265543815e-07,2.0066254265543815e-07,5.8212440592907314e-08
630,279,0.99999969330669181,-3.066933551995842e-07,3.066933551995842e-07,0.99999975582375755,-2.4417627225560594e-07,2.4417627225560594e-07,6.251708294397826e-08
631,3363,0.99999517457115816,-4.825440484309889e-06,4.825440484309889e-06,0.99999583073420151,-4.1692744899285922e-06,4.1692744899285922e-06,6.5616599438129681e-07
632,574,0.99999805217786075,-1.9478240362023847e-06,1.9478240362023847e-06,0.99999806511403844,-1.9348878334494942e-06,1.9348878334494942e-06,1.2936202752890472e-08
633,68461,0.99987546815570016,-0.00012453959903377509,0.00012453959903377509,0.99988275246632841,-0.00011725440770099323,0.00011725440770099323,7.2851913327818619e-06
634,555,0.99999963731724695,-3.6268281884429716e-07,3.6268281884429716e-07,0.99999965126379908,-3.4873626167783438e-07,3.4873626167783438e-07,1.3946557166462773e-08
635,37295,0.99981854503307066,-0.0001814714318736357,0.0001814714318736357,0.99982627229135357,-0.00017374280105284724,0.00017374280105284724,7.7286308207884593e-06
636,41884,0.9999989936803374,-1.0063201688938958e-06,1.0063201688938958e-06,0.99999895314746656,-1.0468530813875506e-06,1.0468530813875506e-06,-4.053291249365486e-08
637,86562,0.9999545000593888,-4.5500975764895371e-05,4.5500975764895371e-05,0.99995215539728366,-4.7845747305801517e-05,4.7845747305801517e-05,-2.3447715409061453e-06
638,479,0.99999930736601239,-6.9263422746521962e-07,6.9263422746521962e-07,0.99999931733414438,-6.8266608867756691e-07,6.8266608867756691e-07,9.9681387876527063e-09
639,555,0.99999906042916953,-9.3957127192370451e-07,9.3957127192370451e-07,0.999998945758659,-1.0542418967341566e-06,1.0542418967341566e-06,-1.1467062481045213e-07
640,279,0.99999969600440486,-3.0399564130503593e-07,3.0399564130503593e-07,0.99999975482143399,-2.451785960119354e-07,2.451785960119354e-07,5.8817045293100526e-08
641,3723,0.99999511569387767,-4.8843180506150273e-06,4.8843180506150273e-06,0.99999551123524222,-4.4887748323216009e-06,4.4887748323216009e-06,3.9554321829342633e-07
642,4273,0.99999621027427832,-3.7897329027015191e-06,3.7897329027015191e-06,0.99999633392913645,-3.6660775836177848e-06,3.6660775836177848e-06,1.2365531908373429e-07
643,6690,0.99999888238070656,-1.1176199180193343e-06,1.1176199180193343e-06,0.99999906979490993,-9.3020552273267251e-07,9.3020552273267251e-07,1.874143952866618e-07
644,11994,0.99999847216967341,-1.5278314936952108e-06,1.5278314936952108e-06,0.99999858149702758,-1.4185039785077121e-06,1.4185039785077121e-06,1.0932751518749871e-07
645,13,0.99995674780074317,-4.325313466022137e-05,4.325313466022137e-05,0.99995489407523208,-4.5106942070748212e-05,4.5106942070748212e-05,-1.8538074105268421e-06
646,1666,0.99993529305662965,-6.4709036954888375e-05,6.4709036954888375e-05,0.99991880482961271,-8.1198466893545992e-05,8.1198466893545992e-05,-1.6489429938657617e-05
647,264,0.99999989098384467,-1.0901616126233891e-07,1.0901616126233891e-07,0.99999989391986011,-1.0608014548119148e-07,1.0608014548119148e-07,2.9360157811474246e-09
648,1121,0.9999911453369017,-8.8547023010353e-06,8.8547023010353e-06,0.99999156012639345,-8.4399092224334302e-06,8.4399092224334302e-06,4.1479307860186976e-07
649,11,0.99999932023277749,-6.7976745354404897e-07,6.7976745354404897e-07,0.9999993565660984,-6.4343410860210258e-07,6.4343410860210258e-07,3.6333344941946393e-08
650,12309,0.9999892942535954,-1.0705803711490486e-05,1.0705803711490486e-05,0.99998860261627809,-1.139744867261384e-05,1.139744867261384e-05,-6.9164496112335448e-07
651,2697,0.99999395787532319,-6.0421429304896721e-06,6.0421429304896721e-06,0.99999559146539052,-4.4085443270644776e-06,4.4085443270644776e-06,1.6335986034251945e-06
652,8625,0.99997941722385042,-2.0582987977870705e-05,2.0582987977870705e-05,0.99997877033738769,-2.1229887964781077e-05,2.1229887964781077e-05,-6.468999869103718e-07
653,315,0.99999988247432903,-1.1752567783351833e-07,1.1752567783351833e-07,0.99999990223630064,-9.7763704127257872e-08,9.7763704127257872e-08,1.9761973706260462e-08
654,57664,0.9999979569619124,-2.0430401745822458e-06,2.0430401745822458e-06,0.999998251385389,-1.7486161398319846e-06,1.7486161398319846e-06,2.9442403475026116e-07
655,596,0.99989438460388058,-0.00010562097381804666,0.00010562097381804666,0.99992208882932354,-7.7914205909333326e-05,7.7914205909333326e-05,2.7706767908713338e-05
656,864,0.99995943866889858,-4.0562153734487938e-05,4.0562153734487938e-05,0.99996354187167125,-3.6458792942488989e-05,3.6458792942488989e-05,4.1033607919989493e-06
657,11710,0.97273660442881005,-0.027641938038496842,0.027641938038496842,0.97044247139733397,-0.030003155412539426,0.030003155412539426,-0.0023612173740425839
658,323,0.99999916464791772,-8.3535243115281121e-07,8.3535243115281121e-07,0.99999932311161477,-6.7688861433139245e-07,6.7688861433139245e-07,1.5846381682141875e-07
659,37683,0.9999980481743922,-1.9518275126071083e-06,1.9518275126071083e-06,0.99999836922809582,-1.6307732338987671e-06,1.6307732338987671e-06,3.2105427870834119e-07
660,18112,0.99999630928392513,-3.6907228855779301e-06,3.6907228855779301e-06,0.99999702714869865,-2.972855720232139e-06,2.972855720232139e-06,7.1786716534579119e-07
661,11,0.99990904077119369,-9.0963365847783955e-05,9.0963365847783955e-05,0.99990511042960861,-9.4894072691509784e-05,9.4894072691509784e-05,-3.9307068437258283e-06
662,8051,0.99997547556172328,-2.4524739005616827e-05,2.4524739005616827e-05,0.99998165499503278,-1.8345173238851583e-05,1.8345173238851583e-05,6.1795657667652441e-06
663,1070,0.9999985517162181,-1.44828483068125e-06,1.44828483068125e-06,0.99999881731705298,-1.1826836464201392e-06,1.1826836464201392e-06,2.6560118426111072e-07
664,527,0.99999304629336627,-6.9537308108061532e-06,6.9537308108061532e-06,0.99999339613731419,-6.6038844914491699e-06,6.6038844914491699e-06,3.4984631935698332e-07
665,14529,0.99999964986543888,-3.5013462239380511e-07,3.5013462239380511e-07,0.99999971438261415,-2.8561742666615178e-07,2.8561742666615178e-07,6.4517195727653329e-08
666,35093,0.99999290273861718,-7.097286568502605e-06,7.097286568502605e-06,0.99999303438639453,-6.9656378654347357e-06,6.9656378654347357e-06,1.3164870306786925e-07
667,7224,0.99998880987272909,-1.1190189880891575e-05,1.1190189880891575e-05,0.99999039625671349,-9.6037894027564832e-06,9.6037894027564832e-06,1.5864004781350916e-06
668,11,0.99995933679115045,-4.0664035620283174e-05,4.0664035620283174e-05,0.99996122372406537,-3.8777027753832813e-05,3.8777027753832813e-05,1.8870078664503609e-06
669,5423,0.99999080139152818,-9.1986507793024551e-06,9.1986507793024551e-06,0.99999270070101354,-7.2993256264788101e-06,7.2993256264788101e-06,1.899325152823645e-06
670,2949,0.99999911168977529,-8.8831061931000581e-07,8.8831061931000581e-07,0.99999927847440528,-7.2152585499945565e-07,7.2152585499945565e-07,1.6678476431055016e-07
671,279,0.99999983904160195,-1.6095841096880233e-07,1.6095841096880233e-07,0.99999988361158443,-1.1638842234352123e-07,1.1638842234352123e-07,4.4569988625281102e-08
672,2362,0.99999903048940686,-9.695110630794646e-07,9.695110630794646e-07,0.99999892702131787,-1.0729792577850178e-06,1.0729792577850178e-06,-1.0346819470555322e-07
673,289,0.99990326828062426,-9.6736398190259347e-05,9.6736398190259347e-05,0.9997041151795969,-0.0002959286029532032,0.0002959286029532032,-0.00019919220476294385
674,4841,0.99999879723794183,-1.2027627814734255e-06,1.2027627814734255e-06,0.99999900744920778,-9.9255128485532426e-07,9.9255128485532426e-07,2.1021149661810122e-07
675,3363,0.99999718772670521,-2.8122772492347777e-06,2.8122772492347777e-06,0.99999751987585439,-2.4801272211711944e-06,2.4801272211711944e-06,3.3215002806358334e-07
676,11,0.99999465869379611,-5.341320468744177e-06,5.341320468744177e-06,0.99999248344040137,-7.5165878481518825e-06,7.5165878481518825e-06,-2.1752673794077054e-06
677,61894,0.99999912339382535,-8.7660655881473301e-07,8.7660655881473301e-07,0.99999927088139118,-7.291188745896299e-07,7.291188745896299e-07,1.474876842251031e-07
678,309,0.99999998896364184,-1.1036358210809299e-08,1.1036358210809299e-08,0.99999998926352951,-1.0736470543821981e-08,1.0736470543821981e-08,2.9988766698731768e-10
679,44486,0.99998785678155722,-1.214329217231313e-05,1.214329217231313e-05,0.99998961622483795,-1.0383829073769588e-05,1.0383829073769588e-05,1.7594630985435415e-06
680,382,0.99021582482220749,-0.0098323547421936084,0.0098323547421936084,0.98856588826083547,-0.011499983801866171,0.011499983801866171,-0.0016676290596725624
681,791,0.94310434755307671,-0.058578347589167912,0.058578347589167912,0.89769380169190982,-0.10792624689754805,0.10792624689754805,-0.049347899308380141
682,30758,0.98965653442230617,-0.010397330976309727,0.010397330976309727,0.98580866011544954,-0.014292999888978102,0.014292999888978102,-0.0038956689126683746
683,6029,0.99999947837413317,-5.2162600290270418e-07,5.2162600290270418e-07,0.99999947953516299,-5.2046497245857456e-07,5.2046497245857456e-07,1.1610304441296251e-09
684,315,0.99999993483079819,-6.516920390809963e-08,6.516920390809963e-08,0.99999994283069149,-5.7169310094889998e-08,5.7169310094889998e-08,7.9998938132096324e-09
685,3823,0.99999965408266789,-3.4591739196448103e-07,3.4591739196448103e-07,0.99999969795756227,-3.020424833730759e-07,3.020424833730759e-07,4.3874908591405125e-08
686,2324,0.99999733637749577,-2.6636260516539085e-06,2.6636260516539085e-06,0.9999979006248263,-2.0993773773722013e-06,2.0993773773722013e-06,5.6424867428170727e-07
687,304,0.99999982332554482,-1.7667447076710469e-07,1.7667447076710469e-07,0.99999983509149726,-1.6490851634525434e-07,1.6490851634525434e-07,1.1765954421850353e-08
688,323,0.99998843317040353,-1.1566896492748042e-05,1.1566896492748042e-05,0.99998796875854745,-1.2031313828544885e-05,1.2031313828544885e-05,-4.6441733579684206e-07
689,2212,0.99999978954759661,-2.1045242554579872e-07,2.1045242554579872e-07,0.99999980288777146,-1.9711224797053884e-07,1.9711224797053884e-07,1.3340177575259878e-08
690,279,0.99999792342015603,-2.0765820000874965e-06,2.0765820000874965e-06,0.99999806347981801,-1.9365220570400378e-06,1.9365220570400378e-06,1.4005994304745862e-07
691,3158,0.99999954405861824,-4.5594148565305359e-07,4.5594148565305359e-07,0.99999962859783009,-3.7140223882737725e-07,3.7140223882737725e-07,8.4539246825676341e-08
692,315,0.99999993012638821,-6.9873614229273975e-08,6.9873614229273975e-08,0.99999995145642984,-4.8543571316824184e-08,4.8543571316824184e-08,2.1330042912449791e-08
693,57664,0.99999967355692676,-3.264431265385488e-07,3.264431265385488e-07,0.99999977986416133,-2.201358628446898e-07,2.201358628446898e-07,1.06307263693859e-07
694,374,0.99996542562097923,-3.4574976728350087e-05,3.4574976728350087e-05,0.99996451397141861,-3.5486658225368544e-05,3.5486658225368544e-05,-9.1168149701845706e-07
695,279,0.99999968202051759,-3.1797953299734391e-07,3.1797953299734391e-07,0.99999973791678387,-2.6208325050829231e-07,2.6208325050829231e-07,5.5896282489051602e-08
696,14373,0.9999676627475178,-3.2337775342425448e-05,3.2337775342425448e-05,0.99996530299607822,-3.4697605876740207e-05,3.4697605876740207e-05,-2.359830534314759e-06
697,7568,0.99999137671025495,-8.6233269257951482e-06,8.6233269257951482e-06,0.9999945597324521,-5.4402823461915679e-06,5.4402823461915679e-06,3.1830445796035803e-06
698,10358,0.99999876738342486,-1.2326173348091037e-06,1.2326173348091037e-06,0.9999987447318216,-1.2552689662908342e-06,1.2552689662908342e-06,-2.2651631481730502e-08
699,62579,0.99999140789716934,-8.5921397429590969e-06,8.5921397429590969e-06,0.99999350555148314,-6.4944696058947963e-06,6.4944696058947963e-06,2.0976701370643006e-06
700,66581,0.99995333288593224,-4.6668203011405918e-05,4.6668203011405918e-05,0.99995322774488637,-4.6773348969689741e-05,4.6773348969689741e-05,-1.0514595828382307e-07
701,82,0.99999995208552883,-4.7914472352045362e-08,4.7914472352045362e-08,0.99999996200359387,-3.7996406853983073e-08,3.7996406853983073e-08,9.918065498062289e-09
702,30105,0.86190385964151472,-0.14861154627695275,0.14861154627695275,0.85717762684770626,-0.15411011599432442,0.15411011599432442,-0.0054985697173716708
703,311,0.99999385599226021,-6.1440266142504636e-06,6.1440266142504636e-06,0.9999934781027916,-6.5219184760633317e-06,6.5219184760633317e-06,-3.7789186181286812e-07
704,2212,0.99999982980288504,-1.7019712945031563e-07,1.7019712945031563e-07,0.99999987791950429,-1.2208050313765907e-07,1.2208050313765907e-07,4.8116626312656563e-08
705,220,0.99999959994153631,-4.0005854376057545e-07,4.0005854376057545e-07,0.99999972710629315,-2.7289374411459083e-07,2.7289374411459083e-07,1.2716479964598462e-07
706,3101,0.99974653730533403,-0.00025349482176351178,0.00025349482176351178,0.99973141896514306,-0.00026861710920243661,0.00026861710920243661,-1.512228743892483e-05
707,15,0.99999982202060866,-1.7797940713892349e-07,1.7797940713892349e-07,0.99999981974139318,-1.802586231018652e-07,1.802586231018652e-07,-2.2792159629417058e-09
708,18531,0.9999794536393205,-2.0546571758884232e-05,2.0546571758884232e-05,0.99998080792600852,-1.9192258161716622e-05,1.9192258161716622e-05,1.35431359716761e-06
709,13,0.99981916701530593,-0.00018084933694960609,0.00018084933694960609,0.99987211563639478,-0.00012789254150763317,0.00012789254150763317,5.2956795441972922e-05
710,24296,0.77492262256769329,-0.25499209646145687,0.25499209646145687,0.79954910064434159,-0.22370733440460699,0.22370733440460699,0.03128476205684988
711,11,0.999998673281423,-1.3267194570543324e-06,1.3267194570543324e-06,0.99999894392836564,-1.056072192050003e-06,1.056072192050003e-06,2.7064726500432943e-07
712,4277,0.97732329878417201,-0.022937771970452974,0.022937771970452974,0.97570962463982347,-0.024590252573517737,0.024590252573517737,-0.0016524806030647626
713,95112,0.99999335956703472,-6.6404550130227983e-06,6.6404550130227983e-06,0.99999318228421774,-6.817739023019933e-06,6.817739023019933e-06,-1.772840099971347e-07
714,11,0.99997824976028726,-2.1750476252652377e-05,2.1750476252652377e-05,0.99998549110657542,-1.4508998679603366e-05,1.4508998679603366e-05,7.2414775730490109e-06
715,264,0.99999811910135206,-1.8809004168858886e-06,1.8809004168858886e-06,0.99999831349908586,-1.6865023362787421e-06,1.6865023362787421e-06,1.9439808060714646e-07
716,538,0.99999480118161788,-5.1988318959983447e-06,5.1988318959983447e-06,0.99999571118936936,-4.2888198275892524e-06,4.2888198275892524e-06,9.1001206840909226e-07
717,315,0.99999957355705837,-4.2644303255332616e-07,4.2644303255332616e-07,0.99999962848697754,-3.7151309144658453e-07,3.7151309144658453e-07,5.4929941106741637e-08
718,6126,0.99983469304616179,-0.00016532061853864033,0.00016532061853864033,0.99986302727451137,-0.00013698210710910702,0.00013698210710910702,2.8338511429533311e-05
719,590,0.99999924293388243,-7.570664040960399e-07,7.570664040960399e-07,0.99999920879049708,-7.9120981596319692e-07,7.9120981596319692e-07,-3.4143411867157019e-08
720,32538,0.99983172152840549,-0.00016829263200515538,0.00016829263200515538,0.99983387140230195,-0.0001661423985820124,0.0001661423985820124,2.1502334231429817e-06
721,11,0.99999082224321012,-9.1777989057093877e-06,9.1777989057093877e-06,0.99999365455008571,-6.3454700467671065e-06,6.3454700467671065e-06,2.8323288589422812e-06
722,6244,0.99998939043538748,-1.0609620894360534e-05,1.0609620894360534e-05,0.99998598710526976,-1.401299291172337e-05,1.401299291172337e-05,-3.4033720173628358e-06
723,279,0.99999935432266851,-6.4567753992897138e-07,6.4567753992897138e-07,0.99999939204585975,-6.0795432504158578e-07,6.0795432504158578e-07,3.7723214887385605e-08
724,671,0.99997786913056519,-2.2131114326105354e-05,2.2131114326105354e-05,0.99997988972811114,-2.0110474103077735e-05,2.0110474103077735e-05,2.0206402230276189e-06
725,10090,0.99994058014072806,-5.9421624701663567e-05,5.9421624701663567e-05,0.99993785997392481,-6.2141956846589402e-05,6.2141956846589402e-05,-2.7203321449258355e-06
726,40771,0.99997312342079381,-2.6876940387935482e-05,2.6876940387935482e-05,0.99998408794768046,-1.5912178917616955e-05,1.5912178917616955e-05,1.0964761470318527e-05
727,315,0.99999974497575006,-2.5502428248032436e-07,2.5502428248032436e-07,0.99999980157293533,-1.9842708439447841e-07,1.9842708439447841e-07,5.6597198085845959e-08
728,279,0.99999895848802101,-1.0415125214187213e-06,1.0415125214187213e-06,0.9999993288059712,-6.7119425407825975e-07,6.7119425407825975e-07,3.7031826734046157e-07
729,26363,0.99999542782212625,-4.5721883262272151e-06,4.5721883262272151e-06,0.99999628682881547,-3.7131780783107423e-06,3.7131780783107423e-06,8.5901024791647288e-07
730,13,0.99307083340188007,-0.0069532847500256498,0.0069532847500256498,0.99289323040618971,-0.0071321429674531325,0.0071321429674531325,-0.00017885821742748276
731,2435,0.99985517419967351,-0.00014483628859542186,0.00014483628859542186,0.99983018465292084,-0.00016982976733770382,0.00016982976733770382,-2.4993478742281965e-05
732,1051,0.99999676742705901,-3.2325781657358083e-06,3.2325781657358083e-06,0.99999738594352372,-2.6140598929341463e-06,2.6140598929341463e-06,6.1851827280166193e-07
733,1766,0.99998187288112395,-1.8127283174234886e-05,1.8127283174234886e-05,0.99998654444816992,-1.3455642356798209e-05,1.3455642356798209e-05,4.6716408174366764e-06
734,4028,0.99999816789817508,-1.8321035032624209e-06,1.8321035032624209e-06,0.99999825091223582,-1.7490892938531421e-06,1.7490892938531421e-06,8.3014209409278771e-08
735,82739,0.9999995119569961,-4.8804312294870482e-07,4.8804312294870482e-07,0.99999965033916449,-3.4966089661220211e-07,3.4966089661220211e-07,1.3838222633650271e-07
736,263,0.99999993686923894,-6.3130763067291009e-08,6.3130763067291009e-08,0.9999999329671474,-6.7032854796201655e-08,6.7032854796201655e-08,-3.9020917289106459e-09
737,1603,0.99998718294131128,-1.2817140827964259e-05,1.2817140827964259e-05,0.9999894916866604,-1.0508368552278092e-05,1.0508368552278092e-05,2.3087722756861671e-06
738,279,0.99999948969719354,-5.1030293670945391e-07,5.1030293670945391e-07,0.99999959786245396,-4.0213762694271907e-07,4.0213762694271907e-07,1.0816530976673483e-07
739,8560,0.99998575602438367,-1.4244077062689319e-05,1.4244077062689319e-05,0.99998871415139334,-1.1285912292289004e-05,1.1285912292289004e-05,2.9581647704003143e-06
740,77080,0.99802079373212671,-0.0019811674847945117,0.0019811674847945117,0.99725961239222349,-0.0027441493438786842,0.0027441493438786842,-0.00076298185908417254
741,9483,0.99988834929903359,-0.00011165693436989561,0.00011165693436989561,0.99988464574243507,-0.00011536091137903151,0.00011536091137903151,-3.703977009135895e-06
742,337,0.99999012197244985,-9.8780763381822449e-06,9.8780763381822449e-06,0.9999889023469517,-1.1097714627695364e-05,1.1097714627695364e-05,-1.2196382895131186e-06
743,84267,0.99863271360082384,-0.0013682219881341472,0.0013682219881341472,0.99828491741079539,-0.0017165550271578522,0.0017165550271578522,-0.00034833303902370499
744,5493,0.99999801724524318,-1.9827567224603995e-06,1.9827567224603995e-06,0.99999745584454025,-2.5441586960861736e-06,2.5441586960861736e-06,-5.6140197362577407e-07
745,73691,0.99976579010650535,-0.00023423732491496864,0.00023423732491496864,0.99979980485062603,-0.00020021519109775541,0.00020021519109775541,3.4022133817213231e-05
746,304,0.99661055068463711,-0.00339520651152443,0.00339520651152443,0.99570430769658536,-0.0043049452977828445,0.0043049452977828445,-0.00090973878625841449
747,323,0.9999993346347944,-6.6536542700010648e-07,6.6536542700010648e-07,0.99999954202158581,-4.5797851904121297e-07,4.5797851904121297e-07,2.073869079588935e-07
748,40054,0.99999436484213799,-5.6351737395377799e-06,5.6351737395377799e-06,0.9999953529585085,-4.647052288996052e-06,4.647052288996052e-06,9.8812145054172797e-07
749,93583,0.99999545668788847,-4.5433224324434017e-06,4.5433224324434017e-06,0.99999466950557536,-5.3305086317225103e-06,5.3305086317225103e-06,-7.8718619927910866e-07
750,1124,0.99997953447677557,-2.046573264607821e-05,2.046573264607821e-05,0.99998143100593362,-1.8569166472297621e-05,1.8569166472297621e-05,1.8965661737805881e-06
751,382,0.99970887394968211,-0.00029116843573299522,0.00029116843573299522,0.99967132896884736,-0.00032872505531373827,0.00032872505531373827,-3.7556619580743052e-05
752,791,0.89495418139161897,-0.11098275599358276,0.11098275599358276,0.9261421006436511,-0.076727599690559742,0.076727599690559742,0.034255156303023018
753,15422,0.99982672836758546,-0.00017328664567812279,0.00017328664567812279,0.99986703844057989,-0.00013297039959189608,0.00013297039959189608,4.0316246086226712e-05
754,315,0.99999980456854676,-1.9543147233757438e-07,1.9543147233757438e-07,0.99999987505298493,-1.2494702291597628e-07,1.2494702291597628e-07,7.0484449421598101e-08
755,350,0.9999908300963406,-9.1699457032788284e-06,9.1699457032788284e-06,0.99999507417942957,-4.9258327023132469e-06,4.9258327023132469e-06,4.2441130009655814e-06
756,36071,0.99999374010966324,-6.2599099299120511e-06,6.2599099299120511e-06,0.99999529110591512,-4.7089051717885971e-06,4.7089051717885971e-06,1.5510047581234539e-06
757,20415,0.99993494254385218,-6.5059572475868239e-05,6.5059572475868239e-05,0.99993695374538472,-6.3048242113916613e-05,6.3048242113916613e-05,2.0113303619516263e-06
758,3384,0.99999975610192915,-2.4389810061559983e-07,2.4389810061559983e-07,0.99999975695546905,-2.4304456047390213e-07,2.4304456047390213e-07,8.5354014169769446e-10
759,2391,0.99998357139511407,-1.6428739836990508e-05,1.6428739836990508e-05,0.99998892031045505,-1.1079750925191662e-05,1.1079750925191662e-05,5.3489889117988462e-06
760,279,0.99999894722232019,-1.0527782339752695e-06,1.0527782339752695e-06,0.99999936995163585,-6.3004856268260033e-07,6.3004856268260033e-07,4.227296712926692e-07
761,15629,0.99998736569242375,-1.2634387389800578e-05,1.2634387389800578e-05,0.99998414774992039,-1.5852375727794878e-05,1.5852375727794878e-05,-3.2179883379943005e-06
762,4376,0.99998825135438474,-1.1748714631095834e-05,1.1748714631095834e-05,0.99999256911868761,-7.4309089215002271e-06,7.4309089215002271e-06,4.3178057095956071e-06
763,315,0.99999992408502503,-7.5914977864563695e-08,7.5914977864563695e-08,0.99999993598255921,-6.4017442851582625e-08,6.4017442851582625e-08,1.189753501298107e-08
764,279,0.99999878962102917,-1.2103797033689242e-06,1.2103797033689242e-06,0.99999909129998943,-9.0870042348672591e-07,9.0870042348672591e-07,3.0167927988219828e-07
765,56983,0.99999856669677567,-1.4333042515053182e-06,1.4333042515053182e-06,0.99999914488582764,-8.5511453794240418e-07,8.5511453794240418e-07,5.7818971356291404e-07
766,74495,0.99999807316232847,-1.9268395278690218e-06,1.9268395278690218e-06,0.99999788659808631,-2.113404146881912e-06,2.113404146881912e-06,-1.8656461901289028e-07
767,439,0.99994757993222438,-5.2421441755427911e-05,5.2421441755427911e-05,0.99994171645994734,-5.8285238604131274e-05,5.8285238604131274e-05,-5.8637968487033627e-06
768,264,0.99999973176727841,-2.6823275755775448e-07,2.6823275755775448e-07,0.99999975776581784,-2.4223421154938609e-07,2.4223421154938609e-07,2.5998546008368382e-08
769,1121,0.99998724018745366,-1.2759893953416439e-05,1.2759893953416439e-05,0.9999901057435916,-9.8943053568499796e-06,9.8943053568499796e-06,2.8655885965664591e-06
770,315,0.99999975910845207,-2.4089157698156267e-07,2.4089157698156267e-07,0.99999978303071146,-2.1696931207126446e-07,2.1696931207126446e-07,2.3922264910298208e-08
771,2167,0.99999853988082499,-1.4601202409970721e-06,1.4601202409970721e-06,0.99999883698636516,-1.16301431112503e-06,1.16301431112503e-06,2.9710592987204212e-07
772,6696,0.9999990609000422,-9.3910039880364898e-07,9.3910039880364898e-07,0.99999871852279709,-1.2814780239455055e-06,1.2814780239455055e-06,-3.4237762514185656e-07
773,4398,0.99999201548977179,-7.9845421045601571e-06,7.9845421045601571e-06,0.99999055418172589,-9.4458628861032702e-06,9.4458628861032702e-06,-1.4613207815431131e-06
774,449,0.99999865034476343,-1.3496561473276944e-06,1.3496561473276944e-06,0.99999882913862925,-1.1708620561914353e-06,1.1708620561914353e-06,1.7879409113625916e-07
775,5734,0.99998911218537501,-1.0887873897719239e-05,1.0887873897719239e-05,0.99999087986678792,-9.1201748007369115e-06,9.1201748007369115e-06,1.7676990969823271e-06
776,13,0.99996649052655306,-3.3510034901866014e-05,3.3510034901866014e-05,0.99997379764940086,-2.6202693886679432e-05,2.6202693886679432e-05,7.3073410151865816e-06
777,350,0.99958181980965777,-0.00041826765206207268,0.00041826765206207268,0.99949951723709085,-0.00050060804621026135,0.00050060804621026135,-8.234039414818867e-05
778,36071,0.99999715805996026,-2.84194407806748e-06,2.84194407806748e-06,0.99999760768391632,-2.3923189452794018e-06,2.3923189452794018e-06,4.4962513278807819e-07
779,9474,0.99968903007207344,-0.00031101828910072571,0.00031101828910072571,0.99961737957803865,-0.0003826936398320918,0.0003826936398320918,-7.167535073136609e-05
780,574,0.99999599755008006,-4.0024579297222307e-06,4.0024579297222307e-06,0.99999768327590055,-2.3167267830978984e-06,2.3167267830978984e-06,1.6857311466243322e-06
781,18908,0.9999913114948793,-8.6885428659288596e-06,8.6885428659288596e-06,0.99999345049320398,-6.5495282441626025e-06,6.5495282441626025e-06,2.1390146217662571e-06
782,439,0.99999950042453611,-4.9957558867613475e-07,4.9957558867613475e-07,0.99999972478690746,-2.7521313038371383e-07,2.7521313038371383e-07,2.2436245829242092e-07
783,279,0.99999946213997304,-5.3786017163852436e-07,5.3786017163852436e-07,0.99999926600708211,-7.3399318730772722e-07,7.3399318730772722e-07,-1.9613301566920285e-07
784,8776,0.9999949298501094,-5.0701627438469968e-06,5.0701627438469968e-06,0.99999585374628219,-4.1462623135201947e-06,4.1462623135201947e-06,9.2390043032680207e-07
785,6864,0.99999718900817669,-2.8109957741368928e-06,2.8109957741368928e-06,0.99999728767155727,-2.7123321211390377e-06,2.7123321211390377e-06,9.8663652997855075e-08
786,315,0.99999930087715994,-6.9912308439792284e-07,6.9912308439792284e-07,0.99999948312458131,-5.1687555222741386e-07,5.1687555222741386e-07,1.8224753217050898e-07
787,279,0.99999750686335642,-2.4931397513967754e-06,2.4931397513967754e-06,0.99999823027778501,-1.7697237809719272e-06,1.7697237809719272e-06,7.2341597042484827e-07
788,32447,0.99998592355672433,-1.4076542349733509e-05,1.4076542349733509e-05,0.99997983233340515,-2.0167869964966231e-05,2.0167869964966231e-05,-6.0913276152327227e-06
789,11,0.9999848197225234,-1.5180392698186786e-05,1.5180392698186786e-05,0.99998606642101362,-1.3933676059630087e-05,1.3933676059630087e-05,1.2467166385566987e-06
790,449,0.99998532369311632,-1.4676414581721581e-05,1.4676414581721581e-05,0.99998633687079364,-1.3663222547783132e-05,1.3663222547783132e-05,1.0131920339384491e-06
791,1202,0.99999900786642959,-9.9213406256851951e-07,9.9213406256851951e-07,0.99999888533058046,-1.1146700407497849e-06,1.1146700407497849e-06,-1.2253597818126543e-07
792,60996,0.99999344728218353,-6.552739285653558e-06,6.552739285653558e-06,0.99999270644577565,-7.2935808224633584e-06,7.2935808224633584e-06,-7.4084153680980042e-07
793,439,0.99999571244291519,-4.287566276372871e-06,4.287566276372871e-06,0.99999532301243343,-4.6769985036709285e-06,4.6769985036709285e-06,-3.8943222729805749e-07
794,46384,0.99999871500425008,-1.2849965755435018e-06,1.2849965755435018e-06,0.99999871584479927,-1.2841560252169975e-06,1.2841560252169975e-06,8.4055032650429087e-10
795,45619,0.9999954444682444,-4.5555421320582892e-06,4.5555421320582892e-06,0.99999536505843434,-4.6349523070696189e-06,4.6349523070696189e-06,-7.9410175011329695e-08
796,323,0.99976618308326015,-0.00023384425617677996,0.00023384425617677996,0.99967500803704479,-0.00032504478428781202,0.00032504478428781202,-9.1200528111032059e-05
797,539,0.99999683707280329,-3.1629321987426293e-06,3.1629321987426293e-06,0.9999978712090174,-2.128793248429266e-06,2.128793248429266e-06,1.0341389503133633e-06
798,17983,0.99964540001253388,-0.0003546628729081957,0.0003546628729081957,0.99954130998348578,-0.00045879524695981584,0.00045879524695981584,-0.00010413237405162013
799,523,0.99998822459098957,-1.1775478341070839e-05,1.1775478341070839e-05,0.99998366569793207,-1.6334435474108735e-05,1.6334435474108735e-05,-4.5589571330378955e-06
800,648,0.99999787008915575,-2.1299131124664948e-06,2.1299131124664948e-06,0.99999753921156687,-2.4607914608736727e-06,2.4607914608736727e-06,-3.3087834840717795e-07
801,728,0.99999870482656983,-1.2951742688687938e-06,1.2951742688687938e-06,0.99999845352871597,-1.5464724797729726e-06,1.5464724797729726e-06,-2.5129821090417877e-07
802,1771,0.99999755191100914,-2.4480919874847622e-06,2.4480919874847622e-06,0.99999760399616056,-2.3960067098702515e-06,2.3960067098702515e-06,5.2085277614510709e-08
803,11,0.94449527030460656,-0.05710459967131476,0.05710459967131476,0.9375070046087739,-0.064531049582791128,0.064531049582791128,-0.0074264499114763682
804,323,0.99992069589169619,-7.9307253040846934e-05,7.9307253040846934e-05,0.99988141799145558,-0.00011858903994662023,0.00011858903994662023,-3.9281786905773295e-05
805,1051,0.99996866640371862,-3.133408718880813e-05,3.133408718880813e-05,0.99996358605638591,-3.6414606617877499e-05,3.6414606617877499e-05,-5.0805194290693694e-06
806,20669,0.99982250638202008,-0.00017750937183629394,0.00017750937183629394,0.99985939680109803,-0.00014061308445838388,0.00014061308445838388,3.6896287377910064e-05
807,5370,0.9959676616439882,-0.0040404901535706821,0.0040404901535706821,0.99586218834591878,-0.0041463960854136997,0.0041463960854136997,-0.00010590593184301757
808,398,0.99999994877982523,-5.1220176121000398e-08,5.1220176121000398e-08,0.99999993517057906,-6.4829423060078489e-08,6.4829423060078489e-08,-1.3609246939078091e-08
809,439,0.99999768438140624,-2.3156212748644316e-06,2.3156212748644316e-06,0.9999972530052661,-2.7469985068642739e-06,2.7469985068642739e-06,-4.3137723199984225e-07
810,97974,0.99905587543791263,-0.00094457052840235512,0.00094457052840235512,0.99889469191808145,-0.0011059193853905484,0.0011059193853905484,-0.00016134885698819326
811,258,0.99994010740476857,-5.9894388864577237e-05,5.9894388864577237e-05,0.99992514311664815,-7.4859685268197272e-05,7.4859685268197272e-05,-1.4965296403620035e-05
812,10602,0.99992498476588099,-7.5018047902415642e-05,7.5018047902415642e-05,0.99991626282333934,-8.3740682813718145e-05,8.3740682813718145e-05,-8.7226349113025037e-06
813,30490,0.7226893999259536,-0.32477574812337262,0.32477574812337262,0.72037929476983376,-0.32797740739010767,0.32797740739010767,-0.0032016592667350463
814,8930,0.99990239830775518,-9.7606455599918212e-05,9.7606455599918212e-05,0.99990235163848151,-9.7653129430094973e-05,9.7653129430094973e-05,-4.6673830176761433e-08
815,276,0.99999901914013067,-9.8086035040176949e-07,9.8086035040176949e-07,0.99999835442697205,-1.645574381939698e-06,1.645574381939698e-06,-6.6471403153792853e-07
816,2933,0.99999866769849621,-1.3323023912962835e-06,1.3323023912962835e-06,0.99999853149224904,-1.4685088291944446e-06,1.4685088291944446e-06,-1.3620643789816115e-07
817,477,0.99999003806459796,-9.9619850224696507e-06,9.9619850224696507e-06,0.99998965789430549,-1.0342159174411119e-05,1.0342159174411119e-05,-3.8017415194146877e-07
818,97974,0.99993103933228644,-6.8963045609735983e-05,6.8963045609735983e-05,0.99991215211715279,-8.7851741698464727e-05,8.7851741698464727e-05,-1.8888696088728744e-05
819,3394,0.99996040400408648,-3.9596779855714828e-05,3.9596779855714828e-05,0.99992943747379492,-7.0565015857211838e-05,7.0565015857211838e-05,-3.096823600149701e-05
820,3244,0.99966047627657506,-0.00033958137465401933,0.00033958137465401933,0.99960061612649309,-0.00039946364848738035,0.00039946364848738035,-5.9882273833361023e-05
821,304,0.99997986023550689,-2.0139967300923799e-05,2.0139967300923799e-05,0.99998679889551689,-1.3201191618479697e-05,1.3201191618479697e-05,6.938775682444102e-06
822,12633,0.99997640022788337,-2.360005059561399e-05,2.360005059561399e-05,0.9999806756102001,-1.9324576518349736e-05,1.9324576518349736e-05,4.2754740772642538e-06
823,32051,0.99999987422093772,-1.2577907013160022e-07,1.2577907013160022e-07,0.99999983547672699,-1.6452328656068669e-07,1.6452328656068669e-07,-3.8744216429086465e-08
824,3573,0.97490735226325187,-0.025412835819033266,0.025412835819033266,0.97275542973298756,-0.027622585294977433,0.027622585294977433,-0.0022097494759441665
825,48865,0.99975962447027267,-0.0002404044245554312,0.0002404044245554312,0.99965918075928439,-0.00034087733279271093,0.00034087733279271093,-0.00010047290823727973
826,5146,0.95805470167555473,-0.042850402771313099,0.042850402771313099,0.95735871340302603,-0.043577126618687873,0.043577126618687873,-0.00072672384737477308
827,459,0.90810160735013179,-0.096399004273460112,0.096399004273460112,0.87090700531102694,-0.1382200755552854,0.1382200755552854,-0.041821071281825287
828,72542,0.99838297922439245,-0.0016183295647850524,0.0016183295647850524,0.99811595011893672,-0.0018858269354306493,0.0018858269354306493,-0.0002674973706455969
829,9120,0.99939020567857084,-0.00060998032160473989,0.00060998032160473989,0.99938427939570273,-0.00061591023807353073,0.00061591023807353073,-5.9299164687908346e-06
830,10196,0.9999995903646709,-4.0963541295575591e-07,4.0963541295575591e-07,0.99999943460853979,-5.6539162000484768e-07,5.6539162000484768e-07,-1.5575620704909177e-07
831,3573,0.99858932926298472,-0.0014116666697116705,0.0014116666697116705,0.9990245697926029,-0.00097590624903064411,0.00097590624903064411,0.00043576042068102635
832,942,0.99999238169632731,-7.6183326921329613e-06,7.6183326921329613e-06,0.99999285849611264,-7.141529388008165e-06,7.141529388008165e-06,4.7680330412479628e-07
833,315,0.99999948190630894,-5.1809382530111598e-07,5.1809382530111598e-07,0.9999994620646393,-5.3793550533724925e-07,5.3793550533724925e-07,-1.9841680036133265e-08
834,23070,0.99999468557819338,-5.314435928169605e-06,5.314435928169605e-06,0.99999357859010729,-6.4214305100738909e-06,6.4214305100738909e-06,-1.1069945819042859e-06
835,5146,0.99961167709247611,-0.00038839832438887923,0.00038839832438887923,0.9995790248204488,-0.00042106381447833564,0.00042106381447833564,-3.2665490089456403e-05
836,477,0.99998680774013449,-1.3192346884128611e-05,1.3192346884128611e-05,0.99999310057455215,-6.8994492489600579e-06,6.8994492489600579e-06,6.2928976351685531e-06
837,94786,0.99918790459783202,-0.00081242533027325555,0.00081242533027325555,0.99913316333739988,-0.00086721258275650258,0.00086721258275650258,-5.4787252483247026e-05
838,438,0.99999193068050662,-8.0693520505361792e-06,8.0693520505361792e-06,0.99998874099046897,-1.1259072914137237e-05,1.1259072914137237e-05,-3.1897208636010581e-06
839,5724,0.99999815159709216,-1.8484046161441859e-06,1.8484046161441859e-06,0.99999761040108537,-2.3896017697411402e-06,2.3896017697411402e-06,-5.4119715359695425e-07
840,3573,0.99905304436061071,-0.00094740428513484575,0.00094740428513484575,0.99927754968257709,-0.00072271141041219383,0.00072271141041219383,0.00022469287472265192
841,26680,0.99976466701313438,-0.00023536068201808645,0.00023536068201808645,0.9998003600742057,-0.00019965985649693499,0.00019965985649693499,3.5700825521151465e-05
842,315,0.99999943448782525,-5.6551233470810142e-07,5.6551233470810142e-07,0.99999954660933943,-4.5339076340251469e-07,4.5339076340251469e-07,1.1212157130558673e-07
843,279,0.99999768356598917,-2.3164366938178552e-06,2.3164366938178552e-06,0.9999980908652949,-1.9091365274514339e-06,1.9091365274514339e-06,4.0730016636642123e-07
844,44439,0.99998497134507647,-1.5028767854918125e-05,1.5028767854918125e-05,0.99998449301936054,-1.5507100873946039e-05,1.5507100873946039e-05,-4.7833301902791457e-07
845,4063,0.94432288282398757,-0.057287134428101252,0.057287134428101252,0.9484050810762229,-0.052973567280751734,0.052973567280751734,0.0043135671473495188
846,279,0.99989384870036668,-0.00010615693408131886,0.00010615693408131886,0.99985363311643838,-0.00014637759623930269,0.00014637759623930269,-4.022066215798383e-05
847,35414,0.99997462461442399,-2.5375707536598581e-05,2.5375707536598581e-05,0.99996766981842689,-3.233070420468767e-05,3.233070420468767e-05,-6.9549966680890881e-06
848,315,0.99999936726535443,-6.3273484573670042e-07,6.3273484573670042e-07,0.99999948925878845,-5.1074134201973595e-07,5.1074134201973595e-07,1.2199350371696447e-07
849,5734,0.99998201917618101,-1.7980985475916319e-05,1.7980985475916319e-05,0.99998435590556456,-1.5644216805603277e-05,1.5644216805603277e-05,2.3367686703130416e-06
850,6646,0.99989782043460973,-0.00010218478607766202,0.00010218478607766202,0.99990917168559346,-9.0832439547636367e-05,9.0832439547636367e-05,1.1352346530025658e-05
851,279,0.99999849400390917,-1.5059972248939105e-06,1.5059972248939105e-06,0.9999985514986961,-1.4485023530327376e-06,1.4485023530327376e-06,5.74948718611729e-08
852,48762,0.99992715943348953,-7.2843219513375854e-05,7.2843219513375854e-05,0.99989747276648666,-0.00010253248978938067,0.00010253248978938067,-2.9689270276004817e-05
853,598,0.9999886435991181,-1.1356465366283938e-05,1.1356465366283938e-05,0.99998442885921401,-1.5571262017416187e-05,1.5571262017416187e-05,-4.2147966511322495e-06
854,320,0.99993185261959239,-6.8149702545871157e-05,6.8149702545871157e-05,0.99994141539260384,-5.8586323541280441e-05,5.8586323541280441e-05,9.5633790045907151e-06
855,81,0.99813822927054796,-0.0018635059786684947,0.0018635059786684947,0.99803230184693925,-0.0019696366143601221,0.0019696366143601221,-0.00010613063569162745
856,27898,0.99996225610606748,-3.7744606251187933e-05,3.7744606251187933e-05,0.99995940833498298,-4.0592488880954098e-05,4.0592488880954098e-05,-2.8478826297661649e-06
857,315,0.99999812890835971,-1.8710933907740434e-06,1.8710933907740434e-06,0.99999857219188337,-1.4278091358990288e-06,1.4278091358990288e-06,4.4328425487501458e-07
858,14154,0.99999956916397359,-4.3083611922987046e-07,4.3083611922987046e-07,0.99999957092931369,-4.2907077833824591e-07,4.2907077833824591e-07,1.7653408916245522e-09
859,57664,0.99999932647411294,-6.7352611388107314e-07,6.7352611388107314e-07,0.99999946786482397,-5.3213531766843526e-07,5.3213531766843526e-07,1.4139079621263788e-07
860,8,0.99653328803320185,-0.0034727349366918702,0.0034727349366918702,0.99641593500251457,-0.0035905031462041773,0.0035905031462041773,-0.00011776820951230711
861,330,0.97489921241704047,-0.025421185207489354,0.025421185207489354,0.97225038184388746,-0.028141913203865859,0.028141913203865859,-0.0027207279963765048
862,101538,0.97730341759694661,-0.022958114665106069,0.022958114665106069,0.97492001319878885,-0.025399849094401669,0.025399849094401669,-0.0024417344292956
863,1,0.99908700434826347,-0.00091341268611962536,0.00091341268611962536,0.99895938742925017,-0.0010411543839220208,0.0010411543839220208,-0.00012774169780239541
864,320,0.99999089392108265,-9.1061203779610669e-06,9.1061203779610669e-06,0.99998456045309503,-1.5439666096026818e-05,1.5439666096026818e-05,-6.3335457180657514e-06
865,42,0.99290360442110892,-0.0071216947536807884,0.0071216947536807884,0.99123652880858371,-0.008802096230259163,0.008802096230259163,-0.0016804014765783746
866,826,0.9999957848813521,-4.2151275315795354e-06,4.2151275315795354e-06,0.99999575177237832,-4.248236645477121e-06,4.248236645477121e-06,-3.3109113897585642e-08
867,3677,0.99851230735573926,-0.0014888003577237174,0.0014888003577237174,0.99849728000581317,-0.0015038502102847871,0.0015038502102847871,-1.5049852561069754e-05
868,644,0.99694553777826411,-0.0030591366123944074,0.0030591366123944074,0.9974090443857202,-0.0025943179488061331,0.0025943179488061331,0.00046481866358827426
869,279,0.99966727337443029,-0.00033278199135480964,0.00033278199135480964,0.99868767495534461,-0.0013131868972698242,0.0013131868972698242,-0.0009804049059150147
870,220,0.99999572951311544,-4.2704960031696082e-06,4.2704960031696082e-06,0.99999659819544129,-3.4018103448467213e-06,3.4018103448467213e-06,8.6868565832288695e-07
871,1032,0.99999294622851032,-7.0537963676926021e-06,7.0537963676926021e-06,0.9999847909423798,-1.5209173279104118e-05,1.5209173279104118e-05,-8.1553769114115162e-06
872,339,0.99999875573260277,-1.2442681713308739e-06,1.2442681713308739e-06,0.99999851241279725,-1.4875883091895996e-06,1.4875883091895996e-06,-2.4332013785872577e-07
873,9478,0.99999779303879011,-2.2069636452074281e-06,2.2069636452074281e-06,0.99999751987750629,-2.4801255691634309e-06,2.4801255691634309e-06,-2.7316192395600271e-07
874,11,0.99999955890677739,-4.4109331984338754e-07,4.4109331984338754e-07,0.99999960804288324,-3.9195719360284431e-07,3.9195719360284431e-07,4.9136126240543227e-08
875,57664,0.99999605479897258,-3.9452088097362902e-06,3.9452088097362902e-06,0.99999638534448576,-3.6146620471110769e-06,3.6146620471110769e-06,3.3054676262521329e-07
876,44660,0.99994986844938138,-5.0132807246781024e-05,5.0132807246781024e-05,0.99994896333907901,-5.1037963335630104e-05,5.1037963335630104e-05,-9.0515608884907957e-07
877,315,0.99999979399166627,-2.0600835491599084e-07,2.0600835491599084e-07,0.99999986090803605,-1.3909197359116094e-07,1.3909197359116094e-07,6.6916381324829903e-08
878,264,0.99999907958158796,-9.2041883566824424e-07,9.2041883566824424e-07,0.99999936716391391,-6.3283628630618104e-07,6.3283628630618104e-07,2.8758254936206319e-07
879,95536,0.9999987572352621,-1.2427655100944021e-06,1.2427655100944021e-06,0.99999891381029216,-1.0861902977731339e-06,1.0861902977731339e-06,1.5657521232126815e-07
880,17516,0.99999914319727967,-8.5680308735176968e-07,8.5680308735176968e-07,0.99999905690188007,-9.430985646141693e-07,9.430985646141693e-07,-8.6295477262399613e-08
881,323,0.99999927773886033,-7.2226140053696754e-07,7.2226140053696754e-07,0.99999942580929502,-5.7419086987139802e-07,5.7419086987139802e-07,1.4807053066556952e-07
882,11380,0.99999851627146363,-1.4837296371005639e-06,1.4837296371005639e-06,0.99999844478405531,-1.5552171540740456e-06,1.5552171540740456e-06,-7.1487516973481734e-08
883,8502,0.99999668380310802,-3.316202390576074e-06,3.316202390576074e-06,0.99999779325976634,-2.2067426684585825e-06,2.2067426684585825e-06,1.1094597221174914e-06
884,520,0.99999734678317898,-2.6532203408236374e-06,2.6532203408236374e-06,0.99999630907553605,-3.690931275446877e-06,3.690931275446877e-06,-1.0377109346232395e-06
885,279,0.9999995105359627,-4.8946415709951931e-07,4.8946415709951931e-07,0.99999969285050327,-3.0714954392403171e-07,3.0714954392403171e-07,1.823146131754876e-07
886,63263,0.99999870151970349,-1.2984811395764057e-06,1.2984811395764057e-06,0.99999879032442718,-1.2096763044371929e-06,1.2096763044371929e-06,8.8804835139212794e-08
887,315,0.99999966365893134,-3.3634112523202558e-07,3.3634112523202558e-07,0.99999972725901265,-2.727410245415232e-07,2.727410245415232e-07,6.3600100690502376e-08
888,279,0.99999963888179122,-3.6111827402836912e-07,3.6111827402836912e-07,0.99999972708626184,-2.7291377541906834e-07,2.7291377541906834e-07,8.8204498609300783e-08
889,24971,0.99999138330742821,-8.6167296957247339e-06,8.6167296957247339e-06,0.99999281491588921,-7.1851099236451525e-06,7.1851099236451525e-06,1.4316197720795814e-06
890,343,0.99999989902755515,-1.0097244996607893e-07,1.0097244996607893e-07,0.99999989062779671,-1.0937220930336861e-07,1.0937220930336861e-07,-8.3997593372896794e-09
891,11188,0.99999848447680373,-1.5155243446933667e-06,1.5155243446933667e-06,0.99999886101028401,-1.1389903646333032e-06,1.1389903646333032e-06,3.7653398006006346e-07
892,11,0.99996837868215771,-3.1621817806692538e-05,3.1621817806692538e-05,0.99996692816641564,-3.3072380469557807e-05,3.3072380469557807e-05,-1.4505626628652692e-06
893,389,0.99999939375244873,-6.0624773498699207e-07,6.0624773498699207e-07,0.99999896304882274,-1.0369517148742673e-06,1.0369517148742673e-06,-4.3070397988727526e-07
894,1948,0.99999964498789173,-3.5501217125975768e-07,3.5501217125975768e-07,0.99999960950171052,-3.9049836578215764e-07,3.9049836578215764e-07,-3.5486194522399967e-08
895,315,0.99999879042303275,-1.2095776987662692e-06,1.2095776987662692e-06,0.99999912953038128,-8.7046999758704579e-07,8.7046999758704579e-07,3.3910770117922343e-07
896,3766,0.99999446816702342,-5.5318482771780427e-06,5.5318482771780427e-06,0.99999339559463074,-6.6044271784243262e-06,6.6044271784243262e-06,-1.0725789012462834e-06
897,9191,0.99999065306402179,-9.3469796610578441e-06,9.3469796610578441e-06,0.99999293055287797,-7.069472110722041e-06,7.069472110722041e-06,2.2775075503358031e-06
898,25861,0.99999873150438734,-1.2684964171650453e-06,1.2684964171650453e-06,0.99999860329484214,-1.3967061332417983e-06,1.3967061332417983e-06,-1.2820971607675303e-07
899,13,0.99997724295042012,-2.27573085254303e-05,2.27573085254303e-05,0.99997930030108217,-2.0699913159502237e-05,2.0699913159502237e-05,2.0573953659280635e-06
900,57664,0.99991301090410745,-8.6992879663355893e-05,8.6992879663355893e-05,0.99990714372531508,-9.2860586095695849e-05,9.2860586095695849e-05,-5.867706432339956e-06
901,574,0.99999881068568541,-1.1893150217756515e-06,1.1893150217756515e-06,0.99999895928387872,-1.0407166628689022e-06,1.0407166628689022e-06,1.4859835890674932e-07
902,1243,0.9999967128862628,-3.2871191397573312e-06,3.2871191397573312e-06,0.99999636647885781,-3.6335277434680831e-06,3.6335277434680831e-06,-3.4640860371075186e-07
903,23183,0.99996520744347661,-3.4793161798408137e-05,3.4793161798408137e-05,0.99996815762319857,-3.1842883780664385e-05,3.1842883780664385e-05,2.9502780177437522e-06
904,555,0.9999990519333366,-9.480671128184333e-07,9.480671128184333e-07,0.99999913744951374,-8.6255085822140165e-07,8.6255085822140165e-07,8.5516254597031654e-08
905,279,0.99999931221690985,-6.8778332669052231e-07,6.8778332669052231e-07,0.99999930722040931,-6.9277983067154821e-07,6.9277983067154821e-07,-4.9965039810259085e-09
906,7904,0.99997243747059661,-2.7562909256876034e-05,2.7562909256876034e-05,0.99997636589437888,-2.3634384911021101e-05,2.3634384911021101e-05,3.9285243458549335e-06
907,1534,0.99997753449910087,-2.2465753252254163e-05,2.2465753252254163e-05,0.99998115558950962,-1.8844588048507232e-05,1.8844588048507232e-05,3.6211652037469308e-06
908,32447,0.99991952220344182,-8.0481035069790351e-05,8.0481035069790351e-05,0.99988003191950969,-0.00011997527723606275,0.00011997527723606275,-3.9494242166272398e-05
909,315,0.99999889243276796,-1.1075678453712356e-06,1.1075678453712356e-06,0.99999914537761503,-8.5462275019707194e-07,8.5462275019707194e-07,2.5294509517416368e-07
910,31779,0.99999826540906767,-1.7345924367431676e-06,1.7345924367431676e-06,0.9999984845638753,-1.5154372729200809e-06,1.5154372729200809e-06,2.1915516382308673e-07
911,391,0.99999862997132527,-1.3700296131818414e-06,1.3700296131818414e-06,0.99999778628729574,-2.2137151545128609e-06,2.2137151545128609e-06,-8.4368554133101945e-07
912,1494,0.99999990379519976,-9.6204804824478204e-08,9.6204804824478204e-08,0.9999998996093814,-1.0039062365979318e-07,1.0039062365979318e-07,-4.1858188353149712e-09
913,275,0.99999840602391299,-1.5939773573737599e-06,1.5939773573737599e-06,0.99999791454306042,-2.0854591141985927e-06,2.0854591141985927e-06,-4.9148175682483282e-07
914,439,0.99957572561040875,-0.00042436441943592777,0.00042436441943592777,0.99948611297472556,-0.00051401911046494481,0.00051401911046494481,-8.9654691029017041e-05
915,25819,0.99996383619587581,-3.6164458050329553e-05,3.6164458050329553e-05,0.9999618346643292,-3.8166063985785962e-05,3.8166063985785962e-05,-2.0016059354564089e-06
916,304,0.99999889408684561,-1.1059137658855138e-06,1.1059137658855138e-06,0.99999887498009188,-1.1250205409398182e-06,1.1250205409398182e-06,-1.9106775054304412e-08
917,279,0.99999912013517422,-8.7986521285273872e-07,8.7986521285273872e-07,0.99999905535151878,-9.4464892743222149e-07,9.4464892743222149e-07,-6.4783714579482769e-08
918,25706,0.99999860930843076,-1.3906925362315196e-06,1.3906925362315196e-06,0.99999847564143596,-1.5243597259022295e-06,1.5243597259022295e-06,-1.3366718967070988e-07
919,384,0.99999933957018128,-6.6043003684449202e-07,6.6043003684449202e-07,0.99999908736908605,-9.1263133039298675e-07,9.1263133039298675e-07,-2.5220129354849473e-07
920,360,0.99999983788578006,-1.6211423310883224e-07,1.6211423310883224e-07,0.9999998668859249,-1.3311408399986304e-07,1.3311408399986304e-07,2.9000149108969193e-08
921,16035,0.99999919558436279,-8.0441596070760323e-07,8.0441596070760323e-07,0.9999990656204425,-9.3437999405079165e-07,9.3437999405079165e-07,-1.2996403334318842e-07
922,33894,0.99998525497383128,-1.4745134877652657e-05,1.4745134877652657e-05,0.99998461497517588,-1.5385143174856895e-05,1.5385143174856895e-05,-6.40008297204238e-07
923,30162,0.99997339805115171,-2.660230268636909e-05,2.660230268636909e-05,0.99997814830351983,-2.1851935231926629e-05,2.1851935231926629e-05,4.7503674544424605e-06
924,28985,0.999998559341996,-1.440659041705023e-06,1.440659041705023e-06,0.99999831152596197,-1.6884754634969477e-06,1.6884754634969477e-06,-2.4781642179192471e-07
925,2171,0.99968973534200967,-0.00031031280002743967,0.00031031280002743967,0.99965088592987628,-0.00034917502462786221,0.00034917502462786221,-3.8862224600422538e-05
926,351,0.99999895207831757,-1.0479222314797432e-06,1.0479222314797432e-06,0.99999864502064917,-1.3549802688212566e-06,1.3549802688212566e-06,-3.0705803734151344e-07
927,3105,0.99999887759238348,-1.1224082463858579e-06,1.1224082463858579e-06,0.99999885749615591,-1.142504496717794e-06,1.142504496717794e-06,-2.0096250331936096e-08
928,902,0.88733727146924357,-0.1195301305353425,0.1195301305353425,0.87009092429398815,-0.13915756211162361,0.13915756211162361,-0.019627431576281107
929,1672,0.99997102931536741,-2.8971104290927108e-05,2.8971104290927108e-05,0.9999792119384634,-2.0788277611398616e-05,2.0788277611398616e-05,8.1828266795284924e-06
930,17890,0.99999610339150546,-3.8966160863495758e-06,3.8966160863495758e-06,0.99999588343935841,-4.1165691146160802e-06,4.1165691146160802e-06,-2.1995302826650439e-07
931,1202,0.99999546023083796,-4.5397794668481857e-06,4.5397794668481857e-06,0.99999485574224112,-5.1442709905956336e-06,5.1442709905956336e-06,-6.0449152374744787e-07
932,62366,0.99999606551469911,-3.9344930410496224e-06,3.9344930410496224e-06,0.99999668007593112,-3.3199295798674143e-06,3.3199295798674143e-06,6.1456346118220814e-07
933,555,0.9999994996168754,-5.0038324976556142e-07,5.0038324976556142e-07,0.9999994614108495,-5.3858929556257032e-07,5.3858929556257032e-07,-3.8206045797008898e-08
934,53690,0.99999717851547798,-2.8214885023605493e-06,2.8214885023605493e-06,0.99999763873835845,-2.361264429301023e-06,2.361264429301023e-06,4.6022407305952633e-07
935,19580,0.99999937617026446,-6.2382993008666937e-07,6.2382993008666937e-07,0.99999920549823407,-7.9450208158871406e-07,7.9450208158871406e-07,-1.7067215150204469e-07
936,18276,0.99992241013281835,-7.7592877431114824e-05,7.7592877431114824e-05,0.99993094916625769,-6.905321786092417e-05,6.905321786092417e-05,8.5396595701906538e-06
937,309,0.99999970431188956,-2.9568815421083359e-07,2.9568815421083359e-07,0.99999976784715583,-2.3215287106900013e-07,2.3215287106900013e-07,6.3535283141833457e-08
938,468,0.99999444155078077,-5.5584646674482076e-06,5.5584646674482076e-06,0.9999959770096748,-4.0229984174323476e-06,4.0229984174323476e-06,1.53546625001586e-06
939,324,0.99999412827951506,-5.8717377235643211e-06,5.8717377235643211e-06,0.99999468531085367,-5.314703269341306e-06,5.314703269341306e-06,5.5703445422301506e-07
940,3178,0.99999977740126655,-2.2259875818671938e-07,2.2259875818671938e-07,0.99999976460659978,-2.3539342791148203e-07,2.3539342791148203e-07,-1.279466972476265e-08
941,382,0.58701145348740846,-0.53271094744080338,0.53271094744080338,0.51315485561968555,-0.66717761655637331,0.66717761655637331,-0.13446666911556993
942,40141,0.34940215057298696,-1.0515317262553676,1.0515317262553676,0.5153918730752447,-0.66282774907747233,0.66282774907747233,0.38870397717789529
943,324,0.99972975015209997,-0.00027028637197069069,0.00027028637197069069,0.99960749186610187,-0.0003925851853785429,0.0003925851853785429,-0.00012229881340785221
944,647,0.99999802883943778,-1.9711625049251194e-06,1.9711625049251194e-06,0.99999821210103135,-1.7879005669115739e-06,1.7879005669115739e-06,1.8326193801354554e-07
945,330,0.85749067484087182,-0.15374497482231411,0.15374497482231411,0.84281833362248615,-0.17100384405841379,0.17100384405841379,-0.017258869236099678
946,101876,0.48533677404100728,-0.72291224954853761,0.72291224954853761,0.47253443801729339,-0.74964465001161529,0.74964465001161529,-0.026732400463077677
947,101385,0.99584361959601642,-0.0041650421623884203,0.0041650421623884203,0.9958637186387248,-0.0041448594354152411,0.0041448594354152411,2.0182726973179237e-05
948,100759,0.99859650671850608,-0.0014044791006912096,0.0014044791006912096,0.99852441197229402,-0.001476677779868455,0.001476677779868455,-7.2198679177245357e-05
949,101001,0.9894003257493692,-0.010656250949277175,0.010656250949277175,0.9887641433287343,-0.011299455751013803,0.011299455751013803,-0.00064320480173662813
950,30707,0.67342722605645788,-0.39537534233819238,0.39537534233819238,0.68476915001955208,-0.37867350479035061,0.37867350479035061,0.016701837547841769
951,100343,0.80767132982856216,-0.21360007322856148,0.21360007322856148,0.78550366677816053,-0.24143015321567551,0.24143015321567551,-0.027830079987114037
952,30707,0.95274775434242986,-0.048405096258045927,0.048405096258045927,0.95530780628802503,-0.045721680182956081,0.045721680182956081,0.002683416075089845
953,1,0.93400762410114535,-0.068270677937418311,0.068270677937418311,0.938088696679793,-0.063910775086246333,0.063910775086246333,0.004359902851171979
954,902,0.99799091093754033,-0.0020111099891582424,0.0020111099891582424,0.99776670305053738,-0.0022357944762670082,0.0022357944762670082,-0.00022468448710876582
955,374,0.99999848318946849,-1.5168116818657354e-06,1.5168116818657354e-06,0.99999804418406535,-1.9558178473115646e-06,1.9558178473115646e-06,-4.390061654458292e-07
956,264,0.99999465390049136,-5.3461137990643035e-06,5.3461137990643035e-06,0.99999310150703535,-6.8985167593129579e-06,6.8985167593129579e-06,-1.5524029602486545e-06
957,13970,0.99999027815770025,-9.7218895572000795e-06,9.7218895572000795e-06,0.99998966956196456,-1.0330491394812136e-05,1.0330491394812136e-05,-6.0860183761205603e-07
958,836,0.99999841095015518,-1.5890511073678691e-06,1.5890511073678691e-06,0.99999885345249362,-1.1465481637094768e-06,1.1465481637094768e-06,4.4250294365839234e-07
959,369,0.99999892970185322,-1.070298719535187e-06,1.070298719535187e-06,0.99999888756346944,-1.112437149366428e-06,1.112437149366428e-06,-4.2138429831241021e-08
960,279,0.99999923108917599,-7.6891111959317818e-07,7.6891111959317818e-07,0.99999928392572801,-7.1607452841975315e-07,7.1607452841975315e-07,5.283659117342503e-08
961,3363,0.99999666910285612,-3.3309026913230392e-06,3.3309026913230392e-06,0.99999763333430458,-2.3666684959321664e-06,2.3666684959321664e-06,9.6423419539087275e-07
962,315,0.99999964167051825,-3.5832954600605899e-07,3.5832954600605899e-07,0.99999970880548461,-2.9119455781329215e-07,2.9119455781329215e-07,6.713498819276684e-08
963,57664,0.9999992541876872,-7.4581259090025664e-07,7.4581259090025664e-07,0.99999919650044566,-8.0349987712458297e-07,8.0349987712458297e-07,-5.7687286224326337e-08
964,374,0.99921501254582878,-0.00078529571815563011,0.00078529571815563011,0.99898557687218348,-0.0010149380031880325,0.0010149380031880325,-0.00022964228503240237
965,10212,0.99999793554552541,-2.0644566056360785e-06,2.0644566056360785e-06,0.99999813640556257,-1.8635961739377942e-06,1.8635961739377942e-06,2.0086043169828421e-07
966,304,0.99999708833424517,-2.9116699936933285e-06,2.9116699936933285e-06,0.9999962537606002,-3.7462464169438353e-06,3.7462464169438353e-06,-8.3457642325050676e-07
967,356,0.99999330108724693,-6.698935190920316e-06,6.698935190920316e-06,0.99999366451121896,-6.335508850331208e-06,6.335508850331208e-06,3.6342634058910806e-07
968,13873,0.99999799694599412,-2.0030560120004756e-06,2.0030560120004756e-06,0.99999798096404868,-2.0190379895755781e-06,2.0190379895755781e-06,-1.5981977575102429e-08
969,220,0.9999979625112112,-2.0374908644575162e-06,2.0374908644575162e-06,0.99999797061633477,-2.0293857243929118e-06,2.0293857243929118e-06,8.1051400646044573e-09
970,975,0.99999991618741169,-8.3812591796154732e-08,8.3812591796154732e-08,0.99999991243062902,-8.7569374803099931e-08,8.7569374803099931e-08,-3.7567830069451991e-09
971,16662,0.9999837314583756,-1.6268673958534699e-05,1.6268673958534699e-05,0.99997570419613502,-2.4296099012853288e-05,2.4296099012853288e-05,-8.0274250543185886e-06
972,46962,0.99998109029594884,-1.8909882841829946e-05,1.8909882841829946e-05,0.99998330114828349,-1.6698991143855e-05,1.6698991143855e-05,2.2108916979749469e-06
973,354,0.99999824506520563,-1.754936334230498e-06,1.754936334230498e-06,0.99999803972926649,-1.9602726548824722e-06,1.9602726548824722e-06,-2.0533632065197418e-07
974,11,0.99996931490358831,-3.0685567208870579e-05,3.0685567208870579e-05,0.99997670790487614,-2.3292366388939939e-05,2.3292366388939939e-05,7.3932008199306397e-06
975,902,0.99999465555525535,-5.3444590262645179e-06,5.3444590262645179e-06,0.99999587087934994,-4.1291291748942611e-06,4.1291291748942611e-06,1.2153298513702567e-06
976,374,0.99999991446019854,-8.5539805133249907e-08,8.5539805133249907e-08,0.99999990204606126,-9.7953943488446059e-08,9.7953943488446059e-08,-1.2414138355196152e-08
977,1457,0.99999988909911319,-1.1090089298117942e-07,1.1090089298117942e-07,0.99999991471114802,-8.5288855671268827e-08,8.5288855671268827e-08,2.5612037309910595e-08
978,328,0.99999806712145645,-1.9328804115504608e-06,1.9328804115504608e-06,0.99999798244683391,-2.0175552013451477e-06,2.0175552013451477e-06,-8.4674789794686878e-08
979,25415,0.99999962337972814,-3.7662034282308258e-07,3.7662034282308258e-07,0.9999996343433204,-3.6565674642017165e-07,3.6565674642017165e-07,1.0963596402910923e-08
980,11,0.99998456113082701,-1.5438988353525924e-05,1.5438988353525924e-05,0.99998823773910583,-1.1762330070130928e-05,1.1762330070130928e-05,3.6766582833949963e-06
981,323,0.9999995589317241,-4.410683731430277e-07,4.410683731430277e-07,0.99999946844276499,-5.3155737628130958e-07,5.3155737628130958e-07,-9.0489003138281882e-08
982,735,0.99998828151692221,-1.1718551739783354e-05,1.1718551739783354e-05,0.99998804546994446,-1.1954601511461956e-05,1.1954601511461956e-05,-2.3604977167860231e-07
983,1727,0.99999508217948985,-4.9178326026927841e-06,4.9178326026927841e-06,0.99999454625262185,-5.4537622499005544e-06,5.4537622499005544e-06,-5.359296472077703e-07
984,64,0.99999838154693099,-1.6184543786589511e-06,1.6184543786589511e-06,0.99999767550415097,-2.3244985507220867e-06,2.3244985507220867e-06,-7.0604417206313554e-07
985,382,0.73473671486063874,-0.3082430550161735,0.3082430550161735,0.6994961753071165,-0.35739495264406329,0.35739495264406329,-0.049151897627889796
986,16397,0.9971497207757295,-0.0028543490052798312,0.0028543490052798312,0.99717661398256097,-0.0028273792898782413,0.0028273792898782413,2.6969715401589916e-05
987,279,0.99999546120859206,-4.5388017083048348e-06,4.5388017083048348e-06,0.99999533575880184,-4.6642520757837446e-06,4.6642520757837446e-06,-1.2545036747890984e-07
988,31402,0.9998894516849669,-0.00011055442594841577,0.00011055442594841577,0.99978730627606227,-0.00021271634645570809,0.00021271634645570809,-0.00010216192050729232
989,315,0.99999946126340755,-5.3873673754171112e-07,5.3873673754171112e-07,0.99999951897218153,-4.8102793414289608e-07,4.8102793414289608e-07,5.7708803398815038e-08
990,76086,0.99999849693890075,-1.5030622288448148e-06,1.5030622288448148e-06,0.99999886736828947,-1.1326323519664575e-06,1.1326323519664575e-06,3.7042987687835733e-07
991,426,0.99999692053530143,-3.079469440084445e-06,3.079469440084445e-06,0.99999811431645291,-1.8856853250036825e-06,1.8856853250036825e-06,1.1937841150807625e-06
992,23427,0.99999993402146437,-6.5978537788233402e-08,6.5978537788233402e-08,0.99999995520391138,-4.4796089611351189e-08,4.4796089611351189e-08,2.1182448176882212e-08
993,19870,0.99999962996730407,-3.7003276435720185e-07,3.7003276435720185e-07,0.99999966793867168,-3.3206138343584463e-07,3.3206138343584463e-07,3.7971380921357221e-08
994,505,0.99999008737543293,-9.9126736974192379e-06,9.9126736974192379e-06,0.99998622978916829,-1.3770305641934203e-05,1.3770305641934203e-05,-3.8576319445149655e-06
995,220,0.99999801186606418,-1.9881359121987282e-06,1.9881359121987282e-06,0.99999855852894903,-1.4414720899389455e-06,1.4414720899389455e-06,5.4666382225978272e-07
996,10410,0.99999975936506358,-2.4063496542250402e-07,2.4063496542250402e-07,0.99999959603759514,-4.0396248647010926e-07,4.0396248647010926e-07,-1.6332752104760524e-07
997,20,0.99999935115402105,-6.4884618944138133e-07,6.4884618944138133e-07,0.99999912229473564,-8.7770564955719419e-07,8.7770564955719419e-07,-2.2885946011581286e-07
998,311,0.99999894479824303,-1.0552023136885604e-06,1.0552023136885604e-06,0.99999843733170446,-1.5626695165074236e-06,1.5626695165074236e-06,-5.0746720281886322e-07
999,220,0.99999562313903068,-4.3768705478214335e-06,4.3768705478214335e-06,0.99999655191249781,-3.4480934468864964e-06,3.4480934468864964e-06,9.2877710093493702e-07
1000,9756,0.99999959961567186,-4.0038440829873967e-07,4.0038440829873967e-07,0.99999953051712887,-4.6948298130702579e-07,4.6948298130702579e-07,-6.9098573008286115e-08
1001,16,0.99999857726463759,-1.4227363744795193e-06,1.4227363744795193e-06,0.99999842406585904,-1.5759353827447756e-06,1.5759353827447756e-06,-1.5319900826525628e-07
1002,11,0.99999383624695604,-6.1637720399360308e-06,6.1637720399360308e-06,0.99999626064497749,-3.7393620139060465e-06,3.7393620139060465e-06,2.4244100260299843e-06
1003,279,0.99999773412929993,-2.2658732672025017e-06,2.2658732672025017e-06,0.99999753604670538,-2.4639563301076895e-06,2.4639563301076895e-06,-1.9808306290518772e-07
1004,3320,0.99998933724789807,-1.0662808949478967e-05,1.0662808949478967e-05,0.99999348713402114,-6.5128871876984381e-06,6.5128871876984381e-06,4.1499217617805293e-06
1005,2957,0.99998648602932638,-1.351406198818173e-05,1.351406198818173e-05,0.99997375772138863,-2.624262294595214e-05,2.624262294595214e-05,-1.272856095777041e-05
1006,1122,0.99999978948331514,-2.1051670700130504e-07,2.1051670700130504e-07,0.99999978264218181,-2.1735784186182949e-07,2.1735784186182949e-07,-6.8411348605244462e-09
1007,21080,0.99999937741066935,-6.2258952441547738e-07,6.2258952441547738e-07,0.99999948056174026,-5.1943839461448492e-07,5.1943839461448492e-07,1.0315112980099246e-07
1008,64765,0.99990755598000702,-9.2448293204741282e-05,9.2448293204741282e-05,0.99991914362550127,-8.0859643551550449e-05,8.0859643551550449e-05,1.1588649653190833e-05
1009,11,0.9999811625767866,-1.8837600639834764e-05,1.8837600639834764e-05,0.99997786569759073,-2.2134547376571178e-05,2.2134547376571178e-05,-3.2969467367364145e-06
1010,19762,0.99999080095173076,-9.1990905807820916e-06,9.1990905807820916e-06,0.99999118941814524,-8.8106206681404609e-06,8.8106206681404609e-06,3.8846991264163072e-07
1011,311,0.99999950730767106,-4.9269245025681509e-07,4.9269245025681509e-07,0.99999971310505054,-2.8689499057703277e-07,2.8689499057703277e-07,2.0579745967978232e-07
1012,1935,0.99999843593953641,-1.5640616867083299e-06,1.5640616867083299e-06,0.99999858251724971,-1.4174837549388038e-06,1.4174837549388038e-06,1.4657793176952614e-07
1013,9610,0.99999923367069421,-7.6632959946761405e-07,7.6632959946761405e-07,0.99999929231027929,-7.0768997112266652e-07,7.0768997112266652e-07,5.8639628344947525e-08
1014,315,0.99999912418475956,-8.7581562396847383e-07,8.7581562396847383e-07,0.99999916503763042,-8.349627181055993e-07,8.349627181055993e-07,4.0852905862874529e-08
1015,350,0.99999083863538274,-9.1614065828645094e-06,9.1614065828645094e-06,0.99999529028636325,-4.7097247274603933e-06,4.7097247274603933e-06,4.451681855404116e-06
1016,36071,0.99999867605151227,-1.3239493641290849e-06,1.3239493641290849e-06,0.99999883509569398,-1.1649049845404288e-06,1.1649049845404288e-06,1.5904437958865616e-07
1017,596,0.99991091020204859,-8.9093766683189343e-05,8.9093766683189343e-05,0.9999497043223462,-5.0296942523762909e-05,5.0296942523762909e-05,3.8796824159426434e-05
1018,5734,0.99998425649697265,-1.5743626957651395e-05,1.5743626957651395e-05,0.9999909131930711,-9.0868482142128371e-06,9.0868482142128371e-06,6.6567787434385581e-06
1019,6696,0.9999968268942363,-3.1731107979897756e-06,3.1731107979897756e-06,0.99999673595850191,-3.264046825112145e-06,3.264046825112145e-06,-9.0936027122369348e-08
1020,555,0.99999924272160434,-7.5727868235237513e-07,7.5727868235237513e-07,0.99999890346987574,-1.0965307254375344e-06,1.0965307254375344e-06,-3.3925204308515929e-07
1021,23664,0.9999812196238318,-1.8780552521718373e-05,1.8780552521718373e-05,0.99998363645441724,-1.6363679467060106e-05,1.6363679467060106e-05,2.416873054658267e-06
1022,1202,0.99999899968861838,-1.0003118819478517e-06,1.0003118819478517e-06,0.99999922983555722,-7.7016473939122318e-07,7.7016473939122318e-07,2.3014714255662848e-07
1023,6233,0.9999794088497771,-2.0591362223514776e-05,2.0591362223514776e-05,0.99998888036218836,-1.1119699635310269e-05,1.1119699635310269e-05,9.4716625882045073e-06
