token_index,token_id,probability,logprob,nll,reference_probability,reference_logprob,reference_nll,nll_drift
0,1692,0.68927453884861178,-0.37211562746516874,0.37211562746516874,0.68927453884861178,-0.37211562746516874,0.37211562746516874,0
1,10746,0.999785886290813,-0.00021413663479974361,0.00021413663479974361,0.999785886290813,-0.00021413663479974361,0.00021413663479974361,0
2,374,0.90328229655186221,-0.1017201536546596,0.1017201536546596,0.90328229655186221,-0.1017201536546596,0.1017201536546596,0
3,279,0.99809329637921007,-0.0019085236940669099,0.0019085236940669099,0.99809329637921007,-0.0019085236940669099,0.0019085236940669099,0
4,6864,0.99998914879741474,-1.0851261460030621e-05,1.0851261460030621e-05,0.99998914879741474,-1.0851261460030621e-05,1.0851261460030621e-05,0
5,3363,0.99952652791034846,-0.00047358421295428982,0.00047358421295428982,0.99952652791034846,-0.00047358421295428982,0.00047358421295428982,0
6,315,0.99999920211499194,-7.9788532635495968e-07,7.9788532635495968e-07,0.99999920211499194,-7.9788532635495968e-07,7.9788532635495968e-07,0
7,279,0.99999909335059645,-9.0664981455573217e-07,9.0664981455573217e-07,0.99999909335059645,-9.0664981455573217e-07,9.0664981455573217e-07,0
8,26363,0.99999847293242983,-1.5270687361152315e-06,1.5270687361152315e-06,0.99999847293242983,-1.5270687361152315e-06,1.5270687361152315e-06,0
9,11,0.95942332019251819,-0.041422883150466834,0.041422883150466834,0.95942332019251819,-0.041422883150466834,0.041422883150466834,0
10,18538,0.98460509970356147,-0.015514632204091416,0.015514632204091416,0.98460509970356147,-0.015514632204091416,0.015514632204091416,0
11,389,0.99193143252260396,-0.0081012945271154452,0.0081012945271154452,0.99193143252260396,-0.0081012945271154452,0.0081012945271154452,0
12,5651,0.99999084098385305,-9.1590580909935734e-06,9.1590580909935734e-06,0.99999084098385305,-9.1590580909935734e-06,9.1590580909935734e-06,0
13,220,0.9999991902338965,-8.097664313412655e-07,8.097664313412655e-07,0.9999991902338965,-8.097664313412655e-07,8.097664313412655e-07,0
14,1187,0.99999911595987456,-8.8404051615935679e-07,8.8404051615935679e-07,0.99999911595987456,-8.8404051615935679e-07,8.8404051615935679e-07,0
15,11,0.99999925295499048,-7.4704528858998943e-07,7.4704528858998943e-07,0.99999925295499048,-7.4704528858998943e-07,7.4704528858998943e-07,0
16,220,0.99999821492323637,-1.785078356825165e-06,1.785078356825165e-06,0.99999821492323637,-1.785078356825165e-06,1.785078356825165e-06,0
17,10895,0.99999998346363062,-1.6536369470241824e-08,1.6536369470241824e-08,0.99999998346363062,-1.6536369470241824e-08,1.6536369470241824e-08,0
18,16,0.99999988521872407,-1.147812825526263e-07,1.147812825526263e-07,0.99999988521872407,-1.147812825526263e-07,1.147812825526263e-07,0
19,11,0.99157946772433836,-0.0084561852432853326,0.0084561852432853326,0.99157946772433836,-0.0084561852432853326,0.0084561852432853326,0
20,555,0.99999516193300697,-4.8380786965617058e-06,4.8380786965617058e-06,0.99999516193300697,-4.8380786965617058e-06,4.8380786965617058e-06,0
21,15506,0.99992215745127444,-7.7845578613990106e-05,7.7845578613990106e-05,0.99992215745127444,-7.7845578613990106e-05,7.7845578613990106e-05,0
22,39879,0.99964325931090892,-0.0003568043361881227,0.0003568043361881227,0.99964325931090892,-0.0003568043361881227,0.0003568043361881227,0
23,380,0.99999882927992012,-1.1707207651558963e-06,1.1707207651558963e-06,0.99999882927992012,-1.1707207651558963e-06,1.1707207651558963e-06,0
24,5477,0.99998505512424574,-1.4944987430052335e-05,1.4944987430052335e-05,0.99998505512424574,-1.4944987430052335e-05,1.4944987430052335e-05,0
25,46991,0.99998563829981169,-1.4361803318464852e-05,1.4361803318464852e-05,0.99998563829981169,-1.4361803318464852e-05,1.4361803318464852e-05,0
26,92075,0.99985489104340963,-0.00014511948591362558,0.00014511948591362558,0.99985489104340963,-0.00014511948591362558,0.00014511948591362558,0
27,409,0.99999854566208579,-1.454338971742908e-06,1.454338971742908e-06,0.99999854566208579,-1.454338971742908e-06,1.454338971742908e-06,0
28,7765,0.99999621893540447,-3.7810717437237602e-06,3.7810717437237602e-06,0.99999621893540447,-3.7810717437237602e-06,3.7810717437237602e-06,0
29,1394,0.9999277649359779,-7.2237673099924911e-05,7.2237673099924911e-05,0.9999277649359779,-7.2237673099924911e-05,7.2237673099924911e-05,0
30,2554,0.99999956970175696,-4.3029833564394449e-07,4.3029833564394449e-07,0.99999956970175696,-4.3029833564394449e-07,4.3029833564394449e-07,0
31,13,0.99993827465622975,-6.1727248857645225e-05,6.1727248857645225e-05,0.99993827465622975,-6.1727248857645225e-05,6.1727248857645225e-05,0
32,1102,0.99938568562339536,-0.0006145031449939967,0.0006145031449939967,0.99938568562339536,-0.0006145031449939967,0.0006145031449939967,0
33,374,0.99898854163194362,-0.0010119702372569156,0.0010119702372569156,0.99898854163194362,-0.0010119702372569156,0.0010119702372569156,0
34,832,0.99888387193327244,-0.001116751401515733,0.001116751401515733,0.99888387193327244,-0.001116751401515733,0.001116751401515733,0
35,315,0.9999990714706406,-9.2852979051607975e-07,9.2852979051607975e-07,0.9999990714706406,-9.2852979051607975e-07,9.2852979051607975e-07,0
36,279,0.99999978880669604,-2.1119332628578994e-07,2.1119332628578994e-07,0.99999978880669604,-2.1119332628578994e-07,2.1119332628578994e-07,0
37,24417,0.9999891137298581,-1.0886329397797728e-05,1.0886329397797728e-05,0.9999891137298581,-1.0886329397797728e-05,1.0886329397797728e-05,0
38,9919,0.99999228122116823,-7.7188086216944259e-06,7.7188086216944259e-06,0.99999228122116823,-7.7188086216944259e-06,7.7188086216944259e-06,0
39,304,0.99999973732993486,-2.6267009959018974e-07,2.6267009959018974e-07,0.99999973732993486,-2.6267009959018974e-07,2.6267009959018974e-07,0
40,279,0.9999989828647694,-1.0171357479306405e-06,1.0171357479306405e-06,0.9999989828647694,-1.0171357479306405e-06,1.0171357479306405e-06,0
41,3224,0.99973976970571599,-0.00026026416006248542,0.00026026416006248542,0.99973976970571599,-0.00026026416006248542,0.00026026416006248542,0
42,323,0.99969131437423331,-0.0003087332789813351,0.0003087332789813351,0.99969131437423331,-0.0003087332789813351,0.0003087332789813351,0
43,574,0.99964062923663011,-0.00035943535251742168,0.00035943535251742168,0.99964062923663011,-0.00035943535251742168,0.00035943535251742168,0
44,279,0.99997004960571123,-2.9950842810786073e-05,2.9950842810786073e-05,0.99997004960571123,-2.9950842810786073e-05,2.9950842810786073e-05,0
45,10954,0.99999722213033693,-2.7778735213840499e-06,2.7778735213840499e-06,0.99999722213033693,-2.7778735213840499e-06,2.7778735213840499e-06,0
46,315,0.99999981752556488,-1.8247445177576809e-07,1.8247445177576809e-07,0.99999981752556488,-1.8247445177576809e-07,1.8247445177576809e-07,0
47,2410,0.99999388363249786,-6.1163862071980914e-06,6.1163862071980914e-06,0.99999388363249786,-6.1163862071980914e-06,6.1163862071980914e-06,0
48,369,0.99999789240833725,-2.1075938837725371e-06,2.1075938837725371e-06,0.99999789240833725,-2.1075938837725371e-06,2.1075938837725371e-06,0
49,1455,0.99999582977521417,-4.1702334812574194e-06,4.1702334812574194e-06,0.99999582977521417,-4.1702334812574194e-06,4.1702334812574194e-06,0
50,315,0.99999860033474763,-1.3996662319325453e-06,1.3996662319325453e-06,0.99999860033474763,-1.3996662319325453e-06,1.3996662319325453e-06,0
51,279,0.99999703604118106,-2.9639632114761024e-06,2.9639632114761024e-06,0.99999703604118106,-2.9639632114761024e-06,2.9639632114761024e-06,0
52,37683,0.99996104894958071,-3.895180903116775e-05,3.895180903116775e-05,0.99996104894958071,-3.895180903116775e-05,3.895180903116775e-05,0
53,5718,0.99575888813447833,-0.0042501308899435845,0.0042501308899435845,0.99575888813447833,-0.0042501308899435845,0.0042501308899435845,0
54,315,0.99998113913170028,-1.8861046168174624e-05,1.8861046168174624e-05,0.99998113913170028,-1.8861046168174624e-05,1.8861046168174624e-05,0
55,279,0.99999913852061095,-8.6147976015742296e-07,8.6147976015742296e-07,0.99999913852061095,-8.6147976015742296e-07,8.6147976015742296e-07,0
56,26363,0.99999453723471199,-5.4627802090180318e-06,5.4627802090180318e-06,0.99999453723471199,-5.4627802090180318e-06,5.4627802090180318e-06,0
57,13,0.99655722937051539,-0.0034487106015142818,0.0034487106015142818,0.99655722937051539,-0.0034487106015142818,0.0034487106015142818,0
58,57664,0.95703729217404021,-0.043912920499441621,0.043912920499441621,0.95703729217404021,-0.043912920499441621,0.043912920499441621,0
59,374,0.9983325758506908,-0.0016688158482061398,0.0016688158482061398,0.9983325758506908,-0.0016688158482061398,0.0016688158482061398,0
60,31183,0.93880572628868508,-0.063146715440695597,0.063146715440695597,0.93880572628868508,-0.063146715440695597,0.063146715440695597,0
61,389,0.99999923252004341,-7.6748025104737402e-07,7.6748025104737402e-07,0.99999923252004341,-7.6748025104737402e-07,7.6748025104737402e-07,0
62,279,0.99999952058232644,-4.7941778845551839e-07,4.7941778845551839e-07,0.99999952058232644,-4.7941778845551839e-07,4.7941778845551839e-07,0
63,24024,0.99998609767133351,-1.3902425304724564e-05,1.3902425304724564e-05,0.99998609767133351,-1.3902425304724564e-05,1.3902425304724564e-05,0
64,31284,0.99999661090455849,-3.3891011845327769e-06,3.3891011845327769e-06,0.99999661090455849,-3.3891011845327769e-06,3.3891011845327769e-06,0
65,315,0.99999985413923231,-1.4586077836489931e-07,1.4586077836489931e-07,0.99999985413923231,-1.4586077836489931e-07,1.4586077836489931e-07,0
66,57664,0.99999790695683954,-2.0930453508640825e-06,2.0930453508640825e-06,0.99999790695683954,-2.0930453508640825e-06,2.0930453508640825e-06,0
67,9332,0.99999834686734401,-1.6531340223748289e-06,1.6531340223748289e-06,0.99999834686734401,-1.6531340223748289e-06,1.6531340223748289e-06,0
68,323,0.99998368792539061,-1.6312207652761389e-05,1.6312207652761389e-05,0.99998368792539061,-1.6312207652761389e-05,1.6312207652761389e-05,0
69,5727,0.99994564535590458,-5.43561213625982e-05,5.43561213625982e-05,0.99994564535590458,-5.43561213625982e-05,5.43561213625982e-05,0
70,264,0.99998333743803525,-1.6662700786756516e-05,1.6662700786756516e-05,0.99998333743803525,-1.6662700786756516e-05,1.6662700786756516e-05,0
71,49068,0.99996290765616513,-3.7093031772811804e-05,3.7093031772811804e-05,0.99996290765616513,-3.7093031772811804e-05,3.7093031772811804e-05,0
72,315,0.99999962171596912,-3.7828410243578154e-07,3.7828410243578154e-07,0.99999962171596912,-3.7828410243578154e-07,3.7828410243578154e-07,0
73,61024,0.99998540335763653,-1.4596748895537174e-05,1.4596748895537174e-05,0.99998540335763653,-1.4596748895537174e-05,1.4596748895537174e-05,0
74,11,0.99997725048750341,-2.2749771270692764e-05,2.2749771270692764e-05,0.99997725048750341,-2.2749771270692764e-05,2.2749771270692764e-05,0
75,1063,0.99996328529923206,-3.6715374769012464e-05,3.6715374769012464e-05,0.99996328529923206,-3.6715374769012464e-05,3.6715374769012464e-05,0
76,315,0.9999787798487173,-2.1220376433265818e-05,2.1220376433265818e-05,0.9999787798487173,-2.1220376433265818e-05,2.1220376433265818e-05,0
77,902,0.99999846161967698,-1.5383815063714364e-06,1.5383815063714364e-06,0.99999846161967698,-1.5383815063714364e-06,1.5383815063714364e-06,0
78,2457,0.99999824653458691,-1.7534669504177556e-06,1.7534669504177556e-06,0.99999824653458691,-1.7534669504177556e-06,1.7534669504177556e-06,0
79,1203,0.99999968644448867,-3.1355556054037345e-07,3.1355556054037345e-07,0.99999968644448867,-3.1355556054037345e-07,3.1355556054037345e-07,0
80,311,0.9999998840850769,-1.1591492982003934e-07,1.1591492982003934e-07,0.9999998840850769,-1.1591492982003934e-07,1.1591492982003934e-07,0
81,279,0.99999960179200897,-3.9820807028086004e-07,3.9820807028086004e-07,0.99999960179200897,-3.9820807028086004e-07,3.9820807028086004e-07,0
82,220,0.99999919713526975,-8.0286505255307168e-07,8.0286505255307168e-07,0.99999919713526975,-8.0286505255307168e-07,8.0286505255307168e-07,0
83,845,0.99999967525161759,-3.2474843514799998e-07,3.2474843514799998e-07,0.99999967525161759,-3.2474843514799998e-07,3.2474843514799998e-07,0
84,339,0.99999857555376348,-1.4244472510379601e-06,1.4244472510379601e-06,0.99999857555376348,-1.4244472510379601e-06,1.4244472510379601e-06,0
85,9478,0.99999054013843913,-9.4599063056728594e-06,9.4599063056728594e-06,0.99999054013843913,-9.4599063056728594e-06,9.4599063056728594e-06,0
86,11,0.99251528823913915,-0.0075128627720338122,0.0075128627720338122,0.99251528823913915,-0.0075128627720338122,0.0075128627720338122,0
87,1778,0.99999574818917125,-4.2518198677327985e-06,4.2518198677327985e-06,0.99999574818917125,-4.2518198677327985e-06,4.2518198677327985e-06,0
88,439,0.999999866508123,-1.3349188596139811e-07,1.3349188596139811e-07,0.999999866508123,-1.3349188596139811e-07,1.3349188596139811e-07,0
89,279,0.99999954814663472,-4.5185346736397381e-07,4.5185346736397381e-07,0.99999954814663472,-4.5185346736397381e-07,4.5185346736397381e-07,0
90,15506,0.99985935824742578,-0.00014065164355292527,0.00014065164355292527,0.99985935824742578,-0.00014065164355292527,0.00014065164355292527,0
91,37683,0.99995418654985624,-4.5814499611879007e-05,4.5814499611879007e-05,0.99995418654985624,-4.5814499611879007e-05,4.5814499611879007e-05,0
92,11639,0.9945190989262982,-0.0054959763211846705,0.0054959763211846705,0.9945190989262982,-0.0054959763211846705,0.0054959763211846705,0
93,468,0.9999976262187209,-2.3737840964951729e-06,2.3737840964951729e-06,0.9999976262187209,-2.3737840964951729e-06,2.3737840964951729e-06,0
94,4841,0.99999897520629999,-1.0247942250689176e-06,1.0247942250689176e-06,0.99999897520629999,-1.0247942250689176e-06,1.0247942250689176e-06,0
95,4409,0.99999830216457897,-1.6978368624011181e-06,1.6978368624011181e-06,0.99999830216457897,-1.6978368624011181e-06,1.6978368624011181e-06,0
96,315,0.99999984254599383,-1.574540185287129e-07,1.574540185287129e-07,0.99999984254599383,-1.574540185287129e-07,1.574540185287129e-07,0
97,61894,0.99999826153745874,-1.738464052376036e-06,1.738464052376036e-06,0.99999826153745874,-1.738464052376036e-06,1.738464052376036e-06,0
98,309,0.999999971544136,-2.8455864370754672e-08,2.8455864370754672e-08,0.999999971544136,-2.8455864370754672e-08,2.8455864370754672e-08,0
99,44486,0.99993205925692019,-6.7943051156587074e-05,6.7943051156587074e-05,0.99993205925692019,-6.7943051156587074e-05,6.7943051156587074e-05,0
100,382,0.98465040539761217,-0.015468619186541115,0.015468619186541115,0.98465040539761217,-0.015468619186541115,0.015468619186541115,0
101,1692,0.99862295612511121,-0.0013779928711118022,0.0013779928711118022,0.99862295612511121,-0.0013779928711118022,0.0013779928711118022,0
102,10746,0.9999472511936488,-5.2750197618446965e-05,5.2750197618446965e-05,0.9999472511936488,-5.2750197618446965e-05,5.2750197618446965e-05,0
103,374,0.88198383691045512,-0.12558154864161,0.12558154864161,0.88198383691045512,-0.12558154864161,0.12558154864161,0
104,279,0.99984869723995728,-0.00015131420746002675,0.00015131420746002675,0.99984869723995728,-0.00015131420746002675,0.00015131420746002675,0
105,2132,0.99999435063154984,-5.6493844079348783e-06,5.6493844079348783e-06,0.99999435063154984,-5.6493844079348783e-06,5.6493844079348783e-06,0
106,1455,0.99762852038806038,-0.002374296023303692,0.002374296023303692,0.99762852038806038,-0.002374296023303692,0.002374296023303692,0
107,95551,0.99997984754825409,-2.0152654809265315e-05,2.0152654809265315e-05,0.99997984754825409,-2.0152654809265315e-05,2.0152654809265315e-05,0
108,3363,0.99999665194266507,-3.3480629396375228e-06,3.3480629396375228e-06,0.99999665194266507,-3.3480629396375228e-06,3.3480629396375228e-06,0
109,304,0.99999976853231065,-2.314677161840147e-07,2.314677161840147e-07,0.99999976853231065,-2.314677161840147e-07,2.314677161840147e-07,0
110,279,0.99999984490653915,-1.5509347291669806e-07,1.5509347291669806e-07,0.99999984490653915,-1.5509347291669806e-07,1.5509347291669806e-07,0
111,26363,0.9999846153795604,-1.5384738784118107e-05,1.5384738784118107e-05,0.9999846153795604,-1.5384738784118107e-05,1.5384738784118107e-05,0
112,1306,0.95559745970071608,-0.045418521863111738,0.045418521863111738,0.95559745970071608,-0.045418521863111738,0.045418521863111738,0
113,279,0.67208804784670528,-0.3973659234604206,0.3973659234604206,0.67208804784670528,-0.3973659234604206,0.3973659234604206,0
114,4846,0.99999941725492547,-5.827452443500035e-07,5.827452443500035e-07,0.99999941725492547,-5.827452443500035e-07,5.827452443500035e-07,0
115,6864,0.99999688946953202,-3.110535305738391e-06,3.110535305738391e-06,0.99999688946953202,-3.110535305738391e-06,3.110535305738391e-06,0
116,9605,0.99991405935049438,-8.5944342614826039e-05,8.5944342614826039e-05,0.99991405935049438,-8.5944342614826039e-05,8.5944342614826039e-05,0
117,52719,0.99999869508484163,-1.304916009830085e-06,1.304916009830085e-06,0.99999869508484163,-1.304916009830085e-06,1.304916009830085e-06,0
118,4409,0.99999733261842683,-2.6673851306740944e-06,2.6673851306740944e-06,0.99999733261842683,-2.6673851306740944e-06,2.6673851306740944e-06,0
119,11,0.71570485587041299,-0.33448740947589728,0.33448740947589728,0.71570485587041299,-0.33448740947589728,0.33448740947589728,0
120,449,0.99994115246646287,-5.8849265121191885e-05,5.8849265121191885e-05,0.99994115246646287,-5.8849265121191885e-05,5.8849265121191885e-05,0
121,264,0.99997627348515372,-2.3726796324520396e-05,2.3726796324520396e-05,0.99997627348515372,-2.3726796324520396e-05,2.3726796324520396e-05,0
122,7187,0.99999472705680537,-5.2729570966637718e-06,5.2729570966637718e-06,0.99999472705680537,-5.2729570966637718e-06,5.2729570966637718e-06,0
123,315,0.9999937164869549,-6.2835327864191333e-06,6.2835327864191333e-06,0.9999937164869549,-6.2835327864191333e-06,6.2835327864191333e-06,0
124,220,0.99545115001487561,-0.0045592274856385909,0.0045592274856385909,0.99545115001487561,-0.0045592274856385909,0.0045592274856385909,0
125,16,0.99985182755189439,-0.00014818342672734641,0.00014818342672734641,0.99985182755189439,-0.00014818342672734641,0.00014818342672734641,0
126,11,0.97739518236401968,-0.022864223190336284,0.022864223190336284,0.97739518236401968,-0.022864223190336284,0.022864223190336284,0
127,19423,0.99925015732712219,-0.00075012394551048404,0.00075012394551048404,0.99925015732712219,-0.00075012394551048404,0.00075012394551048404,0
128,11,0.99998981749596916,-1.0182555872838699e-05,1.0182555872838699e-05,0.99998981749596916,-1.0182555872838699e-05,1.0182555872838699e-05,0
129,10410,0.99750337012341905,-0.0024997516539822231,0.0024997516539822231,0.99750337012341905,-0.0024997516539822231,0.0024997516539822231,0
130,304,0.99962470844480078,-0.00037536199469901803,0.00037536199469901803,0.99962470844480078,-0.00037536199469901803,0.00037536199469901803,0
131,220,0.99999046828068738,-9.5317647397487848e-06,9.5317647397487848e-06,0.99999046828068738,-9.5317647397487848e-06,9.5317647397487848e-06,0
132,679,0.99999203497084022,-7.9650608807431576e-06,7.9650608807431576e-06,0.99999203497084022,-7.9650608807431576e-06,7.9650608807431576e-06,0
133,20,0.99999450366853182,-5.4963465730740947e-06,5.4963465730740947e-06,0.99999450366853182,-5.4963465730740947e-06,5.4963465730740947e-06,0
134,13,0.99927999984248461,-0.00072025948211206739,0.00072025948211206739,0.99927999984248461,-0.00072025948211206739,0.00072025948211206739,0
135,24586,0.88270330883163328,-0.12476613842821486,0.12476613842821486,0.88270330883163328,-0.12476613842821486,0.12476613842821486,0
136,311,0.99999928007879424,-7.1992146486928643e-07,7.1992146486928643e-07,0.99999928007879424,-7.1992146486928643e-07,7.1992146486928643e-07,0
137,1202,0.9999949114296045,-5.0885833423644671e-06,5.0885833423644671e-06,0.9999949114296045,-5.0885833423644671e-06,5.0885833423644671e-06,0
138,2678,0.9999818463638811,-1.815380089814988e-05,1.815380089814988e-05,0.9999818463638811,-1.815380089814988e-05,1.815380089814988e-05,0
139,4363,0.99999879399941061,-1.2060013165655233e-06,1.2060013165655233e-06,0.99999879399941061,-1.2060013165655233e-06,1.2060013165655233e-06,0
140,3158,0.99999943922777645,-5.6077238072796888e-07,5.6077238072796888e-07,0.99999943922777645,-5.6077238072796888e-07,5.6077238072796888e-07,0
141,323,0.99978711847802482,-0.00021290418446276763,0.00021290418446276763,0.99978711847802482,-0.00021290418446276763,0.00021290418446276763,0
142,6908,0.9997880271201961,-0.00021199534923006257,0.00021199534923006257,0.9997880271201961,-0.00021199534923006257,0.00021199534923006257,0
143,7187,0.9999949449484461,-5.055064330714912e-06,5.055064330714912e-06,0.9999949449484461,-5.055064330714912e-06,5.055064330714912e-06,0
144,11,0.99998122721588123,-1.8772960329737609e-05,1.8772960329737609e-05,0.99998122721588123,-1.8772960329737609e-05,1.8772960329737609e-05,0
145,57664,0.99993564569579962,-6.4356375027506776e-05,6.4356375027506776e-05,0.99993564569579962,-6.4356375027506776e-05,6.4356375027506776e-05,0
146,374,0.99999349375608437,-6.506265081310256e-06,6.506265081310256e-06,0.99999349375608437,-6.506265081310256e-06,6.506265081310256e-06,0
147,27458,0.99930807095771645,-0.00069216853566469701,0.00069216853566469701,0.99930807095771645,-0.00069216853566469701,0.00069216853566469701,0
148,439,0.99999924601204715,-7.5398823714665179e-07,7.5398823714665179e-07,0.99999924601204715,-7.5398823714665179e-07,7.5398823714665179e-07,0
149,832,0.99999916146075629,-8.3853959523806407e-07,8.3853959523806407e-07,0.99999916146075629,-8.3853959523806407e-07,8.3853959523806407e-07,0
150,315,0.99999911637102346,-8.836293669639018e-07,8.836293669639018e-07,0.99999911637102346,-8.836293669639018e-07,8.836293669639018e-07,0
151,279,0.99999921155440508,-7.884459057139535e-07,7.884459057139535e-07,0.99999921155440508,-7.884459057139535e-07,7.884459057139535e-07,0
152,1455,0.99999875000856386,-1.2499922174236426e-06,1.2499922174236426e-06,0.99999875000856386,-1.2499922174236426e-06,1.2499922174236426e-06,0
153,97617,0.99999616448820261,-3.8355191530090763e-06,3.8355191530090763e-06,0.99999616448820261,-3.8355191530090763e-06,3.8355191530090763e-06,0
154,35459,0.99999794791641383,-2.052085691714801e-06,2.052085691714801e-06,0.99999794791641383,-2.052085691714801e-06,2.052085691714801e-06,0
155,9919,0.99999396007893759,-6.0399393027545022e-06,6.0399393027545022e-06,0.99999396007893759,-6.0399393027545022e-06,6.0399393027545022e-06,0
156,304,0.9999995230504154,-4.7694969834881908e-07,4.7694969834881908e-07,0.9999995230504154,-4.7694969834881908e-07,4.7694969834881908e-07,0
157,279,0.99999925100958664,-7.4899069385939239e-07,7.4899069385939239e-07,0.99999925100958664,-7.4899069385939239e-07,7.4899069385939239e-07,0
158,1917,0.99999808474340002,-1.9152584340507524e-06,1.9152584340507524e-06,0.99999808474340002,-1.9152584340507524e-06,1.9152584340507524e-06,0
159,11,0.95516386587579793,-0.045872365916324147,0.045872365916324147,0.95516386587579793,-0.045872365916324147,0.045872365916324147,0
160,449,0.99997297662009677,-2.7023745041381879e-05,2.7023745041381879e-05,0.99997297662009677,-2.7023745041381879e-05,2.7023745041381879e-05,0
161,220,0.99964505869525633,-0.00035500431131816278,0.00035500431131816278,0.99964505869525633,-0.00035500431131816278,0.00035500431131816278,0
162,2983,0.99977401871246663,-0.00022600682515190265,0.00022600682515190265,0.99977401871246663,-0.00022600682515190265,0.00022600682515190265,0
163,11,0.99997845950126174,-2.1540730738111467e-05,2.1540730738111467e-05,0.99997845950126174,-2.1540730738111467e-05,2.1540730738111467e-05,0
164,20907,0.99996336672642172,-3.6633944593055751e-05,3.6633944593055751e-05,0.99996336672642172,-3.6633944593055751e-05,3.6633944593055751e-05,0
165,1274,0.99998293787517156,-1.7062270388090414e-05,1.7062270388090414e-05,0.99998293787517156,-1.7062270388090414e-05,1.7062270388090414e-05,0
166,824,0.99999885453716519,-1.1454634908242257e-06,1.1454634908242257e-06,0.99999885453716519,-1.1454634908242257e-06,1.1454634908242257e-06,0
167,9518,0.99999899632260059,-1.0036779031452979e-06,1.0036779031452979e-06,0.99999899632260059,-1.0036779031452979e-06,1.0036779031452979e-06,0
168,15395,0.99997923640205066,-2.0763813515772793e-05,2.0763813515772793e-05,0.99997923640205066,-2.0763813515772793e-05,2.0763813515772793e-05,0
169,21037,0.99999913652759731,-8.6347277552319425e-07,8.6347277552319425e-07,0.99999913652759731,-8.6347277552319425e-07,8.6347277552319425e-07,0
170,382,0.90313995079286236,-0.10187775330723663,0.10187775330723663,0.90313995079286236,-0.10187775330723663,0.10187775330723663,0
171,1692,0.96110817472164944,-0.039668311600006653,0.039668311600006653,0.96110817472164944,-0.039668311600006653,0.039668311600006653,0
172,10746,0.99996626757953633,-3.3732989414527774e-05,3.3732989414527774e-05,0.99996626757953633,-3.3732989414527774e-05,3.3732989414527774e-05,0
173,706,0.96171522668374043,-0.039036894297912308,0.039036894297912308,0.96171522668374043,-0.039036894297912308,0.039036894297912308,0
174,4848,0.84924509315091812,-0.16340744981987476,0.16340744981987476,0.84924509315091812,-0.16340744981987476,0.16340744981987476,0
175,18740,0.99999103095731201,-8.9690829100741123e-06,8.9690829100741123e-06,0.99999103095731201,-8.9690829100741123e-06,8.9690829100741123e-06,0
176,27536,0.99999812786982123,-1.8721319311935148e-06,1.8721319311935148e-06,0.99999812786982123,-1.8721319311935148e-06,1.8721319311935148e-06,0
177,369,0.99996346957712245,-3.6531090129641136e-05,3.6531090129641136e-05,0.99996346957712245,-3.6531090129641136e-05,3.6531090129641136e-05,0
178,279,0.99999922831791999,-7.7168237779080995e-07,7.7168237779080995e-07,0.99999922831791999,-7.7168237779080995e-07,7.7168237779080995e-07,0
179,4827,0.99997781064819391,-2.2189597993388826e-05,2.2189597993388826e-05,0.99997781064819391,-2.2189597993388826e-05,2.2189597993388826e-05,0
180,3838,0.99998881970010856,-1.1180362391414438e-05,1.1180362391414438e-05,0.99998881970010856,-1.1180362391414438e-05,1.1180362391414438e-05,0
181,315,0.99999919968324547,-8.0031707476838094e-07,8.0031707476838094e-07,0.99999919968324547,-8.0031707476838094e-07,8.0031707476838094e-07,0
182,279,0.99999651252409305,-3.4874819881700566e-06,3.4874819881700566e-06,0.99999651252409305,-3.4874819881700566e-06,3.4874819881700566e-06,0
183,57281,0.99997413953331127,-2.5860801076363721e-05,2.5860801076363721e-05,0.99997413953331127,-2.5860801076363721e-05,2.5860801076363721e-05,0
184,8151,0.99997836247270622,-2.1637761388442413e-05,2.1637761388442413e-05,0.99997836247270622,-2.1637761388442413e-05,2.1637761388442413e-05,0
185,11,0.54840480152224735,-0.60074157582127974,0.60074157582127974,0.54840480152224735,-0.60074157582127974,0.60074157582127974,0
186,323,0.99620042029388556,-0.0038068164459485257,0.0038068164459485257,0.99620042029388556,-0.0038068164459485257,0.0038068164459485257,0
187,279,0.90242972392166654,-0.10266446003782956,0.10266446003782956,0.90242972392166654,-0.10266446003782956,0.10266446003782956,0
188,3363,0.99998622288774353,-1.3777207161708883e-05,1.3777207161708883e-05,0.99998622288774353,-1.3777207161708883e-05,1.3777207161708883e-05,0
189,374,0.99997775259421418,-2.2247653263026009e-05,2.2247653263026009e-05,0.99997775259421418,-2.2247653263026009e-05,2.2247653263026009e-05,0
190,24306,0.99991043648682931,-8.9567524221576973e-05,8.9567524221576973e-05,0.99991043648682931,-8.9567524221576973e-05,8.9567524221576973e-05,0
191,315,0.99999857272507497,-1.4272759436149126e-06,1.4272759436149126e-06,0.99999857272507497,-1.4272759436149126e-06,1.4272759436149126e-06,0
192,220,0.99992794788956618,-7.2054706311819143e-05,7.2054706311819143e-05,0.99992794788956618,-7.2054706311819143e-05,7.2054706311819143e-05,0
193,845,0.99999895993295251,-1.0400675883061928e-06,1.0400675883061928e-06,0.99999895993295251,-1.0400675883061928e-06,1.0400675883061928e-06,0
194,27536,0.99994065255865883,-5.9349202470288349e-05,5.9349202470288349e-05,0.99994065255865883,-5.9349202470288349e-05,5.9349202470288349e-05,0
195,11,0.97917388974209696,-0.021046032467154207,0.021046032467154207,0.97917388974209696,-0.021046032467154207,0.021046032467154207,0
196,32125,0.98247311164251339,-0.017682302898185356,0.017682302898185356,0.98247311164251339,-0.017682302898185356,0.017682302898185356,0
197,25,0.9653478768056396,-0.035266748506428518,0.035266748506428518,0.9653478768056396,-0.035266748506428518,0.035266748506428518,0
198,30444,0.99973436765123425,-0.00026566763528707601,0.00026566763528707601,0.99973436765123425,-0.00026566763528707601,0.00026566763528707601,0
199,36071,0.9999986819110408,-1.3180898279085013e-06,1.3180898279085013e-06,0.9999986819110408,-1.3180898279085013e-06,1.3180898279085013e-06,0
200,11,0.99999151443173728,-8.4856042653881345e-06,8.4856042653881345e-06,0.99999151443173728,-8.4856042653881345e-06,8.4856042653881345e-06,0
201,9939,0.99996651517492197,-3.3485385707324216e-05,3.3485385707324216e-05,0.99996651517492197,-3.3485385707324216e-05,3.3485385707324216e-05,0
202,1800,0.99999933644156158,-6.635586585778329e-07,6.635586585778329e-07,0.99999933644156158,-6.635586585778329e-07,6.635586585778329e-07,0
203,64,0.99999992060906806,-7.9390935116459951e-08,7.9390935116459951e-08,0.99999992060906806,-7.9390935116459951e-08,7.9390935116459951e-08,0
204,11,0.99999795558970417,-2.0444123856758842e-06,2.0444123856758842e-06,0.99999795558970417,-2.0444123856758842e-06,2.0444123856758842e-06,0
205,61894,0.99999775096132293,-2.2490412061522997e-06,2.2490412061522997e-06,0.99999775096132293,-2.2490412061522997e-06,2.2490412061522997e-06,0
206,309,0.99999996061613561,-3.938386517071866e-08,3.938386517071866e-08,0.99999996061613561,-3.938386517071866e-08,3.938386517071866e-08,0
207,44486,0.99997658571444992,-2.3414559668704491e-05,2.3414559668704491e-05,0.99997658571444992,-2.3414559668704491e-05,2.3414559668704491e-05,0
208,11,0.99998814968446337,-1.1850385752199989e-05,1.1850385752199989e-05,0.99998814968446337,-1.1850385752199989e-05,1.1850385752199989e-05,0
209,8560,0.9999992268087029,-7.7319159604114057e-07,7.7319159604114057e-07,0.9999992268087029,-7.7319159604114057e-07,7.7319159604114057e-07,0
210,349,0.99999971317324843,-2.868267927048178e-07,2.868267927048178e-07,0.99999971317324843,-2.868267927048178e-07,2.868267927048178e-07,0
211,11,0.99998813502207518,-1.1865048314248775e-05,1.1865048314248775e-05,0.99998813502207518,-1.1865048314248775e-05,1.1865048314248775e-05,0
212,12925,0.99999357276611467,-6.4272545401087397e-06,6.4272545401087397e-06,0.99999357276611467,-6.4272545401087397e-06,6.4272545401087397e-06,0
213,78,0.99999983245677038,-1.6754324367658508e-07,1.6754324367658508e-07,0.99999983245677038,-1.6754324367658508e-07,1.6754324367658508e-07,0
214,11,0.99998497486868254,-1.5025244195879706e-05,1.5025244195879706e-05,0.99998497486868254,-1.5025244195879706e-05,1.5025244195879706e-05,0
215,34606,0.99998780889302163,-1.2191181290502898e-05,1.2191181290502898e-05,0.99998780889302163,-1.2191181290502898e-05,1.2191181290502898e-05,0
216,582,0.99999801283346934,-1.9871685050798356e-06,1.9871685050798356e-06,0.99999801283346934,-1.9871685050798356e-06,1.9871685050798356e-06,0
217,276,0.99999992373769042,-7.6262312443657083e-08,7.6262312443657083e-08,0.99999992373769042,-7.6262312443657083e-08,7.6262312443657083e-08,0
218,11,0.99999794416181109,-2.0558403021748871e-06,2.0558403021748871e-06,0.99999794416181109,-2.0558403021748871e-06,2.0558403021748871e-06,0
219,5896,0.99999525953288482,-4.7404783512329541e-06,4.7404783512329541e-06,0.99999525953288482,-4.7404783512329541e-06,4.7404783512329541e-06,0
220,12299,0.99999046495140809,-9.5350940508103316e-06,9.5350940508103316e-06,0.99999046495140809,-9.5350940508103316e-06,9.5350940508103316e-06,0
221,11,0.99999519446886909,-4.8055426774689578e-06,4.8055426774689578e-06,0.99999519446886909,-4.8055426774689578e-06,4.8055426774689578e-06,0
222,42215,0.99995149518172255,-4.85059946741548e-05,4.85059946741548e-05,0.99995149518172255,-4.85059946741548e-05,4.85059946741548e-05,0
223,66652,0.99999749274429339,-2.5072588497361943e-06,2.5072588497361943e-06,0.99999749274429339,-2.5072588497361943e-06,2.5072588497361943e-06,0
224,11,0.99998361521776657,-1.6384916465420251e-05,1.6384916465420251e-05,0.99998361521776657,-1.6384916465420251e-05,1.6384916465420251e-05,0
225,91274,0.999996169567684,-3.8304396521188506e-06,3.8304396521188506e-06,0.999996169567684,-3.8304396521188506e-06,3.8304396521188506e-06,0
226,278,0.99999715321667915,-2.8467873729343908e-06,2.8467873729343908e-06,0.99999715321667915,-2.8467873729343908e-06,2.8467873729343908e-06,0
227,511,0.9999997876307658,-2.1236925672290902e-07,2.1236925672290902e-07,0.9999997876307658,-2.1236925672290902e-07,2.1236925672290902e-07,0
228,11,0.99999219997504429,-7.8000553760832743e-06,7.8000553760832743e-06,0.99999219997504429,-7.8000553760832743e-06,7.8000553760832743e-06,0
229,5960,0.99999899843403683,-1.0015664646843397e-06,1.0015664646843397e-06,0.99999899843403683,-1.0015664646843397e-06,1.0015664646843397e-06,0
230,96446,0.99986418809037503,-0.00013582113289747547,0.00013582113289747547,0.99986418809037503,-0.00013582113289747547,0.00013582113289747547,0
231,11,0.99999326382838427,-6.7361943037793272e-06,6.7361943037793272e-06,0.99999326382838427,-6.7361943037793272e-06,6.7361943037793272e-06,0
232,5960,0.99999888545181304,-1.1145488080833367e-06,1.1145488080833367e-06,0.99999888545181304,-1.1145488080833367e-06,1.1145488080833367e-06,0
233,46991,0.99999591267506116,-4.0873332919844721e-06,4.0873332919844721e-06,0.99999591267506116,-4.0873332919844721e-06,4.0873332919844721e-06,0
234,11,0.99999758915522108,-2.4108476850656907e-06,2.4108476850656907e-06,0.99999758915522108,-2.4108476850656907e-06,2.4108476850656907e-06,0
235,5960,0.99999812738386384,-1.8726178895564399e-06,1.8726178895564399e-06,0.99999812738386384,-1.8726178895564399e-06,1.8726178895564399e-06,0
236,52836,0.99998412496038869,-1.5875165621052828e-05,1.5875165621052828e-05,0.99998412496038869,-1.5875165621052828e-05,1.5875165621052828e-05,0
237,11,0.99999749097414203,-2.5090290055369936e-06,2.5090290055369936e-06,0.99999749097414203,-2.5090290055369936e-06,2.5090290055369936e-06,0
238,16376,0.99998123228338631,-1.8767892729485071e-05,1.8767892729485071e-05,0.99998123228338631,-1.8767892729485071e-05,1.8767892729485071e-05,0
239,33238,0.99998615616971698,-1.3843926109683137e-05,1.3843926109683137e-05,0.99998615616971698,-1.3843926109683137e-05,1.3843926109683137e-05,0
240,11,0.99999718146028627,-2.8185436858365583e-06,2.8185436858365583e-06,0.99999718146028627,-2.8185436858365583e-06,2.8185436858365583e-06,0
241,16376,0.99996307087110792,-3.6929810789178856e-05,3.6929810789178856e-05,0.99996307087110792,-3.6929810789178856e-05,3.6929810789178856e-05,0
242,21510,0.99999888405286586,-1.1159477568121051e-06,1.1159477568121051e-06,0.99999888405286586,-1.1159477568121051e-06,1.1159477568121051e-06,0
243,11,0.99999350893915528,-6.4910819117827674e-06,6.4910819117827674e-06,0.99999350893915528,-6.4910819117827674e-06,6.4910819117827674e-06,0
244,16376,0.99962949564483228,-0.00037057300886447888,0.00037057300886447888,0.99962949564483228,-0.00037057300886447888,0.00037057300886447888,0
245,55965,0.99995355328678093,-4.6447791901057042e-05,4.6447791901057042e-05,0.99995355328678093,-4.6447791901057042e-05,4.6447791901057042e-05,0
246,11,0.9998663921049471,-0.0001336168213827589,0.0001336168213827589,0.9998663921049471,-0.0001336168213827589,0.0001336168213827589,0
247,323,0.99999422423425088,-5.7757824289013549e-06,5.7757824289013549e-06,0.99999422423425088,-5.7757824289013549e-06,5.7757824289013549e-06,0
248,350,0.99999591422814327,-4.0857802035673624e-06,4.0857802035673624e-06,0.99999591422814327,-4.0857802035673624e-06,4.0857802035673624e-06,0
249,36071,0.99999803671623178,-1.9632856954505294e-06,1.9632856954505294e-06,0.99999803671623178,-1.9632856954505294e-06,1.9632856954505294e-06,0
250,382,0.99980280975380997,-0.00019720969074282402,0.00019720969074282402,0.99980280975380997,-0.00019720969074282402,0.00019720969074282402,0
251,791,0.98914935471418186,-0.010909942872215993,0.010909942872215993,0.98914935471418186,-0.010909942872215993,0.010909942872215993,0
252,15422,0.49099963854009571,-0.71131188735877193,0.71131188735877193,0.49099963854009571,-0.71131188735877193,0.71131188735877193,0
253,315,0.99999986733367174,-1.3266633710873723e-07,1.3266633710873723e-07,0.99999986733367174,-1.3266633710873723e-07,1.3266633710873723e-07,0
254,350,0.9999921361638785,-7.8638670416404064e-06,7.8638670416404064e-06,0.9999921361638785,-7.8638670416404064e-06,7.8638670416404064e-06,0
255,36071,0.99999657369588502,-3.4263099847865382e-06,3.4263099847865382e-06,0.99999657369588502,-3.4263099847865382e-06,3.4263099847865382e-06,0
256,3131,0.99720318796839724,-0.0028007304180717577,0.0028007304180717577,0.99720318796839724,-0.0028007304180717577,0.0028007304180717577,0
257,21989,0.9999895312661774,-1.046878862019554e-05,1.046878862019554e-05,0.9999895312661774,-1.046878862019554e-05,1.046878862019554e-05,0
258,304,0.99922841372885496,-0.0007718840970406956,0.0007718840970406956,0.99922841372885496,-0.0007718840970406956,0.0007718840970406956,0
259,279,0.99999918586608194,-8.1413424945472456e-07,8.1413424945472456e-07,0.99999918586608194,-8.1413424945472456e-07,8.1413424945472456e-07,0
260,53851,0.99996063462190976,-3.9366152927113148e-05,3.9366152927113148e-05,0.99996063462190976,-3.9366152927113148e-05,3.9366152927113148e-05,0
261,315,0.99999984650106022,-1.5349895153687942e-07,1.5349895153687942e-07,0.99999984650106022,-1.5349895153687942e-07,1.5349895153687942e-07,0
262,57664,0.99999956364546227,-4.3635463292561085e-07,4.3635463292561085e-07,0.99999956364546227,-4.3635463292561085e-07,4.3635463292561085e-07,0
263,1603,0.99082211683419086,-0.0092202594176528721,0.0092202594176528721,0.99082211683419086,-0.0092202594176528721,0.0092202594176528721,0
264,433,0.99999866592498521,-1.3340759047105333e-06,1.3340759047105333e-06,0.99999866592498521,-1.3340759047105333e-06,1.3340759047105333e-06,0
265,27851,0.99629430037274669,-0.0037125827418820838,0.0037125827418820838,0.99629430037274669,-0.0037125827418820838,0.0037125827418820838,0
266,6244,0.99999404605312581,-5.9539645989539706e-06,5.9539645989539706e-06,0.99999404605312581,-5.9539645989539706e-06,5.9539645989539706e-06,0
267,264,0.9999976335013735,-2.3665014266361357e-06,2.3665014266361357e-06,0.9999976335013735,-2.3665014266361357e-06,2.3665014266361357e-06,0
268,17271,0.99999400839769992,-5.9916202497947986e-06,5.9916202497947986e-06,0.99999400839769992,-5.9916202497947986e-06,5.9916202497947986e-06,0
269,315,0.99999863803604527,-1.3619648822129131e-06,1.3619648822129131e-06,0.99999863803604527,-1.3619648822129131e-06,1.3619648822129131e-06,0
270,279,0.99999863995213956,-1.3600487853194489e-06,1.3600487853194489e-06,0.99999863995213956,-1.3600487853194489e-06,1.3600487853194489e-06,0
271,36142,0.99999365141753838,-6.3486026139631499e-06,6.3486026139631499e-06,0.99999365141753838,-6.3486026139631499e-06,6.3486026139631499e-06,0
272,31779,0.99991823524910528,-8.1768093814198537e-05,8.1768093814198537e-05,0.99991823524910528,-8.1768093814198537e-05,8.1768093814198537e-05,0
273,391,0.99999126742579492,-8.7326123342686112e-06,8.7326123342686112e-06,0.99999126742579492,-8.7326123342686112e-06,8.7326123342686112e-06,0
274,1494,0.99999992596172038,-7.4038282317530598e-08,7.4038282317530598e-08,0.99999992596172038,-7.4038282317530598e-08,7.4038282317530598e-08,0
275,275,0.99999958649242471,-4.1350766077205712e-07,4.1350766077205712e-07,0.99999958649242471,-4.1350766077205712e-07,4.1350766077205712e-07,0
276,21080,0.99999670420271436,-3.2958027167879769e-06,3.2958027167879769e-06,0.99999670420271436,-3.2958027167879769e-06,3.2958027167879769e-06,0
277,13,0.9996480112761793,-0.00035205068639205438,0.00035205068639205438,0.9996480112761793,-0.00035205068639205438,0.00035205068639205438,0
278,12220,0.99878366679795427,-0.0012170735356640051,0.0012170735356640051,0.99878366679795427,-0.0012170735356640051,0.0012170735356640051,0
279,279,0.99999846435035422,-1.5356508248909646e-06,1.5356508248909646e-06,0.99999846435035422,-1.5356508248909646e-06,1.5356508248909646e-06,0
280,3320,0.99993193480229992,-6.8067514240775759e-05,6.8067514240775759e-05,0.99993193480229992,-6.8067514240775759e-05,6.8067514240775759e-05,0
281,96323,0.99986510876485823,-0.00013490033378270709,0.00013490033378270709,0.99986510876485823,-0.00013490033378270709,0.00013490033378270709,0
282,30215,0.99995714476009978,-4.2856158212228296e-05,4.2856158212228296e-05,0.99995714476009978,-4.2856158212228296e-05,4.2856158212228296e-05,0
283,315,0.99998555821115032,-1.4441893133317049e-05,1.4441893133317049e-05,0.99998555821115032,-1.4441893133317049e-05,1.4441893133317049e-05,0
284,279,0.99999942405065245,-5.7594951342336422e-07,5.7594951342336422e-07,0.99999942405065245,-5.7594951342336422e-07,5.7594951342336422e-07,0
285,26363,0.99999773806957659,-2.2619329815878383e-06,2.2619329815878383e-06,0.99999773806957659,-2.2619329815878383e-06,2.2619329815878383e-06,0
286,11,0.99999084971296204,-9.1503289020436827e-06,9.1503289020436827e-06,0.99999084971296204,-9.1503289020436827e-06,9.1503289020436827e-06,0
287,76086,0.99997967663186771,-2.0323574654755854e-05,2.0323574654755854e-05,0.99997967663186771,-2.0323574654755854e-05,2.0323574654755854e-05,0
288,426,0.99999359749427907,-6.4025262170319702e-06,6.4025262170319702e-06,0.99999359749427907,-6.4025262170319702e-06,6.4025262170319702e-06,0
289,23427,0.99999986547415276,-1.3452585628764014e-07,1.3452585628764014e-07,0.99999986547415276,-1.3452585628764014e-07,1.3452585628764014e-07,0
290,19870,0.99999940585992686,-5.941402496897501e-07,5.941402496897501e-07,0.99999940585992686,-5.941402496897501e-07,5.941402496897501e-07,0
291,315,0.99999599475852352,-4.0052494975131661e-06,4.0052494975131661e-06,0.99999599475852352,-4.0052494975131661e-06,4.0052494975131661e-06,0
292,3320,0.99999344744849961,-6.5525729684509095e-06,6.5525729684509095e-06,0.99999344744849961,-6.5525729684509095e-06,6.5525729684509095e-06,0
293,96323,0.99999908951758976,-9.1048282475741565e-07,9.1048282475741565e-07,0.99999908951758976,-9.1048282475741565e-07,9.1048282475741565e-07,0
294,17439,0.99998549608590537,-1.4504019277449253e-05,1.4504019277449253e-05,0.99998549608590537,-1.4504019277449253e-05,1.4504019277449253e-05,0
295,24082,0.99988650790657307,-0.00011349853414192343,0.00011349853414192343,0.99988650790657307,-0.00011349853414192343,0.00011349853414192343,0
296,664,0.99999840083839642,-1.5991628822087154e-06,1.5991628822087154e-06,0.99999840083839642,-1.5991628822087154e-06,1.5991628822087154e-06,0
297,647,0.99999998146636326,-1.8533636897747664e-08,1.8533636897747664e-08,0.99999998146636326,-1.8533636897747664e-08,1.8533636897747664e-08,0
298,320,0.97274077770574807,-0.027637647804154983,0.027637647804154983,0.97274077770574807,-0.027637647804154983,0.027637647804154983,0
299,64,0.99980241242900902,-0.00019760709398678562,0.00019760709398678562,0.99980241242900902,-0.00019760709398678562,0.00019760709398678562,0
300,14458,0.99999923034618199,-7.6965411424250882e-07,7.6965411424250882e-07,0.99999923034618199,-7.6965411424250882e-07,7.6965411424250882e-07,0
301,304,0.99999987717365735,-1.228263502081369e-07,1.228263502081369e-07,0.99999987717365735,-1.228263502081369e-07,1.228263502081369e-07,0
302,6617,0.99999488430521433,-5.1157078709277992e-06,5.1157078709277992e-06,0.99999488430521433,-5.1157078709277992e-06,5.1157078709277992e-06,0
303,11477,0.99974546057252833,-0.00025457182813001333,0.00025457182813001333,0.99974546057252833,-0.00025457182813001333,0.00025457182813001333,0
304,57664,0.99999704483589102,-2.95516847547499e-06,2.95516847547499e-06,0.99999704483589102,-2.95516847547499e-06,2.95516847547499e-06,0
305,8,0.99998913828699321,-1.0861771995606132e-05,1.0861771995606132e-05,0.99998913828699321,-1.0861771995606132e-05,1.0861771995606132e-05,0
306,323,0.99999526505010583,-4.7349611040672975e-06,4.7349611040672975e-06,0.99999526505010583,-4.7349611040672975e-06,4.7349611040672975e-06,0
307,28379,0.99995563582623481,-4.4365157884232787e-05,4.4365157884232787e-05,0.99995563582623481,-4.4365157884232787e-05,4.4365157884232787e-05,0
308,433,0.99999922693024434,-7.7307005446948724e-07,7.7307005446948724e-07,0.99999922693024434,-7.7307005446948724e-07,7.7307005446948724e-07,0
309,3297,0.99999361378527962,-6.3862351123774263e-06,6.3862351123774263e-06,0.99999361378527962,-6.3862351123774263e-06,6.3862351123774263e-06,0
310,8551,0.9854188633646791,-0.014688486205203029,0.014688486205203029,0.9854188633646791,-0.014688486205203029,0.014688486205203029,0
311,6496,0.9998643691629393,-0.00013564003575439128,0.00013564003575439128,0.9998643691629393,-0.00013564003575439128,0.00013564003575439128,0
312,11,0.99982877887693489,-0.00017123578307507147,0.00017123578307507147,0.99982877887693489,-0.00017123578307507147,0.00017123578307507147,0
313,264,0.99991465406314795,-8.5349579023740005e-05,8.5349579023740005e-05,0.99991465406314795,-8.5349579023740005e-05,8.5349579023740005e-05,0
314,12633,0.99994421126748712,-5.5790288762106314e-05,5.5790288762106314e-05,0.99994421126748712,-5.5790288762106314e-05,5.5790288762106314e-05,0
315,32051,0.99999966309516108,-3.3690489562801831e-07,3.3690489562801831e-07,0.99999966309516108,-3.3690489562801831e-07,3.3690489562801831e-07,0
316,4751,0.99999810340535089,-1.8965964476913825e-06,1.8965964476913825e-06,0.99999810340535089,-1.8965964476913825e-06,1.8965964476913825e-06,0
317,22797,0.99998747771168905,-1.2522366715460488e-05,1.2522366715460488e-05,0.99998747771168905,-1.2522366715460488e-05,1.2522366715460488e-05,0
318,311,0.99999962153189981,-3.7846817179250177e-07,3.7846817179250177e-07,0.99999962153189981,-3.7846817179250177e-07,3.7846817179250177e-07,0
319,279,0.9999996098574605,-3.9014261560292137e-07,3.9014261560292137e-07,0.9999996098574605,-3.9014261560292137e-07,3.9014261560292137e-07,0
320,9546,0.99999930499475032,-6.9500549122624274e-07,6.9500549122624274e-07,0.99999930499475032,-6.9500549122624274e-07,6.9500549122624274e-07,0
321,315,0.99999974668583946,-2.5331419262338104e-07,2.5331419262338104e-07,0.99999974668583946,-2.5331419262338104e-07,2.5331419262338104e-07,0
322,279,0.9999992684609631,-7.315393044548179e-07,7.315393044548179e-07,0.9999992684609631,-7.315393044548179e-07,7.315393044548179e-07,0
323,452,0.99997684511880847,-2.3155149269889307e-05,2.3155149269889307e-05,0.99997684511880847,-2.3155149269889307e-05,2.3155149269889307e-05,0
324,10746,0.99999630663001604,-3.6933768044119238e-06,3.6933768044119238e-06,0.99999630663001604,-3.6933768044119238e-06,3.6933768044119238e-06,0
325,14362,0.999996330514064,-3.6694926686300594e-06,3.6694926686300594e-06,0.999996330514064,-3.6694926686300594e-06,3.6694926686300594e-06,0
326,392,0.99999942107293471,-5.7892723288465558e-07,5.7892723288465558e-07,0.99999942107293471,-5.7892723288465558e-07,5.7892723288465558e-07,0
327,382,0.86293202254698831,-0.14741935977634829,0.14741935977634829,0.86293202254698831,-0.14741935977634829,0.14741935977634829,0
328,644,0.62058711043222992,-0.47708929670944128,0.47708929670944128,0.62058711043222992,-0.47708929670944128,0.47708929670944128,0
329,220,0.99887868786685086,-0.0011219412739519048,0.0011219412739519048,0.99887868786685086,-0.0011219412739519048,0.0011219412739519048,0
330,10895,0.99999065738765192,-9.3426559905171163e-06,9.3426559905171163e-06,0.99999065738765192,-9.3426559905171163e-06,9.3426559905171163e-06,0
331,16,0.99999913025589837,-8.6974447990622964e-07,8.6974447990622964e-07,0.99999913025589837,-8.6974447990622964e-07,8.6974447990622964e-07,0
332,11,0.99963416217733969,-0.00036590475764195402,0.00036590475764195402,0.99963416217733969,-0.00036590475764195402,0.00036590475764195402,0
333,15506,0.99936187145619948,-0.00063833223447822462,0.00063833223447822462,0.99936187145619948,-0.00063833223447822462,0.00063833223447822462,0
334,1221,0.65584982143202897,-0.42182344699054908,0.42182344699054908,0.65584982143202897,-0.42182344699054908,0.42182344699054908,0
335,56409,0.99998708905045353,-1.2911032893499303e-05,1.2911032893499303e-05,0.99998708905045353,-1.2911032893499303e-05,1.2911032893499303e-05,0
336,67987,0.99997506756918875,-2.4932741629494332e-05,2.4932741629494332e-05,0.99997506756918875,-2.4932741629494332e-05,2.4932741629494332e-05,0
337,11721,0.99998913452360216,-1.0865535427587968e-05,1.0865535427587968e-05,0.99998913452360216,-1.0865535427587968e-05,1.0865535427587968e-05,0
338,505,0.9999381832446117,-6.1818666122707622e-05,6.1818666122707622e-05,0.9999381832446117,-6.1818666122707622e-05,6.1818666122707622e-05,0
339,12550,0.99999580972559199,-4.1902831872726849e-06,4.1902831872726849e-06,0.99999580972559199,-4.1902831872726849e-06,4.1902831872726849e-06,0
340,11,0.62536716480100873,-0.46941633805335936,0.46941633805335936,0.62536716480100873,-0.46941633805335936,0.46941633805335936,0
341,505,0.98538581602821007,-0.014722023101900693,0.014722023101900693,0.98538581602821007,-0.014722023101900693,0.014722023101900693,0
342,4028,0.99999754445360856,-2.4555494063127655e-06,2.4555494063127655e-06,0.99999754445360856,-2.4555494063127655e-06,2.4555494063127655e-06,0
343,279,0.99999975189834833,-2.4810168239668445e-07,2.4810168239668445e-07,0.99999975189834833,-2.4810168239668445e-07,2.4810168239668445e-07,0
344,16867,0.99999884665299688,-1.1533476681769447e-06,1.1533476681769447e-06,0.99999884665299688,-1.1533476681769447e-06,1.1533476681769447e-06,0
345,11,0.99997975520156057,-2.0245003368110471e-05,2.0245003368110471e-05,0.99997975520156057,-2.0245003368110471e-05,2.0245003368110471e-05,0
346,323,0.99999801884825013,-1.9811537123598238e-06,1.9811537123598238e-06,0.99999801884825013,-1.9811537123598238e-06,1.9811537123598238e-06,0
347,18538,0.99997669042961013,-2.3309842062093336e-05,2.3309842062093336e-05,0.99997669042961013,-2.3309842062093336e-05,2.3309842062093336e-05,0
348,3118,0.99983426231610828,-0.00016575141989935271,0.00016575141989935271,0.99983426231610828,-0.00016575141989935271,0.00016575141989935271,0
349,11477,0.99999906138636019,-9.3861408027515054e-07,9.3861408027515054e-07,0.99999906138636019,-9.3861408027515054e-07,9.3861408027515054e-07,0
350,57664,0.99999945633292575,-5.4366722200300642e-07,5.4366722200300642e-07,0.99999945633292575,-5.4366722200300642e-07,5.4366722200300642e-07,0
351,304,0.99997176184928604,-2.8238549418054495e-05,2.8238549418054495e-05,0.99997176184928604,-2.8238549418054495e-05,2.8238549418054495e-05,0
352,1148,0.99999896023402557,-1.0397665150087972e-06,1.0397665150087972e-06,0.99999896023402557,-1.0397665150087972e-06,1.0397665150087972e-06,0
353,3432,0.99944752830855976,-0.00055262436015785714,0.00055262436015785714,0.99944752830855976,-0.00055262436015785714,0.00055262436015785714,0
354,374,0.99999971000246657,-2.8999757542597845e-07,2.8999757542597845e-07,0.99999971000246657,-2.8999757542597845e-07,2.8999757542597845e-07,0
355,61894,0.99997264337643332,-2.7356997765938617e-05,2.7356997765938617e-05,0.99997264337643332,-2.7356997765938617e-05,2.7356997765938617e-05,0
356,309,0.99999999285575591,-7.1442440596908595e-09,7.1442440596908595e-09,0.99999999285575591,-7.1442440596908595e-09,7.1442440596908595e-09,0
357,44486,0.99998400245132746,-1.5997676634644469e-05,1.5997676634644469e-05,0.99998400245132746,-1.5997676634644469e-05,1.5997676634644469e-05,0
358,13,0.99989908084827328,-0.00010092424440699957,0.00010092424440699957,0.99989908084827328,-0.00010092424440699957,0.00010092424440699957,0
359,15506,0.99913353757755952,-0.0008668380179804962,0.0008668380179804962,0.99913353757755952,-0.0008668380179804962,0.0008668380179804962,0
360,86316,0.99998622019291217,-1.3779902030209217e-05,1.3779902030209217e-05,0.99998622019291217,-1.3779902030209217e-05,1.3779902030209217e-05,0
361,5246,0.99999447006891351,-5.5299463766242115e-06,5.5299463766242115e-06,0.99999447006891351,-5.5299463766242115e-06,5.5299463766242115e-06,0
362,9052,0.99998067029584847,-1.9329890972651733e-05,1.9329890972651733e-05,0.99998067029584847,-1.9329890972651733e-05,1.9329890972651733e-05,0
363,1534,0.99999965608172336,-3.4391833573399234e-07,3.4391833573399234e-07,0.99999965608172336,-3.4391833573399234e-07,3.4391833573399234e-07,0
364,279,0.99999801413405354,-1.985867918249534e-06,1.985867918249534e-06,0.99999801413405354,-1.985867918249534e-06,1.985867918249534e-06,0
365,3363,0.99999486958377648,-5.1304293841231017e-06,5.1304293841231017e-06,0.99999486958377648,-5.1304293841231017e-06,5.1304293841231017e-06,0
366,323,0.99592065118281192,-0.0040876920582982876,0.0040876920582982876,0.99592065118281192,-0.0040876920582982876,0.0040876920582982876,0
367,32762,0.99999071983091559,-9.2802121454430863e-06,9.2802121454430863e-06,0.99999071983091559,-9.2802121454430863e-06,9.2802121454430863e-06,0
368,350,0.99999409771480086,-5.9023026176549656e-06,5.9023026176549656e-06,0.99999409771480086,-5.9023026176549656e-06,5.9023026176549656e-06,0
369,36071,0.99999831017086094,-1.6898305667912696e-06,1.6898305667912696e-06,0.99999831017086094,-1.6898305667912696e-06,1.6898305667912696e-06,0
370,1234,0.99999895624306501,-1.0437574797398605e-06,1.0437574797398605e-06,0.99999895624306501,-1.0437574797398605e-06,1.0437574797398605e-06,0
371,57664,0.99999914060170636,-8.5939866287723168e-07,8.5939866287723168e-07,0.99999914060170636,-8.5939866287723168e-07,8.5939866287723168e-07,0
372,323,0.99397170842724325,-0.0060465350774610181,0.0060465350774610181,0.99397170842724325,-0.0060465350774610181,0.0060465350774610181,0
373,1243,0.99998630062495053,-1.3699468886747961e-05,1.3699468886747961e-05,0.99998630062495053,-1.3699468886747961e-05,1.3699468886747961e-05,0
374,5918,0.99998909675813419,-1.0903301306621325e-05,1.0903301306621325e-05,0.99998909675813419,-1.0903301306621325e-05,1.0903301306621325e-05,0
375,1063,0.99999723433454057,-2.7656692838401789e-06,2.7656692838401789e-06,0.99999723433454057,-2.7656692838401789e-06,2.7656692838401789e-06,0
376,315,0.99999940749037597,-5.9250979954967781e-07,5.9250979954967781e-07,0.99999940749037597,-5.9250979954967781e-07,5.9250979954967781e-07,0
377,279,0.99999953445220324,-4.6554790510553999e-07,4.6554790510553999e-07,0.99999953445220324,-4.6554790510553999e-07,4.6554790510553999e-07,0
378,24417,0.99999961874781362,-3.8125225902817712e-07,3.8125225902817712e-07,0.99999961874781362,-3.8125225902817712e-07,3.8125225902817712e-07,0
379,31012,0.99998502061060723,-1.4979501584982435e-05,1.4979501584982435e-05,0.99998502061060723,-1.4979501584982435e-05,1.4979501584982435e-05,0
380,304,0.99999933643367167,-6.635665484835443e-07,6.635665484835443e-07,0.99999933643367167,-6.635665484835443e-07,6.635665484835443e-07,0
381,279,0.9999989143173168,-1.085683272569017e-06,1.085683272569017e-06,0.9999989143173168,-1.085683272569017e-06,1.085683272569017e-06,0
382,3224,0.99999503019784763,-4.9698145018379225e-06,4.9698145018379225e-06,0.99999503019784763,-4.9698145018379225e-06,4.9698145018379225e-06,0
383,11,0.9998136304445997,-0.00018638692436397772,0.00018638692436397772,0.9998136304445997,-0.00018638692436397772,0.00018638692436397772,0
384,2737,0.99999307920078795,-6.9208231608962219e-06,6.9208231608962219e-06,0.99999307920078795,-6.9208231608962219e-06,6.9208231608962219e-06,0
385,5960,0.9999632532004803,-3.6747474699907027e-05,3.6747474699907027e-05,0.9999632532004803,-3.6747474699907027e-05,3.6747474699907027e-05,0
386,4701,0.99998413974221789,-1.5860383557338804e-05,1.5860383557338804e-05,0.99998413974221789,-1.5860383557338804e-05,1.5860383557338804e-05,0
387,45335,0.99999820927355854,-1.790728044766792e-06,1.790728044766792e-06,0.99999820927355854,-1.790728044766792e-06,1.790728044766792e-06,0
388,9441,0.99998751980421008,-1.2480273668166739e-05,1.2480273668166739e-05,0.99998751980421008,-1.2480273668166739e-05,1.2480273668166739e-05,0
389,382,0.90324226443803812,-0.1017644731338353,0.1017644731338353,0.90324226443803812,-0.1017644731338353,0.1017644731338353,0
390,1692,0.99758981044650807,-0.0024130987357276804,0.0024130987357276804,0.99758981044650807,-0.0024130987357276804,0.0024130987357276804,0
391,10746,0.99993734678737944,-6.2655175415068663e-05,6.2655175415068663e-05,0.99993734678737944,-6.2655175415068663e-05,6.2655175415068663e-05,0
392,6244,0.99934540381778347,-0.00065481052384068331,0.00065481052384068331,0.99934540381778347,-0.00065481052384068331,0.00065481052384068331,0
393,279,0.9999629987098424,-3.7001974722220655e-05,3.7001974722220655e-05,0.9999629987098424,-3.7001974722220655e-05,3.7001974722220655e-05,0
394,4219,0.99999694628579405,-3.0537188685503075e-06,3.0537188685503075e-06,0.99999694628579405,-3.0537188685503075e-06,3.0537188685503075e-06,0
395,315,0.99999949174171865,-5.0825841053649625e-07,5.0825841053649625e-07,0.99999949174171865,-5.0825841053649625e-07,5.0825841053649625e-07,0
396,15506,0.99999776012474939,-2.2398777591789897e-06,2.2398777591789897e-06,0.99999776012474939,-2.2398777591789897e-06,2.2398777591789897e-06,0
397,5820,0.99999382238272772,-6.1776363537895033e-06,6.1776363537895033e-06,0.99999382238272772,-6.1776363537895033e-06,6.1776363537895033e-06,0
398,304,0.99999961418071204,-3.8581936241504896e-07,3.8581936241504896e-07,0.99999961418071204,-3.8581936241504896e-07,3.8581936241504896e-07,0
399,279,0.99999948621851464,-5.1378161738142812e-07,5.1378161738142812e-07,0.99999948621851464,-5.1378161738142812e-07,5.1378161738142812e-07,0
400,13759,0.99999610728632471,-3.892721251964708e-06,3.892721251964708e-06,0.99999610728632471,-3.892721251964708e-06,3.892721251964708e-06,0
401,6460,0.99999604996555758,-3.9500422438489078e-06,3.9500422438489078e-06,0.99999604996555758,-3.9500422438489078e-06,3.9500422438489078e-06,0
402,323,0.99992451056478548,-7.5492284685376945e-05,7.5492284685376945e-05,0.99992451056478548,-7.5492284685376945e-05,7.5492284685376945e-05,0
403,832,0.99999473137878581,-5.2686350933738608e-06,5.2686350933738608e-06,0.99999473137878581,-5.2686350933738608e-06,5.2686350933738608e-06,0
404,842,0.99999658225649413,-3.4177493463510964e-06,3.4177493463510964e-06,0.99999658225649413,-3.4177493463510964e-06,3.4177493463510964e-06,0
405,315,0.99999946307035292,-5.3692979125506022e-07,5.3692979125506022e-07,0.99999946307035292,-5.3692979125506022e-07,5.3692979125506022e-07,0
406,279,0.99999954226409493,-4.5773600980630966e-07,4.5773600980630966e-07,0.99999954226409493,-4.5773600980630966e-07,4.5773600980630966e-07,0
407,57664,0.99999919877056365,-8.0122975729982838e-07,8.0122975729982838e-07,0.99999919877056365,-8.0122975729982838e-07,8.0122975729982838e-07,0
408,6830,0.99863253113064465,-0.0013684047081606338,0.0013684047081606338,0.99863253113064465,-0.0013684047081606338,0.0013684047081606338,0
409,11600,0.99991415280436435,-8.5850880717081281e-05,8.5850880717081281e-05,0.99991415280436435,-8.5850880717081281e-05,8.5850880717081281e-05,0
410,360,0.99999977941723883,-2.2058278546725974e-07,2.2058278546725974e-07,0.99999977941723883,-2.2058278546725974e-07,2.2058278546725974e-07,0
411,1030,0.99999942395958585,-5.7604058008063902e-07,5.7604058008063902e-07,0.99999942395958585,-5.7604058008063902e-07,5.7604058008063902e-07,0
412,480,0.9999677804949848,-3.2220024074561199e-05,3.2220024074561199e-05,0.9999677804949848,-3.2220024074561199e-05,3.2220024074561199e-05,0
413,5164,0.99999908403129723,-9.1596912227057822e-07,9.1596912227057822e-07,0.99999908403129723,-9.1596912227057822e-07,9.1596912227057822e-07,0
414,263,0.99999969737157512,-3.0262847067667235e-07,3.0262847067667235e-07,0.99999969737157512,-3.0262847067667235e-07,3.0262847067667235e-07,0
415,6696,0.99999737061849625,-2.6293849606054268e-06,2.6293849606054268e-06,0.99999737061849625,-2.6293849606054268e-06,2.6293849606054268e-06,0
416,6149,0.99999920609553128,-7.939047838521987e-07,7.939047838521987e-07,0.99999920609553128,-7.939047838521987e-07,7.939047838521987e-07,0
417,11,0.99999579141668793,-4.208592168210504e-06,4.208592168210504e-06,0.99999579141668793,-4.208592168210504e-06,4.208592168210504e-06,0
418,31799,0.99997657731977252,-2.342295454274333e-05,2.342295454274333e-05,0.99997657731977252,-2.342295454274333e-05,2.342295454274333e-05,0
419,15506,0.99998891016927438,-1.1089892218269774e-05,1.1089892218269774e-05,0.99998891016927438,-1.1089892218269774e-05,1.1089892218269774e-05,0
420,5270,0.99999655424775435,-3.4457581822940651e-06,3.4457581822940651e-06,0.99999655424775435,-3.4457581822940651e-06,3.4457581822940651e-06,0
421,449,0.9999987740579771,-1.2259427743384775e-06,1.2259427743384775e-06,0.9999987740579771,-1.2259427743384775e-06,1.2259427743384775e-06,0
422,13936,0.99998527494628042,-1.4725162134287955e-05,1.4725162134287955e-05,0.99998527494628042,-1.4725162134287955e-05,1.4725162134287955e-05,0
423,11,0.99897120890971436,-0.0010293206590809381,0.0010293206590809381,0.99897120890971436,-0.0010293206590809381,0.0010293206590809381,0
424,832,0.99999617389502848,-3.8261122911178218e-06,3.8261122911178218e-06,0.99999617389502848,-3.8261122911178218e-06,3.8261122911178218e-06,0
425,315,0.99999864641464542,-1.3535862706826042e-06,1.3535862706826042e-06,0.99999864641464542,-1.3535862706826042e-06,1.3535862706826042e-06,0
426,279,0.99999987480943375,-1.2519057406473988e-07,1.2519057406473988e-07,0.99999987480943375,-1.2519057406473988e-07,1.2519057406473988e-07,0
427,30758,0.99999942476908421,-5.7523108119018007e-07,5.7523108119018007e-07,0.99999942476908421,-5.7523108119018007e-07,5.7523108119018007e-07,0
428,10507,0.9999905375067174,-9.4625380522406234e-06,9.4625380522406234e-06,0.9999905375067174,-9.4625380522406234e-06,9.4625380522406234e-06,0
429,315,0.9999995536877353,-4.4631236427800874e-07,4.4631236427800874e-07,0.9999995536877353,-4.4631236427800874e-07,4.4631236427800874e-07,0
430,81069,0.99996832964942806,-3.1670852088084417e-05,3.1670852088084417e-05,0.99996832964942806,-3.1670852088084417e-05,3.1670852088084417e-05,0
431,13,0.99968394857751508,-0.00031610137726154671,0.00031610137726154671,0.99968394857751508,-0.00031610137726154671,0.00031610137726154671,0
432,24586,0.99742231699893136,-0.0025810109460506496,0.0025810109460506496,0.99742231699893136,-0.0025810109460506496,0.0025810109460506496,0
433,311,0.99999987318182038,-1.2681818768115108e-07,1.2681818768115108e-07,0.99999987318182038,-1.2681818768115108e-07,1.2681818768115108e-07,0
434,279,0.94163528953266074,-0.060137245475129122,0.060137245475129122,0.94163528953266074,-0.060137245475129122,0.060137245475129122,0
435,8792,0.99998247083242187,-1.7529321215777949e-05,1.7529321215777949e-05,0.99998247083242187,-1.7529321215777949e-05,1.7529321215777949e-05,0
436,3813,0.99999436104954387,-5.638966355029706e-06,5.638966355029706e-06,0.99999436104954387,-5.638966355029706e-06,5.638966355029706e-06,0
437,304,0.99999239738781565,-7.6026410843032812e-06,7.6026410843032812e-06,0.99999239738781565,-7.6026410843032812e-06,7.6026410843032812e-06,0
438,279,0.99999659605191038,-3.4039538831157721e-06,3.4039538831157721e-06,0.99999659605191038,-3.4039538831157721e-06,3.4039538831157721e-06,0
439,16867,0.99999747727432797,-2.522728854075603e-06,2.522728854075603e-06,0.99999747727432797,-2.522728854075603e-06,2.522728854075603e-06,0
440,9581,0.99980826818325541,-0.00019175019963915229,0.00019175019963915229,0.99980826818325541,-0.00019175019963915229,0.00019175019963915229,0
441,6696,0.9999879252975995,-1.2074775300256719e-05,1.2074775300256719e-05,0.9999879252975995,-1.2074775300256719e-05,1.2074775300256719e-05,0
442,11543,0.99999857881462662,-1.4211863832166391e-06,1.4211863832166391e-06,0.99999857881462662,-1.4211863832166391e-06,1.4211863832166391e-06,0
443,11,0.99999915536102701,-8.4463932970689513e-07,8.4463932970689513e-07,0.99999915536102701,-8.4463932970689513e-07,8.4463932970689513e-07,0
444,57664,0.99999785164050503,-2.1483618026572313e-06,2.1483618026572313e-06,0.99999785164050503,-2.1483618026572313e-06,2.1483618026572313e-06,0
445,4036,0.99999372776733564,-6.2722523349427741e-06,6.2722523349427741e-06,0.99999372776733564,-6.2722523349427741e-06,6.2722523349427741e-06,0
446,279,0.99999913816848562,-8.6183188573801853e-07,8.6183188573801853e-07,0.99999913816848562,-8.6183188573801853e-07,8.6183188573801853e-07,0
447,1647,0.99998216930986761,-1.7830849101087944e-05,1.7830849101087944e-05,0.99998216930986761,-1.7830849101087944e-05,1.7830849101087944e-05,0
448,25840,0.99998710812331315,-1.2891959787785636e-05,1.2891959787785636e-05,0.99998710812331315,-1.2891959787785636e-05,1.2891959787785636e-05,0
449,315,0.99985263491891718,-0.00014737594038324525,0.00014737594038324525,0.99985263491891718,-0.00014737594038324525,0.00014737594038324525,0
450,279,0.99999243969406104,-7.5603345181685413e-06,7.5603345181685413e-06,0.99999243969406104,-7.5603345181685413e-06,7.5603345181685413e-06,0
451,330,0.99839394582715635,-0.0016073452604028992,0.0016073452604028992,0.99839394582715635,-0.0016073452604028992,0.0016073452604028992,0
452,92140,0.99966949905980651,-0.00033055556766588284,0.00033055556766588284,0.99966949905980651,-0.00033055556766588284,0.00033055556766588284,0
453,75,0.9999999001774893,-9.9822515711581071e-08,9.9822515711581071e-08,0.9999999001774893,-9.9822515711581071e-08,9.9822515711581071e-08,0
454,315,0.99999987243936872,-1.2756063946447454e-07,1.2756063946447454e-07,0.99999987243936872,-1.2756063946447454e-07,1.2756063946447454e-07,0
455,279,0.99999742900877142,-2.5709945336152996e-06,2.5709945336152996e-06,0.99999742900877142,-2.5709945336152996e-06,2.5709945336152996e-06,0
456,62574,0.99998334462381211,-1.6655514890241628e-05,1.6655514890241628e-05,0.99998334462381211,-1.6655514890241628e-05,1.6655514890241628e-05,0
457,2266,0.72924178603474099,-0.31574993387711553,0.31574993387711553,0.72924178603474099,-0.31574993387711553,0.31574993387711553,0
458,62897,0.95636908257458741,-0.044611370797753271,0.044611370797753271,0.95636908257458741,-0.044611370797753271,0.044611370797753271,0
459,6037,0.9999929521684856,-7.0478563504635262e-06,7.0478563504635262e-06,0.9999929521684856,-7.0478563504635262e-06,7.0478563504635262e-06,0
460,315,0.99999917730256338,-8.2269777499593875e-07,8.2269777499593875e-07,0.99999917730256338,-8.2269777499593875e-07,8.2269777499593875e-07,0
461,57664,0.99999953445160727,-4.6554850107298216e-07,4.6554850107298216e-07,0.99999953445160727,-4.6554850107298216e-07,4.6554850107298216e-07,0
462,323,0.99999614820209315,-3.8518053249935743e-06,3.8518053249935743e-06,0.99999614820209315,-3.8518053249935743e-06,3.8518053249935743e-06,0
463,279,0.99999975463060542,-2.4536942465131636e-07,2.4536942465131636e-07,0.99999975463060542,-2.4536942465131636e-07,2.4536942465131636e-07,0
464,4553,0.99999926088627389,-7.3911399930739335e-07,7.3911399930739335e-07,0.99999926088627389,-7.3911399930739335e-07,7.3911399930739335e-07,0
465,57281,0.99998587126739813,-1.4128832413320427e-05,1.4128832413320427e-05,0.99998587126739813,-1.4128832413320427e-05,1.4128832413320427e-05,0
466,5438,0.99999808572937043,-1.9142724617474786e-06,1.9142724617474786e-06,0.99999808572937043,-1.9142724617474786e-06,1.9142724617474786e-06,0
467,82179,0.99999994213074062,-5.7869261040689889e-08,5.7869261040689889e-08,0.99999994213074062,-5.7869261040689889e-08,5.7869261040689889e-08,0
468,6438,0.99999984699935662,-1.5300065509808205e-07,1.5300065509808205e-07,0.99999984699935662,-1.5300065509808205e-07,1.5300065509808205e-07,0
469,36513,0.99998693393856553,-1.306614679621935e-05,1.306614679621935e-05,0.99998693393856553,-1.306614679621935e-05,1.306614679621935e-05,0
470,369,0.99999940263676979,-5.9736340861887713e-07,5.9736340861887713e-07,0.99999940263676979,-5.9736340861887713e-07,5.9736340861887713e-07,0
471,927,0.99999993628204831,-6.3717953770524117e-08,6.3717953770524117e-08,0.99999993628204831,-6.3717953770524117e-08,6.3717953770524117e-08,0
472,2380,0.99999828421923453,-1.7157822373777117e-06,1.7157822373777117e-06,0.99999828421923453,-1.7157822373777117e-06,1.7157822373777117e-06,0
473,24552,0.99999871631998793,-1.2836808359396633e-06,1.2836808359396633e-06,0.99999871631998793,-1.2836808359396633e-06,1.2836808359396633e-06,0
474,11,0.9981995196244805,-0.001802103188498685,0.001802103188498685,0.9981995196244805,-0.001802103188498685,0.001802103188498685,0
475,3156,0.9999935564022685,-6.4436184915755266e-06,6.4436184915755266e-06,0.9999935564022685,-6.4436184915755266e-06,6.4436184915755266e-06,0
476,220,0.99999506792173631,-4.9320904264499545e-06,4.9320904264499545e-06,0.99999506792173631,-4.9320904264499545e-06,4.9320904264499545e-06,0
477,9378,0.99999996099549415,-3.9004506641009592e-08,3.9004506641009592e-08,0.99999996099549415,-3.9004506641009592e-08,3.9004506641009592e-08,0
478,23,0.99999968313320808,-3.1686684207808435e-07,3.1686684207808435e-07,0.99999968313320808,-3.1686684207808435e-07,3.1686684207808435e-07,0
479,13,0.99988253305298713,-0.00011747384679505291,0.00011747384679505291,0.99988253305298713,-0.00011747384679505291,0.00011747384679505291,0
480,2468,0.96461676461653212,-0.036024391634586241,0.036024391634586241,0.96461676461653212,-0.036024391634586241,0.036024391634586241,0
481,2204,0.99998924094476416,-1.0759113114891551e-05,1.0759113114891551e-05,0.99998924094476416,-1.0759113114891551e-05,1.0759113114891551e-05,0
482,3115,0.99999870755281206,-1.2924480231696729e-06,1.2924480231696729e-06,0.99999870755281206,-1.2924480231696729e-06,1.2924480231696729e-06,0
483,2391,0.99998029531707433,-1.9704877065488656e-05,1.9704877065488656e-05,0.99998029531707433,-1.9704877065488656e-05,1.9704877065488656e-05,0
484,279,0.99999627322134055,-3.7267856038678662e-06,3.7267856038678662e-06,0.99999627322134055,-3.7267856038678662e-06,3.7267856038678662e-06,0
485,1317,0.99999652433511499,-3.4756709251964857e-06,3.4756709251964857e-06,0.99999652433511499,-3.4756709251964857e-06,3.4756709251964857e-06,0
486,15506,0.99999300592069251,-6.9941037662233304e-06,6.9941037662233304e-06,0.99999300592069251,-6.9941037662233304e-06,6.9941037662233304e-06,0
487,4261,0.99999381417249866,-6.1858466336731e-06,6.1858466336731e-06,0.99999381417249866,-6.1858466336731e-06,6.1858466336731e-06,0
488,11,0.99944752386328362,-0.00055262880789123481,0.00055262880789123481,0.99944752386328362,-0.00055262880789123481,0.00055262880789123481,0
489,1070,0.99996329905246029,-3.6701621035929828e-05,3.6701621035929828e-05,0.99996329905246029,-3.6701621035929828e-05,3.6701621035929828e-05,0
490,1051,0.99999942911916806,-5.708809949493506e-07,5.708809949493506e-07,0.99999942911916806,-5.708809949493506e-07,5.708809949493506e-07,0
491,2254,0.99999661069485479,-3.3893108889641844e-06,3.3893108889641844e-06,0.99999661069485479,-3.3893108889641844e-06,3.3893108889641844e-06,0
492,5891,0.9999504029165347,-4.9598313441272972e-05,4.9598313441272972e-05,0.9999504029165347,-4.9598313441272972e-05,4.9598313441272972e-05,0
493,337,0.99999707291636852,-2.9270879153636484e-06,2.9270879153636484e-06,0.99999707291636852,-2.9270879153636484e-06,2.9270879153636484e-06,0
494,2641,0.99999987303299742,-1.2696701061622691e-07,1.2696701061622691e-07,0.99999987303299742,-1.2696701061622691e-07,1.2696701061622691e-07,0
495,11,0.99999945933493317,-5.4066521299052063e-07,5.4066521299052063e-07,0.99999945933493317,-5.4066521299052063e-07,5.4066521299052063e-07,0
496,8620,0.99998769048253067,-1.2309593232104626e-05,1.2309593232104626e-05,0.99998769048253067,-1.2309593232104626e-05,1.2309593232104626e-05,0
497,1672,0.99999110865801966,-8.8913815085441996e-06,8.8913815085441996e-06,0.99999133330029011,-8.6667372659765048e-06,8.6667372659765048e-06,2.2464424256769473e-07
498,852,0.99999562837448597,-4.3716350695790595e-06,4.3716350695790595e-06,0.99999563396276991,-4.3660467613080514e-06,4.3660467613080514e-06,5.5883082710081277e-09
499,5247,0.99999561107400348,-4.388935627833999e-06,4.388935627833999e-06,0.99999560087588002,-4.3991337961856325e-06,4.3991337961856325e-06,-1.0198168351633496e-08
500,11,0.99999664285527412,-3.3571503610730122e-06,3.3571503610730122e-06,0.99999663402317296,-3.3659824919416374e-06,3.3659824919416374e-06,-8.8321308686251978e-09
501,11191,0.99997394809344642,-2.6052245910400852e-05,2.6052245910400852e-05,0.99997379761753713,-2.6202725751243693e-05,2.6202725751243693e-05,-1.504798408428412e-07
502,55066,0.99999596768570864,-4.0323224211951668e-06,4.0323224211951668e-06,0.99999597557131559,-4.0244367824005964e-06,4.0244367824005964e-06,7.8856387945704321e-09
503,8951,0.99999774283795029,-2.2571645971280252e-06,2.2571645971280252e-06,0.99999779464777439,-2.2053546573725431e-06,2.2053546573725431e-06,5.1809939755482055e-08
504,11,0.99999799539230827,-2.0046097009510332e-06,2.0046097009510332e-06,0.99999801615930373,-1.9838426640859939e-06,1.9838426640859939e-06,2.0767036865039321e-08
505,2294,0.99999601138180261,-3.9886261519755007e-06,3.9886261519755007e-06,0.99999612895121492,-3.8710562776519466e-06,3.8710562776519466e-06,1.1756987432355402e-07
506,66579,0.999995825042853,-4.174965862204588e-06,4.174965862204588e-06,0.99999551920788876,-4.4808021500361589e-06,4.4808021500361589e-06,-3.0583628783157091e-07
507,11,0.9999968284328018,-3.1715722276034635e-06,3.1715722276034635e-06,0.99999693346902307,-3.0665356786887863e-06,3.0665356786887863e-06,1.0503654891467728e-07
508,24113,0.99999678992922314,-3.2100759290958403e-06,3.2100759290958403e-06,0.99999673016769131,-3.2698376546612215e-06,3.2698376546612215e-06,-5.9761725565381163e-08
509,52581,0.99998677143671555,-1.3228650782703205e-05,1.3228650782703205e-05,0.99998685933134412,-1.3140754995202688e-05,1.3140754995202688e-05,8.7895787500516536e-08
510,323,0.55408259778522317,-0.59044150987304878,0.59044150987304878,0.5548884159492169,-0.58898823779318765,0.58898823779318765,0.0014532720798611232
511,30215,0.99998641499895369,-1.3585093323330034e-05,1.3585093323330034e-05,0.99998670704112524,-1.3293047226906676e-05,1.3293047226906676e-05,2.9204609642335834e-07
512,13865,0.99999701185903545,-2.9881454290125845e-06,2.9881454290125845e-06,0.99999710178905576,-2.8982151440202495e-06,2.8982151440202495e-06,8.9930284992335027e-08
513,11,0.99999569126982812,-4.3087394545050943e-06,4.3087394545050943e-06,0.99999563732272634,-4.3626867901271213e-06,4.3626867901271213e-06,-5.3947335622027007e-08
514,323,0.99999992798855242,-7.2011450207955271e-08,7.2011450207955271e-08,0.99999992127749637,-7.8722506745581314e-08,7.8722506745581314e-08,-6.7110565376260434e-09
515,264,0.9999988354755821,-1.1645250959737519e-06,1.1645250959737519e-06,0.99999884558775021,-1.1544129161699406e-06,1.1544129161699406e-06,1.0112179803811336e-08
516,8013,0.99999485671643096,-5.1432967957747784e-06,5.1432967957747784e-06,0.99999501420770687,-4.9858047222144634e-06,4.9858047222144634e-06,1.5749207356031496e-07
517,30747,0.99991826805021822,-8.1735290019649534e-05,8.1735290019649534e-05,0.99992383794836204,-7.6164952114289399e-05,7.6164952114289399e-05,5.5703379053601351e-06
518,315,0.99999938982445902,-6.1017572719419367e-07,6.1017572719419367e-07,0.99999952877006826,-4.7123004275791175e-07,4.7123004275791175e-07,1.3894568443628192e-07
519,279,0.99999937505541725,-6.2494477804840714e-07,6.2494477804840714e-07,0.99999949261657883,-5.073835499082938e-07,5.073835499082938e-07,1.1756122814011334e-07
520,3363,0.99999713604997809,-2.8639541230102446e-06,2.8639541230102446e-06,0.99999775835924931,-2.2416432631849617e-06,2.2416432631849617e-06,6.223108598252829e-07
521,2391,0.99996668661933275,-3.3313935570289376e-05,3.3313935570289376e-05,0.99997574666295075,-2.4253631166241257e-05,2.4253631166241257e-05,9.0603044040481189e-06
522,872,0.99999375385599465,-6.2461635126001536e-06,6.2461635126001536e-06,0.99999543223186826,-4.567778564062718e-06,4.567778564062718e-06,1.6783849485374355e-06
523,46025,0.99999690620468551,-3.0938001002517961e-06,3.0938001002517961e-06,0.9999975716459143,-2.4283570341922313e-06,2.4283570341922313e-06,6.654430660595648e-07
524,4879,0.99998038490530605,-1.9615287072392924e-05,1.9615287072392924e-05,0.99998257472638474,-1.7425425437091348e-05,1.7425425437091348e-05,2.1898616353015758e-06
525,311,0.99999895305024367,-1.0469503044042126e-06,1.0469503044042126e-06,0.99999896258846777,-1.0374120703723569e-06,1.0374120703723569e-06,9.538234031855709e-09
526,51630,0.99994430004630419,-5.5701504995861894e-05,5.5701504995861894e-05,0.99994349830225093,-5.6503294030160819e-05,5.6503294030160819e-05,-8.0178903429892505e-07
527,279,0.99999959012095119,-4.0987913278901393e-07,4.0987913278901393e-07,0.99999949258144583,-5.0741868289808152e-07,5.0741868289808152e-07,-9.7539550109067583e-08
528,26363,0.99999825598642378,-1.744015096993233e-06,1.744015096993233e-06,0.99999785872318137,-2.1412791112049467e-06,2.1412791112049467e-06,-3.9726401421171366e-07
529,382,0.84218445083085547,-0.17175622598606588,0.17175622598606588,0.84873938523042836,-0.16400310654333808,0.16400310654333808,0.0077531194427278016
530,4531,0.47972385316060645,-0.73454464654755025,0.73454464654755025,0.47112562861451462,-0.75263049311180175,0.75263049311180175,-0.018085846564251495
531,574,0.99995262126087814,-4.7379861529800186e-05,4.7379861529800186e-05,0.99997903411150535,-2.0966108281973915e-05,2.0966108281973915e-05,2.6413753247826271e-05
532,6118,0.99998126192266656,-1.8738252893409623e-05,1.8738252893409623e-05,0.999964503799321,-3.5496830684021562e-05,3.5496830684021562e-05,-1.675857779061194e-05
533,6288,0.99998621724442249,-1.3782850560517093e-05,1.3782850560517093e-05,0.99998051371495933,-1.9486474900783188e-05,1.9486474900783188e-05,-5.7036243402660942e-06
534,28101,0.99999512126124157,-4.8787506594883514e-06,4.8787506594883514e-06,0.99999242493284535,-7.5750958456407056e-06,7.5750958456407056e-06,-2.6963451861523543e-06
535,11,0.97723146740744504,-0.02303173851299559,0.02303173851299559,0.97520148602196299,-0.025111177003722979,0.025111177003722979,-0.0020794384907273887
536,323,0.99999401753457906,-5.9824833159991216e-06,5.9824833159991216e-06,0.99999458584317202,-5.4141714845420487e-06,5.4141714845420487e-06,5.6831183145707291e-07
537,279,0.99999884400866379,-1.1559920043156672e-06,1.1559920043156672e-06,0.99999791562145568,-2.0843807166330761e-06,2.0843807166330761e-06,-9.2838871231740887e-07
538,3363,0.99999787821666963,-2.1217855813323574e-06,2.1217855813323574e-06,0.99998973648835843,-1.0263564311752546e-05,1.0263564311752546e-05,-8.1417787304201887e-06
539,6052,0.99999191299680845,-8.0870358915149432e-06,8.0870358915149432e-06,0.99998826437899513,-1.1735689867779483e-05,1.1735689867779483e-05,-3.6486539762645396e-06
540,311,0.99999986908425775,-1.309157507748516e-07,1.309157507748516e-07,0.99999911405276642,-8.8594762605134378e-07,8.8594762605134378e-07,-7.5503187527649218e-07
541,279,0.99980668690658403,-0.00019333178080038716,0.00019333178080038716,0.99993150254114505,-6.8499804913024453e-05,6.8499804913024453e-05,0.00012483197588736273
542,2626,0.99999766014680924,-2.3398559282469406e-06,2.3398559282469406e-06,0.99998687878105608,-1.3121305027836743e-05,1.3121305027836743e-05,-1.0781449099589803e-05
543,315,0.99999951680304389,-4.8319707285382939e-07,4.8319707285382939e-07,0.99999923020832038,-7.6979197585843171e-07,7.6979197585843171e-07,-2.8659490300460233e-07
544,6696,0.99999905511604736,-9.4488439907398504e-07,9.4488439907398504e-07,0.99999271091434017,-7.2891122253570633e-06,7.2891122253570633e-06,-6.3442278262830785e-06
545,13,0.99994287857880537,-5.7123052685156729e-05,5.7123052685156729e-05,0.99988385630710808,-0.00011615043809288515,0.00011615043809288515,-5.9027385407728419e-05
546,763,0.99955939339518918,-0.0004407037004226304,0.0004407037004226304,0.99981526730592829,-0.00018474975925751927,0.00018474975925751927,0.00025595394116511113
547,279,0.99997483879965554,-2.5161516892742091e-05,2.5161516892742091e-05,0.99998174706631104,-1.8253100275816682e-05,1.8253100275816682e-05,6.9084166169254088e-06
548,220,0.99999746910715592,-2.5308960467886762e-06,2.5308960467886762e-06,0.99999784612249654,-2.1538798230406385e-06,2.1538798230406385e-06,3.770162237480377e-07
549,777,0.99999627728093254,-3.7227259967949758e-06,3.7227259967949758e-06,0.99999915482926816,-8.4517108900495517e-07,8.4517108900495517e-07,2.8775549077900206e-06
550,339,0.99999966604362334,-3.3395643247751618e-07,3.3395643247751618e-07,0.99999921033834693,-7.8966196489589036e-07,7.8966196489589036e-07,-4.5570553241837418e-07
551,9478,0.99999238475264274,-7.6152763533602514e-06,7.6152763533602514e-06,0.99999310338813163,-6.896635650141156e-06,6.896635650141156e-06,7.1864070321909539e-07
552,11,0.99981200242011969,-0.00018801525364043221,0.00018801525364043221,0.99983264010056516,-0.00016737390566550948,0.00016737390566550948,2.0641347974922729e-05
553,57664,0.99999892241705679,-1.077583523798626e-06,1.077583523798626e-06,0.99999844246779512,-1.5575334178691713e-06,1.5575334178691713e-06,-4.7994989407054534e-07
554,574,0.99990564496336409,-9.4359488352457738e-05,9.4359488352457738e-05,0.99996890086397028,-3.1099619617869527e-05,3.1099619617869527e-05,6.3259868734588212e-05
555,832,0.99999960491793649,-3.9508214156142011e-07,3.9508214156142011e-07,0.9999989353944595,-1.0646061072350982e-06,1.0646061072350982e-06,-6.6952396567367803e-07
556,315,0.99999993730267012,-6.2697331803701658e-08,6.2697331803701658e-08,0.99999975776506844,-2.4223496094974619e-07,2.4223496094974619e-07,-1.7953762914604453e-07
557,279,0.99999997344671776,-2.6553282553256206e-08,2.6553282553256206e-08,0.9999998780117032,-1.2198830423374129e-07,1.2198830423374129e-07,-9.5435021680485085e-08
558,1455,0.99999918154516676,-8.18455168214218e-07,8.18455168214218e-07,0.9999995404875035,-4.5951260208638098e-07,4.5951260208638098e-07,3.5894256612783702e-07
559,6617,0.99999889751587534,-1.1024847323955042e-06,1.1024847323955042e-06,0.99999678674301706,-3.2132621454786325e-06,3.2132621454786325e-06,-2.1107774130831281e-06
560,9919,0.99999965485785525,-3.4514220431847198e-07,3.4514220431847198e-07,0.99999834903161322,-1.6509697496366018e-06,1.6509697496366018e-06,-1.3058275453181298e-06
561,304,0.99999996607713282,-3.392286771679946e-08,3.392286771679946e-08,0.99999991362307539,-8.6376928320892658e-08,8.6376928320892658e-08,-5.2454060604093198e-08
562,13936,0.99999884959013985,-1.1504105219255654e-06,1.1504105219255654e-06,0.99999486560320594,-5.1344099750890458e-06,5.1344099750890458e-06,-3.9839994531634807e-06
563,13,0.99951582838245712,-0.00048428886646773511,0.00048428886646773511,0.99976449492646213,-0.0002355328092123811,0.0002355328092123811,0.00024875605725535404
564,13538,0.99992150279498193,-7.8500286084882425e-05,7.8500286084882425e-05,0.99994366865411233,-5.6332932557553344e-05,5.6332932557553344e-05,2.2167353527329081e-05
565,279,0.99999989658920918,-1.0341079613056939e-07,1.0341079613056939e-07,0.99999963852606821,-3.6147399712849878e-07,3.6147399712849878e-07,-2.5806320099792936e-07
566,15506,0.99999349776067337,-6.502260466294205e-06,6.502260466294205e-06,0.99998489836567439,-1.510174835642454e-05,1.510174835642454e-05,-8.599487890130335e-06
567,24145,0.99151013683966271,-0.0085261073330833576,0.0085261073330833576,0.99331376942038463,-0.0067086835591278083,0.0067086835591278083,0.0018174237739555493
568,5111,0.99998055743570313,-1.9442753305929423e-05,1.9442753305929423e-05,0.99998615913417022,-1.3840961615435344e-05,1.3840961615435344e-05,5.601791690494079e-06
569,11,0.99999961934565496,-3.8065441747984257e-07,3.8065441747984257e-07,0.99999918783280839,-8.121675213859593e-07,8.121675213859593e-07,-4.3151310390611674e-07
570,57664,0.9999989175062548,-1.08249433114018e-06,1.08249433114018e-06,0.99999859571536587,-1.4042856201008479e-06,1.4042856201008479e-06,-3.2179128896066791e-07
571,5602,0.99999543126228885,-4.5687481478209099e-06,4.5687481478209099e-06,0.99999803009206978,-1.9699098705103742e-06,1.9699098705103742e-06,2.5988382773105357e-06
572,279,0.99999989292075597,-1.0707924972951135e-07,1.0707924972951135e-07,0.99999958990931581,-4.1009076830018188e-07,4.1009076830018188e-07,-3.0301151857067051e-07
573,10205,0.99999983232980949,-1.6767020454155421e-07,1.6767020454155421e-07,0.99999971956218614,-2.8043785314098237e-07,2.8043785314098237e-07,-1.1276764859942816e-07
574,315,0.99999992123167702,-7.8768326090288735e-08,7.8768326090288735e-08,0.99999976488225828,-2.3511776936928044e-07,2.3511776936928044e-07,-1.563494432789917e-07
575,279,0.99999985398926428,-1.4601074638100154e-07,1.4601074638100154e-07,0.99999941436229201,-5.8563787945690855e-07,5.8563787945690855e-07,-4.3962713307590702e-07
576,57281,0.99999817541688762,-1.8245847769342671e-06,1.8245847769342671e-06,0.99999809050870092,-1.9094931221904409e-06,1.9094931221904409e-06,-8.4908345256173802e-08
577,22910,0.99999855215718403,-1.4478438640570936e-06,1.4478438640570936e-06,0.99999861236286058,-1.3876381022167595e-06,1.3876381022167595e-06,6.0205761840334091e-08
578,13,0.87565226055798517,-0.13278622968969872,0.13278622968969872,0.90054774621734834,-0.10475209387573696,0.10475209387573696,0.028034135813961761
579,9636,0.99992293799124421,-7.7064978184914761e-05,7.7064978184914761e-05,0.9998814597492286,-0.00011854727722221453,0.00011854727722221453,-4.1482299037299772e-05
580,279,0.99356826737822712,-0.0064525053316127016,0.0064525053316127016,0.99720650450706516,-0.0027974045831839754,0.0027974045831839754,0.0036551007484287262
581,3778,0.9999993577592331,-6.4224097311263415e-07,6.4224097311263415e-07,0.99999749875641897,-2.5012467091299279e-06,2.5012467091299279e-06,-1.8590057360172938e-06
582,6037,0.99999225612287901,-7.7439071050069892e-06,7.7439071050069892e-06,0.99999531002155195,-4.6899894459898848e-06,4.6899894459898848e-06,3.0539176590171045e-06
583,2768,0.99938138302742097,-0.00061880839500727904,0.00061880839500727904,0.99970761984516099,-0.00029242290624979794,0.00029242290624979794,0.0003263854887574811
584,279,0.99999955126106532,-4.4873903538853129e-07,4.4873903538853129e-07,0.99999900625311755,-9.9374737622575739e-07,9.9374737622575739e-07,-5.4500834083722605e-07
585,15506,0.99999562297845457,-4.377031124669851e-06,4.377031124669851e-06,0.99998940401409697,-1.0596042040853593e-05,1.0596042040853593e-05,-6.2190109161837421e-06
586,24145,0.9999266845033653,-7.3318184347040554e-05,7.3318184347040554e-05,0.99996921075744194,-3.0789716556545761e-05,3.0789716556545761e-05,4.2528467790494793e-05
587,5111,0.99998920107756006,-1.0798980748671329e-05,1.0798980748671329e-05,0.99999271340966989,-7.2866168774069417e-06,7.2866168774069417e-06,3.5123638712643873e-06
588,11,0.99999593635205286,-4.0636562038231722e-06,4.0636562038231722e-06,0.99999106070001675,-8.9393399389716086e-06,8.9393399389716086e-06,-4.8756837351484363e-06
589,279,0.99999648610729497,-3.513898878738046e-06,3.513898878738046e-06,0.9999970289547544,-2.9710496591921353e-06,2.9710496591921353e-06,5.4284921954591066e-07
590,3723,0.99999780402731953,-2.1959750915729752e-06,2.1959750915729752e-06,0.99999197979501375,-8.0202371482723528e-06,8.0202371482723528e-06,-5.824262056699378e-06
591,4273,0.99999126036827235,-8.7396699184134036e-06,8.7396699184134036e-06,0.99999057744160469,-9.4226027878735191e-06,9.4226027878735191e-06,-6.8293286946011546e-07
592,5614,0.99998556710465369,-1.4432999501546539e-05,1.4432999501546539e-05,0.9999490030881627,-5.0998212224038563e-05,5.0998212224038563e-05,-3.6565212722492026e-05
593,279,0.99999922742999403,-7.7257030439247015e-07,7.7257030439247015e-07,0.99999904779745574,-9.5220299763137797e-07,9.5220299763137797e-07,-1.7963269323890782e-07
594,4033,0.99999931640849649,-6.8359173715814444e-07,6.8359173715814444e-07,0.99999904866940748,-9.5133104506290042e-07,9.5133104506290042e-07,-2.6773930790475598e-07
595,4221,0.99999829733544054,-1.7026660090441282e-06,1.7026660090441282e-06,0.99999604250682295,-3.9575010079413701e-06,3.9575010079413701e-06,-2.2548349988972418e-06
596,505,0.9999950331664178,-4.9668459169984974e-06,4.9668459169984974e-06,0.99999756820907415,-2.4317938826395749e-06,2.4317938826395749e-06,2.5350520343589225e-06
597,15506,0.99999834890250494,-1.6510988581471511e-06,1.6510988581471511e-06,0.99999169237267704,-8.3076618314747902e-06,8.3076618314747902e-06,-6.6565629733276393e-06
598,311,0.99999990780617332,-9.2193830982883139e-08,9.2193830982883139e-08,0.99999988164363374,-1.1835637324792238e-07,1.1835637324792238e-07,-2.6162542265039243e-08
599,6498,0.99999843790415011,-1.5620970699790076e-06,1.5620970699790076e-06,0.99999417939817659,-5.8206187631457111e-06,5.8206187631457111e-06,-4.2585216931667035e-06
600,323,0.99992423092561833,-7.5771945003037238e-05,7.5771945003037238e-05,0.9999524184784907,-4.7582653545784486e-05,4.7582653545784486e-05,2.8189291457252752e-05
601,1903,0.9999992261745716,-7.7382572785285794e-07,7.7382572785285794e-07,0.99999782550780747,-2.1744945567552678e-06,2.1744945567552678e-06,-1.4006688289024098e-06
602,1063,0.99998805005346858,-1.1950017932551817e-05,1.1950017932551817e-05,0.99999644024265999,-3.5597636759076761e-06,3.5597636759076761e-06,8.3902542566441398e-06
603,4442,0.9999985313584594,-1.4686426190880816e-06,1.4686426190880816e-06,0.99999631167882108,-3.6883279808132412e-06,3.6883279808132412e-06,-2.2196853617251596e-06
604,304,0.99999963547452519,-3.6452554125950794e-07,3.6452554125950794e-07,0.99999964050458257,-3.5949548204608138e-07,3.5949548204608138e-07,5.0300592134265625e-09
605,6873,0.99999849903139038,-1.5009697360334881e-06,1.5009697360334881e-06,0.99999664167637026,-3.3583292689715645e-06,3.3583292689715645e-06,-1.8573595329380764e-06
606,11,0.99999943568187666,-5.6431828252604979e-07,5.6431828252604979e-07,0.9999995281522619,-4.7184784938332795e-07,4.7184784938332795e-07,9.2470433142721838e-08
607,2254,0.99999748259880472,-2.5174043639889233e-06,2.5174043639889233e-06,0.99999353613798425,-6.4638829066127814e-06,6.4638829066127814e-06,-3.9464785426238581e-06
608,7016,0.99999859551975845,-1.4044812278004021e-06,1.4044812278004021e-06,0.99999494767527375,-5.0523374893094904e-06,5.0523374893094904e-06,-3.6478562615090883e-06
609,11,0.99962490865563181,-0.0003751617087224709,0.0003751617087224709,0.99954056850895068,-0.00045953706203318164,0.00045953706203318164,-8.4375353310710743e-05
610,323,0.99999999665241157,-3.3475884230783729e-09,3.3475884230783729e-09,0.99999999350862123,-6.4913787467787784e-09,6.4913787467787784e-09,-3.1437903237004054e-09
611,16036,0.99999908695156525,-9.1304885158472733e-07,9.1304885158472733e-07,0.99999639886710556,-3.6011393785093087e-06,3.6011393785093087e-06,-2.6880905269245812e-06
612,9293,0.99999904446268495,-9.5553777157154555e-07,9.5553777157154555e-07,0.99999840972909337,-1.5902721711197916e-06,1.5902721711197916e-06,-6.3473439954824609e-07
613,382,0.99942128656144857,-0.00057888095780693905,0.00057888095780693905,0.99952130239998782,-0.00047881221228612846,0.00047881221228612846,0.00010006874552081059
614,92459,0.96721430158233168,-0.033335193208645739,0.033335193208645739,0.98967058954576703,-0.010383129055575325,0.010383129055575325,0.022952064153070412
615,279,0.99999998781017096,-1.2189829071784944e-08,1.2189829071784944e-08,0.999999948553425,-5.1446576341273751e-08,5.1446576341273751e-08,-3.9256747269488807e-08
616,842,0.99999974409913084,-2.5590090192212702e-07,2.5590090192212702e-07,0.99999941717481566,-5.828253542220153e-07,5.828253542220153e-07,-3.2692445229988828e-07
617,315,0.99999987826228576,-1.2173772159854963e-07,1.2173772159854963e-07,0.99999993612798643,-6.3872015635064692e-08,6.3872015635064692e-08,5.7865705963484941e-08
618,4435,0.99999439629743458,-5.6037182662159445e-06,5.6037182662159445e-06,0.99999453635529811,-5.4636596276365335e-06,5.4636596276365335e-06,1.4005863857941102e-07
619,5111,0.99999863911842779,-1.3608824981719471e-06,1.3608824981719471e-06,0.99999803345297811,-1.9665489555843591e-06,1.9665489555843591e-06,-6.0566645741241204e-07
620,8105,0.99999849738084834,-1.5026202805870903e-06,1.5026202805870903e-06,0.99999701274306529,-2.9872613965864432e-06,2.9872613965864432e-06,-1.4846411159993529e-06
621,11,0.99999736104759995,-2.6389558820957976e-06,2.6389558820957976e-06,0.9999956089605947,-4.3910490459891489e-06,4.3910490459891489e-06,-1.7520931638933513e-06
622,2391,0.99981825609254615,-0.00018176042487911881,0.00018176042487911881,0.99996173868947069,-3.826204251195793e-05,3.826204251195793e-05,0.00014349838236716087
623,279,0.99999956745912522,-4.3254096831078131e-07,4.3254096831078131e-07,0.99999959914623082,-4.0085384948533451e-07,4.0085384948533451e-07,3.1687118825446805e-08
624,16506,0.9999871596614055,-1.2840421032386571e-05,1.2840421032386571e-05,0.99997934762622498,-2.0652587038244358e-05,2.0652587038244358e-05,-7.8121660058577866e-06
625,315,0.99999994209318244,-5.7906819217304975e-08,5.7906819217304975e-08,0.99999987584734684,-1.2415266088328529e-07,1.2415266088328529e-07,-6.6245841665980319e-08
626,57664,0.9999985686829086,-1.4313181157631556e-06,1.4313181157631556e-06,0.9999976663516702,-2.3336510528110308e-06,2.3336510528110308e-06,-9.0233293704787512e-07
627,11,0.99992497889406018,-7.5023920163736646e-05,7.5023920163736646e-05,0.99991764843622655,-8.235495484964326e-05,8.235495484964326e-05,-7.3310346859066142e-06
628,1455,0.99997017781164721,-2.9822633043099965e-05,2.9822633043099965e-05,0.99997909870702673,-2.0901511408367174e-05,2.0901511408367174e-05,8.9211216347327914e-06
629,315,0.999999967519977,-3.2480023476213352e-08,3.2480023476213352e-08,0.99999979933747751,-2.0066254265543815e-07,2.0066254265543815e-07,-1.6818251917922481e-07
630,279,0.99999997567265531,-2.432734495346544e-08,2.432734495346544e-08,0.99999975582375755,-2.4417627225560594e-07,2.4417627225560594e-07,-2.1984892730214049e-07
631,3363,0.99999940856124636,-5.9143892856999963e-07,5.9143892856999963e-07,0.99999583073420151,-4.1692744899285922e-06,4.1692744899285922e-06,-3.5778355613585927e-06
632,574,0.99999947359824337,-5.2640189519082334e-07,5.2640189519082334e-07,0.99999806511403844,-1.9348878334494942e-06,1.9348878334494942e-06,-1.4084859382586709e-06
633,68461,0.99987892023795133,-0.00012108709279484482,0.00012108709279484482,0.99988275246632841,-0.00011725440770099323,0.00011725440770099323,3.8326850938515898e-06
634,555,0.99999992959705752,-7.0402944993560774e-08,7.0402944993560774e-08,0.99999965126379908,-3.4873626167783438e-07,3.4873626167783438e-07,-2.783333166842736e-07
635,37295,0.99984490426046591,-0.0001551077681220752,0.0001551077681220752,0.99982627229135357,-0.00017374280105284724,0.00017374280105284724,-1.8635032930772042e-05
636,41884,0.99999905569478242,-9.443056634505579e-07,9.443056634505579e-07,0.99999895314746656,-1.0468530813875506e-06,1.0468530813875506e-06,-1.0254741793699275e-07
637,86562,0.99996085816757929,-3.9142598482172877e-05,3.9142598482172877e-05,0.99995215539728366,-4.7845747305801517e-05,4.7845747305801517e-05,-8.7031488236286402e-06
638,479,0.99999892080000774,-1.0792005745467193e-06,1.0792005745467193e-06,0.99999931733414438,-6.8266608867756691e-07,6.8266608867756691e-07,3.9653448586915235e-07
639,555,0.99999922848813994,-7.7151215763983746e-07,7.7151215763983746e-07,0.999998945758659,-1.0542418967341566e-06,1.0542418967341566e-06,-2.8272973909431918e-07
640,279,0.9999999461436786,-5.3856322838862573e-08,5.3856322838862573e-08,0.99999975482143399,-2.451785960119354e-07,2.451785960119354e-07,-1.9132227317307282e-07
641,3723,0.9999958291970108,-4.1708116869940222e-06,4.1708116869940222e-06,0.99999551123524222,-4.4887748323216009e-06,4.4887748323216009e-06,-3.1796314532757877e-07
642,4273,0.9999963209021332,-3.6791046347297855e-06,3.6791046347297855e-06,0.99999633392913645,-3.6660775836177848e-06,3.6660775836177848e-06,1.3027051112000733e-08
643,6690,0.99999925989385674,-7.4010641716514051e-07,7.4010641716514051e-07,0.99999906979490993,-9.3020552273267251e-07,9.3020552273267251e-07,-1.90099105567532e-07
644,11994,0.99999888583075502,-1.1141698656285377e-06,1.1141698656285377e-06,0.99999858149702758,-1.4185039785077121e-06,1.4185039785077121e-06,-3.0433411287917431e-07
645,13,0.99994158006489275,-5.8421641618163902e-05,5.8421641618163902e-05,0.99995489407523208,-4.5106942070748212e-05,4.5106942070748212e-05,1.331469954741569e-05
646,1666,0.99990123148242716,-9.8773395504041285e-05,9.8773395504041285e-05,0.99991880482961271,-8.1198466893545992e-05,8.1198466893545992e-05,1.7574928610495294e-05
647,264,0.99999996123519375,-3.8764807056823005e-08,3.8764807056823005e-08,0.99999989391986011,-1.0608014548119148e-07,1.0608014548119148e-07,-6.7315338424368482e-08
648,1121,0.99999810200960193,-1.8979921992221298e-06,1.8979921992221298e-06,0.99999156012639345,-8.4399092224334302e-06,8.4399092224334302e-06,-6.5419170232113004e-06
649,11,0.99999907259661336,-9.2740381669204803e-07,9.2740381669204803e-07,0.9999993565660984,-6.4343410860210258e-07,6.4343410860210258e-07,2.8396970808994544e-07
650,12309,0.99998168756964601,-1.8312598028539443e-05,1.8312598028539443e-05,0.99998860261627809,-1.139744867261384e-05,1.139744867261384e-05,6.9151493559256025e-06
651,2697,0.9999980654916758,-1.9345101953709984e-06,1.9345101953709984e-06,0.99999559146539052,-4.4085443270644776e-06,4.4085443270644776e-06,-2.4740341316934792e-06
652,8625,0.99995137127170375,-4.8629910711166464e-05,4.8629910711166464e-05,0.99997877033738769,-2.1229887964781077e-05,2.1229887964781077e-05,2.7400022746385388e-05
653,315,0.99999992801010607,-7.1989896561751673e-08,7.1989896561751673e-08,0.99999990223630064,-9.7763704127257872e-08,9.7763704127257872e-08,-2.5773807565506199e-08
654,57664,0.99999780764816837,-2.1923542347985727e-06,2.1923542347985727e-06,0.999998251385389,-1.7486161398319846e-06,1.7486161398319846e-06,4.4373809496658804e-07
655,596,0.99992478876496782,-7.521406353899602e-05,7.521406353899602e-05,0.99992208882932354,-7.7914205909333326e-05,7.7914205909333326e-05,-2.7001423703373054e-06
656,864,0.9999470752171622,-5.2926183403492705e-05,5.2926183403492705e-05,0.99996354187167125,-3.6458792942488989e-05,3.6458792942488989e-05,1.6467390461003716e-05
657,11710,0.94028274425712066,-0.061574657183966035,0.061574657183966035,0.97044247139733397,-0.030003155412539426,0.030003155412539426,0.031571501771426605
658,323,0.99999970533145111,-2.9466859229935204e-07,2.9466859229935204e-07,0.99999932311161477,-6.7688861433139245e-07,6.7688861433139245e-07,-3.8222002203204042e-07
659,37683,0.9999989059879737,-1.0940126246920499e-06,1.0940126246920499e-06,0.99999836922809582,-1.6307732338987671e-06,1.6307732338987671e-06,-5.3676060920671716e-07
660,18112,0.99999897949745065,-1.0205030700294699e-06,1.0205030700294699e-06,0.99999702714869865,-2.972855720232139e-06,2.972855720232139e-06,-1.9523526502026688e-06
661,11,0.99976779948962857,-0.00023222747308380929,0.00023222747308380929,0.99990511042960861,-9.4894072691509784e-05,9.4894072691509784e-05,0.00013733340039229951
662,8051,0.99998781266172643,-1.2187412539833471e-05,1.2187412539833471e-05,0.99998165499503278,-1.8345173238851583e-05,1.8345173238851583e-05,-6.1577606990181117e-06
663,1070,0.9999990008911207,-9.9910937838757583e-07,9.9910937838757583e-07,0.99999881731705298,-1.1826836464201392e-06,1.1826836464201392e-06,-1.8357426803256341e-07
664,527,0.99999060994851741,-9.3900955694211952e-06,9.3900955694211952e-06,0.99999339613731419,-6.6038844914491699e-06,6.6038844914491699e-06,2.7862110779720253e-06
665,14529,0.99999980211240336,-1.9788761625352698e-07,1.9788761625352698e-07,0.99999971438261415,-2.8561742666615178e-07,2.8561742666615178e-07,-8.7729810412624799e-08
666,35093,0.99999420507213022,-5.7949446604200894e-06,5.7949446604200894e-06,0.99999303438639453,-6.9656378654347357e-06,6.9656378654347357e-06,-1.1706932050146464e-06
667,7224,0.99999611632412777,-3.8836834137671065e-06,3.8836834137671065e-06,0.99999039625671349,-9.6037894027564832e-06,9.6037894027564832e-06,-5.7201059889893766e-06
668,11,0.99988471901050824,-0.00011528763485576934,0.00011528763485576934,0.99996122372406537,-3.8777027753832813e-05,3.8777027753832813e-05,7.6510607101936524e-05
669,5423,0.99999746943425438,-2.5305689474917141e-06,2.5305689474917141e-06,0.99999270070101354,-7.2993256264788101e-06,7.2993256264788101e-06,-4.7687566789870964e-06
670,2949,0.9999997606454345,-2.3935459414325474e-07,2.3935459414325474e-07,0.99999927847440528,-7.2152585499945565e-07,7.2152585499945565e-07,-4.8217126085620097e-07
671,279,0.99999986391790185,-1.3608210742708318e-07,1.3608210742708318e-07,0.99999988361158443,-1.1638842234352123e-07,1.1638842234352123e-07,1.9693685083561944e-08
672,2362,0.99999870032804139,-1.2996728032392952e-06,1.2996728032392952e-06,0.99999892702131787,-1.0729792577850178e-06,1.0729792577850178e-06,2.266935454542774e-07
673,289,0.99980456766332537,-0.00019545143606215245,0.00019545143606215245,0.9997041151795969,-0.0002959286029532032,0.0002959286029532032,-0.00010047716689105075
674,4841,0.9999974384465381,-2.5615567426392809e-06,2.5615567426392809e-06,0.99999900744920778,-9.9255128485532426e-07,9.9255128485532426e-07,1.5690054577839567e-06
675,3363,0.9999983932235581,-1.6067777327426945e-06,1.6067777327426945e-06,0.99999751987585439,-2.4801272211711944e-06,2.4801272211711944e-06,-8.733494884284999e-07
676,11,0.99998380626121997,-1.6193869900066649e-05,1.6193869900066649e-05,0.99999248344040137,-7.5165878481518825e-06,7.5165878481518825e-06,8.6772820519147661e-06
677,61894,0.99999900062592451,-9.9937457487602647e-07,9.9937457487602647e-07,0.99999927088139118,-7.291188745896299e-07,7.291188745896299e-07,2.7025570028639656e-07
678,309,0.99999998185728212,-1.8142718052072477e-08,1.8142718052072477e-08,0.99999998926352951,-1.0736470543821981e-08,1.0736470543821981e-08,7.4062475082504961e-09
679,44486,0.99998451004714906,-1.5490072821546274e-05,1.5490072821546274e-05,0.99998961622483795,-1.0383829073769588e-05,1.0383829073769588e-05,5.1062437477766859e-06
680,382,0.98837651854496988,-0.011691562186540197,0.011691562186540197,0.98856588826083547,-0.011499983801866171,0.011499983801866171,0.00019157838467402655
681,791,0.8627166175676223,-0.14766901080666528,0.14766901080666528,0.89769380169190982,-0.10792624689754805,0.10792624689754805,0.039742763909117226
682,30758,0.96863094720184117,-0.031871599077572289,0.031871599077572289,0.98580866011544954,-0.014292999888978102,0.014292999888978102,0.017578599188594189
683,6029,0.99999801857703929,-1.9814249237642686e-06,1.9814249237642686e-06,0.99999947953516299,-5.2046497245857456e-07,5.2046497245857456e-07,1.4609599513056939e-06
684,315,0.99999996789615075,-3.2103849729551458e-08,3.2103849729551458e-08,0.99999994283069149,-5.7169310094889998e-08,5.7169310094889998e-08,-2.5065460365338539e-08
685,3823,0.99999985886372966,-1.4113628025067216e-07,1.4113628025067216e-07,0.99999969795756227,-3.020424833730759e-07,3.020424833730759e-07,-1.6090620312240375e-07
686,2324,0.99999938580930214,-6.1419088649480981e-07,6.1419088649480981e-07,0.9999979006248263,-2.0993773773722013e-06,2.0993773773722013e-06,-1.4851864908773916e-06
687,304,0.99999988242343718,-1.1757656978485093e-07,1.1757656978485093e-07,0.99999983509149726,-1.6490851634525434e-07,1.6490851634525434e-07,-4.7331946560403409e-08
688,323,0.99996198566299677,-3.801505956648216e-05,3.801505956648216e-05,0.99998796875854745,-1.2031313828544885e-05,1.2031313828544885e-05,2.5983745737937275e-05
689,2212,0.99999990795782678,-9.2042177418269228e-08,9.2042177418269228e-08,0.99999980288777146,-1.9711224797053884e-07,1.9711224797053884e-07,-1.0507007055226961e-07
690,279,0.99999428688290415,-5.7131334157643144e-06,5.7131334157643144e-06,0.99999806347981801,-1.9365220570400378e-06,1.9365220570400378e-06,3.7766113587242766e-06
691,3158,0.99999936441733583,-6.3558286619307184e-07,6.3558286619307184e-07,0.99999962859783009,-3.7140223882737725e-07,3.7140223882737725e-07,2.6418062736569459e-07
692,315,0.99999996964045312,-3.0359547303795718e-08,3.0359547303795718e-08,0.99999995145642984,-4.8543571316824184e-08,4.8543571316824184e-08,-1.8184024013028466e-08
693,57664,0.99999984662668417,-1.5337332760047227e-07,1.5337332760047227e-07,0.99999977986416133,-2.201358628446898e-07,2.201358628446898e-07,-6.6762535244217526e-08
694,374,0.99986236600684775,-0.00013764346557946041,0.00013764346557946041,0.99996451397141861,-3.5486658225368544e-05,3.5486658225368544e-05,0.00010215680735409187
695,279,0.99999952714563811,-4.7285447369137601e-07,4.7285447369137601e-07,0.99999973791678387,-2.6208325050829231e-07,2.6208325050829231e-07,2.107712231830837e-07
696,14373,0.99991510339868506,-8.4900205235350189e-05,8.4900205235350189e-05,0.99996530299607822,-3.4697605876740207e-05,3.4697605876740207e-05,5.0202599358609982e-05
697,7568,0.99999589265031907,-4.1073581161133728e-06,4.1073581161133728e-06,0.9999945597324521,-5.4402823461915679e-06,5.4402823461915679e-06,-1.3329242300781951e-06
698,10358,0.99999855010523298,-1.4498958181327982e-06,1.4498958181327982e-06,0.9999987447318216,-1.2552689662908342e-06,1.2552689662908342e-06,1.9462685184196399e-07
699,62579,0.99999039284504232,-9.6072011066561758e-06,9.6072011066561758e-06,0.99999350555148314,-6.4944696058947963e-06,6.4944696058947963e-06,3.1127315007613795e-06
700,66581,0.99994385811279163,-5.6143463223124376e-05,5.6143463223124376e-05,0.99995322774488637,-4.6773348969689741e-05,4.6773348969689741e-05,9.3701142534346348e-06
701,82,0.99999981283185879,-1.8716815877509173e-07,1.8716815877509173e-07,0.99999996200359387,-3.7996406853983073e-08,3.7996406853983073e-08,1.4917175192110866e-07
702,30105,0.78583406709951165,-0.24100961940031934,0.24100961940031934,0.85717762684770626,-0.15411011599432442,0.15411011599432442,0.086899503405994921
703,311,0.99998306568759532,-1.6934455791801109e-05,1.6934455791801109e-05,0.9999934781027916,-6.5219184760633317e-06,6.5219184760633317e-06,1.0412537315737777e-05
704,2212,0.99999989861029681,-1.0138970837387422e-07,1.0138970837387422e-07,0.99999987791950429,-1.2208050313765907e-07,1.2208050313765907e-07,-2.0690794763784846e-08
705,220,0.99999978638123632,-2.1361878649176345e-07,2.1361878649176345e-07,0.99999972710629315,-2.7289374411459083e-07,2.7289374411459083e-07,-5.9274957622827385e-08
706,3101,0.99952814457837269,-0.00047196678042834878,0.00047196678042834878,0.99973141896514306,-0.00026861710920243661,0.00026861710920243661,0.00020334967122591217
707,15,0.99999961417545447,-3.8582461998517589e-07,3.8582461998517589e-07,0.99999981974139318,-1.802586231018652e-07,1.802586231018652e-07,2.0556599688331069e-07
708,18531,0.99997254475281061,-2.745562409163976e-05,2.745562409163976e-05,0.99998080792600852,-1.9192258161716622e-05,1.9192258161716622e-05,8.2633659299231379e-06
709,13,0.99964391369584382,-0.00035614971793851359,0.00035614971793851359,0.99987211563639478,-0.00012789254150763317,0.00012789254150763317,0.00022825717643088042
710,24296,0.67079390580319143,-0.39929333404276057,0.39929333404276057,0.79954910064434159,-0.22370733440460699,0.22370733440460699,0.17558599963815358
711,11,0.99999777637975606,-2.2236227161736252e-06,2.2236227161736252e-06,0.99999894392836564,-1.056072192050003e-06,1.056072192050003e-06,1.1675505241236223e-06
712,4277,0.9502439889566594,-0.051036496882158403,0.051036496882158403,0.97570962463982347,-0.024590252573517737,0.024590252573517737,0.026446244308640666
713,95112,0.99998979133998545,-1.0208712123332197e-05,1.0208712123332197e-05,0.99999318228421774,-6.817739023019933e-06,6.817739023019933e-06,3.3909731003122643e-06
714,11,0.99997765883133494,-2.2341418232672675e-05,2.2341418232672675e-05,0.99998549110657542,-1.4508998679603366e-05,1.4508998679603366e-05,7.8324195530693092e-06
715,264,0.99999907789052289,-9.2210990228470509e-07,9.2210990228470509e-07,0.99999831349908586,-1.6865023362787421e-06,1.6865023362787421e-06,-7.6439243399403701e-07
716,538,0.99999753788268908,-2.4621203419385918e-06,2.4621203419385918e-06,0.99999571118936936,-4.2888198275892524e-06,4.2888198275892524e-06,-1.8266994856506606e-06
717,315,0.99999979786213244,-2.0213788798175057e-07,2.0213788798175057e-07,0.99999962848697754,-3.7151309144658453e-07,3.7151309144658453e-07,-1.6937520346483396e-07
718,6126,0.99988129005389759,-0.00011871699268577778,0.00011871699268577778,0.99986302727451137,-0.00013698210710910702,0.00013698210710910702,-1.8265114423329239e-05
719,590,0.999998968576713,-1.031423818899204e-06,1.031423818899204e-06,0.99999920879049708,-7.9120981596319692e-07,7.9120981596319692e-07,2.402140029360071e-07
720,32538,0.99978959987981031,-0.00021042225740010927,0.00021042225740010927,0.99983387140230195,-0.0001661423985820124,0.0001661423985820124,4.4279858818096866e-05
721,11,0.99999361418789878,-6.3858324905703088e-06,6.3858324905703088e-06,0.99999365455008571,-6.3454700467671065e-06,6.3454700467671065e-06,4.0362443803202268e-08
722,6244,0.9999508128593847,-4.9188350342390682e-05,4.9188350342390682e-05,0.99998598710526976,-1.401299291172337e-05,1.401299291172337e-05,3.5175357430667313e-05
723,279,0.99999903521886546,-9.6478159994719493e-07,9.6478159994719493e-07,0.99999939204585975,-6.0795432504158578e-07,6.0795432504158578e-07,3.5682727490560915e-07
724,671,0.99995688483463585,-4.3116094849595312e-05,4.3116094849595312e-05,0.99997988972811114,-2.0110474103077735e-05,2.0110474103077735e-05,2.3005620746517577e-05
725,10090,0.99994852483544372,-5.1476489447975171e-05,5.1476489447975171e-05,0.99993785997392481,-6.2141956846589402e-05,6.2141956846589402e-05,-1.0665467398614231e-05
726,40771,0.99999517400761884,-4.8260040263567932e-06,4.8260040263567932e-06,0.99998408794768046,-1.5912178917616955e-05,1.5912178917616955e-05,-1.1086174891260161e-05
727,315,0.99999986432140875,-1.3567860047632552e-07,1.3567860047632552e-07,0.99999980157293533,-1.9842708439447841e-07,1.9842708439447841e-07,-6.2748483918152883e-08
728,279,0.99999965312490824,-3.4687515194821737e-07,3.4687515194821737e-07,0.9999993288059712,-6.7119425407825975e-07,6.7119425407825975e-07,-3.2431910213004238e-07
729,26363,0.99999742569566175,-2.5743076517536996e-06,2.5743076517536996e-06,0.99999628682881547,-3.7131780783107423e-06,3.7131780783107423e-06,-1.1388704265570426e-06
730,13,0.98526397681647737,-0.014845676946769885,0.014845676946769885,0.99289323040618971,-0.0071321429674531325,0.0071321429674531325,0.0077135339793167525
731,2435,0.99990144906104106,-9.8555795421746285e-05,9.8555795421746285e-05,0.99983018465292084,-0.00016982976733770382,0.00016982976733770382,-7.1273971915957539e-05
732,1051,0.99999871110233352,-1.2888984970815653e-06,1.2888984970815653e-06,0.99999738594352372,-2.6140598929341463e-06,2.6140598929341463e-06,-1.3251613958525811e-06
733,1766,0.99999434910483254,-5.6509111338252151e-06,5.6509111338252151e-06,0.99998654444816992,-1.3455642356798209e-05,1.3455642356798209e-05,-7.8047312229729952e-06
734,4028,0.99999606178520484,-3.9382225499477674e-06,3.9382225499477674e-06,0.99999825091223582,-1.7490892938531421e-06,1.7490892938531421e-06,2.1891332560946253e-06
735,82739,0.99999971068192606,-2.8931811580104964e-07,2.8931811580104964e-07,0.99999965033916449,-3.4966089661220211e-07,3.4966089661220211e-07,-6.0342780811152469e-08
736,263,0.99999985187152962,-1.481284813899864e-07,1.481284813899864e-07,0.9999999329671474,-6.7032854796201655e-08,6.7032854796201655e-08,8.1095626593784741e-08
737,1603,0.99998166143019407,-1.833873795956213e-05,1.833873795956213e-05,0.9999894916866604,-1.0508368552278092e-05,1.0508368552278092e-05,7.8303694072840382e-06
738,279,0.99999962616973115,-3.7383033875413605e-07,3.7383033875413605e-07,0.99999959786245396,-4.0213762694271907e-07,4.0213762694271907e-07,-2.8307288188583021e-08
739,8560,0.9999900910401599,-9.9090089341653848e-06,9.9090089341653848e-06,0.99998871415139334,-1.1285912292289004e-05,1.1285912292289004e-05,-1.3769033581236194e-06
740,77080,0.99597529407563912,-0.0040328268501322118,0.0040328268501322118,0.99725961239222349,-0.0027441493438786842,0.0027441493438786842,0.0012886775062535276
741,9483,0.99967042612564383,-0.0003296281957611009,0.0003296281957611009,0.99988464574243507,-0.00011536091137903151,0.00011536091137903151,0.00021426728438206941
742,337,0.99998384793246364,-1.6152197982433728e-05,1.6152197982433728e-05,0.9999889023469517,-1.1097714627695364e-05,1.1097714627695364e-05,5.0544833547383646e-06
743,84267,0.99722768961010233,-0.00277616035953346,0.00277616035953346,0.99828491741079539,-0.0017165550271578522,0.0017165550271578522,0.0010596053323756079
744,5493,0.99999338226131473,-6.6177605825859011e-06,6.6177605825859011e-06,0.99999745584454025,-2.5441586960861736e-06,2.5441586960861736e-06,4.073601886499728e-06
745,73691,0.99985361063145828,-0.00014640008451119633,0.00014640008451119633,0.99979980485062603,-0.00020021519109775541,0.00020021519109775541,-5.3815106586559076e-05
746,304,0.99006922506485096,-0.0099804139901616372,0.0099804139901616372,0.99570430769658536,-0.0043049452977828445,0.0043049452977828445,0.0056754686923787927
747,323,0.99999976798705192,-2.3201297500675907e-07,2.3201297500675907e-07,0.99999954202158581,-4.5797851904121297e-07,4.5797851904121297e-07,-2.259655440344539e-07
748,40054,0.99999711045158679,-2.8895525879918314e-06,2.8895525879918314e-06,0.9999953529585085,-4.647052288996052e-06,4.647052288996052e-06,-1.7574997010042205e-06
749,93583,0.9999933376177832,-6.6624044105435246e-06,6.6624044105435246e-06,0.99999466950557536,-5.3305086317225103e-06,5.3305086317225103e-06,1.3318957788210143e-06
750,1124,0.99998921771878713,-1.0782339342134914e-05,1.0782339342134914e-05,0.99998143100593362,-1.8569166472297621e-05,1.8569166472297621e-05,-7.7868271301627079e-06
751,382,0.99953924091766555,-0.00046086526441791939,0.00046086526441791939,0.99967132896884736,-0.00032872505531373827,0.00032872505531373827,0.00013214020910418112
752,791,0.88639389375099631,-0.12059385183166756,0.12059385183166756,0.9261421006436511,-0.076727599690559742,0.076727599690559742,0.043866252141107814
753,15422,0.99955478555425614,-0.00044531358312126224,0.00044531358312126224,0.99986703844057989,-0.00013297039959189608,0.00013297039959189608,0.00031234318352936616
754,315,0.99999994052274599,-5.9477255794728513e-08,5.9477255794728513e-08,0.99999987505298493,-1.2494702291597628e-07,1.2494702291597628e-07,-6.5469767121247769e-08
755,350,0.99999807982627331,-1.9201755702006646e-06,1.9201755702006646e-06,0.99999507417942957,-4.9258327023132469e-06,4.9258327023132469e-06,-3.0056571321125823e-06
756,36071,0.99999510985940598,-4.8901525507383877e-06,4.8901525507383877e-06,0.99999529110591512,-4.7089051717885971e-06,4.7089051717885971e-06,1.8124737894979051e-07
757,20415,0.99991411238737293,-8.5891301179294891e-05,8.5891301179294891e-05,0.99993695374538472,-6.3048242113916613e-05,6.3048242113916613e-05,2.2843059065378278e-05
758,3384,0.99999970724057374,-2.9275946911210991e-07,2.9275946911210991e-07,0.99999975695546905,-2.4304456047390213e-07,2.4304456047390213e-07,4.9714908638207776e-08
759,2391,0.99999242433822266,-7.5756904728133849e-06,7.5756904728133849e-06,0.99998892031045505,-1.1079750925191662e-05,1.1079750925191662e-05,-3.5040604523782774e-06
760,279,0.99999980746830097,-1.9253171757532566e-07,1.9253171757532566e-07,0.99999936995163585,-6.3004856268260033e-07,6.3004856268260033e-07,-4.3751684510727466e-07
761,15629,0.99997581816877301,-2.4182123612197294e-05,2.4182123612197294e-05,0.99998414774992039,-1.5852375727794878e-05,1.5852375727794878e-05,8.3297478844024157e-06
762,4376,0.99999750611183069,-2.4938912790281213e-06,2.4938912790281213e-06,0.99999256911868761,-7.4309089215002271e-06,7.4309089215002271e-06,-4.9370176424721054e-06
763,315,0.99999980620853024,-1.9379148850825144e-07,1.9379148850825144e-07,0.99999993598255921,-6.4017442851582625e-08,6.4017442851582625e-08,1.2977404565666882e-07
764,279,0.99999943176002426,-5.6824013714446849e-07,5.6824013714446849e-07,0.99999909129998943,-9.0870042348672591e-07,9.0870042348672591e-07,-3.4046028634225742e-07
765,56983,0.99999945716019689,-5.4283995042376644e-07,5.4283995042376644e-07,0.99999914488582764,-8.5511453794240418e-07,8.5511453794240418e-07,-3.1227458751863774e-07
766,74495,0.99999570378121916,-4.2962280096095562e-06,4.2962280096095562e-06,0.99999788659808631,-2.113404146881912e-06,2.113404146881912e-06,2.1828238627276441e-06
767,439,0.99987007794639149,-0.00012993049420955251,0.00012993049420955251,0.99994171645994734,-5.8285238604131274e-05,5.8285238604131274e-05,7.1645255605421238e-05
768,264,0.9999997490074094,-2.5099262205123552e-07,2.5099262205123552e-07,0.99999975776581784,-2.4223421154938609e-07,2.4223421154938609e-07,8.7584105018494285e-09
769,1121,0.99999133063746459,-8.6694001145955706e-06,8.6694001145955706e-06,0.9999901057435916,-9.8943053568499796e-06,9.8943053568499796e-06,-1.224905242254409e-06
770,315,0.99999979835466268,-2.0164535762032784e-07,2.0164535762032784e-07,0.99999978303071146,-2.1696931207126446e-07,2.1696931207126446e-07,-1.5323954450936628e-08
771,2167,0.99999951608243143,-4.8391768563009894e-07,4.8391768563009894e-07,0.99999883698636516,-1.16301431112503e-06,1.16301431112503e-06,-6.7909662549493101e-07
772,6696,0.99999942169442968,-5.7830573750050541e-07,5.7830573750050541e-07,0.99999871852279709,-1.2814780239455055e-06,1.2814780239455055e-06,-7.0317228644500014e-07
773,4398,0.99999029507238235,-9.7049747107766642e-06,9.7049747107766642e-06,0.99999055418172589,-9.4458628861032702e-06,9.4458628861032702e-06,2.5911182467339405e-07
774,449,0.99999903074723417,-9.6925323557025546e-07,9.6925323557025546e-07,0.99999882913862925,-1.1708620561914353e-06,1.1708620561914353e-06,-2.0160882062117979e-07
775,5734,0.99999730868956893,-2.6913140526859706e-06,2.6913140526859706e-06,0.99999087986678792,-9.1201748007369115e-06,9.1201748007369115e-06,-6.4288607480509413e-06
776,13,0.99996391132448648,-3.6089326725427427e-05,3.6089326725427427e-05,0.99997379764940086,-2.6202693886679432e-05,2.6202693886679432e-05,9.8866328387479947e-06
777,350,0.9993084485935968,-0.00069179063837752116,0.00069179063837752116,0.99949951723709085,-0.00050060804621026135,0.00050060804621026135,0.00019118259216725981
778,36071,0.99999767309672583,-2.3269059813734646e-06,2.3269059813734646e-06,0.99999760768391632,-2.3923189452794018e-06,2.3923189452794018e-06,-6.5412963905937262e-08
779,9474,0.9993613980712821,-0.00063880592178112831,0.00063880592178112831,0.99961737957803865,-0.0003826936398320918,0.0003826936398320918,0.00025611228194903651
780,574,0.99999878091423366,-1.2190865093935063e-06,1.2190865093935063e-06,0.99999768327590055,-2.3167267830978984e-06,2.3167267830978984e-06,-1.0976402737043921e-06
781,18908,0.99999724386391919,-2.7561398789058888e-06,2.7561398789058888e-06,0.99999345049320398,-6.5495282441626025e-06,6.5495282441626025e-06,-3.7933883652567137e-06
782,439,0.99999974209275055,-2.579072826900166e-07,2.579072826900166e-07,0.99999972478690746,-2.7521313038371383e-07,2.7521313038371383e-07,-1.730584769369723e-08
783,279,0.99999927119790799,-7.2880235756350973e-07,7.2880235756350973e-07,0.99999926600708211,-7.3399318730772722e-07,7.3399318730772722e-07,-5.1908297442174925e-09
784,8776,0.99999859901840094,-1.4009825804512752e-06,1.4009825804512752e-06,0.99999585374628219,-4.1462623135201947e-06,4.1462623135201947e-06,-2.7452797330689195e-06
785,6864,0.99999897186150644,-1.0281390220722155e-06,1.0281390220722155e-06,0.99999728767155727,-2.7123321211390377e-06,2.7123321211390377e-06,-1.6841930990668222e-06
786,315,0.99999949059447946,-5.0940565025550061e-07,5.0940565025550061e-07,0.99999948312458131,-5.1687555222741386e-07,5.1687555222741386e-07,-7.4699019719132496e-09
787,279,0.99999933794707996,-6.620531392006668e-07,6.620531392006668e-07,0.99999823027778501,-1.7697237809719272e-06,1.7697237809719272e-06,-1.1076706417712605e-06
788,32447,0.99996691573668273,-3.3084810613631094e-05,3.3084810613631094e-05,0.99997983233340515,-2.0167869964966231e-05,2.0167869964966231e-05,1.2916940648664862e-05
789,11,0.99996832518142176,-3.1675320235856269e-05,3.1675320235856269e-05,0.99998606642101362,-1.3933676059630087e-05,1.3933676059630087e-05,1.7741644176226181e-05
790,449,0.99997233047411915,-2.7669908689290174e-05,2.7669908689290174e-05,0.99998633687079364,-1.3663222547783132e-05,1.3663222547783132e-05,1.4006686141507041e-05
791,1202,0.99999868979111639,-1.3102097419109027e-06,1.3102097419109027e-06,0.99999888533058046,-1.1146700407497849e-06,1.1146700407497849e-06,1.9553970116111773e-07
792,60996,0.99998974094914483,-1.0259103479637568e-05,1.0259103479637568e-05,0.99999270644577565,-7.2935808224633584e-06,7.2935808224633584e-06,2.9655226571742094e-06
793,439,0.99997883210760308,-2.1168116439886421e-05,2.1168116439886421e-05,0.99999532301243343,-4.6769985036709285e-06,4.6769985036709285e-06,1.6491117936215493e-05
794,46384,0.99999873750488566,-1.2624959113391876e-06,1.2624959113391876e-06,0.99999871584479927,-1.2841560252169975e-06,1.2841560252169975e-06,-2.1660113877809873e-08
795,45619,0.99999608695130382,-3.9130563521391717e-06,3.9130563521391717e-06,0.99999536505843434,-4.6349523070696189e-06,4.6349523070696189e-06,-7.2189595493044723e-07
796,323,0.99877867271996579,-0.0012220737080137802,0.0012220737080137802,0.99967500803704479,-0.00032504478428781202,0.00032504478428781202,0.00089702892372596813
797,539,0.9999956797804217,-4.3202289105030848e-06,4.3202289105030848e-06,0.9999978712090174,-2.128793248429266e-06,2.128793248429266e-06,2.1914356620738188e-06
798,17983,0.99954818024610548,-0.00045192185519492571,0.00045192185519492571,0.99954130998348578,-0.00045879524695981584,0.00045879524695981584,-6.8733917648901278e-06
799,523,0.99996369446927602,-3.6306189785669894e-05,3.6306189785669894e-05,0.99998366569793207,-1.6334435474108735e-05,1.6334435474108735e-05,1.9971754311561159e-05
800,648,0.99999755725087613,-2.4427521073487495e-06,2.4427521073487495e-06,0.99999753921156687,-2.4607914608736727e-06,2.4607914608736727e-06,-1.8039353524923262e-08
801,728,0.99999937863784338,-6.2136234970639943e-07,6.2136234970639943e-07,0.99999845352871597,-1.5464724797729726e-06,1.5464724797729726e-06,-9.2511013006657314e-07
802,1771,0.99999743641410743,-2.5635891785353141e-06,2.5635891785353141e-06,0.99999760399616056,-2.3960067098702515e-06,2.3960067098702515e-06,1.6758246866506256e-07
803,11,0.85033624428667876,-0.16212342620577422,0.16212342620577422,0.9375070046087739,-0.064531049582791128,0.064531049582791128,0.09759237662298309
804,323,0.99962610137317509,-0.00037396854434510043,0.00037396854434510043,0.99988141799145558,-0.00011858903994662023,0.00011858903994662023,0.0002553795043984802
805,1051,0.99991825506054721,-8.1748280752471554e-05,8.1748280752471554e-05,0.99996358605638591,-3.6414606617877499e-05,3.6414606617877499e-05,4.5333674134594055e-05
806,20669,0.9999288954275366,-7.110710051337976e-05,7.110710051337976e-05,0.99985939680109803,-0.00014061308445838388,0.00014061308445838388,-6.950598394500412e-05
807,5370,0.99582955041379839,-0.004179170165345995,0.004179170165345995,0.99586218834591878,-0.0041463960854136997,0.0041463960854136997,3.2774079932295329e-05
808,398,0.99999991674866284,-8.3251340575353798e-08,8.3251340575353798e-08,0.99999993517057906,-6.4829423060078489e-08,6.4829423060078489e-08,1.8421917515275309e-08
809,439,0.99999113833802056,-8.8617012441901928e-06,8.8617012441901928e-06,0.9999972530052661,-2.7469985068642739e-06,2.7469985068642739e-06,6.114702737325919e-06
810,97974,0.99744808218367309,-0.0025551795088267094,0.0025551795088267094,0.99889469191808145,-0.0011059193853905484,0.0011059193853905484,0.001449260123436161
811,258,0.99971367310393722,-0.00028636789543481521,0.00028636789543481521,0.99992514311664815,-7.4859685268197272e-05,7.4859685268197272e-05,0.00021150821016661795
812,10602,0.99984607009370718,-0.000153941754716694,0.000153941754716694,0.99991626282333934,-8.3740682813718145e-05,8.3740682813718145e-05,7.0201071902975857e-05
813,30490,0.64910421637940763,-0.43216199523217119,0.43216199523217119,0.72037929476983376,-0.32797740739010767,0.32797740739010767,0.10418458784206353
814,8930,0.9998732667538931,-0.00012674127744329974,0.00012674127744329974,0.99990235163848151,-9.7653129430094973e-05,9.7653129430094973e-05,2.9088148013204764e-05
815,276,0.99999529941174004,-4.7005993077892878e-06,4.7005993077892878e-06,0.99999835442697205,-1.645574381939698e-06,1.645574381939698e-06,3.0550249258495898e-06
816,2933,0.99999758873466926,-2.4112682378657079e-06,2.4112682378657079e-06,0.99999853149224904,-1.4685088291944446e-06,1.4685088291944446e-06,9.4275940867126326e-07
817,477,0.99997494277374621,-2.5057540191309358e-05,2.5057540191309358e-05,0.99998965789430549,-1.0342159174411119e-05,1.0342159174411119e-05,1.4715381016898239e-05
818,97974,0.99989223998608467,-0.00010776582044277585,0.00010776582044277585,0.99991215211715279,-8.7851741698464727e-05,8.7851741698464727e-05,1.991407874431112e-05
819,3394,0.99980304202209946,-0.00019697737667025554,0.00019697737667025554,0.99992943747379492,-7.0565015857211838e-05,7.0565015857211838e-05,0.0001264123608130437
820,3244,0.99908446581818688,-0.00091595353920900107,0.00091595353920900107,0.99960061612649309,-0.00039946364848738035,0.00039946364848738035,0.00051648989072162078
821,304,0.9999924836963876,-7.5163318599580222e-06,7.5163318599580222e-06,0.99998679889551689,-1.3201191618479697e-05,1.3201191618479697e-05,-5.6848597585216752e-06
822,12633,0.99999071656762661,-9.2834754647438813e-06,9.2834754647438813e-06,0.9999806756102001,-1.9324576518349736e-05,1.9324576518349736e-05,-1.0041101053605854e-05
823,32051,0.99999977823206054,-2.217679640490817e-07,2.217679640490817e-07,0.99999983547672699,-1.6452328656068669e-07,1.6452328656068669e-07,5.7244677488395016e-08
824,3573,0.96797382491231054,-0.03255023245100222,0.03255023245100222,0.97275542973298756,-0.027622585294977433,0.027622585294977433,0.0049276471560247871
825,48865,0.99961047404069669,-0.00038960184424657483,0.00038960184424657483,0.99965918075928439,-0.00034087733279271093,0.00034087733279271093,4.8724511453863896e-05
826,5146,0.938153781380624,-0.063841397378814446,0.063841397378814446,0.95735871340302603,-0.043577126618687873,0.043577126618687873,0.020264270760126574
827,459,0.82935068561404579,-0.18711219084200142,0.18711219084200142,0.87090700531102694,-0.1382200755552854,0.1382200755552854,0.048892115286716026
828,72542,0.99627770337538779,-0.0037292416102472645,0.0037292416102472645,0.99811595011893672,-0.0018858269354306493,0.0018858269354306493,0.0018434146748166152
829,9120,0.99941191509758531,-0.00058825789216599323,0.00058825789216599323,0.99938427939570273,-0.00061591023807353073,0.00061591023807353073,-2.7652345907537503e-05
830,10196,0.99999883035156467,-1.1696491194165538e-06,1.1696491194165538e-06,0.99999943460853979,-5.6539162000484768e-07,5.6539162000484768e-07,6.0425749941170615e-07
831,3573,0.99951429497318023,-0.00048582301971433864,0.00048582301971433864,0.9990245697926029,-0.00097590624903064411,0.00097590624903064411,-0.00049008322931630541
832,942,0.99999225768355082,-7.7423464210747432e-06,7.7423464210747432e-06,0.99999285849611264,-7.141529388008165e-06,7.141529388008165e-06,6.0081703306657815e-07
833,315,0.99999976372013222,-2.3627989571252879e-07,2.3627989571252879e-07,0.9999994620646393,-5.3793550533724925e-07,5.3793550533724925e-07,-3.0165560962472049e-07
834,23070,0.99999387765681713,-6.122361924522048e-06,6.122361924522048e-06,0.99999357859010729,-6.4214305100738909e-06,6.4214305100738909e-06,-2.9906858555184291e-07
835,5146,0.99958343756726431,-0.00041664921896801473,0.00041664921896801473,0.9995790248204488,-0.00042106381447833564,0.00042106381447833564,-4.4145955103209078e-06
836,477,0.99999682269652213,-3.1773085254826995e-06,3.1773085254826995e-06,0.99999310057455215,-6.8994492489600579e-06,6.8994492489600579e-06,-3.7221407234773585e-06
837,94786,0.99900556538730545,-0.00099492939083756248,0.00099492939083756248,0.99913316333739988,-0.00086721258275650258,0.00086721258275650258,0.00012771680808105991
838,438,0.99997858050078259,-2.1419728618159147e-05,2.1419728618159147e-05,0.99998874099046897,-1.1259072914137237e-05,1.1259072914137237e-05,1.016065570402191e-05
839,5724,0.99999762388414015,-2.3761186828038078e-06,2.3761186828038078e-06,0.99999761040108537,-2.3896017697411402e-06,2.3896017697411402e-06,-1.3483086937332387e-08
840,3573,0.99945068956753835,-0.00054946135871003585,0.00054946135871003585,0.99927754968257709,-0.00072271141041219383,0.00072271141041219383,-0.00017325005170215797
841,26680,0.99982007230730408,-0.00017994388162514131,0.00017994388162514131,0.9998003600742057,-0.00019965985649693499,0.00019965985649693499,-1.971597487179368e-05
842,315,0.9999997419037272,-2.5809630610479641e-07,2.5809630610479641e-07,0.99999954660933943,-4.5339076340251469e-07,4.5339076340251469e-07,-1.9529445729771828e-07
843,279,0.99999898586566882,-1.0141348454543892e-06,1.0141348454543892e-06,0.9999980908652949,-1.9091365274514339e-06,1.9091365274514339e-06,-8.9500168199704478e-07
844,44439,0.99998828673376017,-1.1713334840707432e-05,1.1713334840707432e-05,0.99998449301936054,-1.5507100873946039e-05,1.5507100873946039e-05,-3.7937660332386074e-06
845,4063,0.91513739016297901,-0.088681071794893013,0.088681071794893013,0.9484050810762229,-0.052973567280751734,0.052973567280751734,0.035707504514141279
846,279,0.99960919465610631,-0.00039088172820366928,0.00039088172820366928,0.99985363311643838,-0.00014637759623930269,0.00014637759623930269,0.00024450413196436661
847,35414,0.99992043906356665,-7.9564101572554877e-05,7.9564101572554877e-05,0.99996766981842689,-3.233070420468767e-05,3.233070420468767e-05,4.7233397367867208e-05
848,315,0.99999966211062219,-3.3788943485682616e-07,3.3788943485682616e-07,0.99999948925878845,-5.1074134201973595e-07,5.1074134201973595e-07,-1.7285190716290979e-07
849,5734,0.99999344687485936,-6.5531466124878199e-06,6.5531466124878199e-06,0.99998435590556456,-1.5644216805603277e-05,1.5644216805603277e-05,-9.0910701931154581e-06
850,6646,0.99987850582705484,-0.00012150155396007035,0.00012150155396007035,0.99990917168559346,-9.0832439547636367e-05,9.0832439547636367e-05,3.0669114412433982e-05
851,279,0.99999865270830646,-1.3472926011586456e-06,1.3472926011586456e-06,0.9999985514986961,-1.4485023530327376e-06,1.4485023530327376e-06,-1.0120975187409193e-07
852,48762,0.99972960627603158,-0.00027043028694251987,0.00027043028694251987,0.99989747276648666,-0.00010253248978938067,0.00010253248978938067,0.0001678977971531392
853,598,0.99995421604664225,-4.5785001474953768e-05,4.5785001474953768e-05,0.99998442885921401,-1.5571262017416187e-05,1.5571262017416187e-05,3.0213739457537581e-05
854,320,0.99995547787660055,-4.4523114538636964e-05,4.4523114538636964e-05,0.99994141539260384,-5.8586323541280441e-05,5.8586323541280441e-05,-1.4063209002643477e-05
855,81,0.99734434606559907,-0.0026591864387693893,0.0026591864387693893,0.99803230184693925,-0.0019696366143601221,0.0019696366143601221,0.00068954982440926722
856,27898,0.99996320338253208,-3.6797294480050384e-05,3.6797294480050384e-05,0.99995940833498298,-4.0592488880954098e-05,4.0592488880954098e-05,-3.7951944009037135e-06
857,315,0.99999923742183183,-7.6257845893928702e-07,7.6257845893928702e-07,0.99999857219188337,-1.4278091358990288e-06,1.4278091358990288e-06,-6.652306769597418e-07
858,14154,0.99999957883121415,-4.2116887456887579e-07,4.2116887456887579e-07,0.99999957092931369,-4.2907077833824591e-07,4.2907077833824591e-07,-7.9019037693701167e-09
859,57664,0.99999960163566415,-3.9836441515558677e-07,3.9836441515558677e-07,0.99999946786482397,-5.3213531766843526e-07,5.3213531766843526e-07,-1.3377090251284849e-07
860,8,0.9960989906033676,-0.0039086381802227619,0.0039086381802227619,0.99641593500251457,-0.0035905031462041773,0.0035905031462041773,0.0003181350340185846
861,330,0.95741533092397357,-0.043517989070702257,0.043517989070702257,0.97225038184388746,-0.028141913203865859,0.028141913203865859,0.015376075866836397
862,101538,0.96409090105360429,-0.036569693118391797,0.036569693118391797,0.97492001319878885,-0.025399849094401669,0.025399849094401669,0.011169844023990128
863,1,0.99876318908556039,-0.0012375763962946529,0.0012375763962946529,0.99895938742925017,-0.0010411543839220208,0.0010411543839220208,0.00019642201237263213
864,320,0.99994701209438486,-5.2989309523821677e-05,5.2989309523821677e-05,0.99998456045309503,-1.5439666096026818e-05,1.5439666096026818e-05,3.7549643427794859e-05
865,42,0.98191919066524347,-0.018246264578650601,0.018246264578650601,0.99123652880858371,-0.008802096230259163,0.008802096230259163,0.0094441683483914383
866,826,0.99999440904917447,-5.5909664549314762e-06,5.5909664549314762e-06,0.99999575177237832,-4.248236645477121e-06,4.248236645477121e-06,1.3427298094543551e-06
867,3677,0.99792611343817406,-0.0020760400424597531,0.0020760400424597531,0.99849728000581317,-0.0015038502102847871,0.0015038502102847871,0.00057218983217496595
868,644,0.99098981241329387,-0.0090510248126649557,0.0090510248126649557,0.9974090443857202,-0.0025943179488061331,0.0025943179488061331,0.0064567068638588226
869,279,0.99479362149228212,-0.0052199789227778248,0.0052199789227778248,0.99868767495534461,-0.0013131868972698242,0.0013131868972698242,0.0039067920255080003
870,220,0.99999573863577362,-4.2613733059644415e-06,4.2613733059644415e-06,0.99999659819544129,-3.4018103448467213e-06,3.4018103448467213e-06,8.5956296111772021e-07
871,1032,0.99994542886372928,-5.4572625329401574e-05,5.4572625329401574e-05,0.9999847909423798,-1.5209173279104118e-05,1.5209173279104118e-05,3.9363452050297459e-05
872,339,0.99999726143243128,-2.738571318605096e-06,2.738571318605096e-06,0.99999851241279725,-1.4875883091895996e-06,1.4875883091895996e-06,1.2509830094154964e-06
873,9478,0.99999719840905266,-2.8015948718164747e-06,2.8015948718164747e-06,0.99999751987750629,-2.4801255691634309e-06,2.4801255691634309e-06,3.2146930265304381e-07
874,11,0.99999979035085751,-2.0964916447921954e-07,2.0964916447921954e-07,0.99999960804288324,-3.9195719360284431e-07,3.9195719360284431e-07,-1.8230802912362477e-07
875,57664,0.99999605576271167,-3.9442450668999506e-06,3.9442450668999506e-06,0.99999638534448576,-3.6146620471110769e-06,3.6146620471110769e-06,3.2958301978887366e-07
876,44660,0.99993137052335035,-6.8631831759954464e-05,6.8631831759954464e-05,0.99994896333907901,-5.1037963335630104e-05,5.1037963335630104e-05,1.759386842432436e-05
877,315,0.99999990162566699,-9.8374337833147704e-08,9.8374337833147704e-08,0.99999986090803605,-1.3909197359116094e-07,1.3909197359116094e-07,-4.0717635758013233e-08
878,264,0.9999997186659545,-2.8133408508880869e-07,2.8133408508880869e-07,0.99999936716391391,-6.3283628630618104e-07,6.3283628630618104e-07,-3.5150220121737235e-07
879,95536,0.99999952402050052,-4.7597961279951035e-07,4.7597961279951035e-07,0.99999891381029216,-1.0861902977731339e-06,1.0861902977731339e-06,-6.1021068497362361e-07
880,17516,0.99999952263921521,-4.7736089878171496e-07,4.7736089878171496e-07,0.99999905690188007,-9.430985646141693e-07,9.430985646141693e-07,-4.6573766583245433e-07
881,323,0.99999956466366402,-4.3533643073607152e-07,4.3533643073607152e-07,0.99999942580929502,-5.7419086987139802e-07,5.7419086987139802e-07,-1.3885443913532649e-07
882,11380,0.99999831086174928,-1.6891396772805169e-06,1.6891396772805169e-06,0.99999844478405531,-1.5552171540740456e-06,1.5552171540740456e-06,1.3392252320647123e-07
883,8502,0.99999893302031406,-1.0669802551365514e-06,1.0669802551365514e-06,0.99999779325976634,-2.2067426684585825e-06,2.2067426684585825e-06,-1.1397624133220311e-06
884,520,0.99999246725938695,-7.5327689842827373e-06,7.5327689842827373e-06,0.99999630907553605,-3.690931275446877e-06,3.690931275446877e-06,3.8418377088358599e-06
885,279,0.99999991734651372,-8.2653489745033815e-08,8.2653489745033815e-08,0.99999969285050327,-3.0714954392403171e-07,3.0714954392403171e-07,-2.244960541789979e-07
886,63263,0.99999849544138653,-1.5045597453684819e-06,1.5045597453684819e-06,0.99999879032442718,-1.2096763044371929e-06,1.2096763044371929e-06,2.94883440931289e-07
887,315,0.99999981335256027,-1.8664745716843838e-07,1.8664745716843838e-07,0.99999972725901265,-2.727410245415232e-07,2.727410245415232e-07,-8.6093567373084814e-08
888,279,0.99999979410161388,-2.0589840733206024e-07,2.0589840733206024e-07,0.99999972708626184,-2.7291377541906834e-07,2.7291377541906834e-07,-6.7015368087008104e-08
889,24971,0.99999672169558884,-3.2783097847869452e-06,3.2783097847869452e-06,0.99999281491588921,-7.1851099236451525e-06,7.1851099236451525e-06,-3.9068001388582069e-06
890,343,0.99999992494400114,-7.5056001705920525e-08,7.5056001705920525e-08,0.99999989062779671,-1.0937220930336861e-07,1.0937220930336861e-07,-3.4316207597448083e-08
891,11188,0.99999955053465461,-4.4946544643779407e-07,4.4946544643779407e-07,0.99999886101028401,-1.1389903646333032e-06,1.1389903646333032e-06,-6.8952491819550918e-07
892,11,0.99992771105852329,-7.2291554448115596e-05,7.2291554448115596e-05,0.99996692816641564,-3.3072380469557807e-05,3.3072380469557807e-05,3.9219173978557789e-05
893,389,0.9999982303030629,-1.7696985030147478e-06,1.7696985030147478e-06,0.99999896304882274,-1.0369517148742673e-06,1.0369517148742673e-06,7.3274678814048051e-07
894,1948,0.99999941841247819,-5.8158769097128156e-07,5.8158769097128156e-07,0.99999960950171052,-3.9049836578215764e-07,3.9049836578215764e-07,1.9108932518912391e-07
895,315,0.99999942160270072,-5.783974665162389e-07,5.783974665162389e-07,0.99999912953038128,-8.7046999758704579e-07,8.7046999758704579e-07,-2.9207253107080689e-07
896,3766,0.99999233954554234,-7.6604837991360877e-06,7.6604837991360877e-06,0.99999339559463074,-6.6044271784243262e-06,6.6044271784243262e-06,1.0560566207117615e-06
897,9191,0.99999678764478772,-3.2123603719445593e-06,3.2123603719445593e-06,0.99999293055287797,-7.069472110722041e-06,7.069472110722041e-06,-3.8571117387774821e-06
898,25861,0.99999907966250612,-9.2033791735961452e-07,9.2033791735961452e-07,0.99999860329484214,-1.3967061332417983e-06,1.3967061332417983e-06,-4.7636821588218376e-07
899,13,0.99997896064396163,-2.103957736870026e-05,2.103957736870026e-05,0.99997930030108217,-2.0699913159502237e-05,2.0699913159502237e-05,3.3966420919802315e-07
900,57664,0.99993212116114616,-6.7881142726486482e-05,6.7881142726486482e-05,0.99990714372531508,-9.2860586095695849e-05,9.2860586095695849e-05,-2.4979443369209367e-05
901,574,0.99999909589542535,-9.0410498340468992e-07,9.0410498340468992e-07,0.99999895928387872,-1.0407166628689022e-06,1.0407166628689022e-06,-1.3661167946421228e-07
902,1243,0.99999359133017862,-6.4086903569359234e-06,6.4086903569359234e-06,0.99999636647885781,-3.6335277434680831e-06,3.6335277434680831e-06,2.7751626134678404e-06
903,23183,0.99997556141869481,-2.4438879932125237e-05,2.4438879932125237e-05,0.99996815762319857,-3.1842883780664385e-05,3.1842883780664385e-05,-7.4040038485391485e-06
904,555,0.99999924201096924,-7.5798931803051191e-07,7.5798931803051191e-07,0.99999913744951374,-8.6255085822140165e-07,8.6255085822140165e-07,-1.0456154019088973e-07
905,279,0.99999944199684487,-5.5800331086034485e-07,5.5800331086034485e-07,0.99999930722040931,-6.9277983067154821e-07,6.9277983067154821e-07,-1.3477651981120337e-07
906,7904,0.99998874177346075,-1.1258289913517773e-05,1.1258289913517773e-05,0.99997636589437888,-2.3634384911021101e-05,2.3634384911021101e-05,-1.2376094997503328e-05
907,1534,0.99997804044584637,-2.1959795268145836e-05,2.1959795268145836e-05,0.99998115558950962,-1.8844588048507232e-05,1.8844588048507232e-05,3.1152072196386038e-06
908,32447,0.99984868649936709,-0.00015132494967554631,0.00015132494967554631,0.99988003191950969,-0.00011997527723606275,0.00011997527723606275,3.1349672439483559e-05
909,315,0.99999960389995113,-3.9610012729854242e-07,3.9610012729854242e-07,0.99999914537761503,-8.5462275019707194e-07,8.5462275019707194e-07,-4.5852262289852952e-07
910,31779,0.99999917417143946,-8.2582890154881373e-07,8.2582890154881373e-07,0.9999984845638753,-1.5154372729200809e-06,1.5154372729200809e-06,-6.8960837137126715e-07
911,391,0.99999670749929115,-3.2925061290977679e-06,3.2925061290977679e-06,0.99999778628729574,-2.2137151545128609e-06,2.2137151545128609e-06,1.078790974584907e-06
912,1494,0.99999982617212968,-1.7382788541005206e-07,1.7382788541005206e-07,0.9999998996093814,-1.0039062365979318e-07,1.0039062365979318e-07,7.3437261750258882e-08
913,275,0.99999707864362308,-2.9213606441342899e-06,2.9213606441342899e-06,0.99999791454306042,-2.0854591141985927e-06,2.0854591141985927e-06,8.3590152993569723e-07
914,439,0.99839171545410454,-0.0016095792238122906,0.0016095792238122906,0.99948611297472556,-0.00051401911046494481,0.00051401911046494481,0.0010955601133473458
915,25819,0.99996091111194974,-3.9089652040809615e-05,3.9089652040809615e-05,0.9999618346643292,-3.8166063985785962e-05,3.8166063985785962e-05,9.2358805502365288e-07
916,304,0.99999888285785377,-1.1171427702316364e-06,1.1171427702316364e-06,0.99999887498009188,-1.1250205409398182e-06,1.1250205409398182e-06,-7.8777707081817998e-09
917,279,0.99999925003015044,-7.4997013076742454e-07,7.4997013076742454e-07,0.99999905535151878,-9.4464892743222149e-07,9.4464892743222149e-07,-1.9467879666479695e-07
918,25706,0.99999789997599031,-2.1000262147703322e-06,2.1000262147703322e-06,0.99999847564143596,-1.5243597259022295e-06,1.5243597259022295e-06,5.7566648886810272e-07
919,384,0.99999746781706089,-2.5321861451038548e-06,2.5321861451038548e-06,0.99999908736908605,-9.1263133039298675e-07,9.1263133039298675e-07,1.6195548147108681e-06
920,360,0.99999957893356217,-4.2106652648200526e-07,4.2106652648200526e-07,0.9999998668859249,-1.3311408399986304e-07,1.3311408399986304e-07,2.8795244248214222e-07
921,16035,0.99999874524882759,-1.2547519596138437e-06,1.2547519596138437e-06,0.9999990656204425,-9.3437999405079165e-07,9.3437999405079165e-07,3.2037196556305201e-07
922,33894,0.99998404207365488,-1.5958053674222458e-05,1.5958053674222458e-05,0.99998461497517588,-1.5385143174856895e-05,1.5385143174856895e-05,5.7291049936556346e-07
923,30162,0.99998207776949066,-1.7922391114383229e-05,1.7922391114383229e-05,0.99997814830351983,-2.1851935231926629e-05,2.1851935231926629e-05,-3.9295441175433997e-06
924,28985,0.99999763756849247,-2.3624342980709459e-06,2.3624342980709459e-06,0.99999831152596197,-1.6884754634969477e-06,1.6884754634969477e-06,6.7395883457399822e-07
925,2171,0.99949100342455033,-0.00050912615817991929,0.00050912615817991929,0.99965088592987628,-0.00034917502462786221,0.00034917502462786221,0.00015995113355205708
926,351,0.9999972567618215,-2.7432419412373059e-06,2.7432419412373059e-06,0.99999864502064917,-1.3549802688212566e-06,1.3549802688212566e-06,1.3882616724160492e-06
927,3105,0.99999860611250835,-1.3938884630792419e-06,1.3938884630792419e-06,0.99999885749615591,-1.142504496717794e-06,1.142504496717794e-06,2.5138396636144792e-07
928,902,0.78482605428156116,-0.2422931726562034,0.2422931726562034,0.87009092429398815,-0.13915756211162361,0.13915756211162361,0.10313561054457979
929,1672,0.99998381468938058,-1.6185441603012301e-05,1.6185441603012301e-05,0.9999792119384634,-2.0788277611398616e-05,2.0788277611398616e-05,-4.6028360083863152e-06
930,17890,0.99999396171663268,-6.0383015977922096e-06,6.0383015977922096e-06,0.99999588343935841,-4.1165691146160802e-06,4.1165691146160802e-06,1.9217324831761294e-06
931,1202,0.99999245261751357,-7.5474109680842102e-06,7.5474109680842102e-06,0.99999485574224112,-5.1442709905956336e-06,5.1442709905956336e-06,2.4031399774885766e-06
932,62366,0.99999741255297225,-2.5874503751607663e-06,2.5874503751607663e-06,0.99999668007593112,-3.3199295798674143e-06,3.3199295798674143e-06,-7.3247920470664796e-07
933,555,0.99999900737357372,-9.9262691894584787e-07,9.9262691894584787e-07,0.9999994614108495,-5.3858929556257032e-07,5.3858929556257032e-07,4.5403762338327755e-07
934,53690,0.99999853355098689,-1.4664500883735361e-06,1.4664500883735361e-06,0.99999763873835845,-2.361264429301023e-06,2.361264429301023e-06,-8.9481434092748691e-07
935,19580,0.99999882884625846,-1.1711544273094413e-06,1.1711544273094413e-06,0.99999920549823407,-7.9450208158871406e-07,7.9450208158871406e-07,3.7665234572072727e-07
936,18276,0.99995795632779061,-4.2044556069384237e-05,4.2044556069384237e-05,0.99993094916625769,-6.905321786092417e-05,6.905321786092417e-05,-2.7008661791539934e-05
937,309,0.99999981006590788,-1.8993411016552224e-07,1.8993411016552224e-07,0.99999976784715583,-2.3215287106900013e-07,2.3215287106900013e-07,-4.2218760903477891e-08
938,468,0.99999462357617352,-5.3764382795048439e-06,5.3764382795048439e-06,0.9999959770096748,-4.0229984174323476e-06,4.0229984174323476e-06,1.3534398620724963e-06
939,324,0.99999285709566377,-7.1429298468577275e-06,7.1429298468577275e-06,0.99999468531085367,-5.314703269341306e-06,5.314703269341306e-06,1.8282265775164215e-06
940,3178,0.99999980841110181,-1.9158891658593326e-07,1.9158891658593326e-07,0.99999976460659978,-2.3539342791148203e-07,2.3539342791148203e-07,-4.3804511325548763e-08
941,382,0.55414963930650485,-0.59032052165574256,0.59032052165574256,0.51315485561968555,-0.66717761655637331,0.66717761655637331,-0.076857094900630751
942,40141,0.28272565760268414,-1.2632782592828615,1.2632782592828615,0.5153918730752447,-0.66282774907747233,0.66282774907747233,0.6004505102053892
943,324,0.99943256370220712,-0.00056759735069661908,0.00056759735069661908,0.99960749186610187,-0.0003925851853785429,0.0003925851853785429,0.00017501216531807617
944,647,0.99999613648237851,-3.863525084908953e-06,3.863525084908953e-06,0.99999821210103135,-1.7879005669115739e-06,1.7879005669115739e-06,2.0756245179973792e-06
945,330,0.78906844801692733,-0.23690220902591044,0.23690220902591044,0.84281833362248615,-0.17100384405841379,0.17100384405841379,0.065898364967496653
946,101876,0.45477511883621741,-0.78795222652617347,0.78795222652617347,0.47253443801729339,-0.74964465001161529,0.74964465001161529,0.038307576514558184
947,101385,0.99376268486783825,-0.0062568484481814969,0.0062568484481814969,0.9958637186387248,-0.0041448594354152411,0.0041448594354152411,0.0021119890127662558
948,100759,0.99762251133091739,-0.0023803193828183145,0.0023803193828183145,0.99852441197229402,-0.001476677779868455,0.001476677779868455,0.00090364160294985948
949,101001,0.98567912251420731,-0.014424410900063273,0.014424410900063273,0.9887641433287343,-0.011299455751013803,0.011299455751013803,0.0031249551490494694
950,30707,0.65275811223156488,-0.42654864370292672,0.42654864370292672,0.68476915001955208,-0.37867350479035061,0.37867350479035061,0.04787513891257611
951,100343,0.74011453430723406,-0.30095032866964821,0.30095032866964821,0.78550366677816053,-0.24143015321567551,0.24143015321567551,0.059520175453972701
952,30707,0.95774822434410101,-0.043170349389940493,0.043170349389940493,0.95530780628802503,-0.045721680182956081,0.045721680182956081,-0.0025513307930155882
953,1,0.91464537999286499,-0.089218851677834915,0.089218851677834915,0.938088696679793,-0.063910775086246333,0.063910775086246333,0.025308076591588582
954,902,0.99657225641059577,-0.0034336317617420812,0.0034336317617420812,0.99776670305053738,-0.0022357944762670082,0.0022357944762670082,0.001197837285475073
955,374,0.99999863464686112,-1.3653540709616061e-06,1.3653540709616061e-06,0.99999804418406535,-1.9558178473115646e-06,1.9558178473115646e-06,-5.9046377634995843e-07
956,264,0.99999291921329525,-7.0808117736365227e-06,7.0808117736365227e-06,0.99999310150703535,-6.8985167593129579e-06,6.8985167593129579e-06,1.8229501432356474e-07
957,13970,0.99999278386947099,-7.2161565653897321e-06,7.2161565653897321e-06,0.99998966956196456,-1.0330491394812136e-05,1.0330491394812136e-05,-3.1143348294224035e-06
958,836,0.99999948427254703,-5.1572758598740664e-07,5.1572758598740664e-07,0.99999885345249362,-1.1465481637094768e-06,1.1465481637094768e-06,-6.3082057772207013e-07
959,369,0.99999937046784892,-6.295323492692849e-07,6.295323492692849e-07,0.99999888756346944,-1.112437149366428e-06,1.112437149366428e-06,-4.8290480009714315e-07
960,279,0.99999958100787067,-4.1899221707417755e-07,4.1899221707417755e-07,0.99999928392572801,-7.1607452841975315e-07,7.1607452841975315e-07,-2.970823113455756e-07
961,3363,0.9999986709163452,-1.3290845380422762e-06,1.3290845380422762e-06,0.99999763333430458,-2.3666684959321664e-06,2.3666684959321664e-06,-1.0375839578898902e-06
962,315,0.99999981441708918,-1.8558292801300739e-07,1.8558292801300739e-07,0.99999970880548461,-2.9119455781329215e-07,2.9119455781329215e-07,-1.0561162980028476e-07
963,57664,0.99999948657759052,-5.1342254124162034e-07,5.1342254124162034e-07,0.99999919650044566,-8.0349987712458297e-07,8.0349987712458297e-07,-2.9007733588296264e-07
964,374,0.99805937564743819,-0.0019425098036971321,0.0019425098036971321,0.99898557687218348,-0.0010149380031880325,0.0010149380031880325,0.00092757180050909963
965,10212,0.99999885044938608,-1.1495512746855593e-06,1.1495512746855593e-06,0.99999813640556257,-1.8635961739377942e-06,1.8635961739377942e-06,-7.1404489925223497e-07
966,304,0.99999551238437445,-4.4876256949202838e-06,4.4876256949202838e-06,0.9999962537606002,-3.7462464169438353e-06,3.7462464169438353e-06,7.4137927797644847e-07
967,356,0.99999342702621019,-6.5729953918454739e-06,6.5729953918454739e-06,0.99999366451121896,-6.335508850331208e-06,6.335508850331208e-06,2.3748654151426593e-07
968,13873,0.99999788366770326,-2.1163345361663411e-06,2.1163345361663411e-06,0.99999798096404868,-2.0190379895755781e-06,2.0190379895755781e-06,9.7296546590762992e-08
969,220,0.99999754059067469,-2.4594123496661337e-06,2.4594123496661337e-06,0.99999797061633477,-2.0293857243929118e-06,2.0293857243929118e-06,4.3002662527322194e-07
970,975,0.99999986806524677,-1.3193476196069723e-07,1.3193476196069723e-07,0.99999991243062902,-8.7569374803099931e-08,8.7569374803099931e-08,4.4365387157597297e-08
971,16662,0.99996215770431007,-3.7843011727681147e-05,3.7843011727681147e-05,0.99997570419613502,-2.4296099012853288e-05,2.4296099012853288e-05,1.3546912714827859e-05
972,46962,0.99997677307910571,-2.3227190643343143e-05,2.3227190643343143e-05,0.99998330114828349,-1.6698991143855e-05,1.6698991143855e-05,6.528199499488143e-06
973,354,0.9999963258003749,-3.6742063749556496e-06,3.6742063749556496e-06,0.99999803972926649,-1.9602726548824722e-06,1.9602726548824722e-06,1.7139337200731774e-06
974,11,0.99998778998376014,-1.22100907826923e-05,1.22100907826923e-05,0.99997670790487614,-2.3292366388939939e-05,2.3292366388939939e-05,-1.1082275606247639e-05
975,902,0.99999775439618033,-2.2456063410409525e-06,2.2456063410409525e-06,0.99999587087934994,-4.1291291748942611e-06,4.1291291748942611e-06,-1.8835228338533086e-06
976,374,0.99999994766026623,-5.2339735175113516e-08,5.2339735175113516e-08,0.99999990204606126,-9.7953943488446059e-08,9.7953943488446059e-08,-4.5614208313332543e-08
977,1457,0.99999995827639654,-4.1723604367035175e-08,4.1723604367035175e-08,0.99999991471114802,-8.5288855671268827e-08,8.5288855671268827e-08,-4.3565251304233652e-08
978,328,0.99999788102605869,-2.1189761863552394e-06,2.1189761863552394e-06,0.99999798244683391,-2.0175552013451477e-06,2.0175552013451477e-06,1.0142098501009175e-07
979,25415,0.99999948790617887,-5.1209395224015122e-07,5.1209395224015122e-07,0.9999996343433204,-3.6565674642017165e-07,3.6565674642017165e-07,1.4643720581997957e-07
980,11,0.99998754858796723,-1.2451489552184659e-05,1.2451489552184659e-05,0.99998823773910583,-1.1762330070130928e-05,1.1762330070130928e-05,6.8915948205373099e-07
981,323,0.99999977473878243,-2.2526124293381679e-07,2.2526124293381679e-07,0.99999946844276499,-5.3155737628130958e-07,5.3155737628130958e-07,-3.0629613334749282e-07
982,735,0.99998213020771209,-1.7869951954588052e-05,1.7869951954588052e-05,0.99998804546994446,-1.1954601511461956e-05,1.1954601511461956e-05,5.9153504431260953e-06
983,1727,0.99999171414716037,-8.285887167540924e-06,8.285887167540924e-06,0.99999454625262185,-5.4537622499005544e-06,5.4537622499005544e-06,2.8321249176403696e-06
984,64,0.9999934234668032,-6.576554822285725e-06,6.576554822285725e-06,0.99999767550415097,-2.3244985507220867e-06,2.3244985507220867e-06,4.2520562715636384e-06
985,382,0.6049785664102848,-0.50256224899987834,0.50256224899987834,0.6994961753071165,-0.35739495264406329,0.35739495264406329,0.14516729635581505
986,16397,0.99524278429018775,-0.0047685672760082792,0.0047685672760082792,0.99717661398256097,-0.0028273792898782413,0.0028273792898782413,0.0019411879861300379
987,279,0.99999470162581572,-5.2983882206752818e-06,5.2983882206752818e-06,0.99999533575880184,-4.6642520757837446e-06,4.6642520757837446e-06,6.3413614489153714e-07
988,31402,0.99969804011071095,-0.00030200548835605275,0.00030200548835605275,0.99978730627606227,-0.00021271634645570809,0.00021271634645570809,8.9289141900344656e-05
989,315,0.99999968644486659,-3.135551826205744e-07,3.135551826205744e-07,0.99999951897218153,-4.8102793414289608e-07,4.8102793414289608e-07,-1.6747275152232168e-07
990,76086,0.99999941444363061,-5.8555654079099796e-07,5.8555654079099796e-07,0.99999886736828947,-1.1326323519664575e-06,1.1326323519664575e-06,-5.4707581117545954e-07
991,426,0.99999888854349972,-1.1114571179565738e-06,1.1114571179565738e-06,0.99999811431645291,-1.8856853250036825e-06,1.8856853250036825e-06,-7.7422820704710866e-07
992,23427,0.9999999204635569,-7.9536446263574983e-08,7.9536446263574983e-08,0.99999995520391138,-4.4796089611351189e-08,4.4796089611351189e-08,3.4740356652223793e-08
993,19870,0.9999993769346619,-6.2306553224081456e-07,6.2306553224081456e-07,0.99999966793867168,-3.3206138343584463e-07,3.3206138343584463e-07,2.9100414880496994e-07
994,505,0.99997818555519091,-2.1814682747500586e-05,2.1814682747500586e-05,0.99998622978916829,-1.3770305641934203e-05,1.3770305641934203e-05,8.0443771055663828e-06
995,220,0.9999990672341067,-9.3276632835740505e-07,9.3276632835740505e-07,0.99999855852894903,-1.4414720899389455e-06,1.4414720899389455e-06,-5.0870576158154046e-07
996,10410,0.99999975513513184,-2.448648981322983e-07,2.448648981322983e-07,0.99999959603759514,-4.0396248647010926e-07,4.0396248647010926e-07,-1.5909758833781095e-07
997,20,0.99999919511394075,-8.0488638314089288e-07,8.0488638314089288e-07,0.99999912229473564,-8.7770564955719419e-07,8.7770564955719419e-07,-7.2819266416301312e-08
998,311,0.99999594063974306,-4.0593684961738956e-06,4.0593684961738956e-06,0.99999843733170446,-1.5626695165074236e-06,1.5626695165074236e-06,2.4966989796664717e-06
999,220,0.99999767260091854,-2.3274017898352266e-06,2.3274017898352266e-06,0.99999655191249781,-3.4480934468864964e-06,3.4480934468864964e-06,-1.1206916570512699e-06
1000,9756,0.99999885797694199,-1.1420237100791396e-06,1.1420237100791396e-06,0.99999953051712887,-4.6948298130702579e-07,4.6948298130702579e-07,6.7254072877211379e-07
1001,16,0.99999758687232154,-2.4131305900866269e-06,2.4131305900866269e-06,0.99999842406585904,-1.5759353827447756e-06,1.5759353827447756e-06,8.3719520734185136e-07
1002,11,0.99999823835426638,-1.7616472853271831e-06,1.7616472853271831e-06,0.99999626064497749,-3.7393620139060465e-06,3.7393620139060465e-06,-1.9777147285788634e-06
1003,279,0.99999802211272149,-1.9778892345834484e-06,1.9778892345834484e-06,0.99999753604670538,-2.4639563301076895e-06,2.4639563301076895e-06,-4.8606709552424103e-07
1004,3320,0.99999755191969386,-2.4480833026753911e-06,2.4480833026753911e-06,0.99999348713402114,-6.5128871876984381e-06,6.5128871876984381e-06,-4.064803885023047e-06
1005,2957,0.99997047697499797,-2.9523460815137881e-05,2.9523460815137881e-05,0.99997375772138863,-2.624262294595214e-05,2.624262294595214e-05,3.2808378691857408e-06
1006,1122,0.99999985641925915,-1.4358075119473215e-07,1.4358075119473215e-07,0.99999978264218181,-2.1735784186182949e-07,2.1735784186182949e-07,-7.3777090667097336e-08
1007,21080,0.99999933247809658,-6.675221261586773e-07,6.675221261586773e-07,0.99999948056174026,-5.1943839461448492e-07,5.1943839461448492e-07,1.4808373154419238e-07
1008,64765,0.99994096859101067,-5.9033151411472514e-05,5.9033151411472514e-05,0.99991914362550127,-8.0859643551550449e-05,8.0859643551550449e-05,-2.1826492140077935e-05
1009,11,0.99997323946018846,-2.6760897881219815e-05,2.6760897881219815e-05,0.99997786569759073,-2.2134547376571178e-05,2.2134547376571178e-05,4.626350504648637e-06
1010,19762,0.99999147761539442,-8.5224209213265167e-06,8.5224209213265167e-06,0.99999118941814524,-8.8106206681404609e-06,8.8106206681404609e-06,-2.8819974681394422e-07
1011,311,0.99999974535447289,-2.5464555952391778e-07,2.5464555952391778e-07,0.99999971310505054,-2.8689499057703277e-07,2.8689499057703277e-07,-3.2249431053114989e-08
1012,1935,0.99999908193926057,-9.1806116089294825e-07,9.1806116089294825e-07,0.99999858251724971,-1.4174837549388038e-06,1.4174837549388038e-06,-4.9942259404585555e-07
1013,9610,0.9999996187848571,-3.812152155629043e-07,3.812152155629043e-07,0.99999929231027929,-7.0768997112266652e-07,7.0768997112266652e-07,-3.2647475555976223e-07
1014,315,0.99999937593085186,-6.2406934287121007e-07,6.2406934287121007e-07,0.99999916503763042,-8.349627181055993e-07,8.349627181055993e-07,-2.1089337523438923e-07
1015,350,0.99999804883280941,-1.951169094128857e-06,1.951169094128857e-06,0.99999529028636325,-4.7097247274603933e-06,4.7097247274603933e-06,-2.7585556333315364e-06
1016,36071,0.99999841363850817,-1.5863627501028088e-06,1.5863627501028088e-06,0.99999883509569398,-1.1649049845404288e-06,1.1649049845404288e-06,4.2145776556238002e-07
1017,596,0.99995461062504054,-4.5390405088264152e-05,4.5390405088264152e-05,0.9999497043223462,-5.0296942523762909e-05,5.0296942523762909e-05,-4.9065374354987566e-06
1018,5734,0.99999529573263113,-4.7042784339227357e-06,4.7042784339227357e-06,0.9999909131930711,-9.0868482142128371e-06,9.0868482142128371e-06,-4.3825697802901014e-06
1019,6696,0.99999687089135858,-3.1291135371288482e-06,3.1291135371288482e-06,0.99999673595850191,-3.264046825112145e-06,3.264046825112145e-06,-1.3493328798329674e-07
1020,555,0.99999858677605025,-1.4132249483306462e-06,1.4132249483306462e-06,0.99999890346987574,-1.0965307254375344e-06,1.0965307254375344e-06,3.1669422289311183e-07
1021,23664,0.99998818526709699,-1.1814802697520805e-05,1.1814802697520805e-05,0.99998363645441724,-1.6363679467060106e-05,1.6363679467060106e-05,-4.5488767695393013e-06
1022,1202,0.99999944338760571,-5.5661254924128971e-07,5.5661254924128971e-07,0.99999922983555722,-7.7016473939122318e-07,7.7016473939122318e-07,-2.1355219014993347e-07
1023,6233,0.99999509971927025,-4.9002927361958461e-06,4.9002927361958461e-06,0.99998888036218836,-1.1119699635310269e-05,1.1119699635310269e-05,-6.219406899114423e-06
