token_index,token_id,probability,logprob,nll,reference_probability,reference_logprob,reference_nll,nll_drift
0,1692,0.68927453884861178,-0.37211562746516874,0.37211562746516874,0.68927453884861178,-0.37211562746516874,0.37211562746516874,0
1,10746,0.999785886290813,-0.00021413663479974361,0.00021413663479974361,0.999785886290813,-0.00021413663479974361,0.00021413663479974361,0
2,374,0.90328229655186221,-0.1017201536546596,0.1017201536546596,0.90328229655186221,-0.1017201536546596,0.1017201536546596,0
3,279,0.99809329637921007,-0.0019085236940669099,0.0019085236940669099,0.99809329637921007,-0.0019085236940669099,0.0019085236940669099,0
4,6864,0.99998914879741474,-1.0851261460030621e-05,1.0851261460030621e-05,0.99998914879741474,-1.0851261460030621e-05,1.0851261460030621e-05,0
5,3363,0.99952652791034846,-0.00047358421295428982,0.00047358421295428982,0.99952652791034846,-0.00047358421295428982,0.00047358421295428982,0
6,315,0.99999920211499194,-7.9788532635495968e-07,7.9788532635495968e-07,0.99999920211499194,-7.9788532635495968e-07,7.9788532635495968e-07,0
7,279,0.99999909335059645,-9.0664981455573217e-07,9.0664981455573217e-07,0.99999909335059645,-9.0664981455573217e-07,9.0664981455573217e-07,0
8,26363,0.99999847293242983,-1.5270687361152315e-06,1.5270687361152315e-06,0.99999847293242983,-1.5270687361152315e-06,1.5270687361152315e-06,0
9,11,0.95942332019251819,-0.041422883150466834,0.041422883150466834,0.95942332019251819,-0.041422883150466834,0.041422883150466834,0
10,18538,0.98460509970356147,-0.015514632204091416,0.015514632204091416,0.98460509970356147,-0.015514632204091416,0.015514632204091416,0
11,389,0.99193143252260396,-0.0081012945271154452,0.0081012945271154452,0.99193143252260396,-0.0081012945271154452,0.0081012945271154452,0
12,5651,0.99999084098385305,-9.1590580909935734e-06,9.1590580909935734e-06,0.99999084098385305,-9.1590580909935734e-06,9.1590580909935734e-06,0
13,220,0.9999991902338965,-8.097664313412655e-07,8.097664313412655e-07,0.9999991902338965,-8.097664313412655e-07,8.097664313412655e-07,0
14,1187,0.99999911595987456,-8.8404051615935679e-07,8.8404051615935679e-07,0.99999911595987456,-8.8404051615935679e-07,8.8404051615935679e-07,0
15,11,0.99999925295499048,-7.4704528858998943e-07,7.4704528858998943e-07,0.99999925295499048,-7.4704528858998943e-07,7.4704528858998943e-07,0
16,220,0.99999821492323637,-1.785078356825165e-06,1.785078356825165e-06,0.99999821492323637,-1.785078356825165e-06,1.785078356825165e-06,0
17,10895,0.99999998346363062,-1.6536369470241824e-08,1.6536369470241824e-08,0.99999998346363062,-1.6536369470241824e-08,1.6536369470241824e-08,0
18,16,0.99999988521872407,-1.147812825526263e-07,1.147812825526263e-07,0.99999988521872407,-1.147812825526263e-07,1.147812825526263e-07,0
19,11,0.99157946772433836,-0.0084561852432853326,0.0084561852432853326,0.99157946772433836,-0.0084561852432853326,0.0084561852432853326,0
20,555,0.99999516193300697,-4.8380786965617058e-06,4.8380786965617058e-06,0.99999516193300697,-4.8380786965617058e-06,4.8380786965617058e-06,0
21,15506,0.99992215745127444,-7.7845578613990106e-05,7.7845578613990106e-05,0.99992215745127444,-7.7845578613990106e-05,7.7845578613990106e-05,0
22,39879,0.99964325931090892,-0.0003568043361881227,0.0003568043361881227,0.99964325931090892,-0.0003568043361881227,0.0003568043361881227,0
23,380,0.99999882927992012,-1.1707207651558963e-06,1.1707207651558963e-06,0.99999882927992012,-1.1707207651558963e-06,1.1707207651558963e-06,0
24,5477,0.99998505512424574,-1.4944987430052335e-05,1.4944987430052335e-05,0.99998505512424574,-1.4944987430052335e-05,1.4944987430052335e-05,0
25,46991,0.99998563829981169,-1.4361803318464852e-05,1.4361803318464852e-05,0.99998563829981169,-1.4361803318464852e-05,1.4361803318464852e-05,0
26,92075,0.99985489104340963,-0.00014511948591362558,0.00014511948591362558,0.99985489104340963,-0.00014511948591362558,0.00014511948591362558,0
27,409,0.99999854566208579,-1.454338971742908e-06,1.454338971742908e-06,0.99999854566208579,-1.454338971742908e-06,1.454338971742908e-06,0
28,7765,0.99999621893540447,-3.7810717437237602e-06,3.7810717437237602e-06,0.99999621893540447,-3.7810717437237602e-06,3.7810717437237602e-06,0
29,1394,0.9999277649359779,-7.2237673099924911e-05,7.2237673099924911e-05,0.9999277649359779,-7.2237673099924911e-05,7.2237673099924911e-05,0
30,2554,0.99999956970175696,-4.3029833564394449e-07,4.3029833564394449e-07,0.99999956970175696,-4.3029833564394449e-07,4.3029833564394449e-07,0
31,13,0.99993827465622975,-6.1727248857645225e-05,6.1727248857645225e-05,0.99993827465622975,-6.1727248857645225e-05,6.1727248857645225e-05,0
32,1102,0.99938568562339536,-0.0006145031449939967,0.0006145031449939967,0.99938568562339536,-0.0006145031449939967,0.0006145031449939967,0
33,374,0.99898854163194362,-0.0010119702372569156,0.0010119702372569156,0.99898854163194362,-0.0010119702372569156,0.0010119702372569156,0
34,832,0.99888387193327244,-0.001116751401515733,0.001116751401515733,0.99888387193327244,-0.001116751401515733,0.001116751401515733,0
35,315,0.9999990714706406,-9.2852979051607975e-07,9.2852979051607975e-07,0.9999990714706406,-9.2852979051607975e-07,9.2852979051607975e-07,0
36,279,0.99999978880669604,-2.1119332628578994e-07,2.1119332628578994e-07,0.99999978880669604,-2.1119332628578994e-07,2.1119332628578994e-07,0
37,24417,0.9999891137298581,-1.0886329397797728e-05,1.0886329397797728e-05,0.9999891137298581,-1.0886329397797728e-05,1.0886329397797728e-05,0
38,9919,0.99999228122116823,-7.7188086216944259e-06,7.7188086216944259e-06,0.99999228122116823,-7.7188086216944259e-06,7.7188086216944259e-06,0
39,304,0.99999973732993486,-2.6267009959018974e-07,2.6267009959018974e-07,0.99999973732993486,-2.6267009959018974e-07,2.6267009959018974e-07,0
40,279,0.9999989828647694,-1.0171357479306405e-06,1.0171357479306405e-06,0.9999989828647694,-1.0171357479306405e-06,1.0171357479306405e-06,0
41,3224,0.99973976970571599,-0.00026026416006248542,0.00026026416006248542,0.99973976970571599,-0.00026026416006248542,0.00026026416006248542,0
42,323,0.99969131437423331,-0.0003087332789813351,0.0003087332789813351,0.99969131437423331,-0.0003087332789813351,0.0003087332789813351,0
43,574,0.99964062923663011,-0.00035943535251742168,0.00035943535251742168,0.99964062923663011,-0.00035943535251742168,0.00035943535251742168,0
44,279,0.99997004960571123,-2.9950842810786073e-05,2.9950842810786073e-05,0.99997004960571123,-2.9950842810786073e-05,2.9950842810786073e-05,0
45,10954,0.99999722213033693,-2.7778735213840499e-06,2.7778735213840499e-06,0.99999722213033693,-2.7778735213840499e-06,2.7778735213840499e-06,0
46,315,0.99999981752556488,-1.8247445177576809e-07,1.8247445177576809e-07,0.99999981752556488,-1.8247445177576809e-07,1.8247445177576809e-07,0
47,2410,0.99999388363249786,-6.1163862071980914e-06,6.1163862071980914e-06,0.99999388363249786,-6.1163862071980914e-06,6.1163862071980914e-06,0
48,369,0.99999789240833725,-2.1075938837725371e-06,2.1075938837725371e-06,0.99999789240833725,-2.1075938837725371e-06,2.1075938837725371e-06,0
49,1455,0.99999582977521417,-4.1702334812574194e-06,4.1702334812574194e-06,0.99999582977521417,-4.1702334812574194e-06,4.1702334812574194e-06,0
50,315,0.99999860033474763,-1.3996662319325453e-06,1.3996662319325453e-06,0.99999860033474763,-1.3996662319325453e-06,1.3996662319325453e-06,0
51,279,0.99999703604118106,-2.9639632114761024e-06,2.9639632114761024e-06,0.99999703604118106,-2.9639632114761024e-06,2.9639632114761024e-06,0
52,37683,0.99996104894958071,-3.895180903116775e-05,3.895180903116775e-05,0.99996104894958071,-3.895180903116775e-05,3.895180903116775e-05,0
53,5718,0.99575888813447833,-0.0042501308899435845,0.0042501308899435845,0.99575888813447833,-0.0042501308899435845,0.0042501308899435845,0
54,315,0.99998113913170028,-1.8861046168174624e-05,1.8861046168174624e-05,0.99998113913170028,-1.8861046168174624e-05,1.8861046168174624e-05,0
55,279,0.99999913852061095,-8.6147976015742296e-07,8.6147976015742296e-07,0.99999913852061095,-8.6147976015742296e-07,8.6147976015742296e-07,0
56,26363,0.99999453723471199,-5.4627802090180318e-06,5.4627802090180318e-06,0.99999453723471199,-5.4627802090180318e-06,5.4627802090180318e-06,0
57,13,0.99655722937051539,-0.0034487106015142818,0.0034487106015142818,0.99655722937051539,-0.0034487106015142818,0.0034487106015142818,0
58,57664,0.95703729217404021,-0.043912920499441621,0.043912920499441621,0.95703729217404021,-0.043912920499441621,0.043912920499441621,0
59,374,0.9983325758506908,-0.0016688158482061398,0.0016688158482061398,0.9983325758506908,-0.0016688158482061398,0.0016688158482061398,0
60,31183,0.93880572628868508,-0.063146715440695597,0.063146715440695597,0.93880572628868508,-0.063146715440695597,0.063146715440695597,0
61,389,0.99999923252004341,-7.6748025104737402e-07,7.6748025104737402e-07,0.99999923252004341,-7.6748025104737402e-07,7.6748025104737402e-07,0
62,279,0.99999952058232644,-4.7941778845551839e-07,4.7941778845551839e-07,0.99999952058232644,-4.7941778845551839e-07,4.7941778845551839e-07,0
63,24024,0.99998609767133351,-1.3902425304724564e-05,1.3902425304724564e-05,0.99998609767133351,-1.3902425304724564e-05,1.3902425304724564e-05,0
64,31284,0.99999661090455849,-3.3891011845327769e-06,3.3891011845327769e-06,0.99999661090455849,-3.3891011845327769e-06,3.3891011845327769e-06,0
65,315,0.99999985413923231,-1.4586077836489931e-07,1.4586077836489931e-07,0.99999985413923231,-1.4586077836489931e-07,1.4586077836489931e-07,0
66,57664,0.99999790695683954,-2.0930453508640825e-06,2.0930453508640825e-06,0.99999790695683954,-2.0930453508640825e-06,2.0930453508640825e-06,0
67,9332,0.99999834686734401,-1.6531340223748289e-06,1.6531340223748289e-06,0.99999834686734401,-1.6531340223748289e-06,1.6531340223748289e-06,0
68,323,0.99998368792539061,-1.6312207652761389e-05,1.6312207652761389e-05,0.99998368792539061,-1.6312207652761389e-05,1.6312207652761389e-05,0
69,5727,0.99994564535590458,-5.43561213625982e-05,5.43561213625982e-05,0.99994564535590458,-5.43561213625982e-05,5.43561213625982e-05,0
70,264,0.99998333743803525,-1.6662700786756516e-05,1.6662700786756516e-05,0.99998333743803525,-1.6662700786756516e-05,1.6662700786756516e-05,0
71,49068,0.99996290765616513,-3.7093031772811804e-05,3.7093031772811804e-05,0.99996290765616513,-3.7093031772811804e-05,3.7093031772811804e-05,0
72,315,0.99999962171596912,-3.7828410243578154e-07,3.7828410243578154e-07,0.99999962171596912,-3.7828410243578154e-07,3.7828410243578154e-07,0
73,61024,0.99998540335763653,-1.4596748895537174e-05,1.4596748895537174e-05,0.99998540335763653,-1.4596748895537174e-05,1.4596748895537174e-05,0
74,11,0.99997725048750341,-2.2749771270692764e-05,2.2749771270692764e-05,0.99997725048750341,-2.2749771270692764e-05,2.2749771270692764e-05,0
75,1063,0.99996328529923206,-3.6715374769012464e-05,3.6715374769012464e-05,0.99996328529923206,-3.6715374769012464e-05,3.6715374769012464e-05,0
76,315,0.9999787798487173,-2.1220376433265818e-05,2.1220376433265818e-05,0.9999787798487173,-2.1220376433265818e-05,2.1220376433265818e-05,0
77,902,0.99999846161967698,-1.5383815063714364e-06,1.5383815063714364e-06,0.99999846161967698,-1.5383815063714364e-06,1.5383815063714364e-06,0
78,2457,0.99999824653458691,-1.7534669504177556e-06,1.7534669504177556e-06,0.99999824653458691,-1.7534669504177556e-06,1.7534669504177556e-06,0
79,1203,0.99999968644448867,-3.1355556054037345e-07,3.1355556054037345e-07,0.99999968644448867,-3.1355556054037345e-07,3.1355556054037345e-07,0
80,311,0.9999998840850769,-1.1591492982003934e-07,1.1591492982003934e-07,0.9999998840850769,-1.1591492982003934e-07,1.1591492982003934e-07,0
81,279,0.99999960179200897,-3.9820807028086004e-07,3.9820807028086004e-07,0.99999960179200897,-3.9820807028086004e-07,3.9820807028086004e-07,0
82,220,0.99999919713526975,-8.0286505255307168e-07,8.0286505255307168e-07,0.99999919713526975,-8.0286505255307168e-07,8.0286505255307168e-07,0
83,845,0.99999967525161759,-3.2474843514799998e-07,3.2474843514799998e-07,0.99999967525161759,-3.2474843514799998e-07,3.2474843514799998e-07,0
84,339,0.99999857555376348,-1.4244472510379601e-06,1.4244472510379601e-06,0.99999857555376348,-1.4244472510379601e-06,1.4244472510379601e-06,0
85,9478,0.99999054013843913,-9.4599063056728594e-06,9.4599063056728594e-06,0.99999054013843913,-9.4599063056728594e-06,9.4599063056728594e-06,0
86,11,0.99251528823913915,-0.0075128627720338122,0.0075128627720338122,0.99251528823913915,-0.0075128627720338122,0.0075128627720338122,0
87,1778,0.99999574818917125,-4.2518198677327985e-06,4.2518198677327985e-06,0.99999574818917125,-4.2518198677327985e-06,4.2518198677327985e-06,0
88,439,0.999999866508123,-1.3349188596139811e-07,1.3349188596139811e-07,0.999999866508123,-1.3349188596139811e-07,1.3349188596139811e-07,0
89,279,0.99999954814663472,-4.5185346736397381e-07,4.5185346736397381e-07,0.99999954814663472,-4.5185346736397381e-07,4.5185346736397381e-07,0
90,15506,0.99985935824742578,-0.00014065164355292527,0.00014065164355292527,0.99985935824742578,-0.00014065164355292527,0.00014065164355292527,0
91,37683,0.99995418654985624,-4.5814499611879007e-05,4.5814499611879007e-05,0.99995418654985624,-4.5814499611879007e-05,4.5814499611879007e-05,0
92,11639,0.9945190989262982,-0.0054959763211846705,0.0054959763211846705,0.9945190989262982,-0.0054959763211846705,0.0054959763211846705,0
93,468,0.9999976262187209,-2.3737840964951729e-06,2.3737840964951729e-06,0.9999976262187209,-2.3737840964951729e-06,2.3737840964951729e-06,0
94,4841,0.99999897520629999,-1.0247942250689176e-06,1.0247942250689176e-06,0.99999897520629999,-1.0247942250689176e-06,1.0247942250689176e-06,0
95,4409,0.99999830216457897,-1.6978368624011181e-06,1.6978368624011181e-06,0.99999830216457897,-1.6978368624011181e-06,1.6978368624011181e-06,0
96,315,0.99999984254599383,-1.574540185287129e-07,1.574540185287129e-07,0.99999984254599383,-1.574540185287129e-07,1.574540185287129e-07,0
97,61894,0.99999826153745874,-1.738464052376036e-06,1.738464052376036e-06,0.99999826153745874,-1.738464052376036e-06,1.738464052376036e-06,0
98,309,0.999999971544136,-2.8455864370754672e-08,2.8455864370754672e-08,0.999999971544136,-2.8455864370754672e-08,2.8455864370754672e-08,0
99,44486,0.99993205925692019,-6.7943051156587074e-05,6.7943051156587074e-05,0.99993205925692019,-6.7943051156587074e-05,6.7943051156587074e-05,0
100,382,0.98465040539761217,-0.015468619186541115,0.015468619186541115,0.98465040539761217,-0.015468619186541115,0.015468619186541115,0
101,1692,0.99862295612511121,-0.0013779928711118022,0.0013779928711118022,0.99862295612511121,-0.0013779928711118022,0.0013779928711118022,0
102,10746,0.9999472511936488,-5.2750197618446965e-05,5.2750197618446965e-05,0.9999472511936488,-5.2750197618446965e-05,5.2750197618446965e-05,0
103,374,0.88198383691045512,-0.12558154864161,0.12558154864161,0.88198383691045512,-0.12558154864161,0.12558154864161,0
104,279,0.99984869723995728,-0.00015131420746002675,0.00015131420746002675,0.99984869723995728,-0.00015131420746002675,0.00015131420746002675,0
105,2132,0.99999435063154984,-5.6493844079348783e-06,5.6493844079348783e-06,0.99999435063154984,-5.6493844079348783e-06,5.6493844079348783e-06,0
106,1455,0.99762852038806038,-0.002374296023303692,0.002374296023303692,0.99762852038806038,-0.002374296023303692,0.002374296023303692,0
107,95551,0.99997984754825409,-2.0152654809265315e-05,2.0152654809265315e-05,0.99997984754825409,-2.0152654809265315e-05,2.0152654809265315e-05,0
108,3363,0.99999665194266507,-3.3480629396375228e-06,3.3480629396375228e-06,0.99999665194266507,-3.3480629396375228e-06,3.3480629396375228e-06,0
109,304,0.99999976853231065,-2.314677161840147e-07,2.314677161840147e-07,0.99999976853231065,-2.314677161840147e-07,2.314677161840147e-07,0
110,279,0.99999984490653915,-1.5509347291669806e-07,1.5509347291669806e-07,0.99999984490653915,-1.5509347291669806e-07,1.5509347291669806e-07,0
111,26363,0.9999846153795604,-1.5384738784118107e-05,1.5384738784118107e-05,0.9999846153795604,-1.5384738784118107e-05,1.5384738784118107e-05,0
112,1306,0.95559745970071608,-0.045418521863111738,0.045418521863111738,0.95559745970071608,-0.045418521863111738,0.045418521863111738,0
113,279,0.67208804784670528,-0.3973659234604206,0.3973659234604206,0.67208804784670528,-0.3973659234604206,0.3973659234604206,0
114,4846,0.99999941725492547,-5.827452443500035e-07,5.827452443500035e-07,0.99999941725492547,-5.827452443500035e-07,5.827452443500035e-07,0
115,6864,0.99999688946953202,-3.110535305738391e-06,3.110535305738391e-06,0.99999688946953202,-3.110535305738391e-06,3.110535305738391e-06,0
116,9605,0.99991405935049438,-8.5944342614826039e-05,8.5944342614826039e-05,0.99991405935049438,-8.5944342614826039e-05,8.5944342614826039e-05,0
117,52719,0.99999869508484163,-1.304916009830085e-06,1.304916009830085e-06,0.99999869508484163,-1.304916009830085e-06,1.304916009830085e-06,0
118,4409,0.99999733261842683,-2.6673851306740944e-06,2.6673851306740944e-06,0.99999733261842683,-2.6673851306740944e-06,2.6673851306740944e-06,0
119,11,0.71570485587041299,-0.33448740947589728,0.33448740947589728,0.71570485587041299,-0.33448740947589728,0.33448740947589728,0
120,449,0.99994115246646287,-5.8849265121191885e-05,5.8849265121191885e-05,0.99994115246646287,-5.8849265121191885e-05,5.8849265121191885e-05,0
121,264,0.99997627348515372,-2.3726796324520396e-05,2.3726796324520396e-05,0.99997627348515372,-2.3726796324520396e-05,2.3726796324520396e-05,0
122,7187,0.99999472705680537,-5.2729570966637718e-06,5.2729570966637718e-06,0.99999472705680537,-5.2729570966637718e-06,5.2729570966637718e-06,0
123,315,0.9999937164869549,-6.2835327864191333e-06,6.2835327864191333e-06,0.9999937164869549,-6.2835327864191333e-06,6.2835327864191333e-06,0
124,220,0.99545115001487561,-0.0045592274856385909,0.0045592274856385909,0.99545115001487561,-0.0045592274856385909,0.0045592274856385909,0
125,16,0.99985182755189439,-0.00014818342672734641,0.00014818342672734641,0.99985182755189439,-0.00014818342672734641,0.00014818342672734641,0
126,11,0.97739518236401968,-0.022864223190336284,0.022864223190336284,0.97739518236401968,-0.022864223190336284,0.022864223190336284,0
127,19423,0.99925015732712219,-0.00075012394551048404,0.00075012394551048404,0.99925015732712219,-0.00075012394551048404,0.00075012394551048404,0
128,11,0.99998981749596916,-1.0182555872838699e-05,1.0182555872838699e-05,0.99998981749596916,-1.0182555872838699e-05,1.0182555872838699e-05,0
129,10410,0.99750337012341905,-0.0024997516539822231,0.0024997516539822231,0.99750337012341905,-0.0024997516539822231,0.0024997516539822231,0
130,304,0.99962470844480078,-0.00037536199469901803,0.00037536199469901803,0.99962470844480078,-0.00037536199469901803,0.00037536199469901803,0
131,220,0.99999046828068738,-9.5317647397487848e-06,9.5317647397487848e-06,0.99999046828068738,-9.5317647397487848e-06,9.5317647397487848e-06,0
132,679,0.99999203497084022,-7.9650608807431576e-06,7.9650608807431576e-06,0.99999203497084022,-7.9650608807431576e-06,7.9650608807431576e-06,0
133,20,0.99999450366853182,-5.4963465730740947e-06,5.4963465730740947e-06,0.99999450366853182,-5.4963465730740947e-06,5.4963465730740947e-06,0
134,13,0.99927999984248461,-0.00072025948211206739,0.00072025948211206739,0.99927999984248461,-0.00072025948211206739,0.00072025948211206739,0
135,24586,0.88270330883163328,-0.12476613842821486,0.12476613842821486,0.88270330883163328,-0.12476613842821486,0.12476613842821486,0
136,311,0.99999928007879424,-7.1992146486928643e-07,7.1992146486928643e-07,0.99999928007879424,-7.1992146486928643e-07,7.1992146486928643e-07,0
137,1202,0.9999949114296045,-5.0885833423644671e-06,5.0885833423644671e-06,0.9999949114296045,-5.0885833423644671e-06,5.0885833423644671e-06,0
138,2678,0.9999818463638811,-1.815380089814988e-05,1.815380089814988e-05,0.9999818463638811,-1.815380089814988e-05,1.815380089814988e-05,0
139,4363,0.99999879399941061,-1.2060013165655233e-06,1.2060013165655233e-06,0.99999879399941061,-1.2060013165655233e-06,1.2060013165655233e-06,0
140,3158,0.99999943922777645,-5.6077238072796888e-07,5.6077238072796888e-07,0.99999943922777645,-5.6077238072796888e-07,5.6077238072796888e-07,0
141,323,0.99978711847802482,-0.00021290418446276763,0.00021290418446276763,0.99978711847802482,-0.00021290418446276763,0.00021290418446276763,0
142,6908,0.9997880271201961,-0.00021199534923006257,0.00021199534923006257,0.9997880271201961,-0.00021199534923006257,0.00021199534923006257,0
143,7187,0.9999949449484461,-5.055064330714912e-06,5.055064330714912e-06,0.9999949449484461,-5.055064330714912e-06,5.055064330714912e-06,0
144,11,0.99998122721588123,-1.8772960329737609e-05,1.8772960329737609e-05,0.99998122721588123,-1.8772960329737609e-05,1.8772960329737609e-05,0
145,57664,0.99993564569579962,-6.4356375027506776e-05,6.4356375027506776e-05,0.99993564569579962,-6.4356375027506776e-05,6.4356375027506776e-05,0
146,374,0.99999349375608437,-6.506265081310256e-06,6.506265081310256e-06,0.99999349375608437,-6.506265081310256e-06,6.506265081310256e-06,0
147,27458,0.99930807095771645,-0.00069216853566469701,0.00069216853566469701,0.99930807095771645,-0.00069216853566469701,0.00069216853566469701,0
148,439,0.99999924601204715,-7.5398823714665179e-07,7.5398823714665179e-07,0.99999924601204715,-7.5398823714665179e-07,7.5398823714665179e-07,0
149,832,0.99999916146075629,-8.3853959523806407e-07,8.3853959523806407e-07,0.99999916146075629,-8.3853959523806407e-07,8.3853959523806407e-07,0
150,315,0.99999911637102346,-8.836293669639018e-07,8.836293669639018e-07,0.99999911637102346,-8.836293669639018e-07,8.836293669639018e-07,0
151,279,0.99999921155440508,-7.884459057139535e-07,7.884459057139535e-07,0.99999921155440508,-7.884459057139535e-07,7.884459057139535e-07,0
152,1455,0.99999875000856386,-1.2499922174236426e-06,1.2499922174236426e-06,0.99999875000856386,-1.2499922174236426e-06,1.2499922174236426e-06,0
153,97617,0.99999616448820261,-3.8355191530090763e-06,3.8355191530090763e-06,0.99999616448820261,-3.8355191530090763e-06,3.8355191530090763e-06,0
154,35459,0.99999794791641383,-2.052085691714801e-06,2.052085691714801e-06,0.99999794791641383,-2.052085691714801e-06,2.052085691714801e-06,0
155,9919,0.99999396007893759,-6.0399393027545022e-06,6.0399393027545022e-06,0.99999396007893759,-6.0399393027545022e-06,6.0399393027545022e-06,0
156,304,0.9999995230504154,-4.7694969834881908e-07,4.7694969834881908e-07,0.9999995230504154,-4.7694969834881908e-07,4.7694969834881908e-07,0
157,279,0.99999925100958664,-7.4899069385939239e-07,7.4899069385939239e-07,0.99999925100958664,-7.4899069385939239e-07,7.4899069385939239e-07,0
158,1917,0.99999808474340002,-1.9152584340507524e-06,1.9152584340507524e-06,0.99999808474340002,-1.9152584340507524e-06,1.9152584340507524e-06,0
159,11,0.95516386587579793,-0.045872365916324147,0.045872365916324147,0.95516386587579793,-0.045872365916324147,0.045872365916324147,0
160,449,0.99997297662009677,-2.7023745041381879e-05,2.7023745041381879e-05,0.99997297662009677,-2.7023745041381879e-05,2.7023745041381879e-05,0
161,220,0.99964505869525633,-0.00035500431131816278,0.00035500431131816278,0.99964505869525633,-0.00035500431131816278,0.00035500431131816278,0
162,2983,0.99977401871246663,-0.00022600682515190265,0.00022600682515190265,0.99977401871246663,-0.00022600682515190265,0.00022600682515190265,0
163,11,0.99997845950126174,-2.1540730738111467e-05,2.1540730738111467e-05,0.99997845950126174,-2.1540730738111467e-05,2.1540730738111467e-05,0
164,20907,0.99996336672642172,-3.6633944593055751e-05,3.6633944593055751e-05,0.99996336672642172,-3.6633944593055751e-05,3.6633944593055751e-05,0
165,1274,0.99998293787517156,-1.7062270388090414e-05,1.7062270388090414e-05,0.99998293787517156,-1.7062270388090414e-05,1.7062270388090414e-05,0
166,824,0.99999885453716519,-1.1454634908242257e-06,1.1454634908242257e-06,0.99999885453716519,-1.1454634908242257e-06,1.1454634908242257e-06,0
167,9518,0.99999899632260059,-1.0036779031452979e-06,1.0036779031452979e-06,0.99999899632260059,-1.0036779031452979e-06,1.0036779031452979e-06,0
168,15395,0.99997923640205066,-2.0763813515772793e-05,2.0763813515772793e-05,0.99997923640205066,-2.0763813515772793e-05,2.0763813515772793e-05,0
169,21037,0.99999913652759731,-8.6347277552319425e-07,8.6347277552319425e-07,0.99999913652759731,-8.6347277552319425e-07,8.6347277552319425e-07,0
170,382,0.90313995079286236,-0.10187775330723663,0.10187775330723663,0.90313995079286236,-0.10187775330723663,0.10187775330723663,0
171,1692,0.96110817472164944,-0.039668311600006653,0.039668311600006653,0.96110817472164944,-0.039668311600006653,0.039668311600006653,0
172,10746,0.99996626757953633,-3.3732989414527774e-05,3.3732989414527774e-05,0.99996626757953633,-3.3732989414527774e-05,3.3732989414527774e-05,0
173,706,0.96171522668374043,-0.039036894297912308,0.039036894297912308,0.96171522668374043,-0.039036894297912308,0.039036894297912308,0
174,4848,0.84924509315091812,-0.16340744981987476,0.16340744981987476,0.84924509315091812,-0.16340744981987476,0.16340744981987476,0
175,18740,0.99999103095731201,-8.9690829100741123e-06,8.9690829100741123e-06,0.99999103095731201,-8.9690829100741123e-06,8.9690829100741123e-06,0
176,27536,0.99999812786982123,-1.8721319311935148e-06,1.8721319311935148e-06,0.99999812786982123,-1.8721319311935148e-06,1.8721319311935148e-06,0
177,369,0.99996346957712245,-3.6531090129641136e-05,3.6531090129641136e-05,0.99996346957712245,-3.6531090129641136e-05,3.6531090129641136e-05,0
178,279,0.99999922831791999,-7.7168237779080995e-07,7.7168237779080995e-07,0.99999922831791999,-7.7168237779080995e-07,7.7168237779080995e-07,0
179,4827,0.99997781064819391,-2.2189597993388826e-05,2.2189597993388826e-05,0.99997781064819391,-2.2189597993388826e-05,2.2189597993388826e-05,0
180,3838,0.99998881970010856,-1.1180362391414438e-05,1.1180362391414438e-05,0.99998881970010856,-1.1180362391414438e-05,1.1180362391414438e-05,0
181,315,0.99999919968324547,-8.0031707476838094e-07,8.0031707476838094e-07,0.99999919968324547,-8.0031707476838094e-07,8.0031707476838094e-07,0
182,279,0.99999651252409305,-3.4874819881700566e-06,3.4874819881700566e-06,0.99999651252409305,-3.4874819881700566e-06,3.4874819881700566e-06,0
183,57281,0.99997413953331127,-2.5860801076363721e-05,2.5860801076363721e-05,0.99997413953331127,-2.5860801076363721e-05,2.5860801076363721e-05,0
184,8151,0.99997836247270622,-2.1637761388442413e-05,2.1637761388442413e-05,0.99997836247270622,-2.1637761388442413e-05,2.1637761388442413e-05,0
185,11,0.54840480152224735,-0.60074157582127974,0.60074157582127974,0.54840480152224735,-0.60074157582127974,0.60074157582127974,0
186,323,0.99620042029388556,-0.0038068164459485257,0.0038068164459485257,0.99620042029388556,-0.0038068164459485257,0.0038068164459485257,0
187,279,0.90242972392166654,-0.10266446003782956,0.10266446003782956,0.90242972392166654,-0.10266446003782956,0.10266446003782956,0
188,3363,0.99998622288774353,-1.3777207161708883e-05,1.3777207161708883e-05,0.99998622288774353,-1.3777207161708883e-05,1.3777207161708883e-05,0
189,374,0.99997775259421418,-2.2247653263026009e-05,2.2247653263026009e-05,0.99997775259421418,-2.2247653263026009e-05,2.2247653263026009e-05,0
190,24306,0.99991043648682931,-8.9567524221576973e-05,8.9567524221576973e-05,0.99991043648682931,-8.9567524221576973e-05,8.9567524221576973e-05,0
191,315,0.99999857272507497,-1.4272759436149126e-06,1.4272759436149126e-06,0.99999857272507497,-1.4272759436149126e-06,1.4272759436149126e-06,0
192,220,0.99992794788956618,-7.2054706311819143e-05,7.2054706311819143e-05,0.99992794788956618,-7.2054706311819143e-05,7.2054706311819143e-05,0
193,845,0.99999895993295251,-1.0400675883061928e-06,1.0400675883061928e-06,0.99999895993295251,-1.0400675883061928e-06,1.0400675883061928e-06,0
194,27536,0.99994065255865883,-5.9349202470288349e-05,5.9349202470288349e-05,0.99994065255865883,-5.9349202470288349e-05,5.9349202470288349e-05,0
195,11,0.97917388974209696,-0.021046032467154207,0.021046032467154207,0.97917388974209696,-0.021046032467154207,0.021046032467154207,0
196,32125,0.98247311164251339,-0.017682302898185356,0.017682302898185356,0.98247311164251339,-0.017682302898185356,0.017682302898185356,0
197,25,0.9653478768056396,-0.035266748506428518,0.035266748506428518,0.9653478768056396,-0.035266748506428518,0.035266748506428518,0
198,30444,0.99973436765123425,-0.00026566763528707601,0.00026566763528707601,0.99973436765123425,-0.00026566763528707601,0.00026566763528707601,0
199,36071,0.9999986819110408,-1.3180898279085013e-06,1.3180898279085013e-06,0.9999986819110408,-1.3180898279085013e-06,1.3180898279085013e-06,0
200,11,0.99999151443173728,-8.4856042653881345e-06,8.4856042653881345e-06,0.99999151443173728,-8.4856042653881345e-06,8.4856042653881345e-06,0
201,9939,0.99996651517492197,-3.3485385707324216e-05,3.3485385707324216e-05,0.99996651517492197,-3.3485385707324216e-05,3.3485385707324216e-05,0
202,1800,0.99999933644156158,-6.635586585778329e-07,6.635586585778329e-07,0.99999933644156158,-6.635586585778329e-07,6.635586585778329e-07,0
203,64,0.99999992060906806,-7.9390935116459951e-08,7.9390935116459951e-08,0.99999992060906806,-7.9390935116459951e-08,7.9390935116459951e-08,0
204,11,0.99999795558970417,-2.0444123856758842e-06,2.0444123856758842e-06,0.99999795558970417,-2.0444123856758842e-06,2.0444123856758842e-06,0
205,61894,0.99999775096132293,-2.2490412061522997e-06,2.2490412061522997e-06,0.99999775096132293,-2.2490412061522997e-06,2.2490412061522997e-06,0
206,309,0.99999996061613561,-3.938386517071866e-08,3.938386517071866e-08,0.99999996061613561,-3.938386517071866e-08,3.938386517071866e-08,0
207,44486,0.99997658571444992,-2.3414559668704491e-05,2.3414559668704491e-05,0.99997658571444992,-2.3414559668704491e-05,2.3414559668704491e-05,0
208,11,0.99998814968446337,-1.1850385752199989e-05,1.1850385752199989e-05,0.99998814968446337,-1.1850385752199989e-05,1.1850385752199989e-05,0
209,8560,0.9999992268087029,-7.7319159604114057e-07,7.7319159604114057e-07,0.9999992268087029,-7.7319159604114057e-07,7.7319159604114057e-07,0
210,349,0.99999971317324843,-2.868267927048178e-07,2.868267927048178e-07,0.99999971317324843,-2.868267927048178e-07,2.868267927048178e-07,0
211,11,0.99998813502207518,-1.1865048314248775e-05,1.1865048314248775e-05,0.99998813502207518,-1.1865048314248775e-05,1.1865048314248775e-05,0
212,12925,0.99999357276611467,-6.4272545401087397e-06,6.4272545401087397e-06,0.99999357276611467,-6.4272545401087397e-06,6.4272545401087397e-06,0
213,78,0.99999983245677038,-1.6754324367658508e-07,1.6754324367658508e-07,0.99999983245677038,-1.6754324367658508e-07,1.6754324367658508e-07,0
214,11,0.99998497486868254,-1.5025244195879706e-05,1.5025244195879706e-05,0.99998497486868254,-1.5025244195879706e-05,1.5025244195879706e-05,0
215,34606,0.99998780889302163,-1.2191181290502898e-05,1.2191181290502898e-05,0.99998780889302163,-1.2191181290502898e-05,1.2191181290502898e-05,0
216,582,0.99999801283346934,-1.9871685050798356e-06,1.9871685050798356e-06,0.99999801283346934,-1.9871685050798356e-06,1.9871685050798356e-06,0
217,276,0.99999992373769042,-7.6262312443657083e-08,7.6262312443657083e-08,0.99999992373769042,-7.6262312443657083e-08,7.6262312443657083e-08,0
218,11,0.99999794416181109,-2.0558403021748871e-06,2.0558403021748871e-06,0.99999794416181109,-2.0558403021748871e-06,2.0558403021748871e-06,0
219,5896,0.99999525953288482,-4.7404783512329541e-06,4.7404783512329541e-06,0.99999525953288482,-4.7404783512329541e-06,4.7404783512329541e-06,0
220,12299,0.99999046495140809,-9.5350940508103316e-06,9.5350940508103316e-06,0.99999046495140809,-9.5350940508103316e-06,9.5350940508103316e-06,0
221,11,0.99999519446886909,-4.8055426774689578e-06,4.8055426774689578e-06,0.99999519446886909,-4.8055426774689578e-06,4.8055426774689578e-06,0
222,42215,0.99995149518172255,-4.85059946741548e-05,4.85059946741548e-05,0.99995149518172255,-4.85059946741548e-05,4.85059946741548e-05,0
223,66652,0.99999749274429339,-2.5072588497361943e-06,2.5072588497361943e-06,0.99999749274429339,-2.5072588497361943e-06,2.5072588497361943e-06,0
224,11,0.99998361521776657,-1.6384916465420251e-05,1.6384916465420251e-05,0.99998361521776657,-1.6384916465420251e-05,1.6384916465420251e-05,0
225,91274,0.999996169567684,-3.8304396521188506e-06,3.8304396521188506e-06,0.999996169567684,-3.8304396521188506e-06,3.8304396521188506e-06,0
226,278,0.99999715321667915,-2.8467873729343908e-06,2.8467873729343908e-06,0.99999715321667915,-2.8467873729343908e-06,2.8467873729343908e-06,0
227,511,0.9999997876307658,-2.1236925672290902e-07,2.1236925672290902e-07,0.9999997876307658,-2.1236925672290902e-07,2.1236925672290902e-07,0
228,11,0.99999219997504429,-7.8000553760832743e-06,7.8000553760832743e-06,0.99999219997504429,-7.8000553760832743e-06,7.8000553760832743e-06,0
229,5960,0.99999899843403683,-1.0015664646843397e-06,1.0015664646843397e-06,0.99999899843403683,-1.0015664646843397e-06,1.0015664646843397e-06,0
230,96446,0.99986418809037503,-0.00013582113289747547,0.00013582113289747547,0.99986418809037503,-0.00013582113289747547,0.00013582113289747547,0
231,11,0.99999326382838427,-6.7361943037793272e-06,6.7361943037793272e-06,0.99999326382838427,-6.7361943037793272e-06,6.7361943037793272e-06,0
232,5960,0.99999888545181304,-1.1145488080833367e-06,1.1145488080833367e-06,0.99999888545181304,-1.1145488080833367e-06,1.1145488080833367e-06,0
233,46991,0.99999591267506116,-4.0873332919844721e-06,4.0873332919844721e-06,0.99999591267506116,-4.0873332919844721e-06,4.0873332919844721e-06,0
234,11,0.99999758915522108,-2.4108476850656907e-06,2.4108476850656907e-06,0.99999758915522108,-2.4108476850656907e-06,2.4108476850656907e-06,0
235,5960,0.99999812738386384,-1.8726178895564399e-06,1.8726178895564399e-06,0.99999812738386384,-1.8726178895564399e-06,1.8726178895564399e-06,0
236,52836,0.99998412496038869,-1.5875165621052828e-05,1.5875165621052828e-05,0.99998412496038869,-1.5875165621052828e-05,1.5875165621052828e-05,0
237,11,0.99999749097414203,-2.5090290055369936e-06,2.5090290055369936e-06,0.99999749097414203,-2.5090290055369936e-06,2.5090290055369936e-06,0
238,16376,0.99998123228338631,-1.8767892729485071e-05,1.8767892729485071e-05,0.99998123228338631,-1.8767892729485071e-05,1.8767892729485071e-05,0
239,33238,0.99998615616971698,-1.3843926109683137e-05,1.3843926109683137e-05,0.99998615616971698,-1.3843926109683137e-05,1.3843926109683137e-05,0
240,11,0.99999718146028627,-2.8185436858365583e-06,2.8185436858365583e-06,0.99999718146028627,-2.8185436858365583e-06,2.8185436858365583e-06,0
241,16376,0.99996307087110792,-3.6929810789178856e-05,3.6929810789178856e-05,0.99996307087110792,-3.6929810789178856e-05,3.6929810789178856e-05,0
242,21510,0.99999888405286586,-1.1159477568121051e-06,1.1159477568121051e-06,0.99999888405286586,-1.1159477568121051e-06,1.1159477568121051e-06,0
243,11,0.99999350893915528,-6.4910819117827674e-06,6.4910819117827674e-06,0.99999350893915528,-6.4910819117827674e-06,6.4910819117827674e-06,0
244,16376,0.99962949564483228,-0.00037057300886447888,0.00037057300886447888,0.99962949564483228,-0.00037057300886447888,0.00037057300886447888,0
245,55965,0.99995355328678093,-4.6447791901057042e-05,4.6447791901057042e-05,0.99995355328678093,-4.6447791901057042e-05,4.6447791901057042e-05,0
246,11,0.9998663921049471,-0.0001336168213827589,0.0001336168213827589,0.9998663921049471,-0.0001336168213827589,0.0001336168213827589,0
247,323,0.99999422423425088,-5.7757824289013549e-06,5.7757824289013549e-06,0.99999422423425088,-5.7757824289013549e-06,5.7757824289013549e-06,0
248,350,0.99999591422814327,-4.0857802035673624e-06,4.0857802035673624e-06,0.99999591422814327,-4.0857802035673624e-06,4.0857802035673624e-06,0
249,36071,0.99999803671623178,-1.9632856954505294e-06,1.9632856954505294e-06,0.99999803671623178,-1.9632856954505294e-06,1.9632856954505294e-06,0
250,382,0.99980280975380997,-0.00019720969074282402,0.00019720969074282402,0.99980280975380997,-0.00019720969074282402,0.00019720969074282402,0
251,791,0.98914935471418186,-0.010909942872215993,0.010909942872215993,0.98914935471418186,-0.010909942872215993,0.010909942872215993,0
252,15422,0.49099963854009571,-0.71131188735877193,0.71131188735877193,0.49099963854009571,-0.71131188735877193,0.71131188735877193,0
253,315,0.99999986733367174,-1.3266633710873723e-07,1.3266633710873723e-07,0.99999986733367174,-1.3266633710873723e-07,1.3266633710873723e-07,0
254,350,0.9999921361638785,-7.8638670416404064e-06,7.8638670416404064e-06,0.9999921361638785,-7.8638670416404064e-06,7.8638670416404064e-06,0
255,36071,0.99999657369588502,-3.4263099847865382e-06,3.4263099847865382e-06,0.99999657369588502,-3.4263099847865382e-06,3.4263099847865382e-06,0
256,3131,0.99720318796839724,-0.0028007304180717577,0.0028007304180717577,0.99720318796839724,-0.0028007304180717577,0.0028007304180717577,0
257,21989,0.9999895312661774,-1.046878862019554e-05,1.046878862019554e-05,0.9999895312661774,-1.046878862019554e-05,1.046878862019554e-05,0
258,304,0.99922841372885496,-0.0007718840970406956,0.0007718840970406956,0.99922841372885496,-0.0007718840970406956,0.0007718840970406956,0
259,279,0.99999918586608194,-8.1413424945472456e-07,8.1413424945472456e-07,0.99999918586608194,-8.1413424945472456e-07,8.1413424945472456e-07,0
260,53851,0.99996063462190976,-3.9366152927113148e-05,3.9366152927113148e-05,0.99996063462190976,-3.9366152927113148e-05,3.9366152927113148e-05,0
261,315,0.99999984650106022,-1.5349895153687942e-07,1.5349895153687942e-07,0.99999984650106022,-1.5349895153687942e-07,1.5349895153687942e-07,0
262,57664,0.99999956364546227,-4.3635463292561085e-07,4.3635463292561085e-07,0.99999956364546227,-4.3635463292561085e-07,4.3635463292561085e-07,0
263,1603,0.99082211683419086,-0.0092202594176528721,0.0092202594176528721,0.99082211683419086,-0.0092202594176528721,0.0092202594176528721,0
264,433,0.99999866592498521,-1.3340759047105333e-06,1.3340759047105333e-06,0.99999866592498521,-1.3340759047105333e-06,1.3340759047105333e-06,0
265,27851,0.99629430037274669,-0.0037125827418820838,0.0037125827418820838,0.99629430037274669,-0.0037125827418820838,0.0037125827418820838,0
266,6244,0.99999404605312581,-5.9539645989539706e-06,5.9539645989539706e-06,0.99999404605312581,-5.9539645989539706e-06,5.9539645989539706e-06,0
267,264,0.9999976335013735,-2.3665014266361357e-06,2.3665014266361357e-06,0.9999976335013735,-2.3665014266361357e-06,2.3665014266361357e-06,0
268,17271,0.99999400839769992,-5.9916202497947986e-06,5.9916202497947986e-06,0.99999400839769992,-5.9916202497947986e-06,5.9916202497947986e-06,0
269,315,0.99999863803604527,-1.3619648822129131e-06,1.3619648822129131e-06,0.99999863803604527,-1.3619648822129131e-06,1.3619648822129131e-06,0
270,279,0.99999863995213956,-1.3600487853194489e-06,1.3600487853194489e-06,0.99999863995213956,-1.3600487853194489e-06,1.3600487853194489e-06,0
271,36142,0.99999365141753838,-6.3486026139631499e-06,6.3486026139631499e-06,0.99999365141753838,-6.3486026139631499e-06,6.3486026139631499e-06,0
272,31779,0.99991823524910528,-8.1768093814198537e-05,8.1768093814198537e-05,0.99991823524910528,-8.1768093814198537e-05,8.1768093814198537e-05,0
273,391,0.99999126742579492,-8.7326123342686112e-06,8.7326123342686112e-06,0.99999126742579492,-8.7326123342686112e-06,8.7326123342686112e-06,0
274,1494,0.99999992596172038,-7.4038282317530598e-08,7.4038282317530598e-08,0.99999992596172038,-7.4038282317530598e-08,7.4038282317530598e-08,0
275,275,0.99999958649242471,-4.1350766077205712e-07,4.1350766077205712e-07,0.99999958649242471,-4.1350766077205712e-07,4.1350766077205712e-07,0
276,21080,0.99999670420271436,-3.2958027167879769e-06,3.2958027167879769e-06,0.99999670420271436,-3.2958027167879769e-06,3.2958027167879769e-06,0
277,13,0.9996480112761793,-0.00035205068639205438,0.00035205068639205438,0.9996480112761793,-0.00035205068639205438,0.00035205068639205438,0
278,12220,0.99878366679795427,-0.0012170735356640051,0.0012170735356640051,0.99878366679795427,-0.0012170735356640051,0.0012170735356640051,0
279,279,0.99999846435035422,-1.5356508248909646e-06,1.5356508248909646e-06,0.99999846435035422,-1.5356508248909646e-06,1.5356508248909646e-06,0
280,3320,0.99993193480229992,-6.8067514240775759e-05,6.8067514240775759e-05,0.99993193480229992,-6.8067514240775759e-05,6.8067514240775759e-05,0
281,96323,0.99986510876485823,-0.00013490033378270709,0.00013490033378270709,0.99986510876485823,-0.00013490033378270709,0.00013490033378270709,0
282,30215,0.99995714476009978,-4.2856158212228296e-05,4.2856158212228296e-05,0.99995714476009978,-4.2856158212228296e-05,4.2856158212228296e-05,0
283,315,0.99998555821115032,-1.4441893133317049e-05,1.4441893133317049e-05,0.99998555821115032,-1.4441893133317049e-05,1.4441893133317049e-05,0
284,279,0.99999942405065245,-5.7594951342336422e-07,5.7594951342336422e-07,0.99999942405065245,-5.7594951342336422e-07,5.7594951342336422e-07,0
285,26363,0.99999773806957659,-2.2619329815878383e-06,2.2619329815878383e-06,0.99999773806957659,-2.2619329815878383e-06,2.2619329815878383e-06,0
286,11,0.99999084971296204,-9.1503289020436827e-06,9.1503289020436827e-06,0.99999084971296204,-9.1503289020436827e-06,9.1503289020436827e-06,0
287,76086,0.99997967663186771,-2.0323574654755854e-05,2.0323574654755854e-05,0.99997967663186771,-2.0323574654755854e-05,2.0323574654755854e-05,0
288,426,0.99999359749427907,-6.4025262170319702e-06,6.4025262170319702e-06,0.99999359749427907,-6.4025262170319702e-06,6.4025262170319702e-06,0
289,23427,0.99999986547415276,-1.3452585628764014e-07,1.3452585628764014e-07,0.99999986547415276,-1.3452585628764014e-07,1.3452585628764014e-07,0
290,19870,0.99999940585992686,-5.941402496897501e-07,5.941402496897501e-07,0.99999940585992686,-5.941402496897501e-07,5.941402496897501e-07,0
291,315,0.99999599475852352,-4.0052494975131661e-06,4.0052494975131661e-06,0.99999599475852352,-4.0052494975131661e-06,4.0052494975131661e-06,0
292,3320,0.99999344744849961,-6.5525729684509095e-06,6.5525729684509095e-06,0.99999344744849961,-6.5525729684509095e-06,6.5525729684509095e-06,0
293,96323,0.99999908951758976,-9.1048282475741565e-07,9.1048282475741565e-07,0.99999908951758976,-9.1048282475741565e-07,9.1048282475741565e-07,0
294,17439,0.99998549608590537,-1.4504019277449253e-05,1.4504019277449253e-05,0.99998549608590537,-1.4504019277449253e-05,1.4504019277449253e-05,0
295,24082,0.99988650790657307,-0.00011349853414192343,0.00011349853414192343,0.99988650790657307,-0.00011349853414192343,0.00011349853414192343,0
296,664,0.99999840083839642,-1.5991628822087154e-06,1.5991628822087154e-06,0.99999840083839642,-1.5991628822087154e-06,1.5991628822087154e-06,0
297,647,0.99999998146636326,-1.8533636897747664e-08,1.8533636897747664e-08,0.99999998146636326,-1.8533636897747664e-08,1.8533636897747664e-08,0
298,320,0.97274077770574807,-0.027637647804154983,0.027637647804154983,0.97274077770574807,-0.027637647804154983,0.027637647804154983,0
299,64,0.99980241242900902,-0.00019760709398678562,0.00019760709398678562,0.99980241242900902,-0.00019760709398678562,0.00019760709398678562,0
300,14458,0.99999923034618199,-7.6965411424250882e-07,7.6965411424250882e-07,0.99999923034618199,-7.6965411424250882e-07,7.6965411424250882e-07,0
301,304,0.99999987717365735,-1.228263502081369e-07,1.228263502081369e-07,0.99999987717365735,-1.228263502081369e-07,1.228263502081369e-07,0
302,6617,0.99999488430521433,-5.1157078709277992e-06,5.1157078709277992e-06,0.99999488430521433,-5.1157078709277992e-06,5.1157078709277992e-06,0
303,11477,0.99974546057252833,-0.00025457182813001333,0.00025457182813001333,0.99974546057252833,-0.00025457182813001333,0.00025457182813001333,0
304,57664,0.99999704483589102,-2.95516847547499e-06,2.95516847547499e-06,0.99999704483589102,-2.95516847547499e-06,2.95516847547499e-06,0
305,8,0.99998913828699321,-1.0861771995606132e-05,1.0861771995606132e-05,0.99998913828699321,-1.0861771995606132e-05,1.0861771995606132e-05,0
306,323,0.99999526505010583,-4.7349611040672975e-06,4.7349611040672975e-06,0.99999526505010583,-4.7349611040672975e-06,4.7349611040672975e-06,0
307,28379,0.99995563582623481,-4.4365157884232787e-05,4.4365157884232787e-05,0.99995563582623481,-4.4365157884232787e-05,4.4365157884232787e-05,0
308,433,0.99999922693024434,-7.7307005446948724e-07,7.7307005446948724e-07,0.99999922693024434,-7.7307005446948724e-07,7.7307005446948724e-07,0
309,3297,0.99999361378527962,-6.3862351123774263e-06,6.3862351123774263e-06,0.99999361378527962,-6.3862351123774263e-06,6.3862351123774263e-06,0
310,8551,0.9854188633646791,-0.014688486205203029,0.014688486205203029,0.9854188633646791,-0.014688486205203029,0.014688486205203029,0
311,6496,0.9998643691629393,-0.00013564003575439128,0.00013564003575439128,0.9998643691629393,-0.00013564003575439128,0.00013564003575439128,0
312,11,0.99982877887693489,-0.00017123578307507147,0.00017123578307507147,0.99982877887693489,-0.00017123578307507147,0.00017123578307507147,0
313,264,0.99991465406314795,-8.5349579023740005e-05,8.5349579023740005e-05,0.99991465406314795,-8.5349579023740005e-05,8.5349579023740005e-05,0
314,12633,0.99994421126748712,-5.5790288762106314e-05,5.5790288762106314e-05,0.99994421126748712,-5.5790288762106314e-05,5.5790288762106314e-05,0
315,32051,0.99999966309516108,-3.3690489562801831e-07,3.3690489562801831e-07,0.99999966309516108,-3.3690489562801831e-07,3.3690489562801831e-07,0
316,4751,0.99999810340535089,-1.8965964476913825e-06,1.8965964476913825e-06,0.99999810340535089,-1.8965964476913825e-06,1.8965964476913825e-06,0
317,22797,0.99998747771168905,-1.2522366715460488e-05,1.2522366715460488e-05,0.99998747771168905,-1.2522366715460488e-05,1.2522366715460488e-05,0
318,311,0.99999962153189981,-3.7846817179250177e-07,3.7846817179250177e-07,0.99999962153189981,-3.7846817179250177e-07,3.7846817179250177e-07,0
319,279,0.9999996098574605,-3.9014261560292137e-07,3.9014261560292137e-07,0.9999996098574605,-3.9014261560292137e-07,3.9014261560292137e-07,0
320,9546,0.99999930499475032,-6.9500549122624274e-07,6.9500549122624274e-07,0.99999930499475032,-6.9500549122624274e-07,6.9500549122624274e-07,0
321,315,0.99999974668583946,-2.5331419262338104e-07,2.5331419262338104e-07,0.99999974668583946,-2.5331419262338104e-07,2.5331419262338104e-07,0
322,279,0.9999992684609631,-7.315393044548179e-07,7.315393044548179e-07,0.9999992684609631,-7.315393044548179e-07,7.315393044548179e-07,0
323,452,0.99997684511880847,-2.3155149269889307e-05,2.3155149269889307e-05,0.99997684511880847,-2.3155149269889307e-05,2.3155149269889307e-05,0
324,10746,0.99999630663001604,-3.6933768044119238e-06,3.6933768044119238e-06,0.99999630663001604,-3.6933768044119238e-06,3.6933768044119238e-06,0
325,14362,0.999996330514064,-3.6694926686300594e-06,3.6694926686300594e-06,0.999996330514064,-3.6694926686300594e-06,3.6694926686300594e-06,0
326,392,0.99999942107293471,-5.7892723288465558e-07,5.7892723288465558e-07,0.99999942107293471,-5.7892723288465558e-07,5.7892723288465558e-07,0
327,382,0.86293202254698831,-0.14741935977634829,0.14741935977634829,0.86293202254698831,-0.14741935977634829,0.14741935977634829,0
328,644,0.62058711043222992,-0.47708929670944128,0.47708929670944128,0.62058711043222992,-0.47708929670944128,0.47708929670944128,0
329,220,0.99887868786685086,-0.0011219412739519048,0.0011219412739519048,0.99887868786685086,-0.0011219412739519048,0.0011219412739519048,0
330,10895,0.99999065738765192,-9.3426559905171163e-06,9.3426559905171163e-06,0.99999065738765192,-9.3426559905171163e-06,9.3426559905171163e-06,0
331,16,0.99999913025589837,-8.6974447990622964e-07,8.6974447990622964e-07,0.99999913025589837,-8.6974447990622964e-07,8.6974447990622964e-07,0
332,11,0.99963416217733969,-0.00036590475764195402,0.00036590475764195402,0.99963416217733969,-0.00036590475764195402,0.00036590475764195402,0
333,15506,0.99936187145619948,-0.00063833223447822462,0.00063833223447822462,0.99936187145619948,-0.00063833223447822462,0.00063833223447822462,0
334,1221,0.65584982143202897,-0.42182344699054908,0.42182344699054908,0.65584982143202897,-0.42182344699054908,0.42182344699054908,0
335,56409,0.99998708905045353,-1.2911032893499303e-05,1.2911032893499303e-05,0.99998708905045353,-1.2911032893499303e-05,1.2911032893499303e-05,0
336,67987,0.99997506756918875,-2.4932741629494332e-05,2.4932741629494332e-05,0.99997506756918875,-2.4932741629494332e-05,2.4932741629494332e-05,0
337,11721,0.99998913452360216,-1.0865535427587968e-05,1.0865535427587968e-05,0.99998913452360216,-1.0865535427587968e-05,1.0865535427587968e-05,0
338,505,0.9999381832446117,-6.1818666122707622e-05,6.1818666122707622e-05,0.9999381832446117,-6.1818666122707622e-05,6.1818666122707622e-05,0
339,12550,0.99999580972559199,-4.1902831872726849e-06,4.1902831872726849e-06,0.99999580972559199,-4.1902831872726849e-06,4.1902831872726849e-06,0
340,11,0.62536716480100873,-0.46941633805335936,0.46941633805335936,0.62536716480100873,-0.46941633805335936,0.46941633805335936,0
341,505,0.98538581602821007,-0.014722023101900693,0.014722023101900693,0.98538581602821007,-0.014722023101900693,0.014722023101900693,0
342,4028,0.99999754445360856,-2.4555494063127655e-06,2.4555494063127655e-06,0.99999754445360856,-2.4555494063127655e-06,2.4555494063127655e-06,0
343,279,0.99999975189834833,-2.4810168239668445e-07,2.4810168239668445e-07,0.99999975189834833,-2.4810168239668445e-07,2.4810168239668445e-07,0
344,16867,0.99999884665299688,-1.1533476681769447e-06,1.1533476681769447e-06,0.99999884665299688,-1.1533476681769447e-06,1.1533476681769447e-06,0
345,11,0.99997975520156057,-2.0245003368110471e-05,2.0245003368110471e-05,0.99997975520156057,-2.0245003368110471e-05,2.0245003368110471e-05,0
346,323,0.99999801884825013,-1.9811537123598238e-06,1.9811537123598238e-06,0.99999801884825013,-1.9811537123598238e-06,1.9811537123598238e-06,0
347,18538,0.99997669042961013,-2.3309842062093336e-05,2.3309842062093336e-05,0.99997669042961013,-2.3309842062093336e-05,2.3309842062093336e-05,0
348,3118,0.99983426231610828,-0.00016575141989935271,0.00016575141989935271,0.99983426231610828,-0.00016575141989935271,0.00016575141989935271,0
349,11477,0.99999906138636019,-9.3861408027515054e-07,9.3861408027515054e-07,0.99999906138636019,-9.3861408027515054e-07,9.3861408027515054e-07,0
350,57664,0.99999945633292575,-5.4366722200300642e-07,5.4366722200300642e-07,0.99999945633292575,-5.4366722200300642e-07,5.4366722200300642e-07,0
351,304,0.99997176184928604,-2.8238549418054495e-05,2.8238549418054495e-05,0.99997176184928604,-2.8238549418054495e-05,2.8238549418054495e-05,0
352,1148,0.99999896023402557,-1.0397665150087972e-06,1.0397665150087972e-06,0.99999896023402557,-1.0397665150087972e-06,1.0397665150087972e-06,0
353,3432,0.99944752830855976,-0.00055262436015785714,0.00055262436015785714,0.99944752830855976,-0.00055262436015785714,0.00055262436015785714,0
354,374,0.99999971000246657,-2.8999757542597845e-07,2.8999757542597845e-07,0.99999971000246657,-2.8999757542597845e-07,2.8999757542597845e-07,0
355,61894,0.99997264337643332,-2.7356997765938617e-05,2.7356997765938617e-05,0.99997264337643332,-2.7356997765938617e-05,2.7356997765938617e-05,0
356,309,0.99999999285575591,-7.1442440596908595e-09,7.1442440596908595e-09,0.99999999285575591,-7.1442440596908595e-09,7.1442440596908595e-09,0
357,44486,0.99998400245132746,-1.5997676634644469e-05,1.5997676634644469e-05,0.99998400245132746,-1.5997676634644469e-05,1.5997676634644469e-05,0
358,13,0.99989908084827328,-0.00010092424440699957,0.00010092424440699957,0.99989908084827328,-0.00010092424440699957,0.00010092424440699957,0
359,15506,0.99913353757755952,-0.0008668380179804962,0.0008668380179804962,0.99913353757755952,-0.0008668380179804962,0.0008668380179804962,0
360,86316,0.99998622019291217,-1.3779902030209217e-05,1.3779902030209217e-05,0.99998622019291217,-1.3779902030209217e-05,1.3779902030209217e-05,0
361,5246,0.99999447006891351,-5.5299463766242115e-06,5.5299463766242115e-06,0.99999447006891351,-5.5299463766242115e-06,5.5299463766242115e-06,0
362,9052,0.99998067029584847,-1.9329890972651733e-05,1.9329890972651733e-05,0.99998067029584847,-1.9329890972651733e-05,1.9329890972651733e-05,0
363,1534,0.99999965608172336,-3.4391833573399234e-07,3.4391833573399234e-07,0.99999965608172336,-3.4391833573399234e-07,3.4391833573399234e-07,0
364,279,0.99999801413405354,-1.985867918249534e-06,1.985867918249534e-06,0.99999801413405354,-1.985867918249534e-06,1.985867918249534e-06,0
365,3363,0.99999486958377648,-5.1304293841231017e-06,5.1304293841231017e-06,0.99999486958377648,-5.1304293841231017e-06,5.1304293841231017e-06,0
366,323,0.99592065118281192,-0.0040876920582982876,0.0040876920582982876,0.99592065118281192,-0.0040876920582982876,0.0040876920582982876,0
367,32762,0.99999071983091559,-9.2802121454430863e-06,9.2802121454430863e-06,0.99999071983091559,-9.2802121454430863e-06,9.2802121454430863e-06,0
368,350,0.99999409771480086,-5.9023026176549656e-06,5.9023026176549656e-06,0.99999409771480086,-5.9023026176549656e-06,5.9023026176549656e-06,0
369,36071,0.99999831017086094,-1.6898305667912696e-06,1.6898305667912696e-06,0.99999831017086094,-1.6898305667912696e-06,1.6898305667912696e-06,0
370,1234,0.99999895624306501,-1.0437574797398605e-06,1.0437574797398605e-06,0.99999895624306501,-1.0437574797398605e-06,1.0437574797398605e-06,0
371,57664,0.99999914060170636,-8.5939866287723168e-07,8.5939866287723168e-07,0.99999914060170636,-8.5939866287723168e-07,8.5939866287723168e-07,0
372,323,0.99397170842724325,-0.0060465350774610181,0.0060465350774610181,0.99397170842724325,-0.0060465350774610181,0.0060465350774610181,0
373,1243,0.99998630062495053,-1.3699468886747961e-05,1.3699468886747961e-05,0.99998630062495053,-1.3699468886747961e-05,1.3699468886747961e-05,0
374,5918,0.99998909675813419,-1.0903301306621325e-05,1.0903301306621325e-05,0.99998909675813419,-1.0903301306621325e-05,1.0903301306621325e-05,0
375,1063,0.99999723433454057,-2.7656692838401789e-06,2.7656692838401789e-06,0.99999723433454057,-2.7656692838401789e-06,2.7656692838401789e-06,0
376,315,0.99999940749037597,-5.9250979954967781e-07,5.9250979954967781e-07,0.99999940749037597,-5.9250979954967781e-07,5.9250979954967781e-07,0
377,279,0.99999953445220324,-4.6554790510553999e-07,4.6554790510553999e-07,0.99999953445220324,-4.6554790510553999e-07,4.6554790510553999e-07,0
378,24417,0.99999961874781362,-3.8125225902817712e-07,3.8125225902817712e-07,0.99999961874781362,-3.8125225902817712e-07,3.8125225902817712e-07,0
379,31012,0.99998502061060723,-1.4979501584982435e-05,1.4979501584982435e-05,0.99998502061060723,-1.4979501584982435e-05,1.4979501584982435e-05,0
380,304,0.99999933643367167,-6.635665484835443e-07,6.635665484835443e-07,0.99999933643367167,-6.635665484835443e-07,6.635665484835443e-07,0
381,279,0.9999989143173168,-1.085683272569017e-06,1.085683272569017e-06,0.9999989143173168,-1.085683272569017e-06,1.085683272569017e-06,0
382,3224,0.99999503019784763,-4.9698145018379225e-06,4.9698145018379225e-06,0.99999503019784763,-4.9698145018379225e-06,4.9698145018379225e-06,0
383,11,0.9998136304445997,-0.00018638692436397772,0.00018638692436397772,0.9998136304445997,-0.00018638692436397772,0.00018638692436397772,0
384,2737,0.99999307920078795,-6.9208231608962219e-06,6.9208231608962219e-06,0.99999307920078795,-6.9208231608962219e-06,6.9208231608962219e-06,0
385,5960,0.9999632532004803,-3.6747474699907027e-05,3.6747474699907027e-05,0.9999632532004803,-3.6747474699907027e-05,3.6747474699907027e-05,0
386,4701,0.99998413974221789,-1.5860383557338804e-05,1.5860383557338804e-05,0.99998413974221789,-1.5860383557338804e-05,1.5860383557338804e-05,0
387,45335,0.99999820927355854,-1.790728044766792e-06,1.790728044766792e-06,0.99999820927355854,-1.790728044766792e-06,1.790728044766792e-06,0
388,9441,0.99998751980421008,-1.2480273668166739e-05,1.2480273668166739e-05,0.99998751980421008,-1.2480273668166739e-05,1.2480273668166739e-05,0
389,382,0.90324226443803812,-0.1017644731338353,0.1017644731338353,0.90324226443803812,-0.1017644731338353,0.1017644731338353,0
390,1692,0.99758981044650807,-0.0024130987357276804,0.0024130987357276804,0.99758981044650807,-0.0024130987357276804,0.0024130987357276804,0
391,10746,0.99993734678737944,-6.2655175415068663e-05,6.2655175415068663e-05,0.99993734678737944,-6.2655175415068663e-05,6.2655175415068663e-05,0
392,6244,0.99934540381778347,-0.00065481052384068331,0.00065481052384068331,0.99934540381778347,-0.00065481052384068331,0.00065481052384068331,0
393,279,0.9999629987098424,-3.7001974722220655e-05,3.7001974722220655e-05,0.9999629987098424,-3.7001974722220655e-05,3.7001974722220655e-05,0
394,4219,0.99999694628579405,-3.0537188685503075e-06,3.0537188685503075e-06,0.99999694628579405,-3.0537188685503075e-06,3.0537188685503075e-06,0
395,315,0.99999949174171865,-5.0825841053649625e-07,5.0825841053649625e-07,0.99999949174171865,-5.0825841053649625e-07,5.0825841053649625e-07,0
396,15506,0.99999776012474939,-2.2398777591789897e-06,2.2398777591789897e-06,0.99999776012474939,-2.2398777591789897e-06,2.2398777591789897e-06,0
397,5820,0.99999382238272772,-6.1776363537895033e-06,6.1776363537895033e-06,0.99999382238272772,-6.1776363537895033e-06,6.1776363537895033e-06,0
398,304,0.99999961418071204,-3.8581936241504896e-07,3.8581936241504896e-07,0.99999961418071204,-3.8581936241504896e-07,3.8581936241504896e-07,0
399,279,0.99999948621851464,-5.1378161738142812e-07,5.1378161738142812e-07,0.99999948621851464,-5.1378161738142812e-07,5.1378161738142812e-07,0
400,13759,0.99999610728632471,-3.892721251964708e-06,3.892721251964708e-06,0.99999610728632471,-3.892721251964708e-06,3.892721251964708e-06,0
401,6460,0.99999604996555758,-3.9500422438489078e-06,3.9500422438489078e-06,0.99999604996555758,-3.9500422438489078e-06,3.9500422438489078e-06,0
402,323,0.99992451056478548,-7.5492284685376945e-05,7.5492284685376945e-05,0.99992451056478548,-7.5492284685376945e-05,7.5492284685376945e-05,0
403,832,0.99999473137878581,-5.2686350933738608e-06,5.2686350933738608e-06,0.99999473137878581,-5.2686350933738608e-06,5.2686350933738608e-06,0
404,842,0.99999658225649413,-3.4177493463510964e-06,3.4177493463510964e-06,0.99999658225649413,-3.4177493463510964e-06,3.4177493463510964e-06,0
405,315,0.99999946307035292,-5.3692979125506022e-07,5.3692979125506022e-07,0.99999946307035292,-5.3692979125506022e-07,5.3692979125506022e-07,0
406,279,0.99999954226409493,-4.5773600980630966e-07,4.5773600980630966e-07,0.99999954226409493,-4.5773600980630966e-07,4.5773600980630966e-07,0
407,57664,0.99999919877056365,-8.0122975729982838e-07,8.0122975729982838e-07,0.99999919877056365,-8.0122975729982838e-07,8.0122975729982838e-07,0
408,6830,0.99863253113064465,-0.0013684047081606338,0.0013684047081606338,0.99863253113064465,-0.0013684047081606338,0.0013684047081606338,0
409,11600,0.99991415280436435,-8.5850880717081281e-05,8.5850880717081281e-05,0.99991415280436435,-8.5850880717081281e-05,8.5850880717081281e-05,0
410,360,0.99999977941723883,-2.2058278546725974e-07,2.2058278546725974e-07,0.99999977941723883,-2.2058278546725974e-07,2.2058278546725974e-07,0
411,1030,0.99999942395958585,-5.7604058008063902e-07,5.7604058008063902e-07,0.99999942395958585,-5.7604058008063902e-07,5.7604058008063902e-07,0
412,480,0.9999677804949848,-3.2220024074561199e-05,3.2220024074561199e-05,0.9999677804949848,-3.2220024074561199e-05,3.2220024074561199e-05,0
413,5164,0.99999908403129723,-9.1596912227057822e-07,9.1596912227057822e-07,0.99999908403129723,-9.1596912227057822e-07,9.1596912227057822e-07,0
414,263,0.99999969737157512,-3.0262847067667235e-07,3.0262847067667235e-07,0.99999969737157512,-3.0262847067667235e-07,3.0262847067667235e-07,0
415,6696,0.99999737061849625,-2.6293849606054268e-06,2.6293849606054268e-06,0.99999737061849625,-2.6293849606054268e-06,2.6293849606054268e-06,0
416,6149,0.99999920609553128,-7.939047838521987e-07,7.939047838521987e-07,0.99999920609553128,-7.939047838521987e-07,7.939047838521987e-07,0
417,11,0.99999579141668793,-4.208592168210504e-06,4.208592168210504e-06,0.99999579141668793,-4.208592168210504e-06,4.208592168210504e-06,0
418,31799,0.99997657731977252,-2.342295454274333e-05,2.342295454274333e-05,0.99997657731977252,-2.342295454274333e-05,2.342295454274333e-05,0
419,15506,0.99998891016927438,-1.1089892218269774e-05,1.1089892218269774e-05,0.99998891016927438,-1.1089892218269774e-05,1.1089892218269774e-05,0
420,5270,0.99999655424775435,-3.4457581822940651e-06,3.4457581822940651e-06,0.99999655424775435,-3.4457581822940651e-06,3.4457581822940651e-06,0
421,449,0.9999987740579771,-1.2259427743384775e-06,1.2259427743384775e-06,0.9999987740579771,-1.2259427743384775e-06,1.2259427743384775e-06,0
422,13936,0.99998527494628042,-1.4725162134287955e-05,1.4725162134287955e-05,0.99998527494628042,-1.4725162134287955e-05,1.4725162134287955e-05,0
423,11,0.99897120890971436,-0.0010293206590809381,0.0010293206590809381,0.99897120890971436,-0.0010293206590809381,0.0010293206590809381,0
424,832,0.99999617389502848,-3.8261122911178218e-06,3.8261122911178218e-06,0.99999617389502848,-3.8261122911178218e-06,3.8261122911178218e-06,0
425,315,0.99999864641464542,-1.3535862706826042e-06,1.3535862706826042e-06,0.99999864641464542,-1.3535862706826042e-06,1.3535862706826042e-06,0
426,279,0.99999987480943375,-1.2519057406473988e-07,1.2519057406473988e-07,0.99999987480943375,-1.2519057406473988e-07,1.2519057406473988e-07,0
427,30758,0.99999942476908421,-5.7523108119018007e-07,5.7523108119018007e-07,0.99999942476908421,-5.7523108119018007e-07,5.7523108119018007e-07,0
428,10507,0.9999905375067174,-9.4625380522406234e-06,9.4625380522406234e-06,0.9999905375067174,-9.4625380522406234e-06,9.4625380522406234e-06,0
429,315,0.9999995536877353,-4.4631236427800874e-07,4.4631236427800874e-07,0.9999995536877353,-4.4631236427800874e-07,4.4631236427800874e-07,0
430,81069,0.99996832964942806,-3.1670852088084417e-05,3.1670852088084417e-05,0.99996832964942806,-3.1670852088084417e-05,3.1670852088084417e-05,0
431,13,0.99968394857751508,-0.00031610137726154671,0.00031610137726154671,0.99968394857751508,-0.00031610137726154671,0.00031610137726154671,0
432,24586,0.99742231699893136,-0.0025810109460506496,0.0025810109460506496,0.99742231699893136,-0.0025810109460506496,0.0025810109460506496,0
433,311,0.99999987318182038,-1.2681818768115108e-07,1.2681818768115108e-07,0.99999987318182038,-1.2681818768115108e-07,1.2681818768115108e-07,0
434,279,0.94163528953266074,-0.060137245475129122,0.060137245475129122,0.94163528953266074,-0.060137245475129122,0.060137245475129122,0
435,8792,0.99998247083242187,-1.7529321215777949e-05,1.7529321215777949e-05,0.99998247083242187,-1.7529321215777949e-05,1.7529321215777949e-05,0
436,3813,0.99999436104954387,-5.638966355029706e-06,5.638966355029706e-06,0.99999436104954387,-5.638966355029706e-06,5.638966355029706e-06,0
437,304,0.99999239738781565,-7.6026410843032812e-06,7.6026410843032812e-06,0.99999239738781565,-7.6026410843032812e-06,7.6026410843032812e-06,0
438,279,0.99999659605191038,-3.4039538831157721e-06,3.4039538831157721e-06,0.99999659605191038,-3.4039538831157721e-06,3.4039538831157721e-06,0
439,16867,0.99999747727432797,-2.522728854075603e-06,2.522728854075603e-06,0.99999747727432797,-2.522728854075603e-06,2.522728854075603e-06,0
440,9581,0.99980826818325541,-0.00019175019963915229,0.00019175019963915229,0.99980826818325541,-0.00019175019963915229,0.00019175019963915229,0
441,6696,0.9999879252975995,-1.2074775300256719e-05,1.2074775300256719e-05,0.9999879252975995,-1.2074775300256719e-05,1.2074775300256719e-05,0
442,11543,0.99999857881462662,-1.4211863832166391e-06,1.4211863832166391e-06,0.99999857881462662,-1.4211863832166391e-06,1.4211863832166391e-06,0
443,11,0.99999915536102701,-8.4463932970689513e-07,8.4463932970689513e-07,0.99999915536102701,-8.4463932970689513e-07,8.4463932970689513e-07,0
444,57664,0.99999785164050503,-2.1483618026572313e-06,2.1483618026572313e-06,0.99999785164050503,-2.1483618026572313e-06,2.1483618026572313e-06,0
445,4036,0.99999372776733564,-6.2722523349427741e-06,6.2722523349427741e-06,0.99999372776733564,-6.2722523349427741e-06,6.2722523349427741e-06,0
446,279,0.99999913816848562,-8.6183188573801853e-07,8.6183188573801853e-07,0.99999913816848562,-8.6183188573801853e-07,8.6183188573801853e-07,0
447,1647,0.99998216930986761,-1.7830849101087944e-05,1.7830849101087944e-05,0.99998216930986761,-1.7830849101087944e-05,1.7830849101087944e-05,0
448,25840,0.99998710812331315,-1.2891959787785636e-05,1.2891959787785636e-05,0.99998710812331315,-1.2891959787785636e-05,1.2891959787785636e-05,0
449,315,0.99985263491891718,-0.00014737594038324525,0.00014737594038324525,0.99985263491891718,-0.00014737594038324525,0.00014737594038324525,0
450,279,0.99999243969406104,-7.5603345181685413e-06,7.5603345181685413e-06,0.99999243969406104,-7.5603345181685413e-06,7.5603345181685413e-06,0
451,330,0.99839394582715635,-0.0016073452604028992,0.0016073452604028992,0.99839394582715635,-0.0016073452604028992,0.0016073452604028992,0
452,92140,0.99966949905980651,-0.00033055556766588284,0.00033055556766588284,0.99966949905980651,-0.00033055556766588284,0.00033055556766588284,0
453,75,0.9999999001774893,-9.9822515711581071e-08,9.9822515711581071e-08,0.9999999001774893,-9.9822515711581071e-08,9.9822515711581071e-08,0
454,315,0.99999987243936872,-1.2756063946447454e-07,1.2756063946447454e-07,0.99999987243936872,-1.2756063946447454e-07,1.2756063946447454e-07,0
455,279,0.99999742900877142,-2.5709945336152996e-06,2.5709945336152996e-06,0.99999742900877142,-2.5709945336152996e-06,2.5709945336152996e-06,0
456,62574,0.99998334462381211,-1.6655514890241628e-05,1.6655514890241628e-05,0.99998334462381211,-1.6655514890241628e-05,1.6655514890241628e-05,0
457,2266,0.72924178603474099,-0.31574993387711553,0.31574993387711553,0.72924178603474099,-0.31574993387711553,0.31574993387711553,0
458,62897,0.95636908257458741,-0.044611370797753271,0.044611370797753271,0.95636908257458741,-0.044611370797753271,0.044611370797753271,0
459,6037,0.9999929521684856,-7.0478563504635262e-06,7.0478563504635262e-06,0.9999929521684856,-7.0478563504635262e-06,7.0478563504635262e-06,0
460,315,0.99999917730256338,-8.2269777499593875e-07,8.2269777499593875e-07,0.99999917730256338,-8.2269777499593875e-07,8.2269777499593875e-07,0
461,57664,0.99999953445160727,-4.6554850107298216e-07,4.6554850107298216e-07,0.99999953445160727,-4.6554850107298216e-07,4.6554850107298216e-07,0
462,323,0.99999614820209315,-3.8518053249935743e-06,3.8518053249935743e-06,0.99999614820209315,-3.8518053249935743e-06,3.8518053249935743e-06,0
463,279,0.99999975463060542,-2.4536942465131636e-07,2.4536942465131636e-07,0.99999975463060542,-2.4536942465131636e-07,2.4536942465131636e-07,0
464,4553,0.99999926088627389,-7.3911399930739335e-07,7.3911399930739335e-07,0.99999926088627389,-7.3911399930739335e-07,7.3911399930739335e-07,0
465,57281,0.99998587126739813,-1.4128832413320427e-05,1.4128832413320427e-05,0.99998587126739813,-1.4128832413320427e-05,1.4128832413320427e-05,0
466,5438,0.99999808572937043,-1.9142724617474786e-06,1.9142724617474786e-06,0.99999808572937043,-1.9142724617474786e-06,1.9142724617474786e-06,0
467,82179,0.99999994213074062,-5.7869261040689889e-08,5.7869261040689889e-08,0.99999994213074062,-5.7869261040689889e-08,5.7869261040689889e-08,0
468,6438,0.99999984699935662,-1.5300065509808205e-07,1.5300065509808205e-07,0.99999984699935662,-1.5300065509808205e-07,1.5300065509808205e-07,0
469,36513,0.99998693393856553,-1.306614679621935e-05,1.306614679621935e-05,0.99998693393856553,-1.306614679621935e-05,1.306614679621935e-05,0
470,369,0.99999940263676979,-5.9736340861887713e-07,5.9736340861887713e-07,0.99999940263676979,-5.9736340861887713e-07,5.9736340861887713e-07,0
471,927,0.99999993628204831,-6.3717953770524117e-08,6.3717953770524117e-08,0.99999993628204831,-6.3717953770524117e-08,6.3717953770524117e-08,0
472,2380,0.99999828421923453,-1.7157822373777117e-06,1.7157822373777117e-06,0.99999828421923453,-1.7157822373777117e-06,1.7157822373777117e-06,0
473,24552,0.99999871631998793,-1.2836808359396633e-06,1.2836808359396633e-06,0.99999871631998793,-1.2836808359396633e-06,1.2836808359396633e-06,0
474,11,0.9981995196244805,-0.001802103188498685,0.001802103188498685,0.9981995196244805,-0.001802103188498685,0.001802103188498685,0
475,3156,0.9999935564022685,-6.4436184915755266e-06,6.4436184915755266e-06,0.9999935564022685,-6.4436184915755266e-06,6.4436184915755266e-06,0
476,220,0.99999506792173631,-4.9320904264499545e-06,4.9320904264499545e-06,0.99999506792173631,-4.9320904264499545e-06,4.9320904264499545e-06,0
477,9378,0.99999996099549415,-3.9004506641009592e-08,3.9004506641009592e-08,0.99999996099549415,-3.9004506641009592e-08,3.9004506641009592e-08,0
478,23,0.99999968313320808,-3.1686684207808435e-07,3.1686684207808435e-07,0.99999968313320808,-3.1686684207808435e-07,3.1686684207808435e-07,0
479,13,0.99988253305298713,-0.00011747384679505291,0.00011747384679505291,0.99988253305298713,-0.00011747384679505291,0.00011747384679505291,0
480,2468,0.96461676461653212,-0.036024391634586241,0.036024391634586241,0.96461676461653212,-0.036024391634586241,0.036024391634586241,0
481,2204,0.99998924094476416,-1.0759113114891551e-05,1.0759113114891551e-05,0.99998924094476416,-1.0759113114891551e-05,1.0759113114891551e-05,0
482,3115,0.99999870755281206,-1.2924480231696729e-06,1.2924480231696729e-06,0.99999870755281206,-1.2924480231696729e-06,1.2924480231696729e-06,0
483,2391,0.99998029531707433,-1.9704877065488656e-05,1.9704877065488656e-05,0.99998029531707433,-1.9704877065488656e-05,1.9704877065488656e-05,0
484,279,0.99999627322134055,-3.7267856038678662e-06,3.7267856038678662e-06,0.99999627322134055,-3.7267856038678662e-06,3.7267856038678662e-06,0
485,1317,0.99999652433511499,-3.4756709251964857e-06,3.4756709251964857e-06,0.99999652433511499,-3.4756709251964857e-06,3.4756709251964857e-06,0
486,15506,0.99999300592069251,-6.9941037662233304e-06,6.9941037662233304e-06,0.99999300592069251,-6.9941037662233304e-06,6.9941037662233304e-06,0
487,4261,0.99999381417249866,-6.1858466336731e-06,6.1858466336731e-06,0.99999381417249866,-6.1858466336731e-06,6.1858466336731e-06,0
488,11,0.99944752386328362,-0.00055262880789123481,0.00055262880789123481,0.99944752386328362,-0.00055262880789123481,0.00055262880789123481,0
489,1070,0.99996329905246029,-3.6701621035929828e-05,3.6701621035929828e-05,0.99996329905246029,-3.6701621035929828e-05,3.6701621035929828e-05,0
490,1051,0.99999942911916806,-5.708809949493506e-07,5.708809949493506e-07,0.99999942911916806,-5.708809949493506e-07,5.708809949493506e-07,0
491,2254,0.99999661069485479,-3.3893108889641844e-06,3.3893108889641844e-06,0.99999661069485479,-3.3893108889641844e-06,3.3893108889641844e-06,0
492,5891,0.9999504029165347,-4.9598313441272972e-05,4.9598313441272972e-05,0.9999504029165347,-4.9598313441272972e-05,4.9598313441272972e-05,0
493,337,0.99999707291636852,-2.9270879153636484e-06,2.9270879153636484e-06,0.99999707291636852,-2.9270879153636484e-06,2.9270879153636484e-06,0
494,2641,0.99999987303299742,-1.2696701061622691e-07,1.2696701061622691e-07,0.99999987303299742,-1.2696701061622691e-07,1.2696701061622691e-07,0
495,11,0.99999945933493317,-5.4066521299052063e-07,5.4066521299052063e-07,0.99999945933493317,-5.4066521299052063e-07,5.4066521299052063e-07,0
496,8620,0.99998769048253067,-1.2309593232104626e-05,1.2309593232104626e-05,0.99998769048253067,-1.2309593232104626e-05,1.2309593232104626e-05,0
497,1672,0.99999133330029011,-8.6667372659765048e-06,8.6667372659765048e-06,0.99999133330029011,-8.6667372659765048e-06,8.6667372659765048e-06,0
498,852,0.99999563396276991,-4.3660467613080514e-06,4.3660467613080514e-06,0.99999563396276991,-4.3660467613080514e-06,4.3660467613080514e-06,0
499,5247,0.99999560087588002,-4.3991337961856325e-06,4.3991337961856325e-06,0.99999560087588002,-4.3991337961856325e-06,4.3991337961856325e-06,0
500,11,0.99999663402317296,-3.3659824919416374e-06,3.3659824919416374e-06,0.99999663402317296,-3.3659824919416374e-06,3.3659824919416374e-06,0
501,11191,0.99997379761753713,-2.6202725751243693e-05,2.6202725751243693e-05,0.99997379761753713,-2.6202725751243693e-05,2.6202725751243693e-05,0
502,55066,0.99999597557131559,-4.0244367824005964e-06,4.0244367824005964e-06,0.99999597557131559,-4.0244367824005964e-06,4.0244367824005964e-06,0
503,8951,0.99999779464777439,-2.2053546573725431e-06,2.2053546573725431e-06,0.99999779464777439,-2.2053546573725431e-06,2.2053546573725431e-06,0
504,11,0.99999801615930373,-1.9838426640859939e-06,1.9838426640859939e-06,0.99999801615930373,-1.9838426640859939e-06,1.9838426640859939e-06,0
505,2294,0.99999612895121492,-3.8710562776519466e-06,3.8710562776519466e-06,0.99999612895121492,-3.8710562776519466e-06,3.8710562776519466e-06,0
506,66579,0.99999551920788876,-4.4808021500361589e-06,4.4808021500361589e-06,0.99999551920788876,-4.4808021500361589e-06,4.4808021500361589e-06,0
507,11,0.99999693346902307,-3.0665356786887863e-06,3.0665356786887863e-06,0.99999693346902307,-3.0665356786887863e-06,3.0665356786887863e-06,0
508,24113,0.99999673016769131,-3.2698376546612215e-06,3.2698376546612215e-06,0.99999673016769131,-3.2698376546612215e-06,3.2698376546612215e-06,0
509,52581,0.99998685933134412,-1.3140754995202688e-05,1.3140754995202688e-05,0.99998685933134412,-1.3140754995202688e-05,1.3140754995202688e-05,0
510,323,0.5548884159492169,-0.58898823779318765,0.58898823779318765,0.5548884159492169,-0.58898823779318765,0.58898823779318765,0
511,30215,0.99998670704112524,-1.3293047226906676e-05,1.3293047226906676e-05,0.99998670704112524,-1.3293047226906676e-05,1.3293047226906676e-05,0
512,13865,0.99999710178905576,-2.8982151440202495e-06,2.8982151440202495e-06,0.99999710178905576,-2.8982151440202495e-06,2.8982151440202495e-06,0
513,11,0.99999563732272634,-4.3626867901271213e-06,4.3626867901271213e-06,0.99999563732272634,-4.3626867901271213e-06,4.3626867901271213e-06,0
514,323,0.99999992127749637,-7.8722506745581314e-08,7.8722506745581314e-08,0.99999992127749637,-7.8722506745581314e-08,7.8722506745581314e-08,0
515,264,0.99999884558775021,-1.1544129161699406e-06,1.1544129161699406e-06,0.99999884558775021,-1.1544129161699406e-06,1.1544129161699406e-06,0
516,8013,0.99999501420770687,-4.9858047222144634e-06,4.9858047222144634e-06,0.99999501420770687,-4.9858047222144634e-06,4.9858047222144634e-06,0
517,30747,0.99992383794836204,-7.6164952114289399e-05,7.6164952114289399e-05,0.99992383794836204,-7.6164952114289399e-05,7.6164952114289399e-05,0
518,315,0.99999952877006826,-4.7123004275791175e-07,4.7123004275791175e-07,0.99999952877006826,-4.7123004275791175e-07,4.7123004275791175e-07,0
519,279,0.99999949261657883,-5.073835499082938e-07,5.073835499082938e-07,0.99999949261657883,-5.073835499082938e-07,5.073835499082938e-07,0
520,3363,0.99999775835924931,-2.2416432631849617e-06,2.2416432631849617e-06,0.99999775835924931,-2.2416432631849617e-06,2.2416432631849617e-06,0
521,2391,0.99997574666295075,-2.4253631166241257e-05,2.4253631166241257e-05,0.99997574666295075,-2.4253631166241257e-05,2.4253631166241257e-05,0
522,872,0.99999543223186826,-4.567778564062718e-06,4.567778564062718e-06,0.99999543223186826,-4.567778564062718e-06,4.567778564062718e-06,0
523,46025,0.9999975716459143,-2.4283570341922313e-06,2.4283570341922313e-06,0.9999975716459143,-2.4283570341922313e-06,2.4283570341922313e-06,0
524,4879,0.99998257472638474,-1.7425425437091348e-05,1.7425425437091348e-05,0.99998257472638474,-1.7425425437091348e-05,1.7425425437091348e-05,0
525,311,0.99999896258846777,-1.0374120703723569e-06,1.0374120703723569e-06,0.99999896258846777,-1.0374120703723569e-06,1.0374120703723569e-06,0
526,51630,0.99994349830225093,-5.6503294030160819e-05,5.6503294030160819e-05,0.99994349830225093,-5.6503294030160819e-05,5.6503294030160819e-05,0
527,279,0.99999949258144583,-5.0741868289808152e-07,5.0741868289808152e-07,0.99999949258144583,-5.0741868289808152e-07,5.0741868289808152e-07,0
528,26363,0.99999785872318137,-2.1412791112049467e-06,2.1412791112049467e-06,0.99999785872318137,-2.1412791112049467e-06,2.1412791112049467e-06,0
529,382,0.84873938523042836,-0.16400310654333808,0.16400310654333808,0.84873938523042836,-0.16400310654333808,0.16400310654333808,0
530,4531,0.47112562861451462,-0.75263049311180175,0.75263049311180175,0.47112562861451462,-0.75263049311180175,0.75263049311180175,0
531,574,0.99997903411150535,-2.0966108281973915e-05,2.0966108281973915e-05,0.99997903411150535,-2.0966108281973915e-05,2.0966108281973915e-05,0
532,6118,0.999964503799321,-3.5496830684021562e-05,3.5496830684021562e-05,0.999964503799321,-3.5496830684021562e-05,3.5496830684021562e-05,0
533,6288,0.99998051371495933,-1.9486474900783188e-05,1.9486474900783188e-05,0.99998051371495933,-1.9486474900783188e-05,1.9486474900783188e-05,0
534,28101,0.99999242493284535,-7.5750958456407056e-06,7.5750958456407056e-06,0.99999242493284535,-7.5750958456407056e-06,7.5750958456407056e-06,0
535,11,0.97520148602196299,-0.025111177003722979,0.025111177003722979,0.97520148602196299,-0.025111177003722979,0.025111177003722979,0
536,323,0.99999458584317202,-5.4141714845420487e-06,5.4141714845420487e-06,0.99999458584317202,-5.4141714845420487e-06,5.4141714845420487e-06,0
537,279,0.99999791562145568,-2.0843807166330761e-06,2.0843807166330761e-06,0.99999791562145568,-2.0843807166330761e-06,2.0843807166330761e-06,0
538,3363,0.99998973648835843,-1.0263564311752546e-05,1.0263564311752546e-05,0.99998973648835843,-1.0263564311752546e-05,1.0263564311752546e-05,0
539,6052,0.99998826437899513,-1.1735689867779483e-05,1.1735689867779483e-05,0.99998826437899513,-1.1735689867779483e-05,1.1735689867779483e-05,0
540,311,0.99999911405276642,-8.8594762605134378e-07,8.8594762605134378e-07,0.99999911405276642,-8.8594762605134378e-07,8.8594762605134378e-07,0
541,279,0.99993150254114505,-6.8499804913024453e-05,6.8499804913024453e-05,0.99993150254114505,-6.8499804913024453e-05,6.8499804913024453e-05,0
542,2626,0.99998687878105608,-1.3121305027836743e-05,1.3121305027836743e-05,0.99998687878105608,-1.3121305027836743e-05,1.3121305027836743e-05,0
543,315,0.99999923020832038,-7.6979197585843171e-07,7.6979197585843171e-07,0.99999923020832038,-7.6979197585843171e-07,7.6979197585843171e-07,0
544,6696,0.99999271091434017,-7.2891122253570633e-06,7.2891122253570633e-06,0.99999271091434017,-7.2891122253570633e-06,7.2891122253570633e-06,0
545,13,0.99988385630710808,-0.00011615043809288515,0.00011615043809288515,0.99988385630710808,-0.00011615043809288515,0.00011615043809288515,0
546,763,0.99981526730592829,-0.00018474975925751927,0.00018474975925751927,0.99981526730592829,-0.00018474975925751927,0.00018474975925751927,0
547,279,0.99998174706631104,-1.8253100275816682e-05,1.8253100275816682e-05,0.99998174706631104,-1.8253100275816682e-05,1.8253100275816682e-05,0
548,220,0.99999784612249654,-2.1538798230406385e-06,2.1538798230406385e-06,0.99999784612249654,-2.1538798230406385e-06,2.1538798230406385e-06,0
549,777,0.99999915482926816,-8.4517108900495517e-07,8.4517108900495517e-07,0.99999915482926816,-8.4517108900495517e-07,8.4517108900495517e-07,0
550,339,0.99999921033834693,-7.8966196489589036e-07,7.8966196489589036e-07,0.99999921033834693,-7.8966196489589036e-07,7.8966196489589036e-07,0
551,9478,0.99999310338813163,-6.896635650141156e-06,6.896635650141156e-06,0.99999310338813163,-6.896635650141156e-06,6.896635650141156e-06,0
552,11,0.99983264010056516,-0.00016737390566550948,0.00016737390566550948,0.99983264010056516,-0.00016737390566550948,0.00016737390566550948,0
553,57664,0.99999844246779512,-1.5575334178691713e-06,1.5575334178691713e-06,0.99999844246779512,-1.5575334178691713e-06,1.5575334178691713e-06,0
554,574,0.99996890086397028,-3.1099619617869527e-05,3.1099619617869527e-05,0.99996890086397028,-3.1099619617869527e-05,3.1099619617869527e-05,0
555,832,0.9999989353944595,-1.0646061072350982e-06,1.0646061072350982e-06,0.9999989353944595,-1.0646061072350982e-06,1.0646061072350982e-06,0
556,315,0.99999975776506844,-2.4223496094974619e-07,2.4223496094974619e-07,0.99999975776506844,-2.4223496094974619e-07,2.4223496094974619e-07,0
557,279,0.9999998780117032,-1.2198830423374129e-07,1.2198830423374129e-07,0.9999998780117032,-1.2198830423374129e-07,1.2198830423374129e-07,0
558,1455,0.9999995404875035,-4.5951260208638098e-07,4.5951260208638098e-07,0.9999995404875035,-4.5951260208638098e-07,4.5951260208638098e-07,0
559,6617,0.99999678674301706,-3.2132621454786325e-06,3.2132621454786325e-06,0.99999678674301706,-3.2132621454786325e-06,3.2132621454786325e-06,0
560,9919,0.99999834903161322,-1.6509697496366018e-06,1.6509697496366018e-06,0.99999834903161322,-1.6509697496366018e-06,1.6509697496366018e-06,0
561,304,0.99999991362307539,-8.6376928320892658e-08,8.6376928320892658e-08,0.99999991362307539,-8.6376928320892658e-08,8.6376928320892658e-08,0
562,13936,0.99999486560320594,-5.1344099750890458e-06,5.1344099750890458e-06,0.99999486560320594,-5.1344099750890458e-06,5.1344099750890458e-06,0
563,13,0.99976449492646213,-0.0002355328092123811,0.0002355328092123811,0.99976449492646213,-0.0002355328092123811,0.0002355328092123811,0
564,13538,0.99994366865411233,-5.6332932557553344e-05,5.6332932557553344e-05,0.99994366865411233,-5.6332932557553344e-05,5.6332932557553344e-05,0
565,279,0.99999963852606821,-3.6147399712849878e-07,3.6147399712849878e-07,0.99999963852606821,-3.6147399712849878e-07,3.6147399712849878e-07,0
566,15506,0.99998489836567439,-1.510174835642454e-05,1.510174835642454e-05,0.99998489836567439,-1.510174835642454e-05,1.510174835642454e-05,0
567,24145,0.99331376942038463,-0.0067086835591278083,0.0067086835591278083,0.99331376942038463,-0.0067086835591278083,0.0067086835591278083,0
568,5111,0.99998615913417022,-1.3840961615435344e-05,1.3840961615435344e-05,0.99998615913417022,-1.3840961615435344e-05,1.3840961615435344e-05,0
569,11,0.99999918783280839,-8.121675213859593e-07,8.121675213859593e-07,0.99999918783280839,-8.121675213859593e-07,8.121675213859593e-07,0
570,57664,0.99999859571536587,-1.4042856201008479e-06,1.4042856201008479e-06,0.99999859571536587,-1.4042856201008479e-06,1.4042856201008479e-06,0
571,5602,0.99999803009206978,-1.9699098705103742e-06,1.9699098705103742e-06,0.99999803009206978,-1.9699098705103742e-06,1.9699098705103742e-06,0
572,279,0.99999958990931581,-4.1009076830018188e-07,4.1009076830018188e-07,0.99999958990931581,-4.1009076830018188e-07,4.1009076830018188e-07,0
573,10205,0.99999971956218614,-2.8043785314098237e-07,2.8043785314098237e-07,0.99999971956218614,-2.8043785314098237e-07,2.8043785314098237e-07,0
574,315,0.99999976488225828,-2.3511776936928044e-07,2.3511776936928044e-07,0.99999976488225828,-2.3511776936928044e-07,2.3511776936928044e-07,0
575,279,0.99999941436229201,-5.8563787945690855e-07,5.8563787945690855e-07,0.99999941436229201,-5.8563787945690855e-07,5.8563787945690855e-07,0
576,57281,0.99999809050870092,-1.9094931221904409e-06,1.9094931221904409e-06,0.99999809050870092,-1.9094931221904409e-06,1.9094931221904409e-06,0
577,22910,0.99999861236286058,-1.3876381022167595e-06,1.3876381022167595e-06,0.99999861236286058,-1.3876381022167595e-06,1.3876381022167595e-06,0
578,13,0.90054774621734834,-0.10475209387573696,0.10475209387573696,0.90054774621734834,-0.10475209387573696,0.10475209387573696,0
579,9636,0.9998814597492286,-0.00011854727722221453,0.00011854727722221453,0.9998814597492286,-0.00011854727722221453,0.00011854727722221453,0
580,279,0.99720650450706516,-0.0027974045831839754,0.0027974045831839754,0.99720650450706516,-0.0027974045831839754,0.0027974045831839754,0
581,3778,0.99999749875641897,-2.5012467091299279e-06,2.5012467091299279e-06,0.99999749875641897,-2.5012467091299279e-06,2.5012467091299279e-06,0
582,6037,0.99999531002155195,-4.6899894459898848e-06,4.6899894459898848e-06,0.99999531002155195,-4.6899894459898848e-06,4.6899894459898848e-06,0
583,2768,0.99970761984516099,-0.00029242290624979794,0.00029242290624979794,0.99970761984516099,-0.00029242290624979794,0.00029242290624979794,0
584,279,0.99999900625311755,-9.9374737622575739e-07,9.9374737622575739e-07,0.99999900625311755,-9.9374737622575739e-07,9.9374737622575739e-07,0
585,15506,0.99998940401409697,-1.0596042040853593e-05,1.0596042040853593e-05,0.99998940401409697,-1.0596042040853593e-05,1.0596042040853593e-05,0
586,24145,0.99996921075744194,-3.0789716556545761e-05,3.0789716556545761e-05,0.99996921075744194,-3.0789716556545761e-05,3.0789716556545761e-05,0
587,5111,0.99999271340966989,-7.2866168774069417e-06,7.2866168774069417e-06,0.99999271340966989,-7.2866168774069417e-06,7.2866168774069417e-06,0
588,11,0.99999106070001675,-8.9393399389716086e-06,8.9393399389716086e-06,0.99999106070001675,-8.9393399389716086e-06,8.9393399389716086e-06,0
589,279,0.9999970289547544,-2.9710496591921353e-06,2.9710496591921353e-06,0.9999970289547544,-2.9710496591921353e-06,2.9710496591921353e-06,0
590,3723,0.99999197979501375,-8.0202371482723528e-06,8.0202371482723528e-06,0.99999197979501375,-8.0202371482723528e-06,8.0202371482723528e-06,0
591,4273,0.99999057744160469,-9.4226027878735191e-06,9.4226027878735191e-06,0.99999057744160469,-9.4226027878735191e-06,9.4226027878735191e-06,0
592,5614,0.9999490030881627,-5.0998212224038563e-05,5.0998212224038563e-05,0.9999490030881627,-5.0998212224038563e-05,5.0998212224038563e-05,0
593,279,0.99999904779745574,-9.5220299763137797e-07,9.5220299763137797e-07,0.99999904779745574,-9.5220299763137797e-07,9.5220299763137797e-07,0
594,4033,0.99999904866940748,-9.5133104506290042e-07,9.5133104506290042e-07,0.99999904866940748,-9.5133104506290042e-07,9.5133104506290042e-07,0
595,4221,0.99999604250682295,-3.9575010079413701e-06,3.9575010079413701e-06,0.99999604250682295,-3.9575010079413701e-06,3.9575010079413701e-06,0
596,505,0.99999756820907415,-2.4317938826395749e-06,2.4317938826395749e-06,0.99999756820907415,-2.4317938826395749e-06,2.4317938826395749e-06,0
597,15506,0.99999169237267704,-8.3076618314747902e-06,8.3076618314747902e-06,0.99999169237267704,-8.3076618314747902e-06,8.3076618314747902e-06,0
598,311,0.99999988164363374,-1.1835637324792238e-07,1.1835637324792238e-07,0.99999988164363374,-1.1835637324792238e-07,1.1835637324792238e-07,0
599,6498,0.99999417939817659,-5.8206187631457111e-06,5.8206187631457111e-06,0.99999417939817659,-5.8206187631457111e-06,5.8206187631457111e-06,0
600,323,0.9999524184784907,-4.7582653545784486e-05,4.7582653545784486e-05,0.9999524184784907,-4.7582653545784486e-05,4.7582653545784486e-05,0
601,1903,0.99999782550780747,-2.1744945567552678e-06,2.1744945567552678e-06,0.99999782550780747,-2.1744945567552678e-06,2.1744945567552678e-06,0
602,1063,0.99999644024265999,-3.5597636759076761e-06,3.5597636759076761e-06,0.99999644024265999,-3.5597636759076761e-06,3.5597636759076761e-06,0
603,4442,0.99999631167882108,-3.6883279808132412e-06,3.6883279808132412e-06,0.99999631167882108,-3.6883279808132412e-06,3.6883279808132412e-06,0
604,304,0.99999964050458257,-3.5949548204608138e-07,3.5949548204608138e-07,0.99999964050458257,-3.5949548204608138e-07,3.5949548204608138e-07,0
605,6873,0.99999664167637026,-3.3583292689715645e-06,3.3583292689715645e-06,0.99999664167637026,-3.3583292689715645e-06,3.3583292689715645e-06,0
606,11,0.9999995281522619,-4.7184784938332795e-07,4.7184784938332795e-07,0.9999995281522619,-4.7184784938332795e-07,4.7184784938332795e-07,0
607,2254,0.99999353613798425,-6.4638829066127814e-06,6.4638829066127814e-06,0.99999353613798425,-6.4638829066127814e-06,6.4638829066127814e-06,0
608,7016,0.99999494767527375,-5.0523374893094904e-06,5.0523374893094904e-06,0.99999494767527375,-5.0523374893094904e-06,5.0523374893094904e-06,0
609,11,0.99954056850895068,-0.00045953706203318164,0.00045953706203318164,0.99954056850895068,-0.00045953706203318164,0.00045953706203318164,0
610,323,0.99999999350862123,-6.4913787467787784e-09,6.4913787467787784e-09,0.99999999350862123,-6.4913787467787784e-09,6.4913787467787784e-09,0
611,16036,0.99999639886710556,-3.6011393785093087e-06,3.6011393785093087e-06,0.99999639886710556,-3.6011393785093087e-06,3.6011393785093087e-06,0
612,9293,0.99999840972909337,-1.5902721711197916e-06,1.5902721711197916e-06,0.99999840972909337,-1.5902721711197916e-06,1.5902721711197916e-06,0
613,382,0.99952130239998782,-0.00047881221228612846,0.00047881221228612846,0.99952130239998782,-0.00047881221228612846,0.00047881221228612846,0
614,92459,0.98967058954576703,-0.010383129055575325,0.010383129055575325,0.98967058954576703,-0.010383129055575325,0.010383129055575325,0
615,279,0.999999948553425,-5.1446576341273751e-08,5.1446576341273751e-08,0.999999948553425,-5.1446576341273751e-08,5.1446576341273751e-08,0
616,842,0.99999941717481566,-5.828253542220153e-07,5.828253542220153e-07,0.99999941717481566,-5.828253542220153e-07,5.828253542220153e-07,0
617,315,0.99999993612798643,-6.3872015635064692e-08,6.3872015635064692e-08,0.99999993612798643,-6.3872015635064692e-08,6.3872015635064692e-08,0
618,4435,0.99999453635529811,-5.4636596276365335e-06,5.4636596276365335e-06,0.99999453635529811,-5.4636596276365335e-06,5.4636596276365335e-06,0
619,5111,0.99999803345297811,-1.9665489555843591e-06,1.9665489555843591e-06,0.99999803345297811,-1.9665489555843591e-06,1.9665489555843591e-06,0
620,8105,0.99999701274306529,-2.9872613965864432e-06,2.9872613965864432e-06,0.99999701274306529,-2.9872613965864432e-06,2.9872613965864432e-06,0
621,11,0.9999956089605947,-4.3910490459891489e-06,4.3910490459891489e-06,0.9999956089605947,-4.3910490459891489e-06,4.3910490459891489e-06,0
622,2391,0.99996173868947069,-3.826204251195793e-05,3.826204251195793e-05,0.99996173868947069,-3.826204251195793e-05,3.826204251195793e-05,0
623,279,0.99999959914623082,-4.0085384948533451e-07,4.0085384948533451e-07,0.99999959914623082,-4.0085384948533451e-07,4.0085384948533451e-07,0
624,16506,0.99997934762622498,-2.0652587038244358e-05,2.0652587038244358e-05,0.99997934762622498,-2.0652587038244358e-05,2.0652587038244358e-05,0
625,315,0.99999987584734684,-1.2415266088328529e-07,1.2415266088328529e-07,0.99999987584734684,-1.2415266088328529e-07,1.2415266088328529e-07,0
626,57664,0.9999976663516702,-2.3336510528110308e-06,2.3336510528110308e-06,0.9999976663516702,-2.3336510528110308e-06,2.3336510528110308e-06,0
627,11,0.99991764843622655,-8.235495484964326e-05,8.235495484964326e-05,0.99991764843622655,-8.235495484964326e-05,8.235495484964326e-05,0
628,1455,0.99997909870702673,-2.0901511408367174e-05,2.0901511408367174e-05,0.99997909870702673,-2.0901511408367174e-05,2.0901511408367174e-05,0
629,315,0.99999979933747751,-2.0066254265543815e-07,2.0066254265543815e-07,0.99999979933747751,-2.0066254265543815e-07,2.0066254265543815e-07,0
630,279,0.99999975582375755,-2.4417627225560594e-07,2.4417627225560594e-07,0.99999975582375755,-2.4417627225560594e-07,2.4417627225560594e-07,0
631,3363,0.99999583073420151,-4.1692744899285922e-06,4.1692744899285922e-06,0.99999583073420151,-4.1692744899285922e-06,4.1692744899285922e-06,0
632,574,0.99999806511403844,-1.9348878334494942e-06,1.9348878334494942e-06,0.99999806511403844,-1.9348878334494942e-06,1.9348878334494942e-06,0
633,68461,0.99988275246632841,-0.00011725440770099323,0.00011725440770099323,0.99988275246632841,-0.00011725440770099323,0.00011725440770099323,0
634,555,0.99999965126379908,-3.4873626167783438e-07,3.4873626167783438e-07,0.99999965126379908,-3.4873626167783438e-07,3.4873626167783438e-07,0
635,37295,0.99982627229135357,-0.00017374280105284724,0.00017374280105284724,0.99982627229135357,-0.00017374280105284724,0.00017374280105284724,0
636,41884,0.99999895314746656,-1.0468530813875506e-06,1.0468530813875506e-06,0.99999895314746656,-1.0468530813875506e-06,1.0468530813875506e-06,0
637,86562,0.99995215539728366,-4.7845747305801517e-05,4.7845747305801517e-05,0.99995215539728366,-4.7845747305801517e-05,4.7845747305801517e-05,0
638,479,0.99999931733414438,-6.8266608867756691e-07,6.8266608867756691e-07,0.99999931733414438,-6.8266608867756691e-07,6.8266608867756691e-07,0
639,555,0.999998945758659,-1.0542418967341566e-06,1.0542418967341566e-06,0.999998945758659,-1.0542418967341566e-06,1.0542418967341566e-06,0
640,279,0.99999975482143399,-2.451785960119354e-07,2.451785960119354e-07,0.99999975482143399,-2.451785960119354e-07,2.451785960119354e-07,0
641,3723,0.99999551123524222,-4.4887748323216009e-06,4.4887748323216009e-06,0.99999551123524222,-4.4887748323216009e-06,4.4887748323216009e-06,0
642,4273,0.99999633392913645,-3.6660775836177848e-06,3.6660775836177848e-06,0.99999633392913645,-3.6660775836177848e-06,3.6660775836177848e-06,0
643,6690,0.99999906979490993,-9.3020552273267251e-07,9.3020552273267251e-07,0.99999906979490993,-9.3020552273267251e-07,9.3020552273267251e-07,0
644,11994,0.99999858149702758,-1.4185039785077121e-06,1.4185039785077121e-06,0.99999858149702758,-1.4185039785077121e-06,1.4185039785077121e-06,0
645,13,0.99995489407523208,-4.5106942070748212e-05,4.5106942070748212e-05,0.99995489407523208,-4.5106942070748212e-05,4.5106942070748212e-05,0
646,1666,0.99991880482961271,-8.1198466893545992e-05,8.1198466893545992e-05,0.99991880482961271,-8.1198466893545992e-05,8.1198466893545992e-05,0
647,264,0.99999989391986011,-1.0608014548119148e-07,1.0608014548119148e-07,0.99999989391986011,-1.0608014548119148e-07,1.0608014548119148e-07,0
648,1121,0.99999156012639345,-8.4399092224334302e-06,8.4399092224334302e-06,0.99999156012639345,-8.4399092224334302e-06,8.4399092224334302e-06,0
649,11,0.9999993565660984,-6.4343410860210258e-07,6.4343410860210258e-07,0.9999993565660984,-6.4343410860210258e-07,6.4343410860210258e-07,0
650,12309,0.99998860261627809,-1.139744867261384e-05,1.139744867261384e-05,0.99998860261627809,-1.139744867261384e-05,1.139744867261384e-05,0
651,2697,0.99999559146539052,-4.4085443270644776e-06,4.4085443270644776e-06,0.99999559146539052,-4.4085443270644776e-06,4.4085443270644776e-06,0
652,8625,0.99997877033738769,-2.1229887964781077e-05,2.1229887964781077e-05,0.99997877033738769,-2.1229887964781077e-05,2.1229887964781077e-05,0
653,315,0.99999990223630064,-9.7763704127257872e-08,9.7763704127257872e-08,0.99999990223630064,-9.7763704127257872e-08,9.7763704127257872e-08,0
654,57664,0.999998251385389,-1.7486161398319846e-06,1.7486161398319846e-06,0.999998251385389,-1.7486161398319846e-06,1.7486161398319846e-06,0
655,596,0.99992208882932354,-7.7914205909333326e-05,7.7914205909333326e-05,0.99992208882932354,-7.7914205909333326e-05,7.7914205909333326e-05,0
656,864,0.99996354187167125,-3.6458792942488989e-05,3.6458792942488989e-05,0.99996354187167125,-3.6458792942488989e-05,3.6458792942488989e-05,0
657,11710,0.97044247139733397,-0.030003155412539426,0.030003155412539426,0.97044247139733397,-0.030003155412539426,0.030003155412539426,0
658,323,0.99999932311161477,-6.7688861433139245e-07,6.7688861433139245e-07,0.99999932311161477,-6.7688861433139245e-07,6.7688861433139245e-07,0
659,37683,0.99999836922809582,-1.6307732338987671e-06,1.6307732338987671e-06,0.99999836922809582,-1.6307732338987671e-06,1.6307732338987671e-06,0
660,18112,0.99999702714869865,-2.972855720232139e-06,2.972855720232139e-06,0.99999702714869865,-2.972855720232139e-06,2.972855720232139e-06,0
661,11,0.99990511042960861,-9.4894072691509784e-05,9.4894072691509784e-05,0.99990511042960861,-9.4894072691509784e-05,9.4894072691509784e-05,0
662,8051,0.99998165499503278,-1.8345173238851583e-05,1.8345173238851583e-05,0.99998165499503278,-1.8345173238851583e-05,1.8345173238851583e-05,0
663,1070,0.99999881731705298,-1.1826836464201392e-06,1.1826836464201392e-06,0.99999881731705298,-1.1826836464201392e-06,1.1826836464201392e-06,0
664,527,0.99999339613731419,-6.6038844914491699e-06,6.6038844914491699e-06,0.99999339613731419,-6.6038844914491699e-06,6.6038844914491699e-06,0
665,14529,0.99999971438261415,-2.8561742666615178e-07,2.8561742666615178e-07,0.99999971438261415,-2.8561742666615178e-07,2.8561742666615178e-07,0
666,35093,0.99999303438639453,-6.9656378654347357e-06,6.9656378654347357e-06,0.99999303438639453,-6.9656378654347357e-06,6.9656378654347357e-06,0
667,7224,0.99999039625671349,-9.6037894027564832e-06,9.6037894027564832e-06,0.99999039625671349,-9.6037894027564832e-06,9.6037894027564832e-06,0
668,11,0.99996122372406537,-3.8777027753832813e-05,3.8777027753832813e-05,0.99996122372406537,-3.8777027753832813e-05,3.8777027753832813e-05,0
669,5423,0.99999270070101354,-7.2993256264788101e-06,7.2993256264788101e-06,0.99999270070101354,-7.2993256264788101e-06,7.2993256264788101e-06,0
670,2949,0.99999927847440528,-7.2152585499945565e-07,7.2152585499945565e-07,0.99999927847440528,-7.2152585499945565e-07,7.2152585499945565e-07,0
671,279,0.99999988361158443,-1.1638842234352123e-07,1.1638842234352123e-07,0.99999988361158443,-1.1638842234352123e-07,1.1638842234352123e-07,0
672,2362,0.99999892702131787,-1.0729792577850178e-06,1.0729792577850178e-06,0.99999892702131787,-1.0729792577850178e-06,1.0729792577850178e-06,0
673,289,0.9997041151795969,-0.0002959286029532032,0.0002959286029532032,0.9997041151795969,-0.0002959286029532032,0.0002959286029532032,0
674,4841,0.99999900744920778,-9.9255128485532426e-07,9.9255128485532426e-07,0.99999900744920778,-9.9255128485532426e-07,9.9255128485532426e-07,0
675,3363,0.99999751987585439,-2.4801272211711944e-06,2.4801272211711944e-06,0.99999751987585439,-2.4801272211711944e-06,2.4801272211711944e-06,0
676,11,0.99999248344040137,-7.5165878481518825e-06,7.5165878481518825e-06,0.99999248344040137,-7.5165878481518825e-06,7.5165878481518825e-06,0
677,61894,0.99999927088139118,-7.291188745896299e-07,7.291188745896299e-07,0.99999927088139118,-7.291188745896299e-07,7.291188745896299e-07,0
678,309,0.99999998926352951,-1.0736470543821981e-08,1.0736470543821981e-08,0.99999998926352951,-1.0736470543821981e-08,1.0736470543821981e-08,0
679,44486,0.99998961622483795,-1.0383829073769588e-05,1.0383829073769588e-05,0.99998961622483795,-1.0383829073769588e-05,1.0383829073769588e-05,0
680,382,0.98856588826083547,-0.011499983801866171,0.011499983801866171,0.98856588826083547,-0.011499983801866171,0.011499983801866171,0
681,791,0.89769380169190982,-0.10792624689754805,0.10792624689754805,0.89769380169190982,-0.10792624689754805,0.10792624689754805,0
682,30758,0.98580866011544954,-0.014292999888978102,0.014292999888978102,0.98580866011544954,-0.014292999888978102,0.014292999888978102,0
683,6029,0.99999947953516299,-5.2046497245857456e-07,5.2046497245857456e-07,0.99999947953516299,-5.2046497245857456e-07,5.2046497245857456e-07,0
684,315,0.99999994283069149,-5.7169310094889998e-08,5.7169310094889998e-08,0.99999994283069149,-5.7169310094889998e-08,5.7169310094889998e-08,0
685,3823,0.99999969795756227,-3.020424833730759e-07,3.020424833730759e-07,0.99999969795756227,-3.020424833730759e-07,3.020424833730759e-07,0
686,2324,0.9999979006248263,-2.0993773773722013e-06,2.0993773773722013e-06,0.9999979006248263,-2.0993773773722013e-06,2.0993773773722013e-06,0
687,304,0.99999983509149726,-1.6490851634525434e-07,1.6490851634525434e-07,0.99999983509149726,-1.6490851634525434e-07,1.6490851634525434e-07,0
688,323,0.99998796875854745,-1.2031313828544885e-05,1.2031313828544885e-05,0.99998796875854745,-1.2031313828544885e-05,1.2031313828544885e-05,0
689,2212,0.99999980288777146,-1.9711224797053884e-07,1.9711224797053884e-07,0.99999980288777146,-1.9711224797053884e-07,1.9711224797053884e-07,0
690,279,0.99999806347981801,-1.9365220570400378e-06,1.9365220570400378e-06,0.99999806347981801,-1.9365220570400378e-06,1.9365220570400378e-06,0
691,3158,0.99999962859783009,-3.7140223882737725e-07,3.7140223882737725e-07,0.99999962859783009,-3.7140223882737725e-07,3.7140223882737725e-07,0
692,315,0.99999995145642984,-4.8543571316824184e-08,4.8543571316824184e-08,0.99999995145642984,-4.8543571316824184e-08,4.8543571316824184e-08,0
693,57664,0.99999977986416133,-2.201358628446898e-07,2.201358628446898e-07,0.99999977986416133,-2.201358628446898e-07,2.201358628446898e-07,0
694,374,0.99996451397141861,-3.5486658225368544e-05,3.5486658225368544e-05,0.99996451397141861,-3.5486658225368544e-05,3.5486658225368544e-05,0
695,279,0.99999973791678387,-2.6208325050829231e-07,2.6208325050829231e-07,0.99999973791678387,-2.6208325050829231e-07,2.6208325050829231e-07,0
696,14373,0.99996530299607822,-3.4697605876740207e-05,3.4697605876740207e-05,0.99996530299607822,-3.4697605876740207e-05,3.4697605876740207e-05,0
697,7568,0.9999945597324521,-5.4402823461915679e-06,5.4402823461915679e-06,0.9999945597324521,-5.4402823461915679e-06,5.4402823461915679e-06,0
698,10358,0.9999987447318216,-1.2552689662908342e-06,1.2552689662908342e-06,0.9999987447318216,-1.2552689662908342e-06,1.2552689662908342e-06,0
699,62579,0.99999350555148314,-6.4944696058947963e-06,6.4944696058947963e-06,0.99999350555148314,-6.4944696058947963e-06,6.4944696058947963e-06,0
700,66581,0.99995322774488637,-4.6773348969689741e-05,4.6773348969689741e-05,0.99995322774488637,-4.6773348969689741e-05,4.6773348969689741e-05,0
701,82,0.99999996200359387,-3.7996406853983073e-08,3.7996406853983073e-08,0.99999996200359387,-3.7996406853983073e-08,3.7996406853983073e-08,0
702,30105,0.85717762684770626,-0.15411011599432442,0.15411011599432442,0.85717762684770626,-0.15411011599432442,0.15411011599432442,0
703,311,0.9999934781027916,-6.5219184760633317e-06,6.5219184760633317e-06,0.9999934781027916,-6.5219184760633317e-06,6.5219184760633317e-06,0
704,2212,0.99999987791950429,-1.2208050313765907e-07,1.2208050313765907e-07,0.99999987791950429,-1.2208050313765907e-07,1.2208050313765907e-07,0
705,220,0.99999972710629315,-2.7289374411459083e-07,2.7289374411459083e-07,0.99999972710629315,-2.7289374411459083e-07,2.7289374411459083e-07,0
706,3101,0.99973141896514306,-0.00026861710920243661,0.00026861710920243661,0.99973141896514306,-0.00026861710920243661,0.00026861710920243661,0
707,15,0.99999981974139318,-1.802586231018652e-07,1.802586231018652e-07,0.99999981974139318,-1.802586231018652e-07,1.802586231018652e-07,0
708,18531,0.99998080792600852,-1.9192258161716622e-05,1.9192258161716622e-05,0.99998080792600852,-1.9192258161716622e-05,1.9192258161716622e-05,0
709,13,0.99987211563639478,-0.00012789254150763317,0.00012789254150763317,0.99987211563639478,-0.00012789254150763317,0.00012789254150763317,0
710,24296,0.79954910064434159,-0.22370733440460699,0.22370733440460699,0.79954910064434159,-0.22370733440460699,0.22370733440460699,0
711,11,0.99999894392836564,-1.056072192050003e-06,1.056072192050003e-06,0.99999894392836564,-1.056072192050003e-06,1.056072192050003e-06,0
712,4277,0.97570962463982347,-0.024590252573517737,0.024590252573517737,0.97570962463982347,-0.024590252573517737,0.024590252573517737,0
713,95112,0.99999318228421774,-6.817739023019933e-06,6.817739023019933e-06,0.99999318228421774,-6.817739023019933e-06,6.817739023019933e-06,0
714,11,0.99998549110657542,-1.4508998679603366e-05,1.4508998679603366e-05,0.99998549110657542,-1.4508998679603366e-05,1.4508998679603366e-05,0
715,264,0.99999831349908586,-1.6865023362787421e-06,1.6865023362787421e-06,0.99999831349908586,-1.6865023362787421e-06,1.6865023362787421e-06,0
716,538,0.99999571118936936,-4.2888198275892524e-06,4.2888198275892524e-06,0.99999571118936936,-4.2888198275892524e-06,4.2888198275892524e-06,0
717,315,0.99999962848697754,-3.7151309144658453e-07,3.7151309144658453e-07,0.99999962848697754,-3.7151309144658453e-07,3.7151309144658453e-07,0
718,6126,0.99986302727451137,-0.00013698210710910702,0.00013698210710910702,0.99986302727451137,-0.00013698210710910702,0.00013698210710910702,0
719,590,0.99999920879049708,-7.9120981596319692e-07,7.9120981596319692e-07,0.99999920879049708,-7.9120981596319692e-07,7.9120981596319692e-07,0
720,32538,0.99983387140230195,-0.0001661423985820124,0.0001661423985820124,0.99983387140230195,-0.0001661423985820124,0.0001661423985820124,0
721,11,0.99999365455008571,-6.3454700467671065e-06,6.3454700467671065e-06,0.99999365455008571,-6.3454700467671065e-06,6.3454700467671065e-06,0
722,6244,0.99998598710526976,-1.401299291172337e-05,1.401299291172337e-05,0.99998598710526976,-1.401299291172337e-05,1.401299291172337e-05,0
723,279,0.99999939204585975,-6.0795432504158578e-07,6.0795432504158578e-07,0.99999939204585975,-6.0795432504158578e-07,6.0795432504158578e-07,0
724,671,0.99997988972811114,-2.0110474103077735e-05,2.0110474103077735e-05,0.99997988972811114,-2.0110474103077735e-05,2.0110474103077735e-05,0
725,10090,0.99993785997392481,-6.2141956846589402e-05,6.2141956846589402e-05,0.99993785997392481,-6.2141956846589402e-05,6.2141956846589402e-05,0
726,40771,0.99998408794768046,-1.5912178917616955e-05,1.5912178917616955e-05,0.99998408794768046,-1.5912178917616955e-05,1.5912178917616955e-05,0
727,315,0.99999980157293533,-1.9842708439447841e-07,1.9842708439447841e-07,0.99999980157293533,-1.9842708439447841e-07,1.9842708439447841e-07,0
728,279,0.9999993288059712,-6.7119425407825975e-07,6.7119425407825975e-07,0.9999993288059712,-6.7119425407825975e-07,6.7119425407825975e-07,0
729,26363,0.99999628682881547,-3.7131780783107423e-06,3.7131780783107423e-06,0.99999628682881547,-3.7131780783107423e-06,3.7131780783107423e-06,0
730,13,0.99289323040618971,-0.0071321429674531325,0.0071321429674531325,0.99289323040618971,-0.0071321429674531325,0.0071321429674531325,0
731,2435,0.99983018465292084,-0.00016982976733770382,0.00016982976733770382,0.99983018465292084,-0.00016982976733770382,0.00016982976733770382,0
732,1051,0.99999738594352372,-2.6140598929341463e-06,2.6140598929341463e-06,0.99999738594352372,-2.6140598929341463e-06,2.6140598929341463e-06,0
733,1766,0.99998654444816992,-1.3455642356798209e-05,1.3455642356798209e-05,0.99998654444816992,-1.3455642356798209e-05,1.3455642356798209e-05,0
734,4028,0.99999825091223582,-1.7490892938531421e-06,1.7490892938531421e-06,0.99999825091223582,-1.7490892938531421e-06,1.7490892938531421e-06,0
735,82739,0.99999965033916449,-3.4966089661220211e-07,3.4966089661220211e-07,0.99999965033916449,-3.4966089661220211e-07,3.4966089661220211e-07,0
736,263,0.9999999329671474,-6.7032854796201655e-08,6.7032854796201655e-08,0.9999999329671474,-6.7032854796201655e-08,6.7032854796201655e-08,0
737,1603,0.9999894916866604,-1.0508368552278092e-05,1.0508368552278092e-05,0.9999894916866604,-1.0508368552278092e-05,1.0508368552278092e-05,0
738,279,0.99999959786245396,-4.0213762694271907e-07,4.0213762694271907e-07,0.99999959786245396,-4.0213762694271907e-07,4.0213762694271907e-07,0
739,8560,0.99998871415139334,-1.1285912292289004e-05,1.1285912292289004e-05,0.99998871415139334,-1.1285912292289004e-05,1.1285912292289004e-05,0
740,77080,0.99725961239222349,-0.0027441493438786842,0.0027441493438786842,0.99725961239222349,-0.0027441493438786842,0.0027441493438786842,0
741,9483,0.99988464574243507,-0.00011536091137903151,0.00011536091137903151,0.99988464574243507,-0.00011536091137903151,0.00011536091137903151,0
742,337,0.9999889023469517,-1.1097714627695364e-05,1.1097714627695364e-05,0.9999889023469517,-1.1097714627695364e-05,1.1097714627695364e-05,0
743,84267,0.99828491741079539,-0.0017165550271578522,0.0017165550271578522,0.99828491741079539,-0.0017165550271578522,0.0017165550271578522,0
744,5493,0.99999745584454025,-2.5441586960861736e-06,2.5441586960861736e-06,0.99999745584454025,-2.5441586960861736e-06,2.5441586960861736e-06,0
745,73691,0.99979980485062603,-0.00020021519109775541,0.00020021519109775541,0.99979980485062603,-0.00020021519109775541,0.00020021519109775541,0
746,304,0.99570430769658536,-0.0043049452977828445,0.0043049452977828445,0.99570430769658536,-0.0043049452977828445,0.0043049452977828445,0
747,323,0.99999954202158581,-4.5797851904121297e-07,4.5797851904121297e-07,0.99999954202158581,-4.5797851904121297e-07,4.5797851904121297e-07,0
748,40054,0.9999953529585085,-4.647052288996052e-06,4.647052288996052e-06,0.9999953529585085,-4.647052288996052e-06,4.647052288996052e-06,0
749,93583,0.99999466950557536,-5.3305086317225103e-06,5.3305086317225103e-06,0.99999466950557536,-5.3305086317225103e-06,5.3305086317225103e-06,0
750,1124,0.99998143100593362,-1.8569166472297621e-05,1.8569166472297621e-05,0.99998143100593362,-1.8569166472297621e-05,1.8569166472297621e-05,0
751,382,0.99967132896884736,-0.00032872505531373827,0.00032872505531373827,0.99967132896884736,-0.00032872505531373827,0.00032872505531373827,0
752,791,0.9261421006436511,-0.076727599690559742,0.076727599690559742,0.9261421006436511,-0.076727599690559742,0.076727599690559742,0
753,15422,0.99986703844057989,-0.00013297039959189608,0.00013297039959189608,0.99986703844057989,-0.00013297039959189608,0.00013297039959189608,0
754,315,0.99999987505298493,-1.2494702291597628e-07,1.2494702291597628e-07,0.99999987505298493,-1.2494702291597628e-07,1.2494702291597628e-07,0
755,350,0.99999507417942957,-4.9258327023132469e-06,4.9258327023132469e-06,0.99999507417942957,-4.9258327023132469e-06,4.9258327023132469e-06,0
756,36071,0.99999529110591512,-4.7089051717885971e-06,4.7089051717885971e-06,0.99999529110591512,-4.7089051717885971e-06,4.7089051717885971e-06,0
757,20415,0.99993695374538472,-6.3048242113916613e-05,6.3048242113916613e-05,0.99993695374538472,-6.3048242113916613e-05,6.3048242113916613e-05,0
758,3384,0.99999975695546905,-2.4304456047390213e-07,2.4304456047390213e-07,0.99999975695546905,-2.4304456047390213e-07,2.4304456047390213e-07,0
759,2391,0.99998892031045505,-1.1079750925191662e-05,1.1079750925191662e-05,0.99998892031045505,-1.1079750925191662e-05,1.1079750925191662e-05,0
760,279,0.99999936995163585,-6.3004856268260033e-07,6.3004856268260033e-07,0.99999936995163585,-6.3004856268260033e-07,6.3004856268260033e-07,0
761,15629,0.99998414774992039,-1.5852375727794878e-05,1.5852375727794878e-05,0.99998414774992039,-1.5852375727794878e-05,1.5852375727794878e-05,0
762,4376,0.99999256911868761,-7.4309089215002271e-06,7.4309089215002271e-06,0.99999256911868761,-7.4309089215002271e-06,7.4309089215002271e-06,0
763,315,0.99999993598255921,-6.4017442851582625e-08,6.4017442851582625e-08,0.99999993598255921,-6.4017442851582625e-08,6.4017442851582625e-08,0
764,279,0.99999909129998943,-9.0870042348672591e-07,9.0870042348672591e-07,0.99999909129998943,-9.0870042348672591e-07,9.0870042348672591e-07,0
765,56983,0.99999914488582764,-8.5511453794240418e-07,8.5511453794240418e-07,0.99999914488582764,-8.5511453794240418e-07,8.5511453794240418e-07,0
766,74495,0.99999788659808631,-2.113404146881912e-06,2.113404146881912e-06,0.99999788659808631,-2.113404146881912e-06,2.113404146881912e-06,0
767,439,0.99994171645994734,-5.8285238604131274e-05,5.8285238604131274e-05,0.99994171645994734,-5.8285238604131274e-05,5.8285238604131274e-05,0
768,264,0.99999975776581784,-2.4223421154938609e-07,2.4223421154938609e-07,0.99999975776581784,-2.4223421154938609e-07,2.4223421154938609e-07,0
769,1121,0.9999901057435916,-9.8943053568499796e-06,9.8943053568499796e-06,0.9999901057435916,-9.8943053568499796e-06,9.8943053568499796e-06,0
770,315,0.99999978303071146,-2.1696931207126446e-07,2.1696931207126446e-07,0.99999978303071146,-2.1696931207126446e-07,2.1696931207126446e-07,0
771,2167,0.99999883698636516,-1.16301431112503e-06,1.16301431112503e-06,0.99999883698636516,-1.16301431112503e-06,1.16301431112503e-06,0
772,6696,0.99999871852279709,-1.2814780239455055e-06,1.2814780239455055e-06,0.99999871852279709,-1.2814780239455055e-06,1.2814780239455055e-06,0
773,4398,0.99999055418172589,-9.4458628861032702e-06,9.4458628861032702e-06,0.99999055418172589,-9.4458628861032702e-06,9.4458628861032702e-06,0
774,449,0.99999882913862925,-1.1708620561914353e-06,1.1708620561914353e-06,0.99999882913862925,-1.1708620561914353e-06,1.1708620561914353e-06,0
775,5734,0.99999087986678792,-9.1201748007369115e-06,9.1201748007369115e-06,0.99999087986678792,-9.1201748007369115e-06,9.1201748007369115e-06,0
776,13,0.99997379764940086,-2.6202693886679432e-05,2.6202693886679432e-05,0.99997379764940086,-2.6202693886679432e-05,2.6202693886679432e-05,0
777,350,0.99949951723709085,-0.00050060804621026135,0.00050060804621026135,0.99949951723709085,-0.00050060804621026135,0.00050060804621026135,0
778,36071,0.99999760768391632,-2.3923189452794018e-06,2.3923189452794018e-06,0.99999760768391632,-2.3923189452794018e-06,2.3923189452794018e-06,0
779,9474,0.99961737957803865,-0.0003826936398320918,0.0003826936398320918,0.99961737957803865,-0.0003826936398320918,0.0003826936398320918,0
780,574,0.99999768327590055,-2.3167267830978984e-06,2.3167267830978984e-06,0.99999768327590055,-2.3167267830978984e-06,2.3167267830978984e-06,0
781,18908,0.99999345049320398,-6.5495282441626025e-06,6.5495282441626025e-06,0.99999345049320398,-6.5495282441626025e-06,6.5495282441626025e-06,0
782,439,0.99999972478690746,-2.7521313038371383e-07,2.7521313038371383e-07,0.99999972478690746,-2.7521313038371383e-07,2.7521313038371383e-07,0
783,279,0.99999926600708211,-7.3399318730772722e-07,7.3399318730772722e-07,0.99999926600708211,-7.3399318730772722e-07,7.3399318730772722e-07,0
784,8776,0.99999585374628219,-4.1462623135201947e-06,4.1462623135201947e-06,0.99999585374628219,-4.1462623135201947e-06,4.1462623135201947e-06,0
785,6864,0.99999728767155727,-2.7123321211390377e-06,2.7123321211390377e-06,0.99999728767155727,-2.7123321211390377e-06,2.7123321211390377e-06,0
786,315,0.99999948312458131,-5.1687555222741386e-07,5.1687555222741386e-07,0.99999948312458131,-5.1687555222741386e-07,5.1687555222741386e-07,0
787,279,0.99999823027778501,-1.7697237809719272e-06,1.7697237809719272e-06,0.99999823027778501,-1.7697237809719272e-06,1.7697237809719272e-06,0
788,32447,0.99997983233340515,-2.0167869964966231e-05,2.0167869964966231e-05,0.99997983233340515,-2.0167869964966231e-05,2.0167869964966231e-05,0
789,11,0.99998606642101362,-1.3933676059630087e-05,1.3933676059630087e-05,0.99998606642101362,-1.3933676059630087e-05,1.3933676059630087e-05,0
790,449,0.99998633687079364,-1.3663222547783132e-05,1.3663222547783132e-05,0.99998633687079364,-1.3663222547783132e-05,1.3663222547783132e-05,0
791,1202,0.99999888533058046,-1.1146700407497849e-06,1.1146700407497849e-06,0.99999888533058046,-1.1146700407497849e-06,1.1146700407497849e-06,0
792,60996,0.99999270644577565,-7.2935808224633584e-06,7.2935808224633584e-06,0.99999270644577565,-7.2935808224633584e-06,7.2935808224633584e-06,0
793,439,0.99999532301243343,-4.6769985036709285e-06,4.6769985036709285e-06,0.99999532301243343,-4.6769985036709285e-06,4.6769985036709285e-06,0
794,46384,0.99999871584479927,-1.2841560252169975e-06,1.2841560252169975e-06,0.99999871584479927,-1.2841560252169975e-06,1.2841560252169975e-06,0
795,45619,0.99999536505843434,-4.6349523070696189e-06,4.6349523070696189e-06,0.99999536505843434,-4.6349523070696189e-06,4.6349523070696189e-06,0
796,323,0.99967500803704479,-0.00032504478428781202,0.00032504478428781202,0.99967500803704479,-0.00032504478428781202,0.00032504478428781202,0
797,539,0.9999978712090174,-2.128793248429266e-06,2.128793248429266e-06,0.9999978712090174,-2.128793248429266e-06,2.128793248429266e-06,0
798,17983,0.99954130998348578,-0.00045879524695981584,0.00045879524695981584,0.99954130998348578,-0.00045879524695981584,0.00045879524695981584,0
799,523,0.99998366569793207,-1.6334435474108735e-05,1.6334435474108735e-05,0.99998366569793207,-1.6334435474108735e-05,1.6334435474108735e-05,0
800,648,0.99999753921156687,-2.4607914608736727e-06,2.4607914608736727e-06,0.99999753921156687,-2.4607914608736727e-06,2.4607914608736727e-06,0
801,728,0.99999845352871597,-1.5464724797729726e-06,1.5464724797729726e-06,0.99999845352871597,-1.5464724797729726e-06,1.5464724797729726e-06,0
802,1771,0.99999760399616056,-2.3960067098702515e-06,2.3960067098702515e-06,0.99999760399616056,-2.3960067098702515e-06,2.3960067098702515e-06,0
803,11,0.9375070046087739,-0.064531049582791128,0.064531049582791128,0.9375070046087739,-0.064531049582791128,0.064531049582791128,0
804,323,0.99988141799145558,-0.00011858903994662023,0.00011858903994662023,0.99988141799145558,-0.00011858903994662023,0.00011858903994662023,0
805,1051,0.99996358605638591,-3.6414606617877499e-05,3.6414606617877499e-05,0.99996358605638591,-3.6414606617877499e-05,3.6414606617877499e-05,0
806,20669,0.99985939680109803,-0.00014061308445838388,0.00014061308445838388,0.99985939680109803,-0.00014061308445838388,0.00014061308445838388,0
807,5370,0.99586218834591878,-0.0041463960854136997,0.0041463960854136997,0.99586218834591878,-0.0041463960854136997,0.0041463960854136997,0
808,398,0.99999993517057906,-6.4829423060078489e-08,6.4829423060078489e-08,0.99999993517057906,-6.4829423060078489e-08,6.4829423060078489e-08,0
809,439,0.9999972530052661,-2.7469985068642739e-06,2.7469985068642739e-06,0.9999972530052661,-2.7469985068642739e-06,2.7469985068642739e-06,0
810,97974,0.99889469191808145,-0.0011059193853905484,0.0011059193853905484,0.99889469191808145,-0.0011059193853905484,0.0011059193853905484,0
811,258,0.99992514311664815,-7.4859685268197272e-05,7.4859685268197272e-05,0.99992514311664815,-7.4859685268197272e-05,7.4859685268197272e-05,0
812,10602,0.99991626282333934,-8.3740682813718145e-05,8.3740682813718145e-05,0.99991626282333934,-8.3740682813718145e-05,8.3740682813718145e-05,0
813,30490,0.72037929476983376,-0.32797740739010767,0.32797740739010767,0.72037929476983376,-0.32797740739010767,0.32797740739010767,0
814,8930,0.99990235163848151,-9.7653129430094973e-05,9.7653129430094973e-05,0.99990235163848151,-9.7653129430094973e-05,9.7653129430094973e-05,0
815,276,0.99999835442697205,-1.645574381939698e-06,1.645574381939698e-06,0.99999835442697205,-1.645574381939698e-06,1.645574381939698e-06,0
816,2933,0.99999853149224904,-1.4685088291944446e-06,1.4685088291944446e-06,0.99999853149224904,-1.4685088291944446e-06,1.4685088291944446e-06,0
817,477,0.99998965789430549,-1.0342159174411119e-05,1.0342159174411119e-05,0.99998965789430549,-1.0342159174411119e-05,1.0342159174411119e-05,0
818,97974,0.99991215211715279,-8.7851741698464727e-05,8.7851741698464727e-05,0.99991215211715279,-8.7851741698464727e-05,8.7851741698464727e-05,0
819,3394,0.99992943747379492,-7.0565015857211838e-05,7.0565015857211838e-05,0.99992943747379492,-7.0565015857211838e-05,7.0565015857211838e-05,0
820,3244,0.99960061612649309,-0.00039946364848738035,0.00039946364848738035,0.99960061612649309,-0.00039946364848738035,0.00039946364848738035,0
821,304,0.99998679889551689,-1.3201191618479697e-05,1.3201191618479697e-05,0.99998679889551689,-1.3201191618479697e-05,1.3201191618479697e-05,0
822,12633,0.9999806756102001,-1.9324576518349736e-05,1.9324576518349736e-05,0.9999806756102001,-1.9324576518349736e-05,1.9324576518349736e-05,0
823,32051,0.99999983547672699,-1.6452328656068669e-07,1.6452328656068669e-07,0.99999983547672699,-1.6452328656068669e-07,1.6452328656068669e-07,0
824,3573,0.97275542973298756,-0.027622585294977433,0.027622585294977433,0.97275542973298756,-0.027622585294977433,0.027622585294977433,0
825,48865,0.99965918075928439,-0.00034087733279271093,0.00034087733279271093,0.99965918075928439,-0.00034087733279271093,0.00034087733279271093,0
826,5146,0.95735871340302603,-0.043577126618687873,0.043577126618687873,0.95735871340302603,-0.043577126618687873,0.043577126618687873,0
827,459,0.87090700531102694,-0.1382200755552854,0.1382200755552854,0.87090700531102694,-0.1382200755552854,0.1382200755552854,0
828,72542,0.99811595011893672,-0.0018858269354306493,0.0018858269354306493,0.99811595011893672,-0.0018858269354306493,0.0018858269354306493,0
829,9120,0.99938427939570273,-0.00061591023807353073,0.00061591023807353073,0.99938427939570273,-0.00061591023807353073,0.00061591023807353073,0
830,10196,0.99999943460853979,-5.6539162000484768e-07,5.6539162000484768e-07,0.99999943460853979,-5.6539162000484768e-07,5.6539162000484768e-07,0
831,3573,0.9990245697926029,-0.00097590624903064411,0.00097590624903064411,0.9990245697926029,-0.00097590624903064411,0.00097590624903064411,0
832,942,0.99999285849611264,-7.141529388008165e-06,7.141529388008165e-06,0.99999285849611264,-7.141529388008165e-06,7.141529388008165e-06,0
833,315,0.9999994620646393,-5.3793550533724925e-07,5.3793550533724925e-07,0.9999994620646393,-5.3793550533724925e-07,5.3793550533724925e-07,0
834,23070,0.99999357859010729,-6.4214305100738909e-06,6.4214305100738909e-06,0.99999357859010729,-6.4214305100738909e-06,6.4214305100738909e-06,0
835,5146,0.9995790248204488,-0.00042106381447833564,0.00042106381447833564,0.9995790248204488,-0.00042106381447833564,0.00042106381447833564,0
836,477,0.99999310057455215,-6.8994492489600579e-06,6.8994492489600579e-06,0.99999310057455215,-6.8994492489600579e-06,6.8994492489600579e-06,0
837,94786,0.99913316333739988,-0.00086721258275650258,0.00086721258275650258,0.99913316333739988,-0.00086721258275650258,0.00086721258275650258,0
838,438,0.99998874099046897,-1.1259072914137237e-05,1.1259072914137237e-05,0.99998874099046897,-1.1259072914137237e-05,1.1259072914137237e-05,0
839,5724,0.99999761040108537,-2.3896017697411402e-06,2.3896017697411402e-06,0.99999761040108537,-2.3896017697411402e-06,2.3896017697411402e-06,0
840,3573,0.99927754968257709,-0.00072271141041219383,0.00072271141041219383,0.99927754968257709,-0.00072271141041219383,0.00072271141041219383,0
841,26680,0.9998003600742057,-0.00019965985649693499,0.00019965985649693499,0.9998003600742057,-0.00019965985649693499,0.00019965985649693499,0
842,315,0.99999954660933943,-4.5339076340251469e-07,4.5339076340251469e-07,0.99999954660933943,-4.5339076340251469e-07,4.5339076340251469e-07,0
843,279,0.9999980908652949,-1.9091365274514339e-06,1.9091365274514339e-06,0.9999980908652949,-1.9091365274514339e-06,1.9091365274514339e-06,0
844,44439,0.99998449301936054,-1.5507100873946039e-05,1.5507100873946039e-05,0.99998449301936054,-1.5507100873946039e-05,1.5507100873946039e-05,0
845,4063,0.9484050810762229,-0.052973567280751734,0.052973567280751734,0.9484050810762229,-0.052973567280751734,0.052973567280751734,0
846,279,0.99985363311643838,-0.00014637759623930269,0.00014637759623930269,0.99985363311643838,-0.00014637759623930269,0.00014637759623930269,0
847,35414,0.99996766981842689,-3.233070420468767e-05,3.233070420468767e-05,0.99996766981842689,-3.233070420468767e-05,3.233070420468767e-05,0
848,315,0.99999948925878845,-5.1074134201973595e-07,5.1074134201973595e-07,0.99999948925878845,-5.1074134201973595e-07,5.1074134201973595e-07,0
849,5734,0.99998435590556456,-1.5644216805603277e-05,1.5644216805603277e-05,0.99998435590556456,-1.5644216805603277e-05,1.5644216805603277e-05,0
850,6646,0.99990917168559346,-9.0832439547636367e-05,9.0832439547636367e-05,0.99990917168559346,-9.0832439547636367e-05,9.0832439547636367e-05,0
851,279,0.9999985514986961,-1.4485023530327376e-06,1.4485023530327376e-06,0.9999985514986961,-1.4485023530327376e-06,1.4485023530327376e-06,0
852,48762,0.99989747276648666,-0.00010253248978938067,0.00010253248978938067,0.99989747276648666,-0.00010253248978938067,0.00010253248978938067,0
853,598,0.99998442885921401,-1.5571262017416187e-05,1.5571262017416187e-05,0.99998442885921401,-1.5571262017416187e-05,1.5571262017416187e-05,0
854,320,0.99994141539260384,-5.8586323541280441e-05,5.8586323541280441e-05,0.99994141539260384,-5.8586323541280441e-05,5.8586323541280441e-05,0
855,81,0.99803230184693925,-0.0019696366143601221,0.0019696366143601221,0.99803230184693925,-0.0019696366143601221,0.0019696366143601221,0
856,27898,0.99995940833498298,-4.0592488880954098e-05,4.0592488880954098e-05,0.99995940833498298,-4.0592488880954098e-05,4.0592488880954098e-05,0
857,315,0.99999857219188337,-1.4278091358990288e-06,1.4278091358990288e-06,0.99999857219188337,-1.4278091358990288e-06,1.4278091358990288e-06,0
858,14154,0.99999957092931369,-4.2907077833824591e-07,4.2907077833824591e-07,0.99999957092931369,-4.2907077833824591e-07,4.2907077833824591e-07,0
859,57664,0.99999946786482397,-5.3213531766843526e-07,5.3213531766843526e-07,0.99999946786482397,-5.3213531766843526e-07,5.3213531766843526e-07,0
860,8,0.99641593500251457,-0.0035905031462041773,0.0035905031462041773,0.99641593500251457,-0.0035905031462041773,0.0035905031462041773,0
861,330,0.97225038184388746,-0.028141913203865859,0.028141913203865859,0.97225038184388746,-0.028141913203865859,0.028141913203865859,0
862,101538,0.97492001319878885,-0.025399849094401669,0.025399849094401669,0.97492001319878885,-0.025399849094401669,0.025399849094401669,0
863,1,0.99895938742925017,-0.0010411543839220208,0.0010411543839220208,0.99895938742925017,-0.0010411543839220208,0.0010411543839220208,0
864,320,0.99998456045309503,-1.5439666096026818e-05,1.5439666096026818e-05,0.99998456045309503,-1.5439666096026818e-05,1.5439666096026818e-05,0
865,42,0.99123652880858371,-0.008802096230259163,0.008802096230259163,0.99123652880858371,-0.008802096230259163,0.008802096230259163,0
866,826,0.99999575177237832,-4.248236645477121e-06,4.248236645477121e-06,0.99999575177237832,-4.248236645477121e-06,4.248236645477121e-06,0
867,3677,0.99849728000581317,-0.0015038502102847871,0.0015038502102847871,0.99849728000581317,-0.0015038502102847871,0.0015038502102847871,0
868,644,0.9974090443857202,-0.0025943179488061331,0.0025943179488061331,0.9974090443857202,-0.0025943179488061331,0.0025943179488061331,0
869,279,0.99868767495534461,-0.0013131868972698242,0.0013131868972698242,0.99868767495534461,-0.0013131868972698242,0.0013131868972698242,0
870,220,0.99999659819544129,-3.4018103448467213e-06,3.4018103448467213e-06,0.99999659819544129,-3.4018103448467213e-06,3.4018103448467213e-06,0
871,1032,0.9999847909423798,-1.5209173279104118e-05,1.5209173279104118e-05,0.9999847909423798,-1.5209173279104118e-05,1.5209173279104118e-05,0
872,339,0.99999851241279725,-1.4875883091895996e-06,1.4875883091895996e-06,0.99999851241279725,-1.4875883091895996e-06,1.4875883091895996e-06,0
873,9478,0.99999751987750629,-2.4801255691634309e-06,2.4801255691634309e-06,0.99999751987750629,-2.4801255691634309e-06,2.4801255691634309e-06,0
874,11,0.99999960804288324,-3.9195719360284431e-07,3.9195719360284431e-07,0.99999960804288324,-3.9195719360284431e-07,3.9195719360284431e-07,0
875,57664,0.99999638534448576,-3.6146620471110769e-06,3.6146620471110769e-06,0.99999638534448576,-3.6146620471110769e-06,3.6146620471110769e-06,0
876,44660,0.99994896333907901,-5.1037963335630104e-05,5.1037963335630104e-05,0.99994896333907901,-5.1037963335630104e-05,5.1037963335630104e-05,0
877,315,0.99999986090803605,-1.3909197359116094e-07,1.3909197359116094e-07,0.99999986090803605,-1.3909197359116094e-07,1.3909197359116094e-07,0
878,264,0.99999936716391391,-6.3283628630618104e-07,6.3283628630618104e-07,0.99999936716391391,-6.3283628630618104e-07,6.3283628630618104e-07,0
879,95536,0.99999891381029216,-1.0861902977731339e-06,1.0861902977731339e-06,0.99999891381029216,-1.0861902977731339e-06,1.0861902977731339e-06,0
880,17516,0.99999905690188007,-9.430985646141693e-07,9.430985646141693e-07,0.99999905690188007,-9.430985646141693e-07,9.430985646141693e-07,0
881,323,0.99999942580929502,-5.7419086987139802e-07,5.7419086987139802e-07,0.99999942580929502,-5.7419086987139802e-07,5.7419086987139802e-07,0
882,11380,0.99999844478405531,-1.5552171540740456e-06,1.5552171540740456e-06,0.99999844478405531,-1.5552171540740456e-06,1.5552171540740456e-06,0
883,8502,0.99999779325976634,-2.2067426684585825e-06,2.2067426684585825e-06,0.99999779325976634,-2.2067426684585825e-06,2.2067426684585825e-06,0
884,520,0.99999630907553605,-3.690931275446877e-06,3.690931275446877e-06,0.99999630907553605,-3.690931275446877e-06,3.690931275446877e-06,0
885,279,0.99999969285050327,-3.0714954392403171e-07,3.0714954392403171e-07,0.99999969285050327,-3.0714954392403171e-07,3.0714954392403171e-07,0
886,63263,0.99999879032442718,-1.2096763044371929e-06,1.2096763044371929e-06,0.99999879032442718,-1.2096763044371929e-06,1.2096763044371929e-06,0
887,315,0.99999972725901265,-2.727410245415232e-07,2.727410245415232e-07,0.99999972725901265,-2.727410245415232e-07,2.727410245415232e-07,0
888,279,0.99999972708626184,-2.7291377541906834e-07,2.7291377541906834e-07,0.99999972708626184,-2.7291377541906834e-07,2.7291377541906834e-07,0
889,24971,0.99999281491588921,-7.1851099236451525e-06,7.1851099236451525e-06,0.99999281491588921,-7.1851099236451525e-06,7.1851099236451525e-06,0
890,343,0.99999989062779671,-1.0937220930336861e-07,1.0937220930336861e-07,0.99999989062779671,-1.0937220930336861e-07,1.0937220930336861e-07,0
891,11188,0.99999886101028401,-1.1389903646333032e-06,1.1389903646333032e-06,0.99999886101028401,-1.1389903646333032e-06,1.1389903646333032e-06,0
892,11,0.99996692816641564,-3.3072380469557807e-05,3.3072380469557807e-05,0.99996692816641564,-3.3072380469557807e-05,3.3072380469557807e-05,0
893,389,0.99999896304882274,-1.0369517148742673e-06,1.0369517148742673e-06,0.99999896304882274,-1.0369517148742673e-06,1.0369517148742673e-06,0
894,1948,0.99999960950171052,-3.9049836578215764e-07,3.9049836578215764e-07,0.99999960950171052,-3.9049836578215764e-07,3.9049836578215764e-07,0
895,315,0.99999912953038128,-8.7046999758704579e-07,8.7046999758704579e-07,0.99999912953038128,-8.7046999758704579e-07,8.7046999758704579e-07,0
896,3766,0.99999339559463074,-6.6044271784243262e-06,6.6044271784243262e-06,0.99999339559463074,-6.6044271784243262e-06,6.6044271784243262e-06,0
897,9191,0.99999293055287797,-7.069472110722041e-06,7.069472110722041e-06,0.99999293055287797,-7.069472110722041e-06,7.069472110722041e-06,0
898,25861,0.99999860329484214,-1.3967061332417983e-06,1.3967061332417983e-06,0.99999860329484214,-1.3967061332417983e-06,1.3967061332417983e-06,0
899,13,0.99997930030108217,-2.0699913159502237e-05,2.0699913159502237e-05,0.99997930030108217,-2.0699913159502237e-05,2.0699913159502237e-05,0
900,57664,0.99990714372531508,-9.2860586095695849e-05,9.2860586095695849e-05,0.99990714372531508,-9.2860586095695849e-05,9.2860586095695849e-05,0
901,574,0.99999895928387872,-1.0407166628689022e-06,1.0407166628689022e-06,0.99999895928387872,-1.0407166628689022e-06,1.0407166628689022e-06,0
902,1243,0.99999636647885781,-3.6335277434680831e-06,3.6335277434680831e-06,0.99999636647885781,-3.6335277434680831e-06,3.6335277434680831e-06,0
903,23183,0.99996815762319857,-3.1842883780664385e-05,3.1842883780664385e-05,0.99996815762319857,-3.1842883780664385e-05,3.1842883780664385e-05,0
904,555,0.99999913744951374,-8.6255085822140165e-07,8.6255085822140165e-07,0.99999913744951374,-8.6255085822140165e-07,8.6255085822140165e-07,0
905,279,0.99999930722040931,-6.9277983067154821e-07,6.9277983067154821e-07,0.99999930722040931,-6.9277983067154821e-07,6.9277983067154821e-07,0
906,7904,0.99997636589437888,-2.3634384911021101e-05,2.3634384911021101e-05,0.99997636589437888,-2.3634384911021101e-05,2.3634384911021101e-05,0
907,1534,0.99998115558950962,-1.8844588048507232e-05,1.8844588048507232e-05,0.99998115558950962,-1.8844588048507232e-05,1.8844588048507232e-05,0
908,32447,0.99988003191950969,-0.00011997527723606275,0.00011997527723606275,0.99988003191950969,-0.00011997527723606275,0.00011997527723606275,0
909,315,0.99999914537761503,-8.5462275019707194e-07,8.5462275019707194e-07,0.99999914537761503,-8.5462275019707194e-07,8.5462275019707194e-07,0
910,31779,0.9999984845638753,-1.5154372729200809e-06,1.5154372729200809e-06,0.9999984845638753,-1.5154372729200809e-06,1.5154372729200809e-06,0
911,391,0.99999778628729574,-2.2137151545128609e-06,2.2137151545128609e-06,0.99999778628729574,-2.2137151545128609e-06,2.2137151545128609e-06,0
912,1494,0.9999998996093814,-1.0039062365979318e-07,1.0039062365979318e-07,0.9999998996093814,-1.0039062365979318e-07,1.0039062365979318e-07,0
913,275,0.99999791454306042,-2.0854591141985927e-06,2.0854591141985927e-06,0.99999791454306042,-2.0854591141985927e-06,2.0854591141985927e-06,0
914,439,0.99948611297472556,-0.00051401911046494481,0.00051401911046494481,0.99948611297472556,-0.00051401911046494481,0.00051401911046494481,0
915,25819,0.9999618346643292,-3.8166063985785962e-05,3.8166063985785962e-05,0.9999618346643292,-3.8166063985785962e-05,3.8166063985785962e-05,0
916,304,0.99999887498009188,-1.1250205409398182e-06,1.1250205409398182e-06,0.99999887498009188,-1.1250205409398182e-06,1.1250205409398182e-06,0
917,279,0.99999905535151878,-9.4464892743222149e-07,9.4464892743222149e-07,0.99999905535151878,-9.4464892743222149e-07,9.4464892743222149e-07,0
918,25706,0.99999847564143596,-1.5243597259022295e-06,1.5243597259022295e-06,0.99999847564143596,-1.5243597259022295e-06,1.5243597259022295e-06,0
919,384,0.99999908736908605,-9.1263133039298675e-07,9.1263133039298675e-07,0.99999908736908605,-9.1263133039298675e-07,9.1263133039298675e-07,0
920,360,0.9999998668859249,-1.3311408399986304e-07,1.3311408399986304e-07,0.9999998668859249,-1.3311408399986304e-07,1.3311408399986304e-07,0
921,16035,0.9999990656204425,-9.3437999405079165e-07,9.3437999405079165e-07,0.9999990656204425,-9.3437999405079165e-07,9.3437999405079165e-07,0
922,33894,0.99998461497517588,-1.5385143174856895e-05,1.5385143174856895e-05,0.99998461497517588,-1.5385143174856895e-05,1.5385143174856895e-05,0
923,30162,0.99997814830351983,-2.1851935231926629e-05,2.1851935231926629e-05,0.99997814830351983,-2.1851935231926629e-05,2.1851935231926629e-05,0
924,28985,0.99999831152596197,-1.6884754634969477e-06,1.6884754634969477e-06,0.99999831152596197,-1.6884754634969477e-06,1.6884754634969477e-06,0
925,2171,0.99965088592987628,-0.00034917502462786221,0.00034917502462786221,0.99965088592987628,-0.00034917502462786221,0.00034917502462786221,0
926,351,0.99999864502064917,-1.3549802688212566e-06,1.3549802688212566e-06,0.99999864502064917,-1.3549802688212566e-06,1.3549802688212566e-06,0
927,3105,0.99999885749615591,-1.142504496717794e-06,1.142504496717794e-06,0.99999885749615591,-1.142504496717794e-06,1.142504496717794e-06,0
928,902,0.87009092429398815,-0.13915756211162361,0.13915756211162361,0.87009092429398815,-0.13915756211162361,0.13915756211162361,0
929,1672,0.9999792119384634,-2.0788277611398616e-05,2.0788277611398616e-05,0.9999792119384634,-2.0788277611398616e-05,2.0788277611398616e-05,0
930,17890,0.99999588343935841,-4.1165691146160802e-06,4.1165691146160802e-06,0.99999588343935841,-4.1165691146160802e-06,4.1165691146160802e-06,0
931,1202,0.99999485574224112,-5.1442709905956336e-06,5.1442709905956336e-06,0.99999485574224112,-5.1442709905956336e-06,5.1442709905956336e-06,0
932,62366,0.99999668007593112,-3.3199295798674143e-06,3.3199295798674143e-06,0.99999668007593112,-3.3199295798674143e-06,3.3199295798674143e-06,0
933,555,0.9999994614108495,-5.3858929556257032e-07,5.3858929556257032e-07,0.9999994614108495,-5.3858929556257032e-07,5.3858929556257032e-07,0
934,53690,0.99999763873835845,-2.361264429301023e-06,2.361264429301023e-06,0.99999763873835845,-2.361264429301023e-06,2.361264429301023e-06,0
935,19580,0.99999920549823407,-7.9450208158871406e-07,7.9450208158871406e-07,0.99999920549823407,-7.9450208158871406e-07,7.9450208158871406e-07,0
936,18276,0.99993094916625769,-6.905321786092417e-05,6.905321786092417e-05,0.99993094916625769,-6.905321786092417e-05,6.905321786092417e-05,0
937,309,0.99999976784715583,-2.3215287106900013e-07,2.3215287106900013e-07,0.99999976784715583,-2.3215287106900013e-07,2.3215287106900013e-07,0
938,468,0.9999959770096748,-4.0229984174323476e-06,4.0229984174323476e-06,0.9999959770096748,-4.0229984174323476e-06,4.0229984174323476e-06,0
939,324,0.99999468531085367,-5.314703269341306e-06,5.314703269341306e-06,0.99999468531085367,-5.314703269341306e-06,5.314703269341306e-06,0
940,3178,0.99999976460659978,-2.3539342791148203e-07,2.3539342791148203e-07,0.99999976460659978,-2.3539342791148203e-07,2.3539342791148203e-07,0
941,382,0.51315485561968555,-0.66717761655637331,0.66717761655637331,0.51315485561968555,-0.66717761655637331,0.66717761655637331,0
942,40141,0.5153918730752447,-0.66282774907747233,0.66282774907747233,0.5153918730752447,-0.66282774907747233,0.66282774907747233,0
943,324,0.99960749186610187,-0.0003925851853785429,0.0003925851853785429,0.99960749186610187,-0.0003925851853785429,0.0003925851853785429,0
944,647,0.99999821210103135,-1.7879005669115739e-06,1.7879005669115739e-06,0.99999821210103135,-1.7879005669115739e-06,1.7879005669115739e-06,0
945,330,0.84281833362248615,-0.17100384405841379,0.17100384405841379,0.84281833362248615,-0.17100384405841379,0.17100384405841379,0
946,101876,0.47253443801729339,-0.74964465001161529,0.74964465001161529,0.47253443801729339,-0.74964465001161529,0.74964465001161529,0
947,101385,0.9958637186387248,-0.0041448594354152411,0.0041448594354152411,0.9958637186387248,-0.0041448594354152411,0.0041448594354152411,0
948,100759,0.99852441197229402,-0.001476677779868455,0.001476677779868455,0.99852441197229402,-0.001476677779868455,0.001476677779868455,0
949,101001,0.9887641433287343,-0.011299455751013803,0.011299455751013803,0.9887641433287343,-0.011299455751013803,0.011299455751013803,0
950,30707,0.68476915001955208,-0.37867350479035061,0.37867350479035061,0.68476915001955208,-0.37867350479035061,0.37867350479035061,0
951,100343,0.78550366677816053,-0.24143015321567551,0.24143015321567551,0.78550366677816053,-0.24143015321567551,0.24143015321567551,0
952,30707,0.95530780628802503,-0.045721680182956081,0.045721680182956081,0.95530780628802503,-0.045721680182956081,0.045721680182956081,0
953,1,0.938088696679793,-0.063910775086246333,0.063910775086246333,0.938088696679793,-0.063910775086246333,0.063910775086246333,0
954,902,0.99776670305053738,-0.0022357944762670082,0.0022357944762670082,0.99776670305053738,-0.0022357944762670082,0.0022357944762670082,0
955,374,0.99999804418406535,-1.9558178473115646e-06,1.9558178473115646e-06,0.99999804418406535,-1.9558178473115646e-06,1.9558178473115646e-06,0
956,264,0.99999310150703535,-6.8985167593129579e-06,6.8985167593129579e-06,0.99999310150703535,-6.8985167593129579e-06,6.8985167593129579e-06,0
957,13970,0.99998966956196456,-1.0330491394812136e-05,1.0330491394812136e-05,0.99998966956196456,-1.0330491394812136e-05,1.0330491394812136e-05,0
958,836,0.99999885345249362,-1.1465481637094768e-06,1.1465481637094768e-06,0.99999885345249362,-1.1465481637094768e-06,1.1465481637094768e-06,0
959,369,0.99999888756346944,-1.112437149366428e-06,1.112437149366428e-06,0.99999888756346944,-1.112437149366428e-06,1.112437149366428e-06,0
960,279,0.99999928392572801,-7.1607452841975315e-07,7.1607452841975315e-07,0.99999928392572801,-7.1607452841975315e-07,7.1607452841975315e-07,0
961,3363,0.99999763333430458,-2.3666684959321664e-06,2.3666684959321664e-06,0.99999763333430458,-2.3666684959321664e-06,2.3666684959321664e-06,0
962,315,0.99999970880548461,-2.9119455781329215e-07,2.9119455781329215e-07,0.99999970880548461,-2.9119455781329215e-07,2.9119455781329215e-07,0
963,57664,0.99999919650044566,-8.0349987712458297e-07,8.0349987712458297e-07,0.99999919650044566,-8.0349987712458297e-07,8.0349987712458297e-07,0
964,374,0.99898557687218348,-0.0010149380031880325,0.0010149380031880325,0.99898557687218348,-0.0010149380031880325,0.0010149380031880325,0
965,10212,0.99999813640556257,-1.8635961739377942e-06,1.8635961739377942e-06,0.99999813640556257,-1.8635961739377942e-06,1.8635961739377942e-06,0
966,304,0.9999962537606002,-3.7462464169438353e-06,3.7462464169438353e-06,0.9999962537606002,-3.7462464169438353e-06,3.7462464169438353e-06,0
967,356,0.99999366451121896,-6.335508850331208e-06,6.335508850331208e-06,0.99999366451121896,-6.335508850331208e-06,6.335508850331208e-06,0
968,13873,0.99999798096404868,-2.0190379895755781e-06,2.0190379895755781e-06,0.99999798096404868,-2.0190379895755781e-06,2.0190379895755781e-06,0
969,220,0.99999797061633477,-2.0293857243929118e-06,2.0293857243929118e-06,0.99999797061633477,-2.0293857243929118e-06,2.0293857243929118e-06,0
970,975,0.99999991243062902,-8.7569374803099931e-08,8.7569374803099931e-08,0.99999991243062902,-8.7569374803099931e-08,8.7569374803099931e-08,0
971,16662,0.99997570419613502,-2.4296099012853288e-05,2.4296099012853288e-05,0.99997570419613502,-2.4296099012853288e-05,2.4296099012853288e-05,0
972,46962,0.99998330114828349,-1.6698991143855e-05,1.6698991143855e-05,0.99998330114828349,-1.6698991143855e-05,1.6698991143855e-05,0
973,354,0.99999803972926649,-1.9602726548824722e-06,1.9602726548824722e-06,0.99999803972926649,-1.9602726548824722e-06,1.9602726548824722e-06,0
974,11,0.99997670790487614,-2.3292366388939939e-05,2.3292366388939939e-05,0.99997670790487614,-2.3292366388939939e-05,2.3292366388939939e-05,0
975,902,0.99999587087934994,-4.1291291748942611e-06,4.1291291748942611e-06,0.99999587087934994,-4.1291291748942611e-06,4.1291291748942611e-06,0
976,374,0.99999990204606126,-9.7953943488446059e-08,9.7953943488446059e-08,0.99999990204606126,-9.7953943488446059e-08,9.7953943488446059e-08,0
977,1457,0.99999991471114802,-8.5288855671268827e-08,8.5288855671268827e-08,0.99999991471114802,-8.5288855671268827e-08,8.5288855671268827e-08,0
978,328,0.99999798244683391,-2.0175552013451477e-06,2.0175552013451477e-06,0.99999798244683391,-2.0175552013451477e-06,2.0175552013451477e-06,0
979,25415,0.9999996343433204,-3.6565674642017165e-07,3.6565674642017165e-07,0.9999996343433204,-3.6565674642017165e-07,3.6565674642017165e-07,0
980,11,0.99998823773910583,-1.1762330070130928e-05,1.1762330070130928e-05,0.99998823773910583,-1.1762330070130928e-05,1.1762330070130928e-05,0
981,323,0.99999946844276499,-5.3155737628130958e-07,5.3155737628130958e-07,0.99999946844276499,-5.3155737628130958e-07,5.3155737628130958e-07,0
982,735,0.99998804546994446,-1.1954601511461956e-05,1.1954601511461956e-05,0.99998804546994446,-1.1954601511461956e-05,1.1954601511461956e-05,0
983,1727,0.99999454625262185,-5.4537622499005544e-06,5.4537622499005544e-06,0.99999454625262185,-5.4537622499005544e-06,5.4537622499005544e-06,0
984,64,0.99999767550415097,-2.3244985507220867e-06,2.3244985507220867e-06,0.99999767550415097,-2.3244985507220867e-06,2.3244985507220867e-06,0
985,382,0.6994961753071165,-0.35739495264406329,0.35739495264406329,0.6994961753071165,-0.35739495264406329,0.35739495264406329,0
986,16397,0.99717661398256097,-0.0028273792898782413,0.0028273792898782413,0.99717661398256097,-0.0028273792898782413,0.0028273792898782413,0
987,279,0.99999533575880184,-4.6642520757837446e-06,4.6642520757837446e-06,0.99999533575880184,-4.6642520757837446e-06,4.6642520757837446e-06,0
988,31402,0.99978730627606227,-0.00021271634645570809,0.00021271634645570809,0.99978730627606227,-0.00021271634645570809,0.00021271634645570809,0
989,315,0.99999951897218153,-4.8102793414289608e-07,4.8102793414289608e-07,0.99999951897218153,-4.8102793414289608e-07,4.8102793414289608e-07,0
990,76086,0.99999886736828947,-1.1326323519664575e-06,1.1326323519664575e-06,0.99999886736828947,-1.1326323519664575e-06,1.1326323519664575e-06,0
991,426,0.99999811431645291,-1.8856853250036825e-06,1.8856853250036825e-06,0.99999811431645291,-1.8856853250036825e-06,1.8856853250036825e-06,0
992,23427,0.99999995520391138,-4.4796089611351189e-08,4.4796089611351189e-08,0.99999995520391138,-4.4796089611351189e-08,4.4796089611351189e-08,0
993,19870,0.99999966793867168,-3.3206138343584463e-07,3.3206138343584463e-07,0.99999966793867168,-3.3206138343584463e-07,3.3206138343584463e-07,0
994,505,0.99998622978916829,-1.3770305641934203e-05,1.3770305641934203e-05,0.99998622978916829,-1.3770305641934203e-05,1.3770305641934203e-05,0
995,220,0.99999855852894903,-1.4414720899389455e-06,1.4414720899389455e-06,0.99999855852894903,-1.4414720899389455e-06,1.4414720899389455e-06,0
996,10410,0.99999959603759514,-4.0396248647010926e-07,4.0396248647010926e-07,0.99999959603759514,-4.0396248647010926e-07,4.0396248647010926e-07,0
997,20,0.99999912229473564,-8.7770564955719419e-07,8.7770564955719419e-07,0.99999912229473564,-8.7770564955719419e-07,8.7770564955719419e-07,0
998,311,0.99999843733170446,-1.5626695165074236e-06,1.5626695165074236e-06,0.99999843733170446,-1.5626695165074236e-06,1.5626695165074236e-06,0
999,220,0.99999655191249781,-3.4480934468864964e-06,3.4480934468864964e-06,0.99999655191249781,-3.4480934468864964e-06,3.4480934468864964e-06,0
1000,9756,0.99999953051712887,-4.6948298130702579e-07,4.6948298130702579e-07,0.99999953051712887,-4.6948298130702579e-07,4.6948298130702579e-07,0
1001,16,0.99999842406585904,-1.5759353827447756e-06,1.5759353827447756e-06,0.99999842406585904,-1.5759353827447756e-06,1.5759353827447756e-06,0
1002,11,0.99999626064497749,-3.7393620139060465e-06,3.7393620139060465e-06,0.99999626064497749,-3.7393620139060465e-06,3.7393620139060465e-06,0
1003,279,0.99999753604670538,-2.4639563301076895e-06,2.4639563301076895e-06,0.99999753604670538,-2.4639563301076895e-06,2.4639563301076895e-06,0
1004,3320,0.99999348713402114,-6.5128871876984381e-06,6.5128871876984381e-06,0.99999348713402114,-6.5128871876984381e-06,6.5128871876984381e-06,0
1005,2957,0.99997375772138863,-2.624262294595214e-05,2.624262294595214e-05,0.99997375772138863,-2.624262294595214e-05,2.624262294595214e-05,0
1006,1122,0.99999978264218181,-2.1735784186182949e-07,2.1735784186182949e-07,0.99999978264218181,-2.1735784186182949e-07,2.1735784186182949e-07,0
1007,21080,0.99999948056174026,-5.1943839461448492e-07,5.1943839461448492e-07,0.99999948056174026,-5.1943839461448492e-07,5.1943839461448492e-07,0
1008,64765,0.99991914362550127,-8.0859643551550449e-05,8.0859643551550449e-05,0.99991914362550127,-8.0859643551550449e-05,8.0859643551550449e-05,0
1009,11,0.99997786569759073,-2.2134547376571178e-05,2.2134547376571178e-05,0.99997786569759073,-2.2134547376571178e-05,2.2134547376571178e-05,0
1010,19762,0.99999118941814524,-8.8106206681404609e-06,8.8106206681404609e-06,0.99999118941814524,-8.8106206681404609e-06,8.8106206681404609e-06,0
1011,311,0.99999971310505054,-2.8689499057703277e-07,2.8689499057703277e-07,0.99999971310505054,-2.8689499057703277e-07,2.8689499057703277e-07,0
1012,1935,0.99999858251724971,-1.4174837549388038e-06,1.4174837549388038e-06,0.99999858251724971,-1.4174837549388038e-06,1.4174837549388038e-06,0
1013,9610,0.99999929231027929,-7.0768997112266652e-07,7.0768997112266652e-07,0.99999929231027929,-7.0768997112266652e-07,7.0768997112266652e-07,0
1014,315,0.99999916503763042,-8.349627181055993e-07,8.349627181055993e-07,0.99999916503763042,-8.349627181055993e-07,8.349627181055993e-07,0
1015,350,0.99999529028636325,-4.7097247274603933e-06,4.7097247274603933e-06,0.99999529028636325,-4.7097247274603933e-06,4.7097247274603933e-06,0
1016,36071,0.99999883509569398,-1.1649049845404288e-06,1.1649049845404288e-06,0.99999883509569398,-1.1649049845404288e-06,1.1649049845404288e-06,0
1017,596,0.9999497043223462,-5.0296942523762909e-05,5.0296942523762909e-05,0.9999497043223462,-5.0296942523762909e-05,5.0296942523762909e-05,0
1018,5734,0.9999909131930711,-9.0868482142128371e-06,9.0868482142128371e-06,0.9999909131930711,-9.0868482142128371e-06,9.0868482142128371e-06,0
1019,6696,0.99999673595850191,-3.264046825112145e-06,3.264046825112145e-06,0.99999673595850191,-3.264046825112145e-06,3.264046825112145e-06,0
1020,555,0.99999890346987574,-1.0965307254375344e-06,1.0965307254375344e-06,0.99999890346987574,-1.0965307254375344e-06,1.0965307254375344e-06,0
1021,23664,0.99998363645441724,-1.6363679467060106e-05,1.6363679467060106e-05,0.99998363645441724,-1.6363679467060106e-05,1.6363679467060106e-05,0
1022,1202,0.99999922983555722,-7.7016473939122318e-07,7.7016473939122318e-07,0.99999922983555722,-7.7016473939122318e-07,7.7016473939122318e-07,0
1023,6233,0.99998888036218836,-1.1119699635310269e-05,1.1119699635310269e-05,0.99998888036218836,-1.1119699635310269e-05,1.1119699635310269e-05,0
