token_index,token_id,probability,logprob,nll,reference_probability,reference_logprob,reference_nll,nll_drift
0,33,0.9865334271137195,-0.013558069538320746,0.013558069538320746,0.9865334271137195,-0.013558069538320746,0.013558069538320746,0
1,21161,0.99999373769012567,-6.2623294826422807e-06,6.2623294826422807e-06,0.99999373769012567,-6.2623294826422807e-06,6.2623294826422807e-06,0
2,11876,0.99896793327138322,-0.0010325996762061962,0.0010325996762061962,0.99896793327138322,-0.0010325996762061962,0.0010325996762061962,0
3,52757,0.99999749654820602,-2.5034549276522449e-06,2.5034549276522449e-06,0.99999749654820602,-2.5034549276522449e-06,2.5034549276522449e-06,0
4,374,0.99677845513420371,-0.0032267452132294437,0.0032267452132294437,0.99677845513420371,-0.0032267452132294437,0.0032267452132294437,0
5,264,0.59926657225285329,-0.51204875105987568,0.51204875105987568,0.59926657225285329,-0.51204875105987568,0.51204875105987568,0
6,6721,0.93617851210496816,-0.065949102628058948,0.065949102628058948,0.93617851210496816,-0.065949102628058948,0.065949102628058948,0
7,83162,0.99959710254618028,-0.00040297863880578899,0.00040297863880578899,0.99959710254618028,-0.00040297863880578899,0.00040297863880578899,0
8,11,0.99741399905681649,-0.00258935041936774,0.00258935041936774,0.99741399905681649,-0.00258935041936774,0.00258935041936774,0
9,9709,0.99980277410708973,-0.00019724534449433307,0.00019724534449433307,0.99980277410708973,-0.00019724534449433307,0.00019724534449433307,0
10,37959,0.99999042138241823,-9.5786634570594551e-06,9.5786634570594551e-06,0.99999042138241823,-9.5786634570594551e-06,9.5786634570594551e-06,0
11,10255,0.9999715657799142,-2.8434624345953256e-05,2.8434624345953256e-05,0.9999715657799142,-2.8434624345953256e-05,2.8434624345953256e-05,0
12,11,0.99987747280122474,-0.0001225347058456483,0.0001225347058456483,0.99987747280122474,-0.0001225347058456483,0.0001225347058456483,0
13,323,0.99999495323954768,-5.0467731872990246e-06,5.0467731872990246e-06,0.99999495323954768,-5.0467731872990246e-06,5.0467731872990246e-06,0
14,4846,0.99992272793896075,-7.7275046678710804e-05,7.7275046678710804e-05,0.99992272793896075,-7.7275046678710804e-05,7.7275046678710804e-05,0
15,19077,0.99985810280588849,-0.00014190726247083566,0.00014190726247083566,0.99985810280588849,-0.00014190726247083566,0.00014190726247083566,0
16,83162,0.99991233789520262,-8.7665947344308572e-05,8.7665947344308572e-05,0.99991233789520262,-8.7665947344308572e-05,8.7665947344308572e-05,0
17,323,0.99995409727285978,-4.5903780702676271e-05,4.5903780702676271e-05,0.99995409727285978,-4.5903780702676271e-05,4.5903780702676271e-05,0
18,6721,0.99682586078726132,-0.00317918747803793,0.00317918747803793,0.99682586078726132,-0.00317918747803793,0.00317918747803793,0
19,3778,0.96933333892518014,-0.031146723228081433,0.031146723228081433,0.96933333892518014,-0.031146723228081433,0.031146723228081433,0
20,9141,0.9999831467348127,-1.6853407205184051e-05,1.6853407205184051e-05,0.9999831467348127,-1.6853407205184051e-05,1.6853407205184051e-05,0
21,2851,0.99999325796386163,-6.742058865950329e-06,6.742058865950329e-06,0.99999325796386163,-6.742058865950329e-06,6.742058865950329e-06,0
22,13,0.99990068878200389,-9.9316149681679834e-05,9.9316149681679834e-05,0.99990068878200389,-9.9316149681679834e-05,9.9316149681679834e-05,0
23,1283,0.99927181845916024,-0.00072844679379393607,0.00072844679379393607,0.99927181845916024,-0.00072844679379393607,0.00072844679379393607,0
24,374,0.93796594207838646,-0.064041639719979004,0.064041639719979004,0.93796594207838646,-0.064041639719979004,0.064041639719979004,0
25,5131,0.99011308582513047,-0.0099361142708424346,0.0099361142708424346,0.99011308582513047,-0.0099361142708424346,0.0099361142708424346,0
26,8667,0.99997966139369465,-2.0338813137608334e-05,2.0338813137608334e-05,0.99997966139369465,-2.0338813137608334e-05,2.0338813137608334e-05,0
27,311,0.99995249578504297,-4.7505343318007697e-05,4.7505343318007697e-05,0.99995249578504297,-4.7505343318007697e-05,4.7505343318007697e-05,0
28,34538,0.99156707288938539,-0.0084686854137964122,0.0084686854137964122,0.99156707288938539,-0.0084686854137964122,0.0084686854137964122,0
29,389,0.99951925935531749,-0.00048085623751452123,0.00048085623751452123,0.99951925935531749,-0.00048085623751452123,0.00048085623751452123,0
30,279,0.99999964426837251,-3.5573169078115323e-07,3.5573169078115323e-07,0.99999964426837251,-3.5573169078115323e-07,3.5573169078115323e-07,0
31,23886,0.99999101123712031,-8.9888032788682143e-06,8.9888032788682143e-06,0.99999101123712031,-8.9888032788682143e-06,8.9888032788682143e-06,0
32,6883,0.99999810181274218,-1.89818905937635e-06,1.89818905937635e-06,0.99999810181274218,-1.89818905937635e-06,1.89818905937635e-06,0
33,323,0.79705655762074556,-0.22682963957198801,0.22682963957198801,0.79705655762074556,-0.22682963957198801,0.22682963957198801,0
34,706,0.74896821755826226,-0.28905872953176887,0.28905872953176887,0.74896821755826226,-0.28905872953176887,0.28905872953176887,0
35,5762,0.44152607634023522,-0.8175181976239857,0.8175181976239857,0.44152607634023522,-0.8175181976239857,0.8175181976239857,0
36,279,0.76334500944117112,-0.270045175007806,0.270045175007806,0.76334500944117112,-0.270045175007806,0.270045175007806,0
37,34538,0.9579627434655259,-0.042946391678233165,0.042946391678233165,0.9579627434655259,-0.042946391678233165,0.042946391678233165,0
38,19134,0.96914596749595661,-0.031340041185292974,0.031340041185292974,0.96914596749595661,-0.031340041185292974,0.031340041185292974,0
39,3116,0.79416732811270285,-0.23046109924160327,0.23046109924160327,0.79416732811270285,-0.23046109924160327,0.23046109924160327,0
40,3115,0.99999506466883803,-4.9353433407704697e-06,4.9353433407704697e-06,0.99999506466883803,-4.9353433407704697e-06,4.9353433407704697e-06,0
41,13,0.90227882265626214,-0.10283169065913093,0.10283169065913093,0.90227882265626214,-0.10283169065913093,0.10283169065913093,0
42,11876,0.78871617673962902,-0.23734874815124413,0.23734874815124413,0.78871617673962902,-0.23734874815124413,0.23734874815124413,0
43,52757,0.99999514593442251,-4.8540773584751102e-06,4.8540773584751102e-06,0.99999514593442251,-4.8540773584751102e-06,4.8540773584751102e-06,0
44,706,0.62875618167770086,-0.46401172592236239,0.46401172592236239,0.62875618167770086,-0.46401172592236239,0.46401172592236239,0
45,1101,0.99971046767128546,-0.00028957425129134924,0.00028957425129134924,0.99971046767128546,-0.00028957425129134924,0.00028957425129134924,0
46,5762,0.5570685718279621,-0.58506693742577442,0.58506693742577442,0.5570685718279621,-0.58506693742577442,0.58506693742577442,0
47,279,0.98707516284456376,-0.013009089616763581,0.013009089616763581,0.98707516284456376,-0.013009089616763581,0.013009089616763581,0
48,28395,0.93182747767680518,-0.070607591220313057,0.070607591220313057,0.93182747767680518,-0.070607591220313057,0.070607591220313057,0
49,29201,0.99997042302460337,-2.957741280396623e-05,2.957741280396623e-05,0.99997042302460337,-2.957741280396623e-05,2.957741280396623e-05,0
50,4870,0.99999987147267844,-1.2852732984611738e-07,1.2852732984611738e-07,0.99999987147267844,-1.2852732984611738e-07,1.2852732984611738e-07,0
51,19134,0.99888078879370379,-0.001119837990871517,0.001119837990871517,0.99888078879370379,-0.001119837990871517,0.001119837990871517,0
52,323,0.99550733199899533,-0.0045027903628736101,0.0045027903628736101,0.99550733199899533,-0.0045027903628736101,0.0045027903628736101,0
53,374,0.65825563641392326,-0.41816191791708646,0.41816191791708646,0.65825563641392326,-0.41816191791708646,0.41816191791708646,0
54,264,0.97022422294322463,-0.030228076524099576,0.030228076524099576,0.97022422294322463,-0.030228076524099576,0.030228076524099576,0
55,832,0.88727185177231616,-0.11960385910587701,0.11960385910587701,0.88727185177231616,-0.11960385910587701,0.11960385910587701,0
56,7394,0.99998331037228994,-1.6689766983424508e-05,1.6689766983424508e-05,0.99998331037228994,-1.6689766983424508e-05,1.6689766983424508e-05,0
57,75636,0.9998641260616401,-0.00013588317005968628,0.00013588317005968628,0.9998641260616401,-0.00013588317005968628,0.00013588317005968628,0
58,25434,0.999997847849868,-2.1521524478531298e-06,2.1521524478531298e-06,0.999997847849868,-2.1521524478531298e-06,2.1521524478531298e-06,0
59,29201,0.99998628186864891,-1.3718225445493664e-05,1.3718225445493664e-05,0.99998628186864891,-1.3718225445493664e-05,1.3718225445493664e-05,0
60,4870,0.99999975084118875,-2.4915884227105025e-07,2.4915884227105025e-07,0.99999975084118875,-2.4915884227105025e-07,2.4915884227105025e-07,0
61,33597,0.9999632812794812,-3.6719394667483406e-05,3.6719394667483406e-05,0.9999632812794812,-3.6719394667483406e-05,3.6719394667483406e-05,0
62,11,0.98301420950437868,-0.017131703695927997,0.017131703695927997,0.98301420950437868,-0.017131703695927997,0.017131703695927997,0
63,3339,0.99999523269595592,-4.7673154076826778e-06,4.7673154076826778e-06,0.99999523269595592,-4.7673154076826778e-06,4.7673154076826778e-06,0
64,1461,0.99999352734964952,-6.4726712981803009e-06,6.4726712981803009e-06,0.99999352734964952,-6.4726712981803009e-06,6.4726712981803009e-06,0
65,264,0.99999602981282543,-3.9701950558410191e-06,3.9701950558410191e-06,0.99999602981282543,-3.9701950558410191e-06,3.9701950558410191e-06,0
66,4330,0.99993324418308061,-6.6758045188124659e-05,6.6758045188124659e-05,0.99993324418308061,-6.6758045188124659e-05,6.6758045188124659e-05,0
67,7394,0.99998002881377235,-1.9971385654483157e-05,1.9971385654483157e-05,0.99998002881377235,-1.9971385654483157e-05,1.9971385654483157e-05,0
68,1917,0.99999742353865295,-2.5764646660945794e-06,2.5764646660945794e-06,0.99999742353865295,-2.5764646660945794e-06,2.5764646660945794e-06,0
69,18824,0.99998916452953368,-1.083552917039952e-05,1.083552917039952e-05,0.99998916452953368,-1.083552917039952e-05,1.083552917039952e-05,0
70,304,0.9999966203770031,-3.3796287078137855e-06,3.3796287078137855e-06,0.9999966203770031,-3.3796287078137855e-06,3.3796287078137855e-06,0
71,6721,0.99999517080155564,-4.8292101049359745e-06,4.8292101049359745e-06,0.99999517080155564,-4.8292101049359745e-06,4.8292101049359745e-06,0
72,36540,0.99999295068440597,-7.0493404406229086e-06,7.0493404406229086e-06,0.99999295068440597,-7.0493404406229086e-06,7.0493404406229086e-06,0
73,382,0.60709030300271305,-0.49907772962573738,0.49907772962573738,0.60709030300271305,-0.49907772962573738,0.49907772962573738,0
74,24641,0.98497161290919577,-0.015142457606861616,0.015142457606861616,0.98497161290919577,-0.015142457606861616,0.015142457606861616,0
75,52757,0.99999742133246383,-2.5786708609635323e-06,2.5786708609635323e-06,0.99999742133246383,-2.5786708609635323e-06,2.5786708609635323e-06,0
76,574,0.86643666618729387,-0.14336626403005581,0.14336626403005581,0.86643666618729387,-0.14336626403005581,0.14336626403005581,0
77,9405,0.99998968315368075,-1.0316899538269697e-05,1.0316899538269697e-05,0.99998968315368075,-1.0316899538269697e-05,1.0316899538269697e-05,0
78,389,0.82742373058385654,-0.18943834445741758,0.18943834445741758,0.82742373058385654,-0.18943834445741758,0.18943834445741758,0
79,5887,0.99997030164310596,-2.9698797898941894e-05,2.9698797898941894e-05,0.99997030164310596,-2.9698797898941894e-05,2.9698797898941894e-05,0
80,220,0.99999985920747669,-1.407925332682884e-07,1.407925332682884e-07,0.99999985920747669,-1.407925332682884e-07,1.407925332682884e-07,0
81,717,0.99999800248217163,-1.997519823353579e-06,1.997519823353579e-06,0.99999800248217163,-1.997519823353579e-06,1.997519823353579e-06,0
82,11,0.99999988710019372,-1.1289981267597737e-07,1.1289981267597737e-07,0.99999988710019372,-1.1289981267597737e-07,1.1289981267597737e-07,0
83,220,0.99999967997441241,-3.2002563874005654e-07,3.2002563874005654e-07,0.99999967997441241,-3.2002563874005654e-07,3.2002563874005654e-07,0
84,4468,0.99999955897266535,-4.4102743191069486e-07,4.4102743191069486e-07,0.99999955897266535,-4.4102743191069486e-07,4.4102743191069486e-07,0
85,22,0.99999827266965247,-1.7273318394199064e-06,1.7273318394199064e-06,0.99999827266965247,-1.7273318394199064e-06,1.7273318394199064e-06,0
86,11,0.99999473950242557,-5.2605114108936396e-06,5.2605114108936396e-06,0.99999473950242557,-5.2605114108936396e-06,5.2605114108936396e-06,0
87,304,0.99998552476715996,-1.4475337607222922e-05,1.4475337607222922e-05,0.99998552476715996,-1.4475337607222922e-05,1.4475337607222922e-05,0
88,64377,0.99980663311736995,-0.00019338558041608793,0.00019338558041608793,0.99980663311736995,-0.00019338558041608793,0.00019338558041608793,0
89,11,0.99999884572654241,-1.1542741237971327e-06,1.1542741237971327e-06,0.99999884572654241,-1.1542741237971327e-06,1.1542741237971327e-06,0
90,4987,0.99999964724398793,-3.5275607430509305e-07,3.5275607430509305e-07,0.99999964724398793,-3.5275607430509305e-07,3.5275607430509305e-07,0
91,28972,0.99999954100380317,-4.5899630220972091e-07,4.5899630220972091e-07,0.99999954100380317,-4.5899630220972091e-07,4.5899630220972091e-07,0
92,13,0.5986563350096632,-0.51306757671597802,0.51306757671597802,0.5986563350096632,-0.51306757671597802,0.51306757671597802,0
93,1283,0.99998004132593332,-1.9958873243612194e-05,1.9958873243612194e-05,0.99998004132593332,-1.9958873243612194e-05,1.9958873243612194e-05,0
94,574,0.80360506145359045,-0.21864734758733725,0.21864734758733725,0.80360506145359045,-0.21864734758733725,0.21864734758733725,0
95,9408,0.99998647472525259,-1.3525366214783315e-05,1.3525366214783315e-05,0.99998647472525259,-1.3525366214783315e-05,1.3525366214783315e-05,0
96,389,0.99999959675471362,-4.032453677287171e-07,4.032453677287171e-07,0.99999959675471362,-4.032453677287171e-07,4.032453677287171e-07,0
97,264,0.99999323923602101,-6.7607868330299144e-06,6.7607868330299144e-06,0.99999323923602101,-6.7607868330299144e-06,6.7607868330299144e-06,0
98,34479,0.97884321746708514,-0.021383794866612314,0.021383794866612314,0.97884321746708514,-0.021383794866612314,0.021383794866612314,0
99,8961,0.99999671817298108,-3.2818324040861652e-06,3.2818324040861652e-06,0.99999671817298108,-3.2818324040861652e-06,3.2818324040861652e-06,0
100,13234,0.64881899442676605,-0.43260150036600059,0.43260150036600059,0.64881899442676605,-0.43260150036600059,0.43260150036600059,0
101,555,0.99999984264440045,-1.5735561192801349e-07,1.5735561192801349e-07,0.99999984264440045,-1.5735561192801349e-07,1.5735561192801349e-07,0
102,813,0.99999737030401237,-2.6296994453271885e-06,2.6296994453271885e-06,0.99999737030401237,-2.6296994453271885e-06,2.6296994453271885e-06,0
103,6699,0.99998707242104123,-1.2927662520601926e-05,1.2927662520601926e-05,0.99998707242104123,-1.2927662520601926e-05,1.2927662520601926e-05,0
104,323,0.98760672635818481,-0.012470710722049331,0.012470710722049331,0.98760672635818481,-0.012470710722049331,0.012470710722049331,0
105,706,0.90068564332478418,-0.10459897978346454,0.10459897978346454,0.90068564332478418,-0.10459897978346454,0.10459897978346454,0
106,1403,0.9981618552210797,-0.0018398362401192859,0.0018398362401192859,0.9981618552210797,-0.0018398362401192859,0.0018398362401192859,0
107,9191,0.9999947058303752,-5.2941836389457049e-06,5.2941836389457049e-06,0.9999947058303752,-5.2941836389457049e-06,5.2941836389457049e-06,0
108,20820,0.99999795911731459,-2.0408847680226848e-06,2.0408847680226848e-06,0.99999795911731459,-2.0408847680226848e-06,2.0408847680226848e-06,0
109,323,0.99959557389172626,-0.00040450791056828025,0.00040450791056828025,0.99959557389172626,-0.00040450791056828025,0.00040450791056828025,0
110,264,0.99992067376124805,-7.9329385244398122e-05,7.9329385244398122e-05,0.99992067376124805,-7.9329385244398122e-05,7.9329385244398122e-05,0
111,14992,0.99996609650849344,-3.3904066242938963e-05,3.3904066242938963e-05,0.99996609650849344,-3.3904066242938963e-05,3.3904066242938963e-05,0
112,13219,0.99999945155908654,-5.4844106382710162e-07,5.4844106382710162e-07,0.99999945155908654,-5.4844106382710162e-07,5.4844106382710162e-07,0
113,13,0.99996972071465751,-3.0279743769344256e-05,3.0279743769344256e-05,0.99996972071465751,-3.0279743769344256e-05,3.0279743769344256e-05,0
114,11876,0.96881207719180851,-0.031684620685728561,0.031684620685728561,0.96881207719180851,-0.031684620685728561,0.031684620685728561,0
115,52757,0.9999928232536569,-7.176772096027266e-06,7.176772096027266e-06,0.9999928232536569,-7.176772096027266e-06,7.176772096027266e-06,0
116,18677,0.88319354798543681,-0.12421090875610206,0.12421090875610206,0.88319354798543681,-0.12421090875610206,0.12421090875610206,0
117,64377,0.78837448297139079,-0.23778206981411848,0.23778206981411848,0.78837448297139079,-0.23778206981411848,0.23778206981411848,0
118,5234,0.99999853946066009,-1.4605404065076066e-06,1.4605404065076066e-06,0.99999853946066009,-1.4605404065076066e-06,1.4605404065076066e-06,0
119,6150,0.99999918513305908,-8.1486727294355108e-07,8.1486727294355108e-07,0.99999918513305908,-8.1486727294355108e-07,8.1486727294355108e-07,0
120,11,0.92869532851947667,-0.073974550341525197,0.073974550341525197,0.92869532851947667,-0.073974550341525197,0.073974550341525197,0
121,1405,0.99999221467437671,-7.7853559290642175e-06,7.7853559290642175e-06,0.99999221467437671,-7.7853559290642175e-06,7.7853559290642175e-06,0
122,568,0.99999987052446915,-1.2947553923470625e-07,1.2947553923470625e-07,0.99999987052446915,-1.2947553923470625e-07,1.2947553923470625e-07,0
123,6476,0.99981971321645258,-0.00018030303716320015,0.00018030303716320015,0.99981971321645258,-0.00018030303716320015,0.00018030303716320015,0
124,9141,0.99999104456892218,-8.9554711779784476e-06,8.9554711779784476e-06,0.99999104456892218,-8.9554711779784476e-06,8.9554711779784476e-06,0
125,323,0.99999909573274459,-9.042676642373943e-07,9.042676642373943e-07,0.99999909573274459,-9.042676642373943e-07,9.042676642373943e-07,0
126,67235,0.99550722683803716,-0.0045028959984228486,0.0045028959984228486,0.99550722683803716,-0.0045028959984228486,0.0045028959984228486,0
127,304,0.99999992909692892,-7.0903073563421617e-08,7.0903073563421617e-08,0.99999992909692892,-7.0903073563421617e-08,7.0903073563421617e-08,0
128,19077,0.99999675139023381,-3.2486150428846762e-06,3.2486150428846762e-06,0.99999675139023381,-3.2486150428846762e-06,3.2486150428846762e-06,0
129,36540,0.99999669351037512,-3.3064950913372115e-06,3.3064950913372115e-06,0.99999669351037512,-3.3064950913372115e-06,3.3064950913372115e-06,0
130,11,0.91865855907833138,-0.084840760942073226,0.084840760942073226,0.91865855907833138,-0.084840760942073226,0.084840760942073226,0
131,25012,0.95628929007878094,-0.044694807021381726,0.044694807021381726,0.95628929007878094,-0.044694807021381726,0.044694807021381726,0
132,4948,0.99999842333811395,-1.5766631290155122e-06,1.5766631290155122e-06,0.99999842333811395,-1.5766631290155122e-06,1.5766631290155122e-06,0
133,304,0.99999877369561163,-1.2263051402533129e-06,1.2263051402533129e-06,0.99999877369561163,-1.2263051402533129e-06,1.2263051402533129e-06,0
134,279,0.99999769206179989,-2.3079408634383481e-06,2.3079408634383481e-06,0.99999769206179989,-2.3079408634383481e-06,2.3079408634383481e-06,0
135,1614,0.99999385747192027,-6.1425469451827444e-06,6.1425469451827444e-06,0.99999385747192027,-6.1425469451827444e-06,6.1425469451827444e-06,0
136,59284,0.99998374591072559,-1.6254221373504706e-05,1.6254221373504706e-05,0.99998374591072559,-1.6254221373504706e-05,1.6254221373504706e-05,0
137,813,0.99939815565005929,-0.00060202553095032381,0.00060202553095032381,0.99939815565005929,-0.00060202553095032381,0.00060202553095032381,0
138,10195,0.99999963278434978,-3.6721571768941759e-07,3.6721571768941759e-07,0.99999963278434978,-3.6721571768941759e-07,3.6721571768941759e-07,0
139,1060,0.99999963773413847,-3.6226592714103853e-07,3.6226592714103853e-07,0.99999963773413847,-3.6226592714103853e-07,3.6226592714103853e-07,0
140,382,0.54666594393437618,-0.60391736890413961,0.60391736890413961,0.54666594393437618,-0.60391736890413961,0.60391736890413961,0
141,24641,0.95796044768119826,-0.04294878820888564,0.04294878820888564,0.95796044768119826,-0.04294878820888564,0.04294878820888564,0
142,52757,0.99998898147621806,-1.1018584486327031e-05,1.1018584486327031e-05,0.99998898147621806,-1.1018584486327031e-05,1.1018584486327031e-05,0
143,18677,0.7882851954157889,-0.23789533148614742,0.23789533148614742,0.7882851954157889,-0.23789533148614742,0.23789533148614742,0
144,426,0.99988602042120434,-0.00011398607496144135,0.00011398607496144135,0.99988602042120434,-0.00011398607496144135,0.00011398607496144135,0
145,2191,0.99999909525677977,-9.0474362951816941e-07,9.0474362951816941e-07,0.99999909525677977,-9.0474362951816941e-07,9.0474362951816941e-07,0
146,277,0.9999999842597711,-1.5740228996220689e-08,1.5740228996220689e-08,0.9999999842597711,-1.5740228996220689e-08,1.5740228996220689e-08,0
147,377,0.99999969224913021,-3.0775091713466503e-07,3.0775091713466503e-07,0.99999969224913021,-3.0775091713466503e-07,3.0775091713466503e-07,0
148,3314,0.99999708324179537,-2.9167624584019262e-06,2.9167624584019262e-06,0.99999708324179537,-2.9167624584019262e-06,2.9167624584019262e-06,0
149,9304,0.99999488732641439,-5.1126866553358102e-06,5.1126866553358102e-06,0.99999488732641439,-5.1126866553358102e-06,5.1126866553358102e-06,0
150,11,0.99869068289877583,-0.001310175005787785,0.001310175005787785,0.99869068289877583,-0.001310175005787785,0.001310175005787785,0
151,1405,0.99999025990864165,-9.7401387933735819e-06,9.7401387933735819e-06,0.99999025990864165,-9.7401387933735819e-06,9.7401387933735819e-06,0
152,568,0.99999963356147281,-3.664385942757623e-07,3.664385942757623e-07,0.99999963356147281,-3.664385942757623e-07,3.664385942757623e-07,0
153,2834,0.99999657841478751,-3.4215910661454343e-06,3.4215910661454343e-06,0.99999657841478751,-3.4215910661454343e-06,3.4215910661454343e-06,0
154,279,0.99999930926718916,-6.9073304934413047e-07,6.9073304934413047e-07,0.99999930926718916,-6.9073304934413047e-07,6.9073304934413047e-07,0
155,5165,0.99466559474512273,-0.0053486839962884848,0.0053486839962884848,0.99466559474512273,-0.0053486839962884848,0.0053486839962884848,0
156,31870,0.99986722479481438,-0.00013278402059352872,0.00013278402059352872,0.99986722479481438,-0.00013278402059352872,0.00013278402059352872,0
157,9304,0.99999288423422306,-7.1157910941389361e-06,7.1157910941389361e-06,0.99999288423422306,-7.1157910941389361e-06,7.1157910941389361e-06,0
158,51506,0.99999142291928189,-8.577117501461319e-06,8.577117501461319e-06,0.99999142291928189,-8.577117501461319e-06,8.577117501461319e-06,0
159,10229,0.9999897446205559,-1.0255432030848595e-05,1.0255432030848595e-05,0.9999897446205559,-1.0255432030848595e-05,1.0255432030848595e-05,0
160,320,0.99017209394230887,-0.0098765186956204735,0.0098765186956204735,0.99017209394230887,-0.0098765186956204735,0.0098765186956204735,0
161,88086,0.99987316996582709,-0.00012683807778183124,0.00012683807778183124,0.99987316996582709,-0.00012683807778183124,0.00012683807778183124,0
162,29733,0.99999515081333468,-4.8491984226873322e-06,4.8491984226873322e-06,0.99999515081333468,-4.8491984226873322e-06,4.8491984226873322e-06,0
163,8,0.9999993519720991,-6.4802811081188424e-07,6.4802811081188424e-07,0.9999993519720991,-6.4802811081188424e-07,6.4802811081188424e-07,0
164,71729,0.99996827320117432,-3.1727302131183668e-05,3.1727302131183668e-05,0.99996827320117432,-3.1727302131183668e-05,3.1727302131183668e-05,0
165,36540,0.99998923820220331,-1.0761855705288748e-05,1.0761855705288748e-05,0.99998923820220331,-1.0761855705288748e-05,1.0761855705288748e-05,0
166,22279,0.99997717432761801,-2.2825932891623742e-05,2.2825932891623742e-05,0.99997717432761801,-2.2825932891623742e-05,2.2825932891623742e-05,0
167,304,0.99879860497264572,-0.0012021172808926942,0.0012021172808926942,0.99879860497264572,-0.0012021172808926942,0.0012021172808926942,0
168,813,0.99999781101338825,-2.1889890076352088e-06,2.1889890076352088e-06,0.99999781101338825,-2.1889890076352088e-06,2.1889890076352088e-06,0
169,51498,0.99999357488619256,-6.4251344485303961e-06,6.4251344485303961e-06,0.99999357488619256,-6.4251344485303961e-06,6.4251344485303961e-06,0
170,1060,0.99999919090898293,-8.0909134434627655e-07,8.0909134434627655e-07,0.99999919090898293,-8.0909134434627655e-07,8.0909134434627655e-07,0
171,13,0.99984462794179529,-0.00015538412969336884,0.00015538412969336884,0.99984462794179529,-0.00015538412969336884,0.00015538412969336884,0
172,1283,0.99999718519243697,-2.8148115246660551e-06,2.8148115246660551e-06,0.99999718519243697,-2.8148115246660551e-06,2.8148115246660551e-06,0
173,1243,0.88251720758007002,-0.12497699169048164,0.12497699169048164,0.88251720758007002,-0.12497699169048164,0.12497699169048164,0
174,23217,0.99966765271589864,-0.00033240252369947862,0.00033240252369947862,0.99966765271589864,-0.00033240252369947862,0.00033240252369947862,0
175,311,0.99999997590275302,-2.4097247240380182e-08,2.4097247240380182e-08,0.99999997590275302,-2.4097247240380182e-08,2.4097247240380182e-08,0
176,279,0.9999998723782294,-1.27621778772506e-07,1.27621778772506e-07,0.9999998723782294,-1.27621778772506e-07,1.27621778772506e-07,0
177,3907,0.99999683682785545,-3.1631771473619438e-06,3.1631771473619438e-06,0.99999683682785545,-3.1631771473619438e-06,3.1631771473619438e-06,0
178,315,0.99999908479098676,-9.1520943198935021e-07,9.1520943198935021e-07,0.99999908479098676,-9.1520943198935021e-07,9.1520943198935021e-07,0
179,19461,0.99998448601748036,-1.5514102862686526e-05,1.5514102862686526e-05,0.99998448601748036,-1.5514102862686526e-05,1.5514102862686526e-05,0
180,389,0.92534999936200324,-0.077583235347845086,0.077583235347845086,0.92534999936200324,-0.077583235347845086,0.077583235347845086,0
181,264,0.99999963702072281,-3.6297934309733016e-07,3.6297934309733016e-07,0.99999963702072281,-3.6297934309733016e-07,3.6297934309733016e-07,0
182,36540,0.99996931782177789,-3.0682648929758896e-05,3.0682648929758896e-05,0.99996931782177789,-3.0682648929758896e-05,3.0682648929758896e-05,0
183,34225,0.99999654410340255,-3.4559025690345184e-06,3.4559025690345184e-06,0.99999654410340255,-3.4559025690345184e-06,3.4559025690345184e-06,0
184,369,0.98594883724684335,-0.014150814927777281,0.014150814927777281,0.98594883724684335,-0.014150814927777281,0.014150814927777281,0
185,813,0.99999951882091798,-4.811791977383803e-07,4.811791977383803e-07,0.99999951882091798,-4.811791977383803e-07,4.811791977383803e-07,0
186,27144,0.99999884008389173,-1.159916780937683e-06,1.159916780937683e-06,0.99999884008389173,-1.159916780937683e-06,1.159916780937683e-06,0
187,323,0.99999967500930309,-3.2499074968209876e-07,3.2499074968209876e-07,0.99999967500930309,-3.2499074968209876e-07,3.2499074968209876e-07,0
188,10195,0.99999951707542423,-4.8292469242285649e-07,4.8292469242285649e-07,0.99999951707542423,-4.8292469242285649e-07,4.8292469242285649e-07,0
189,7926,0.99995713350366711,-4.2867415127407169e-05,4.2867415127407169e-05,0.99995713350366711,-4.2867415127407169e-05,4.2867415127407169e-05,0
190,1667,0.99999752213951432,-2.4778635555323717e-06,2.4778635555323717e-06,0.99999752213951432,-2.4778635555323717e-06,2.4778635555323717e-06,0
191,13,0.95839493450912383,-0.042495336996852248,0.042495336996852248,0.95839493450912383,-0.042495336996852248,0.042495336996852248,0
192,2684,0.63239819266575381,-0.45823603154819392,0.45823603154819392,0.63239819266575381,-0.45823603154819392,0.45823603154819392,0
193,11,0.99999963560342087,-3.6439664552354949e-07,3.6439664552354949e-07,0.99999963560342087,-3.6439664552354949e-07,3.6439664552354949e-07,0
194,568,0.9998129456171202,-0.00018707187973283275,0.00018707187973283275,0.9998129456171202,-0.00018707187973283275,0.00018707187973283275,0
195,574,0.99135184519802999,-0.0086857671010378053,0.0086857671010378053,0.99135184519802999,-0.0086857671010378053,0.0086857671010378053,0
196,3130,0.99897292012114491,-0.0010276076868254815,0.0010276076868254815,0.99897292012114491,-0.0010276076868254815,0.0010276076868254815,0
197,16862,0.99999922417484755,-7.7582545335403558e-07,7.7582545335403558e-07,0.99999922417484755,-7.7582545335403558e-07,7.7582545335403558e-07,0
198,449,0.99999779330594285,-2.2066964919423966e-06,2.2066964919423966e-06,0.99999779330594285,-2.2066964919423966e-06,2.2066964919423966e-06,0
199,3938,0.99963792086388314,-0.000362144702594576,0.000362144702594576,0.99963792086388314,-0.000362144702594576,0.000362144702594576,0
200,34538,0.99999845643354834,-1.5435676430045835e-06,1.5435676430045835e-06,0.99999845643354834,-1.5435676430045835e-06,1.5435676430045835e-06,0
201,37444,0.99997787908673241,-2.2121157938643687e-05,2.2121157938643687e-05,0.99997787908673241,-2.2121157938643687e-05,2.2121157938643687e-05,0
202,37940,0.99999581093270451,-4.1890760697060508e-06,4.1890760697060508e-06,0.99999581093270451,-4.1890760697060508e-06,4.1890760697060508e-06,0
203,783,0.9999999017997746,-9.82002302330479e-08,9.82002302330479e-08,0.9999999017997746,-9.82002302330479e-08,9.82002302330479e-08,0
204,30411,0.9999997298543345,-2.70145701956395e-07,2.70145701956395e-07,0.9999997298543345,-2.70145701956395e-07,2.70145701956395e-07,0
205,11,0.98490769349218787,-0.015207354391982019,0.015207354391982019,0.98490769349218787,-0.015207354391982019,0.015207354391982019,0
206,889,0.9999942565195884,-5.7434969054156215e-06,5.7434969054156215e-06,0.9999942565195884,-5.7434969054156215e-06,5.7434969054156215e-06,0
207,574,0.99999872474663554,-1.2752541775810568e-06,1.2752541775810568e-06,0.99999872474663554,-1.2752541775810568e-06,1.2752541775810568e-06,0
208,1101,0.99999761762539574,-2.382377442078251e-06,2.382377442078251e-06,0.99999761762539574,-2.382377442078251e-06,2.382377442078251e-06,0
209,813,0.99998891981301485,-1.1080248370871284e-05,1.1080248370871284e-05,0.99998891981301485,-1.1080248370871284e-05,1.1080248370871284e-05,0
210,18328,0.99985420680108195,-0.00014580382777953596,0.00014580382777953596,0.99985420680108195,-0.00014580382777953596,0.00014580382777953596,0
211,7395,0.99999528192411991,-4.7180870102093407e-06,4.7180870102093407e-06,0.99999528192411991,-4.7180870102093407e-06,4.7180870102093407e-06,0
212,382,0.99303106401477914,-0.0069933324305177496,0.0069933324305177496,0.99303106401477914,-0.0069933324305177496,0.0069933324305177496,0
213,24641,0.99759139560333154,-0.0024115097504077494,0.0024115097504077494,0.99759139560333154,-0.0024115097504077494,0.0024115097504077494,0
214,52757,0.9999955581688198,-4.4418410452067896e-06,4.4418410452067896e-06,0.9999955581688198,-4.4418410452067896e-06,4.4418410452067896e-06,0
215,2834,0.99071377513263648,-0.0093296106558530146,0.0093296106558530146,0.99071377513263648,-0.0093296106558530146,0.0093296106558530146,0
216,279,0.99999290219471193,-7.097830477556872e-06,7.097830477556872e-06,0.99999290219471193,-7.097830477556872e-06,7.097830477556872e-06,0
217,220,0.9999858147013857,-1.4185399226640235e-05,1.4185399226640235e-05,0.9999858147013857,-1.4185399226640235e-05,1.4185399226640235e-05,0
218,1049,0.99999918987584613,-8.1012448197350837e-07,8.1012448197350837e-07,0.99999918987584613,-8.1012448197350837e-07,8.1012448197350837e-07,0
219,15,0.99999936810438916,-6.3189581053745266e-07,6.3189581053745266e-07,0.99999936810438916,-6.3189581053745266e-07,6.3189581053745266e-07,0
220,5165,0.99270647521925148,-0.0073202525717805476,0.0073202525717805476,0.99270647521925148,-0.0073202525717805476,0.0073202525717805476,0
221,57665,0.99999986640891259,-1.3359109636580833e-07,1.3359109636580833e-07,0.99999986640891259,-1.3359109636580833e-07,1.3359109636580833e-07,0
222,6629,0.99999972994002662,-2.7006000985947417e-07,2.7006000985947417e-07,0.99999972994002662,-2.7006000985947417e-07,2.7006000985947417e-07,0
223,51506,0.99999091907302828,-9.0809682036352848e-06,9.0809682036352848e-06,0.99999091907302828,-9.0809682036352848e-06,9.0809682036352848e-06,0
224,10229,0.99999242159200485,-7.578436711446959e-06,7.578436711446959e-06,0.99999242159200485,-7.578436711446959e-06,7.578436711446959e-06,0
225,320,0.99999949941310262,-5.0058702266205097e-07,5.0058702266205097e-07,0.99999949941310262,-5.0058702266205097e-07,5.0058702266205097e-07,0
226,45,0.99999496220923167,-5.0378034580483714e-06,5.0378034580483714e-06,0.99999496220923167,-5.0378034580483714e-06,5.0378034580483714e-06,0
227,29733,0.99992401804594244,-7.5984840832496263e-05,7.5984840832496263e-05,0.99992401804594244,-7.5984840832496263e-05,7.5984840832496263e-05,0
228,8,0.99999896151388357,-1.0384866556768381e-06,1.0384866556768381e-06,0.99999896151388357,-1.0384866556768381e-06,1.0384866556768381e-06,0
229,14829,0.99999562895787797,-4.3710516750208824e-06,4.3710516750208824e-06,0.99999562895787797,-4.3710516750208824e-06,4.3710516750208824e-06,0
230,358,0.9999911560895125,-8.8439495950959491e-06,8.8439495950959491e-06,0.9999911560895125,-8.8439495950959491e-06,8.8439495950959491e-06,0
231,71729,0.99996234939651973,-3.7651312282065335e-05,3.7651312282065335e-05,0.99996234939651973,-3.7651312282065335e-05,3.7651312282065335e-05,0
232,36540,0.99999150243276935,-8.4976033351526409e-06,8.4976033351526409e-06,0.99999150243276935,-8.4976033351526409e-06,8.4976033351526409e-06,0
233,22279,0.99997797515613751,-2.2025086412893856e-05,2.2025086412893856e-05,0.99997797515613751,-2.2025086412893856e-05,2.2025086412893856e-05,0
234,813,0.99981301551391888,-0.00018700196985968668,0.00018700196985968668,0.99981301551391888,-0.00018700196985968668,0.00018700196985968668,0
235,10195,0.99999948076038203,-5.1923975272590304e-07,5.1923975272590304e-07,0.99999948076038203,-5.1923975272590304e-07,5.1923975272590304e-07,0
236,1060,0.99999940346208771,-5.9653809018723835e-07,5.9653809018723835e-07,0.99999940346208771,-5.9653809018723835e-07,5.9653809018723835e-07,0
237,1306,0.99929842015863757,-0.00070182606366919048,0.00070182606366919048,0.99929842015863757,-0.00070182606366919048,0.00070182606366919048,0
238,1694,0.99998997525127298,-1.0024798975168069e-05,1.0024798975168069e-05,0.99998997525127298,-1.0024798975168069e-05,1.0024798975168069e-05,0
239,279,0.99998406207183976,-1.5938055170342228e-05,1.5938055170342228e-05,0.99998406207183976,-1.5938055170342228e-05,1.5938055170342228e-05,0
240,23055,0.9999640971632584,-3.5903481263869751e-05,3.5903481263869751e-05,0.9999640971632584,-3.5903481263869751e-05,3.5903481263869751e-05,0
241,5352,0.99996645908345105,-3.3541479058094724e-05,3.3541479058094724e-05,0.99996645908345105,-3.3541479058094724e-05,3.3541479058094724e-05,0
242,311,0.97912582582241869,-0.021095119866091118,0.021095119866091118,0.97912582582241869,-0.021095119866091118,0.021095119866091118,0
243,18587,0.99993045463377295,-6.9547784618142881e-05,6.9547784618142881e-05,0.99993045463377295,-6.9547784618142881e-05,6.9547784618142881e-05,0
244,66549,0.99992238567001457,-7.7617342133422693e-05,7.7617342133422693e-05,0.99992238567001457,-7.7617342133422693e-05,7.7617342133422693e-05,0
245,279,0.99998405981130545,-1.5940315740679055e-05,1.5940315740679055e-05,0.99998405981130545,-1.5940315740679055e-05,1.5940315740679055e-05,0
246,1060,0.99872451482692348,-0.0012762992966318478,0.0012762992966318478,0.99872451482692348,-0.0012762992966318478,0.0012762992966318478,0
247,4972,0.99991169353458065,-8.831036466486959e-05,8.831036466486959e-05,0.99991169353458065,-8.831036466486959e-05,8.831036466486959e-05,0
248,13,0.99997162082043034,-2.8379582266140496e-05,2.8379582266140496e-05,0.99997162082043034,-2.8379582266140496e-05,2.8379582266140496e-05,0
249,1283,0.99996457834167707,-3.5422285684675651e-05,3.5422285684675651e-05,0.99996457834167707,-3.5422285684675651e-05,3.5422285684675651e-05,0
250,8220,0.99990307776206977,-9.6926935193877145e-05,9.6926935193877145e-05,0.99990307776206977,-9.6926935193877145e-05,9.6926935193877145e-05,0
251,813,0.99999696529730231,-3.0347073023728312e-06,3.0347073023728312e-06,0.99999696529730231,-3.0347073023728312e-06,3.0347073023728312e-06,0
252,19077,0.99999042295624663,-9.5770896135346037e-06,9.5770896135346037e-06,0.99999042295624663,-9.5770896135346037e-06,9.5770896135346037e-06,0
253,7076,0.99998617661870748,-1.3823476836303674e-05,1.3823476836303674e-05,0.99998617661870748,-1.3823476836303674e-05,1.3823476836303674e-05,0
254,439,0.91693447519554749,-0.086719264899741758,0.086719264899741758,0.91693447519554749,-0.086719264899741758,0.086719264899741758,0
255,264,0.9999958730019769,-4.127006539152054e-06,4.127006539152054e-06,0.9999958730019769,-4.127006539152054e-06,4.127006539152054e-06,0
256,1403,0.9999069742620319,-9.3030065130440329e-05,9.3030065130440329e-05,0.9999069742620319,-9.3030065130440329e-05,9.3030065130440329e-05,0
257,7394,0.99998350239076794,-1.6497745319124585e-05,1.6497745319124585e-05,0.99998350239076794,-1.6497745319124585e-05,1.6497745319124585e-05,0
258,27816,0.99989988188226309,-0.00010012312989017415,0.00010012312989017415,0.99989988188226309,-0.00010012312989017415,0.00010012312989017415,0
259,29733,0.99999651749229024,-3.4825137736583623e-06,3.4825137736583623e-06,0.99999651749229024,-3.4825137736583623e-06,3.4825137736583623e-06,0
260,2052,0.99998604083413878,-1.3959263291268519e-05,1.3959263291268519e-05,0.99998604083413878,-1.3959263291268519e-05,1.3959263291268519e-05,0
261,24145,0.99968503867541847,-0.00031501093531673027,0.00031501093531673027,0.99968503867541847,-0.00031501093531673027,0.00031501093531673027,0
262,11,0.99997101978557612,-2.8980634358406506e-05,2.8980634358406506e-05,0.99997101978557612,-2.8980634358406506e-05,2.8980634358406506e-05,0
263,279,0.99988678029666112,-0.0001132261131733137,0.0001132261131733137,0.99988678029666112,-0.0001132261131733137,0.0001132261131733137,0
264,220,0.99999246905779748,-7.5309705602072363e-06,7.5309705602072363e-06,0.99999246905779748,-7.5309705602072363e-06,7.5309705602072363e-06,0
265,2550,0.9999995290420558,-4.7095805512040035e-07,4.7095805512040035e-07,0.9999995290420558,-4.7095805512040035e-07,4.7095805512040035e-07,0
266,23,0.99999895184153087,-1.0481590184880496e-06,1.0481590184880496e-06,0.99999895184153087,-1.0481590184880496e-06,1.0481590184880496e-06,0
267,27816,0.99997805831728659,-2.1941923435641022e-05,2.1941923435641022e-05,0.99997805831728659,-2.1941923435641022e-05,2.1941923435641022e-05,0
268,29733,0.99999762877088194,-2.3712319294107254e-06,2.3712319294107254e-06,0.99999762877088194,-2.3712319294107254e-06,2.3712319294107254e-06,0
269,29201,0.99963673473802617,-0.0003633312587824584,0.0003633312587824584,0.99963673473802617,-0.0003633312587824584,0.0003633312587824584,0
270,4870,0.99999991923719433,-8.0762808954379853e-08,8.0762808954379853e-08,0.99999991923719433,-8.0762808954379853e-08,8.0762808954379853e-08,0
271,33597,0.99999729195441189,-2.7080492549162735e-06,2.7080492549162735e-06,0.99999729195441189,-2.7080492549162735e-06,2.7080492549162735e-06,0
272,11,0.99999716053218768,-2.8394718435677756e-06,2.8394718435677756e-06,0.99999716053218768,-2.8394718435677756e-06,2.8394718435677756e-06,0
273,1403,0.99950704635275911,-0.00049307518883456608,0.00049307518883456608,0.99950704635275911,-0.00049307518883456608,0.00049307518883456608,0
274,7394,0.99999079141542091,-9.2086269783891884e-06,9.2086269783891884e-06,0.99999079141542091,-9.2086269783891884e-06,9.2086269783891884e-06,0
275,34260,0.99998590483333449,-1.4095266003297569e-05,1.4095266003297569e-05,0.99998590483333449,-1.4095266003297569e-05,1.4095266003297569e-05,0
276,2052,0.99999265358972167,-7.3464372633558545e-06,7.3464372633558545e-06,0.99999265358972167,-7.3464372633558545e-06,7.3464372633558545e-06,0
277,24145,0.99997015705346759,-2.984339184197769e-05,2.984339184197769e-05,0.99997015705346759,-2.984339184197769e-05,2.984339184197769e-05,0
278,11,0.99999427617341452,-5.7238429666077457e-06,5.7238429666077457e-06,0.99999427617341452,-5.7238429666077457e-06,5.7238429666077457e-06,0
279,1403,0.99977455193505604,-0.00022547348217917207,0.00022547348217917207,0.99977455193505604,-0.00022547348217917207,0.00022547348217917207,0
280,7394,0.99998936981852371,-1.0630237977051119e-05,1.0630237977051119e-05,0.99998936981852371,-1.0630237977051119e-05,1.0630237977051119e-05,0
281,6295,0.99999399417130619,-6.0058467288246868e-06,6.0058467288246868e-06,0.99999399417130619,-6.0058467288246868e-06,6.0058467288246868e-06,0
282,18165,0.99996888794635852,-3.111253763148301e-05,3.111253763148301e-05,0.99996888794635852,-3.111253763148301e-05,3.111253763148301e-05,0
283,15217,0.99997779334866099,-2.2206897910326299e-05,2.2206897910326299e-05,0.99997779334866099,-2.2206897910326299e-05,2.2206897910326299e-05,0
284,33597,0.9999852173945164,-1.4782714747372233e-05,1.4782714747372233e-05,0.9999852173945164,-1.4782714747372233e-05,1.4782714747372233e-05,0
285,11,0.99999311687513892,-6.8831485499260476e-06,6.8831485499260476e-06,0.99999311687513892,-6.8831485499260476e-06,6.8831485499260476e-06,0
286,323,0.99999979520864768,-2.047913733173302e-07,2.047913733173302e-07,0.99999979520864768,-2.047913733173302e-07,2.047913733173302e-07,0
287,279,0.99996578332323272,-3.4217262171088043e-05,3.4217262171088043e-05,0.99996578332323272,-3.4217262171088043e-05,3.4217262171088043e-05,0
288,220,0.99999867967840261,-1.3203224690328075e-06,1.3203224690328075e-06,0.99999867967840261,-1.3203224690328075e-06,1.3203224690328075e-06,0
289,1049,0.99999949951650513,-5.0048362009400773e-07,5.0048362009400773e-07,0.99999949951650513,-5.0048362009400773e-07,5.0048362009400773e-07,0
290,15,0.99999967285665448,-3.2714339903839754e-07,3.2714339903839754e-07,0.99999967285665448,-3.2714339903839754e-07,3.2714339903839754e-07,0
291,34260,0.99999663936994843,-3.3606356984865414e-06,3.3606356984865414e-06,0.99999663936994843,-3.3606356984865414e-06,3.3606356984865414e-06,0
292,29201,0.99993543135590524,-6.4570728739453141e-05,6.4570728739453141e-05,0.99993543135590524,-6.4570728739453141e-05,6.4570728739453141e-05,0
293,4870,0.99999988356447278,-1.1643553398595303e-07,1.1643553398595303e-07,0.99999988356447278,-1.1643553398595303e-07,1.1643553398595303e-07,0
294,33597,0.99999804672646764,-1.9532754400001193e-06,1.9532754400001193e-06,0.99999804672646764,-1.9532754400001193e-06,1.9532754400001193e-06,0
295,11,0.99992483722682535,-7.5165598037437852e-05,7.5165598037437852e-05,0.99992483722682535,-7.5165598037437852e-05,7.5165598037437852e-05,0
296,449,0.99999806715837725,-1.9328434907110506e-06,1.9328434907110506e-06,0.99999806715837725,-1.9328434907110506e-06,1.9328434907110506e-06,0
297,264,0.99999925370405041,-7.4629622811387006e-07,7.4629622811387006e-07,0.99999925370405041,-7.4629622811387006e-07,7.4629622811387006e-07,0
298,3335,0.99999832401539546,-1.6759860090532622e-06,1.6759860090532622e-06,0.99999832401539546,-1.6759860090532622e-06,1.6759860090532622e-06,0
299,315,0.99999966407399676,-3.3592605961200276e-07,3.3592605961200276e-07,0.99999966407399676,-3.3592605961200276e-07,3.3592605961200276e-07,0
300,220,0.99999918031301571,-8.1968732025125731e-07,8.1968732025125731e-07,0.99999918031301571,-8.1968732025125731e-07,8.1968732025125731e-07,0
301,7461,0.99999995519645646,-4.4803544536582967e-08,4.4803544536582967e-08,0.99999995519645646,-4.4803544536582967e-08,4.4803544536582967e-08,0
302,12,0.99565871800737904,-0.0043507327193888683,0.0043507327193888683,0.99565871800737904,-0.0043507327193888683,0.0043507327193888683,0
303,20,0.99999906920410386,-9.3079632936388183e-07,9.3079632936388183e-07,0.99999906920410386,-9.3079632936388183e-07,9.3079632936388183e-07,0
304,8244,0.99993995475254049,-6.0047050247523322e-05,6.0047050247523322e-05,0.99993995475254049,-6.0047050247523322e-05,6.0047050247523322e-05,0
305,304,0.99999937797926763,-6.2202092582361442e-07,6.2202092582361442e-07,0.99999937797926763,-6.2202092582361442e-07,6.2202092582361442e-07,0
306,3116,0.99999904287571384,-9.5712474416155469e-07,9.5712474416155469e-07,0.99999904287571384,-9.5712474416155469e-07,9.5712474416155469e-07,0
307,1667,0.99999594001882497,-4.0599894167438743e-06,4.0599894167438743e-06,0.99999594001882497,-4.0599894167438743e-06,4.0599894167438743e-06,0
308,315,0.99999963184433682,-3.6815573096628487e-07,3.6815573096628487e-07,0.99999963184433682,-3.6815573096628487e-07,3.6815573096628487e-07,0
309,7926,0.99999783992875935,-2.1600735736270204e-06,2.1600735736270204e-06,0.99999783992875935,-2.1600735736270204e-06,2.1600735736270204e-06,0
310,382,0.99987218060818828,-0.00012782756140631459,0.00012782756140631459,0.99987218060818828,-0.00012782756140631459,0.00012782756140631459,0
311,24641,0.86486196932996628,-0.14518535781232886,0.14518535781232886,0.86486196932996628,-0.14518535781232886,0.14518535781232886,0
312,52757,0.99999546884208945,-4.5311681762552022e-06,4.5311681762552022e-06,0.99999546884208945,-4.5311681762552022e-06,4.5311681762552022e-06,0
313,8667,0.92883541335753217,-0.073823721248726881,0.073823721248726881,0.92883541335753217,-0.073823721248726881,0.073823721248726881,0
314,449,0.99999799583455606,-2.004167452267174e-06,2.004167452267174e-06,0.99999799583455606,-2.004167452267174e-06,2.004167452267174e-06,0
315,279,0.98673746625939518,-0.013351266562522333,0.013351266562522333,0.98673746625939518,-0.013351266562522333,0.013351266562522333,0
316,4435,0.99934369569437287,-0.00065651976757545561,0.00065651976757545561,0.99934369569437287,-0.00065651976757545561,0.00065651976757545561,0
317,62668,0.99999916637302799,-8.3362731942896898e-07,8.3362731942896898e-07,0.99999916637302799,-8.3362731942896898e-07,8.3362731942896898e-07,0
318,28331,0.9999982626582381,-1.7373432710798568e-06,1.7373432710798568e-06,0.9999982626582381,-1.7373432710798568e-06,1.7373432710798568e-06,0
319,320,0.99999830887840413,-1.6911230258555318e-06,1.6911230258555318e-06,0.99999830887840413,-1.6911230258555318e-06,1.6911230258555318e-06,0
320,19522,0.99993397148840513,-6.603069157298302e-05,6.603069157298302e-05,0.99993397148840513,-6.603069157298302e-05,6.603069157298302e-05,0
321,37,0.99999993360637496,-6.6393627279073297e-08,6.6393627279073297e-08,0.99999993360637496,-6.6393627279073297e-08,6.6393627279073297e-08,0
322,8,0.99989863838435911,-0.00010136675307665624,0.00010136675307665624,0.99989863838435911,-0.00010136675307665624,0.00010136675307665624,0
323,304,0.99997330770052595,-2.6692655719785549e-05,2.6692655719785549e-05,0.99997330770052595,-2.6692655719785549e-05,2.6692655719785549e-05,0
324,220,0.99999837347656062,-1.626524762138073e-06,1.626524762138073e-06,0.99999837347656062,-1.626524762138073e-06,1.626524762138073e-06,0
325,1049,0.99999903207054663,-9.6792992183888247e-07,9.6792992183888247e-07,0.99999903207054663,-9.6792992183888247e-07,9.6792992183888247e-07,0
326,15,0.99999534557207848,-4.654438753389393e-06,4.654438753389393e-06,0.99999534557207848,-4.654438753389393e-06,4.654438753389393e-06,0
327,323,0.99992300523543842,-7.6997728810610462e-05,7.6997728810610462e-05,0.99992300523543842,-7.6997728810610462e-05,7.6997728810610462e-05,0
328,574,0.99996820773322415,-3.1792772160665638e-05,3.1792772160665638e-05,0.99996820773322415,-3.1792772160665638e-05,3.1792772160665638e-05,0
329,3288,0.99884920538097066,-0.0011514572916057476,0.0011514572916057476,0.99884920538097066,-0.0011514572916057476,0.0011514572916057476,0
330,311,0.99999957230799885,-4.2769209265259506e-07,4.2769209265259506e-07,0.99999957230799885,-4.2769209265259506e-07,4.2769209265259506e-07,0
331,1202,0.99978465092043722,-0.00021537227050533414,0.00021537227050533414,0.99978465092043722,-0.00021537227050533414,0.00021537227050533414,0
332,48006,0.99992362746331065,-7.6375453219973879e-05,7.6375453219973879e-05,0.99992362746331065,-7.6375453219973879e-05,7.6375453219973879e-05,0
333,18455,0.99999632821393547,-3.6717928055945373e-06,3.6717928055945373e-06,0.99999632821393547,-3.6717928055945373e-06,3.6717928055945373e-06,0
334,11,0.99999793950985871,-2.0604922640750669e-06,2.0604922640750669e-06,0.99999793950985871,-2.0604922640750669e-06,2.0604922640750669e-06,0
335,14689,0.99999326485391105,-6.7351687701456417e-06,6.7351687701456417e-06,0.99999326485391105,-6.7351687701456417e-06,6.7351687701456417e-06,0
336,13345,0.99999949711633018,-5.0288379628004981e-07,5.0288379628004981e-07,0.99999949711633018,-5.0288379628004981e-07,5.0288379628004981e-07,0
337,62668,0.99999714516456506,-2.8548395100290601e-06,2.8548395100290601e-06,0.99999714516456506,-2.8548395100290601e-06,2.8548395100290601e-06,0
338,13,0.61045119872169129,-0.49355692520028205,0.49355692520028205,0.61045119872169129,-0.49355692520028205,0.49355692520028205,0
339,2684,0.92394930657699381,-0.079098071857394384,0.079098071857394384,0.92394930657699381,-0.079098071857394384,0.079098071857394384,0
340,11,0.99999980981405967,-1.9018595843763242e-07,1.9018595843763242e-07,0.99999980981405967,-1.9018595843763242e-07,1.9018595843763242e-07,0
341,568,0.94661279027398626,-0.054865149796935131,0.054865149796935131,0.94661279027398626,-0.054865149796935131,0.054865149796935131,0
342,14454,0.84779533822689612,-0.16511601874951765,0.16511601874951765,0.84779533822689612,-0.16511601874951765,0.16511601874951765,0
343,264,0.99999919906728008,-8.0093304066422897e-07,8.0093304066422897e-07,0.99999919906728008,-8.0093304066422897e-07,8.0093304066422897e-07,0
344,4877,0.99999372792010144,-6.2720995681025458e-06,6.2720995681025458e-06,0.99999372792010144,-6.2720995681025458e-06,6.2720995681025458e-06,0
345,2128,0.99998393233864014,-1.6067790446154647e-05,1.6067790446154647e-05,0.99998393233864014,-1.6067790446154647e-05,1.6067790446154647e-05,0
346,3967,0.98258938251221151,-0.017563964809519352,0.017563964809519352,0.98258938251221151,-0.017563964809519352,0.017563964809519352,0
347,439,0.99999987332625151,-1.2667375656573762e-07,1.2667375656573762e-07,0.99999987332625151,-1.2667375656573762e-07,1.2667375656573762e-07,0
348,330,0.99941924381977054,-0.0005809248844204116,0.0005809248844204116,0.99941924381977054,-0.0005809248844204116,0.0005809248844204116,0
349,791,0.99997822520469271,-2.1775032381606982e-05,2.1775032381606982e-05,0.99997822520469271,-2.1775032381606982e-05,2.1775032381606982e-05,0
350,19461,0.99997559994049279,-2.4400357193489667e-05,2.4400357193489667e-05,0.99997559994049279,-2.4400357193489667e-05,2.4400357193489667e-05,0
351,61205,0.99996319138663636,-3.6809290817219128e-05,3.6809290817219128e-05,0.99996319138663636,-3.6809290817219128e-05,3.6809290817219128e-05,0
352,287,0.99999997726454393,-2.273545637000273e-08,2.273545637000273e-08,0.99999997726454393,-2.273545637000273e-08,2.273545637000273e-08,0
353,36037,0.99999832282305079,-1.6771783557184408e-06,1.6771783557184408e-06,0.99999832282305079,-1.6771783557184408e-06,1.6771783557184408e-06,0
354,1,0.99999638063778595,-3.6193687639783026e-06,3.6193687639783026e-06,0.99999638063778595,-3.6193687639783026e-06,3.6193687639783026e-06,0
355,449,0.99999372697336308,-6.2730463123977703e-06,6.2730463123977703e-06,0.99999372697336308,-6.2730463123977703e-06,6.2730463123977703e-06,0
356,813,0.8451762028530142,-0.16821014927668124,0.16821014927668124,0.8451762028530142,-0.16821014927668124,0.16821014927668124,0
357,4846,0.99998805839221183,-1.1941679089741498e-05,1.1941679089741498e-05,0.99998805839221183,-1.1941679089741498e-05,1.1941679089741498e-05,0
358,7926,0.99999569002512001,-4.3099841679136598e-06,4.3099841679136598e-06,0.99999569002512001,-4.3099841679136598e-06,4.3099841679136598e-06,0
359,70414,0.99998927577737295,-1.0724280131971245e-05,1.0724280131971245e-05,0.99998927577737295,-1.0724280131971245e-05,1.0724280131971245e-05,0
360,11,0.99976716994944892,-0.00023285715967528398,0.00023285715967528398,0.99976716994944892,-0.00023285715967528398,0.00023285715967528398,0
361,37940,0.99999948885447776,-5.1114565284225671e-07,5.1114565284225671e-07,0.99999948885447776,-5.1114565284225671e-07,5.1114565284225671e-07,0
362,783,0.9999999731061272,-2.6893873210935233e-08,2.6893873210935233e-08,0.9999999731061272,-2.6893873210935233e-08,2.6893873210935233e-08,0
363,30411,0.99999990186566989,-9.8134334950291482e-08,9.8134334950291482e-08,0.99999990186566989,-9.8134334950291482e-08,9.8134334950291482e-08,0
364,13,0.99738131041569045,-0.0026221243495787934,0.0026221243495787934,0.99738131041569045,-0.0026221243495787934,0.0026221243495787934,0
365,11876,0.99874978670862613,-0.0012509954599972202,0.0012509954599972202,0.99874978670862613,-0.0012509954599972202,0.0012509954599972202,0
366,52757,0.99997336771184242,-2.6632642803220651e-05,2.6632642803220651e-05,0.99997336771184242,-2.6632642803220651e-05,2.6632642803220651e-05,0
367,323,0.99879838870145254,-0.0012023338122488859,0.0012023338122488859,0.99879838870145254,-0.0012023338122488859,0.0012023338122488859,0
368,30411,0.99999935723849875,-6.4276170778872862e-07,6.4276170778872862e-07,0.99999935723849875,-6.4276170778872862e-07,6.4276170778872862e-07,0
369,2834,0.99998249358699975,-1.7506566239262101e-05,1.7506566239262101e-05,0.99998249358699975,-1.7506566239262101e-05,1.7506566239262101e-05,0
370,279,0.99999935696288245,-6.4303732425215631e-07,6.4303732425215631e-07,0.99999935696288245,-6.4303732425215631e-07,6.4303732425215631e-07,0
371,75402,0.99999354482040059,-6.4552004342237862e-06,6.4552004342237862e-06,0.99999354482040059,-6.4552004342237862e-06,6.4552004342237862e-06,0
372,54,0.99999973549495147,-2.6450508349317232e-07,2.6450508349317232e-07,0.99999973549495147,-2.6450508349317232e-07,2.6450508349317232e-07,0
373,16642,0.99999840629900982,-1.5937022600898414e-06,1.5937022600898414e-06,0.99999840629900982,-1.5937022600898414e-06,1.5937022600898414e-06,0
374,12633,0.99999668587690116,-3.3141285905470959e-06,3.3141285905470959e-06,0.99999668587690116,-3.3141285905470959e-06,3.3141285905470959e-06,0
375,8068,0.99999598440711313,-4.015600949439556e-06,4.015600949439556e-06,0.99999598440711313,-4.015600949439556e-06,4.015600949439556e-06,0
376,19134,0.99999890466523245,-1.0953353673805219e-06,1.0953353673805219e-06,0.99999890466523245,-1.0953353673805219e-06,1.0953353673805219e-06,0
377,389,0.99946598420858046,-0.00053415842863488948,0.00053415842863488948,0.99946598420858046,-0.00053415842863488948,0.00053415842863488948,0
378,2380,0.99999447615688741,-5.5238583690898327e-06,5.5238583690898327e-06,0.99999447615688741,-5.5238583690898327e-06,5.5238583690898327e-06,0
379,8821,0.99999940635142548,-5.9364875069593343e-07,5.9364875069593343e-07,0.99999940635142548,-5.9364875069593343e-07,5.9364875069593343e-07,0
380,25975,0.99999756916762894,-2.4308353255160978e-06,2.4308353255160978e-06,0.99999756916762894,-2.4308353255160978e-06,2.4308353255160978e-06,0
381,382,0.80307078536625942,-0.21931241777941352,0.21931241777941352,0.80307078536625942,-0.21931241777941352,0.21931241777941352,0
382,24641,0.99845806891904143,-0.0015431210801095951,0.0015431210801095951,0.99845806891904143,-0.0015431210801095951,0.0015431210801095951,0
383,52757,0.99990743074649246,-9.2573538305354959e-05,9.2573538305354959e-05,0.99990743074649246,-9.2573538305354959e-05,9.2573538305354959e-05,0
384,58185,0.97363309603853987,-0.026720744420540954,0.026720744420540954,0.97363309603853987,-0.026720744420540954,0.026720744420540954,0
385,389,0.99999643624514289,-3.5637612072972477e-06,3.5637612072972477e-06,0.99999643624514289,-3.5637612072972477e-06,3.5637612072972477e-06,0
386,29144,0.99997289131884959,-2.7109048597307213e-05,2.7109048597307213e-05,0.99997289131884959,-2.7109048597307213e-05,2.7109048597307213e-05,0
387,37,0.99999967922729038,-3.2077276108669916e-07,3.2077276108669916e-07,0.99999967922729038,-3.2077276108669916e-07,3.2077276108669916e-07,0
388,12707,0.99996322949735517,-3.6771178696394478e-05,3.6771178696394478e-05,0.99996322949735517,-3.6771178696394478e-05,3.6771178696394478e-05,0
389,389,0.96111280308163161,-0.039663495962225549,0.039663495962225549,0.96111280308163161,-0.039663495962225549,0.039663495962225549,0
390,279,0.86773189126245476,-0.14187249306939725,0.14187249306939725,0.86773189126245476,-0.14187249306939725,0.14187249306939725,0
391,5587,0.99991017184243369,-8.9832192356901163e-05,8.9832192356901163e-05,0.99991017184243369,-8.9832192356901163e-05,8.9832192356901163e-05,0
392,220,0.9999997459771367,-2.5402289553981363e-07,2.5402289553981363e-07,0.9999997459771367,-2.5402289553981363e-07,2.5402289553981363e-07,0
393,972,0.9999970972715565,-2.9027326563821237e-06,2.9027326563821237e-06,0.9999970972715565,-2.9027326563821237e-06,2.9027326563821237e-06,0
394,11,0.99999830376122434,-1.69624021429913e-06,1.69624021429913e-06,0.99999830376122434,-1.69624021429913e-06,1.69624021429913e-06,0
395,220,0.99999978551767499,-2.1448234797353733e-07,2.1448234797353733e-07,0.99999978551767499,-2.1448234797353733e-07,2.1448234797353733e-07,0
396,1049,0.9999999101114535,-8.9888550559706045e-08,8.9888550559706045e-08,0.9999999101114535,-8.9888550559706045e-08,8.9888550559706045e-08,0
397,17,0.99999466498870448,-5.3350255266959013e-06,5.3350255266959013e-06,0.99999466498870448,-5.3350255266959013e-06,5.3350255266959013e-06,0
398,11,0.99788097452280289,-0.0021212737883976149,0.0021212737883976149,0.99788097452280289,-0.0021212737883976149,0.0021212737883976149,0
399,9417,0.99999619492961411,-3.8050776252106366e-06,3.8050776252106366e-06,0.99999619492961411,-3.8050776252106366e-06,3.8050776252106366e-06,0
400,315,0.99999981547379424,-1.8452622281869862e-07,1.8452622281869862e-07,0.99999981547379424,-1.8452622281869862e-07,1.8452622281869862e-07,0
401,23886,0.99992635681422437,-7.3645897568193547e-05,7.3645897568193547e-05,0.99992635681422437,-7.3645897568193547e-05,7.3645897568193547e-05,0
402,11,0.9998257109101476,-0.00017430427996077572,0.00017430427996077572,0.9998257109101476,-0.00017430427996077572,0.00017430427996077572,0
403,5108,0.99801640661452651,-0.0019855633122865006,0.0019855633122865006,0.99801640661452651,-0.0019855633122865006,0.0019855633122865006,0
404,1555,0.99999513847022981,-4.8615415874211449e-06,4.8615415874211449e-06,0.99999513847022981,-4.8615415874211449e-06,4.8615415874211449e-06,0
405,279,0.99999909635092854,-9.036494797375094e-07,9.036494797375094e-07,0.99999909635092854,-9.036494797375094e-07,9.036494797375094e-07,0
406,13734,0.99999428058977613,-5.7194265797518737e-06,5.7194265797518737e-06,0.99999428058977613,-5.7194265797518737e-06,5.7194265797518737e-06,0
407,323,0.99999984573067358,-1.5426933828374095e-07,1.5426933828374095e-07,0.99999984573067358,-1.5426933828374095e-07,1.5426933828374095e-07,0
408,23664,0.99991609739866061,-8.3906121359506746e-05,8.3906121359506746e-05,0.99991609739866061,-8.3906121359506746e-05,8.3906121359506746e-05,0
409,1708,0.99997677244068994,-2.322782907403249e-05,2.322782907403249e-05,0.99997677244068994,-2.322782907403249e-05,2.322782907403249e-05,0
410,19435,0.99998368177672403,-1.6318356419634893e-05,1.6318356419634893e-05,0.99998368177672403,-1.6318356419634893e-05,1.6318356419634893e-05,0
411,11,0.99999033145019001,-9.6685965507411475e-06,9.6685965507411475e-06,0.99999033145019001,-9.6685965507411475e-06,9.6685965507411475e-06,0
412,99675,0.99999733609038566,-2.6639131625568841e-06,2.6639131625568841e-06,0.99999733609038566,-2.6639131625568841e-06,2.6639131625568841e-06,0
413,11,0.99957877717162658,-0.00042131156762917381,0.00042131156762917381,0.99957877717162658,-0.00042131156762917381,0.00042131156762917381,0
414,323,0.99999991780842035,-8.2191583048022277e-08,8.2191583048022277e-08,0.99999991780842035,-8.2191583048022277e-08,8.2191583048022277e-08,0
415,61352,0.99999483428467884,-5.1657286635310531e-06,5.1657286635310531e-06,0.99999483428467884,-5.1657286635310531e-06,5.1657286635310531e-06,0
416,88002,0.99999930086066724,-6.9913957719351219e-07,6.9913957719351219e-07,0.99999930086066724,-6.9913957719351219e-07,6.9913957719351219e-07,0
417,2391,0.99996741494979868,-3.2585581105578567e-05,3.2585581105578567e-05,0.99996741494979868,-3.2585581105578567e-05,3.2585581105578567e-05,0
418,872,0.99997224253015538,-2.7757855090354445e-05,2.7757855090354445e-05,0.99997224253015538,-2.7757855090354445e-05,2.7757855090354445e-05,0
419,2489,0.99999527867242111,-4.7213387244144357e-06,4.7213387244144357e-06,0.99999527867242111,-4.7213387244144357e-06,4.7213387244144357e-06,0
420,13,0.99998738473271598,-1.2615346857227955e-05,1.2615346857227955e-05,0.99998738473271598,-1.2615346857227955e-05,1.2615346857227955e-05,0
421,1283,0.9997394970213811,-0.00026053691541374645,0.00026053691541374645,0.9997394970213811,-0.00026053691541374645,0.00026053691541374645,0
422,574,0.99994012264010135,-5.9879152619296338e-05,5.9879152619296338e-05,0.99994012264010135,-5.9879152619296338e-05,5.9879152619296338e-05,0
423,24895,0.99693658013529907,-0.0030681217403361522,0.0030681217403361522,0.99693658013529907,-0.0030681217403361522,0.0030681217403361522,0
424,555,0.99999916809072142,-8.3190962465191891e-07,8.3190962465191891e-07,0.99999916809072142,-8.3190962465191891e-07,8.3190962465191891e-07,0
425,7043,0.9999574651630766,-4.2535741555194852e-05,4.2535741555194852e-05,0.9999574651630766,-4.2535741555194852e-05,4.2535741555194852e-05,0
426,28653,0.99995496421623586,-4.5036797905512075e-05,4.5036797905512075e-05,0.99995496421623586,-4.5036797905512075e-05,4.5036797905512075e-05,0
427,1543,0.99999997754259951,-2.245740079772382e-08,2.245740079772382e-08,0.99999997754259951,-2.245740079772382e-08,2.245740079772382e-08,0
428,11,0.99999909052487612,-9.0947553742121882e-07,9.0947553742121882e-07,0.99999909052487612,-9.0947553742121882e-07,9.0947553742121882e-07,0
429,889,0.99999874679235723,-1.2532084280261845e-06,1.2532084280261845e-06,0.99999874679235723,-1.2532084280261845e-06,1.2532084280261845e-06,0
430,574,0.99940456931745592,-0.00059560802179193595,0.00059560802179193595,0.99940456931745592,-0.00059560802179193595,0.00059560802179193595,0
431,3970,0.99999146891907476,-8.5311173151642344e-06,8.5311173151642344e-06,0.99999146891907476,-8.5311173151642344e-06,8.5311173151642344e-06,0
432,7231,0.99999878767141936,-1.2123293154771162e-06,1.2123293154771162e-06,0.99999878767141936,-1.2123293154771162e-06,1.2123293154771162e-06,0
433,11470,0.99999151979343526,-8.4802425218588051e-06,8.4802425218588051e-06,0.99999151979343526,-8.4802425218588051e-06,8.4802425218588051e-06,0
434,311,0.99999991642528563,-8.3574717873297743e-08,8.3574717873297743e-08,0.99999991642528563,-8.3574717873297743e-08,8.3574717873297743e-08,0
435,11876,0.99995752111876823,-4.247978348495636e-05,4.247978348495636e-05,0.99995752111876823,-4.247978348495636e-05,4.247978348495636e-05,0
436,52757,0.99999822663921334,-1.7733623590707975e-06,1.7733623590707975e-06,0.99999822663921334,-1.7733623590707975e-06,1.7733623590707975e-06,0
437,13,0.72802523605955072,-0.31741956646930014,0.31741956646930014,0.72802523605955072,-0.31741956646930014,0.31741956646930014,0
438,3277,0.7379240818721905,-0.30391432976503813,0.30391432976503813,0.7379240818721905,-0.30391432976503813,0.30391432976503813,0
439,279,0.99999866351822819,-1.3364826649520325e-06,1.3364826649520325e-06,0.99999866351822819,-1.3364826649520325e-06,1.3364826649520325e-06,0
440,6883,0.99999510087291232,-4.8991390884533699e-06,4.8991390884533699e-06,0.99999510087291232,-4.8991390884533699e-06,4.8991390884533699e-06,0
441,9070,0.99998830644515868,-1.1693623211481308e-05,1.1693623211481308e-05,0.99998830644515868,-1.1693623211481308e-05,1.1693623211481308e-05,0
442,574,0.99999836298864064,-1.6370126993069939e-06,1.6370126993069939e-06,0.99999836298864064,-1.6370126993069939e-06,1.6370126993069939e-06,0
443,11784,0.99999825829856492,-1.7417029518841628e-06,1.7417029518841628e-06,0.99999825829856492,-1.7417029518841628e-06,1.7417029518841628e-06,0
444,304,0.99997831832435358,-2.1681910697386797e-05,2.1681910697386797e-05,0.99997831832435358,-2.1681910697386797e-05,2.1681910697386797e-05,0
445,279,0.99999530833266437,-4.6916783415290657e-06,4.6916783415290657e-06,0.99999530833266437,-4.6916783415290657e-06,4.6916783415290657e-06,0
446,29144,0.99997579711322304,-2.4203179671500099e-05,2.4203179671500099e-05,0.99997579711322304,-2.4203179671500099e-05,2.4203179671500099e-05,0
447,37,0.9999904422723257,-9.5577733496796982e-06,9.5577733496796982e-06,0.9999904422723257,-9.5577733496796982e-06,9.5577733496796982e-06,0
448,11,0.99999630871512635,-3.691291686483175e-06,3.691291686483175e-06,0.99999630871512635,-3.691291686483175e-06,3.691291686483175e-06,0
449,11876,0.99991689237810299,-8.3111075526718042e-05,8.3111075526718042e-05,0.99991689237810299,-8.3111075526718042e-05,8.3111075526718042e-05,0
450,52757,0.99996836258319544,-3.1637917278142307e-05,3.1637917278142307e-05,0.99996836258319544,-3.1637917278142307e-05,3.1637917278142307e-05,0
451,574,0.9999976432598483,-2.3567429288017939e-06,2.3567429288017939e-06,0.9999976432598483,-2.3567429288017939e-06,2.3567429288017939e-06,0
452,39056,0.99997344385813025,-2.6556494490343794e-05,2.6556494490343794e-05,0.99997344385813025,-2.6556494490343794e-05,2.6556494490343794e-05,0
453,311,0.9999992072697188,-7.9273059537133614e-07,7.9273059537133614e-07,0.9999992072697188,-7.9273059537133614e-07,7.9273059537133614e-07,0
454,279,0.99999817787200007,-1.8221296599713446e-06,1.8221296599713446e-06,0.99999817787200007,-1.8221296599713446e-06,1.8221296599713446e-06,0
455,23886,0.99995715394165063,-4.2846976267918404e-05,4.2846976267918404e-05,0.99995715394165063,-4.2846976267918404e-05,4.2846976267918404e-05,0
456,6883,0.99999833120675397,-1.6687946384795266e-06,1.6687946384795266e-06,0.99999833120675397,-1.6687946384795266e-06,1.6687946384795266e-06,0
457,13,0.68943666212808363,-0.37188044655113217,0.37188044655113217,0.68943666212808363,-0.37188044655113217,0.37188044655113217,0
458,25929,0.9189409466583558,-0.084533416951866766,0.084533416951866766,0.9189409466583558,-0.084533416951866766,0.084533416951866766,0
459,11,0.99999883303350301,-1.1669671778835403e-06,1.1669671778835403e-06,0.99999883303350301,-1.1669671778835403e-06,1.1669671778835403e-06,0
460,28653,0.99967352270017895,-0.00032653060513699813,0.00032653060513699813,0.99967352270017895,-0.00032653060513699813,0.00032653060513699813,0
461,1543,0.99999992008370531,-7.991629793893604e-08,7.991629793893604e-08,0.99999992008370531,-7.991629793893604e-08,7.991629793893604e-08,0
462,574,0.99997245065266338,-2.7549726826838851e-05,2.7549726826838851e-05,0.99997315943739251,-2.6840922821852703e-05,2.6840922821852703e-05,7.0880400498614753e-07
463,11007,0.99996042965339393,-3.957112953291146e-05,3.957112953291146e-05,0.99996068749522105,-3.9313277535744401e-05,3.9313277535744401e-05,2.578519971670594e-07
464,311,0.99999500460148372,-4.9954109933467524e-06,4.9954109933467524e-06,0.99999461495850528,-5.3850559940842676e-06,5.3850559940842676e-06,-3.8964500073751521e-07
465,387,0.99999894551723811,-1.054483317806985e-06,1.054483317806985e-06,0.99999890416222237,-1.0958383780176874e-06,1.0958383780176874e-06,-4.1355060210702378e-08
466,11876,0.99994177681532093,-5.8224879714481861e-05,5.8224879714481861e-05,0.99994486683146355,-5.5134688425409009e-05,5.5134688425409009e-05,3.0901912890728513e-06
467,52757,0.9999365839542621,-6.3418056620286362e-05,6.3418056620286362e-05,0.99994413286609674,-5.5868694529673479e-05,5.5868694529673479e-05,7.549362090612883e-06
468,596,0.99997433450238216,-2.5665826982311084e-05,2.5665826982311084e-05,0.99997355365441598,-2.6446695294828142e-05,2.6446695294828142e-05,-7.8086831251705839e-07
469,8479,0.99972500471159842,-0.00027503310653923804,0.00027503310653923804,0.99974194558809315,-0.00025808771367584043,0.00025808771367584043,1.694539286339761e-05
470,323,0.9999949197664999,-5.0802464045357317e-06,5.0802464045357317e-06,0.99999500034865441,-4.999663843925397e-06,4.999663843925397e-06,8.0582560610334639e-08
471,6688,0.99996800457187129,-3.1995939993362432e-05,3.1995939993362432e-05,0.99996625562795494,-3.3744941399241622e-05,3.3744941399241622e-05,-1.7490014058791901e-06
472,11876,0.99957866231759174,-0.00042142647007013437,0.00042142647007013437,0.99947944887438167,-0.00052068665939243998,0.00052068665939243998,-9.9260189322305603e-05
473,52757,0.99997026614097917,-2.9734301080777968e-05,2.9734301080777968e-05,0.99997128025326432,-2.872015915548801e-05,2.872015915548801e-05,1.0141419252899585e-06
474,279,0.99999807079087832,-1.9292109825479866e-06,1.9292109825479866e-06,0.99999813450456854,-1.8654971715275778e-06,1.8654971715275778e-06,6.3713811020408769e-08
475,30499,0.99998738066912374,-1.2619410500669166e-05,1.2619410500669166e-05,0.99998759670221948,-1.2403374702062145e-05,1.2403374702062145e-05,2.1603579860702169e-07
476,330,0.99995248902484946,-4.7512103832707767e-05,4.7512103832707767e-05,0.99995336636623877,-4.6634721142947754e-05,4.6634721142947754e-05,8.7738268976001349e-07
477,791,0.99999910837796768,-8.9162242985271845e-07,8.9162242985271845e-07,0.99999908130561854,-9.1869480344898409e-07,9.1869480344898409e-07,-2.7072373596265636e-08
478,9479,0.99997349326600704,-2.6507085302693832e-05,2.6507085302693832e-05,0.99997877088518161,-2.1229340159285904e-05,2.1229340159285904e-05,5.2777451434079279e-06
479,6295,0.99998860664285039,-1.1393422054385914e-05,1.1393422054385914e-05,0.99998919478822368,-1.0805270153008349e-05,1.0805270153008349e-05,5.8815190137756456e-07
480,38300,0.99992291643965836,-7.7086531431920646e-05,7.7086531431920646e-05,0.99993624428866035,-6.3757743821359127e-05,6.3757743821359127e-05,1.3328787610561519e-05
481,2266,0.94679053907088773,-0.054677393924038163,0.054677393924038163,0.94882767383471267,-0.052528083968928524,0.052528083968928524,0.0021493099551096392
482,24641,0.99974240165847594,-0.00025763152567576087,0.00025763152567576087,0.9997038881395246,-0.00029615571024887478,0.00029615571024887478,-3.8524184573113913e-05
483,52757,0.99999074110530894,-9.2589375549411079e-06,9.2589375549411079e-06,0.9999914746416747,-8.5253946663195657e-06,8.5253946663195657e-06,7.3354288862154217e-07
484,596,0.99158956703289469,-0.008446000222866526,0.008446000222866526,0.9922463124273484,-0.0077839037004224388,0.0077839037004224388,0.00066209652244408716
485,1176,0.98903423794795819,-0.011026329204385225,0.011026329204385225,0.98632109869412354,-0.013773319489737021,0.013773319489737021,-0.0027469902853517955
486,57810,0.99995699075233979,-4.3010172584394743e-05,4.3010172584394743e-05,0.9999490690480527,-5.0932248972229531e-05,5.0932248972229531e-05,-7.9220763878347882e-06
487,574,0.99999961440442642,-3.8559564789893865e-07,3.8559564789893865e-07,0.99999960926115128,-3.9073892503840816e-07,3.9073892503840816e-07,-5.1432771394695143e-09
488,449,0.99999922978150935,-7.7021878722688076e-07,7.7021878722688076e-07,0.99999926334979072,-7.3665048062647289e-07,7.3665048062647289e-07,3.3568306600407868e-08
489,279,0.99870209875999749,-0.001298744243319218,0.001298744243319218,0.99849857476145876,-0.0015025535068965356,0.0015025535068965356,-0.00020380926357731763
490,58374,0.99999759550194445,-2.4045009463353563e-06,2.4045009463353563e-06,0.99999772234009365,-2.2776625002106882e-06,2.2776625002106882e-06,1.2683844612466813e-07
491,16576,0.99999572872798326,-4.2712811386592043e-06,4.2712811386592043e-06,0.99999584931040364,-4.1506982105306958e-06,4.1506982105306958e-06,1.2058292812850852e-07
492,89,0.99999934937897883,-6.506212328438606e-07,6.506212328438606e-07,0.99999939217463996,-6.0782554480012854e-07,6.0782554480012854e-07,4.2795688043732061e-08
493,13,0.99977294653063409,-0.0002270792499073235,0.0002270792499073235,0.99977964962123833,-0.00022037465947324846,0.00022037465947324846,6.7045904340750403e-06
494,11876,0.99946724512911167,-0.00053289683518829584,0.00053289683518829584,0.99942690839838799,-0.00057325588137177087,0.00057325588137177087,-4.0359046183475024e-05
495,52757,0.99999303037951914,-6.9696447687472329e-06,6.9696447687472329e-06,0.99999300785618006,-6.9921682651211479e-06,6.9921682651211479e-06,-2.2523496373914961e-08
496,323,0.99782458494478432,-0.0021777847078226524,0.0021777847078226524,0.99805500980437001,-0.0019468841452679273,0.0019468841452679273,0.00023090056255472505
497,12149,0.99997468985035176,-2.5310469955482224e-05,2.5310469955482224e-05,0.99997639242542358,-2.3607853239599955e-05,2.3607853239599955e-05,1.7026167158822689e-06
498,58374,0.9999930294270406,-6.9705972539714323e-06,6.9705972539714323e-06,0.99999315798214827,-6.84204125846236e-06,6.84204125846236e-06,1.2855599550907237e-07
499,53363,0.99983405699483419,-0.00016595677522966568,0.00016595677522966568,0.99985355040661306,-0.00014646031817574544,0.00014646031817574544,1.9496457053920242e-05
500,1022,0.9999997651789988,-2.3482102880693896e-07,2.3482102880693896e-07,0.99999977457400147,-2.2542602397435613e-07,2.2542602397435613e-07,9.3950048325828302e-09
501,520,0.99999885353039553,-1.1464702616696005e-06,1.1464702616696005e-06,0.99999883225555264,-1.1677451291225398e-06,1.1677451291225398e-06,-2.1274867452939332e-08
502,6984,0.99996752243170794,-3.2478095699665758e-05,3.2478095699665758e-05,0.99997193085941494,-2.8069534530738887e-05,2.8069534530738887e-05,4.4085611689268711e-06
503,25713,0.99999307329164244,-6.926732347311868e-06,6.926732347311868e-06,0.99999312114654748,-6.8788771119159628e-06,6.8788771119159628e-06,4.7855235395905244e-08
504,304,0.99981136480780264,-0.00018865298605292048,0.00018865298605292048,0.99974907447733374,-0.00025095700974265661,0.00025095700974265661,-6.2304023689736132e-05
505,11876,0.99993219223339469,-6.7810065655878591e-05,6.7810065655878591e-05,0.99994731940470916,-5.2681982962171381e-05,5.2681982962171381e-05,1.512808269370721e-05
506,52757,0.99999514450745031,-4.8555043376322596e-06,4.8555043376322596e-06,0.99999865831546475,-1.3416854353051599e-06,1.3416854353051599e-06,3.5138189023270999e-06
507,596,0.99999667004474113,-3.3299608032282624e-06,3.3299608032282624e-06,0.99999773996110408,-2.2600414498256609e-06,2.2600414498256609e-06,1.0699193534026015e-06
508,1176,0.99999437367109612,-5.6263447317668219e-06,5.6263447317668219e-06,0.99999480936353891,-5.1906499325399922e-06,5.1906499325399922e-06,4.356947992268297e-07
509,4033,0.99999112553708791,-8.8745022903565348e-06,8.8745022903565348e-06,0.99999134835823444,-8.6516791912408133e-06,8.6516791912408133e-06,2.2282309911572148e-07
510,76710,0.99997752348190527,-2.2476770695435259e-05,2.2476770695435259e-05,0.9999757698278029,-2.4230465752464919e-05,2.4230465752464919e-05,-1.7536950570296606e-06
511,2489,0.99999022342870603,-9.7766190849971923e-06,9.7766190849971923e-06,0.99999057076872699,-9.4292757284576059e-06,9.4292757284576059e-06,3.4734335653958644e-07
512,13,0.99977821418405366,-0.00022181041405747103,0.00022181041405747103,0.99979692605263426,-0.00020309456967174713,0.00020309456967174713,1.8715844385723898e-05
513,1283,0.99964292168582625,-0.00035714208181546577,0.00035714208181546577,0.99955791484797374,-0.00044218290047685747,0.00044218290047685747,-8.5040818661391701e-05
514,2834,0.99999795083067555,-2.049171423979647e-06,2.049171423979647e-06,0.99999769869763466,-2.3013050133187798e-06,2.3013050133187798e-06,-2.5213358933913279e-07
515,279,0.99999900938413322,-9.9061635744609438e-07,9.9061635744609438e-07,0.99999900315572288,-9.9684477392323333e-07,9.9684477392323333e-07,-6.228416477138948e-09
516,2489,0.99998921800818752,-1.0782049938534525e-05,1.0782049938534525e-05,0.99998877171515743,-1.122834788025067e-05,1.122834788025067e-05,-4.4629794171614467e-07
517,555,0.9999992795484286,-7.2045183090477433e-07,7.2045183090477433e-07,0.99999933961831067,-6.6038190737589191e-07,6.6038190737589191e-07,6.0069923528882416e-08
518,77173,0.9999729296216916,-2.70707447177313e-05,2.70707447177313e-05,0.99997466324220019,-2.5337078780908492e-05,2.5337078780908492e-05,1.7336659368228079e-06
519,1306,0.99999904905832315,-9.5094212897821623e-07,9.5094212897821623e-07,0.99999907766993168,-9.2233049362630158e-07,9.2233049362630158e-07,2.8611635351914652e-08
520,58374,0.99999525204203243,-4.7479692391315248e-06,4.7479692391315248e-06,0.99999583351619759,-4.1664924822420891e-06,4.1664924822420891e-06,5.8147675688943566e-07
521,574,0.99999230582807586,-7.694201524455065e-06,7.694201524455065e-06,0.99999218638375764,-7.8136467687921836e-06,7.8136467687921836e-06,-1.1944524433711856e-07
522,12153,0.9999947346117628,-5.2654020994320949e-06,5.2654020994320949e-06,0.99999466423236871,-5.3357818665369307e-06,5.3357818665369307e-06,-7.037976710483576e-08
523,311,0.9999996024898844,-3.9751019457928872e-07,3.9751019457928872e-07,0.9999995033330582,-4.9666706514851336e-07,4.9666706514851336e-07,-9.915687056922464e-08
524,6013,0.99997046094081155,-2.9539495475046963e-05,2.9539495475046963e-05,0.9999718157943428,-2.8184602839340573e-05,2.8184602839340573e-05,1.3548926357063899e-06
525,311,0.9999995067276457,-4.9327247599808073e-07,4.9327247599808073e-07,0.99999946237848036,-5.3762166410871167e-07,5.3762166410871167e-07,-4.4349188110630936e-08
526,55302,0.99998544879338425,-1.4551312485628829e-05,1.4551312485628829e-05,0.99998751641508887,-1.2483662831667937e-05,1.2483662831667937e-05,2.0676496539608919e-06
527,77449,0.99998155581841486,-1.8444351681137027e-05,1.8444351681137027e-05,0.99998154937056316,-1.8450799651804308e-05,1.8450799651804308e-05,-6.4479706672813356e-09
528,5843,0.99999424003391379,-5.7599826748228031e-06,5.7599826748228031e-06,0.99999498183268209,-5.0181799088978372e-06,5.0181799088978372e-06,7.4180276592496592e-07
529,13,0.79021713459921239,-0.23544751736343597,0.23544751736343597,0.81062904613151521,-0.20994473255116053,0.20994473255116053,0.025502784812275442
530,578,0.99797565191868065,-0.0020263998433511783,0.0020263998433511783,0.99819467703718523,-0.0018069545222716642,0.0018069545222716642,0.00021944532107951407
531,1828,0.99999890491120569,-1.0950893939640513e-06,1.0950893939640513e-06,0.99999912433252336,-8.7566786007463739e-07,8.7566786007463739e-07,2.1942153388941386e-07
532,3814,0.99999803901575379,-1.960986168952465e-06,1.960986168952465e-06,0.99999820760798841,-1.7923936179042816e-06,1.7923936179042816e-06,1.6859255104818341e-07
533,389,0.99999976987916106,-2.3012086541974775e-07,2.3012086541974775e-07,0.99999980553103052,-1.9446898843278482e-07,1.9446898843278482e-07,3.565187698696293e-08
534,23886,0.99996994833279995,-3.0052118760397021e-05,3.0052118760397021e-05,0.99997130780055654,-2.8692611072456425e-05,2.8692611072456425e-05,1.3595076879405953e-06
535,11,0.99999709119506386,-2.9088091666726361e-06,2.9088091666726361e-06,0.99999725433597964,-2.7456677896520394e-06,2.7456677896520394e-06,1.631413770205967e-07
536,11876,0.99989639887024551,-0.00010360649672227168,0.00010360649672227168,0.99991272139574205,-8.7282413257009988e-05,8.7282413257009988e-05,1.6324083465261695e-05
537,52757,0.99997188980534268,-2.8110589756220046e-05,2.8110589756220046e-05,0.99996960183554207,-3.039862649148821e-05,3.039862649148821e-05,-2.2880367352681638e-06
538,17011,0.99997935487637624,-2.0645336737272811e-05,2.0645336737272811e-05,0.99997872880956584,-2.127141666914017e-05,2.127141666914017e-05,-6.2607993186735916e-07
539,1022,0.99999400493439672,-5.9950835737599385e-06,5.9950835737599385e-06,0.99999483353922702,-5.1664741191518733e-06,5.1664741191518733e-06,8.2860945460806524e-07
540,2403,0.99999654213412836,-3.4578718500708303e-06,3.4578718500708303e-06,0.99999661992848077,-3.3800772317368498e-06,3.3800772317368498e-06,7.7794618333980519e-08
541,12149,0.99997779213502891,-2.2208111569414218e-05,2.2208111569414218e-05,0.99998234310493861,-1.7657050946246849e-05,1.7657050946246849e-05,4.551060623167369e-06
542,58374,0.99997151382533922,-2.8486580399508237e-05,2.8486580399508237e-05,0.99997300900298225,-2.6991361281248177e-05,2.6991361281248177e-05,1.4952191182600609e-06
543,596,0.99997203325615402,-2.7967134922681045e-05,2.7967134922681045e-05,0.99997615498162262,-2.3845302674389566e-05,2.3845302674389566e-05,4.1218322482914786e-06
544,10868,0.99998690009234403,-1.3099993460515239e-05,1.3099993460515239e-05,0.99998778919058473,-1.2210883967850204e-05,1.2210883967850204e-05,8.8910949266503586e-07
545,11,0.99999550203363041,-4.4979764854924812e-06,4.4979764854924812e-06,0.99999580157891987,-4.1984298934958228e-06,4.1984298934958228e-06,2.9954659199665833e-07
546,13678,0.99999310904975824,-6.890973984511055e-06,6.890973984511055e-06,0.9999937406294459,-6.259390144065089e-06,6.259390144065089e-06,6.3158384044596608e-07
547,58374,0.99999819375126875,-1.8062503624811155e-06,1.8062503624811155e-06,0.99999852478262574,-1.475218462382146e-06,1.475218462382146e-06,3.3103190009896942e-07
548,11,0.99999381422377143,-6.185795360560321e-06,6.185795360560321e-06,0.99999442162548413,-5.5783900750631551e-06,5.5783900750631551e-06,6.0740528549716589e-07
549,323,0.99999787666651729,-2.1233357369321946e-06,2.1233357369321946e-06,0.9999978217961748,-2.1782061974435421e-06,2.1782061974435421e-06,-5.4870460511347532e-08
550,24164,0.99997094469725845,-2.9055724855018587e-05,2.9055724855018587e-05,0.99997119310910798,-2.8807305818447233e-05,2.8807305818447233e-05,2.4841903657135342e-07
551,1461,0.99999238308381466,-7.6169451941499631e-06,7.6169451941499631e-06,0.99999159540192262,-8.404633396181517e-06,8.404633396181517e-06,-7.8768820203155396e-07
552,304,0.99999783434577982,-2.1656565651667229e-06,2.1656565651667229e-06,0.99999818775890614,-1.8122427360059178e-06,1.8122427360059178e-06,3.5341382916080513e-07
553,279,0.99330543500926771,-0.0067170741063432779,0.0067170741063432779,0.99999787593899103,-2.124063264757224e-06,2.124063264757224e-06,0.0067149500430785207
554,1890,0.99945263206197932,-0.00054751779853887887,0.00054751779853887887,0.99998580100763745,-1.4199093169226578e-05,1.4199093169226578e-05,0.0005333187053696523
555,11401,0.99993122672456791,-6.8775640422275288e-05,6.8775640422275288e-05,0.99997412066054747,-2.5879674328450257e-05,2.5879674328450257e-05,4.2895966093825031e-05
556,382,0.99953914574508429,-0.00046096048087558431,0.00046096048087558431,0.99956267386121578,-0.00043742179374934269,0.00043742179374934269,2.3538687126241624e-05
557,644,0.59963442521839738,-0.5114351007620388,0.5114351007620388,0.67165036272929779,-0.39801736741624028,0.39801736741624028,0.11341773334579852
558,5651,0.99873695797832962,-0.0012638403315146987,0.0012638403315146987,0.99890363905601876,-0.0010969623872805047,0.0010969623872805047,0.00016687794423419404
559,220,0.99999911694150745,-8.8305888247525694e-07,8.8305888247525694e-07,0.99999924157662667,-7.5842366092924096e-07,7.5842366092924096e-07,1.2463522154601598e-07
560,1049,0.99999974312487261,-2.5687516034607477e-07,2.5687516034607477e-07,0.99999962273095355,-3.7726911761222617e-07,3.7726911761222617e-07,-1.203939572661514e-07
561,17,0.99999845204787519,-1.5479533229280579e-06,1.5479533229280579e-06,0.99999837531202851,-1.6246892913488587e-06,1.6246892913488587e-06,-7.673596842080075e-08
562,11,0.99999916343760709,-8.3656274287996105e-07,8.3656274287996105e-07,0.99999925881648588,-7.4118378878069507e-07,7.4118378878069507e-07,9.5378954099265977e-08
563,11876,0.99995564681467242,-4.4354168959217503e-05,4.4354168959217503e-05,0.99996689880383327,-3.3101744023465857e-05,3.3101744023465857e-05,1.1252424935751646e-05
564,52757,0.999998108647142,-1.8913546466339669e-06,1.8913546466339669e-06,0.99999811411922013,-1.8858825581945582e-06,1.8858825581945582e-06,5.4720884394086771e-09
565,2834,0.99999170978911001,-8.2902452539501901e-06,8.2902452539501901e-06,0.99999329518591196,-6.7048365653939687e-06,6.7048365653939687e-06,1.5854086885562214e-06
566,279,0.99999859251451084,-1.4074864796190835e-06,1.4074864796190835e-06,0.99999882604048551,-1.1739602036281559e-06,1.1739602036281559e-06,2.3352627599092763e-07
567,6342,0.99999629635081533,-3.7036560431570345e-06,3.7036560431570345e-06,0.99999728193640713,-2.7180672867857209e-06,2.7180672867857209e-06,9.8558875637131363e-07
568,315,0.99999980668351285,-1.9331650588036376e-07,1.9331650588036376e-07,0.99999984100884931,-1.5899116336339188e-07,1.5899116336339188e-07,3.4325342516971876e-08
569,279,0.99999913099738591,-8.6900299168055636e-07,8.6900299168055636e-07,0.99999936484538954,-6.3515481220633866e-07,6.3515481220633866e-07,2.338481794742177e-07
570,22249,0.99998633014705018,-1.3669946383083449e-05,1.3669946383083449e-05,0.99998782760697835,-1.2172467105791e-05,1.2172467105791e-05,1.4974792772924489e-06
571,16520,0.99999452025933144,-5.479755682426407e-06,5.479755682426407e-06,0.99999505218837059,-4.9478238698798093e-06,4.9478238698798093e-06,5.319318125465977e-07
572,11,0.99999181228434186,-8.1877491776899434e-06,8.1877491776899434e-06,0.99999203370812961,-7.9663236014934761e-06,7.9663236014934761e-06,2.2142557619646732e-07
573,54216,0.99985837395999511,-0.00014163606991954468,0.00014163606991954468,0.99987777732036676,-0.00012223014943356478,0.00012223014943356478,1.94059204859799e-05
574,426,0.99996160718140281,-3.8393555620291343e-05,3.8393555620291343e-05,0.99996866670918549,-3.133378171229918e-05,3.133378171229918e-05,7.0597739079921628e-06
575,392,0.99999941495253031,-5.8504764083358887e-07,5.8504764083358887e-07,0.99999926532787264,-7.3467239727460921e-07,7.3467239727460921e-07,-1.4962475644102034e-07
576,4749,0.99979623015192742,-0.000203790611968765,0.000203790611968765,0.99999986746347802,-1.3253653073808901e-07,1.3253653073808901e-07,0.0002036580754380269
577,13558,0.99999492393966127,-5.0760732219453308e-06,5.0760732219453308e-06,0.99999588869168998,-4.1113167614666585e-06,4.1113167614666585e-06,9.6475646047867239e-07
578,88002,0.99999571402863674,-4.2859805480717575e-06,4.2859805480717575e-06,0.99999765079540059,-2.3492073588234394e-06,2.3492073588234394e-06,1.9367731892483182e-06
579,304,0.99995579810455282,-4.4202872379759782e-05,4.4202872379759782e-05,0.999942839327565,-5.7162306168490679e-05,5.7162306168490679e-05,-1.2959433788730897e-05
580,279,0.99999940765199069,-5.9234818470177305e-07,5.9234818470177305e-07,0.99999948434073038,-5.1565940256368952e-07,5.1565940256368952e-07,7.6688782138083532e-08
581,1176,0.99999161051803387,-8.3895171580656549e-06,8.3895171580656549e-06,0.99999347307163733,-6.5269496631227304e-06,6.5269496631227304e-06,1.8625674949429245e-06
582,4883,0.99999741079434878,-2.5892090031817528e-06,2.5892090031817528e-06,0.99999771079557798,-2.2892070422617967e-06,2.2892070422617967e-06,3.0000196091995613e-07
583,11,0.99999175522825701,-8.244805731335619e-06,8.244805731335619e-06,0.99999291300162885,-7.0870234840772733e-06,7.0870234840772733e-06,1.1577822472583457e-06
584,66095,0.99999859655676981,-1.4034442150040831e-06,1.4034442150040831e-06,0.99999884782378923,-1.1521768745101003e-06,1.1521768745101003e-06,2.5126734049398277e-07
585,350,0.9999989044317531,-1.0955688470268348e-06,1.0955688470268348e-06,0.99999886994450415,-1.1300561343108432e-06,1.1300561343108432e-06,-3.4487287284008445e-08
586,304,0.99998969651141756,-1.0303541663741154e-05,1.0303541663741154e-05,0.99999055861804209,-9.4414265280847596e-06,9.4414265280847596e-06,8.6211513565639476e-07
587,279,0.99999819428855619,-1.8057130741273064e-06,1.8057130741273064e-06,0.99999875714728603,-1.2428534862779816e-06,1.2428534862779816e-06,5.6285958784932479e-07
588,8502,0.99998299612447794,-1.7004020089604725e-05,1.7004020089604725e-05,0.9999940412858741,-5.958731879106231e-06,5.958731879106231e-06,1.1045288210498493e-05
589,99008,0.80294431612286965,-0.21946991224323764,0.21946991224323764,0.88188447032554196,-0.12569421758022706,0.12569421758022706,0.093775694663010584
590,11,0.99999135444060749,-8.6455967655469307e-06,8.6455967655469307e-06,0.99999469666260743,-5.3033514552791224e-06,5.3033514552791224e-06,3.3422453102678083e-06
591,3475,0.99987907024114886,-0.00012093707144396463,0.00012093707144396463,0.99992076406943198,-7.9239069900233461e-05,7.9239069900233461e-05,4.1698001543731173e-05
592,304,0.99998525165247487,-1.4748456283117023e-05,1.4748456283117023e-05,0.99998992208787929,-1.0077962903182502e-05,1.0077962903182502e-05,4.6704933799345207e-06
593,279,0.99989832116337318,-0.00010168400627016447,0.00010168400627016447,0.99999656077504118,-3.4392308729781424e-06,3.4392308729781424e-06,9.8244775397186322e-05
594,18768,0.99887138342768245,-0.0011292539396084811,0.0011292539396084811,0.99926353291320114,-0.00073673841190669302,0.00073673841190669302,0.00039251552770178805
595,99008,0.99994980593081761,-5.0195328946778978e-05,5.0195328946778978e-05,0.999967305156921,-3.2695377566989105e-05,3.2695377566989105e-05,1.7499951379789873e-05
596,11,0.99996305925730333,-3.6941425022757092e-05,3.6941425022757092e-05,0.99998558518587755,-1.4414918016920736e-05,1.4414918016920736e-05,2.2526507005836356e-05
597,323,0.99999915856330535,-8.4143704863505536e-07,8.4143704863505536e-07,0.99999873340108381,-1.2665997183286925e-06,1.2665997183286925e-06,-4.2516266969363716e-07
598,4997,0.9999420557615829,-5.7945917249321461e-05,5.7945917249321461e-05,0.99996852594220564,-3.1474553112865585e-05,3.1474553112865585e-05,2.6471364136455876e-05
599,13000,0.99671164105316579,-0.0032937774811004068,0.0032937774811004068,0.99998088184897593,-1.9118333778291673e-05,1.9118333778291673e-05,0.0032746591473221151
600,16758,0.99981697728680097,-0.00018303946389970033,0.00018303946389970033,0.9999569042828117,-4.309664583537242e-05,4.309664583537242e-05,0.00013994281806432792
601,304,0.9998128525467932,-0.00018716496747657203,0.00018716496747657203,0.99999303948465734,-6.9605395671795911e-06,6.9605395671795911e-06,0.00018020442790939243
602,279,0.99999446742234321,-5.5325929615913336e-06,5.5325929615913336e-06,0.99999793894558353,-2.0610565404258233e-06,2.0610565404258233e-06,3.4715364211655102e-06
603,41402,0.999568008141411,-0.00043208519395294877,0.00043208519395294877,0.99992378963896622,-7.6213265190924813e-05,7.6213265190924813e-05,0.00035587192876202395
604,11,0.99370121709635173,-0.0063187039328978772,0.0063187039328978772,0.99769685686213794,-0.0023057994513827158,0.0023057994513827158,0.0040129044815151614
605,28744,0.99999443883833783,-5.5611771255023754e-06,5.5611771255023754e-06,0.99999597153899522,-4.0284691190605831e-06,4.0284691190605831e-06,1.5327080064417923e-06
606,1461,0.99998872265021888,-1.1277413370903773e-05,1.1277413370903773e-05,0.99999473644026771,-5.2635735848373876e-06,5.2635735848373876e-06,6.0138397860663854e-06
607,264,0.99999777901341391,-2.2209890525217343e-06,2.2209890525217343e-06,0.99999906189608645,-9.3810435360407931e-07,9.3810435360407931e-07,1.282884698917655e-06
608,6689,0.99999604701820832,-3.9529896047705705e-06,3.9529896047705705e-06,0.99999768908948361,-2.3109131865117108e-06,2.3109131865117108e-06,1.6420764182588598e-06
609,520,0.99999979126209149,-2.0873793024859137e-07,2.0873793024859137e-07,0.99999990096151614,-9.9038488724044862e-08,9.9038488724044862e-08,1.0969944152454651e-07
610,279,0.99999772524444697,-2.2747581402965716e-06,2.2747581402965716e-06,0.99999853827863194,-1.4617224363642286e-06,1.4617224363642286e-06,8.1303570393234305e-07
611,34538,0.99936313033308577,-0.00063707255454706867,0.00063707255454706867,0.99987108139149417,-0.000128926919223944,0.000128926919223944,0.00050814563532312462
612,17314,0.99992319297804766,-7.6809971762713703e-05,7.6809971762713703e-05,0.99994646361661543,-5.3537816507847268e-05,5.3537816507847268e-05,2.3272155254866434e-05
613,285,0.99999966233383775,-3.3766621926405201e-07,3.3766621926405201e-07,0.99999917675276262,-8.2324757630314209e-07,8.2324757630314209e-07,-4.8558135703909002e-07
614,19849,0.99998493832207258,-1.506179135560316e-05,1.506179135560316e-05,0.99998948721882408,-1.0512836435565697e-05,1.0512836435565697e-05,4.5489549200374625e-06
615,19134,0.9999919830378563,-8.0169942796562707e-06,8.0169942796562707e-06,0.99999452285242962,-5.4771625700303714e-06,5.4771625700303714e-06,2.5398317096258993e-06
616,520,0.99999657491588057,-3.4250899850901968e-06,3.4250899850901968e-06,0.99999825975276235,-1.7402487518797257e-06,1.7402487518797257e-06,1.6848412332104711e-06
617,19367,0.99984468162492313,-0.00015533043822477932,0.00015533043822477932,0.99993859216181347,-6.1409723725018047e-05,6.1409723725018047e-05,9.3920714499761272e-05
618,7594,0.99996718777558247,-3.281276275035935e-05,3.281276275035935e-05,0.99997843553744736,-2.1564695069049387e-05,2.1564695069049387e-05,1.1248067681309963e-05
619,309,0.99999993499325179,-6.5006750312550526e-08,6.5006750312550526e-08,0.99999996020520721,-3.9794793556867025e-08,3.9794793556867025e-08,2.5211956755683501e-08
620,13,0.99548100709297982,-0.0045292344213346304,0.0045292344213346304,0.99597569653873719,-0.0040324227607745509,0.0040324227607745509,0.00049681166056007951
621,1952,0.99821727193913823,-0.0017843190116341042,0.0017843190116341042,0.99846570065797413,-0.0015354775846001256,0.0015354775846001256,0.00024884142703397857
622,5887,0.99992332953524954,-7.6673404080770935e-05,7.6673404080770935e-05,0.9999420244364482,-5.7977244199757167e-05,5.7977244199757167e-05,1.8696159881013768e-05
623,220,0.99999927313452586,-7.2686573833141826e-07,7.2686573833141826e-07,0.99999949507535524,-5.0492477219460042e-07,5.0492477219460042e-07,2.2194096613681784e-07
624,1313,0.99999560275378907,-4.3972558788522893e-06,4.3972558788522893e-06,0.99999879613783071,-1.2038628939274975e-06,1.2038628939274975e-06,3.193392984924792e-06
625,11,0.99999673454117111,-3.2654641605080083e-06,3.2654641605080083e-06,0.99999778577985943,-2.2142225919250441e-06,2.2142225919250441e-06,1.0512415685829643e-06
626,11876,0.99111180794327747,-0.0089279276627663856,0.0089279276627663856,0.99608507185096007,-0.0039226115400845529,0.0039226115400845529,0.0050053161226818327
627,52757,0.99998879838261967,-1.1201680118905049e-05,1.1201680118905049e-05,0.99999199979765152,-8.0002343503214003e-06,8.0002343503214003e-06,3.2014457685836484e-06
628,11096,0.99984976838505912,-0.00015024290084029546,0.00015024290084029546,0.99994111059743318,-5.8891136615769101e-05,5.8891136615769101e-05,9.1351764224526354e-05
629,279,0.99999186869864298,-8.1313344161830039e-06,8.1313344161830039e-06,0.99999528852558461,-4.7114855144533544e-06,4.7114855144533544e-06,3.4198489017296495e-06
630,4487,0.99995586046697582,-4.4140507201999734e-05,4.4140507201999734e-05,0.99997458443970333,-2.5415883277541958e-05,2.5415883277541958e-05,1.8724623924457776e-05
631,474,0.99999931005635223,-6.8994388582149322e-07,6.8994388582149322e-07,0.99999952781376722,-4.7218634423335209e-07,4.7218634423335209e-07,2.1775754158814112e-07
632,4554,0.99997655837674937,-2.3441898009731153e-05,2.3441898009731153e-05,0.99998952214341141,-1.0477911481704579e-05,1.0477911481704579e-05,1.2963986528026573e-05
633,0,0.98911333337639606,-0.01094636001540592,0.01094636001540592,0.99532570982902702,-0.0046852488279044051,0.0046852488279044051,0.0062611111875015149
634,6883,0.99998727261202291,-1.2727468970930913e-05,1.2727468970930913e-05,0.9999929445840916,-7.055440798007704e-06,7.055440798007704e-06,5.6720281729232094e-06
635,13,0.94646440273319943,-0.055021918407997451,0.055021918407997451,0.95840243429767269,-0.042487511664168795,0.042487511664168795,0.012534406743828656
636,4740,0.99971239515543642,-0.00028764621076848742,0.00028764621076848742,0.99980317427681453,-0.00019684509591021382,0.00019684509591021382,9.0801114858273608e-05
637,264,0.99999804712544516,-1.9528764617073522e-06,1.9528764617073522e-06,0.99999877605809406,-1.2239426549425865e-06,1.2239426549425865e-06,7.2893380676476566e-07
638,4062,0.99998998295583763,-1.0017094333291306e-05,1.0017094333291306e-05,0.99999484132135386,-5.1586919522271004e-06,5.1586919522271004e-06,4.8584023810642059e-06
639,57810,0.99999739100319951,-2.6090002039349316e-06,2.6090002039349316e-06,0.99999610917498738,-3.8908325818783372e-06,3.8908325818783372e-06,-1.2818323779434056e-06
640,449,0.99999563255750756,-4.367452029734965e-06,4.367452029734965e-06,0.99999581374686708,-4.1862618952735141e-06,4.1862618952735141e-06,1.811901344614509e-07
641,17681,0.99990775904185647,-9.2245212602331392e-05,9.2245212602331392e-05,0.99998049560244351,-1.9504587769693121e-05,1.9504587769693121e-05,7.2740624832638278e-05
642,61946,0.99935281168813261,-0.00064739782862569103,0.00064739782862569103,0.9998600341107996,-0.0001399756853395583,0.0001399756853395583,0.00050742214328613274
643,58371,0.99999888633353085,-1.1136670892573904e-06,1.1136670892573904e-06,0.99999920518495067,-7.9481536518307213e-07,7.9481536518307213e-07,3.1885172407431828e-07
644,304,0.99997469734966882,-2.5302970448631058e-05,2.5302970448631058e-05,0.99999063487420059,-9.3651696524693386e-06,9.3651696524693386e-06,1.5937800796161719e-05
645,6287,0.99998984653353262,-1.0153518014216775e-05,1.0153518014216775e-05,0.99999238596060969,-7.614068377291257e-06,7.614068377291257e-06,2.539449636925518e-06
646,220,0.99999564113204442,-4.3588774554599761e-06,4.3588774554599761e-06,0.99999770329871462,-2.2967039228410072e-06,2.2967039228410072e-06,2.062173532618969e-06
647,1049,0.99999969564822422,-3.0435182205927689e-07,3.0435182205927689e-07,0.99999975118262929,-2.4881740170253645e-07,2.4881740170253645e-07,5.5534420356740434e-08
648,17,0.99999790466539662,-2.0953367986485845e-06,2.0953367986485845e-06,0.99999869615718873,-1.3038436612422497e-06,1.3038436612422497e-06,7.9149313740633478e-07
649,11,0.99999639464623435,-3.6053602649285888e-06,3.6053602649285888e-06,0.99999747871425715,-2.5212889213147865e-06,2.5212889213147865e-06,1.0840713436138023e-06
650,11876,0.99987839377858367,-0.00012161361605239799,0.00012161361605239799,0.99991688499342812,-8.3118460815422197e-05,8.3118460815422197e-05,3.8495155236975797e-05
651,52757,0.99998037001158258,-1.9630181088137907e-05,1.9630181088137907e-05,0.99998429633481112,-1.5703788492705514e-05,1.5703788492705514e-05,3.9263925954323931e-06
652,24164,0.9999062924569837,-9.3711933842379006e-05,9.3711933842379006e-05,0.99991847225979458,-8.1531063772279398e-05,8.1531063772279398e-05,1.2180870070099608e-05
653,34538,0.99984354799873321,-0.00015646424115783314,0.00015646424115783314,0.99997790165947598,-2.2098584695975966e-05,2.2098584695975966e-05,0.00013436565646185716
654,17314,0.99987602074776039,-0.00012398693830234153,0.00012398693830234153,0.9999099053014614,-9.0098757309773313e-05,9.0098757309773313e-05,3.3888180992568221e-05
655,285,0.9999998502095897,-1.4979042150553154e-07,1.4979042150553154e-07,0.99999979522801108,-2.0477200992152299e-07,2.0477200992152299e-07,-5.4981588415991456e-08
656,19849,0.99998915426439883,-1.084579441656982e-05,1.084579441656982e-05,0.99998947606737554,-1.0523988001400796e-05,1.0523988001400796e-05,3.2180641516902385e-07
657,33597,0.99999353488743647,-6.4651334624032044e-06,6.4651334624032044e-06,0.99999718022685946,-2.8197771161588569e-06,2.8197771161588569e-06,3.6453563462443475e-06
658,11,0.99968523602166881,-0.00031481352690984502,0.00031481352690984502,0.99997658972558146,-2.341054844334188e-05,2.341054844334188e-05,0.00029140297846650315
659,578,0.99986647423964969,-0.00013353467570823252,0.00013353467570823252,0.9999347955807385,-6.5206545162028448e-05,6.5206545162028448e-05,6.8328130546204069e-05
660,9305,0.99996311232370694,-3.6888356660113291e-05,3.6888356660113291e-05,0.9999875706382314,-1.2429439013773977e-05,1.2429439013773977e-05,2.4458917646339316e-05
661,520,0.60037343510227725,-0.51020342553433329,0.51020342553433329,0.91331744566654682,-0.090671763675035766,0.090671763675035766,0.41953166185929752
662,19367,0.99997481022423995,-2.519009302774419e-05,2.519009302774419e-05,0.99998538843920037,-1.461166754957608e-05,1.461166754957608e-05,1.057842547816811e-05
663,7594,0.9999779421693713,-2.2058073906166924e-05,2.2058073906166924e-05,0.99997575918130299,-2.4241112510364774e-05,2.4241112510364774e-05,-2.1830386041978508e-06
664,309,0.99999999030629561,-9.6937044587803914e-09,9.6937044587803914e-09,0.99999999061601585,-9.3839842122874551e-09,9.3839842122874551e-09,3.0972024649293631e-10
665,311,0.99993797079906566,-6.20311248248131e-05,6.20311248248131e-05,0.99997782075229236,-2.2179493670796244e-05,2.2179493670796244e-05,3.9851631154016856e-05
666,3719,0.99997971187947698,-2.0288326329716538e-05,2.0288326329716538e-05,0.99998470091840819,-1.529919862391063e-05,1.529919862391063e-05,4.9891277058059072e-06
667,279,0.99996916880245323,-3.083167283790543e-05,3.083167283790543e-05,0.99999163091105503,-8.3691239659491602e-06,8.3691239659491602e-06,2.246254887195627e-05
668,34538,0.99986078773162268,-0.00013922195930453465,0.00013922195930453465,0.99994967734894336,-5.0323917283734883e-05,5.0323917283734883e-05,8.8898042020799778e-05
669,17314,0.9999548314735498,-4.5169546578810628e-05,4.5169546578810628e-05,0.99996653163126215,-3.3468928816187582e-05,3.3468928816187582e-05,1.1700617762623045e-05
670,285,0.99999450812321855,-5.491891861857437e-06,5.491891861857437e-06,0.99999062539141481,-9.3746525271407723e-06,9.3746525271407723e-06,-3.8827606652833353e-06
671,19849,0.99998861180905896,-1.138825578697868e-05,1.138825578697868e-05,0.99998827919277977,-1.1720875909379583e-05,1.1720875909379583e-05,-3.3262012240090317e-07
672,33597,0.99989679141773113,-0.00010321390864108306,0.00010321390864108306,0.9999120637483333,-8.7940118285571064e-05,8.7940118285571064e-05,1.5273790355511995e-05
673,323,0.99999362337593201,-6.3766443987392094e-06,6.3766443987392094e-06,0.9999951916941674,-4.8083173925780726e-06,4.8083173925780726e-06,1.5683270061611368e-06
674,39637,0.99437777790079085,-0.0056380862791133119,0.0056380862791133119,0.99911523016145087,-0.00088516147840723264,0.00088516147840723264,0.0047529248007060791
675,34538,0.99997505369216444,-2.4946618999924331e-05,2.4946618999924331e-05,0.99998798189617644,-1.2018176041570204e-05,1.2018176041570204e-05,1.2928442958354127e-05
676,33597,0.99996577008574516,-3.4230500111741173e-05,3.4230500111741173e-05,0.99998221151541822,-1.7788642798704174e-05,1.7788642798704174e-05,1.6441857313036999e-05
677,520,0.99999862742446421,-1.3725764777391069e-06,1.3725764777391069e-06,0.99999938166691682,-6.1833327437268504e-07,6.1833327437268504e-07,7.5424320336642183e-07
678,4325,0.99989909900360885,-0.00010090608723912219,0.00010090608723912219,0.99997755522166309,-2.2445030224681386e-05,2.2445030224681386e-05,7.8461057014440796e-05
679,220,0.99999907057440873,-9.2942602321533198e-07,9.2942602321533198e-07,0.99999942184839241,-5.7815177474705596e-07,5.7815177474705596e-07,3.5127424846827602e-07
680,914,0.99999741291203081,-2.5870913157527329e-06,2.5870913157527329e-06,0.99999979827591845,-2.0172410194882469e-07,2.0172410194882469e-07,2.3853672138039084e-06
681,11,0.99960881863305873,-0.0003912578983312463,0.0003912578983312463,0.99974487252711786,-0.00025516002343227862,0.00025516002343227862,0.00013609787489896768
682,264,0.99999531409003584,-4.6859209430991153e-06,4.6859209430991153e-06,0.99999786777273414,-2.1322295390210867e-06,2.1322295390210867e-06,2.5536914040780286e-06
683,3335,0.99999785833371901,-2.1416685743875132e-06,2.1416685743875132e-06,0.99999774007951747,-2.2599230361479579e-06,2.2599230361479579e-06,-1.1825446176044466e-07
684,8767,0.999995167615091,-4.8323965850545763e-06,4.8323965850545763e-06,0.99999560690655243,-4.3931030972227985e-06,4.3931030972227985e-06,4.3929348783177784e-07
685,5762,0.99999869447685708,-1.3055239951424349e-06,1.3055239951424349e-06,0.99999902464618129,-9.7535429440267779e-07,9.7535429440267779e-07,3.3016970073975709e-07
686,555,0.9999995890241612,-4.1097592321920024e-07,4.1097592321920024e-07,0.9999997802145445,-2.1978547964381312e-07,2.1978547964381312e-07,1.9119044357538712e-07
687,578,1.0980110764523747e-05,-11.419425034090079,11.419425034090079,0.99998610424583068,-1.3895850716194706e-05,1.3895850716194706e-05,11.419411138239363
688,9305,0.68062087066194266,-0.38474985229301489,0.38474985229301489,0.9999941247979216,-5.8752193374292613e-06,5.8752193374292613e-06,0.38474397707367747
689,382,0.6664821841522599,-0.40574187017486235,0.40574187017486235,0.56396779499066907,-0.57275813019478083,0.57275813019478083,-0.16701626001991848
690,24641,0.99898996172266885,-0.0010105487097251177,0.0010105487097251177,0.99850877410331906,-0.0014923388806296384,0.0014923388806296384,-0.00048179017090452074
691,52757,0.99998830689296603,-1.1693175398934936e-05,1.1693175398934936e-05,0.99998942184768813,-1.0578208260916836e-05,1.0578208260916836e-05,1.1149671380180997e-06
692,596,0.96626686049553845,-0.034315229819509435,0.034315229819509435,0.97728894293100133,-0.0229729255957512,0.0229729255957512,0.011342304223758235
693,11295,0.99742131853640825,-0.0025820119894459956,0.0025820119894459956,0.99867216875392595,-0.0013287135951433667,0.0013287135951433667,0.0012532983943026289
694,10205,0.99999693032132098,-3.0696833904480988e-06,3.0696833904480988e-06,0.99999751057446362,-2.4894286350132078e-06,2.4894286350132078e-06,5.8025475543489092e-07
695,311,0.99999900209550963,-9.979049883367732e-07,9.979049883367732e-07,0.99999964259914631,-3.5740091760891436e-07,3.5740091760891436e-07,6.4050407072785879e-07
696,279,0.99999959861483345,-4.0138524708682086e-07,4.0138524708682086e-07,0.99999988883464475,-1.1116536139895668e-07,1.1116536139895668e-07,2.902198856878642e-07
697,1948,0.99999976339198704,-2.3660804092366019e-07,2.3660804092366019e-07,0.99999988737206369,-1.1262794262463192e-07,1.1262794262463192e-07,1.2398009829902827e-07
698,315,0.54702808004010472,-0.60325514325231266,0.60325514325231266,0.99999953022473242,-4.6977537794316804e-07,4.6977537794316804e-07,0.60325467347693473
699,34538,0.99981728260196501,-0.00018273409289243565,0.00018273409289243565,0.99999035010716453,-9.6499393959462006e-06,9.6499393959462006e-06,0.00017308415349648944
700,304,0.99961642192061539,-0.0003836516642737347,0.0003836516642737347,0.9998981838427079,-0.00010182134090888043,0.00010182134090888043,0.00028183032336485427
701,220,0.99999914876305318,-8.5123730915942073e-07,8.5123730915942073e-07,0.99999984914605522,-1.5085395616142927e-07,1.5085395616142927e-07,7.0038335299799144e-07
702,1049,0.99999933195669555,-6.6804352762111012e-07,6.6804352762111012e-07,0.99999997562558096,-2.4374419296741663e-08,2.4374419296741663e-08,6.4366910832436845e-07
703,17,0.99995819690133536,-4.1803972438494122e-05,4.1803972438494122e-05,0.99999881071695573,-1.1892837514931742e-06,1.1892837514931742e-06,4.0614688687000949e-05
704,6197,0.99999817009920655,-1.8299024677197027e-06,1.8299024677197027e-06,0.9999994927081628,-5.0729196588109963e-07,5.0729196588109963e-07,1.322610501838603e-06
705,311,0.99999760965654938,-2.3903463075028434e-06,2.3903463075028434e-06,0.99999954769521116,-4.52304891169179e-07,4.52304891169179e-07,1.9380414163336643e-06
706,264,0.99998207699213615,-1.792316848283119e-05,1.792316848283119e-05,0.99999811541735406,-1.8845844217121669e-06,1.8845844217121669e-06,1.6038584061119023e-05
707,57810,0.99999683126834249,-3.168736677915858e-06,3.168736677915858e-06,0.99999889600133951,-1.1039992698853537e-06,1.1039992698853537e-06,2.0647374080305043e-06
708,449,0.9999950178822562,-4.9821301545595966e-06,4.9821301545595966e-06,0.99999808975989668,-1.9102419277767132e-06,1.9102419277767132e-06,3.0718882267828834e-06
709,578,0.99980954126686217,-0.00019047687270565045,0.00019047687270565045,0.99996690012186629,-3.3100425946816756e-05,3.3100425946816756e-05,0.00015737644675883368
710,99773,0.99999679478912273,-3.2052160140046401e-06,3.2052160140046401e-06,0.99999881126809065,-1.1887326159007287e-06,1.1887326159007287e-06,2.0164833981039117e-06
711,4506,0.99999846164194728,-1.5383592359979564e-06,1.5383592359979564e-06,0.9999989818924484,-1.0181080698300544e-06,1.0181080698300544e-06,5.2025116616790206e-07
712,11,0.99903495948209242,-0.0009655064693069815,0.0009655064693069815,0.99986691621729629,-0.00013309263913613558,0.00013309263913613558,0.00083241383017084586
713,902,0.99995870879330839,-4.1292059196910486e-05,4.1292059196910486e-05,0.99999379257107812,-6.2074481880314359e-06,6.2074481880314359e-06,3.508461100887905e-05
714,6532,0.99990448057923742,-9.5523983032970685e-05,9.5523983032970685e-05,0.99997410050851976,-2.5899826877910859e-05,2.5899826877910859e-05,6.9624156155059826e-05
715,264,0.99998658061865831,-1.3419471382357494e-05,1.3419471382357494e-05,0.99999687113304037,-3.1288718545450648e-06,3.1288718545450648e-06,1.029059952781243e-05
716,2489,0.99996853456306867,-3.1465931978589603e-05,3.1465931978589603e-05,0.99999087816852206,-9.1218730820832704e-06,9.1218730820832704e-06,2.2344058896506333e-05
717,520,0.99999364646949374,-6.3535506900167476e-06,6.3535506900167476e-06,0.99999844144271355,-1.5585585009558468e-06,1.5585585009558468e-06,4.794992189060901e-06
718,1252,0.99992665859135066,-7.334409826194549e-05,7.334409826194549e-05,0.99997791764745658,-2.20825963621306e-05,2.20825963621306e-05,5.126150189981489e-05
719,97944,0.9999909590907089,-9.0409501603164032e-06,9.0409501603164032e-06,0.99999238527295886,-7.6147560333164079e-06,7.6147560333164079e-06,1.4261941269999953e-06
720,2116,0.99999540228063766,-4.5977299318565615e-06,4.5977299318565615e-06,0.9999967304495655,-3.2695557795048352e-06,3.2695557795048352e-06,1.3281741523517263e-06
721,13,0.99980835845995064,-0.00019165990563575733,0.00019165990563575733,0.9999463530283339,-5.3648410716316966e-05,5.3648410716316966e-05,0.00013801149491944037
722,578,0.99932211413510097,-0.00067811573341089969,0.00067811573341089969,0.99975478539514395,-0.00024524467487315729,0.00024524467487315729,0.0004328710585377424
723,2489,0.99998600826418538,-1.3991833699859845e-05,1.3991833699859845e-05,0.99999184190590895,-8.1581273685318122e-06,8.1581273685318122e-06,5.8337063313280329e-06
724,9670,0.99997497354451959,-2.5026768647430414e-05,2.5026768647430414e-05,0.9999909315983011,-9.0684428171073996e-06,9.0684428171073996e-06,1.5958325830323014e-05
725,304,0.99999315619726115,-6.8438261578002644e-06,6.8438261578002644e-06,0.99999800604325084,-1.9939587370404399e-06,1.9939587370404399e-06,4.849867420759824e-06
726,264,0.99994873352615443,-5.1267788016129592e-05,5.1267788016129592e-05,0.99998824606730996,-1.175400176808739e-05,1.175400176808739e-05,3.9513786248042204e-05
727,2033,0.99995692520321555,-4.3075724530177218e-05,4.3075724530177218e-05,0.99998784176575906,-1.2158308152835562e-05,1.2158308152835562e-05,3.0917416377341652e-05
728,834,0.98760582703683897,-0.012471621329208284,0.012471621329208284,0.99993233354380151,-6.7668745676406747e-05,6.7668745676406747e-05,0.012403952583531878
729,73009,0.99993910509606954,-6.0896758100382018e-05,6.0896758100382018e-05,0.99998620812460082,-1.3791970507916902e-05,1.3791970507916902e-05,4.7104787592465118e-05
730,13239,0.81809846849365442,-0.20077257249252867,0.20077257249252867,0.99178533247884781,-0.008248593825682644,0.008248593825682644,0.19252397866684604
731,304,0.99999411230989221,-5.8877074402515894e-06,5.8877074402515894e-06,0.99999863587707127,-1.3641238591538892e-06,1.3641238591538892e-06,4.5235835810977e-06
732,11876,0.99988097247844843,-0.00011903460588921059,0.00011903460588921059,0.99996948345895631,-3.0517006682818733e-05,3.0517006682818733e-05,8.8517599206391854e-05
733,52757,0.99998747486314354,-1.252521529668315e-05,1.252521529668315e-05,0.99996020204962033,-3.9798742339087628e-05,3.9798742339087628e-05,-2.7273527042404478e-05
734,51110,0.99998346134507887,-1.6538791686200293e-05,1.6538791686200293e-05,0.9999876856224108,-1.2314453411809769e-05,1.2314453411809769e-05,4.2243382743905246e-06
735,279,0.99976103798225768,-0.00023899057371461308,0.00023899057371461308,0.99997381253958573,-2.618780331184126e-05,2.618780331184126e-05,0.00021280277040277182
736,2316,0.9999950843819444,-4.9156301373203228e-06,4.9156301373203228e-06,0.99999749119094872,-2.5088121983980284e-06,2.5088121983980284e-06,2.4068179389222944e-06
737,13,0.99910340140723175,-0.00089700077770346772,0.00089700077770346772,0.99965277660565732,-0.00034728369034330698,0.00034728369034330698,0.00054971708736016069
738,11876,0.99951998150389898,-0.0004801337418608264,0.0004801337418608264,0.99944141276014453,-0.00055874330782879251,0.00055874330782879251,-7.8609565967966116e-05
739,52757,0.99986818528893817,-0.00013182339938433486,0.00013182339938433486,0.9998289887388675,-0.0001710258852255512,0.0001710258852255512,-3.9202485841216333e-05
740,17011,0.99995727873407947,-4.2722178499826203e-05,4.2722178499826203e-05,0.99994905782896415,-5.0943468632342205e-05,5.0943468632342205e-05,-8.221290132516002e-06
741,578,0.99981982745965536,-0.00018018877336668953,0.00018018877336668953,0.99994775130635127,-5.2250058659252514e-05,5.2250058659252514e-05,0.00012793871470743703
742,99773,0.9999968619235039,-3.1380814198854291e-06,3.1380814198854291e-06,0.99999801417416156,-1.9858278101901504e-06,1.9858278101901504e-06,1.1522536096952787e-06
743,4506,0.9999990103921369,-9.8960835276520642e-07,9.8960835276520642e-07,0.99999902315261713,-9.7684785999262285e-07,9.7684785999262285e-07,1.276049277258357e-08
744,1578,0.99995678462666804,-4.3216307143165421e-05,4.3216307143165421e-05,0.99998839614011614,-1.1603927209212825e-05,1.1603927209212825e-05,3.1612379933952593e-05
745,11,0.33622429703942336,-1.0899767910192311,1.0899767910192311,0.84789510124853673,-0.16499835219973563,0.16499835219973563,0.92497843881949549
746,520,0.99994201621575907,-5.7985465365546955e-05,5.7985465365546955e-05,0.99999326406270284,-6.7359599836845548e-06,6.7359599836845548e-06,5.12495053818624e-05
747,2360,0.99994001093180851,-5.9990867607582938e-05,5.9990867607582938e-05,0.99999270867650247,-7.2913500793760191e-06,7.2913500793760191e-06,5.2699517528206919e-05
748,64794,0.99998730969082816,-1.2690389694455094e-05,1.2690389694455094e-05,0.99999519660774516,-4.8034037911298268e-06,4.8034037911298268e-06,7.8869859033252677e-06
749,11,0.99968069956000949,-0.00031935142722980177,0.00031935142722980177,0.99998517082207228,-1.4829287881047718e-05,1.4829287881047718e-05,0.00030452213934875405
750,420,0.98988805539078739,-0.010163417609843305,0.010163417609843305,0.99835852503554101,-0.0016428236605911396,0.0016428236605911396,0.0085205939492521664
751,892,0.99999870876553976,-1.2912352939316609e-06,1.2912352939316609e-06,0.99999944763042681,-5.5236972572548157e-07,5.5236972572548157e-07,7.3886556820617932e-07
752,304,0.99988021407908945,-0.00011979309581689784,0.00011979309581689784,0.99999851256367234,-1.4874374338797406e-06,1.4874374338797406e-06,0.00011830565838301811
753,264,0.99995934542653953,-4.0655399880019515e-05,4.0655399880019515e-05,0.99999573719947288,-4.2628096129112378e-06,4.2628096129112378e-06,3.6392590267108276e-05
754,24830,0.99987141442659078,-0.00012859384124284278,0.00012859384124284278,0.99994806757068899,-5.1933777846328966e-05,5.1933777846328966e-05,7.6660063396513816e-05
755,304,0.99999244021893863,-7.5598096366682758e-06,7.5598096366682758e-06,0.99999943769268196,-5.6230747613827158e-07,5.6230747613827158e-07,6.9975021605300043e-06
756,264,0.99999234256045,-7.6574688683853196e-06,7.6574688683853196e-06,0.99999925098856657,-7.490117139182181e-07,7.490117139182181e-07,6.9084571544671016e-06
757,14299,0.99999582472773607,-4.1752809803749888e-06,4.1752809803749888e-06,0.99999920907059014,-7.9092972268082438e-07,7.9092972268082438e-07,3.3843512576941645e-06
758,2489,0.9999567685993066,-4.3232335197345041e-05,4.3232335197345041e-05,0.99998521424438835,-1.4785864921993808e-05,1.4785864921993808e-05,2.8446470275351232e-05
759,13,0.99354789952528955,-0.0064730052432711346,0.0064730052432711346,0.99068445245442616,-0.0093592086213747181,0.0093592086213747181,-0.0028862033781035835
760,59143,0.87915555870032713,-0.12879342459939908,0.12879342459939908,0.85764381926653488,-0.15356639474407976,0.15356639474407976,-0.024772970144680689
761,709,0.99999896980944591,-1.0301910847006576e-06,1.0301910847006576e-06,0.99999963388883384,-3.6611123314644709e-07,3.6611123314644709e-07,6.6407985155421047e-07
762,311,0.9999950044080228,-4.9956044551816443e-06,4.9956044551816443e-06,0.99999970328041587,-2.9671962814466163e-07,2.9671962814466163e-07,4.6988848270369825e-06
763,279,0.99999027750070391,-9.7225465599263047e-06,9.7225465599263047e-06,0.99999684565080849,-3.1543541664636838e-06,3.1543541664636838e-06,6.5681923934626205e-06
764,2489,0.9999784049152417,-2.1595317935470166e-05,2.1595317935470166e-05,0.99998405227394704,-1.5947853219267274e-05,1.5947853219267274e-05,5.6474647162028924e-06
765,11,0.9997928119938212,-0.00020720947257890215,0.00020720947257890215,0.99998330433762905,-1.6695801745074287e-05,1.6695801745074287e-05,0.00019051367083382787
766,304,0.99975647833766412,-0.00024355131855055255,0.00024355131855055255,0.99996286658005129,-3.7134109411205824e-05,3.7134109411205824e-05,0.00020641720913934674
767,279,0.96262088698382109,-0.038095623840516159,0.038095623840516159,0.99998874008411531,-1.1259979278018848e-05,1.1259979278018848e-05,0.038084363861238139
768,51728,0.99993054607674325,-6.9456335292141769e-05,6.9456335292141769e-05,0.99999823480354455,-1.7651980134389354e-06,1.7651980134389354e-06,6.7691137278702836e-05
769,11,0.99992725434189189,-7.2748304201865428e-05,7.2748304201865428e-05,0.99999463015468493,-5.3698597327289549e-06,5.3698597327289549e-06,6.7378444469136468e-05
770,11876,0.99957832940579772,-0.00042175952224711742,0.00042175952224711742,0.99983261785169553,-0.00016739615825967858,0.00016739615825967858,0.00025436336398743884
771,52757,0.99997256463977102,-2.7435736585379314e-05,2.7435736585379314e-05,0.99997576051257442,-2.4239781206706172e-05,2.4239781206706172e-05,3.1959553786731414e-06
772,14760,0.9998917984241591,-0.00010820743005366702,0.00010820743005366702,0.99997259892418466,-2.7401451231644308e-05,2.7401451231644308e-05,8.0805978822022712e-05
773,279,0.17981940643713665,-1.7158022293032935,1.7158022293032935,0.67377349507474771,-0.39486128527084707,0.39486128527084707,1.3209409440324464
774,99773,0.99994468663022495,-5.5314899615906393e-05,5.5314899615906393e-05,0.9999851897555545,-1.4810354118200555e-05,1.4810354118200555e-05,4.0504545497705834e-05
775,4506,0.99999942409276066,-5.7590740513078224e-07,5.7590740513078224e-07,0.99999957342424872,-4.2657584225986855e-07,4.2657584225986855e-07,1.4933156287091369e-07
776,596,0.99993804312781132,-6.1958791594984595e-05,6.1958791594984595e-05,0.99999532620868925,-4.6738022329342355e-06,4.6738022329342355e-06,5.7284989362050357e-05
777,1450,0.99988687161975953,-0.0001131347797382898,0.0001131347797382898,0.99997780539601477,-2.2194850289110295e-05,2.2194850289110295e-05,9.0939929449179504e-05
778,449,0.99998579575218072,-1.4204348700538897e-05,1.4204348700538897e-05,0.99999615689591348,-3.8431114712771453e-06,3.8431114712771453e-06,1.0361237229261752e-05
779,264,0.99998064725561431,-1.9352931652460196e-05,1.9352931652460196e-05,0.9999956172199953,-4.382789609117257e-06,4.382789609117257e-06,1.4970142043342939e-05
780,92038,0.99998924920313881,-1.0750854651425193e-05,1.0750854651425193e-05,0.99999805862128266,-1.9413806018451534e-06,1.9413806018451534e-06,8.80947404958004e-06
781,13192,0.99997911944119111,-2.0880776810737703e-05,2.0880776810737703e-05,0.99998931419834691,-1.0685858746643887e-05,1.0685858746643887e-05,1.0194918064093816e-05
782,13,0.87660573911218931,-0.13169794400518275,0.13169794400518275,0.75330505401670211,-0.28328501500440006,0.28328501500440006,-0.15158707099921731
783,18185,0.99872430926416733,-0.0012765051219363083,0.0012765051219363083,0.99816413552429284,-0.0018375517402693608,0.0018375517402693608,-0.00056104661833305245
784,28653,0.9994668197312303,-0.00053332245991373267,0.00053332245991373267,0.99987233733346503,-0.00012767081610673509,0.00012767081610673509,0.00040565164380699755
785,1543,0.99999980039382119,-1.9960619874356419e-07,1.9960619874356419e-07,0.99999990481393319,-9.5186071379997663e-08,9.5186071379997663e-08,1.0442012736356653e-07
786,60206,0.9970204717646769,-0.0029839758663341501,0.0029839758663341501,0.99870184790355954,-0.0012989954257986822,0.0012989954257986822,0.0016849804405354679
787,80928,0.99913244121174327,-0.00086793533518245841,0.00086793533518245841,0.99998548044270141,-1.4519662708357237e-05,1.4519662708357237e-05,0.0008534156724741012
788,539,0.9996226139002512,-0.000377457327803833,0.000377457327803833,0.99991538791854861,-8.4615661255535275e-05,8.4615661255535275e-05,0.00029284166654829774
789,311,0.99999544899046222,-4.5510198936376508e-06,4.5510198936376508e-06,0.99999909671443998,-9.0328596795662812e-07,9.0328596795662812e-07,3.6477339256810229e-06
790,1095,0.99988954154052645,-0.00011046456045840479,0.00011046456045840479,0.9999929582094641,-7.0418153293723583e-06,7.0418153293723583e-06,0.00010342274512903244
791,578,0.99910978848588594,-0.00089060798769840762,0.00089060798769840762,0.9998861285824624,-0.00011387790137967504,0.00011387790137967504,0.00077673008631873254
792,99773,0.99999713336402984,-2.8666400789878705e-06,2.8666400789878705e-06,0.99999831540100159,-1.68460041730922e-06,1.68460041730922e-06,1.1820396616786505e-06
793,4506,0.99999866895131739,-1.3310495684538386e-06,1.3310495684538386e-06,0.99999896486349471,-1.0351370410113448e-06,1.0351370410113448e-06,2.9591252744249384e-07
794,1005,0.999987517499631,-1.2482578276105464e-05,1.2482578276105464e-05,0.99999649936605939,-3.5006400678949726e-06,3.5006400678949726e-06,8.981938208210492e-06
795,813,0.99827206970067417,-0.0017294248928358595,0.0017294248928358595,0.99998952190742962,-1.0478147466017584e-05,1.0478147466017584e-05,0.0017189467453698419
796,6445,0.99977654559652018,-0.00022347937313477645,0.00022347937313477645,0.99999535728450584,-4.6427262715617689e-06,4.6427262715617689e-06,0.00021883664686321469
797,439,0.99998411345022864,-1.5886675963900278e-05,1.5886675963900278e-05,0.9999979836862013,-2.0163158314623796e-06,2.0163158314623796e-06,1.3870360132437898e-05
798,264,0.99974524841197243,-0.00025478404272541379,0.00025478404272541379,0.99999665707937646,-3.3429262111269822e-06,3.3429262111269822e-06,0.00025144111651428681
799,10500,0.99995759265664896,-4.240824256785414e-05,4.240824256785414e-05,0.99998534553633167,-1.4654571046012845e-05,1.4654571046012845e-05,2.7753671521841297e-05
800,11,0.99991185724413267,-8.8146640668269636e-05,8.8146640668269636e-05,0.99999388246124665,-6.1175574655625246e-06,6.1175574655625246e-06,8.2029083202707104e-05
801,279,0.99938522607146585,-0.000614962979512111,0.000614962979512111,0.9999745771299029,-2.542319326374639e-05,2.542319326374639e-05,0.00058953978624836463
802,1715,0.99995121128160647,-4.8789908601751525e-05,4.8789908601751525e-05,0.99997988444675756,-2.0115755562923438e-05,2.0115755562923438e-05,2.8674153038828087e-05
803,574,0.99994098432838785,-5.9017413105431483e-05,5.9017413105431483e-05,0.99999279743629399,-7.2025896445794252e-06,7.2025896445794252e-06,5.181482346085206e-05
804,15164,0.99997943789800581,-2.056231339705446e-05,2.056231339705446e-05,0.99999178239814634,-8.2176356183325046e-06,8.2176356183325046e-06,1.2344677778721955e-05
805,323,0.91387764680599226,-0.090058582127749517,0.090058582127749517,0.97656729687420829,-0.023711614630190555,0.023711614630190555,0.066346967497558959
806,279,0.99642840086278761,-0.0035779925250293766,0.0035779925250293766,0.99998808718829679,-1.191288266135067e-05,1.191288266135067e-05,0.0035660796423680262
807,2489,0.99985202318671995,-0.00014798776292894211,0.00014798776292894211,0.99998905628393531,-1.0943775947555536e-05,1.0943775947555536e-05,0.00013704398698138659
808,4024,0.025387297234895113,-3.6735063389161899,3.6735063389161899,0.99996335045781182,-3.6650213799079464e-05,3.6650213799079464e-05,3.673469688702391
809,389,0.32603987567110604,-1.1207355870861395,1.1207355870861395,0.9999844151845122,-1.5584936932304288e-05,1.5584936932304288e-05,1.1207200021492072
810,439,0.2753825415183514,-1.289594087876567,1.289594087876567,0.99999847051177915,-1.5294893905341894e-06,1.5294893905341894e-06,1.2895925583871766
811,13205,0.57310500826714106,-0.55668631855643302,0.55668631855643302,0.99999325275928608,-6.7472634766723043e-06,6.7472634766723043e-06,0.55667957129295631
812,382,0.43105135932229161,-0.84152803281698529,0.84152803281698529,0.69649117403338945,-0.36170015772571074,0.36170015772571074,0.47982787509127456
813,644,0.56871694316947463,-0.5643724323059448,0.5643724323059448,0.83971503901978384,-0.17469268396159524,0.17469268396159524,0.3896797483443496
814,264,0.61884277855550074,-0.47990403119968267,0.47990403119968267,0.70102789097987772,-0.3552076053212454,0.3552076053212454,0.12469642587843727
815,2489,0.9996405212551408,-0.00035954337283191203,0.00035954337283191203,0.99994675877071149,-5.3242646653058638e-05,5.3242646653058638e-05,0.0003063007261788534
816,430,0.99996127377159538,-3.8726978284370214e-05,3.8726978284370214e-05,0.99998658557386222,-1.3414516112035217e-05,1.3414516112035217e-05,2.5312462172334997e-05
817,5602,0.99997680098916719,-2.3199279934023061e-05,2.3199279934023061e-05,0.9999985667756055,-1.4332254215647066e-06,1.4332254215647066e-06,2.1766054512458354e-05
818,2225,0.9999696864473997,-3.0314012065365354e-05,3.0314012065365354e-05,0.99999621459556132,-3.7854116033191057e-06,3.7854116033191057e-06,2.6528600462046249e-05
819,98930,0.99751534108685314,-0.002487750800690045,0.002487750800690045,0.99994008239065357,-5.9919404478084205e-05,5.9919404478084205e-05,0.0024278313962119609
820,323,0.99597751316521488,-0.0040305987957649572,0.0040305987957649572,0.99994926301809273,-5.0738269071466904e-05,5.0738269071466904e-05,0.00397986052669349
821,1524,0.99683306944409278,-0.0031719558932145754,0.0031719558932145754,0.99988012341316213,-0.00011988377261017403,0.00011988377261017403,0.0030520721206044013
822,28653,0.99985750035031939,-0.00014250980372036099,0.00014250980372036099,0.9999790738853509,-2.0926333603338705e-05,2.0926333603338705e-05,0.00012158347011702229
823,1543,0.99999950244751457,-4.9755260923489711e-07,4.9755260923489711e-07,0.99999981071033728,-1.8928968066693627e-07,1.8928968066693627e-07,3.0826292856796086e-07
824,9960,0.99993363238208222,-6.6369820345599936e-05,6.6369820345599936e-05,0.99998758503382723,-1.2415043239062515e-05,1.2415043239062515e-05,5.3954777106537423e-05
825,304,0.99999757859645733,-2.4214064742657424e-06,2.4214064742657424e-06,0.9999997047706396,-2.9522940397535138e-07,2.9522940397535138e-07,2.126177070290391e-06
826,6680,0.99995249329988767,-4.7507828591386243e-05,4.7507828591386243e-05,0.99998968510631847,-1.031494688039399e-05,1.031494688039399e-05,3.7192881710992255e-05
827,11,0.99988186907882026,-0.00011813789918655604,0.00011813789918655604,0.99998813302034284,-1.1867050070348687e-05,1.1867050070348687e-05,0.00010627084911620734
828,433,0.21716943452725779,-1.5270774258376756,1.5270774258376756,0.999640021591646,-0.00036004321613459627,0.00036004321613459627,1.526717382621541
829,9670,0.99998580028596651,-1.4199814850352357e-05,1.4199814850352357e-05,0.99999714359051139,-2.8564135681921257e-06,2.8564135681921257e-06,1.1343401282160231e-05
830,994,0.99968323466742037,-0.00031681551331488595,0.00031681551331488595,0.99998579104468821,-1.4209056259948318e-05,1.4209056259948318e-05,0.00030260645705493765
831,11876,0.99984289582241337,-0.00015711651974058445,0.00015711651974058445,0.99995977305658534,-4.0227752539840948e-05,4.0227752539840948e-05,0.0001168887672007435
832,52757,0.99999548841556318,-4.5115946140546763e-06,4.5115946140546763e-06,0.99999681309018962,-3.1869148885946584e-06,3.1869148885946584e-06,1.3246797254600179e-06
833,28537,0.99960387144822593,-0.00039620703141483664,0.00039620703141483664,0.99985698516235899,-0.00014302506523803822,0.00014302506523803822,0.0002531819661767984
834,459,0.99985361765358649,-0.0001463930613548703,0.0001463930613548703,0.99999429203482082,-5.7079814696720087e-06,5.7079814696720087e-06,0.0001406850798851983
835,17644,0.99989274245499848,-0.00010726329750328377,0.00010726329750328377,0.99997249438658986,-2.7505991696457966e-05,2.7505991696457966e-05,7.9757305806825814e-05
836,57272,0.99986811589138103,-0.00013189280609273178,0.00013189280609273178,0.99999505463594052,-4.9453762878596742e-06,4.9453762878596742e-06,0.00012694742980487212
837,11046,0.99999805854033419,-1.9414615504912139e-06,1.9414615504912139e-06,0.99999939069731325,-6.0930287238284891e-07,6.0930287238284891e-07,1.3321586781083651e-06
838,393,0.99981665186149915,-0.00018336494882554541,0.00018336494882554541,0.99999128157062422,-8.7184673814700607e-06,8.7184673814700607e-06,0.00017464648144407534
839,2230,0.98674740605733002,-0.013341193216560217,0.013341193216560217,0.99998975238606613,-1.0247666441017501e-05,1.0247666441017501e-05,0.0133309455501192
840,5586,0.99992659103781245,-7.3411656757297044e-05,7.3411656757297044e-05,0.99999042799678761,-9.5720490243333218e-06,9.5720490243333218e-06,6.3839607732963722e-05
841,1139,0.99991719909183374,-8.2804336350670815e-05,8.2804336350670815e-05,0.99999129524272734,-8.7047951593187859e-06,8.7047951593187859e-06,7.4099541191352024e-05
842,813,0.99992250308101793,-7.7499922023479957e-05,7.7499922023479957e-05,0.99999380808730942,-6.1919318605266985e-06,6.1919318605266985e-06,7.1307990162953257e-05
843,25270,0.9990780837308243,-0.00092234149534807454,0.00092234149534807454,0.99994248823947773,-5.7513414386959042e-05,5.7513414386959042e-05,0.00086482808096111552
844,435,0.99549856572598883,-0.0045115962363435147,0.0045115962363435147,0.99916538106124397,-0.00083496742705929195,0.00083496742705929195,0.0036766288092842229
845,12,0.97347869679752097,-0.026879337514076347,0.026879337514076347,0.9682742339830902,-0.032239932257997518,0.032239932257997518,-0.005360594743921171
846,20,0.99994424818253969,-5.5753371650711094e-05,5.5753371650711094e-05,0.99995527581126642,-4.4725188889966829e-05,4.4725188889966829e-05,1.1028182760744266e-05
847,45214,0.99735302059142938,-0.0026504888528845459,0.0026504888528845459,0.99968153279228844,-0.00031851792916174823,0.00031851792916174823,0.0023319709237227975
848,369,0.99989181277192996,-0.00010819308073030841,0.00010819308073030841,0.99999435043508988,-5.649580869004829e-06,5.649580869004829e-06,0.00010254349986130358
849,279,0.9999885788363384,-1.1421228883545856e-05,1.1421228883545856e-05,0.9999987677687745,-1.232231984643733e-06,1.232231984643733e-06,1.0188996898902124e-05
850,3243,0.99999538108837016,-4.6189222970906755e-06,4.6189222970906755e-06,0.99999932364247757,-6.7635775111526599e-07,6.7635775111526599e-07,3.9425645459754099e-06
851,13,0.99939991332142664,-0.0006002668026479234,0.0006002668026479234,0.99976518990023933,-0.00023483767196842901,0.00023483767196842901,0.00036542913067949437
852,19198,0.99925816530601019,-0.00074210998950400371,0.00074210998950400371,0.99956277834264529,-0.00043731726661284671,0.00043731726661284671,0.000304792722891157
853,2919,0.9999915225864382,-8.4774494953050098e-06,8.4774494953050098e-06,0.99999623370673019,-3.7663003622818859e-06,3.7663003622818859e-06,4.7111491330231239e-06
854,1306,0.99998877823040022,-1.1221832564268978e-05,1.1221832564268978e-05,0.99999908692028094,-9.1308013586463983e-07,9.1308013586463983e-07,1.0308752428404337e-05
855,813,0.99992704840711977,-7.2954253977068238e-05,7.2954253977068238e-05,0.99999247644242162,-7.5235858805262487e-06,7.5235858805262487e-06,6.5430668096541986e-05
856,24830,0.99994869944442377,-5.1301871494760535e-05,5.1301871494760535e-05,0.99998705998999315,-1.2940093729528553e-05,1.2940093729528553e-05,3.836177776523198e-05
857,304,0.99999535258131289,-4.6474294864039155e-06,4.6474294864039155e-06,0.99999964446393885,-3.5553612439878172e-07,3.5553612439878172e-07,4.2918933620051337e-06
858,264,0.9999956608507683,-4.3391586458122026e-06,4.3391586458122026e-06,0.99999943646829048,-5.6353186825839954e-07,5.6353186825839954e-07,3.7756267775538032e-06
859,14299,0.99999840993007838,-1.5900711857668437e-06,1.5900711857668437e-06,0.99999900720304558,-9.9279744725678799e-07,9.9279744725678799e-07,5.9727373851005572e-07
860,2489,0.99997491100259706,-2.5089312137104876e-05,2.5089312137104876e-05,0.99999214022720972,-7.8598036784101347e-06,7.8598036784101347e-06,1.7229508458694741e-05
861,449,0.99996164382122066,-3.8356914396392571e-05,3.8356914396392571e-05,0.99999811446543407,-1.8855363435687509e-06,1.8855363435687509e-06,3.6471378052823818e-05
862,578,0.97170090097206796,-0.028707236925001166,0.028707236925001166,0.99994971004951017,-5.0291215071767053e-05,5.0291215071767053e-05,0.0286569457099294
863,99773,0.99999416524113671,-5.8347758856059395e-06,5.8347758856059395e-06,0.99999892686730074,-1.0731332750851965e-06,1.0731332750851965e-06,4.7616426105207428e-06
864,4506,0.99999863031766156,-1.3696832764751172e-06,1.3696832764751172e-06,0.99999922706544486,-7.7293485383450496e-07,7.7293485383450496e-07,5.9674842264061222e-07
865,11,0.9999077401717269,-9.2264084472795806e-05,9.2264084472795806e-05,0.99999629074290131,-3.7092639780268164e-06,3.7092639780268164e-06,8.8554820494768989e-05
866,11876,0.99984033316822662,-0.00015967957987893838,0.00015967957987893838,0.99993897315840652,-6.1028703806959048e-05,6.1028703806959048e-05,9.8650876071979324e-05
867,52757,0.99998577003896028,-1.4230062286595606e-05,1.4230062286595606e-05,0.99995649600636582,-4.3504939960341789e-05,4.3504939960341789e-05,-2.9274877673746185e-05
868,7946,0.99995077613088323,-4.9225080651205919e-05,4.9225080651205919e-05,0.99998040032076085,-1.9599871315343579e-05,1.9599871315343579e-05,2.962520933586234e-05
869,35363,0.99895118784259518,-0.0010493625457452429,0.0010493625457452429,0.99991550390183337,-8.4499668162992252e-05,8.4499668162992252e-05,0.00096486287758225072
870,813,0.99995274520301602,-4.7255913527060009e-05,4.7255913527060009e-05,0.99998070251480087,-1.9297671397984631e-05,1.9297671397984631e-05,2.7958242129075378e-05
871,34538,0.99871868378696282,-0.0012821378005399555,0.0012821378005399555,0.99998187495454394,-1.8125209716665874e-05,1.8125209716665874e-05,0.0012640125908232897
872,2316,0.9999672691375715,-3.273139809490081e-05,3.273139809490081e-05,0.99999669605719477,-3.3039482632355998e-06,3.3039482632355998e-06,2.9427449831665211e-05
873,304,0.99994617844448908,-5.3823003942767963e-05,5.3823003942767963e-05,0.99999612133079596,-3.8786767261500513e-06,3.8786767261500513e-06,4.9944327216617912e-05
874,264,0.99998626996296114,-1.3730131296713162e-05,1.3730131296713162e-05,0.99999824526427838,-1.7547372611554274e-06,1.7547372611554274e-06,1.1975394035557734e-05
875,75379,0.99989180834584002,-0.000108197507299188,0.000108197507299188,0.99998555204098927,-1.444806338353785e-05,1.444806338353785e-05,9.3749443915650156e-05
876,2489,0.99998919439192235,-1.0805666458599866e-05,1.0805666458599866e-05,0.99999114139408685,-8.8586451508000267e-06,8.8586451508000267e-06,1.9470213077998393e-06
877,449,0.99951477513349063,-0.00048534262618973265,0.00048534262618973265,0.99996681592451242,-3.3184626091233978e-05,3.3184626091233978e-05,0.00045215800009849866
878,28653,0.99821032460280024,-0.0017912787795216246,0.0017912787795216246,0.99993229187930754,-6.7710412990766504e-05,6.7710412990766504e-05,0.0017235683665308582
879,1543,0.9999998944082813,-1.0559172422948224e-07,1.0559172422948224e-07,0.9999999551235792,-4.4876421793097591e-08,4.4876421793097591e-08,6.0715302436384659e-08
880,520,0.98843869668408824,-0.011628654800296118,0.011628654800296118,0.99969862942633925,-0.00030141599489808332,0.00030141599489808332,0.011327238805398035
881,279,0.036610172698195505,-3.3074291346200502,3.3074291346200502,0.99994566878543512,-5.4332690558798425e-05,5.4332690558798425e-05,3.3073748019294915
882,95079,0.99649788042367837,-0.003508266352444553,0.003508266352444553,0.9999785831474951,-2.1417081848979737e-05,2.1417081848979737e-05,0.0034868492705955735
883,2343,0.99977314989639299,-0.00022687583798368944,0.00022687583798368944,0.99997179490941335,-2.820548835775225e-05,2.820548835775225e-05,0.00019867034962593719
884,17453,0.99998759643038437,-1.240364654057271e-05,1.240364654057271e-05,0.99999101368305088,-8.9863573263174811e-06,8.9863573263174811e-06,3.4172892142552292e-06
885,23318,0.99998009447508618,-1.9905723031422416e-05,1.9905723031422416e-05,0.99997413598726714,-2.586434721218418e-05,2.586434721218418e-05,-5.9586241807617639e-06
886,2403,0.99883730988659303,-0.0011633665619410738,0.0011633665619410738,0.99988505995748334,-0.00011494664862953487,0.00011494664862953487,0.0010484199133115389
887,10564,0.99928007503795024,-0.00072018423246954385,0.00072018423246954385,0.99992537954858673,-7.4623235657692897e-05,7.4623235657692897e-05,0.00064556099681185094
888,382,0.97226696607627883,-0.028124855775800792,0.028124855775800792,0.98885286951867191,-0.011209725343740115,0.011209725343740115,0.016915130432060679
889,24641,0.99920642801043891,-0.00079388703449731577,0.00079388703449731577,0.99961711941511788,-0.00038295390236836238,0.00038295390236836238,0.00041093313212895339
890,52757,0.99999143423624803,-8.5658004383675313e-06,8.5658004383675313e-06,0.99999095059479659,-9.0494461495410437e-06,9.0494461495410437e-06,-4.836457111735124e-07
891,596,0.99943036732626511,-0.00056979497606440767,0.00056979497606440767,0.99874791617820624,-0.0012528683336602503,0.0012528683336602503,-0.00068307335759584266
892,1828,0.99985949439066613,-0.00014051548117173987,0.00014051548117173987,0.99980860283798079,-0.00019141548079345405,0.00019141548079345405,-5.0899999621714182e-05
893,15046,0.99998575718899019,-1.424291243955974e-05,1.424291243955974e-05,0.99999336430625108,-6.6357157652911212e-06,6.6357157652911212e-06,7.6071966742686189e-06
894,574,0.99999779878790485,-2.2012145178261178e-06,2.2012145178261178e-06,0.99999958193076699,-4.1806932036835669e-07,4.1806932036835669e-07,1.783145197457761e-06
895,6295,0.99888840772451248,-0.0011122105524046483,0.0011122105524046483,0.9999768481907515,-2.3152077255765503e-05,2.3152077255765503e-05,0.0010890584751488829
896,7073,0.9999712470535288,-2.8753359845050679e-05,2.8753359845050679e-05,0.99998957136134625,-1.042869303240909e-05,1.042869303240909e-05,1.8324666812641591e-05
897,13,0.99955312909669547,-0.00044697077986233973,0.00044697077986233973,0.99996422796323481,-3.5772676599724709e-05,3.5772676599724709e-05,0.00041119810326261503
898,28653,0.99961572886300132,-0.00038434498807191059,0.00038434498807191059,0.99990718396686062,-9.2820340813919481e-05,9.2820340813919481e-05,0.00029152464725799111
899,1543,0.99999984424883392,-1.557511782601373e-07,1.557511782601373e-07,0.99999994592609798,-5.4073903447308429e-08,5.4073903447308429e-08,1.0167727481282888e-07
900,574,0.99982940050818336,-0.00017061404556523459,0.00017061404556523459,0.99999296109180236,-7.0389329708852117e-06,7.0389329708852117e-06,0.00016357511259434938
901,22954,0.99994681296759313,-5.3188446887259558e-05,5.3188446887259558e-05,0.99995002322629045,-4.997802259011328e-05,4.997802259011328e-05,3.2104242971462777e-06
902,810,9.6533010727919433e-08,-16.153380807015456,16.153380807015456,0.99846584995270626,-0.001535328060464291,0.001535328060464291,16.151845478954993
903,1109,0.99669180628036513,-0.0033136778909525441,0.0033136778909525441,0.99999906848662068,-9.3151381321203662e-07,9.3151381321203662e-07,0.003312746377139332
904,5606,0.96637641389703743,-0.034201858249010175,0.034201858249010175,0.99997289711708759,-2.7103250202176527e-05,2.7103250202176527e-05,0.034174754998807996
905,430,0.95184891142748151,-0.049348963269716335,0.049348963269716335,0.99999128174729879,-8.7182907054489254e-06,8.7182907054489254e-06,0.049340244979010885
906,11876,0.99905837776785544,-0.0009420658368524496,0.0009420658368524496,0.99993656245273976,-6.3439559506499007e-05,6.3439559506499007e-05,0.00087862627734595065
907,52757,0.99995172743547256,-4.8273729685224099e-05,4.8273729685224099e-05,0.99989066149948924,-0.00010934447840040107,0.00010934447840040107,-6.1070748715176971e-05
908,1436,0.98257886466859834,-0.017574669077337925,0.017574669077337925,0.99990832457592882,-9.1679626519693982e-05,9.1679626519693982e-05,0.017482989450818231
909,539,0.54683428230493081,-0.60360947985602609,0.60360947985602609,0.99999840975751408,-1.5902437503437361e-06,1.5902437503437361e-06,0.60360788961227574
910,3243,0.99934179047354887,-0.00065842624144265855,0.00065842624144265855,0.99999820351497215,-1.79648664158481e-06,1.79648664158481e-06,0.00065662975480107379
911,11,0.94943840838134586,-0.051884618257321803,0.051884618257321803,0.99993730371243095,-6.2698253063418313e-05,6.2698253063418313e-05,0.051821920004258386
912,4560,0.98986043908439902,-0.010191316412612663,0.010191316412612663,0.99998345955248702,-1.654058430768929e-05,1.654058430768929e-05,0.010174775828304974
913,311,0.99951740392971034,-0.0004827125572521762,0.0004827125572521762,0.99999888427555039,-1.1157250720790193e-06,1.1157250720790193e-06,0.00048159683218009717
914,3137,0.96404429551241966,-0.036618035725566531,0.036618035725566531,0.99998354031691317,-1.6459818548892255e-05,1.6459818548892255e-05,0.036601575907017639
915,1461,0.97134712693693881,-0.029071380305871742,0.029071380305871742,0.99998477877335989,-1.5221342484107359e-05,1.5221342484107359e-05,0.029056158963387636
916,704,0.98441083210889346,-0.015711956758108114,0.015711956758108114,0.99999963758866206,-3.6241140360804629e-07,3.6241140360804629e-07,0.015711594346704504
917,315,0.99910201012895949,-0.00089839330548282766,0.00089839330548282766,0.99999902021731757,-9.7978316245309956e-07,9.7978316245309956e-07,0.00089741352232037457
918,29269,0.99981995529547396,-0.00018006091451956639,0.00018006091451956639,0.9999873456981373,-1.2654381929024622e-05,1.2654381929024622e-05,0.00016740653259054178
919,279,0.99523486995979071,-0.0047765194681669738,0.0047765194681669738,0.99999301666414786,-6.9833602357465001e-06,6.9833602357465001e-06,0.0047695361079312278
920,2316,0.99996404419970375,-3.5956446721508268e-05,3.5956446721508268e-05,0.99999678821142146,-3.2117937363609746e-06,3.2117937363609746e-06,3.2744652985147294e-05
921,13,0.99519124898241174,-0.0048203502609513215,0.0048203502609513215,0.99996972164100983,-3.0278817388889349e-05,3.0278817388889349e-05,0.0047900714435624324
922,11876,0.98936113110299939,-0.010695866281624843,0.010695866281624843,0.99963305115054935,-0.00036701619165430756,0.00036701619165430756,0.010328850089970535
923,52757,0.99998947323217435,-1.0526823232473617e-05,1.0526823232473617e-05,0.99993891367214116,-6.1088193704589663e-05,6.1088193704589663e-05,-5.0561370472116044e-05
924,16436,0.99975797247656517,-0.00024205681682252711,0.00024205681682252711,0.99998794147034742,-1.2058602357249721e-05,1.2058602357249721e-05,0.00022999821446527738
925,323,0.99490701026251982,-0.0051060032135170552,0.0051060032135170552,0.99994550375506985,-5.4497729904464781e-05,5.4497729904464781e-05,0.0050515054836125905
926,17011,0.99996604226870955,-3.3958307867255997e-05,3.3958307867255997e-05,0.9999936723783085,-6.3276417110203716e-06,6.3276417110203716e-06,2.7630666156235627e-05
927,6295,0.99960165279725754,-0.00039842656406569276,0.00039842656406569276,0.99999331201191699,-6.688010447660161e-06,6.688010447660161e-06,0.00039173855361803258
928,7073,0.99992804556182802,-7.1957027016750859e-05,7.1957027016750859e-05,0.9999874644978517,-1.2535580718327701e-05,1.2535580718327701e-05,5.9421446298423157e-05
929,304,0.99751532160145273,-0.0024877703346257848,0.0024877703346257848,0.99994984819193145,-5.0153065712584448e-05,5.0153065712584448e-05,0.0024376172689132003
930,31015,0.9998245796997719,-0.00017543568816854086,0.00017543568816854086,0.99999751339625853,-2.4866068330252307e-06,2.4866068330252307e-06,0.00017294908133551562
931,15992,0.9999957065282058,-4.2934810112326532e-06,4.2934810112326532e-06,0.99999750470357984,-2.4952995334697856e-06,2.4952995334697856e-06,1.7981814777628676e-06
932,19558,0.99967608119717843,-0.00032397127584856973,0.00032397127584856973,0.99994819290394243,-5.1808438091524133e-05,5.1808438091524133e-05,0.00027216283775704559
933,520,0.99987721801224472,-0.00012278952608062822,0.00012278952608062822,0.99999803262680464,-1.9673751306419245e-06,1.9673751306419245e-06,0.00012082215094998629
934,279,0.98930569147229586,-0.010751903639794941,0.010751903639794941,0.99999129250764107,-8.7075302694035143e-06,8.7075302694035143e-06,0.010743196109525538
935,65580,0.99980331464505945,-0.00019670470004159611,0.00019670470004159611,0.99998526170859647,-1.4738400013239341e-05,1.4738400013239341e-05,0.00018196630002835677
936,11378,0.99995288686438699,-4.7114245471674484e-05,4.7114245471674484e-05,0.99997684142375465,-2.3158844409334848e-05,2.3158844409334848e-05,2.3955401062339637e-05
937,2343,0.9998640809145779,-0.00013592832325807241,0.00013592832325807241,0.99999355293761305,-6.4470831693267801e-06,6.4470831693267801e-06,0.00012948124008874563
938,17453,0.99998046675634766,-1.9533434428573889e-05,1.9533434428573889e-05,0.99999701583912015,-2.9841653324327599e-06,2.9841653324327599e-06,1.6549269096141129e-05
939,23318,0.9999771149005996,-2.2885361268245237e-05,2.2885361268245237e-05,0.99999070457183259,-9.2954713701542569e-06,9.2954713701542569e-06,1.358988989809098e-05
940,13,0.99652907452826633,-0.0034769631083885828,0.0034769631083885828,0.99961013891745132,-0.00038993709813814125,0.00038993709813814125,0.0030870260102504416
941,94965,0.99350318971888063,-0.006518006407718718,0.006518006407718718,0.99568538331826062,-0.0043239515007482965,0.0043239515007482965,0.0021940549069704215
942,279,0.99999578616565765,-4.2138432205612744e-06,4.2138432205612744e-06,0.99999952589251839,-4.7410759403839485e-07,4.7410759403839485e-07,3.7397356265228796e-06
943,842,0.99999785031208299,-2.1496902276146056e-06,2.1496902276146056e-06,0.99999950387668546,-4.9612343760893251e-07,4.9612343760893251e-07,1.6535667900056732e-06
944,315,0.99998095296962197,-1.9047211774975264e-05,1.9047211774975264e-05,0.99999856533224329,-1.4346687858103538e-06,1.4346687858103538e-06,1.7612542989164909e-05
945,279,0.99999144971366516,-8.5503228888009994e-06,8.5503228888009994e-06,0.99999899126132108,-1.00873918766223e-06,1.00873918766223e-06,7.5415837011387694e-06
946,2489,0.99995500346692701,-4.499754544738282e-05,4.499754544738282e-05,0.99997520245290328,-2.4797854560933698e-05,2.4797854560933698e-05,2.0199690886449122e-05
947,11,0.99990290839034868,-9.7096323346818078e-05,9.7096323346818078e-05,0.99999527832342161,-4.7216877255932571e-06,4.7216877255932571e-06,9.2374635621224823e-05
948,11876,0.9995912459352414,-0.00040883762747314403,0.00040883762747314403,0.99990783729412203,-9.2166953121096911e-05,9.2166953121096911e-05,0.00031667067435204709
949,52757,0.9999674777751113,-3.2522753747668533e-05,3.2522753747668533e-05,0.99975007517744474,-0.00024995605896834292,0.00024995605896834292,-0.00021743330522067439
950,12886,0.99994258473514408,-5.7416913175324054e-05,5.7416913175324054e-05,0.9999965752709985,-3.4247348659289022e-06,3.4247348659289022e-06,5.399217830939515e-05
951,459,0.9996280129132683,-0.00037205629109063332,0.00037205629109063332,0.99999262067531847,-7.3793519089342355e-06,7.3793519089342355e-06,0.00036467693918169908
952,435,0.99993845969412432,-6.1542199558032711e-05,6.1542199558032711e-05,0.99998851153146795,-1.1488534525006736e-05,1.1488534525006736e-05,5.0053665033025973e-05
953,12,0.99971729519961139,-0.00028274476892378427,0.00028274476892378427,0.9999847122200648,-1.528789679453403e-05,1.528789679453403e-05,0.00026745687212925023
954,20,0.99999295969136082,-7.0403334223289932e-06,7.0403334223289932e-06,0.99999909663980824,-9.0336059974546196e-07,9.0336059974546196e-07,6.1369728225835309e-06
955,311,0.99961676339520777,-0.00038331005870724955,0.00038331005870724955,0.99990043338826429,-9.9571568819850853e-05,9.9571568819850853e-05,0.00028373848988739873
956,6295,0.99983716192297456,-0.00016285133658453993,0.00016285133658453993,0.99999411351999556,-5.8864973298139422e-06,5.8864973298139422e-06,0.00015696483925472599
957,7073,0.99993631913587688,-6.3682891835420446e-05,6.3682891835420446e-05,0.99999298043202078,-7.0195926165137483e-06,7.0195926165137483e-06,5.6663299218906701e-05
958,11,0.97832939556530518,-0.021908860371988186,0.021908860371988186,0.99980104964428296,-0.00019897014896436081,0.00019897014896436081,0.021709890223023824
959,719,0.99993192797589014,-6.8074341115186742e-05,6.8074341115186742e-05,0.99999808502686516,-1.9149749684541724e-06,1.9149749684541724e-06,6.6159366146732564e-05
960,994,0.9998602863986068,-0.00013972336224754304,0.00013972336224754304,0.99999504602511091,-4.9539871601085248e-06,4.9539871601085248e-06,0.00013476937508743452
961,568,0.8999536042836116,-0.1054120677826014,0.1054120677826014,0.99999736865598488,-2.6313474771439874e-06,2.6313474771439874e-06,0.10540943643512425
962,4024,0.99240522033829115,-0.0076237668616284861,0.0076237668616284861,0.99999283539985506,-7.1646258107725713e-06,7.1646258107725713e-06,0.0076166022358177135
963,369,0.99902889612435231,-0.00097157570250301509,0.00097157570250301509,0.99999865118144216,-1.3488194675098278e-06,1.3488194675098278e-06,0.00097022688303550532
964,279,0.99985217501842605,-0.00014783590876346899,0.00014783590876346899,0.99999787715781474,-2.1228444385296957e-06,2.1228444385296957e-06,0.00014571306432493929
965,9160,0.99993802025717449,-6.1981663649115536e-05,6.1981663649115536e-05,0.99999258597896568,-7.4140485183398251e-06,7.4140485183398251e-06,5.4567615130775711e-05
966,11,0.99989283054352585,-0.0001071751995306723,0.0001071751995306723,0.99999640552534541,-3.5944811147655526e-06,3.5944811147655526e-06,0.00010358071841590676
967,28653,0.99912048898684469,-0.00087989800989501574,0.00087989800989501574,0.99986258243494752,-0.00013742700771116693,0.00013742700771116693,0.00074247100218384878
968,1543,0.9999994055052287,-5.9449494797174592e-07,5.9449494797174592e-07,0.99999985260313307,-1.4739687783155287e-07,1.4739687783155287e-07,4.4709807014019307e-07
969,13541,0.99988668385962109,-0.00011332256113782426,0.00011332256113782426,0.99999452715121784,-5.4728637582787448e-06,5.4728637582787448e-06,0.00010784969737954551
970,279,0.99751800334200291,-0.0024850819178293161,0.0024850819178293161,0.9999963913814206,-3.6086250904417728e-06,3.6086250904417728e-06,0.0024814732927388745
971,55302,0.99984221105397619,-0.00015780139600917343,0.00015780139600917343,0.99998109544516389,-1.8904733529403042e-05,1.8904733529403042e-05,0.00013889666247977038
972,704,0.99986688165755178,-0.00013312720348112217,0.00013312720348112217,0.99999966831340348,-3.3168665153701889e-07,3.3168665153701889e-07,0.00013279551682958516
973,315,0.51503506185197379,-0.66352029936985668,0.66352029936985668,0.99999948258200211,-5.1741813170572036e-07,5.1741813170572036e-07,0.66351978195172501
974,279,0.99980582077639824,-0.0001941980788280855,0.0001941980788280855,0.99999870627287835,-1.2937279585598426e-06,1.2937279585598426e-06,0.00019290435086952566
975,10264,0.96045002215889874,-0.040353331277844962,0.040353331277844962,0.99999651129333222,-3.4887127533633468e-06,3.4887127533633468e-06,0.040349842565091595
976,13,0.9563513699801407,-0.044629891637454226,0.044629891637454226,0.99743383942949726,-0.0025694588042794366,0.0025694588042794366,0.042060432833174788
977,1115,0.99895020684978586,-0.0010503445689941829,0.0010503445689941829,0.99988081835087539,-0.00011918875182175558,0.00011918875182175558,0.0009311558171724273
978,5535,0.99983739456536558,-0.00016261865633140115,0.00016261865633140115,0.99996498725717564,-3.5013355784793965e-05,3.5013355784793965e-05,0.0001276053005466072
979,6295,0.99971867023517325,-0.00028136934546874439,0.00028136934546874439,0.99999392042634849,-6.0795921321835673e-06,6.0795921321835673e-06,0.00027528975333656084
980,7073,0.99992305271909143,-7.6950241502432378e-05,7.6950241502432378e-05,0.99999565858360484,-4.3414258190799051e-06,4.3414258190799051e-06,7.260881568335248e-05
981,311,0.99995743895866718,-4.2561947079681472e-05,4.2561947079681472e-05,0.99999822623919921,-1.7737623739375641e-06,1.7737623739375641e-06,4.0788184705743908e-05
982,53825,0.99910043459723352,-0.0008999702545354081,0.0008999702545354081,0.99986765376892184,-0.00013235498961336952,0.00013235498961336952,0.00076761526492203855
983,323,0.99915396641839249,-0.00084639167000227962,0.00084639167000227962,0.99998965036641019,-1.0349687147598289e-05,1.0349687147598289e-05,0.00083604198285468136
984,45374,0.94999762614415117,-0.05129579318630284,0.05129579318630284,0.9958865496181929,-0.0041219338911510171,0.0041219338911510171,0.047173859295151825
985,311,0.99997827784434445,-2.1722391585016369e-05,2.1722391585016369e-05,0.99999703619560865,-2.9638087834637985e-06,2.9638087834637985e-06,1.8758582801552571e-05
986,523,0.98425505611790831,-0.015870212145415754,0.015870212145415754,0.99960139065429199,-0.00039868881153112552,0.00039868881153112552,0.015471523333884629
987,8099,0.99995814648445025,-4.1854391432535259e-05,4.1854391432535259e-05,0.99998358167566959,-1.6418459112590557e-05,1.6418459112590557e-05,2.5435932319944703e-05
988,24705,0.99999920612137883,-7.9387893632639331e-07,7.9387893632639331e-07,0.99999944976149402,-5.5023865735729447e-07,5.5023865735729447e-07,2.4364027896909884e-07
989,11876,0.99945868637133584,-0.00054146019177987335,0.00054146019177987335,0.99988728189661713,-0.0001127244565457483,0.0001127244565457483,0.00042873573523412507
990,52757,0.99999062471248967,-9.3753314585706387e-06,9.3753314585706387e-06,0.99999472772037357,-5.2722935249677531e-06,5.2722935249677531e-06,4.1030379336028857e-06
991,389,0.98993670665551337,-0.010114270568480344,0.010114270568480344,0.99993787722033101,-6.2124709368788377e-05,6.2124709368788377e-05,0.010052145859111556
992,264,0.99172524555873887,-0.0083091802634789394,0.0083091802634789394,0.99999541813441739,-4.5818760793390947e-06,4.5818760793390947e-06,0.0083045983873996001
993,9699,0.17743350366053329,-1.7291593675215922,1.7291593675215922,0.99999524175953503,-4.7582517854770648e-06,4.7582517854770648e-06,1.7291546092698067
994,10716,0.99996075563423026,-3.9245135849973206e-05,3.9245135849973206e-05,0.99997511045386922,-2.4889855880638685e-05,2.4889855880638685e-05,1.4355279969334521e-05
995,13,0.97857138543869904,-0.021661540858422264,0.021661540858422264,0.99751261400341829,-0.002490484680611776,0.002490484680611776,0.019171056177810487
996,7073,0.99013580469010465,-0.009913168806679782,0.009913168806679782,0.99969606401657773,-0.00030398218132433668,0.00030398218132433668,0.009609186625355445
997,4024,0.0011231422139532903,-6.7916249737073642,6.7916249737073642,0.99994696923989068,-5.3032166289766933e-05,5.3032166289766933e-05,6.7915719415410747
998,389,0.99022708465776932,-0.009820983714522856,0.009820983714522856,0.99999837677861858,-1.6232226988849751e-06,1.6232226988849751e-06,0.0098193604918239714
999,311,0.99795457365021023,-0.0020475210911795215,0.0020475210911795215,0.99999839460566919,-1.6053956194293572e-06,1.6053956194293572e-06,0.0020459156955600923
1000,9160,0.99952208231309347,-0.00047803192596365809,0.00047803192596365809,0.9999859398484735,-1.4060250371354096e-05,1.4060250371354096e-05,0.00046397167559230398
1001,11876,0.99972157880266133,-0.00027845996371600229,0.00027845996371600229,0.99995061577304367,-4.9385446397381898e-05,4.9385446397381898e-05,0.0002290745173186204
1002,52757,0.9989429676139252,-0.0010575914388000413,0.0010575914388000413,0.9956718849209818,-0.0043375084827065339,0.0043375084827065339,-0.0032799170439064924
1003,323,0.99668418450135277,-0.0033213249972161947,0.0033213249972161947,0.99997939562408766,-2.0604588185413913e-05,2.0604588185413913e-05,0.0033007204090307806
1004,3243,0.99295816153851946,-0.0070667492198481455,0.0070667492198481455,0.99996965391026227,-3.0346550189643215e-05,3.0346550189643215e-05,0.007036402669658502
1005,279,0.99996552219388135,-3.4478400491858011e-05,3.4478400491858011e-05,0.99999863958844615,-1.3604124792326643e-06,1.3604124792326643e-06,3.3117988012625349e-05
1006,2316,0.99998576267590544,-1.4237425446232148e-05,1.4237425446232148e-05,0.99999868585687202,-1.3141439914482681e-06,1.3141439914482681e-06,1.292328145478388e-05
1007,13,0.75703058828135084,-0.2783516191201526,0.2783516191201526,0.89124746583487857,-0.11513315064069925,0.11513315064069925,0.16321846847945337
1008,1115,0.99241908990727357,-0.0076097912478564579,0.0076097912478564579,0.99862122383386231,-0.0013797275525956679,0.0013797275525956679,0.00623006369526079
1009,4814,0.99577745496774694,-0.0042314851511063203,0.0042314851511063203,0.99997873691753147,-2.1263308531113224e-05,2.1263308531113224e-05,0.0042102218425752068
1010,574,0.99910985898899185,-0.00089053742177633711,0.00089053742177633711,0.9999974033888932,-2.5966144779757897e-06,2.5966144779757897e-06,0.00088794080729836134
1011,11876,0.99972335548446001,-0.00027668278869289278,0.00027668278869289278,0.99996665725978706,-3.3343296094512091e-05,3.3343296094512091e-05,0.00024333949259838067
1012,52757,0.99937439334670697,-0.00062580242679106599,0.00062580242679106599,0.99844842356913344,-0.0015527813721105707,0.0015527813721105707,-0.00092697894531950471
1013,596,0.99977023718145941,-0.00022978921806085848,0.00022978921806085848,0.99999614015532978,-3.8598521193946629e-06,3.8598521193946629e-06,0.0002259293659414638
1014,1176,0.9999290087371342,-7.0993782864777456e-05,7.0993782864777456e-05,0.99999482635417125,-5.1736592120508626e-06,5.1736592120508626e-06,6.5820123652726598e-05
1015,9160,0.99977312532615559,-0.00022690041379646518,0.00022690041379646518,0.99997119975656024,-2.8800658174757363e-05,2.8800658174757363e-05,0.00019809975562170781
1016,13772,0.095007525946709345,-2.3537991700276963,2.3537991700276963,0.99999749265260462,-2.5073505388291024e-06,2.5073505388291024e-06,2.3537966626771576
1017,4814,0.99991219716206392,-8.7806692830885198e-05,8.7806692830885198e-05,0.9999927210967362,-7.2789297551634142e-06,7.2789297551634142e-06,8.0527763075721788e-05
1018,304,0.99956809153914272,-0.00043200176018203537,0.00043200176018203537,0.99999889448703616,-1.105513574892465e-06,1.105513574892465e-06,0.00043089624660714291
1019,34538,0.99781228666110044,-0.0021901098796602925,0.0021901098796602925,0.99999737029517899,-2.6297082786824322e-06,2.6297082786824322e-06,0.0021874801713816102
1020,323,0.98778773459626423,-0.012287447842494062,0.012287447842494062,0.9998922946002744,-0.00010771120036868883,0.00010771120036868883,0.012179736642125374
1021,6197,0.99929921444460723,-0.00070103122036913349,0.00070103122036913349,0.99999906432523233,-9.3567520544356844e-07,9.3567520544356844e-07,0.00070009554516368988
1022,11876,0.99479972821634977,-0.0052138402572374457,0.0052138402572374457,0.99997620560694434,-2.3794676146766265e-05,2.3794676146766265e-05,0.0051900455810906798
1023,52757,0.99932244398613201,-0.00067778565868134317,0.00067778565868134317,0.99837570914536211,-0.0016256114452373612,0.0016256114452373612,-0.00094782578655601803
