token_index,token_id,probability,logprob,nll,reference_probability,reference_logprob,reference_nll,nll_drift
0,33,0.9865334271137195,-0.013558069538320746,0.013558069538320746,0.9865334271137195,-0.013558069538320746,0.013558069538320746,0
1,21161,0.99999373769012567,-6.2623294826422807e-06,6.2623294826422807e-06,0.99999373769012567,-6.2623294826422807e-06,6.2623294826422807e-06,0
2,11876,0.99896793327138322,-0.0010325996762061962,0.0010325996762061962,0.99896793327138322,-0.0010325996762061962,0.0010325996762061962,0
3,52757,0.99999749654820602,-2.5034549276522449e-06,2.5034549276522449e-06,0.99999749654820602,-2.5034549276522449e-06,2.5034549276522449e-06,0
4,374,0.99677845513420371,-0.0032267452132294437,0.0032267452132294437,0.99677845513420371,-0.0032267452132294437,0.0032267452132294437,0
5,264,0.59926657225285329,-0.51204875105987568,0.51204875105987568,0.59926657225285329,-0.51204875105987568,0.51204875105987568,0
6,6721,0.93617851210496816,-0.065949102628058948,0.065949102628058948,0.93617851210496816,-0.065949102628058948,0.065949102628058948,0
7,83162,0.99959710254618028,-0.00040297863880578899,0.00040297863880578899,0.99959710254618028,-0.00040297863880578899,0.00040297863880578899,0
8,11,0.99741399905681649,-0.00258935041936774,0.00258935041936774,0.99741399905681649,-0.00258935041936774,0.00258935041936774,0
9,9709,0.99980277410708973,-0.00019724534449433307,0.00019724534449433307,0.99980277410708973,-0.00019724534449433307,0.00019724534449433307,0
10,37959,0.99999042138241823,-9.5786634570594551e-06,9.5786634570594551e-06,0.99999042138241823,-9.5786634570594551e-06,9.5786634570594551e-06,0
11,10255,0.9999715657799142,-2.8434624345953256e-05,2.8434624345953256e-05,0.9999715657799142,-2.8434624345953256e-05,2.8434624345953256e-05,0
12,11,0.99987747280122474,-0.0001225347058456483,0.0001225347058456483,0.99987747280122474,-0.0001225347058456483,0.0001225347058456483,0
13,323,0.99999495323954768,-5.0467731872990246e-06,5.0467731872990246e-06,0.99999495323954768,-5.0467731872990246e-06,5.0467731872990246e-06,0
14,4846,0.99992272793896075,-7.7275046678710804e-05,7.7275046678710804e-05,0.99992272793896075,-7.7275046678710804e-05,7.7275046678710804e-05,0
15,19077,0.99985810280588849,-0.00014190726247083566,0.00014190726247083566,0.99985810280588849,-0.00014190726247083566,0.00014190726247083566,0
16,83162,0.99991233789520262,-8.7665947344308572e-05,8.7665947344308572e-05,0.99991233789520262,-8.7665947344308572e-05,8.7665947344308572e-05,0
17,323,0.99995409727285978,-4.5903780702676271e-05,4.5903780702676271e-05,0.99995409727285978,-4.5903780702676271e-05,4.5903780702676271e-05,0
18,6721,0.99682586078726132,-0.00317918747803793,0.00317918747803793,0.99682586078726132,-0.00317918747803793,0.00317918747803793,0
19,3778,0.96933333892518014,-0.031146723228081433,0.031146723228081433,0.96933333892518014,-0.031146723228081433,0.031146723228081433,0
20,9141,0.9999831467348127,-1.6853407205184051e-05,1.6853407205184051e-05,0.9999831467348127,-1.6853407205184051e-05,1.6853407205184051e-05,0
21,2851,0.99999325796386163,-6.742058865950329e-06,6.742058865950329e-06,0.99999325796386163,-6.742058865950329e-06,6.742058865950329e-06,0
22,13,0.99990068878200389,-9.9316149681679834e-05,9.9316149681679834e-05,0.99990068878200389,-9.9316149681679834e-05,9.9316149681679834e-05,0
23,1283,0.99927181845916024,-0.00072844679379393607,0.00072844679379393607,0.99927181845916024,-0.00072844679379393607,0.00072844679379393607,0
24,374,0.93796594207838646,-0.064041639719979004,0.064041639719979004,0.93796594207838646,-0.064041639719979004,0.064041639719979004,0
25,5131,0.99011308582513047,-0.0099361142708424346,0.0099361142708424346,0.99011308582513047,-0.0099361142708424346,0.0099361142708424346,0
26,8667,0.99997966139369465,-2.0338813137608334e-05,2.0338813137608334e-05,0.99997966139369465,-2.0338813137608334e-05,2.0338813137608334e-05,0
27,311,0.99995249578504297,-4.7505343318007697e-05,4.7505343318007697e-05,0.99995249578504297,-4.7505343318007697e-05,4.7505343318007697e-05,0
28,34538,0.99156707288938539,-0.0084686854137964122,0.0084686854137964122,0.99156707288938539,-0.0084686854137964122,0.0084686854137964122,0
29,389,0.99951925935531749,-0.00048085623751452123,0.00048085623751452123,0.99951925935531749,-0.00048085623751452123,0.00048085623751452123,0
30,279,0.99999964426837251,-3.5573169078115323e-07,3.5573169078115323e-07,0.99999964426837251,-3.5573169078115323e-07,3.5573169078115323e-07,0
31,23886,0.99999101123712031,-8.9888032788682143e-06,8.9888032788682143e-06,0.99999101123712031,-8.9888032788682143e-06,8.9888032788682143e-06,0
32,6883,0.99999810181274218,-1.89818905937635e-06,1.89818905937635e-06,0.99999810181274218,-1.89818905937635e-06,1.89818905937635e-06,0
33,323,0.79705655762074556,-0.22682963957198801,0.22682963957198801,0.79705655762074556,-0.22682963957198801,0.22682963957198801,0
34,706,0.74896821755826226,-0.28905872953176887,0.28905872953176887,0.74896821755826226,-0.28905872953176887,0.28905872953176887,0
35,5762,0.44152607634023522,-0.8175181976239857,0.8175181976239857,0.44152607634023522,-0.8175181976239857,0.8175181976239857,0
36,279,0.76334500944117112,-0.270045175007806,0.270045175007806,0.76334500944117112,-0.270045175007806,0.270045175007806,0
37,34538,0.9579627434655259,-0.042946391678233165,0.042946391678233165,0.9579627434655259,-0.042946391678233165,0.042946391678233165,0
38,19134,0.96914596749595661,-0.031340041185292974,0.031340041185292974,0.96914596749595661,-0.031340041185292974,0.031340041185292974,0
39,3116,0.79416732811270285,-0.23046109924160327,0.23046109924160327,0.79416732811270285,-0.23046109924160327,0.23046109924160327,0
40,3115,0.99999506466883803,-4.9353433407704697e-06,4.9353433407704697e-06,0.99999506466883803,-4.9353433407704697e-06,4.9353433407704697e-06,0
41,13,0.90227882265626214,-0.10283169065913093,0.10283169065913093,0.90227882265626214,-0.10283169065913093,0.10283169065913093,0
42,11876,0.78871617673962902,-0.23734874815124413,0.23734874815124413,0.78871617673962902,-0.23734874815124413,0.23734874815124413,0
43,52757,0.99999514593442251,-4.8540773584751102e-06,4.8540773584751102e-06,0.99999514593442251,-4.8540773584751102e-06,4.8540773584751102e-06,0
44,706,0.62875618167770086,-0.46401172592236239,0.46401172592236239,0.62875618167770086,-0.46401172592236239,0.46401172592236239,0
45,1101,0.99971046767128546,-0.00028957425129134924,0.00028957425129134924,0.99971046767128546,-0.00028957425129134924,0.00028957425129134924,0
46,5762,0.5570685718279621,-0.58506693742577442,0.58506693742577442,0.5570685718279621,-0.58506693742577442,0.58506693742577442,0
47,279,0.98707516284456376,-0.013009089616763581,0.013009089616763581,0.98707516284456376,-0.013009089616763581,0.013009089616763581,0
48,28395,0.93182747767680518,-0.070607591220313057,0.070607591220313057,0.93182747767680518,-0.070607591220313057,0.070607591220313057,0
49,29201,0.99997042302460337,-2.957741280396623e-05,2.957741280396623e-05,0.99997042302460337,-2.957741280396623e-05,2.957741280396623e-05,0
50,4870,0.99999987147267844,-1.2852732984611738e-07,1.2852732984611738e-07,0.99999987147267844,-1.2852732984611738e-07,1.2852732984611738e-07,0
51,19134,0.99888078879370379,-0.001119837990871517,0.001119837990871517,0.99888078879370379,-0.001119837990871517,0.001119837990871517,0
52,323,0.99550733199899533,-0.0045027903628736101,0.0045027903628736101,0.99550733199899533,-0.0045027903628736101,0.0045027903628736101,0
53,374,0.65825563641392326,-0.41816191791708646,0.41816191791708646,0.65825563641392326,-0.41816191791708646,0.41816191791708646,0
54,264,0.97022422294322463,-0.030228076524099576,0.030228076524099576,0.97022422294322463,-0.030228076524099576,0.030228076524099576,0
55,832,0.88727185177231616,-0.11960385910587701,0.11960385910587701,0.88727185177231616,-0.11960385910587701,0.11960385910587701,0
56,7394,0.99998331037228994,-1.6689766983424508e-05,1.6689766983424508e-05,0.99998331037228994,-1.6689766983424508e-05,1.6689766983424508e-05,0
57,75636,0.9998641260616401,-0.00013588317005968628,0.00013588317005968628,0.9998641260616401,-0.00013588317005968628,0.00013588317005968628,0
58,25434,0.999997847849868,-2.1521524478531298e-06,2.1521524478531298e-06,0.999997847849868,-2.1521524478531298e-06,2.1521524478531298e-06,0
59,29201,0.99998628186864891,-1.3718225445493664e-05,1.3718225445493664e-05,0.99998628186864891,-1.3718225445493664e-05,1.3718225445493664e-05,0
60,4870,0.99999975084118875,-2.4915884227105025e-07,2.4915884227105025e-07,0.99999975084118875,-2.4915884227105025e-07,2.4915884227105025e-07,0
61,33597,0.9999632812794812,-3.6719394667483406e-05,3.6719394667483406e-05,0.9999632812794812,-3.6719394667483406e-05,3.6719394667483406e-05,0
62,11,0.98301420950437868,-0.017131703695927997,0.017131703695927997,0.98301420950437868,-0.017131703695927997,0.017131703695927997,0
63,3339,0.99999523269595592,-4.7673154076826778e-06,4.7673154076826778e-06,0.99999523269595592,-4.7673154076826778e-06,4.7673154076826778e-06,0
64,1461,0.99999352734964952,-6.4726712981803009e-06,6.4726712981803009e-06,0.99999352734964952,-6.4726712981803009e-06,6.4726712981803009e-06,0
65,264,0.99999602981282543,-3.9701950558410191e-06,3.9701950558410191e-06,0.99999602981282543,-3.9701950558410191e-06,3.9701950558410191e-06,0
66,4330,0.99993324418308061,-6.6758045188124659e-05,6.6758045188124659e-05,0.99993324418308061,-6.6758045188124659e-05,6.6758045188124659e-05,0
67,7394,0.99998002881377235,-1.9971385654483157e-05,1.9971385654483157e-05,0.99998002881377235,-1.9971385654483157e-05,1.9971385654483157e-05,0
68,1917,0.99999742353865295,-2.5764646660945794e-06,2.5764646660945794e-06,0.99999742353865295,-2.5764646660945794e-06,2.5764646660945794e-06,0
69,18824,0.99998916452953368,-1.083552917039952e-05,1.083552917039952e-05,0.99998916452953368,-1.083552917039952e-05,1.083552917039952e-05,0
70,304,0.9999966203770031,-3.3796287078137855e-06,3.3796287078137855e-06,0.9999966203770031,-3.3796287078137855e-06,3.3796287078137855e-06,0
71,6721,0.99999517080155564,-4.8292101049359745e-06,4.8292101049359745e-06,0.99999517080155564,-4.8292101049359745e-06,4.8292101049359745e-06,0
72,36540,0.99999295068440597,-7.0493404406229086e-06,7.0493404406229086e-06,0.99999295068440597,-7.0493404406229086e-06,7.0493404406229086e-06,0
73,382,0.60709030300271305,-0.49907772962573738,0.49907772962573738,0.60709030300271305,-0.49907772962573738,0.49907772962573738,0
74,24641,0.98497161290919577,-0.015142457606861616,0.015142457606861616,0.98497161290919577,-0.015142457606861616,0.015142457606861616,0
75,52757,0.99999742133246383,-2.5786708609635323e-06,2.5786708609635323e-06,0.99999742133246383,-2.5786708609635323e-06,2.5786708609635323e-06,0
76,574,0.86643666618729387,-0.14336626403005581,0.14336626403005581,0.86643666618729387,-0.14336626403005581,0.14336626403005581,0
77,9405,0.99998968315368075,-1.0316899538269697e-05,1.0316899538269697e-05,0.99998968315368075,-1.0316899538269697e-05,1.0316899538269697e-05,0
78,389,0.82742373058385654,-0.18943834445741758,0.18943834445741758,0.82742373058385654,-0.18943834445741758,0.18943834445741758,0
79,5887,0.99997030164310596,-2.9698797898941894e-05,2.9698797898941894e-05,0.99997030164310596,-2.9698797898941894e-05,2.9698797898941894e-05,0
80,220,0.99999985920747669,-1.407925332682884e-07,1.407925332682884e-07,0.99999985920747669,-1.407925332682884e-07,1.407925332682884e-07,0
81,717,0.99999800248217163,-1.997519823353579e-06,1.997519823353579e-06,0.99999800248217163,-1.997519823353579e-06,1.997519823353579e-06,0
82,11,0.99999988710019372,-1.1289981267597737e-07,1.1289981267597737e-07,0.99999988710019372,-1.1289981267597737e-07,1.1289981267597737e-07,0
83,220,0.99999967997441241,-3.2002563874005654e-07,3.2002563874005654e-07,0.99999967997441241,-3.2002563874005654e-07,3.2002563874005654e-07,0
84,4468,0.99999955897266535,-4.4102743191069486e-07,4.4102743191069486e-07,0.99999955897266535,-4.4102743191069486e-07,4.4102743191069486e-07,0
85,22,0.99999827266965247,-1.7273318394199064e-06,1.7273318394199064e-06,0.99999827266965247,-1.7273318394199064e-06,1.7273318394199064e-06,0
86,11,0.99999473950242557,-5.2605114108936396e-06,5.2605114108936396e-06,0.99999473950242557,-5.2605114108936396e-06,5.2605114108936396e-06,0
87,304,0.99998552476715996,-1.4475337607222922e-05,1.4475337607222922e-05,0.99998552476715996,-1.4475337607222922e-05,1.4475337607222922e-05,0
88,64377,0.99980663311736995,-0.00019338558041608793,0.00019338558041608793,0.99980663311736995,-0.00019338558041608793,0.00019338558041608793,0
89,11,0.99999884572654241,-1.1542741237971327e-06,1.1542741237971327e-06,0.99999884572654241,-1.1542741237971327e-06,1.1542741237971327e-06,0
90,4987,0.99999964724398793,-3.5275607430509305e-07,3.5275607430509305e-07,0.99999964724398793,-3.5275607430509305e-07,3.5275607430509305e-07,0
91,28972,0.99999954100380317,-4.5899630220972091e-07,4.5899630220972091e-07,0.99999954100380317,-4.5899630220972091e-07,4.5899630220972091e-07,0
92,13,0.5986563350096632,-0.51306757671597802,0.51306757671597802,0.5986563350096632,-0.51306757671597802,0.51306757671597802,0
93,1283,0.99998004132593332,-1.9958873243612194e-05,1.9958873243612194e-05,0.99998004132593332,-1.9958873243612194e-05,1.9958873243612194e-05,0
94,574,0.80360506145359045,-0.21864734758733725,0.21864734758733725,0.80360506145359045,-0.21864734758733725,0.21864734758733725,0
95,9408,0.99998647472525259,-1.3525366214783315e-05,1.3525366214783315e-05,0.99998647472525259,-1.3525366214783315e-05,1.3525366214783315e-05,0
96,389,0.99999959675471362,-4.032453677287171e-07,4.032453677287171e-07,0.99999959675471362,-4.032453677287171e-07,4.032453677287171e-07,0
97,264,0.99999323923602101,-6.7607868330299144e-06,6.7607868330299144e-06,0.99999323923602101,-6.7607868330299144e-06,6.7607868330299144e-06,0
98,34479,0.97884321746708514,-0.021383794866612314,0.021383794866612314,0.97884321746708514,-0.021383794866612314,0.021383794866612314,0
99,8961,0.99999671817298108,-3.2818324040861652e-06,3.2818324040861652e-06,0.99999671817298108,-3.2818324040861652e-06,3.2818324040861652e-06,0
100,13234,0.64881899442676605,-0.43260150036600059,0.43260150036600059,0.64881899442676605,-0.43260150036600059,0.43260150036600059,0
101,555,0.99999984264440045,-1.5735561192801349e-07,1.5735561192801349e-07,0.99999984264440045,-1.5735561192801349e-07,1.5735561192801349e-07,0
102,813,0.99999737030401237,-2.6296994453271885e-06,2.6296994453271885e-06,0.99999737030401237,-2.6296994453271885e-06,2.6296994453271885e-06,0
103,6699,0.99998707242104123,-1.2927662520601926e-05,1.2927662520601926e-05,0.99998707242104123,-1.2927662520601926e-05,1.2927662520601926e-05,0
104,323,0.98760672635818481,-0.012470710722049331,0.012470710722049331,0.98760672635818481,-0.012470710722049331,0.012470710722049331,0
105,706,0.90068564332478418,-0.10459897978346454,0.10459897978346454,0.90068564332478418,-0.10459897978346454,0.10459897978346454,0
106,1403,0.9981618552210797,-0.0018398362401192859,0.0018398362401192859,0.9981618552210797,-0.0018398362401192859,0.0018398362401192859,0
107,9191,0.9999947058303752,-5.2941836389457049e-06,5.2941836389457049e-06,0.9999947058303752,-5.2941836389457049e-06,5.2941836389457049e-06,0
108,20820,0.99999795911731459,-2.0408847680226848e-06,2.0408847680226848e-06,0.99999795911731459,-2.0408847680226848e-06,2.0408847680226848e-06,0
109,323,0.99959557389172626,-0.00040450791056828025,0.00040450791056828025,0.99959557389172626,-0.00040450791056828025,0.00040450791056828025,0
110,264,0.99992067376124805,-7.9329385244398122e-05,7.9329385244398122e-05,0.99992067376124805,-7.9329385244398122e-05,7.9329385244398122e-05,0
111,14992,0.99996609650849344,-3.3904066242938963e-05,3.3904066242938963e-05,0.99996609650849344,-3.3904066242938963e-05,3.3904066242938963e-05,0
112,13219,0.99999945155908654,-5.4844106382710162e-07,5.4844106382710162e-07,0.99999945155908654,-5.4844106382710162e-07,5.4844106382710162e-07,0
113,13,0.99996972071465751,-3.0279743769344256e-05,3.0279743769344256e-05,0.99996972071465751,-3.0279743769344256e-05,3.0279743769344256e-05,0
114,11876,0.96881207719180851,-0.031684620685728561,0.031684620685728561,0.96881207719180851,-0.031684620685728561,0.031684620685728561,0
115,52757,0.9999928232536569,-7.176772096027266e-06,7.176772096027266e-06,0.9999928232536569,-7.176772096027266e-06,7.176772096027266e-06,0
116,18677,0.88319354798543681,-0.12421090875610206,0.12421090875610206,0.88319354798543681,-0.12421090875610206,0.12421090875610206,0
117,64377,0.78837448297139079,-0.23778206981411848,0.23778206981411848,0.78837448297139079,-0.23778206981411848,0.23778206981411848,0
118,5234,0.99999853946066009,-1.4605404065076066e-06,1.4605404065076066e-06,0.99999853946066009,-1.4605404065076066e-06,1.4605404065076066e-06,0
119,6150,0.99999918513305908,-8.1486727294355108e-07,8.1486727294355108e-07,0.99999918513305908,-8.1486727294355108e-07,8.1486727294355108e-07,0
120,11,0.92869532851947667,-0.073974550341525197,0.073974550341525197,0.92869532851947667,-0.073974550341525197,0.073974550341525197,0
121,1405,0.99999221467437671,-7.7853559290642175e-06,7.7853559290642175e-06,0.99999221467437671,-7.7853559290642175e-06,7.7853559290642175e-06,0
122,568,0.99999987052446915,-1.2947553923470625e-07,1.2947553923470625e-07,0.99999987052446915,-1.2947553923470625e-07,1.2947553923470625e-07,0
123,6476,0.99981971321645258,-0.00018030303716320015,0.00018030303716320015,0.99981971321645258,-0.00018030303716320015,0.00018030303716320015,0
124,9141,0.99999104456892218,-8.9554711779784476e-06,8.9554711779784476e-06,0.99999104456892218,-8.9554711779784476e-06,8.9554711779784476e-06,0
125,323,0.99999909573274459,-9.042676642373943e-07,9.042676642373943e-07,0.99999909573274459,-9.042676642373943e-07,9.042676642373943e-07,0
126,67235,0.99550722683803716,-0.0045028959984228486,0.0045028959984228486,0.99550722683803716,-0.0045028959984228486,0.0045028959984228486,0
127,304,0.99999992909692892,-7.0903073563421617e-08,7.0903073563421617e-08,0.99999992909692892,-7.0903073563421617e-08,7.0903073563421617e-08,0
128,19077,0.99999675139023381,-3.2486150428846762e-06,3.2486150428846762e-06,0.99999675139023381,-3.2486150428846762e-06,3.2486150428846762e-06,0
129,36540,0.99999669351037512,-3.3064950913372115e-06,3.3064950913372115e-06,0.99999669351037512,-3.3064950913372115e-06,3.3064950913372115e-06,0
130,11,0.91865855907833138,-0.084840760942073226,0.084840760942073226,0.91865855907833138,-0.084840760942073226,0.084840760942073226,0
131,25012,0.95628929007878094,-0.044694807021381726,0.044694807021381726,0.95628929007878094,-0.044694807021381726,0.044694807021381726,0
132,4948,0.99999842333811395,-1.5766631290155122e-06,1.5766631290155122e-06,0.99999842333811395,-1.5766631290155122e-06,1.5766631290155122e-06,0
133,304,0.99999877369561163,-1.2263051402533129e-06,1.2263051402533129e-06,0.99999877369561163,-1.2263051402533129e-06,1.2263051402533129e-06,0
134,279,0.99999769206179989,-2.3079408634383481e-06,2.3079408634383481e-06,0.99999769206179989,-2.3079408634383481e-06,2.3079408634383481e-06,0
135,1614,0.99999385747192027,-6.1425469451827444e-06,6.1425469451827444e-06,0.99999385747192027,-6.1425469451827444e-06,6.1425469451827444e-06,0
136,59284,0.99998374591072559,-1.6254221373504706e-05,1.6254221373504706e-05,0.99998374591072559,-1.6254221373504706e-05,1.6254221373504706e-05,0
137,813,0.99939815565005929,-0.00060202553095032381,0.00060202553095032381,0.99939815565005929,-0.00060202553095032381,0.00060202553095032381,0
138,10195,0.99999963278434978,-3.6721571768941759e-07,3.6721571768941759e-07,0.99999963278434978,-3.6721571768941759e-07,3.6721571768941759e-07,0
139,1060,0.99999963773413847,-3.6226592714103853e-07,3.6226592714103853e-07,0.99999963773413847,-3.6226592714103853e-07,3.6226592714103853e-07,0
140,382,0.54666594393437618,-0.60391736890413961,0.60391736890413961,0.54666594393437618,-0.60391736890413961,0.60391736890413961,0
141,24641,0.95796044768119826,-0.04294878820888564,0.04294878820888564,0.95796044768119826,-0.04294878820888564,0.04294878820888564,0
142,52757,0.99998898147621806,-1.1018584486327031e-05,1.1018584486327031e-05,0.99998898147621806,-1.1018584486327031e-05,1.1018584486327031e-05,0
143,18677,0.7882851954157889,-0.23789533148614742,0.23789533148614742,0.7882851954157889,-0.23789533148614742,0.23789533148614742,0
144,426,0.99988602042120434,-0.00011398607496144135,0.00011398607496144135,0.99988602042120434,-0.00011398607496144135,0.00011398607496144135,0
145,2191,0.99999909525677977,-9.0474362951816941e-07,9.0474362951816941e-07,0.99999909525677977,-9.0474362951816941e-07,9.0474362951816941e-07,0
146,277,0.9999999842597711,-1.5740228996220689e-08,1.5740228996220689e-08,0.9999999842597711,-1.5740228996220689e-08,1.5740228996220689e-08,0
147,377,0.99999969224913021,-3.0775091713466503e-07,3.0775091713466503e-07,0.99999969224913021,-3.0775091713466503e-07,3.0775091713466503e-07,0
148,3314,0.99999708324179537,-2.9167624584019262e-06,2.9167624584019262e-06,0.99999708324179537,-2.9167624584019262e-06,2.9167624584019262e-06,0
149,9304,0.99999488732641439,-5.1126866553358102e-06,5.1126866553358102e-06,0.99999488732641439,-5.1126866553358102e-06,5.1126866553358102e-06,0
150,11,0.99869068289877583,-0.001310175005787785,0.001310175005787785,0.99869068289877583,-0.001310175005787785,0.001310175005787785,0
151,1405,0.99999025990864165,-9.7401387933735819e-06,9.7401387933735819e-06,0.99999025990864165,-9.7401387933735819e-06,9.7401387933735819e-06,0
152,568,0.99999963356147281,-3.664385942757623e-07,3.664385942757623e-07,0.99999963356147281,-3.664385942757623e-07,3.664385942757623e-07,0
153,2834,0.99999657841478751,-3.4215910661454343e-06,3.4215910661454343e-06,0.99999657841478751,-3.4215910661454343e-06,3.4215910661454343e-06,0
154,279,0.99999930926718916,-6.9073304934413047e-07,6.9073304934413047e-07,0.99999930926718916,-6.9073304934413047e-07,6.9073304934413047e-07,0
155,5165,0.99466559474512273,-0.0053486839962884848,0.0053486839962884848,0.99466559474512273,-0.0053486839962884848,0.0053486839962884848,0
156,31870,0.99986722479481438,-0.00013278402059352872,0.00013278402059352872,0.99986722479481438,-0.00013278402059352872,0.00013278402059352872,0
157,9304,0.99999288423422306,-7.1157910941389361e-06,7.1157910941389361e-06,0.99999288423422306,-7.1157910941389361e-06,7.1157910941389361e-06,0
158,51506,0.99999142291928189,-8.577117501461319e-06,8.577117501461319e-06,0.99999142291928189,-8.577117501461319e-06,8.577117501461319e-06,0
159,10229,0.9999897446205559,-1.0255432030848595e-05,1.0255432030848595e-05,0.9999897446205559,-1.0255432030848595e-05,1.0255432030848595e-05,0
160,320,0.99017209394230887,-0.0098765186956204735,0.0098765186956204735,0.99017209394230887,-0.0098765186956204735,0.0098765186956204735,0
161,88086,0.99987316996582709,-0.00012683807778183124,0.00012683807778183124,0.99987316996582709,-0.00012683807778183124,0.00012683807778183124,0
162,29733,0.99999515081333468,-4.8491984226873322e-06,4.8491984226873322e-06,0.99999515081333468,-4.8491984226873322e-06,4.8491984226873322e-06,0
163,8,0.9999993519720991,-6.4802811081188424e-07,6.4802811081188424e-07,0.9999993519720991,-6.4802811081188424e-07,6.4802811081188424e-07,0
164,71729,0.99996827320117432,-3.1727302131183668e-05,3.1727302131183668e-05,0.99996827320117432,-3.1727302131183668e-05,3.1727302131183668e-05,0
165,36540,0.99998923820220331,-1.0761855705288748e-05,1.0761855705288748e-05,0.99998923820220331,-1.0761855705288748e-05,1.0761855705288748e-05,0
166,22279,0.99997717432761801,-2.2825932891623742e-05,2.2825932891623742e-05,0.99997717432761801,-2.2825932891623742e-05,2.2825932891623742e-05,0
167,304,0.99879860497264572,-0.0012021172808926942,0.0012021172808926942,0.99879860497264572,-0.0012021172808926942,0.0012021172808926942,0
168,813,0.99999781101338825,-2.1889890076352088e-06,2.1889890076352088e-06,0.99999781101338825,-2.1889890076352088e-06,2.1889890076352088e-06,0
169,51498,0.99999357488619256,-6.4251344485303961e-06,6.4251344485303961e-06,0.99999357488619256,-6.4251344485303961e-06,6.4251344485303961e-06,0
170,1060,0.99999919090898293,-8.0909134434627655e-07,8.0909134434627655e-07,0.99999919090898293,-8.0909134434627655e-07,8.0909134434627655e-07,0
171,13,0.99984462794179529,-0.00015538412969336884,0.00015538412969336884,0.99984462794179529,-0.00015538412969336884,0.00015538412969336884,0
172,1283,0.99999718519243697,-2.8148115246660551e-06,2.8148115246660551e-06,0.99999718519243697,-2.8148115246660551e-06,2.8148115246660551e-06,0
173,1243,0.88251720758007002,-0.12497699169048164,0.12497699169048164,0.88251720758007002,-0.12497699169048164,0.12497699169048164,0
174,23217,0.99966765271589864,-0.00033240252369947862,0.00033240252369947862,0.99966765271589864,-0.00033240252369947862,0.00033240252369947862,0
175,311,0.99999997590275302,-2.4097247240380182e-08,2.4097247240380182e-08,0.99999997590275302,-2.4097247240380182e-08,2.4097247240380182e-08,0
176,279,0.9999998723782294,-1.27621778772506e-07,1.27621778772506e-07,0.9999998723782294,-1.27621778772506e-07,1.27621778772506e-07,0
177,3907,0.99999683682785545,-3.1631771473619438e-06,3.1631771473619438e-06,0.99999683682785545,-3.1631771473619438e-06,3.1631771473619438e-06,0
178,315,0.99999908479098676,-9.1520943198935021e-07,9.1520943198935021e-07,0.99999908479098676,-9.1520943198935021e-07,9.1520943198935021e-07,0
179,19461,0.99998448601748036,-1.5514102862686526e-05,1.5514102862686526e-05,0.99998448601748036,-1.5514102862686526e-05,1.5514102862686526e-05,0
180,389,0.92534999936200324,-0.077583235347845086,0.077583235347845086,0.92534999936200324,-0.077583235347845086,0.077583235347845086,0
181,264,0.99999963702072281,-3.6297934309733016e-07,3.6297934309733016e-07,0.99999963702072281,-3.6297934309733016e-07,3.6297934309733016e-07,0
182,36540,0.99996931782177789,-3.0682648929758896e-05,3.0682648929758896e-05,0.99996931782177789,-3.0682648929758896e-05,3.0682648929758896e-05,0
183,34225,0.99999654410340255,-3.4559025690345184e-06,3.4559025690345184e-06,0.99999654410340255,-3.4559025690345184e-06,3.4559025690345184e-06,0
184,369,0.98594883724684335,-0.014150814927777281,0.014150814927777281,0.98594883724684335,-0.014150814927777281,0.014150814927777281,0
185,813,0.99999951882091798,-4.811791977383803e-07,4.811791977383803e-07,0.99999951882091798,-4.811791977383803e-07,4.811791977383803e-07,0
186,27144,0.99999884008389173,-1.159916780937683e-06,1.159916780937683e-06,0.99999884008389173,-1.159916780937683e-06,1.159916780937683e-06,0
187,323,0.99999967500930309,-3.2499074968209876e-07,3.2499074968209876e-07,0.99999967500930309,-3.2499074968209876e-07,3.2499074968209876e-07,0
188,10195,0.99999951707542423,-4.8292469242285649e-07,4.8292469242285649e-07,0.99999951707542423,-4.8292469242285649e-07,4.8292469242285649e-07,0
189,7926,0.99995713350366711,-4.2867415127407169e-05,4.2867415127407169e-05,0.99995713350366711,-4.2867415127407169e-05,4.2867415127407169e-05,0
190,1667,0.99999752213951432,-2.4778635555323717e-06,2.4778635555323717e-06,0.99999752213951432,-2.4778635555323717e-06,2.4778635555323717e-06,0
191,13,0.95839493450912383,-0.042495336996852248,0.042495336996852248,0.95839493450912383,-0.042495336996852248,0.042495336996852248,0
192,2684,0.63239819266575381,-0.45823603154819392,0.45823603154819392,0.63239819266575381,-0.45823603154819392,0.45823603154819392,0
193,11,0.99999963560342087,-3.6439664552354949e-07,3.6439664552354949e-07,0.99999963560342087,-3.6439664552354949e-07,3.6439664552354949e-07,0
194,568,0.9998129456171202,-0.00018707187973283275,0.00018707187973283275,0.9998129456171202,-0.00018707187973283275,0.00018707187973283275,0
195,574,0.99135184519802999,-0.0086857671010378053,0.0086857671010378053,0.99135184519802999,-0.0086857671010378053,0.0086857671010378053,0
196,3130,0.99897292012114491,-0.0010276076868254815,0.0010276076868254815,0.99897292012114491,-0.0010276076868254815,0.0010276076868254815,0
197,16862,0.99999922417484755,-7.7582545335403558e-07,7.7582545335403558e-07,0.99999922417484755,-7.7582545335403558e-07,7.7582545335403558e-07,0
198,449,0.99999779330594285,-2.2066964919423966e-06,2.2066964919423966e-06,0.99999779330594285,-2.2066964919423966e-06,2.2066964919423966e-06,0
199,3938,0.99963792086388314,-0.000362144702594576,0.000362144702594576,0.99963792086388314,-0.000362144702594576,0.000362144702594576,0
200,34538,0.99999845643354834,-1.5435676430045835e-06,1.5435676430045835e-06,0.99999845643354834,-1.5435676430045835e-06,1.5435676430045835e-06,0
201,37444,0.99997787908673241,-2.2121157938643687e-05,2.2121157938643687e-05,0.99997787908673241,-2.2121157938643687e-05,2.2121157938643687e-05,0
202,37940,0.99999581093270451,-4.1890760697060508e-06,4.1890760697060508e-06,0.99999581093270451,-4.1890760697060508e-06,4.1890760697060508e-06,0
203,783,0.9999999017997746,-9.82002302330479e-08,9.82002302330479e-08,0.9999999017997746,-9.82002302330479e-08,9.82002302330479e-08,0
204,30411,0.9999997298543345,-2.70145701956395e-07,2.70145701956395e-07,0.9999997298543345,-2.70145701956395e-07,2.70145701956395e-07,0
205,11,0.98490769349218787,-0.015207354391982019,0.015207354391982019,0.98490769349218787,-0.015207354391982019,0.015207354391982019,0
206,889,0.9999942565195884,-5.7434969054156215e-06,5.7434969054156215e-06,0.9999942565195884,-5.7434969054156215e-06,5.7434969054156215e-06,0
207,574,0.99999872474663554,-1.2752541775810568e-06,1.2752541775810568e-06,0.99999872474663554,-1.2752541775810568e-06,1.2752541775810568e-06,0
208,1101,0.99999761762539574,-2.382377442078251e-06,2.382377442078251e-06,0.99999761762539574,-2.382377442078251e-06,2.382377442078251e-06,0
209,813,0.99998891981301485,-1.1080248370871284e-05,1.1080248370871284e-05,0.99998891981301485,-1.1080248370871284e-05,1.1080248370871284e-05,0
210,18328,0.99985420680108195,-0.00014580382777953596,0.00014580382777953596,0.99985420680108195,-0.00014580382777953596,0.00014580382777953596,0
211,7395,0.99999528192411991,-4.7180870102093407e-06,4.7180870102093407e-06,0.99999528192411991,-4.7180870102093407e-06,4.7180870102093407e-06,0
212,382,0.99303106401477914,-0.0069933324305177496,0.0069933324305177496,0.99303106401477914,-0.0069933324305177496,0.0069933324305177496,0
213,24641,0.99759139560333154,-0.0024115097504077494,0.0024115097504077494,0.99759139560333154,-0.0024115097504077494,0.0024115097504077494,0
214,52757,0.9999955581688198,-4.4418410452067896e-06,4.4418410452067896e-06,0.9999955581688198,-4.4418410452067896e-06,4.4418410452067896e-06,0
215,2834,0.99071377513263648,-0.0093296106558530146,0.0093296106558530146,0.99071377513263648,-0.0093296106558530146,0.0093296106558530146,0
216,279,0.99999290219471193,-7.097830477556872e-06,7.097830477556872e-06,0.99999290219471193,-7.097830477556872e-06,7.097830477556872e-06,0
217,220,0.9999858147013857,-1.4185399226640235e-05,1.4185399226640235e-05,0.9999858147013857,-1.4185399226640235e-05,1.4185399226640235e-05,0
218,1049,0.99999918987584613,-8.1012448197350837e-07,8.1012448197350837e-07,0.99999918987584613,-8.1012448197350837e-07,8.1012448197350837e-07,0
219,15,0.99999936810438916,-6.3189581053745266e-07,6.3189581053745266e-07,0.99999936810438916,-6.3189581053745266e-07,6.3189581053745266e-07,0
220,5165,0.99270647521925148,-0.0073202525717805476,0.0073202525717805476,0.99270647521925148,-0.0073202525717805476,0.0073202525717805476,0
221,57665,0.99999986640891259,-1.3359109636580833e-07,1.3359109636580833e-07,0.99999986640891259,-1.3359109636580833e-07,1.3359109636580833e-07,0
222,6629,0.99999972994002662,-2.7006000985947417e-07,2.7006000985947417e-07,0.99999972994002662,-2.7006000985947417e-07,2.7006000985947417e-07,0
223,51506,0.99999091907302828,-9.0809682036352848e-06,9.0809682036352848e-06,0.99999091907302828,-9.0809682036352848e-06,9.0809682036352848e-06,0
224,10229,0.99999242159200485,-7.578436711446959e-06,7.578436711446959e-06,0.99999242159200485,-7.578436711446959e-06,7.578436711446959e-06,0
225,320,0.99999949941310262,-5.0058702266205097e-07,5.0058702266205097e-07,0.99999949941310262,-5.0058702266205097e-07,5.0058702266205097e-07,0
226,45,0.99999496220923167,-5.0378034580483714e-06,5.0378034580483714e-06,0.99999496220923167,-5.0378034580483714e-06,5.0378034580483714e-06,0
227,29733,0.99992401804594244,-7.5984840832496263e-05,7.5984840832496263e-05,0.99992401804594244,-7.5984840832496263e-05,7.5984840832496263e-05,0
228,8,0.99999896151388357,-1.0384866556768381e-06,1.0384866556768381e-06,0.99999896151388357,-1.0384866556768381e-06,1.0384866556768381e-06,0
229,14829,0.99999562895787797,-4.3710516750208824e-06,4.3710516750208824e-06,0.99999562895787797,-4.3710516750208824e-06,4.3710516750208824e-06,0
230,358,0.9999911560895125,-8.8439495950959491e-06,8.8439495950959491e-06,0.9999911560895125,-8.8439495950959491e-06,8.8439495950959491e-06,0
231,71729,0.99996234939651973,-3.7651312282065335e-05,3.7651312282065335e-05,0.99996234939651973,-3.7651312282065335e-05,3.7651312282065335e-05,0
232,36540,0.99999150243276935,-8.4976033351526409e-06,8.4976033351526409e-06,0.99999150243276935,-8.4976033351526409e-06,8.4976033351526409e-06,0
233,22279,0.99997797515613751,-2.2025086412893856e-05,2.2025086412893856e-05,0.99997797515613751,-2.2025086412893856e-05,2.2025086412893856e-05,0
234,813,0.99981301551391888,-0.00018700196985968668,0.00018700196985968668,0.99981301551391888,-0.00018700196985968668,0.00018700196985968668,0
235,10195,0.99999948076038203,-5.1923975272590304e-07,5.1923975272590304e-07,0.99999948076038203,-5.1923975272590304e-07,5.1923975272590304e-07,0
236,1060,0.99999940346208771,-5.9653809018723835e-07,5.9653809018723835e-07,0.99999940346208771,-5.9653809018723835e-07,5.9653809018723835e-07,0
237,1306,0.99929842015863757,-0.00070182606366919048,0.00070182606366919048,0.99929842015863757,-0.00070182606366919048,0.00070182606366919048,0
238,1694,0.99998997525127298,-1.0024798975168069e-05,1.0024798975168069e-05,0.99998997525127298,-1.0024798975168069e-05,1.0024798975168069e-05,0
239,279,0.99998406207183976,-1.5938055170342228e-05,1.5938055170342228e-05,0.99998406207183976,-1.5938055170342228e-05,1.5938055170342228e-05,0
240,23055,0.9999640971632584,-3.5903481263869751e-05,3.5903481263869751e-05,0.9999640971632584,-3.5903481263869751e-05,3.5903481263869751e-05,0
241,5352,0.99996645908345105,-3.3541479058094724e-05,3.3541479058094724e-05,0.99996645908345105,-3.3541479058094724e-05,3.3541479058094724e-05,0
242,311,0.97912582582241869,-0.021095119866091118,0.021095119866091118,0.97912582582241869,-0.021095119866091118,0.021095119866091118,0
243,18587,0.99993045463377295,-6.9547784618142881e-05,6.9547784618142881e-05,0.99993045463377295,-6.9547784618142881e-05,6.9547784618142881e-05,0
244,66549,0.99992238567001457,-7.7617342133422693e-05,7.7617342133422693e-05,0.99992238567001457,-7.7617342133422693e-05,7.7617342133422693e-05,0
245,279,0.99998405981130545,-1.5940315740679055e-05,1.5940315740679055e-05,0.99998405981130545,-1.5940315740679055e-05,1.5940315740679055e-05,0
246,1060,0.99872451482692348,-0.0012762992966318478,0.0012762992966318478,0.99872451482692348,-0.0012762992966318478,0.0012762992966318478,0
247,4972,0.99991169353458065,-8.831036466486959e-05,8.831036466486959e-05,0.99991169353458065,-8.831036466486959e-05,8.831036466486959e-05,0
248,13,0.99997162082043034,-2.8379582266140496e-05,2.8379582266140496e-05,0.99997162082043034,-2.8379582266140496e-05,2.8379582266140496e-05,0
249,1283,0.99996457834167707,-3.5422285684675651e-05,3.5422285684675651e-05,0.99996457834167707,-3.5422285684675651e-05,3.5422285684675651e-05,0
250,8220,0.99990307776206977,-9.6926935193877145e-05,9.6926935193877145e-05,0.99990307776206977,-9.6926935193877145e-05,9.6926935193877145e-05,0
251,813,0.99999696529730231,-3.0347073023728312e-06,3.0347073023728312e-06,0.99999696529730231,-3.0347073023728312e-06,3.0347073023728312e-06,0
252,19077,0.99999042295624663,-9.5770896135346037e-06,9.5770896135346037e-06,0.99999042295624663,-9.5770896135346037e-06,9.5770896135346037e-06,0
253,7076,0.99998617661870748,-1.3823476836303674e-05,1.3823476836303674e-05,0.99998617661870748,-1.3823476836303674e-05,1.3823476836303674e-05,0
254,439,0.91693447519554749,-0.086719264899741758,0.086719264899741758,0.91693447519554749,-0.086719264899741758,0.086719264899741758,0
255,264,0.9999958730019769,-4.127006539152054e-06,4.127006539152054e-06,0.9999958730019769,-4.127006539152054e-06,4.127006539152054e-06,0
256,1403,0.9999069742620319,-9.3030065130440329e-05,9.3030065130440329e-05,0.9999069742620319,-9.3030065130440329e-05,9.3030065130440329e-05,0
257,7394,0.99998350239076794,-1.6497745319124585e-05,1.6497745319124585e-05,0.99998350239076794,-1.6497745319124585e-05,1.6497745319124585e-05,0
258,27816,0.99989988188226309,-0.00010012312989017415,0.00010012312989017415,0.99989988188226309,-0.00010012312989017415,0.00010012312989017415,0
259,29733,0.99999651749229024,-3.4825137736583623e-06,3.4825137736583623e-06,0.99999651749229024,-3.4825137736583623e-06,3.4825137736583623e-06,0
260,2052,0.99998604083413878,-1.3959263291268519e-05,1.3959263291268519e-05,0.99998604083413878,-1.3959263291268519e-05,1.3959263291268519e-05,0
261,24145,0.99968503867541847,-0.00031501093531673027,0.00031501093531673027,0.99968503867541847,-0.00031501093531673027,0.00031501093531673027,0
262,11,0.99997101978557612,-2.8980634358406506e-05,2.8980634358406506e-05,0.99997101978557612,-2.8980634358406506e-05,2.8980634358406506e-05,0
263,279,0.99988678029666112,-0.0001132261131733137,0.0001132261131733137,0.99988678029666112,-0.0001132261131733137,0.0001132261131733137,0
264,220,0.99999246905779748,-7.5309705602072363e-06,7.5309705602072363e-06,0.99999246905779748,-7.5309705602072363e-06,7.5309705602072363e-06,0
265,2550,0.9999995290420558,-4.7095805512040035e-07,4.7095805512040035e-07,0.9999995290420558,-4.7095805512040035e-07,4.7095805512040035e-07,0
266,23,0.99999895184153087,-1.0481590184880496e-06,1.0481590184880496e-06,0.99999895184153087,-1.0481590184880496e-06,1.0481590184880496e-06,0
267,27816,0.99997805831728659,-2.1941923435641022e-05,2.1941923435641022e-05,0.99997805831728659,-2.1941923435641022e-05,2.1941923435641022e-05,0
268,29733,0.99999762877088194,-2.3712319294107254e-06,2.3712319294107254e-06,0.99999762877088194,-2.3712319294107254e-06,2.3712319294107254e-06,0
269,29201,0.99963673473802617,-0.0003633312587824584,0.0003633312587824584,0.99963673473802617,-0.0003633312587824584,0.0003633312587824584,0
270,4870,0.99999991923719433,-8.0762808954379853e-08,8.0762808954379853e-08,0.99999991923719433,-8.0762808954379853e-08,8.0762808954379853e-08,0
271,33597,0.99999729195441189,-2.7080492549162735e-06,2.7080492549162735e-06,0.99999729195441189,-2.7080492549162735e-06,2.7080492549162735e-06,0
272,11,0.99999716053218768,-2.8394718435677756e-06,2.8394718435677756e-06,0.99999716053218768,-2.8394718435677756e-06,2.8394718435677756e-06,0
273,1403,0.99950704635275911,-0.00049307518883456608,0.00049307518883456608,0.99950704635275911,-0.00049307518883456608,0.00049307518883456608,0
274,7394,0.99999079141542091,-9.2086269783891884e-06,9.2086269783891884e-06,0.99999079141542091,-9.2086269783891884e-06,9.2086269783891884e-06,0
275,34260,0.99998590483333449,-1.4095266003297569e-05,1.4095266003297569e-05,0.99998590483333449,-1.4095266003297569e-05,1.4095266003297569e-05,0
276,2052,0.99999265358972167,-7.3464372633558545e-06,7.3464372633558545e-06,0.99999265358972167,-7.3464372633558545e-06,7.3464372633558545e-06,0
277,24145,0.99997015705346759,-2.984339184197769e-05,2.984339184197769e-05,0.99997015705346759,-2.984339184197769e-05,2.984339184197769e-05,0
278,11,0.99999427617341452,-5.7238429666077457e-06,5.7238429666077457e-06,0.99999427617341452,-5.7238429666077457e-06,5.7238429666077457e-06,0
279,1403,0.99977455193505604,-0.00022547348217917207,0.00022547348217917207,0.99977455193505604,-0.00022547348217917207,0.00022547348217917207,0
280,7394,0.99998936981852371,-1.0630237977051119e-05,1.0630237977051119e-05,0.99998936981852371,-1.0630237977051119e-05,1.0630237977051119e-05,0
281,6295,0.99999399417130619,-6.0058467288246868e-06,6.0058467288246868e-06,0.99999399417130619,-6.0058467288246868e-06,6.0058467288246868e-06,0
282,18165,0.99996888794635852,-3.111253763148301e-05,3.111253763148301e-05,0.99996888794635852,-3.111253763148301e-05,3.111253763148301e-05,0
283,15217,0.99997779334866099,-2.2206897910326299e-05,2.2206897910326299e-05,0.99997779334866099,-2.2206897910326299e-05,2.2206897910326299e-05,0
284,33597,0.9999852173945164,-1.4782714747372233e-05,1.4782714747372233e-05,0.9999852173945164,-1.4782714747372233e-05,1.4782714747372233e-05,0
285,11,0.99999311687513892,-6.8831485499260476e-06,6.8831485499260476e-06,0.99999311687513892,-6.8831485499260476e-06,6.8831485499260476e-06,0
286,323,0.99999979520864768,-2.047913733173302e-07,2.047913733173302e-07,0.99999979520864768,-2.047913733173302e-07,2.047913733173302e-07,0
287,279,0.99996578332323272,-3.4217262171088043e-05,3.4217262171088043e-05,0.99996578332323272,-3.4217262171088043e-05,3.4217262171088043e-05,0
288,220,0.99999867967840261,-1.3203224690328075e-06,1.3203224690328075e-06,0.99999867967840261,-1.3203224690328075e-06,1.3203224690328075e-06,0
289,1049,0.99999949951650513,-5.0048362009400773e-07,5.0048362009400773e-07,0.99999949951650513,-5.0048362009400773e-07,5.0048362009400773e-07,0
290,15,0.99999967285665448,-3.2714339903839754e-07,3.2714339903839754e-07,0.99999967285665448,-3.2714339903839754e-07,3.2714339903839754e-07,0
291,34260,0.99999663936994843,-3.3606356984865414e-06,3.3606356984865414e-06,0.99999663936994843,-3.3606356984865414e-06,3.3606356984865414e-06,0
292,29201,0.99993543135590524,-6.4570728739453141e-05,6.4570728739453141e-05,0.99993543135590524,-6.4570728739453141e-05,6.4570728739453141e-05,0
293,4870,0.99999988356447278,-1.1643553398595303e-07,1.1643553398595303e-07,0.99999988356447278,-1.1643553398595303e-07,1.1643553398595303e-07,0
294,33597,0.99999804672646764,-1.9532754400001193e-06,1.9532754400001193e-06,0.99999804672646764,-1.9532754400001193e-06,1.9532754400001193e-06,0
295,11,0.99992483722682535,-7.5165598037437852e-05,7.5165598037437852e-05,0.99992483722682535,-7.5165598037437852e-05,7.5165598037437852e-05,0
296,449,0.99999806715837725,-1.9328434907110506e-06,1.9328434907110506e-06,0.99999806715837725,-1.9328434907110506e-06,1.9328434907110506e-06,0
297,264,0.99999925370405041,-7.4629622811387006e-07,7.4629622811387006e-07,0.99999925370405041,-7.4629622811387006e-07,7.4629622811387006e-07,0
298,3335,0.99999832401539546,-1.6759860090532622e-06,1.6759860090532622e-06,0.99999832401539546,-1.6759860090532622e-06,1.6759860090532622e-06,0
299,315,0.99999966407399676,-3.3592605961200276e-07,3.3592605961200276e-07,0.99999966407399676,-3.3592605961200276e-07,3.3592605961200276e-07,0
300,220,0.99999918031301571,-8.1968732025125731e-07,8.1968732025125731e-07,0.99999918031301571,-8.1968732025125731e-07,8.1968732025125731e-07,0
301,7461,0.99999995519645646,-4.4803544536582967e-08,4.4803544536582967e-08,0.99999995519645646,-4.4803544536582967e-08,4.4803544536582967e-08,0
302,12,0.99565871800737904,-0.0043507327193888683,0.0043507327193888683,0.99565871800737904,-0.0043507327193888683,0.0043507327193888683,0
303,20,0.99999906920410386,-9.3079632936388183e-07,9.3079632936388183e-07,0.99999906920410386,-9.3079632936388183e-07,9.3079632936388183e-07,0
304,8244,0.99993995475254049,-6.0047050247523322e-05,6.0047050247523322e-05,0.99993995475254049,-6.0047050247523322e-05,6.0047050247523322e-05,0
305,304,0.99999937797926763,-6.2202092582361442e-07,6.2202092582361442e-07,0.99999937797926763,-6.2202092582361442e-07,6.2202092582361442e-07,0
306,3116,0.99999904287571384,-9.5712474416155469e-07,9.5712474416155469e-07,0.99999904287571384,-9.5712474416155469e-07,9.5712474416155469e-07,0
307,1667,0.99999594001882497,-4.0599894167438743e-06,4.0599894167438743e-06,0.99999594001882497,-4.0599894167438743e-06,4.0599894167438743e-06,0
308,315,0.99999963184433682,-3.6815573096628487e-07,3.6815573096628487e-07,0.99999963184433682,-3.6815573096628487e-07,3.6815573096628487e-07,0
309,7926,0.99999783992875935,-2.1600735736270204e-06,2.1600735736270204e-06,0.99999783992875935,-2.1600735736270204e-06,2.1600735736270204e-06,0
310,382,0.99987218060818828,-0.00012782756140631459,0.00012782756140631459,0.99987218060818828,-0.00012782756140631459,0.00012782756140631459,0
311,24641,0.86486196932996628,-0.14518535781232886,0.14518535781232886,0.86486196932996628,-0.14518535781232886,0.14518535781232886,0
312,52757,0.99999546884208945,-4.5311681762552022e-06,4.5311681762552022e-06,0.99999546884208945,-4.5311681762552022e-06,4.5311681762552022e-06,0
313,8667,0.92883541335753217,-0.073823721248726881,0.073823721248726881,0.92883541335753217,-0.073823721248726881,0.073823721248726881,0
314,449,0.99999799583455606,-2.004167452267174e-06,2.004167452267174e-06,0.99999799583455606,-2.004167452267174e-06,2.004167452267174e-06,0
315,279,0.98673746625939518,-0.013351266562522333,0.013351266562522333,0.98673746625939518,-0.013351266562522333,0.013351266562522333,0
316,4435,0.99934369569437287,-0.00065651976757545561,0.00065651976757545561,0.99934369569437287,-0.00065651976757545561,0.00065651976757545561,0
317,62668,0.99999916637302799,-8.3362731942896898e-07,8.3362731942896898e-07,0.99999916637302799,-8.3362731942896898e-07,8.3362731942896898e-07,0
318,28331,0.9999982626582381,-1.7373432710798568e-06,1.7373432710798568e-06,0.9999982626582381,-1.7373432710798568e-06,1.7373432710798568e-06,0
319,320,0.99999830887840413,-1.6911230258555318e-06,1.6911230258555318e-06,0.99999830887840413,-1.6911230258555318e-06,1.6911230258555318e-06,0
320,19522,0.99993397148840513,-6.603069157298302e-05,6.603069157298302e-05,0.99993397148840513,-6.603069157298302e-05,6.603069157298302e-05,0
321,37,0.99999993360637496,-6.6393627279073297e-08,6.6393627279073297e-08,0.99999993360637496,-6.6393627279073297e-08,6.6393627279073297e-08,0
322,8,0.99989863838435911,-0.00010136675307665624,0.00010136675307665624,0.99989863838435911,-0.00010136675307665624,0.00010136675307665624,0
323,304,0.99997330770052595,-2.6692655719785549e-05,2.6692655719785549e-05,0.99997330770052595,-2.6692655719785549e-05,2.6692655719785549e-05,0
324,220,0.99999837347656062,-1.626524762138073e-06,1.626524762138073e-06,0.99999837347656062,-1.626524762138073e-06,1.626524762138073e-06,0
325,1049,0.99999903207054663,-9.6792992183888247e-07,9.6792992183888247e-07,0.99999903207054663,-9.6792992183888247e-07,9.6792992183888247e-07,0
326,15,0.99999534557207848,-4.654438753389393e-06,4.654438753389393e-06,0.99999534557207848,-4.654438753389393e-06,4.654438753389393e-06,0
327,323,0.99992300523543842,-7.6997728810610462e-05,7.6997728810610462e-05,0.99992300523543842,-7.6997728810610462e-05,7.6997728810610462e-05,0
328,574,0.99996820773322415,-3.1792772160665638e-05,3.1792772160665638e-05,0.99996820773322415,-3.1792772160665638e-05,3.1792772160665638e-05,0
329,3288,0.99884920538097066,-0.0011514572916057476,0.0011514572916057476,0.99884920538097066,-0.0011514572916057476,0.0011514572916057476,0
330,311,0.99999957230799885,-4.2769209265259506e-07,4.2769209265259506e-07,0.99999957230799885,-4.2769209265259506e-07,4.2769209265259506e-07,0
331,1202,0.99978465092043722,-0.00021537227050533414,0.00021537227050533414,0.99978465092043722,-0.00021537227050533414,0.00021537227050533414,0
332,48006,0.99992362746331065,-7.6375453219973879e-05,7.6375453219973879e-05,0.99992362746331065,-7.6375453219973879e-05,7.6375453219973879e-05,0
333,18455,0.99999632821393547,-3.6717928055945373e-06,3.6717928055945373e-06,0.99999632821393547,-3.6717928055945373e-06,3.6717928055945373e-06,0
334,11,0.99999793950985871,-2.0604922640750669e-06,2.0604922640750669e-06,0.99999793950985871,-2.0604922640750669e-06,2.0604922640750669e-06,0
335,14689,0.99999326485391105,-6.7351687701456417e-06,6.7351687701456417e-06,0.99999326485391105,-6.7351687701456417e-06,6.7351687701456417e-06,0
336,13345,0.99999949711633018,-5.0288379628004981e-07,5.0288379628004981e-07,0.99999949711633018,-5.0288379628004981e-07,5.0288379628004981e-07,0
337,62668,0.99999714516456506,-2.8548395100290601e-06,2.8548395100290601e-06,0.99999714516456506,-2.8548395100290601e-06,2.8548395100290601e-06,0
338,13,0.61045119872169129,-0.49355692520028205,0.49355692520028205,0.61045119872169129,-0.49355692520028205,0.49355692520028205,0
339,2684,0.92394930657699381,-0.079098071857394384,0.079098071857394384,0.92394930657699381,-0.079098071857394384,0.079098071857394384,0
340,11,0.99999980981405967,-1.9018595843763242e-07,1.9018595843763242e-07,0.99999980981405967,-1.9018595843763242e-07,1.9018595843763242e-07,0
341,568,0.94661279027398626,-0.054865149796935131,0.054865149796935131,0.94661279027398626,-0.054865149796935131,0.054865149796935131,0
342,14454,0.84779533822689612,-0.16511601874951765,0.16511601874951765,0.84779533822689612,-0.16511601874951765,0.16511601874951765,0
343,264,0.99999919906728008,-8.0093304066422897e-07,8.0093304066422897e-07,0.99999919906728008,-8.0093304066422897e-07,8.0093304066422897e-07,0
344,4877,0.99999372792010144,-6.2720995681025458e-06,6.2720995681025458e-06,0.99999372792010144,-6.2720995681025458e-06,6.2720995681025458e-06,0
345,2128,0.99998393233864014,-1.6067790446154647e-05,1.6067790446154647e-05,0.99998393233864014,-1.6067790446154647e-05,1.6067790446154647e-05,0
346,3967,0.98258938251221151,-0.017563964809519352,0.017563964809519352,0.98258938251221151,-0.017563964809519352,0.017563964809519352,0
347,439,0.99999987332625151,-1.2667375656573762e-07,1.2667375656573762e-07,0.99999987332625151,-1.2667375656573762e-07,1.2667375656573762e-07,0
348,330,0.99941924381977054,-0.0005809248844204116,0.0005809248844204116,0.99941924381977054,-0.0005809248844204116,0.0005809248844204116,0
349,791,0.99997822520469271,-2.1775032381606982e-05,2.1775032381606982e-05,0.99997822520469271,-2.1775032381606982e-05,2.1775032381606982e-05,0
350,19461,0.99997559994049279,-2.4400357193489667e-05,2.4400357193489667e-05,0.99997559994049279,-2.4400357193489667e-05,2.4400357193489667e-05,0
351,61205,0.99996319138663636,-3.6809290817219128e-05,3.6809290817219128e-05,0.99996319138663636,-3.6809290817219128e-05,3.6809290817219128e-05,0
352,287,0.99999997726454393,-2.273545637000273e-08,2.273545637000273e-08,0.99999997726454393,-2.273545637000273e-08,2.273545637000273e-08,0
353,36037,0.99999832282305079,-1.6771783557184408e-06,1.6771783557184408e-06,0.99999832282305079,-1.6771783557184408e-06,1.6771783557184408e-06,0
354,1,0.99999638063778595,-3.6193687639783026e-06,3.6193687639783026e-06,0.99999638063778595,-3.6193687639783026e-06,3.6193687639783026e-06,0
355,449,0.99999372697336308,-6.2730463123977703e-06,6.2730463123977703e-06,0.99999372697336308,-6.2730463123977703e-06,6.2730463123977703e-06,0
356,813,0.8451762028530142,-0.16821014927668124,0.16821014927668124,0.8451762028530142,-0.16821014927668124,0.16821014927668124,0
357,4846,0.99998805839221183,-1.1941679089741498e-05,1.1941679089741498e-05,0.99998805839221183,-1.1941679089741498e-05,1.1941679089741498e-05,0
358,7926,0.99999569002512001,-4.3099841679136598e-06,4.3099841679136598e-06,0.99999569002512001,-4.3099841679136598e-06,4.3099841679136598e-06,0
359,70414,0.99998927577737295,-1.0724280131971245e-05,1.0724280131971245e-05,0.99998927577737295,-1.0724280131971245e-05,1.0724280131971245e-05,0
360,11,0.99976716994944892,-0.00023285715967528398,0.00023285715967528398,0.99976716994944892,-0.00023285715967528398,0.00023285715967528398,0
361,37940,0.99999948885447776,-5.1114565284225671e-07,5.1114565284225671e-07,0.99999948885447776,-5.1114565284225671e-07,5.1114565284225671e-07,0
362,783,0.9999999731061272,-2.6893873210935233e-08,2.6893873210935233e-08,0.9999999731061272,-2.6893873210935233e-08,2.6893873210935233e-08,0
363,30411,0.99999990186566989,-9.8134334950291482e-08,9.8134334950291482e-08,0.99999990186566989,-9.8134334950291482e-08,9.8134334950291482e-08,0
364,13,0.99738131041569045,-0.0026221243495787934,0.0026221243495787934,0.99738131041569045,-0.0026221243495787934,0.0026221243495787934,0
365,11876,0.99874978670862613,-0.0012509954599972202,0.0012509954599972202,0.99874978670862613,-0.0012509954599972202,0.0012509954599972202,0
366,52757,0.99997336771184242,-2.6632642803220651e-05,2.6632642803220651e-05,0.99997336771184242,-2.6632642803220651e-05,2.6632642803220651e-05,0
367,323,0.99879838870145254,-0.0012023338122488859,0.0012023338122488859,0.99879838870145254,-0.0012023338122488859,0.0012023338122488859,0
368,30411,0.99999935723849875,-6.4276170778872862e-07,6.4276170778872862e-07,0.99999935723849875,-6.4276170778872862e-07,6.4276170778872862e-07,0
369,2834,0.99998249358699975,-1.7506566239262101e-05,1.7506566239262101e-05,0.99998249358699975,-1.7506566239262101e-05,1.7506566239262101e-05,0
370,279,0.99999935696288245,-6.4303732425215631e-07,6.4303732425215631e-07,0.99999935696288245,-6.4303732425215631e-07,6.4303732425215631e-07,0
371,75402,0.99999354482040059,-6.4552004342237862e-06,6.4552004342237862e-06,0.99999354482040059,-6.4552004342237862e-06,6.4552004342237862e-06,0
372,54,0.99999973549495147,-2.6450508349317232e-07,2.6450508349317232e-07,0.99999973549495147,-2.6450508349317232e-07,2.6450508349317232e-07,0
373,16642,0.99999840629900982,-1.5937022600898414e-06,1.5937022600898414e-06,0.99999840629900982,-1.5937022600898414e-06,1.5937022600898414e-06,0
374,12633,0.99999668587690116,-3.3141285905470959e-06,3.3141285905470959e-06,0.99999668587690116,-3.3141285905470959e-06,3.3141285905470959e-06,0
375,8068,0.99999598440711313,-4.015600949439556e-06,4.015600949439556e-06,0.99999598440711313,-4.015600949439556e-06,4.015600949439556e-06,0
376,19134,0.99999890466523245,-1.0953353673805219e-06,1.0953353673805219e-06,0.99999890466523245,-1.0953353673805219e-06,1.0953353673805219e-06,0
377,389,0.99946598420858046,-0.00053415842863488948,0.00053415842863488948,0.99946598420858046,-0.00053415842863488948,0.00053415842863488948,0
378,2380,0.99999447615688741,-5.5238583690898327e-06,5.5238583690898327e-06,0.99999447615688741,-5.5238583690898327e-06,5.5238583690898327e-06,0
379,8821,0.99999940635142548,-5.9364875069593343e-07,5.9364875069593343e-07,0.99999940635142548,-5.9364875069593343e-07,5.9364875069593343e-07,0
380,25975,0.99999756916762894,-2.4308353255160978e-06,2.4308353255160978e-06,0.99999756916762894,-2.4308353255160978e-06,2.4308353255160978e-06,0
381,382,0.80307078536625942,-0.21931241777941352,0.21931241777941352,0.80307078536625942,-0.21931241777941352,0.21931241777941352,0
382,24641,0.99845806891904143,-0.0015431210801095951,0.0015431210801095951,0.99845806891904143,-0.0015431210801095951,0.0015431210801095951,0
383,52757,0.99990743074649246,-9.2573538305354959e-05,9.2573538305354959e-05,0.99990743074649246,-9.2573538305354959e-05,9.2573538305354959e-05,0
384,58185,0.97363309603853987,-0.026720744420540954,0.026720744420540954,0.97363309603853987,-0.026720744420540954,0.026720744420540954,0
385,389,0.99999643624514289,-3.5637612072972477e-06,3.5637612072972477e-06,0.99999643624514289,-3.5637612072972477e-06,3.5637612072972477e-06,0
386,29144,0.99997289131884959,-2.7109048597307213e-05,2.7109048597307213e-05,0.99997289131884959,-2.7109048597307213e-05,2.7109048597307213e-05,0
387,37,0.99999967922729038,-3.2077276108669916e-07,3.2077276108669916e-07,0.99999967922729038,-3.2077276108669916e-07,3.2077276108669916e-07,0
388,12707,0.99996322949735517,-3.6771178696394478e-05,3.6771178696394478e-05,0.99996322949735517,-3.6771178696394478e-05,3.6771178696394478e-05,0
389,389,0.96111280308163161,-0.039663495962225549,0.039663495962225549,0.96111280308163161,-0.039663495962225549,0.039663495962225549,0
390,279,0.86773189126245476,-0.14187249306939725,0.14187249306939725,0.86773189126245476,-0.14187249306939725,0.14187249306939725,0
391,5587,0.99991017184243369,-8.9832192356901163e-05,8.9832192356901163e-05,0.99991017184243369,-8.9832192356901163e-05,8.9832192356901163e-05,0
392,220,0.9999997459771367,-2.5402289553981363e-07,2.5402289553981363e-07,0.9999997459771367,-2.5402289553981363e-07,2.5402289553981363e-07,0
393,972,0.9999970972715565,-2.9027326563821237e-06,2.9027326563821237e-06,0.9999970972715565,-2.9027326563821237e-06,2.9027326563821237e-06,0
394,11,0.99999830376122434,-1.69624021429913e-06,1.69624021429913e-06,0.99999830376122434,-1.69624021429913e-06,1.69624021429913e-06,0
395,220,0.99999978551767499,-2.1448234797353733e-07,2.1448234797353733e-07,0.99999978551767499,-2.1448234797353733e-07,2.1448234797353733e-07,0
396,1049,0.9999999101114535,-8.9888550559706045e-08,8.9888550559706045e-08,0.9999999101114535,-8.9888550559706045e-08,8.9888550559706045e-08,0
397,17,0.99999466498870448,-5.3350255266959013e-06,5.3350255266959013e-06,0.99999466498870448,-5.3350255266959013e-06,5.3350255266959013e-06,0
398,11,0.99788097452280289,-0.0021212737883976149,0.0021212737883976149,0.99788097452280289,-0.0021212737883976149,0.0021212737883976149,0
399,9417,0.99999619492961411,-3.8050776252106366e-06,3.8050776252106366e-06,0.99999619492961411,-3.8050776252106366e-06,3.8050776252106366e-06,0
400,315,0.99999981547379424,-1.8452622281869862e-07,1.8452622281869862e-07,0.99999981547379424,-1.8452622281869862e-07,1.8452622281869862e-07,0
401,23886,0.99992635681422437,-7.3645897568193547e-05,7.3645897568193547e-05,0.99992635681422437,-7.3645897568193547e-05,7.3645897568193547e-05,0
402,11,0.9998257109101476,-0.00017430427996077572,0.00017430427996077572,0.9998257109101476,-0.00017430427996077572,0.00017430427996077572,0
403,5108,0.99801640661452651,-0.0019855633122865006,0.0019855633122865006,0.99801640661452651,-0.0019855633122865006,0.0019855633122865006,0
404,1555,0.99999513847022981,-4.8615415874211449e-06,4.8615415874211449e-06,0.99999513847022981,-4.8615415874211449e-06,4.8615415874211449e-06,0
405,279,0.99999909635092854,-9.036494797375094e-07,9.036494797375094e-07,0.99999909635092854,-9.036494797375094e-07,9.036494797375094e-07,0
406,13734,0.99999428058977613,-5.7194265797518737e-06,5.7194265797518737e-06,0.99999428058977613,-5.7194265797518737e-06,5.7194265797518737e-06,0
407,323,0.99999984573067358,-1.5426933828374095e-07,1.5426933828374095e-07,0.99999984573067358,-1.5426933828374095e-07,1.5426933828374095e-07,0
408,23664,0.99991609739866061,-8.3906121359506746e-05,8.3906121359506746e-05,0.99991609739866061,-8.3906121359506746e-05,8.3906121359506746e-05,0
409,1708,0.99997677244068994,-2.322782907403249e-05,2.322782907403249e-05,0.99997677244068994,-2.322782907403249e-05,2.322782907403249e-05,0
410,19435,0.99998368177672403,-1.6318356419634893e-05,1.6318356419634893e-05,0.99998368177672403,-1.6318356419634893e-05,1.6318356419634893e-05,0
411,11,0.99999033145019001,-9.6685965507411475e-06,9.6685965507411475e-06,0.99999033145019001,-9.6685965507411475e-06,9.6685965507411475e-06,0
412,99675,0.99999733609038566,-2.6639131625568841e-06,2.6639131625568841e-06,0.99999733609038566,-2.6639131625568841e-06,2.6639131625568841e-06,0
413,11,0.99957877717162658,-0.00042131156762917381,0.00042131156762917381,0.99957877717162658,-0.00042131156762917381,0.00042131156762917381,0
414,323,0.99999991780842035,-8.2191583048022277e-08,8.2191583048022277e-08,0.99999991780842035,-8.2191583048022277e-08,8.2191583048022277e-08,0
415,61352,0.99999483428467884,-5.1657286635310531e-06,5.1657286635310531e-06,0.99999483428467884,-5.1657286635310531e-06,5.1657286635310531e-06,0
416,88002,0.99999930086066724,-6.9913957719351219e-07,6.9913957719351219e-07,0.99999930086066724,-6.9913957719351219e-07,6.9913957719351219e-07,0
417,2391,0.99996741494979868,-3.2585581105578567e-05,3.2585581105578567e-05,0.99996741494979868,-3.2585581105578567e-05,3.2585581105578567e-05,0
418,872,0.99997224253015538,-2.7757855090354445e-05,2.7757855090354445e-05,0.99997224253015538,-2.7757855090354445e-05,2.7757855090354445e-05,0
419,2489,0.99999527867242111,-4.7213387244144357e-06,4.7213387244144357e-06,0.99999527867242111,-4.7213387244144357e-06,4.7213387244144357e-06,0
420,13,0.99998738473271598,-1.2615346857227955e-05,1.2615346857227955e-05,0.99998738473271598,-1.2615346857227955e-05,1.2615346857227955e-05,0
421,1283,0.9997394970213811,-0.00026053691541374645,0.00026053691541374645,0.9997394970213811,-0.00026053691541374645,0.00026053691541374645,0
422,574,0.99994012264010135,-5.9879152619296338e-05,5.9879152619296338e-05,0.99994012264010135,-5.9879152619296338e-05,5.9879152619296338e-05,0
423,24895,0.99693658013529907,-0.0030681217403361522,0.0030681217403361522,0.99693658013529907,-0.0030681217403361522,0.0030681217403361522,0
424,555,0.99999916809072142,-8.3190962465191891e-07,8.3190962465191891e-07,0.99999916809072142,-8.3190962465191891e-07,8.3190962465191891e-07,0
425,7043,0.9999574651630766,-4.2535741555194852e-05,4.2535741555194852e-05,0.9999574651630766,-4.2535741555194852e-05,4.2535741555194852e-05,0
426,28653,0.99995496421623586,-4.5036797905512075e-05,4.5036797905512075e-05,0.99995496421623586,-4.5036797905512075e-05,4.5036797905512075e-05,0
427,1543,0.99999997754259951,-2.245740079772382e-08,2.245740079772382e-08,0.99999997754259951,-2.245740079772382e-08,2.245740079772382e-08,0
428,11,0.99999909052487612,-9.0947553742121882e-07,9.0947553742121882e-07,0.99999909052487612,-9.0947553742121882e-07,9.0947553742121882e-07,0
429,889,0.99999874679235723,-1.2532084280261845e-06,1.2532084280261845e-06,0.99999874679235723,-1.2532084280261845e-06,1.2532084280261845e-06,0
430,574,0.99940456931745592,-0.00059560802179193595,0.00059560802179193595,0.99940456931745592,-0.00059560802179193595,0.00059560802179193595,0
431,3970,0.99999146891907476,-8.5311173151642344e-06,8.5311173151642344e-06,0.99999146891907476,-8.5311173151642344e-06,8.5311173151642344e-06,0
432,7231,0.99999878767141936,-1.2123293154771162e-06,1.2123293154771162e-06,0.99999878767141936,-1.2123293154771162e-06,1.2123293154771162e-06,0
433,11470,0.99999151979343526,-8.4802425218588051e-06,8.4802425218588051e-06,0.99999151979343526,-8.4802425218588051e-06,8.4802425218588051e-06,0
434,311,0.99999991642528563,-8.3574717873297743e-08,8.3574717873297743e-08,0.99999991642528563,-8.3574717873297743e-08,8.3574717873297743e-08,0
435,11876,0.99995752111876823,-4.247978348495636e-05,4.247978348495636e-05,0.99995752111876823,-4.247978348495636e-05,4.247978348495636e-05,0
436,52757,0.99999822663921334,-1.7733623590707975e-06,1.7733623590707975e-06,0.99999822663921334,-1.7733623590707975e-06,1.7733623590707975e-06,0
437,13,0.72802523605955072,-0.31741956646930014,0.31741956646930014,0.72802523605955072,-0.31741956646930014,0.31741956646930014,0
438,3277,0.7379240818721905,-0.30391432976503813,0.30391432976503813,0.7379240818721905,-0.30391432976503813,0.30391432976503813,0
439,279,0.99999866351822819,-1.3364826649520325e-06,1.3364826649520325e-06,0.99999866351822819,-1.3364826649520325e-06,1.3364826649520325e-06,0
440,6883,0.99999510087291232,-4.8991390884533699e-06,4.8991390884533699e-06,0.99999510087291232,-4.8991390884533699e-06,4.8991390884533699e-06,0
441,9070,0.99998830644515868,-1.1693623211481308e-05,1.1693623211481308e-05,0.99998830644515868,-1.1693623211481308e-05,1.1693623211481308e-05,0
442,574,0.99999836298864064,-1.6370126993069939e-06,1.6370126993069939e-06,0.99999836298864064,-1.6370126993069939e-06,1.6370126993069939e-06,0
443,11784,0.99999825829856492,-1.7417029518841628e-06,1.7417029518841628e-06,0.99999825829856492,-1.7417029518841628e-06,1.7417029518841628e-06,0
444,304,0.99997831832435358,-2.1681910697386797e-05,2.1681910697386797e-05,0.99997831832435358,-2.1681910697386797e-05,2.1681910697386797e-05,0
445,279,0.99999530833266437,-4.6916783415290657e-06,4.6916783415290657e-06,0.99999530833266437,-4.6916783415290657e-06,4.6916783415290657e-06,0
446,29144,0.99997579711322304,-2.4203179671500099e-05,2.4203179671500099e-05,0.99997579711322304,-2.4203179671500099e-05,2.4203179671500099e-05,0
447,37,0.9999904422723257,-9.5577733496796982e-06,9.5577733496796982e-06,0.9999904422723257,-9.5577733496796982e-06,9.5577733496796982e-06,0
448,11,0.99999630871512635,-3.691291686483175e-06,3.691291686483175e-06,0.99999630871512635,-3.691291686483175e-06,3.691291686483175e-06,0
449,11876,0.99991689237810299,-8.3111075526718042e-05,8.3111075526718042e-05,0.99991689237810299,-8.3111075526718042e-05,8.3111075526718042e-05,0
450,52757,0.99996836258319544,-3.1637917278142307e-05,3.1637917278142307e-05,0.99996836258319544,-3.1637917278142307e-05,3.1637917278142307e-05,0
451,574,0.9999976432598483,-2.3567429288017939e-06,2.3567429288017939e-06,0.9999976432598483,-2.3567429288017939e-06,2.3567429288017939e-06,0
452,39056,0.99997344385813025,-2.6556494490343794e-05,2.6556494490343794e-05,0.99997344385813025,-2.6556494490343794e-05,2.6556494490343794e-05,0
453,311,0.9999992072697188,-7.9273059537133614e-07,7.9273059537133614e-07,0.9999992072697188,-7.9273059537133614e-07,7.9273059537133614e-07,0
454,279,0.99999817787200007,-1.8221296599713446e-06,1.8221296599713446e-06,0.99999817787200007,-1.8221296599713446e-06,1.8221296599713446e-06,0
455,23886,0.99995715394165063,-4.2846976267918404e-05,4.2846976267918404e-05,0.99995715394165063,-4.2846976267918404e-05,4.2846976267918404e-05,0
456,6883,0.99999833120675397,-1.6687946384795266e-06,1.6687946384795266e-06,0.99999833120675397,-1.6687946384795266e-06,1.6687946384795266e-06,0
457,13,0.68943666212808363,-0.37188044655113217,0.37188044655113217,0.68943666212808363,-0.37188044655113217,0.37188044655113217,0
458,25929,0.9189409466583558,-0.084533416951866766,0.084533416951866766,0.9189409466583558,-0.084533416951866766,0.084533416951866766,0
459,11,0.99999883303350301,-1.1669671778835403e-06,1.1669671778835403e-06,0.99999883303350301,-1.1669671778835403e-06,1.1669671778835403e-06,0
460,28653,0.99967352270017895,-0.00032653060513699813,0.00032653060513699813,0.99967352270017895,-0.00032653060513699813,0.00032653060513699813,0
461,1543,0.99999992008370531,-7.991629793893604e-08,7.991629793893604e-08,0.99999992008370531,-7.991629793893604e-08,7.991629793893604e-08,0
462,574,0.99997297073980884,-2.7029625488230853e-05,2.7029625488230853e-05,0.99997315943739251,-2.6840922821852703e-05,2.6840922821852703e-05,1.887026663781491e-07
463,11007,0.99996060669194919,-3.9394083987525474e-05,3.9394083987525474e-05,0.99996068749522105,-3.9313277535744401e-05,3.9313277535744401e-05,8.0806451781072729e-08
464,311,0.99999461676234469,-5.3832521449564186e-06,5.3832521449564186e-06,0.99999461495850528,-5.3850559940842676e-06,5.3850559940842676e-06,-1.803849127849051e-09
465,387,0.99999882994893252,-1.170051751983555e-06,1.170051751983555e-06,0.99999890416222237,-1.0958383780176874e-06,1.0958383780176874e-06,7.4213373965867627e-08
466,11876,0.99994456730421977,-5.5434232228903586e-05,5.5434232228903586e-05,0.99994486683146355,-5.5134688425409009e-05,5.5134688425409009e-05,2.9954380349457663e-07
467,52757,0.99994509094242212,-5.4910565135316136e-05,5.4910565135316136e-05,0.99994413286609674,-5.5868694529673479e-05,5.5868694529673479e-05,-9.581293943573436e-07
468,596,0.99997281890452971,-2.7181464882917456e-05,2.7181464882917456e-05,0.99997355365441598,-2.6446695294828142e-05,2.6446695294828142e-05,7.3476958808931406e-07
469,8479,0.99973830312393996,-0.00026173112466281161,0.00026173112466281161,0.99974194558809315,-0.00025808771367584043,0.00025808771367584043,3.6434109869711863e-06
470,323,0.99999500035246702,-4.9996600312165483e-06,4.9996600312165483e-06,0.99999500034865441,-4.999663843925397e-06,4.999663843925397e-06,-3.8127088486912346e-12
471,6688,0.99996648771022567,-3.3512851323613513e-05,3.3512851323613513e-05,0.99996625562795494,-3.3744941399241622e-05,3.3744941399241622e-05,-2.320900756281092e-07
472,11876,0.99948297033395084,-0.00051716337197550656,0.00051716337197550656,0.99947944887438167,-0.00052068665939243998,0.00052068665939243998,-3.52328741693342e-06
473,52757,0.99996590014661524,-3.4100434797928139e-05,3.4100434797928139e-05,0.99997128025326432,-2.872015915548801e-05,2.872015915548801e-05,5.3802756424401297e-06
474,279,0.9999980109839508,-1.9890180272686032e-06,1.9890180272686032e-06,0.99999813450456854,-1.8654971715275778e-06,1.8654971715275778e-06,1.2352085574102541e-07
475,30499,0.99998754105362908,-1.2459023984232871e-05,1.2459023984232871e-05,0.99998759670221948,-1.2403374702062145e-05,1.2403374702062145e-05,5.5649282170726043e-08
476,330,0.99995348201884959,-4.6519063145193508e-05,4.6519063145193508e-05,0.99995336636623877,-4.6634721142947754e-05,4.6634721142947754e-05,-1.15657997754246e-07
477,791,0.99999906324297538,-9.3675746337946593e-07,9.3675746337946593e-07,0.99999908130561854,-9.1869480344898409e-07,9.1869480344898409e-07,1.8062659930481841e-08
478,9479,0.99997839305726721,-2.1607176166173969e-05,2.1607176166173969e-05,0.99997877088518161,-2.1229340159285904e-05,2.1229340159285904e-05,3.7783600688806531e-07
479,6295,0.99998899315160539,-1.100690897045598e-05,1.100690897045598e-05,0.99998919478822368,-1.0805270153008349e-05,1.0805270153008349e-05,2.0163881744763023e-07
480,38300,0.99993601987997438,-6.3982166840826079e-05,6.3982166840826079e-05,0.99993624428866035,-6.3757743821359127e-05,6.3757743821359127e-05,2.2442301946695199e-07
481,2266,0.94834961486742375,-0.053032052659945532,0.053032052659945532,0.94882767383471267,-0.052528083968928524,0.052528083968928524,0.00050396869101700797
482,24641,0.9995486163875601,-0.00045148551668908264,0.00045148551668908264,0.9997038881395246,-0.00029615571024887478,0.00029615571024887478,0.00015532980644020786
483,52757,0.99998934652265981,-1.0653534088865429e-05,1.0653534088865429e-05,0.9999914746416747,-8.5253946663195657e-06,8.5253946663195657e-06,2.1281394225458628e-06
484,596,0.98960363332050183,-0.010450786406453971,0.010450786406453971,0.9922463124273484,-0.0077839037004224388,0.0077839037004224388,0.0026668827060315325
485,1176,0.98511548843775831,-0.014996397538025182,0.014996397538025182,0.98632109869412354,-0.013773319489737021,0.013773319489737021,0.0012230780482881606
486,57810,0.99993353678274155,-6.6465426035993452e-05,6.6465426035993452e-05,0.9999490690480527,-5.0932248972229531e-05,5.0932248972229531e-05,1.5533177063763921e-05
487,574,0.99999934550565417,-6.544945599733011e-07,6.544945599733011e-07,0.99999960926115128,-3.9073892503840816e-07,3.9073892503840816e-07,2.6375563493489294e-07
488,449,0.99999869368320882,-1.3063176443626164e-06,1.3063176443626164e-06,0.99999926334979072,-7.3665048062647289e-07,7.3665048062647289e-07,5.6966716373614355e-07
489,279,0.99798375802772854,-0.0020182773244185759,0.0020182773244185759,0.99849857476145876,-0.0015025535068965356,0.0015025535068965356,0.00051572381752204035
490,58374,0.99999692692352915,-3.0730811927100027e-06,3.0730811927100027e-06,0.99999772234009365,-2.2776625002106882e-06,2.2776625002106882e-06,7.9541869249931457e-07
491,16576,0.99998881239751336,-1.1187665068360786e-05,1.1187665068360786e-05,0.99999584931040364,-4.1506982105306958e-06,4.1506982105306958e-06,7.0369668578300898e-06
492,89,0.99999802676700245,-1.9732349443879582e-06,1.9732349443879582e-06,0.99999939217463996,-6.0782554480012854e-07,6.0782554480012854e-07,1.3654093995878296e-06
493,13,0.99953067652666017,-0.00046943364007168625,0.00046943364007168625,0.99977964962123833,-0.00022037465947324846,0.00022037465947324846,0.00024905898059843776
494,11876,0.99888335139444417,-0.0011172725221168982,0.0011172725221168982,0.99942690839838799,-0.00057325588137177087,0.00057325588137177087,0.00054401664074512734
495,52757,0.99999171829671707,-8.2817375763834219e-06,8.2817375763834219e-06,0.99999300785618006,-6.9921682651211479e-06,6.9921682651211479e-06,1.2895693112622741e-06
496,323,0.99518744136352744,-0.004824176285519107,0.004824176285519107,0.99805500980437001,-0.0019468841452679273,0.0019468841452679273,0.0028772921402511796
497,12149,0.99996587791096114,-3.4122671210612152e-05,3.4122671210612152e-05,0.99997639242542358,-2.3607853239599955e-05,2.3607853239599955e-05,1.0514817971012197e-05
498,58374,0.99999804433850292,-1.9556634093736312e-06,1.9556634093736312e-06,0.99999315798214827,-6.84204125846236e-06,6.84204125846236e-06,-4.8863778490887283e-06
499,53363,0.99977110385378076,-0.0002289223469404046,0.0002289223469404046,0.99985355040661306,-0.00014646031817574544,0.00014646031817574544,8.2462028764659163e-05
500,1022,0.99999986856825229,-1.314317563897922e-07,1.314317563897922e-07,0.99999977457400147,-2.2542602397435613e-07,2.2542602397435613e-07,-9.3994267584563937e-08
501,520,0.99999753280919246,-2.4671938510369545e-06,2.4671938510369545e-06,0.99999883225555264,-1.1677451291225398e-06,1.1677451291225398e-06,1.2994487219144147e-06
502,6984,0.99998830314785525,-1.1696920553508566e-05,1.1696920553508566e-05,0.99997193085941494,-2.8069534530738887e-05,2.8069534530738887e-05,-1.6372613977230323e-05
503,25713,0.99999274558982931,-7.2544364841021413e-06,7.2544364841021413e-06,0.99999312114654748,-6.8788771119159628e-06,6.8788771119159628e-06,3.7555937218617854e-07
504,304,0.99893509111595935,-0.0010654763023746439,0.0010654763023746439,0.99974907447733374,-0.00025095700974265661,0.00025095700974265661,0.00081451929263198731
505,11876,0.99998675559719574,-1.3244490512176237e-05,1.3244490512176237e-05,0.99994731940470916,-5.2681982962171381e-05,5.2681982962171381e-05,-3.9437492449995145e-05
506,52757,0.99999807835258692,-1.9216492594271083e-06,1.9216492594271083e-06,0.99999865831546475,-1.3416854353051599e-06,1.3416854353051599e-06,5.7996382412194841e-07
507,596,0.9999978245834753,-2.1754188909080452e-06,2.1754188909080452e-06,0.99999773996110408,-2.2600414498256609e-06,2.2600414498256609e-06,-8.4622558917615661e-08
508,1176,0.9999983524156193,-1.6475857379291716e-06,1.6475857379291716e-06,0.99999480936353891,-5.1906499325399922e-06,5.1906499325399922e-06,-3.5430641946108204e-06
509,4033,0.99999333308869431,-6.6669335296361874e-06,6.6669335296361874e-06,0.99999134835823444,-8.6516791912408133e-06,8.6516791912408133e-06,-1.9847456616046258e-06
510,76710,0.99996525280671034,-3.4747796987368114e-05,3.4747796987368114e-05,0.9999757698278029,-2.4230465752464919e-05,2.4230465752464919e-05,1.0517331234903195e-05
511,2489,0.99999729022033701,-2.7097833344283503e-06,2.7097833344283503e-06,0.99999057076872699,-9.4292757284576059e-06,9.4292757284576059e-06,-6.7194923940292556e-06
512,13,0.99959731190906553,-0.00040276919155670001,0.00040276919155670001,0.99979692605263426,-0.00020309456967174713,0.00020309456967174713,0.00019967462188495288
513,1283,0.99876033070809611,-0.0012404383175044983,0.0012404383175044983,0.99955791484797374,-0.00044218290047685747,0.00044218290047685747,0.00079825541702764082
514,2834,0.99999515378031123,-4.8462314317623852e-06,4.8462314317623852e-06,0.99999769869763466,-2.3013050133187798e-06,2.3013050133187798e-06,2.5449264184436054e-06
515,279,0.99999937482978951,-6.25170405868136e-07,6.25170405868136e-07,0.99999900315572288,-9.9684477392323333e-07,9.9684477392323333e-07,-3.7167436805509733e-07
516,2489,0.99999665823787953,-3.3417677041563073e-06,3.3417677041563073e-06,0.99998877171515743,-1.122834788025067e-05,1.122834788025067e-05,-7.8865801760943621e-06
517,555,0.99999867491488603,-1.325085991858777e-06,1.325085991858777e-06,0.99999933961831067,-6.6038190737589191e-07,6.6038190737589191e-07,6.6470408448288507e-07
518,77173,0.9999679839658463,-3.2016546677862721e-05,3.2016546677862721e-05,0.99997466324220019,-2.5337078780908492e-05,2.5337078780908492e-05,6.679467896954229e-06
519,1306,0.99999831644253168,-1.6835588855371524e-06,1.6835588855371524e-06,0.99999907766993168,-9.2233049362630158e-07,9.2233049362630158e-07,7.6122839191085083e-07
520,58374,0.99999801602454652,-1.983977421579153e-06,1.983977421579153e-06,0.99999583351619759,-4.1664924822420891e-06,4.1664924822420891e-06,-2.1825150606629361e-06
521,574,0.99999597218575953,-4.0278223521390349e-06,4.0278223521390349e-06,0.99999218638375764,-7.8136467687921836e-06,7.8136467687921836e-06,-3.7858244166531487e-06
522,12153,0.99999626634270078,-3.7336642693810672e-06,3.7336642693810672e-06,0.99999466423236871,-5.3357818665369307e-06,5.3357818665369307e-06,-1.6021175971558635e-06
523,311,0.99999939318769548,-6.0681248866577789e-07,6.0681248866577789e-07,0.9999995033330582,-4.9666706514851336e-07,4.9666706514851336e-07,1.1014542351726453e-07
524,6013,0.99997709993603112,-2.2900326179354872e-05,2.2900326179354872e-05,0.9999718157943428,-2.8184602839340573e-05,2.8184602839340573e-05,-5.2842766599857012e-06
525,311,0.99999942003176723,-5.7996840098815858e-07,5.7996840098815858e-07,0.99999946237848036,-5.3762166410871167e-07,5.3762166410871167e-07,4.234673687944691e-08
526,55302,0.99997732158629926,-2.2678670859878942e-05,2.2678670859878942e-05,0.99998751641508887,-1.2483662831667937e-05,1.2483662831667937e-05,1.0195008028211005e-05
527,77449,0.99994477239561963,-5.5229129480634835e-05,5.5229129480634835e-05,0.99998154937056316,-1.8450799651804308e-05,1.8450799651804308e-05,3.6778329828830527e-05
528,5843,0.99999799802926481,-2.0019727391445097e-06,2.0019727391445097e-06,0.99999498183268209,-5.0181799088978372e-06,5.0181799088978372e-06,-3.0162071697533275e-06
529,13,0.77366349996223982,-0.25661825449632802,0.25661825449632802,0.81062904613151521,-0.20994473255116053,0.20994473255116053,0.046673521945167495
530,578,0.99643861533784406,-0.0035677414897384752,0.0035677414897384752,0.99819467703718523,-0.0018069545222716642,0.0018069545222716642,0.001760786967466811
531,1828,0.99999700623445698,-2.9937700242990333e-06,2.9937700242990333e-06,0.99999912433252336,-8.7566786007463739e-07,8.7566786007463739e-07,2.1181021642243959e-06
532,3814,0.99999850282501312,-1.4971761076468724e-06,1.4971761076468724e-06,0.99999820760798841,-1.7923936179042816e-06,1.7923936179042816e-06,-2.9521751025740922e-07
533,389,0.99999975472844249,-2.4527158760354031e-07,2.4527158760354031e-07,0.99999980553103052,-1.9446898843278482e-07,1.9446898843278482e-07,5.0802599170755499e-08
534,23886,0.99998770990487662,-1.2290170647207849e-05,1.2290170647207849e-05,0.99997130780055654,-2.8692611072456425e-05,2.8692611072456425e-05,-1.6402440425248575e-05
535,11,0.99999822744760869,-1.7725539622668127e-06,1.7725539622668127e-06,0.99999725433597964,-2.7456677896520394e-06,2.7456677896520394e-06,-9.7311382738522669e-07
536,11876,0.99996214318287113,-3.7857533716292556e-05,3.7857533716292556e-05,0.99991272139574205,-8.7282413257009988e-05,8.7282413257009988e-05,-4.9424879540717432e-05
537,52757,0.99996468404780847,-3.5316575814439958e-05,3.5316575814439958e-05,0.99996960183554207,-3.039862649148821e-05,3.039862649148821e-05,4.9179493229517482e-06
538,17011,0.99997845337302438,-2.1546859107565781e-05,2.1546859107565781e-05,0.99997872880956584,-2.127141666914017e-05,2.127141666914017e-05,2.7544243842561112e-07
539,1022,0.9999894387449425,-1.0561310827987353e-05,1.0561310827987353e-05,0.99999483353922702,-5.1664741191518733e-06,5.1664741191518733e-06,5.3948367088354796e-06
540,2403,0.99999834167785728,-1.6583235177201109e-06,1.6583235177201109e-06,0.99999661992848077,-3.3800772317368498e-06,3.3800772317368498e-06,-1.7217537140167388e-06
541,12149,0.99997624613867786,-2.3754143449546475e-05,2.3754143449546475e-05,0.99998234310493861,-1.7657050946246849e-05,1.7657050946246849e-05,6.0970925032996261e-06
542,58374,0.99996603000407314,-3.3970572920202187e-05,3.3970572920202187e-05,0.99997300900298225,-2.6991361281248177e-05,2.6991361281248177e-05,6.9792116389540108e-06
543,596,0.99997129913013516,-2.870128174272494e-05,2.870128174272494e-05,0.99997615498162262,-2.3845302674389566e-05,2.3845302674389566e-05,4.8559790683353739e-06
544,10868,0.99999087639469963,-9.1236469207416842e-06,9.1236469207416842e-06,0.99998778919058473,-1.2210883967850204e-05,1.2210883967850204e-05,-3.0872370471085194e-06
545,11,0.99999509410867082,-4.9059033630718601e-06,4.9059033630718601e-06,0.99999580157891987,-4.1984298934958228e-06,4.1984298934958228e-06,7.0747346957603725e-07
546,13678,0.9999944927942277,-5.5072209370514043e-06,5.5072209370514043e-06,0.9999937406294459,-6.259390144065089e-06,6.259390144065089e-06,-7.5216920701368464e-07
547,58374,0.99999813361788537,-1.8663838563750748e-06,1.8663838563750748e-06,0.99999852478262574,-1.475218462382146e-06,1.475218462382146e-06,3.9116539399292875e-07
548,11,0.999995875674623,-4.1243338820917332e-06,4.1243338820917332e-06,0.99999442162548413,-5.5783900750631551e-06,5.5783900750631551e-06,-1.4540561929714219e-06
549,323,0.99999693449183824,-3.0655128604416313e-06,3.0655128604416313e-06,0.9999978217961748,-2.1782061974435421e-06,2.1782061974435421e-06,8.8730666299808919e-07
550,24164,0.99997414506106186,-2.5855273182833023e-05,2.5855273182833023e-05,0.99997119310910798,-2.8807305818447233e-05,2.8807305818447233e-05,-2.9520326356142105e-06
551,1461,0.99999248820029507,-7.5118279186083201e-06,7.5118279186083201e-06,0.99999159540192262,-8.404633396181517e-06,8.404633396181517e-06,-8.9280547757319695e-07
552,304,0.99999593026694567,-4.0697413356775559e-06,4.0697413356775559e-06,0.99999818775890614,-1.8122427360059178e-06,1.8122427360059178e-06,2.2574985996716383e-06
553,279,0.99999729702618645,-2.7029774665486652e-06,2.7029774665486652e-06,0.99999787593899103,-2.124063264757224e-06,2.124063264757224e-06,5.7891420179144115e-07
554,1890,0.99999319022284405,-6.8098003425538361e-06,6.8098003425538361e-06,0.99998580100763745,-1.4199093169226578e-05,1.4199093169226578e-05,-7.3892928266727421e-06
555,11401,0.99996897674147533,-3.1023739755909271e-05,3.1023739755909271e-05,0.99997412066054747,-2.5879674328450257e-05,2.5879674328450257e-05,5.1440654274590136e-06
556,382,0.99932357056219279,-0.00067665831942004501,0.00067665831942004501,0.99956267386121578,-0.00043742179374934269,0.00043742179374934269,0.00023923652567070232
557,644,0.56709969879667232,-0.56722015509142232,0.56722015509142232,0.67165036272929779,-0.39801736741624028,0.39801736741624028,0.16920278767518204
558,5651,0.99679894675759617,-0.0032061875731059131,0.0032061875731059131,0.99890363905601876,-0.0010969623872805047,0.0010969623872805047,0.0021092251858254082
559,220,0.99999870129576118,-1.2987050821498477e-06,1.2987050821498477e-06,0.99999924157662667,-7.5842366092924096e-07,7.5842366092924096e-07,5.4028142122060675e-07
560,1049,0.99999898881270521,-1.0111878060508416e-06,1.0111878060508416e-06,0.99999962273095355,-3.7726911761222617e-07,3.7726911761222617e-07,6.3391868843861548e-07
561,17,0.99999662418638213,-3.3758193158892713e-06,3.3758193158892713e-06,0.99999837531202851,-1.6246892913488587e-06,1.6246892913488587e-06,1.7511300245404127e-06
562,11,0.99999918336046478,-8.1663986867769882e-07,8.1663986867769882e-07,0.99999925881648588,-7.4118378878069507e-07,7.4118378878069507e-07,7.5456079897003742e-08
563,11876,0.99998709234653016,-1.290773677426249e-05,1.290773677426249e-05,0.99996689880383327,-3.3101744023465857e-05,3.3101744023465857e-05,-2.0194007249203367e-05
564,52757,0.99999751730327879,-2.4826998031521044e-06,2.4826998031521044e-06,0.99999811411922013,-1.8858825581945582e-06,1.8858825581945582e-06,5.9681724495754621e-07
565,2834,0.99999167763286723,-8.3224017638656616e-06,8.3224017638656616e-06,0.99999329518591196,-6.7048365653939687e-06,6.7048365653939687e-06,1.6175651984716929e-06
566,279,0.99999946811490981,-5.3188523162749179e-07,5.3188523162749179e-07,0.99999882604048551,-1.1739602036281559e-06,1.1739602036281559e-06,-6.4207497200066409e-07
567,6342,0.9999990626096974,-9.3739074199288863e-07,9.3739074199288863e-07,0.99999728193640713,-2.7180672867857209e-06,2.7180672867857209e-06,-1.7806765447928324e-06
568,315,0.999999914698805,-8.5301198685714604e-08,8.5301198685714604e-08,0.99999984100884931,-1.5899116336339188e-07,1.5899116336339188e-07,-7.3689964677677281e-08
569,279,0.99999980871107375,-1.9128894459615769e-07,1.9128894459615769e-07,0.99999936484538954,-6.3515481220633866e-07,6.3515481220633866e-07,-4.4386586761018099e-07
570,22249,0.99999406787031686,-5.9321472783250727e-06,5.9321472783250727e-06,0.99998782760697835,-1.2172467105791e-05,1.2172467105791e-05,-6.2403198274659276e-06
571,16520,0.99999440051467336,-5.5995010037635552e-06,5.5995010037635552e-06,0.99999505218837059,-4.9478238698798093e-06,4.9478238698798093e-06,6.516771338837459e-07
572,11,0.99997956113511643,-2.0439073759992894e-05,2.0439073759992894e-05,0.99999203370812961,-7.9663236014934761e-06,7.9663236014934761e-06,1.2472750158499417e-05
573,54216,0.99989192809643879,-0.00010807774375011639,0.00010807774375011639,0.99987777732036676,-0.00012223014943356478,0.00012223014943356478,-1.4152405683448392e-05
574,426,0.99995255102172498,-4.745010401345158e-05,4.745010401345158e-05,0.99996866670918549,-3.133378171229918e-05,3.133378171229918e-05,1.61163223011524e-05
575,392,0.99999920017973332,-7.9982058653761793e-07,7.9982058653761793e-07,0.99999926532787264,-7.3467239727460921e-07,7.3467239727460921e-07,6.5148189263008726e-08
576,4749,0.99999990619582502,-9.3804179354319452e-08,9.3804179354319452e-08,0.99999986746347802,-1.3253653073808901e-07,1.3253653073808901e-07,-3.8732351383769554e-08
577,13558,0.99999737532721911,-2.6246762253613884e-06,2.6246762253613884e-06,0.99999588869168998,-4.1113167614666585e-06,4.1113167614666585e-06,-1.4866405361052701e-06
578,88002,0.99999919690773786,-8.0309258458565931e-07,8.0309258458565931e-07,0.99999765079540059,-2.3492073588234394e-06,2.3492073588234394e-06,-1.5461147742377801e-06
579,304,0.99984543594048092,-0.00015457600577436104,0.00015457600577436104,0.999942839327565,-5.7162306168490679e-05,5.7162306168490679e-05,9.7413699605870357e-05
580,279,0.99999959699322727,-4.0300685394955133e-07,4.0300685394955133e-07,0.99999948434073038,-5.1565940256368952e-07,5.1565940256368952e-07,-1.1265254861413819e-07
581,1176,0.99999000483104428,-9.995218907774303e-06,9.995218907774303e-06,0.99999347307163733,-6.5269496631227304e-06,6.5269496631227304e-06,3.4682692446515726e-06
582,4883,0.99999764144127379,-2.358561507576131e-06,2.358561507576131e-06,0.99999771079557798,-2.2892070422617967e-06,2.2892070422617967e-06,6.935446531433437e-08
583,11,0.99998678010510256,-1.3219982281069724e-05,1.3219982281069724e-05,0.99999291300162885,-7.0870234840772733e-06,7.0870234840772733e-06,6.1329587969924512e-06
584,66095,0.99999766690124592,-2.3331014757106002e-06,2.3331014757106002e-06,0.99999884782378923,-1.1521768745101003e-06,1.1521768745101003e-06,1.1809246012004999e-06
585,350,0.9999995413865177,-4.5861358741448667e-07,4.5861358741448667e-07,0.99999886994450415,-1.1300561343108432e-06,1.1300561343108432e-06,-6.7144254689635653e-07
586,304,0.99998073153710965,-1.9268648529537353e-05,1.9268648529537353e-05,0.99999055861804209,-9.4414265280847596e-06,9.4414265280847596e-06,9.8272220014525936e-06
587,279,0.99999911371471428,-8.8628567844873627e-07,8.8628567844873627e-07,0.99999875714728603,-1.2428534862779816e-06,1.2428534862779816e-06,-3.5656780782924537e-07
588,8502,0.99999278263871882,-7.2173873264379945e-06,7.2173873264379945e-06,0.9999940412858741,-5.958731879106231e-06,5.958731879106231e-06,1.2586554473317635e-06
589,99008,0.84828777004461708,-0.16453534928921132,0.16453534928921132,0.88188447032554196,-0.12569421758022706,0.12569421758022706,0.038841131708984261
590,11,0.99999315746188955,-6.8425615207329729e-06,6.8425615207329729e-06,0.99999469666260743,-5.3033514552791224e-06,5.3033514552791224e-06,1.5392100654538504e-06
591,3475,0.99992456718255296,-7.5435662645046268e-05,7.5435662645046268e-05,0.99992076406943198,-7.9239069900233461e-05,7.9239069900233461e-05,-3.8034072551871922e-06
592,304,0.99999036615032511,-9.6338960807493416e-06,9.6338960807493416e-06,0.99998992208787929,-1.0077962903182502e-05,1.0077962903182502e-05,-4.4406682243316062e-07
593,279,0.99999518022811684,-4.8197834982891627e-06,4.8197834982891627e-06,0.99999656077504118,-3.4392308729781424e-06,3.4392308729781424e-06,1.3805526253110203e-06
594,18768,0.99869200847993611,-0.0013088476876268703,0.0013088476876268703,0.99926353291320114,-0.00073673841190669302,0.00073673841190669302,0.00057210927572017727
595,99008,0.99995020098957343,-4.9800250438439969e-05,4.9800250438439969e-05,0.999967305156921,-3.2695377566989105e-05,3.2695377566989105e-05,1.7104872871450864e-05
596,11,0.99998271803899241,-1.7282110342367623e-05,1.7282110342367623e-05,0.99998558518587755,-1.4414918016920736e-05,1.4414918016920736e-05,2.8671923254468872e-06
597,323,0.99999837852130402,-1.6214800106096947e-06,1.6214800106096947e-06,0.99999873340108381,-1.2665997183286925e-06,1.2665997183286925e-06,3.5488029228100219e-07
598,4997,0.99998828272615248,-1.1717342495260121e-05,1.1717342495260121e-05,0.99996852594220564,-3.1474553112865585e-05,3.1474553112865585e-05,-1.9757210617605463e-05
599,13000,0.99999007789491012,-9.9221543142785956e-06,9.9221543142785956e-06,0.99998088184897593,-1.9118333778291673e-05,1.9118333778291673e-05,-9.1961794640130775e-06
600,16758,0.99996764759058143,-3.2352932769066825e-05,3.2352932769066825e-05,0.9999569042828117,-4.309664583537242e-05,4.309664583537242e-05,-1.0743713066305596e-05
601,304,0.99999051520934856,-9.4848356323904008e-06,9.4848356323904008e-06,0.99999303948465734,-6.9605395671795911e-06,6.9605395671795911e-06,2.5242960652108097e-06
602,279,0.99999827738382852,-1.7226176551819588e-06,1.7226176551819588e-06,0.99999793894558353,-2.0610565404258233e-06,2.0610565404258233e-06,-3.3843888524386453e-07
603,41402,0.99983374971684169,-0.00016626410426846407,0.00016626410426846407,0.99992378963896622,-7.6213265190924813e-05,7.6213265190924813e-05,9.0050839077539255e-05
604,11,0.99449639222936337,-0.0055188084178041056,0.0055188084178041056,0.99769685686213794,-0.0023057994513827158,0.0023057994513827158,0.0032130089664213898
605,28744,0.99999609216709995,-3.9078405356618752e-06,3.9078405356618752e-06,0.99999597153899522,-4.0284691190605831e-06,4.0284691190605831e-06,-1.2062858339870792e-07
606,1461,0.99999235888680249,-7.6411423909796735e-06,7.6411423909796735e-06,0.99999473644026771,-5.2635735848373876e-06,5.2635735848373876e-06,2.3775688061422859e-06
607,264,0.99999913402761076,-8.6597276424237365e-07,8.6597276424237365e-07,0.99999906189608645,-9.3810435360407931e-07,9.3810435360407931e-07,-7.2131589361705665e-08
608,6689,0.99999751486257171,-2.4851405162718778e-06,2.4851405162718778e-06,0.99999768908948361,-2.3109131865117108e-06,2.3109131865117108e-06,1.7422732976016706e-07
609,520,0.99999987197295948,-1.2802704876045202e-07,1.2802704876045202e-07,0.99999990096151614,-9.9038488724044862e-08,9.9038488724044862e-08,2.8988560036407158e-08
610,279,0.99999837757386933,-1.6224274467568584e-06,1.6224274467568584e-06,0.99999853827863194,-1.4617224363642286e-06,1.4617224363642286e-06,1.6070501039262981e-07
611,34538,0.99970715439463098,-0.00029288849301647833,0.00029288849301647833,0.99987108139149417,-0.000128926919223944,0.000128926919223944,0.00016396157379253433
612,17314,0.99997717342687098,-2.2826833659173013e-05,2.2826833659173013e-05,0.99994646361661543,-5.3537816507847268e-05,5.3537816507847268e-05,-3.0710982848674255e-05
613,285,0.99999786830677539,-2.1316954966835378e-06,2.1316954966835378e-06,0.99999917675276262,-8.2324757630314209e-07,8.2324757630314209e-07,1.3084479203803957e-06
614,19849,0.99998834300571837,-1.1657062224893531e-05,1.1657062224893531e-05,0.99998948721882408,-1.0512836435565697e-05,1.0512836435565697e-05,1.1442257893278333e-06
615,19134,0.99999325953546292,-6.740487254157243e-06,6.740487254157243e-06,0.99999452285242962,-5.4771625700303714e-06,5.4771625700303714e-06,1.2633246841268716e-06
616,520,0.9999971408598628,-2.8591442245277525e-06,2.8591442245277525e-06,0.99999825975276235,-1.7402487518797257e-06,1.7402487518797257e-06,1.1188954726480269e-06
617,19367,0.99996554262975024,-3.4457963918633679e-05,3.4457963918633679e-05,0.99993859216181347,-6.1409723725018047e-05,6.1409723725018047e-05,-2.6951759806384368e-05
618,7594,0.99997314614655164,-2.6854214019535252e-05,2.6854214019535252e-05,0.99997843553744736,-2.1564695069049387e-05,2.1564695069049387e-05,5.2895189504858651e-06
619,309,0.99999995427371913,-4.5726281936825992e-08,4.5726281936825992e-08,0.99999996020520721,-3.9794793556867025e-08,3.9794793556867025e-08,5.9314883799589677e-09
620,13,0.99106978849598037,-0.008970324835032387,0.008970324835032387,0.99597569653873719,-0.0040324227607745509,0.0040324227607745509,0.0049379020742578361
621,1952,0.99842105101730705,-0.0015801968363423897,0.0015801968363423897,0.99846570065797413,-0.0015354775846001256,0.0015354775846001256,4.4719251742264109e-05
622,5887,0.99996998529704595,-3.00151534042853e-05,3.00151534042853e-05,0.9999420244364482,-5.7977244199757167e-05,5.7977244199757167e-05,-2.7962090795471867e-05
623,220,0.99999945411424784,-5.4588590114487369e-07,5.4588590114487369e-07,0.99999949507535524,-5.0492477219460042e-07,5.0492477219460042e-07,4.0961128950273273e-08
624,1313,0.99999777849283877,-2.2215096287244012e-06,2.2215096287244012e-06,0.99999879613783071,-1.2038628939274975e-06,1.2038628939274975e-06,1.0176467347969038e-06
625,11,0.99999597773125737,-4.0222768319903974e-06,4.0222768319903974e-06,0.99999778577985943,-2.2142225919250441e-06,2.2142225919250441e-06,1.8080542400653534e-06
626,11876,0.99168961357517005,-0.0083451101985689991,0.0083451101985689991,0.99608507185096007,-0.0039226115400845529,0.0039226115400845529,0.0044224986584844462
627,52757,0.9999875058301062,-1.2494247946593357e-05,1.2494247946593357e-05,0.99999199979765152,-8.0002343503214003e-06,8.0002343503214003e-06,4.4940135962719571e-06
628,11096,0.99983298317662483,-0.00016703077223791015,0.00016703077223791015,0.99994111059743318,-5.8891136615769101e-05,5.8891136615769101e-05,0.00010813963562214105
629,279,0.99999201359059064,-7.9864413008488496e-06,7.9864413008488496e-06,0.99999528852558461,-4.7114855144533544e-06,4.7114855144533544e-06,3.2749557863954953e-06
630,4487,0.99998460652077448,-1.5393597706383434e-05,1.5393597706383434e-05,0.99997458443970333,-2.5415883277541958e-05,2.5415883277541958e-05,-1.0022285571158524e-05
631,474,0.99999945277040025,-5.4722974944243649e-07,5.4722974944243649e-07,0.99999952781376722,-4.7218634423335209e-07,4.7218634423335209e-07,7.5043405209084398e-08
632,4554,0.99997144784034575,-2.8552567274911148e-05,2.8552567274911148e-05,0.99998952214341141,-1.0477911481704579e-05,1.0477911481704579e-05,1.8074655793206567e-05
633,0,0.98676942043587779,-0.01331888342091715,0.01331888342091715,0.99532570982902702,-0.0046852488279044051,0.0046852488279044051,0.0086336345930127442
634,6883,0.99999318171777674,-6.8183054678236371e-06,6.8183054678236371e-06,0.9999929445840916,-7.055440798007704e-06,7.055440798007704e-06,-2.3713533018406689e-07
635,13,0.93416765524718148,-0.068099354455947766,0.068099354455947766,0.95840243429767269,-0.042487511664168795,0.042487511664168795,0.025611842791778971
636,4740,0.99976117128837116,-0.00023885723574731049,0.00023885723574731049,0.99980317427681453,-0.00019684509591021382,0.00019684509591021382,4.2012139837096672e-05
637,264,0.99999894493330077,-1.0550672558662527e-06,1.0550672558662527e-06,0.99999877605809406,-1.2239426549425865e-06,1.2239426549425865e-06,-1.6887539907633376e-07
638,4062,0.99999186898147108,-8.1310515858365704e-06,8.1310515858365704e-06,0.99999484132135386,-5.1586919522271004e-06,5.1586919522271004e-06,2.97235963360947e-06
639,57810,0.99999595109060557,-4.0489175913247019e-06,4.0489175913247019e-06,0.99999610917498738,-3.8908325818783372e-06,3.8908325818783372e-06,1.5808500944636472e-07
640,449,0.99999594076804299,-4.059240195769268e-06,4.059240195769268e-06,0.99999581374686708,-4.1862618952735141e-06,4.1862618952735141e-06,-1.2702169950424618e-07
641,17681,0.99996086033131704,-3.9140434659816279e-05,3.9140434659816279e-05,0.99998049560244351,-1.9504587769693121e-05,1.9504587769693121e-05,1.9635846890123158e-05
642,61946,0.9998079979011093,-0.0001920205336533762,0.0001920205336533762,0.9998600341107996,-0.0001399756853395583,0.0001399756853395583,5.2044848313817906e-05
643,58371,0.99999946689842889,-5.3310171322799056e-07,5.3310171322799056e-07,0.99999920518495067,-7.9481536518307213e-07,7.9481536518307213e-07,-2.6171365195508157e-07
644,304,0.99994665197820165,-5.3349444854714196e-05,5.3349444854714196e-05,0.99999063487420059,-9.3651696524693386e-06,9.3651696524693386e-06,4.3984275202244854e-05
645,6287,0.99999841078921736,-1.5892120454858559e-06,1.5892120454858559e-06,0.99999238596060969,-7.614068377291257e-06,7.614068377291257e-06,-6.0248563318054011e-06
646,220,0.99999380469567167,-6.1953235193458436e-06,6.1953235193458436e-06,0.99999770329871462,-2.2967039228410072e-06,2.2967039228410072e-06,3.8986195965048365e-06
647,1049,0.99999934791426037,-6.5208595223482246e-07,6.5208595223482246e-07,0.99999975118262929,-2.4881740170253645e-07,2.4881740170253645e-07,4.03268550532286e-07
648,17,0.99999763692682853,-2.3630759634966489e-06,2.3630759634966489e-06,0.99999869615718873,-1.3038436612422497e-06,1.3038436612422497e-06,1.0592323022543992e-06
649,11,0.99999501662011847,-4.9833922986548253e-06,4.9833922986548253e-06,0.99999747871425715,-2.5212889213147865e-06,2.5212889213147865e-06,2.4621033773400388e-06
650,11876,0.99995674333515983,-4.3257600436642527e-05,4.3257600436642527e-05,0.99991688499342812,-8.3118460815422197e-05,8.3118460815422197e-05,-3.986086037877967e-05
651,52757,0.99997473290983052,-2.526740938776721e-05,2.526740938776721e-05,0.99998429633481112,-1.5703788492705514e-05,1.5703788492705514e-05,9.5636208950616965e-06
652,24164,0.99988706494505741,-0.00011294143258609379,0.00011294143258609379,0.99991847225979458,-8.1531063772279398e-05,8.1531063772279398e-05,3.1410368813814394e-05
653,34538,0.99992677916204709,-7.3223518729284543e-05,7.3223518729284543e-05,0.99997790165947598,-2.2098584695975966e-05,2.2098584695975966e-05,5.1124934033308577e-05
654,17314,0.99996317437300331,-3.6826305076724662e-05,3.6826305076724662e-05,0.9999099053014614,-9.0098757309773313e-05,9.0098757309773313e-05,-5.3272452233048651e-05
655,285,0.99999941594579622,-5.8405437439001868e-07,5.8405437439001868e-07,0.99999979522801108,-2.0477200992152299e-07,2.0477200992152299e-07,3.7928236446849571e-07
656,19849,0.9999857090776606,-1.4291024455630952e-05,1.4291024455630952e-05,0.99998947606737554,-1.0523988001400796e-05,1.0523988001400796e-05,3.7670364542301558e-06
657,33597,0.99998976905558068,-1.0230996755764744e-05,1.0230996755764744e-05,0.99999718022685946,-2.8197771161588569e-06,2.8197771161588569e-06,7.411219639605887e-06
658,11,0.99985619949157134,-0.00014381084871307486,0.00014381084871307486,0.99997658972558146,-2.341054844334188e-05,2.341054844334188e-05,0.00012040030026973297
659,578,0.99978309763177198,-0.00021692589494876053,0.00021692589494876053,0.9999347955807385,-6.5206545162028448e-05,6.5206545162028448e-05,0.00015171934978673208
660,9305,0.99999566737352363,-4.3326358622481736e-06,4.3326358622481736e-06,0.9999875706382314,-1.2429439013773977e-05,1.2429439013773977e-05,-8.0968031515258036e-06
661,520,0.87570503952781176,-0.13272595761404624,0.13272595761404624,0.91331744566654682,-0.090671763675035766,0.090671763675035766,0.04205419393901047
662,19367,0.99999004481564802,-9.9552339052013944e-06,9.9552339052013944e-06,0.99998538843920037,-1.461166754957608e-05,1.461166754957608e-05,-4.6564336443746855e-06
663,7594,0.99997014007291751,-2.9860372898986424e-05,2.9860372898986424e-05,0.99997575918130299,-2.4241112510364774e-05,2.4241112510364774e-05,5.6192603886216498e-06
664,309,0.99999998949279878,-1.0507201276021765e-08,1.0507201276021765e-08,0.99999999061601585,-9.3839842122874551e-09,9.3839842122874551e-09,1.1232170637343101e-09
665,311,0.99993136085052148,-6.8641505252784336e-05,6.8641505252784336e-05,0.99997782075229236,-2.2179493670796244e-05,2.2179493670796244e-05,4.6462011581988091e-05
666,3719,0.99998553903385157,-1.4461070709254018e-05,1.4461070709254018e-05,0.99998470091840819,-1.529919862391063e-05,1.529919862391063e-05,-8.3812791465661222e-07
667,279,0.9999837936000231,-1.6206531302043854e-05,1.6206531302043854e-05,0.99999163091105503,-8.3691239659491602e-06,8.3691239659491602e-06,7.8374073360946941e-06
668,34538,0.99985527413794772,-0.0001447363358504219,0.0001447363358504219,0.99994967734894336,-5.0323917283734883e-05,5.0323917283734883e-05,9.4412418566687024e-05
669,17314,0.99998224209599951,-1.7758061673929281e-05,1.7758061673929281e-05,0.99996653163126215,-3.3468928816187582e-05,3.3468928816187582e-05,-1.5710867142258301e-05
670,285,0.99998157639605278,-1.8423773663934633e-05,1.8423773663934633e-05,0.99999062539141481,-9.3746525271407723e-06,9.3746525271407723e-06,9.0491211367938612e-06
671,19849,0.99997611550389487,-2.3884781344242206e-05,2.3884781344242206e-05,0.99998827919277977,-1.1720875909379583e-05,1.1720875909379583e-05,1.2163905434862623e-05
672,33597,0.99979132272087368,-0.00020869905525923446,0.00020869905525923446,0.9999120637483333,-8.7940118285571064e-05,8.7940118285571064e-05,0.0001207589369736634
673,323,0.99998716797110399,-1.2832111227184396e-05,1.2832111227184396e-05,0.9999951916941674,-4.8083173925780726e-06,4.8083173925780726e-06,8.0237938346063236e-06
674,39637,0.99641550721332295,-0.0035909324742271326,0.0035909324742271326,0.99911523016145087,-0.00088516147840723264,0.00088516147840723264,0.0027057709958199002
675,34538,0.99999482442508769,-5.1755883056120773e-06,5.1755883056120773e-06,0.99998798189617644,-1.2018176041570204e-05,1.2018176041570204e-05,-6.8425877359581268e-06
676,33597,0.99997109528358319,-2.8905134166170221e-05,2.8905134166170221e-05,0.99998221151541822,-1.7788642798704174e-05,1.7788642798704174e-05,1.1116491367466047e-05
677,520,0.99999818786442018,-1.8121372217110926e-06,1.8121372217110926e-06,0.99999938166691682,-6.1833327437268504e-07,6.1833327437268504e-07,1.1938039473384076e-06
678,4325,0.99988283108766374,-0.00011717577714952385,0.00011717577714952385,0.99997755522166309,-2.2445030224681386e-05,2.2445030224681386e-05,9.4730746924842461e-05
679,220,0.99999903219728858,-9.6780317978923911e-07,9.6780317978923911e-07,0.99999942184839241,-5.7815177474705596e-07,5.7815177474705596e-07,3.8965140504218315e-07
680,914,0.99999889609386439,-1.1039067448888031e-06,1.1039067448888031e-06,0.99999979827591845,-2.0172410194882469e-07,2.0172410194882469e-07,9.0218264293997845e-07
681,11,0.99888572214309124,-0.0011148991260338079,0.0011148991260338079,0.99974487252711786,-0.00025516002343227862,0.00025516002343227862,0.00085973910260152926
682,264,0.99999502184433076,-4.9781680603212201e-06,4.9781680603212201e-06,0.99999786777273414,-2.1322295390210867e-06,2.1322295390210867e-06,2.8459385213001334e-06
683,3335,0.99999848963342253,-1.5103677180422961e-06,1.5103677180422961e-06,0.99999774007951747,-2.2599230361479579e-06,2.2599230361479579e-06,-7.4955531810566175e-07
684,8767,0.99999629513218591,-3.7048746771663084e-06,3.7048746771663084e-06,0.99999560690655243,-4.3931030972227985e-06,4.3931030972227985e-06,-6.8822842005649011e-07
685,5762,0.99999918163872326,-8.1836161157285733e-07,8.1836161157285733e-07,0.99999902464618129,-9.7535429440267779e-07,9.7535429440267779e-07,-1.5699268282982046e-07
686,555,0.99999950765453327,-4.9234558788895993e-07,4.9234558788895993e-07,0.9999997802145445,-2.1978547964381312e-07,2.1978547964381312e-07,2.7256010824514681e-07
687,578,0.99996524398582631,-3.4756618177895304e-05,3.4756618177895304e-05,0.99998610424583068,-1.3895850716194706e-05,1.3895850716194706e-05,2.0860767461700599e-05
688,9305,0.99999659123746032,-3.4087683495283539e-06,3.4087683495283539e-06,0.9999941247979216,-5.8752193374292613e-06,5.8752193374292613e-06,-2.4664509879009074e-06
689,382,0.67339278464581742,-0.39542648712424283,0.39542648712424283,0.56396779499066907,-0.57275813019478083,0.57275813019478083,-0.177331643070538
690,24641,0.99699141638853606,-0.0030131184971435051,0.0030131184971435051,0.99850877410331906,-0.0014923388806296384,0.0014923388806296384,0.0015207796165138667
691,52757,0.99998543460297862,-1.4565503097776928e-05,1.4565503097776928e-05,0.99998942184768813,-1.0578208260916836e-05,1.0578208260916836e-05,3.9872948368600919e-06
692,596,0.94944520991479542,-0.051877454539246637,0.051877454539246637,0.97728894293100133,-0.0229729255957512,0.0229729255957512,0.028904528943495437
693,11295,0.99509948325757958,-0.0049125636480817888,0.0049125636480817888,0.99867216875392595,-0.0013287135951433667,0.0013287135951433667,0.0035838500529384223
694,10205,0.99999864760796675,-1.3523929477468727e-06,1.3523929477468727e-06,0.99999751057446362,-2.4894286350132078e-06,2.4894286350132078e-06,-1.1370356872663352e-06
695,311,0.9999998919728964,-1.0802710941822249e-07,1.0802710941822249e-07,0.99999964259914631,-3.5740091760891436e-07,3.5740091760891436e-07,-2.4937380819069185e-07
696,279,0.99999995891149129,-4.108850952774551e-08,4.108850952774551e-08,0.99999988883464475,-1.1116536139895668e-07,1.1116536139895668e-07,-7.0076851871211173e-08
697,1948,0.999999939092029,-6.0907972808957952e-08,6.0907972808957952e-08,0.99999988737206369,-1.1262794262463192e-07,1.1262794262463192e-07,-5.171996981567397e-08
698,315,0.9999992078371116,-7.9216320213337597e-07,7.9216320213337597e-07,0.99999953022473242,-4.6977537794316804e-07,4.6977537794316804e-07,3.2238782419020793e-07
699,34538,0.99997766642937125,-2.2333820026693994e-05,2.2333820026693994e-05,0.99999035010716453,-9.6499393959462006e-06,9.6499393959462006e-06,1.2683880630747793e-05
700,304,0.99960462542416084,-0.00039545275697471839,0.00039545275697471839,0.9998981838427079,-0.00010182134090888043,0.00010182134090888043,0.00029363141606583796
701,220,0.99999989559226177,-1.0440774366253376e-07,1.0440774366253376e-07,0.99999984914605522,-1.5085395616142927e-07,1.5085395616142927e-07,-4.6446212498895503e-08
702,1049,0.9999999570548147,-4.2945186262028979e-08,4.2945186262028979e-08,0.99999997562558096,-2.4374419296741663e-08,2.4374419296741663e-08,1.8570766965287316e-08
703,17,0.99999761630385409,-2.3836989869111136e-06,2.3836989869111136e-06,0.99999881071695573,-1.1892837514931742e-06,1.1892837514931742e-06,1.1944152354179394e-06
704,6197,0.99999942138370645,-5.7861646098978092e-07,5.7861646098978092e-07,0.9999994927081628,-5.0729196588109963e-07,5.0729196588109963e-07,7.1324495108681295e-08
705,311,0.9999995977291356,-4.0227094535647466e-07,4.0227094535647466e-07,0.99999954769521116,-4.52304891169179e-07,4.52304891169179e-07,-5.0033945812704339e-08
706,264,0.99999805567545763,-1.9443264325854826e-06,1.9443264325854826e-06,0.99999811541735406,-1.8845844217121669e-06,1.8845844217121669e-06,5.9742010873315708e-08
707,57810,0.99999813722915198,-1.8627725829447874e-06,1.8627725829447874e-06,0.99999889600133951,-1.1039992698853537e-06,1.1039992698853537e-06,7.5877331305943367e-07
708,449,0.99999826495994604,-1.7350415591471099e-06,1.7350415591471099e-06,0.99999808975989668,-1.9102419277767132e-06,1.9102419277767132e-06,-1.7520036862960329e-07
709,578,0.99992797187905302,-7.2030715096641705e-05,7.2030715096641705e-05,0.99996690012186629,-3.3100425946816756e-05,3.3100425946816756e-05,3.8930289149824948e-05
710,99773,0.99999820429323227,-1.7957083799730518e-06,1.7957083799730518e-06,0.99999881126809065,-1.1887326159007287e-06,1.1887326159007287e-06,6.069757640723231e-07
711,4506,0.99999915805789652,-8.4194245792373729e-07,8.4194245792373729e-07,0.9999989818924484,-1.0181080698300544e-06,1.0181080698300544e-06,-1.7616561190631708e-07
712,11,0.99967110008676641,-0.00032895401267262939,0.00032895401267262939,0.99986691621729629,-0.00013309263913613558,0.00013309263913613558,0.00019586137353649381
713,902,0.99999214942366099,-7.8506071549438049e-06,7.8506071549438049e-06,0.99999379257107812,-6.2074481880314359e-06,6.2074481880314359e-06,1.6431589669123691e-06
714,6532,0.99996846443575538,-3.1536061500938203e-05,3.1536061500938203e-05,0.99997410050851976,-2.5899826877910859e-05,2.5899826877910859e-05,5.6362346230273442e-06
715,264,0.99999831238874892,-1.6876126751138009e-06,1.6876126751138009e-06,0.99999687113304037,-3.1288718545450648e-06,3.1288718545450648e-06,-1.441259179431264e-06
716,2489,0.99999301953699993,-6.980487363658344e-06,6.980487363658344e-06,0.99999087816852206,-9.1218730820832704e-06,9.1218730820832704e-06,-2.1413857184249264e-06
717,520,0.99999837084901433,-1.6291523127012146e-06,1.6291523127012146e-06,0.99999844144271355,-1.5585585009558468e-06,1.5585585009558468e-06,7.0593811745367718e-08
718,1252,0.99999373290087901,-6.2671187593676695e-06,6.2671187593676695e-06,0.99997791764745658,-2.20825963621306e-05,2.20825963621306e-05,-1.5815477602762931e-05
719,97944,0.99998950919747476,-1.0490857554077814e-05,1.0490857554077814e-05,0.99999238527295886,-7.6147560333164079e-06,7.6147560333164079e-06,2.8761015207614063e-06
720,2116,0.99999538950123945,-4.6105093889082361e-06,4.6105093889082361e-06,0.9999967304495655,-3.2695557795048352e-06,3.2695557795048352e-06,1.3409536094034008e-06
721,13,0.99995836307226449,-4.1637794576467659e-05,4.1637794576467659e-05,0.9999463530283339,-5.3648410716316966e-05,5.3648410716316966e-05,-1.2010616139849307e-05
722,578,0.99954068024152309,-0.0004594252781099022,0.0004594252781099022,0.99975478539514395,-0.00024524467487315729,0.00024524467487315729,0.00021418060323674491
723,2489,0.99999620172903314,-3.7982781802957781e-06,3.7982781802957781e-06,0.99999184190590895,-8.1581273685318122e-06,8.1581273685318122e-06,-4.3598491882360345e-06
724,9670,0.99998782659568752,-1.2173478408956166e-05,1.2173478408956166e-05,0.9999909315983011,-9.0684428171073996e-06,9.0684428171073996e-06,3.1050355918487668e-06
725,304,0.9999988204017195,-1.1795989762138881e-06,1.1795989762138881e-06,0.99999800604325084,-1.9939587370404399e-06,1.9939587370404399e-06,-8.1435976082655182e-07
726,264,0.99999051759376101,-9.4824511972612734e-06,9.4824511972612734e-06,0.99998824606730996,-1.175400176808739e-05,1.175400176808739e-05,-2.2715505708261168e-06
727,2033,0.99999087743304094,-9.1226085699280921e-06,9.1226085699280921e-06,0.99998784176575906,-1.2158308152835562e-05,1.2158308152835562e-05,-3.0356995829074704e-06
728,834,0.99986020089816185,-0.00013980887464346421,0.00013980887464346421,0.99993233354380151,-6.7668745676406747e-05,6.7668745676406747e-05,7.2140128967057462e-05
729,73009,0.99998395922627681,-1.6040902377735342e-05,1.6040902377735342e-05,0.99998620812460082,-1.3791970507916902e-05,1.3791970507916902e-05,2.2489318698184397e-06
730,13239,0.98372379005911836,-0.016410122493260598,0.016410122493260598,0.99178533247884781,-0.008248593825682644,0.008248593825682644,0.0081615286675779542
731,304,0.99999849362143001,-1.5063797045875018e-06,1.5063797045875018e-06,0.99999863587707127,-1.3641238591538892e-06,1.3641238591538892e-06,1.422558454336126e-07
732,11876,0.99998877621424342,-1.1223848743735759e-05,1.1223848743735759e-05,0.99996948345895631,-3.0517006682818733e-05,3.0517006682818733e-05,-1.9293157939082975e-05
733,52757,0.99993582201002817,-6.4180049467134137e-05,6.4180049467134137e-05,0.99996020204962033,-3.9798742339087628e-05,3.9798742339087628e-05,2.4381307128046508e-05
734,51110,0.99998942494596599,-1.0575109950327131e-05,1.0575109950327131e-05,0.9999876856224108,-1.2314453411809769e-05,1.2314453411809769e-05,-1.7393434614826381e-06
735,279,0.99995350759662249,-4.6493484182806787e-05,4.6493484182806787e-05,0.99997381253958573,-2.618780331184126e-05,2.618780331184126e-05,2.0305680870965527e-05
736,2316,0.99999869626411231,-1.3037367375785111e-06,1.3037367375785111e-06,0.99999749119094872,-2.5088121983980284e-06,2.5088121983980284e-06,-1.2050754608195173e-06
737,13,0.99925531788733524,-0.0007449595261209541,0.0007449595261209541,0.99965277660565732,-0.00034728369034330698,0.00034728369034330698,0.00039767583577764713
738,11876,0.99989483869325868,-0.00010516683657922919,0.00010516683657922919,0.99944141276014453,-0.00055874330782879251,0.00055874330782879251,-0.00045357647124956332
739,52757,0.99966410677757356,-0.00033594964719035501,0.00033594964719035501,0.9998289887388675,-0.0001710258852255512,0.0001710258852255512,0.00016492376196480381
740,17011,0.99982313660988853,-0.00017687903228527895,0.00017687903228527895,0.99994905782896415,-5.0943468632342205e-05,5.0943468632342205e-05,0.00012593556365293675
741,578,0.99993655352382727,-6.3448488985550828e-05,6.3448488985550828e-05,0.99994775130635127,-5.2250058659252514e-05,5.2250058659252514e-05,1.1198430326298314e-05
742,99773,0.99999749476025912,-2.505242878958013e-06,2.505242878958013e-06,0.99999801417416156,-1.9858278101901504e-06,1.9858278101901504e-06,5.1941506876786256e-07
743,4506,0.99999908732115206,-9.1267926445037231e-07,9.1267926445037231e-07,0.99999902315261713,-9.7684785999262285e-07,9.7684785999262285e-07,-6.4168595542250545e-08
744,1578,0.99999623955903105,-3.7604480394754382e-06,3.7604480394754382e-06,0.99998839614011614,-1.1603927209212825e-05,1.1603927209212825e-05,-7.8434791697373859e-06
745,11,0.76777460540162612,-0.26425907145886235,0.26425907145886235,0.84789510124853673,-0.16499835219973563,0.16499835219973563,0.099260719259126717
746,520,0.99999320408907588,-6.7959340164286217e-06,6.7959340164286217e-06,0.99999326406270284,-6.7359599836845548e-06,6.7359599836845548e-06,5.997403274406687e-08
747,2360,0.9999942947157201,-5.7053005550485645e-06,5.7053005550485645e-06,0.99999270867650247,-7.2913500793760191e-06,7.2913500793760191e-06,-1.5860495243274547e-06
748,64794,0.99999485243465325,-5.1475785955290111e-06,5.1475785955290111e-06,0.99999519660774516,-4.8034037911298268e-06,4.8034037911298268e-06,3.4417480439918429e-07
749,11,0.99998014128129098,-1.9858915895976278e-05,1.9858915895976278e-05,0.99998517082207228,-1.4829287881047718e-05,1.4829287881047718e-05,5.0296280149285593e-06
750,420,0.99647627059273047,-0.0035299523647168746,0.0035299523647168746,0.99835852503554101,-0.0016428236605911396,0.0016428236605911396,0.001887128704125735
751,892,0.99999987161766057,-1.2838234761631211e-07,1.2838234761631211e-07,0.99999944763042681,-5.5236972572548157e-07,5.5236972572548157e-07,-4.2398737810916946e-07
752,304,0.99999879362647326,-1.2063742544625609e-06,1.2063742544625609e-06,0.99999851256367234,-1.4874374338797406e-06,1.4874374338797406e-06,-2.8106317941717971e-07
753,264,0.99999660163980619,-3.398365968227816e-06,3.398365968227816e-06,0.99999573719947288,-4.2628096129112378e-06,4.2628096129112378e-06,-8.6444364468342182e-07
754,24830,0.99997399934016151,-2.6000997861494208e-05,2.6000997861494208e-05,0.99994806757068899,-5.1933777846328966e-05,5.1933777846328966e-05,-2.5932779984834758e-05
755,304,0.99999853609779044,-1.463903281120734e-06,1.463903281120734e-06,0.99999943769268196,-5.6230747613827158e-07,5.6230747613827158e-07,9.015958049824624e-07
756,264,0.99999902828226717,-9.7171820496028244e-07,9.7171820496028244e-07,0.99999925098856657,-7.490117139182181e-07,7.490117139182181e-07,2.2270649104206433e-07
757,14299,0.99999929961113532,-7.0038910990684394e-07,7.0038910990684394e-07,0.99999920907059014,-7.9092972268082438e-07,7.9092972268082438e-07,-9.0540612773980444e-08
758,2489,0.99999259026660026,-7.4097608519232254e-06,7.4097608519232254e-06,0.99998521424438835,-1.4785864921993808e-05,1.4785864921993808e-05,-7.3761040700705825e-06
759,13,0.98247342254499703,-0.017681986449388155,0.017681986449388155,0.99068445245442616,-0.0093592086213747181,0.0093592086213747181,0.0083227778280134373
760,59143,0.74538011783446578,-0.29386096544207552,0.29386096544207552,0.85764381926653488,-0.15356639474407976,0.15356639474407976,0.14029457069799575
761,709,0.99999980725607596,-1.9274394266080449e-07,1.9274394266080449e-07,0.99999963388883384,-3.6611123314644709e-07,3.6611123314644709e-07,-1.7336729048564259e-07
762,311,0.99999969826741308,-3.0173263243289647e-07,3.0173263243289647e-07,0.99999970328041587,-2.9671962814466163e-07,2.9671962814466163e-07,5.0130042882348378e-09
763,279,0.99999714152325481,-2.8584808306415224e-06,2.8584808306415224e-06,0.99999684565080849,-3.1543541664636838e-06,3.1543541664636838e-06,-2.9587333582216146e-07
764,2489,0.99999379252742893,-6.2074918375109627e-06,6.2074918375109627e-06,0.99998405227394704,-1.5947853219267274e-05,1.5947853219267274e-05,-9.7403613817563118e-06
765,11,0.99997323560504847,-2.6764753124305696e-05,2.6764753124305696e-05,0.99998330433762905,-1.6695801745074287e-05,1.6695801745074287e-05,1.006895137923141e-05
766,304,0.99987204769612648,-0.00012796049046788591,0.00012796049046788591,0.99996286658005129,-3.7134109411205824e-05,3.7134109411205824e-05,9.0826381056680094e-05
767,279,0.99998597838034142,-1.4021717962448899e-05,1.4021717962448899e-05,0.99998874008411531,-1.1259979278018848e-05,1.1259979278018848e-05,2.7617386844300516e-06
768,51728,0.99999656991197539,-3.4300939074237566e-06,3.4300939074237566e-06,0.99999823480354455,-1.7651980134389354e-06,1.7651980134389354e-06,1.6648958939848212e-06
769,11,0.99999165742503193,-8.342609767506291e-06,8.342609767506291e-06,0.99999463015468493,-5.3698597327289549e-06,5.3698597327289549e-06,2.9727500347773361e-06
770,11876,0.99991493039747559,-8.5073221148283324e-05,8.5073221148283324e-05,0.99983261785169553,-0.00016739615825967858,0.00016739615825967858,-8.2322937111395253e-05
771,52757,0.99994996045893436,-5.0040793085210137e-05,5.0040793085210137e-05,0.99997576051257442,-2.4239781206706172e-05,2.4239781206706172e-05,2.5801011878503964e-05
772,14760,0.99996856205814433,-3.1438436038133442e-05,3.1438436038133442e-05,0.99997259892418466,-2.7401451231644308e-05,2.7401451231644308e-05,4.0369848064891342e-06
773,279,0.6858591201203954,-0.37708303660236153,0.37708303660236153,0.67377349507474771,-0.39486128527084707,0.39486128527084707,-0.017778248668485541
774,99773,0.99996502800906395,-3.497260247042752e-05,3.497260247042752e-05,0.9999851897555545,-1.4810354118200555e-05,1.4810354118200555e-05,2.0162248352226965e-05
775,4506,0.99999953856584134,-4.6143426514059221e-07,4.6143426514059221e-07,0.99999957342424872,-4.2657584225986855e-07,4.2657584225986855e-07,3.4858422880723659e-08
776,596,0.99999520039632361,-4.7996151945656016e-06,4.7996151945656016e-06,0.99999532620868925,-4.6738022329342355e-06,4.6738022329342355e-06,1.2581296163136611e-07
777,1450,0.99999088908115352,-9.1109603511516286e-06,9.1109603511516286e-06,0.99997780539601477,-2.2194850289110295e-05,2.2194850289110295e-05,-1.3083889937958666e-05
778,449,0.9999954371110662,-4.5628993437725269e-06,4.5628993437725269e-06,0.99999615689591348,-3.8431114712771453e-06,3.8431114712771453e-06,7.1978787249538163e-07
779,264,0.99999630622325453,-3.693783567531494e-06,3.693783567531494e-06,0.9999956172199953,-4.382789609117257e-06,4.382789609117257e-06,-6.8900604158576297e-07
780,92038,0.99999829283427621,-1.7071671810212273e-06,1.7071671810212273e-06,0.99999805862128266,-1.9413806018451534e-06,1.9413806018451534e-06,-2.342134208239261e-07
781,13192,0.99999356558655661,-6.4344341443674073e-06,6.4344341443674073e-06,0.99998931419834691,-1.0685858746643887e-05,1.0685858746643887e-05,-4.2514246022764798e-06
782,13,0.70078273070432595,-0.35555738192338965,0.35555738192338965,0.75330505401670211,-0.28328501500440006,0.28328501500440006,0.072272366918989583
783,18185,0.99853375942161449,-0.0014673165609971964,0.0014673165609971964,0.99816413552429284,-0.0018375517402693608,0.0018375517402693608,-0.0003702351792721644
784,28653,0.99990372521955584,-9.6279415158283325e-05,9.6279415158283325e-05,0.99987233733346503,-0.00012767081610673509,0.00012767081610673509,-3.1391400948451765e-05
785,1543,0.99999986792040396,-1.3207960474599401e-07,1.3207960474599401e-07,0.99999990481393319,-9.5186071379997663e-08,9.5186071379997663e-08,3.6893533365996345e-08
786,60206,0.99786932246522841,-0.0021329506575853093,0.0021329506575853093,0.99870184790355954,-0.0012989954257986822,0.0012989954257986822,0.00083395523178662716
787,80928,0.9999656721905712,-3.4328398641485416e-05,3.4328398641485416e-05,0.99998548044270141,-1.4519662708357237e-05,1.4519662708357237e-05,1.9808735933128179e-05
788,539,0.999732984664786,-0.00026705099015575178,0.00026705099015575178,0.99991538791854861,-8.4615661255535275e-05,8.4615661255535275e-05,0.00018243532890021652
789,311,0.99999925152587044,-7.4847440967530044e-07,7.4847440967530044e-07,0.99999909671443998,-9.0328596795662812e-07,9.0328596795662812e-07,-1.5481155828132768e-07
790,1095,0.99999283540980033,-7.1646158654659717e-06,7.1646158654659717e-06,0.9999929582094641,-7.0418153293723583e-06,7.0418153293723583e-06,1.2280053609361339e-07
791,578,0.99977443065272398,-0.000225594791867684,0.000225594791867684,0.9998861285824624,-0.00011387790137967504,0.00011387790137967504,0.00011171689048800896
792,99773,0.99999774031122801,-2.2596913251327359e-06,2.2596913251327359e-06,0.99999831540100159,-1.68460041730922e-06,1.68460041730922e-06,5.7509090782351588e-07
793,4506,0.99999900731563351,-9.926848592075422e-07,9.926848592075422e-07,0.99999896486349471,-1.0351370410113448e-06,1.0351370410113448e-06,-4.2452181803802593e-08
794,1005,0.99999741601245706,-2.5839908814217403e-06,2.5839908814217403e-06,0.99999649936605939,-3.5006400678949726e-06,3.5006400678949726e-06,-9.1664918647323239e-07
795,813,0.999993510270479,-6.4897505793862823e-06,6.4897505793862823e-06,0.99998952190742962,-1.0478147466017584e-05,1.0478147466017584e-05,-3.9883968866313018e-06
796,6445,0.99999707604156862,-2.9239627062001745e-06,2.9239627062001745e-06,0.99999535728450584,-4.6427262715617689e-06,4.6427262715617689e-06,-1.7187635653615944e-06
797,439,0.99999795536634462,-2.0446357456604729e-06,2.0446357456604729e-06,0.9999979836862013,-2.0163158314623796e-06,2.0163158314623796e-06,2.8319914198093303e-08
798,264,0.99999802707497798,-1.972926968240411e-06,1.972926968240411e-06,0.99999665707937646,-3.3429262111269822e-06,3.3429262111269822e-06,-1.3699992428865712e-06
799,10500,0.99998799666693128,-1.20034051093131e-05,1.20034051093131e-05,0.99998534553633167,-1.4654571046012845e-05,1.4654571046012845e-05,-2.6511659366997452e-06
800,11,0.99999250114848381,-7.498879632757699e-06,7.498879632757699e-06,0.99999388246124665,-6.1175574655625246e-06,6.1175574655625246e-06,1.3813221671951745e-06
801,279,0.99994789523946559,-5.2106118034583571e-05,5.2106118034583571e-05,0.9999745771299029,-2.542319326374639e-05,2.542319326374639e-05,2.6682924770837181e-05
802,1715,0.9999906979407952,-9.302102469224422e-06,9.302102469224422e-06,0.99997988444675756,-2.0115755562923438e-05,2.0115755562923438e-05,-1.0813653093699016e-05
803,574,0.99999187157269187,-8.1284603439208544e-06,8.1284603439208544e-06,0.99999279743629399,-7.2025896445794252e-06,7.2025896445794252e-06,9.2587069934142925e-07
804,15164,0.9999898802033943,-1.0119847811170017e-05,1.0119847811170017e-05,0.99999178239814634,-8.2176356183325046e-06,8.2176356183325046e-06,1.9022121928375127e-06
805,323,0.9655779293275335,-0.035028466411640966,0.035028466411640966,0.97656729687420829,-0.023711614630190555,0.023711614630190555,0.011316851781450411
806,279,0.99998770005082116,-1.2300024823871226e-05,1.2300024823871226e-05,0.99998808718829679,-1.191288266135067e-05,1.191288266135067e-05,3.8714216252055545e-07
807,2489,0.99999378136653527,-6.2186528004874498e-06,6.2186528004874498e-06,0.99998905628393531,-1.0943775947555536e-05,1.0943775947555536e-05,-4.7251231470680863e-06
808,4024,0.99998076954047921,-1.9230644428495613e-05,1.9230644428495613e-05,0.99996335045781182,-3.6650213799079464e-05,3.6650213799079464e-05,-1.741956937058385e-05
809,389,0.99998359272848825,-1.6407406112522989e-05,1.6407406112522989e-05,0.9999844151845122,-1.5584936932304288e-05,1.5584936932304288e-05,8.2246918021870028e-07
810,439,0.99999790647260134,-2.0935295900539208e-06,2.0935295900539208e-06,0.99999847051177915,-1.5294893905341894e-06,1.5294893905341894e-06,5.6404019951973142e-07
811,13205,0.99999391482060129,-6.0851979134543478e-06,6.0851979134543478e-06,0.99999325275928608,-6.7472634766723043e-06,6.7472634766723043e-06,-6.620655632179565e-07
812,382,0.72699053700779559,-0.31884181802879991,0.31884181802879991,0.69649117403338945,-0.36170015772571074,0.36170015772571074,-0.04285833969691083
813,644,0.60097013165760627,-0.50921004342299092,0.50921004342299092,0.83971503901978384,-0.17469268396159524,0.17469268396159524,0.33451735946139571
814,264,0.4437081686084135,-0.81258821056071351,0.81258821056071351,0.70102789097987772,-0.3552076053212454,0.3552076053212454,0.45738060523946811
815,2489,0.99980012039464394,-0.00019989958394660067,0.00019989958394660067,0.99994675877071149,-5.3242646653058638e-05,5.3242646653058638e-05,0.00014665693729354204
816,430,0.99995971900002723,-4.0281811274089522e-05,4.0281811274089522e-05,0.99998658557386222,-1.3414516112035217e-05,1.3414516112035217e-05,2.6867295162054305e-05
817,5602,0.99999827599929658,-1.7240021895034799e-06,1.7240021895034799e-06,0.9999985667756055,-1.4332254215647066e-06,1.4332254215647066e-06,2.9077676793877332e-07
818,2225,0.99999830628638497,-1.6937150493943678e-06,1.6937150493943678e-06,0.99999621459556132,-3.7854116033191057e-06,3.7854116033191057e-06,-2.091696553924738e-06
819,98930,0.99993533197710649,-6.4670113960290819e-05,6.4670113960290819e-05,0.99994008239065357,-5.9919404478084205e-05,5.9919404478084205e-05,4.7507094822066138e-06
820,323,0.99985436151688045,-0.00014564908943321967,0.00014564908943321967,0.99994926301809273,-5.0738269071466904e-05,5.0738269071466904e-05,9.491082036175277e-05
821,1524,0.99961439998262192,-0.00038567438018164937,0.00038567438018164937,0.99988012341316213,-0.00011988377261017403,0.00011988377261017403,0.00026579060757147535
822,28653,0.99998686922725799,-1.31308589513157e-05,1.31308589513157e-05,0.9999790738853509,-2.0926333603338705e-05,2.0926333603338705e-05,-7.7954746520230055e-06
823,1543,0.99999976370015042,-2.362998775018045e-07,2.362998775018045e-07,0.99999981071033728,-1.8928968066693627e-07,1.8928968066693627e-07,4.7010196834868222e-08
824,9960,0.99998916047957986,-1.0839579168142608e-05,1.0839579168142608e-05,0.99998758503382723,-1.2415043239062515e-05,1.2415043239062515e-05,-1.5754640709199073e-06
825,304,0.99999987883369279,-1.2116631452412476e-07,1.2116631452412476e-07,0.9999997047706396,-2.9522940397535138e-07,2.9522940397535138e-07,-1.7406308945122662e-07
826,6680,0.99999347933511995,-6.5206861396510862e-06,6.5206861396510862e-06,0.99998968510631847,-1.031494688039399e-05,1.031494688039399e-05,-3.7942607407429035e-06
827,11,0.99999157295896013,-8.4270765475997433e-06,8.4270765475997433e-06,0.99998813302034284,-1.1867050070348687e-05,1.1867050070348687e-05,-3.4399735227489435e-06
828,433,0.99849139127611497,-0.001509747819803465,0.001509747819803465,0.999640021591646,-0.00036004321613459627,0.00036004321613459627,0.0011497046036688687
829,9670,0.99999785682191411,-2.1431803824913552e-06,2.1431803824913552e-06,0.99999714359051139,-2.8564135681921257e-06,2.8564135681921257e-06,-7.1323318570077048e-07
830,994,0.99998298363303229,-1.7016511747765489e-05,1.7016511747765489e-05,0.99998579104468821,-1.4209056259948318e-05,1.4209056259948318e-05,2.8074554878171706e-06
831,11876,0.9999830751268477,-1.6925016379596282e-05,1.6925016379596282e-05,0.99995977305658534,-4.0227752539840948e-05,4.0227752539840948e-05,-2.3302736160244666e-05
832,52757,0.99999546633376446,-4.5336765126380655e-06,4.5336765126380655e-06,0.99999681309018962,-3.1869148885946584e-06,3.1869148885946584e-06,1.3467616240434071e-06
833,28537,0.99987098052631762,-0.00012902779741060964,0.00012902779741060964,0.99985698516235899,-0.00014302506523803822,0.00014302506523803822,-1.3997267827428578e-05
834,459,0.99998459837871478,-1.5401739891393288e-05,1.5401739891393288e-05,0.99999429203482082,-5.7079814696720087e-06,5.7079814696720087e-06,9.6937584217212791e-06
835,17644,0.99997585727160787,-2.4143019832487007e-05,2.4143019832487007e-05,0.99997249438658986,-2.7505991696457966e-05,2.7505991696457966e-05,-3.3629718639709589e-06
836,57272,0.99999316165185992,-6.8383715217364502e-06,6.8383715217364502e-06,0.99999505463594052,-4.9453762878596742e-06,4.9453762878596742e-06,1.892995233876776e-06
837,11046,0.99999947333157757,-5.2666856107301123e-07,5.2666856107301123e-07,0.99999939069731325,-6.0930287238284891e-07,6.0930287238284891e-07,-8.2634311309837678e-08
838,393,0.999996699377244,-3.3006282030924864e-06,3.3006282030924864e-06,0.99999128157062422,-8.7184673814700607e-06,8.7184673814700607e-06,-5.4178391783775739e-06
839,2230,0.99998325375091113,-1.6746389308871255e-05,1.6746389308871255e-05,0.99998975238606613,-1.0247666441017501e-05,1.0247666441017501e-05,6.4987228678537535e-06
840,5586,0.99998589864810983,-1.4101451315176025e-05,1.4101451315176025e-05,0.99999042799678761,-9.5720490243333218e-06,9.5720490243333218e-06,4.5294022908427027e-06
841,1139,0.99999404758847943,-5.9524292362646391e-06,5.9524292362646391e-06,0.99999129524272734,-8.7047951593187859e-06,8.7047951593187859e-06,-2.7523659230541468e-06
842,813,0.99999280024266912,-7.1997832492444755e-06,7.1997832492444755e-06,0.99999380808730942,-6.1919318605266985e-06,6.1919318605266985e-06,1.007851388717777e-06
843,25270,0.99991450058819231,-8.5503067090803776e-05,8.5503067090803776e-05,0.99994248823947773,-5.7513414386959042e-05,5.7513414386959042e-05,2.7989652703844734e-05
844,435,0.99792682179818848,-0.0020753302105859508,0.0020753302105859508,0.99916538106124397,-0.00083496742705929195,0.00083496742705929195,0.001240362783526659
845,12,0.95267065350579094,-0.048486024243588,0.048486024243588,0.9682742339830902,-0.032239932257997518,0.032239932257997518,0.016246091985590481
846,20,0.99984802846238319,-0.00015198308646100325,0.00015198308646100325,0.99995527581126642,-4.4725188889966829e-05,4.4725188889966829e-05,0.00010725789757103641
847,45214,0.99926501068456708,-0.00073525955250217676,0.00073525955250217676,0.99968153279228844,-0.00031851792916174823,0.00031851792916174823,0.00041674162334042852
848,369,0.99998760544290899,-1.2394633904218957e-05,1.2394633904218957e-05,0.99999435043508988,-5.649580869004829e-06,5.649580869004829e-06,6.7450530352141282e-06
849,279,0.9999989920025032,-1.0079980048506437e-06,1.0079980048506437e-06,0.9999987677687745,-1.232231984643733e-06,1.232231984643733e-06,-2.2423397979308925e-07
850,3243,0.99999919443847085,-8.0556185360944441e-07,8.0556185360944441e-07,0.99999932364247757,-6.7635775111526599e-07,6.7635775111526599e-07,1.2920410249417842e-07
851,13,0.99976301557803759,-0.00023701250720778008,0.00023701250720778008,0.99976518990023933,-0.00023483767196842901,0.00023483767196842901,2.1748352393510676e-06
852,19198,0.9996489070855854,-0.00035115456196168607,0.00035115456196168607,0.99956277834264529,-0.00043731726661284671,0.00043731726661284671,-8.6162704651160642e-05
853,2919,0.99999902149678066,-9.7850369806133567e-07,9.7850369806133567e-07,0.99999623370673019,-3.7663003622818859e-06,3.7663003622818859e-06,-2.78779666422055e-06
854,1306,0.99999927340474348,-7.2659552045765202e-07,7.2659552045765202e-07,0.99999908692028094,-9.1308013586463983e-07,9.1308013586463983e-07,-1.8648461540698782e-07
855,813,0.99999321641808636,-6.7836049222397751e-06,6.7836049222397751e-06,0.99999247644242162,-7.5235858805262487e-06,7.5235858805262487e-06,-7.399809582864736e-07
856,24830,0.99999397718962257,-6.0228285145860816e-06,6.0228285145860816e-06,0.99998705998999315,-1.2940093729528553e-05,1.2940093729528553e-05,-6.9172652149424716e-06
857,304,0.99999958192103966,-4.1807904769434253e-07,4.1807904769434253e-07,0.99999964446393885,-3.5553612439878172e-07,3.5553612439878172e-07,6.2542923295560809e-08
858,264,0.99999942059796854,-5.7940219934218273e-07,5.7940219934218273e-07,0.99999943646829048,-5.6353186825839954e-07,5.6353186825839954e-07,1.5870331083783184e-08
859,14299,0.99999895862576582,-1.0413747764135546e-06,1.0413747764135546e-06,0.99999900720304558,-9.9279744725678799e-07,9.9279744725678799e-07,4.8577329156766609e-08
860,2489,0.99999675075941186,-3.2492458668932262e-06,3.2492458668932262e-06,0.99999214022720972,-7.8598036784101347e-06,7.8598036784101347e-06,-4.6105578115169085e-06
861,449,0.99999794920973395,-2.0507923689212383e-06,2.0507923689212383e-06,0.99999811446543407,-1.8855363435687509e-06,1.8855363435687509e-06,1.6525602535248743e-07
862,578,0.99991705599042069,-8.2947449623949838e-05,8.2947449623949838e-05,0.99994971004951017,-5.0291215071767053e-05,5.0291215071767053e-05,3.2656234552182785e-05
863,99773,0.9999988123594038,-1.1876413014929438e-06,1.1876413014929438e-06,0.99999892686730074,-1.0731332750851965e-06,1.0731332750851965e-06,1.1450802640774728e-07
864,4506,0.99999929610504668,-7.0389520108270833e-07,7.0389520108270833e-07,0.99999922706544486,-7.7293485383450496e-07,7.7293485383450496e-07,-6.9039652751796635e-08
865,11,0.99999521809355751,-4.7819178758069002e-06,4.7819178758069002e-06,0.99999629074290131,-3.7092639780268164e-06,3.7092639780268164e-06,1.0726538977800837e-06
866,11876,0.99997669408949807,-2.3306182088922513e-05,2.3306182088922513e-05,0.99993897315840652,-6.1028703806959048e-05,6.1028703806959048e-05,-3.7722521718036532e-05
867,52757,0.99996745402154896,-3.2546508082920249e-05,3.2546508082920249e-05,0.99995649600636582,-4.3504939960341789e-05,4.3504939960341789e-05,-1.095843187742154e-05
868,7946,0.99998235051427697,-1.764964147700529e-05,1.764964147700529e-05,0.99998040032076085,-1.9599871315343579e-05,1.9599871315343579e-05,-1.9502298383382893e-06
869,35363,0.99986755933108185,-0.00013244943995798159,0.00013244943995798159,0.99991550390183337,-8.4499668162992252e-05,8.4499668162992252e-05,4.7949771794989339e-05
870,813,0.99999193710531398,-8.0629271913125683e-06,8.0629271913125683e-06,0.99998070251480087,-1.9297671397984631e-05,1.9297671397984631e-05,-1.1234744206672063e-05
871,34538,0.99995446763180962,-4.5533404820153771e-05,4.5533404820153771e-05,0.99998187495454394,-1.8125209716665874e-05,1.8125209716665874e-05,2.7408195103487896e-05
872,2316,0.99999483061498151,-5.1693983797499115e-06,5.1693983797499115e-06,0.99999669605719477,-3.3039482632355998e-06,3.3039482632355998e-06,1.8654501165143117e-06
873,304,0.99999501377641464,-4.9862360166180418e-06,4.9862360166180418e-06,0.99999612133079596,-3.8786767261500513e-06,3.8786767261500513e-06,1.1075592904679905e-06
874,264,0.99999913660752693,-8.633928457516842e-07,8.633928457516842e-07,0.99999824526427838,-1.7547372611554274e-06,1.7547372611554274e-06,-8.9134441540374324e-07
875,75379,0.99998494671823446,-1.5053395067357356e-05,1.5053395067357356e-05,0.99998555204098927,-1.444806338353785e-05,1.444806338353785e-05,6.0533168381950586e-07
876,2489,0.99999680287613057,-3.1971289802040942e-06,3.1971289802040942e-06,0.99999114139408685,-8.8586451508000267e-06,8.8586451508000267e-06,-5.6615161705959325e-06
877,449,0.99994786038508676,-5.2140974230184195e-05,5.2140974230184195e-05,0.99996681592451242,-3.3184626091233978e-05,3.3184626091233978e-05,1.8956348138950217e-05
878,28653,0.99995852901182403,-4.1471848121203018e-05,4.1471848121203018e-05,0.99993229187930754,-6.7710412990766504e-05,6.7710412990766504e-05,-2.6238564869563486e-05
879,1543,0.99999995494970362,-4.5050297365879788e-08,4.5050297365879788e-08,0.9999999551235792,-4.4876421793097591e-08,4.4876421793097591e-08,1.7387557278219649e-10
880,520,0.99934536512063388,-0.0006548492463386488,0.0006548492463386488,0.99969862942633925,-0.00030141599489808332,0.00030141599489808332,0.00035343325144056547
881,279,0.99990372775889613,-9.6276875573565783e-05,9.6276875573565783e-05,0.99994566878543512,-5.4332690558798425e-05,5.4332690558798425e-05,4.1944185014767358e-05
882,95079,0.99998137107883311,-1.8629094687395546e-05,1.8629094687395546e-05,0.9999785831474951,-2.1417081848979737e-05,2.1417081848979737e-05,-2.7879871615841916e-06
883,2343,0.99995242541823814,-4.7575713468191547e-05,4.7575713468191547e-05,0.99997179490941335,-2.820548835775225e-05,2.820548835775225e-05,1.9370225110439298e-05
884,17453,0.99997940817024777,-2.0592041766821002e-05,2.0592041766821002e-05,0.99999101368305088,-8.9863573263174811e-06,8.9863573263174811e-06,1.160568444050352e-05
885,23318,0.99994860733536395,-5.1393985284265933e-05,5.1393985284265933e-05,0.99997413598726714,-2.586434721218418e-05,2.586434721218418e-05,2.5529638072081753e-05
886,2403,0.99977188037655529,-0.00022814564668366248,0.00022814564668366248,0.99988505995748334,-0.00011494664862953487,0.00011494664862953487,0.00011319899805412761
887,10564,0.99996745253191421,-3.2547997766105718e-05,3.2547997766105718e-05,0.99992537954858673,-7.4623235657692897e-05,7.4623235657692897e-05,-4.207523789158718e-05
888,382,0.98591501594339048,-0.01418511882092033,0.01418511882092033,0.98885286951867191,-0.011209725343740115,0.011209725343740115,0.0029753934771802153
889,24641,0.99905801988356246,-0.00094242405851902944,0.00094242405851902944,0.99961711941511788,-0.00038295390236836238,0.00038295390236836238,0.00055947015615066711
890,52757,0.99998824327709601,-1.1756792014849698e-05,1.1756792014849698e-05,0.99999095059479659,-9.0494461495410437e-06,9.0494461495410437e-06,2.7073458653086539e-06
891,596,0.99710775050067924,-0.0028964401350972391,0.0028964401350972391,0.99874791617820624,-0.0012528683336602503,0.0012528683336602503,0.0016435718014369887
892,1828,0.99925714750891104,-0.00074312854271965884,0.00074312854271965884,0.99980860283798079,-0.00019141548079345405,0.00019141548079345405,0.00055171306192620473
893,15046,0.99999181231633305,-8.1877171862092949e-06,8.1877171862092949e-06,0.99999336430625108,-6.6357157652911212e-06,6.6357157652911212e-06,1.5520014209181738e-06
894,574,0.99999980580972969,-1.9419028920107269e-07,1.9419028920107269e-07,0.99999958193076699,-4.1806932036835669e-07,4.1806932036835669e-07,-2.23879031167284e-07
895,6295,0.99998857207638292,-1.1427988916341999e-05,1.1427988916341999e-05,0.9999768481907515,-2.3152077255765503e-05,2.3152077255765503e-05,-1.1724088339423504e-05
896,7073,0.99999510356231736,-4.8964496702813253e-06,4.8964496702813253e-06,0.99998957136134625,-1.042869303240909e-05,1.042869303240909e-05,-5.5322433621277644e-06
897,13,0.99995537859632344,-4.4622399240953876e-05,4.4622399240953876e-05,0.99996422796323481,-3.5772676599724709e-05,3.5772676599724709e-05,8.8497226412291669e-06
898,28653,0.99994857358834877,-5.1427734034464485e-05,5.1427734034464485e-05,0.99990718396686062,-9.2820340813919481e-05,9.2820340813919481e-05,-4.1392606779454996e-05
899,1543,0.99999994824260585,-5.1757395473431955e-08,5.1757395473431955e-08,0.99999994592609798,-5.4073903447308429e-08,5.4073903447308429e-08,-2.3165079738764737e-09
900,574,0.99999196777007326,-8.0322621853115985e-06,8.0322621853115985e-06,0.99999296109180236,-7.0389329708852117e-06,7.0389329708852117e-06,9.9332921442638683e-07
901,22954,0.99993798685902513,-6.2015063869225536e-05,6.2015063869225536e-05,0.99995002322629045,-4.997802259011328e-05,4.997802259011328e-05,1.2037041279112256e-05
902,810,0.99696258443260177,-0.0030420378763511688,0.0030420378763511688,0.99846584995270626,-0.001535328060464291,0.001535328060464291,0.0015067098158868778
903,1109,0.99999895387890902,-1.0461216381365309e-06,1.0461216381365309e-06,0.99999906848662068,-9.3151381321203662e-07,9.3151381321203662e-07,1.1460782492449426e-07
904,5606,0.99997408386092157,-2.5916474907417771e-05,2.5916474907417771e-05,0.99997289711708759,-2.7103250202176527e-05,2.7103250202176527e-05,-1.1867752947587566e-06
905,430,0.9999918456414385,-8.1543918084965376e-06,8.1543918084965376e-06,0.99999128174729879,-8.7182907054489254e-06,8.7182907054489254e-06,-5.6389889695238778e-07
906,11876,0.99998294142468069,-1.7058720818502975e-05,1.7058720818502975e-05,0.99993656245273976,-6.3439559506499007e-05,6.3439559506499007e-05,-4.6380838687996032e-05
907,52757,0.99986559371366113,-0.00013441531967320043,0.00013441531967320043,0.99989066149948924,-0.00010934447840040107,0.00010934447840040107,2.5070841272799364e-05
908,1436,0.99992940312628653,-7.0599365790035881e-05,7.0599365790035881e-05,0.99990832457592882,-9.1679626519693982e-05,9.1679626519693982e-05,-2.10802607296581e-05
909,539,0.9999984348161548,-1.5651850701133278e-06,1.5651850701133278e-06,0.99999840975751408,-1.5902437503437361e-06,1.5902437503437361e-06,-2.5058680230408225e-08
910,3243,0.99999909550029942,-9.0450010964548331e-07,9.0450010964548331e-07,0.99999820351497215,-1.79648664158481e-06,1.79648664158481e-06,-8.9198653193932666e-07
911,11,0.99983648218736543,-0.00016353118312966705,0.00016353118312966705,0.99993730371243095,-6.2698253063418313e-05,6.2698253063418313e-05,0.00010083293006624873
912,4560,0.99998388869266552,-1.6111437122935212e-05,1.6111437122935212e-05,0.99998345955248702,-1.654058430768929e-05,1.654058430768929e-05,-4.291471847540786e-07
913,311,0.99999959232097468,-4.0767910841526897e-07,4.0767910841526897e-07,0.99999888427555039,-1.1157250720790193e-06,1.1157250720790193e-06,-7.0804596366375038e-07
914,3137,0.99999077891174537,-9.221130769078419e-06,9.221130769078419e-06,0.99998354031691317,-1.6459818548892255e-05,1.6459818548892255e-05,-7.2386877798138357e-06
915,1461,0.99997744012946821,-2.2560125009465054e-05,2.2560125009465054e-05,0.99998477877335989,-1.5221342484107359e-05,1.5221342484107359e-05,7.3387825253576952e-06
916,704,0.99999981843018027,-1.8156983622475926e-07,1.8156983622475926e-07,0.99999963758866206,-3.6241140360804629e-07,3.6241140360804629e-07,-1.8084156738328703e-07
917,315,0.9999993680711029,-6.3192909677905371e-07,6.3192909677905371e-07,0.99999902021731757,-9.7978316245309956e-07,9.7978316245309956e-07,-3.4785406567404585e-07
918,29269,0.99999205002243696,-7.9500091642963378e-06,7.9500091642963378e-06,0.9999873456981373,-1.2654381929024622e-05,1.2654381929024622e-05,-4.7043727647282841e-06
919,279,0.99999336489470469,-6.6351273076940489e-06,6.6351273076940489e-06,0.99999301666414786,-6.9833602357465001e-06,6.9833602357465001e-06,-3.4823292805245116e-07
920,2316,0.99999869720979162,-1.3027910570558562e-06,1.3027910570558562e-06,0.99999678821142146,-3.2117937363609746e-06,3.2117937363609746e-06,-1.9090026793051181e-06
921,13,0.99996725404728692,-3.2746488873512535e-05,3.2746488873512535e-05,0.99996972164100983,-3.0278817388889349e-05,3.0278817388889349e-05,2.4676714846231863e-06
922,11876,0.99978826602484572,-0.00021175639395699559,0.00021175639395699559,0.99963305115054935,-0.00036701619165430756,0.00036701619165430756,-0.00015525979769731197
923,52757,0.99995580907314241,-4.4191903305313989e-05,4.4191903305313989e-05,0.99993891367214116,-6.1088193704589663e-05,6.1088193704589663e-05,-1.6896290399275674e-05
924,16436,0.99999179806163097,-8.2019720050690963e-06,8.2019720050690963e-06,0.99998794147034742,-1.2058602357249721e-05,1.2058602357249721e-05,-3.8566303521806243e-06
925,323,0.9999245929746805,-7.5409868572147497e-05,7.5409868572147497e-05,0.99994550375506985,-5.4497729904464781e-05,5.4497729904464781e-05,2.0912138667682716e-05
926,17011,0.99999469190166301,-5.308112424950256e-06,5.308112424950256e-06,0.9999936723783085,-6.3276417110203716e-06,6.3276417110203716e-06,-1.0195292860701156e-06
927,6295,0.99999674148123652,-3.2585240724382297e-06,3.2585240724382297e-06,0.99999331201191699,-6.688010447660161e-06,6.688010447660161e-06,-3.4294863752219313e-06
928,7073,0.99999545763732012,-4.5423729964524001e-06,4.5423729964524001e-06,0.9999874644978517,-1.2535580718327701e-05,1.2535580718327701e-05,-7.9932077218753005e-06
929,304,0.999928541761963,-7.1460791298497522e-05,7.1460791298497522e-05,0.99994984819193145,-5.0153065712584448e-05,5.0153065712584448e-05,2.1307725585913074e-05
930,31015,0.99999654995089537,-3.4500550561015104e-06,3.4500550561015104e-06,0.99999751339625853,-2.4866068330252307e-06,2.4866068330252307e-06,9.6344822307627963e-07
931,15992,0.99999951309702462,-4.86903093878182e-07,4.86903093878182e-07,0.99999750470357984,-2.4952995334697856e-06,2.4952995334697856e-06,-2.0083964395916038e-06
932,19558,0.99999680021236559,-3.1997927537679058e-06,3.1997927537679058e-06,0.99994819290394243,-5.1808438091524133e-05,5.1808438091524133e-05,-4.8608645337756228e-05
933,520,0.99999845851157143,-1.5414896166837699e-06,1.5414896166837699e-06,0.99999803262680464,-1.9673751306419245e-06,1.9673751306419245e-06,-4.2588551395815466e-07
934,279,0.9999917207239386,-8.2793103347573915e-06,8.2793103347573915e-06,0.99999129250764107,-8.7075302694035143e-06,8.7075302694035143e-06,-4.2821993464612275e-07
935,65580,0.99999118755700911,-8.8124818207374451e-06,8.8124818207374451e-06,0.99998526170859647,-1.4738400013239341e-05,1.4738400013239341e-05,-5.925918192501896e-06
936,11378,0.99999249722904915,-7.5027990967548288e-06,7.5027990967548288e-06,0.99997684142375465,-2.3158844409334848e-05,2.3158844409334848e-05,-1.565604531258002e-05
937,2343,0.99999464518470327,-5.3548296337803369e-06,5.3548296337803369e-06,0.99999355293761305,-6.4470831693267801e-06,6.4470831693267801e-06,-1.0922535355464432e-06
938,17453,0.99999415417082427,-5.8458462626257815e-06,5.8458462626257815e-06,0.99999701583912015,-2.9841653324327599e-06,2.9841653324327599e-06,2.8616809301930216e-06
939,23318,0.99998050533543892,-1.9494854584494488e-05,1.9494854584494488e-05,0.99999070457183259,-9.2954713701542569e-06,9.2954713701542569e-06,1.0199383214340232e-05
940,13,0.99927369317672721,-0.00072657071185738148,0.00072657071185738148,0.99961013891745132,-0.00038993709813814125,0.00038993709813814125,0.00033663361371924022
941,94965,0.99747973676024293,-0.002523444449270283,0.002523444449270283,0.99568538331826062,-0.0043239515007482965,0.0043239515007482965,-0.0018005070514780135
942,279,0.99999992209399513,-7.7906007941008164e-08,7.7906007941008164e-08,0.99999952589251839,-4.7410759403839485e-07,4.7410759403839485e-07,-3.9620158609738671e-07
943,842,0.99999973948578857,-2.6051424532615452e-07,2.6051424532615452e-07,0.99999950387668546,-4.9612343760893251e-07,4.9612343760893251e-07,-2.3560919228277799e-07
944,315,0.9999981844298822,-1.8155717659031671e-06,1.8155717659031671e-06,0.99999856533224329,-1.4346687858103538e-06,1.4346687858103538e-06,3.8090298009281325e-07
945,279,0.99999929687073574,-7.0312951144345213e-07,7.0312951144345213e-07,0.99999899126132108,-1.00873918766223e-06,1.00873918766223e-06,-3.0560967621877785e-07
946,2489,0.99999634220676814,-3.6577999216207544e-06,3.6577999216207544e-06,0.99997520245290328,-2.4797854560933698e-05,2.4797854560933698e-05,-2.1140054639312942e-05
947,11,0.99999590906346925,-4.0909448986624332e-06,4.0909448986624332e-06,0.99999527832342161,-4.7216877255932571e-06,4.7216877255932571e-06,-6.3074282693082386e-07
948,11876,0.99997358369447087,-2.6416654445917525e-05,2.6416654445917525e-05,0.99990783729412203,-9.2166953121096911e-05,9.2166953121096911e-05,-6.5750298675179382e-05
949,52757,0.99980542579065101,-0.00019459314136633093,0.00019459314136633093,0.99975007517744474,-0.00024995605896834292,0.00024995605896834292,-5.5362917602011996e-05
950,12886,0.99999774968056521,-2.2503219667662524e-06,2.2503219667662524e-06,0.9999965752709985,-3.4247348659289022e-06,3.4247348659289022e-06,-1.1744128991626498e-06
951,459,0.99999060711249821,-9.392931615274273e-06,9.392931615274273e-06,0.99999262067531847,-7.3793519089342355e-06,7.3793519089342355e-06,2.0135797063400375e-06
952,435,0.99999646870839887,-3.5312978361186606e-06,3.5312978361186606e-06,0.99998851153146795,-1.1488534525006736e-05,1.1488534525006736e-05,-7.957236688888075e-06
953,12,0.99994611775702436,-5.388369467588306e-05,5.388369467588306e-05,0.9999847122200648,-1.528789679453403e-05,1.528789679453403e-05,3.8595797881349029e-05
954,20,0.99999826561045435,-1.7343910497412323e-06,1.7343910497412323e-06,0.99999909663980824,-9.0336059974546196e-07,9.0336059974546196e-07,8.3103044999577033e-07
955,311,0.99984608223145166,-0.00015392961510373753,0.00015392961510373753,0.99990043338826429,-9.9571568819850853e-05,9.9571568819850853e-05,5.4358046283886673e-05
956,6295,0.99999792169120616,-2.0783109534732715e-06,2.0783109534732715e-06,0.99999411351999556,-5.8864973298139422e-06,5.8864973298139422e-06,-3.8081863763406707e-06
957,7073,0.99999686584650627,-3.1341584051741409e-06,3.1341584051741409e-06,0.99999298043202078,-7.0195926165137483e-06,7.0195926165137483e-06,-3.8854342113396075e-06
958,11,0.99972882951527364,-0.00027120725809028773,0.00027120725809028773,0.99980104964428296,-0.00019897014896436081,0.00019897014896436081,7.2237109125926916e-05
959,719,0.99999876943154264,-1.2305692145490735e-06,1.2305692145490735e-06,0.99999808502686516,-1.9149749684541724e-06,1.9149749684541724e-06,-6.8440575390509893e-07
960,994,0.99999651617222807,-3.4838338404458675e-06,3.4838338404458675e-06,0.99999504602511091,-4.9539871601085248e-06,4.9539871601085248e-06,-1.4701533196626573e-06
961,568,0.99999834690951217,-1.6530918541756611e-06,1.6530918541756611e-06,0.99999736865598488,-2.6313474771439874e-06,2.6313474771439874e-06,-9.7825562296832635e-07
962,4024,0.9999971366033561,-2.8634007434762411e-06,2.8634007434762411e-06,0.99999283539985506,-7.1646258107725713e-06,7.1646258107725713e-06,-4.3012250672963302e-06
963,369,0.99999952504808887,-4.7495202394114697e-07,4.7495202394114697e-07,0.99999865118144216,-1.3488194675098278e-06,1.3488194675098278e-06,-8.7386744356868073e-07
964,279,0.99999936556420044,-6.3443600076374489e-07,6.3443600076374489e-07,0.99999787715781474,-2.1228444385296957e-06,2.1228444385296957e-06,-1.4884084377659507e-06
965,9160,0.99999808170813209,-1.9182937078160367e-06,1.9182937078160367e-06,0.99999258597896568,-7.4140485183398251e-06,7.4140485183398251e-06,-5.4957548105237884e-06
966,11,0.99999717714887759,-2.8228551066637211e-06,2.8228551066637211e-06,0.99999640552534541,-3.5944811147655526e-06,3.5944811147655526e-06,-7.7162600810183142e-07
967,28653,0.99995790431505371,-4.2096570994546436e-05,4.2096570994546436e-05,0.99986258243494752,-0.00013742700771116693,0.00013742700771116693,-9.5330436716620492e-05
968,1543,0.99999985867268038,-1.4132732962221344e-07,1.4132732962221344e-07,0.99999985260313307,-1.4739687783155287e-07,1.4739687783155287e-07,-6.0695482093394306e-09
969,13541,0.99999623754552747,-3.7624615505868109e-06,3.7624615505868109e-06,0.99999452715121784,-5.4728637582787448e-06,5.4728637582787448e-06,-1.7104022076919338e-06
970,279,0.99999826342745657,-1.7365740512847249e-06,1.7365740512847249e-06,0.9999963913814206,-3.6086250904417728e-06,3.6086250904417728e-06,-1.872051039157048e-06
971,55302,0.99999149017272904,-8.509863479711372e-06,8.509863479711372e-06,0.99998109544516389,-1.8904733529403042e-05,1.8904733529403042e-05,-1.039487004969167e-05
972,704,0.99999983208674736,-1.6791326673777461e-07,1.6791326673777461e-07,0.99999966831340348,-3.3168665153701889e-07,3.3168665153701889e-07,-1.6377338479924428e-07
973,315,0.99999976666906232,-2.3333096486155325e-07,2.3333096486155325e-07,0.99999948258200211,-5.1741813170572036e-07,5.1741813170572036e-07,-2.8408716684416711e-07
974,279,0.99999955996511414,-4.4003498266990531e-07,4.4003498266990531e-07,0.99999870627287835,-1.2937279585598426e-06,1.2937279585598426e-06,-8.5369297588993729e-07
975,10264,0.99999862397411932,-1.3760268274438815e-06,1.3760268274438815e-06,0.99999651129333222,-3.4887127533633468e-06,3.4887127533633468e-06,-2.1126859259194651e-06
976,13,0.99687592067831765,-0.0031289694448975477,0.0031289694448975477,0.99743383942949726,-0.0025694588042794366,0.0025694588042794366,0.00055951064061811112
977,1115,0.99992407658392135,-7.5926298407049252e-05,7.5926298407049252e-05,0.99988081835087539,-0.00011918875182175558,0.00011918875182175558,-4.3262453414706327e-05
978,5535,0.99998833891199523,-1.1661155995780965e-05,1.1661155995780965e-05,0.99996498725717564,-3.5013355784793965e-05,3.5013355784793965e-05,-2.3352199789013e-05
979,6295,0.99999781486869144,-2.1851336960038259e-06,2.1851336960038259e-06,0.99999392042634849,-6.0795921321835673e-06,6.0795921321835673e-06,-3.8944584361797414e-06
980,7073,0.99999837050225382,-1.629499073866668e-06,1.629499073866668e-06,0.99999565858360484,-4.3414258190799051e-06,4.3414258190799051e-06,-2.7119267452132373e-06
981,311,0.9999994659881265,-5.3401201613051619e-07,5.3401201613051619e-07,0.99999822623919921,-1.7737623739375641e-06,1.7737623739375641e-06,-1.2397503578070479e-06
982,53825,0.99990164882403465,-9.8356012759374373e-05,9.8356012759374373e-05,0.99986765376892184,-0.00013235498961336952,0.00013235498961336952,-3.399897685399515e-05
983,323,0.99999230381511106,-7.6962145047347759e-06,7.6962145047347759e-06,0.99998965036641019,-1.0349687147598289e-05,1.0349687147598289e-05,-2.6534726428635134e-06
984,45374,0.99497322492666873,-0.0050394518070530844,0.0050394518070530844,0.9958865496181929,-0.0041219338911510171,0.0041219338911510171,0.00091751791590206737
985,311,0.99999906635056246,-9.3364987343598079e-07,9.3364987343598079e-07,0.99999703619560865,-2.9638087834637985e-06,2.9638087834637985e-06,-2.0301589100278177e-06
986,523,0.99937044038723033,-0.00062975786863627857,0.00062975786863627857,0.99960139065429199,-0.00039868881153112552,0.00039868881153112552,0.00023106905710515305
987,8099,0.99998643674623588,-1.3563345745924541e-05,1.3563345745924541e-05,0.99998358167566959,-1.6418459112590557e-05,1.6418459112590557e-05,-2.8551133666660156e-06
988,24705,0.99999942574888445,-5.7425128040214798e-07,5.7425128040214798e-07,0.99999944976149402,-5.5023865735729447e-07,5.5023865735729447e-07,2.4012623044853518e-08
989,11876,0.99996221658245965,-3.7784131351628965e-05,3.7784131351628965e-05,0.99988728189661713,-0.0001127244565457483,0.0001127244565457483,-7.4940325194119338e-05
990,52757,0.99999301171881727,-6.9883056008442357e-06,6.9883056008442357e-06,0.99999472772037357,-5.2722935249677531e-06,5.2722935249677531e-06,1.7160120758764826e-06
991,389,0.9999627022171973,-3.7298478382317538e-05,3.7298478382317538e-05,0.99993787722033101,-6.2124709368788377e-05,6.2124709368788377e-05,-2.4826230986470838e-05
992,264,0.99999651356900354,-3.4864370741057205e-06,3.4864370741057205e-06,0.99999541813441739,-4.5818760793390947e-06,4.5818760793390947e-06,-1.0954390052333742e-06
993,9699,0.99999788499573306,-2.1150065035166431e-06,2.1150065035166431e-06,0.99999524175953503,-4.7582517854770648e-06,4.7582517854770648e-06,-2.6432452819604216e-06
994,10716,0.99999365361645465,-6.3464036837830225e-06,6.3464036837830225e-06,0.99997511045386922,-2.4889855880638685e-05,2.4889855880638685e-05,-1.8543452196855663e-05
995,13,0.99368145935195573,-0.006338587113556355,0.006338587113556355,0.99751261400341829,-0.002490484680611776,0.002490484680611776,0.003848102432944579
996,7073,0.99983539675777877,-0.00016461679082165371,0.00016461679082165371,0.99969606401657773,-0.00030398218132433668,0.00030398218132433668,-0.00013936539050268297
997,4024,0.99994975113710749,-5.0250125408959525e-05,5.0250125408959525e-05,0.99994696923989068,-5.3032166289766933e-05,5.3032166289766933e-05,-2.7820408808074078e-06
998,389,0.9999994220031595,-5.7799700752644417e-07,5.7799700752644417e-07,0.99999837677861858,-1.6232226988849751e-06,1.6232226988849751e-06,-1.0452256913585309e-06
999,311,0.99999979679967499,-2.0320034566585991e-07,2.0320034566585991e-07,0.99999839460566919,-1.6053956194293572e-06,1.6053956194293572e-06,-1.4021952737634973e-06
1000,9160,0.99999037203271735,-9.6280136318094687e-06,9.6280136318094687e-06,0.9999859398484735,-1.4060250371354096e-05,1.4060250371354096e-05,-4.432236739544627e-06
1001,11876,0.99998384077704627,-1.6159353515347775e-05,1.6159353515347775e-05,0.99995061577304367,-4.9385446397381898e-05,4.9385446397381898e-05,-3.3226092882034119e-05
1002,52757,0.99444460390509593,-0.0055708846979750813,0.0055708846979750813,0.9956718849209818,-0.0043375084827065339,0.0043375084827065339,0.0012333762152685473
1003,323,0.9999688938994391,-3.1106584365623914e-05,3.1106584365623914e-05,0.99997939562408766,-2.0604588185413913e-05,2.0604588185413913e-05,1.0501996180210001e-05
1004,3243,0.99997027794150506,-2.9722500204053641e-05,2.9722500204053641e-05,0.99996965391026227,-3.0346550189643215e-05,3.0346550189643215e-05,-6.2404998558957371e-07
1005,279,0.99999941724059649,-5.8275957332409826e-07,5.8275957332409826e-07,0.99999863958844615,-1.3604124792326643e-06,1.3604124792326643e-06,-7.7765290590856601e-07
1006,2316,0.99999936094245401,-6.3905775013505284e-07,6.3905775013505284e-07,0.99999868585687202,-1.3141439914482681e-06,1.3141439914482681e-06,-6.7508624131321528e-07
1007,13,0.83526266171953312,-0.18000903866288465,0.18000903866288465,0.89124746583487857,-0.11513315064069925,0.11513315064069925,0.064875888022185399
1008,1115,0.99833855197807098,-0.0016628297573603264,0.0016628297573603264,0.99862122383386231,-0.0013797275525956679,0.0013797275525956679,0.00028310220476465849
1009,4814,0.9999935199395521,-6.4800814435370779e-06,6.4800814435370779e-06,0.99997873691753147,-2.1263308531113224e-05,2.1263308531113224e-05,-1.4783227087576147e-05
1010,574,0.99999832873407146,-1.6712673250689065e-06,1.6712673250689065e-06,0.9999974033888932,-2.5966144779757897e-06,2.5966144779757897e-06,-9.2534715290688324e-07
1011,11876,0.99998967582783371,-1.0324225460914147e-05,1.0324225460914147e-05,0.99996665725978706,-3.3343296094512091e-05,3.3343296094512091e-05,-2.3019070633597943e-05
1012,52757,0.99793533930772127,-0.0020667950424778738,0.0020667950424778738,0.99844842356913344,-0.0015527813721105707,0.0015527813721105707,0.00051401367036730313
1013,596,0.99999770808048316,-2.291922143292815e-06,2.291922143292815e-06,0.99999614015532978,-3.8598521193946629e-06,3.8598521193946629e-06,-1.5679299761018478e-06
1014,1176,0.99999727722857534,-2.7227751314156078e-06,2.7227751314156078e-06,0.99999482635417125,-5.1736592120508626e-06,5.1736592120508626e-06,-2.4508840806352548e-06
1015,9160,0.99997530811298985,-2.4692191859761592e-05,2.4692191859761592e-05,0.99997119975656024,-2.8800658174757363e-05,2.8800658174757363e-05,-4.1084663149957712e-06
1016,13772,0.99999348876389049,-6.5112573076454925e-06,6.5112573076454925e-06,0.99999749265260462,-2.5073505388291024e-06,2.5073505388291024e-06,4.0039067688163906e-06
1017,4814,0.99999874022131852,-1.2597794750251761e-06,1.2597794750251761e-06,0.9999927210967362,-7.2789297551634142e-06,7.2789297551634142e-06,-6.0191502801382383e-06
1018,304,0.99999917416353157,-8.2583680943884291e-07,8.2583680943884291e-07,0.99999889448703616,-1.105513574892465e-06,1.105513574892465e-06,-2.7967676545362208e-07
1019,34538,0.99999650458471523,-3.4954213937829498e-06,3.4954213937829498e-06,0.99999737029517899,-2.6297082786824322e-06,2.6297082786824322e-06,8.6571311510051768e-07
1020,323,0.99976789017234802,-0.00023213676930707486,0.00023213676930707486,0.9998922946002744,-0.00010771120036868883,0.00010771120036868883,0.00012442556893838604
1021,6197,0.99999938928237453,-6.1071781190679976e-07,6.1071781190679976e-07,0.99999906432523233,-9.3567520544356844e-07,9.3567520544356844e-07,-3.2495739353676868e-07
1022,11876,0.99998562755829679,-1.4372544987789103e-05,1.4372544987789103e-05,0.99997620560694434,-2.3794676146766265e-05,2.3794676146766265e-05,-9.4221311589771615e-06
1023,52757,0.99843801240951235,-0.0015632087649092605,0.0015632087649092605,0.99837570914536211,-0.0016256114452373612,0.0016256114452373612,-6.2402680328100743e-05
