token_index,token_id,probability,logprob,nll,reference_probability,reference_logprob,reference_nll,nll_drift
0,791,0.99896274318822853,-0.0010377951349033136,0.0010377951349033136,0.99896274318822853,-0.0010377951349033136,0.0010377951349033136,0
1,220,0.99999382196381315,-6.1780552709892378e-06,6.1780552709892378e-06,0.99999382196381315,-6.1780552709892378e-06,6.1780552709892378e-06,0
2,1049,0.99999999009480345,-9.9051966138284579e-09,9.9051966138284579e-09,0.99999999009480345,-9.9051966138284579e-09,9.9051966138284579e-09,0
3,18,0.99999999173134702,-8.2686530613702664e-09,8.2686530613702664e-09,0.99999999173134702,-8.2686530613702664e-09,8.2686530613702664e-09,0
4,16867,0.99999987541590962,-1.2458409815993418e-07,1.2458409815993418e-07,0.99999987541590962,-1.2458409815993418e-07,1.2458409815993418e-07,0
5,13892,0.99977844510911029,-0.00022157943780025648,0.00022157943780025648,0.99977844510911029,-0.00022157943780025648,0.00022157943780025648,0
6,78149,0.99999941988939967,-5.8011076857878572e-07,5.8011076857878572e-07,0.99999941988939967,-5.8011076857878572e-07,5.8011076857878572e-07,0
7,3280,0.99999981054408604,-1.8945593187045371e-07,1.8945593187045371e-07,0.99999981054408604,-1.8945593187045371e-07,1.8945593187045371e-07,0
8,574,0.99994653941837863,-5.3462010689182453e-05,5.3462010689182453e-05,0.99994653941837863,-5.3462010689182453e-05,5.3462010689182453e-05,0
9,264,0.99988566987061211,-0.00011433666557532979,0.00011433666557532979,0.99988566987061211,-0.00011433666557532979,0.00011433666557532979,0
10,10284,0.97738007760518797,-0.022879677405602119,0.022879677405602119,0.97738007760518797,-0.022879677405602119,0.022879677405602119,0
11,3770,0.99997291651859133,-2.7083848172735369e-05,2.7083848172735369e-05,0.99997291651859133,-2.7083848172735369e-05,2.7083848172735369e-05,0
12,5578,0.95176404320790209,-0.04943812868480655,0.04943812868480655,0.95176404320790209,-0.04943812868480655,0.04943812868480655,0
13,1060,0.99996506472512581,-3.4935885125072828e-05,3.4935885125072828e-05,0.99996506472512581,-3.4935885125072828e-05,3.4935885125072828e-05,0
14,4930,0.78245095777420481,-0.24532403230289584,0.24532403230289584,0.78245095777420481,-0.24532403230289584,0.24532403230289584,0
15,4261,0.99999896174626035,-1.0382542786895611e-06,1.0382542786895611e-06,0.99999896174626035,-1.0382542786895611e-06,1.0382542786895611e-06,0
16,315,0.99992474977972146,-7.5253051718449164e-05,7.5253051718449164e-05,0.99992474977972146,-7.5253051718449164e-05,7.5253051718449164e-05,0
17,35148,0.99999659554917253,-3.4044566225863587e-06,3.4044566225863587e-06,0.99999659554917253,-3.4044566225863587e-06,3.4044566225863587e-06,0
18,44448,0.98215099133417261,-0.01801022345127163,0.01801022345127163,0.98215099133417261,-0.01801022345127163,0.01801022345127163,0
19,86945,0.99975390479337345,-0.0002461254930208727,0.0002461254930208727,0.99975390479337345,-0.0002461254930208727,0.0002461254930208727,0
20,14093,0.99999964300243227,-3.5699763145971884e-07,3.5699763145971884e-07,0.99999964300243227,-3.5699763145971884e-07,3.5699763145971884e-07,0
21,11,0.71386495325712052,-0.33706147562845545,0.33706147562845545,0.71386495325712052,-0.33706147562845545,0.33706147562845545,0
22,449,0.97683078749734364,-0.023441837950422668,0.023441837950422668,0.97683078749734364,-0.023441837950422668,0.023441837950422668,0
23,220,0.84103358062784284,-0.17312369040344169,0.17312369040344169,0.84103358062784284,-0.17312369040344169,0.17312369040344169,0
24,2148,0.99996031536049079,-3.9685426965306694e-05,3.9685426965306694e-05,0.99996031536049079,-3.9685426965306694e-05,3.9685426965306694e-05,0
25,35148,0.99997838757445501,-2.1612659096812852e-05,2.1612659096812852e-05,0.99997838757445501,-2.1612659096812852e-05,2.1612659096812852e-05,0
26,39300,0.99997837878423301,-2.1621449508812065e-05,2.1621449508812065e-05,0.99997837878423301,-2.1621449508812065e-05,2.1621449508812065e-05,0
27,919,0.99999948850362463,-5.1149650623127835e-07,5.1149650623127835e-07,0.99999948850362463,-5.1149650623127835e-07,5.1149650623127835e-07,0
28,11,0.52743234436782571,-0.63973467898016889,0.63973467898016889,0.52743234436782571,-0.63973467898016889,0.63973467898016889,0
29,220,0.97883048779656767,-0.021396799761639961,0.021396799761639961,0.97883048779656767,-0.021396799761639961,0.021396799761639961,0
30,1691,0.99999602179620573,-3.9782117072983323e-06,3.9782117072983323e-06,0.99999602179620573,-3.9782117072983323e-06,3.9782117072983323e-06,0
31,7086,0.99840708723299276,-0.0015941828014307928,0.0015941828014307928,0.99840708723299276,-0.0015941828014307928,0.0015941828014307928,0
32,44583,0.99998831416702672,-1.1685901253193546e-05,1.1685901253193546e-05,0.99998831416702672,-1.1685901253193546e-05,1.1685901253193546e-05,0
33,11,0.99995746095030702,-4.2539954504049903e-05,4.2539954504049903e-05,0.99995746095030702,-4.2539954504049903e-05,4.2539954504049903e-05,0
34,323,0.99999884385176108,-1.1561489072914097e-06,1.1561489072914097e-06,0.99999884385176108,-1.1561489072914097e-06,1.1561489072914097e-06,0
35,220,0.99999919543521532,-8.0456510839283265e-07,8.0456510839283265e-07,0.99999919543521532,-8.0456510839283265e-07,8.0456510839283265e-07,0
36,975,0.9999992236400771,-7.7636022427732654e-07,7.7636022427732654e-07,0.9999992236400771,-7.7636022427732654e-07,7.7636022427732654e-07,0
37,13892,0.99998163029813492,-1.8369870590155532e-05,1.8369870590155532e-05,0.99998163029813492,-1.8369870590155532e-05,1.8369870590155532e-05,0
38,764,0.99999901252637124,-9.8747411631133245e-07,9.8747411631133245e-07,0.99999901252637124,-9.8747411631133245e-07,9.8747411631133245e-07,0
39,29639,0.99999540384500774,-4.5961655546481389e-06,4.5961655546481389e-06,0.99999540384500774,-4.5961655546481389e-06,4.5961655546481389e-06,0
40,13,0.99360540597285507,-0.0064151270237874924,0.0064151270237874924,0.99360540597285507,-0.0064151270237874924,0.0064151270237874924,0
41,578,0.99729071646826062,-0.0027129602827759671,0.0027129602827759671,0.99729071646826062,-0.0027129602827759671,0.0027129602827759671,0
42,3280,0.99987505923608233,-0.00012494856966514136,0.00012494856966514136,0.99987505923608233,-0.00012494856966514136,0.00012494856966514136,0
43,10837,0.71177933730889109,-0.33998733511512202,0.33998733511512202,0.71177933730889109,-0.33998733511512202,0.33998733511512202,0
44,1060,0.73537347193945524,-0.30737678373344407,0.30737678373344407,0.73537347193945524,-0.30737678373344407,0.30737678373344407,0
45,21691,0.99852853507562067,-0.0014725485920743136,0.0014725485920743136,0.99852853507562067,-0.0014725485920743136,0.0014725485920743136,0
46,11,0.99995078647342728,-4.9214737598073629e-05,4.9214737598073629e-05,0.99995078647342728,-4.9214737598073629e-05,4.9214737598073629e-05,0
47,449,0.99973304991448397,-0.00026698572303250189,0.00026698572303250189,0.99973304991448397,-0.00026698572303250189,0.00026698572303250189,0
48,279,0.99539587476911828,-0.0046147568609078557,0.0046147568609078557,0.99539587476911828,-0.0046147568609078557,0.0046147568609078557,0
49,1176,0.99998840509112974,-1.1594976091721762e-05,1.1594976091721762e-05,0.99998840509112974,-1.1594976091721762e-05,1.1594976091721762e-05,0
50,13766,0.99999758409919892,-2.4159037193339521e-06,2.4159037193339521e-06,0.99999758409919892,-2.4159037193339521e-06,2.4159037193339521e-06,0
51,11,0.90186245005629184,-0.10329326494232065,0.10329326494232065,0.90186245005629184,-0.10329326494232065,0.10329326494232065,0
52,816,0.99997854777358564,-2.1452456516645688e-05,2.1452456516645688e-05,0.99997854777358564,-2.1452456516645688e-05,2.1452456516645688e-05,0
53,3852,0.99999951941708232,-4.8058303312983667e-07,4.8058303312983667e-07,0.99999951941708232,-4.8058303312983667e-07,4.8058303312983667e-07,0
54,276,0.99999993070035209,-6.9299650281765066e-08,6.9299650281765066e-08,0.99999993070035209,-6.9299650281765066e-08,6.9299650281765066e-08,0
55,11,0.99999904893430924,-9.5106614299257501e-07,9.5106614299257501e-07,0.99999904893430924,-9.5106614299257501e-07,9.5106614299257501e-07,0
56,11469,0.99994937005338247,-5.0631228356539885e-05,5.0631228356539885e-05,0.99994937005338247,-5.0631228356539885e-05,5.0631228356539885e-05,0
57,9909,0.99277223547572024,-0.0072540113613977436,0.0072540113613977436,0.99277223547572024,-0.0072540113613977436,0.0072540113613977436,0
58,315,0.99999997030858601,-2.9691414441503493e-08,2.9691414441503493e-08,0.99999997030858601,-2.9691414441503493e-08,2.9691414441503493e-08,0
59,279,0.99999979616889312,-2.0383112763071082e-07,2.0383112763071082e-07,0.99999979616889312,-2.0383112763071082e-07,2.0383112763071082e-07,0
60,30508,0.99999403652992391,-5.9634878576768607e-06,5.9634878576768607e-06,0.99999403652992391,-5.9634878576768607e-06,5.9634878576768607e-06,0
61,23028,0.99999981404367022,-1.8595634701707803e-07,1.8595634701707803e-07,0.99999981404367022,-1.8595634701707803e-07,1.8595634701707803e-07,0
62,389,0.99996263490294968,-3.736579514290318e-05,3.736579514290318e-05,0.99996263490294968,-3.736579514290318e-05,3.736579514290318e-05,0
63,6186,0.99999620514628695,-3.7948609134772216e-06,3.7948609134772216e-06,0.99999620514628695,-3.7948609134772216e-06,3.7948609134772216e-06,0
64,220,0.99999983558256045,-1.6441745301395853e-07,1.6441745301395853e-07,0.99999983558256045,-1.6441745301395853e-07,1.6441745301395853e-07,0
65,868,0.99999953288738019,-4.6711272886802126e-07,4.6711272886802126e-07,0.99999953288738019,-4.6711272886802126e-07,4.6711272886802126e-07,0
66,13,0.60227918835892413,-0.50703417314239507,0.50703417314239507,0.60227918835892413,-0.50703417314239507,0.50703417314239507,0
67,578,0.4782118730760701,-0.73770139558343317,0.73770139558343317,0.4782118730760701,-0.73770139558343317,0.73770139558343317,0
68,3280,0.75027035922367058,-0.28732165844381902,0.28732165844381902,0.75027035922367058,-0.28732165844381902,0.28732165844381902,0
69,574,0.63715371846182811,-0.45074433625545446,0.45074433625545446,0.63715371846182811,-0.45074433625545446,0.45074433625545446,0
70,13160,0.54071616642974951,-0.6148607839663367,0.6148607839663367,0.54071616642974951,-0.6148607839663367,0.6148607839663367,0
71,555,0.99999971037797986,-2.896220621366517e-07,2.896220621366517e-07,0.99999971037797986,-2.896220621366517e-07,2.896220621366517e-07,0
72,3892,0.98608976203301035,-0.014007891978441158,0.014007891978441158,0.98608976203301035,-0.014007891978441158,0.014007891978441158,0
73,5199,0.85952825379748166,-0.15137158233479178,0.15137158233479178,0.85952825379748166,-0.15137158233479178,0.15137158233479178,0
74,44583,0.94167087716657294,-0.060099452752367638,0.060099452752367638,0.94167087716657294,-0.060099452752367638,0.060099452752367638,0
75,11,0.99996553516802633,-3.4465425899637466e-05,3.4465425899637466e-05,0.99996553516802633,-3.4465425899637466e-05,3.4465425899637466e-05,0
76,2737,0.99999382544093984,-6.1745781228019591e-06,6.1745781228019591e-06,0.99999382544093984,-6.1745781228019591e-06,6.1745781228019591e-06,0
77,14221,0.81118436681726636,-0.20925991800588689,0.20925991800588689,0.81118436681726636,-0.20925991800588689,0.20925991800588689,0
78,78149,0.99990167371173644,-9.8331122609964083e-05,9.8331122609964083e-05,0.99990167371173644,-9.8331122609964083e-05,9.8331122609964083e-05,0
79,735,0.90284972852967726,-0.10219915300182647,0.10219915300182647,0.90284972852967726,-0.10219915300182647,0.10219915300182647,0
80,9832,0.99999968783977411,-3.1216027464598121e-07,3.1216027464598121e-07,0.99999968783977411,-3.1216027464598121e-07,3.1216027464598121e-07,0
81,9008,0.99999983974643947,-1.6025357333827773e-07,1.6025357333827773e-07,0.99999983974643947,-1.6025357333827773e-07,1.6025357333827773e-07,0
82,11,0.99998805723919548,-1.1942832119854231e-05,1.1942832119854231e-05,0.99998805723919548,-1.1942832119854231e-05,1.1942832119854231e-05,0
83,902,0.98821255843088107,-0.011857464261356648,0.011857464261356648,0.98821255843088107,-0.011857464261356648,0.011857464261356648,0
84,6244,0.99684064341102596,-0.0031643578927148248,0.0031643578927148248,0.99684064341102596,-0.0031643578927148248,0.0031643578927148248,0
85,832,0.99999522996424051,-4.7700471361555779e-06,4.7700471361555779e-06,0.99999522996424051,-4.7700471361555779e-06,4.7700471361555779e-06,0
86,315,0.99999913502125259,-8.649791214905128e-07,8.649791214905128e-07,0.99999913502125259,-8.649791214905128e-07,8.649791214905128e-07,0
87,279,0.99999963137447567,-3.6862559227624686e-07,3.6862559227624686e-07,0.99999963137447567,-3.6862559227624686e-07,3.6862559227624686e-07,0
88,22807,0.99999911801999686,-8.8198039213077713e-07,8.8198039213077713e-07,0.99999911801999686,-8.8198039213077713e-07,8.8198039213077713e-07,0
89,65265,0.97722987309087794,-0.023033369976902345,0.023033369976902345,0.97722987309087794,-0.023033369976902345,0.023033369976902345,0
90,16867,0.99998776330376493,-1.2236771104034376e-05,1.2236771104034376e-05,0.99998776330376493,-1.2236771104034376e-05,1.2236771104034376e-05,0
91,13892,0.99999755197244033,-2.448030556108618e-06,2.448030556108618e-06,0.99999755197244033,-2.448030556108618e-06,2.448030556108618e-06,0
92,764,0.99999924461832523,-7.5538196011990778e-07,7.5538196011990778e-07,0.99999924461832523,-7.5538196011990778e-07,7.5538196011990778e-07,0
93,29639,0.99998970613568583,-1.0293917296303365e-05,1.0293917296303365e-05,0.99998970613568583,-1.0293917296303365e-05,1.0293917296303365e-05,0
94,304,0.9999541114955961,-4.588955731355315e-05,4.588955731355315e-05,0.9999541114955961,-4.588955731355315e-05,4.588955731355315e-05,0
95,3925,0.99999711705167005,-2.8829524857030692e-06,2.8829524857030692e-06,0.99999711705167005,-2.8829524857030692e-06,2.8829524857030692e-06,0
96,323,0.57137266897447925,-0.55971362201568153,0.55971362201568153,0.57137266897447925,-0.55971362201568153,0.55971362201568153,0
97,63260,0.87034832004541329,-0.1388617795910457,0.1388617795910457,0.87034832004541329,-0.1388617795910457,0.1388617795910457,0
98,11323,0.9988289851282286,-0.001171701045418346,0.001171701045418346,0.9988289851282286,-0.001171701045418346,0.001171701045418346,0
99,266,0.9999959181990723,-4.0818092582243476e-06,4.0818092582243476e-06,0.9999959181990723,-4.0818092582243476e-06,4.0818092582243476e-06,0
100,5848,0.99999353511559952,-6.4649052979477034e-06,6.4649052979477034e-06,0.99999353511559952,-6.4649052979477034e-06,6.4649052979477034e-06,0
101,7576,0.99999904204266943,-9.5795778944044385e-07,9.5795778944044385e-07,0.99999904204266943,-9.5795778944044385e-07,9.5795778944044385e-07,0
102,369,0.99996217499985363,-3.7825715529689343e-05,3.7825715529689343e-05,0.99996217499985363,-3.7825715529689343e-05,3.7825715529689343e-05,0
103,1202,0.99999813770965473,-1.8622920793146839e-06,1.8622920793146839e-06,0.99999813770965473,-1.8622920793146839e-06,1.8622920793146839e-06,0
104,57899,0.99955514370262244,-0.00044495527529522853,0.00044495527529522853,0.99955514370262244,-0.00044495527529522853,0.00044495527529522853,0
105,4216,0.99999822151919138,-1.7784823901476267e-06,1.7784823901476267e-06,0.99999822151919138,-1.7784823901476267e-06,1.7784823901476267e-06,0
106,25949,0.99998689860874945,-1.3101477074517004e-05,1.3101477074517004e-05,0.99998689860874945,-1.3101477074517004e-05,1.3101477074517004e-05,0
107,13,0.86199836408486241,-0.14850190613362946,0.14850190613362946,0.86199836408486241,-0.14850190613362946,0.14850190613362946,0
108,14221,0.99200682894962322,-0.0080252876991614222,0.0080252876991614222,0.99200682894962322,-0.0080252876991614222,0.0080252876991614222,0
109,78149,0.99998153340690143,-1.8466763608158634e-05,1.8466763608158634e-05,0.99998153340690143,-1.8466763608158634e-05,1.8466763608158634e-05,0
110,2417,0.99946960374969052,-0.00053053696015753938,0.00053053696015753938,0.99946960374969052,-0.00053053696015753938,0.00053053696015753938,0
111,65,0.99999970519287318,-2.9480717029644156e-07,2.9480717029644156e-07,0.99999970519287318,-2.9480717029644156e-07,2.9480717029644156e-07,0
112,7835,0.99962313299653505,-0.00037693803568108694,0.00037693803568108694,0.99962313299653505,-0.00037693803568108694,0.00037693803568108694,0
113,9057,0.97100212209596404,-0.029426625218469095,0.029426625218469095,0.97100212209596404,-0.029426625218469095,0.029426625218469095,0
114,3892,0.9996475724497248,-0.00035248966745931784,0.00035248966745931784,0.9996475724497248,-0.00035248966745931784,0.00035248966745931784,0
115,16779,0.99999852192864158,-1.4780724507656207e-06,1.4780724507656207e-06,0.99999852192864158,-1.4780724507656207e-06,1.4780724507656207e-06,0
116,323,0.99999981540210248,-1.8459791456910378e-07,1.8459791456910378e-07,0.99999981540210248,-1.8459791456910378e-07,1.8459791456910378e-07,0
117,16781,0.99999598763998931,-4.0123680602481558e-06,4.0123680602481558e-06,0.99999598763998931,-4.0123680602481558e-06,4.0123680602481558e-06,0
118,5674,0.99998859712983701,-1.140293517615663e-05,1.140293517615663e-05,0.99998859712983701,-1.140293517615663e-05,1.140293517615663e-05,0
119,4028,0.99992217378380455,-7.7829244812570487e-05,7.7829244812570487e-05,0.99992217378380455,-7.7829244812570487e-05,7.7829244812570487e-05,0
120,279,0.99999961362480649,-3.8637526818832421e-07,3.8637526818832421e-07,0.99999961362480649,-3.8637526818832421e-07,3.8637526818832421e-07,0
121,26363,0.99999767211780721,-2.3278849022598776e-06,2.3278849022598776e-06,0.99999767211780721,-2.3278849022598776e-06,2.3278849022598776e-06,0
122,323,0.99999962589731617,-3.7410275385376959e-07,3.7410275385376959e-07,0.99999962589731617,-3.7410275385376959e-07,3.7410275385376959e-07,0
123,5734,0.99999733256041912,-2.6674431385621767e-06,2.6674431385621767e-06,0.99999733256041912,-2.6674431385621767e-06,2.6674431385621767e-06,0
124,11,0.95889249249011355,-0.041976314147014943,0.041976314147014943,0.95889249249011355,-0.041976314147014943,0.041976314147014943,0
125,1418,0.99868597200598797,-0.0013148920858400202,0.0013148920858400202,0.99868597200598797,-0.0013148920858400202,0.0013148920858400202,0
126,14221,0.99997861177014802,-2.138845858344686e-05,2.138845858344686e-05,0.99997861177014802,-2.138845858344686e-05,2.138845858344686e-05,0
127,78149,0.99999988513598403,-1.1486402258016987e-07,1.1486402258016987e-07,0.99999988513598403,-1.1486402258016987e-07,1.1486402258016987e-07,0
128,11583,0.99999246962813004,-7.5304002233946043e-06,7.5304002233946043e-06,0.99999246962813004,-7.5304002233946043e-06,7.5304002233946043e-06,0
129,22530,0.99997753001378875,-2.247023866521301e-05,2.247023866521301e-05,0.99997753001378875,-2.247023866521301e-05,2.247023866521301e-05,0
130,6244,0.9941548291224056,-0.0058623207508359245,0.0058623207508359245,0.9941548291224056,-0.0058623207508359245,0.0058623207508359245,0
131,832,0.99996177424946742,-3.8226481155230367e-05,3.8226481155230367e-05,0.99996177424946742,-3.8226481155230367e-05,3.8226481155230367e-05,0
132,315,0.99999946347259094,-5.3652755300619463e-07,5.3652755300619463e-07,0.99999946347259094,-5.3652755300619463e-07,5.3652755300619463e-07,0
133,279,0.9999996220126034,-3.7798746805320435e-07,3.7798746805320435e-07,0.9999996220126034,-3.7798746805320435e-07,3.7798746805320435e-07,0
134,2853,0.99998677807173753,-1.3222015672952775e-05,1.3222015672952775e-05,0.99998677807173753,-1.3222015672952775e-05,1.3222015672952775e-05,0
135,24013,0.99999829731626899,-1.702685180564719e-06,1.702685180564719e-06,0.99999829731626899,-1.702685180564719e-06,1.702685180564719e-06,0
136,13892,0.99999322568343862,-6.774339507109534e-06,6.774339507109534e-06,0.99999322568343862,-6.774339507109534e-06,6.774339507109534e-06,0
137,764,0.99999947010172618,-5.2989841419476789e-07,5.2989841419476789e-07,0.99999947010172618,-5.2989841419476789e-07,5.2989841419476789e-07,0
138,29639,0.99999946922783933,-5.3077230158228609e-07,5.3077230158228609e-07,0.99999946922783933,-5.3077230158228609e-07,5.3077230158228609e-07,0
139,304,0.99999930370781287,-6.9629242955284133e-07,6.9629242955284133e-07,0.99999928737297505,-7.1262727884292073e-07,7.1262727884292073e-07,-1.6334849290079405e-08
140,12715,0.99999956949058577,-4.3050950685572199e-07,4.3050950685572199e-07,0.9999994772433608,-5.2275677578707975e-07,5.2275677578707975e-07,-9.2247268931357762e-08
141,3925,0.99999763340791847,-2.3665948818805575e-06,2.3665948818805575e-06,0.99999729662512238,-2.703378531755802e-06,2.703378531755802e-06,-3.3678364987524442e-07
142,1306,0.99994916714407134,-5.0834147962060804e-05,5.0834147962060804e-05,0.99994049681485631,-5.9504955528443992e-05,5.9504955528443992e-05,-8.6708075663831873e-06
143,21933,0.99998613049341722,-1.3869602765291294e-05,1.3869602765291294e-05,0.99998615916375622,-1.3840932029067378e-05,1.3840932029067378e-05,2.8670736223915675e-08
144,4987,0.99999799018231272,-2.009819706911711e-06,2.009819706911711e-06,0.9999980848301423,-1.9151716916037903e-06,1.9151716916037903e-06,9.4648015307920739e-08
145,12126,0.99999938633066665,-6.1366952164163553e-07,6.1366952164163553e-07,0.99999933731807478,-6.6268214474246392e-07,6.6268214474246392e-07,-4.9012623100828392e-08
146,13,0.77146873430025753,-0.25945913385849922,0.25945913385849922,0.77373648193488875,-0.25652392597938756,0.25652392597938756,0.0029352078791116676
147,578,0.96220418578847677,-0.038528599499186258,0.038528599499186258,0.96186172043788809,-0.03888458039682291,0.03888458039682291,-0.00035598089763665131
148,3280,0.99992002585433781,-7.997734376470714e-05,7.997734376470714e-05,0.99995152607518867,-4.8475099710027337e-05,4.8475099710027337e-05,3.1502244054679804e-05
149,8036,0.9979807933587721,-0.0020212479873539281,0.0020212479873539281,0.99716094039452052,-0.0028430973793325126,0.0028430973793325126,-0.0008218493919785845
150,449,0.99999677281247834,-3.2271927290474952e-06,3.2271927290474952e-06,0.99999691805495328,-3.0819497959133471e-06,3.0819497959133471e-06,1.452429331341481e-07
151,279,0.99999004224929067,-9.9578002880681463e-06,9.9578002880681463e-06,0.99999001534257304,-9.9847072739729358e-06,9.9847072739729358e-06,-2.6906985904789519e-08
152,14091,0.99999510244005985,-4.8975719332859313e-06,4.8975719332859313e-06,0.99999527121808951,-4.728793091176553e-06,4.728793091176553e-06,1.6877884210937831e-07
153,49686,0.99999884284555429,-1.1571551152436044e-06,1.1571551152436044e-06,0.99999886323844767,-1.1367621984080727e-06,1.1367621984080727e-06,2.0392916835531698e-08
154,315,0.99999929100784968,-7.0899240169608731e-07,7.0899240169608731e-07,0.99999929768950102,-7.0231074563079343e-07,7.0231074563079343e-07,6.6816560652938816e-09
155,264,0.99999925574062221,-7.4425965472296907e-07,7.4425965472296907e-07,0.99999923422755232,-7.6577274089084302e-07,7.6577274089084302e-07,-2.1513086167873946e-08
156,35148,0.99999845180694569,-1.5481942527197882e-06,1.5481942527197882e-06,0.99999852019795732,-1.4798031375756352e-06,1.4798031375756352e-06,6.8391115144153057e-08
157,18710,0.99999599544898099,-4.0045590372583062e-06,4.0045590372583062e-06,0.99999582093907391,-4.1790696583521143e-06,4.1790696583521143e-06,-1.7451062109380813e-07
158,11226,0.99999849226031112,-1.5077408255283031e-06,1.5077408255283031e-06,0.99999841340514806,-1.5865961106187572e-06,1.5865961106187572e-06,-7.8855285090454121e-08
159,315,0.9999997361586187,-2.6384141610314729e-07,2.6384141610314729e-07,0.99999968555701046,-3.1444303901885581e-07,3.1444303901885581e-07,-5.0601622915708523e-08
160,279,0.99999980082615691,-1.9917386288494549e-07,1.9917386288494549e-07,0.99999979133806072,-2.0866196103354011e-07,2.0866196103354011e-07,-9.4880981485946162e-09
161,26363,0.99999751550901406,-2.4844940723144294e-06,2.4844940723144294e-06,0.99999748602640093,-2.5139767590853861e-06,2.5139767590853861e-06,-2.9482686770956656e-08
162,389,0.99999937790807936,-6.2209211416784871e-07,6.2209211416784871e-07,0.99999934272798641,-6.5727222957767488e-07,6.5727222957767488e-07,-3.5180115409826166e-08
163,6790,0.99999411890929868,-5.8811079950151947e-06,5.8811079950151947e-06,0.99999443566151702,-5.5643539639418282e-06,5.5643539639418282e-06,3.1675403107336649e-07
164,220,0.99999915261589423,-8.4738446483516538e-07,8.4738446483516538e-07,0.99999914415236635,-8.5584799993891048e-07,8.5584799993891048e-07,-8.4635351037450946e-09
165,1544,0.99999989303118608,-1.0696881963182885e-07,1.0696881963182885e-07,0.99999984742780357,-1.5257220810793141e-07,1.5257220810793141e-07,-4.5603388476102561e-08
166,382,0.99713245624063562,-0.0028716630396659372,0.0028716630396659372,0.99675150765899567,-0.0032537801469526072,0.0032537801469526072,-0.00038211710728666996
167,791,0.61918119799887661,-0.47935732215653959,0.47935732215653959,0.65760763749857987,-0.41914682110660778,0.41914682110660778,0.060210501049931808
168,7036,0.68628162088492417,-0.37646720942770634,0.37646720942770634,0.4290275860825547,-0.84623405889874548,0.84623405889874548,-0.46976684947103914
169,315,0.99999993231235818,-6.7687644085959758e-08,6.7687644085959758e-08,0.99999993888276473,-6.1117237179789549e-08,6.1117237179789549e-08,6.5704069061702091e-09
170,420,0.99582435469602637,-0.0041843876559539564,0.0041843876559539564,0.99402448258661102,-0.0059934422600615737,0.0059934422600615737,-0.0018090546041076173
171,4652,0.99999960794717846,-3.9205289834276395e-07,3.9205289834276395e-07,0.99999961491465594,-3.8508541823718719e-07,3.8508541823718719e-07,6.9674801055767603e-09
172,374,0.99998303631441343,-1.6963829471472993e-05,1.6963829471472993e-05,0.99998041846791019,-1.9581723810545542e-05,1.9581723810545542e-05,-2.6178943390725482e-06
173,7347,0.99999869989218759,-1.3001086575804528e-06,1.3001086575804528e-06,0.99999893932070327,-1.0606798591950617e-06,1.0606798591950617e-06,2.3942879838539115e-07
174,311,0.99999997362919424,-2.6370806079712913e-08,2.6370806079712913e-08,0.99999997127319318,-2.8726807186740468e-08,2.8726807186740468e-08,-2.3560011070275545e-09
175,279,0.99999946979824728,-5.3020189327564539e-07,5.3020189327564539e-07,0.99999924856809663,-7.5143218570165582e-07,7.5143218570165582e-07,-2.2123029242601043e-07
176,16867,0.99999868804423919,-1.311956621370961e-06,1.311956621370961e-06,0.99999872193161277,-1.2780692039741094e-06,1.2780692039741094e-06,3.388741739685166e-08
177,22302,0.99999602458496595,-3.9754229360726003e-06,3.9754229360726003e-06,0.99999611072972761,-3.889277835599515e-06,3.889277835599515e-06,8.6145100473085292e-08
178,11,0.99988272816157653,-0.00011727871530311914,0.00011727871530311914,0.99985976448926339,-0.00014024534465523588,0.00014024534465523588,-2.2966629352116737e-05
179,10411,0.9999983893281249,-1.6106731722197481e-06,1.6106731722197481e-06,0.99999844157614515,-1.5584250692316292e-06,1.5584250692316292e-06,5.2248102988118889e-08
180,315,0.99999996715158623,-3.2848414337542203e-08,3.2848414337542203e-08,0.99999996366210153,-3.6337899140065767e-08,3.6337899140065767e-08,-3.489484802523564e-09
181,279,0.9999998059502232,-1.9404979561160492e-07,1.9404979561160492e-07,0.9999998283139202,-1.7168609459121371e-07,1.7168609459121371e-07,2.2363701020391208e-08
182,3312,0.9999975961615073,-2.4038413819636578e-06,2.4038413819636578e-06,0.99999732291305421,-2.6770905292030279e-06,2.6770905292030279e-06,-2.732491472393701e-07
183,859,0.99999993564620426,-6.4353797773890752e-08,6.4353797773890752e-08,0.99999994033462225,-5.9665379522330792e-08,5.9665379522330792e-08,4.6884182515599606e-09
184,323,0.99512769882146968,-0.0048842095343946618,0.0048842095343946618,0.99595422579877046,-0.0040539804870045612,0.0040539804870045612,0.00083022904739010056
185,9909,0.99999508208153132,-4.9179305616293872e-06,4.9179305616293872e-06,0.99999468035912398,-5.3196550253293813e-06,5.3196550253293813e-06,-4.0172446369999419e-07
186,315,0.99999985149772941,-1.4850228165857331e-07,1.4850228165857331e-07,0.99999978491921115,-2.1508081201211021e-07,2.1508081201211021e-07,-6.6578530353536907e-08
187,279,0.99999964850623491,-3.5149382688777342e-07,3.5149382688777342e-07,0.99999956589265027,-4.341074439140116e-07,4.341074439140116e-07,-8.2613617026238184e-08
188,7327,0.99999801240496333,-1.9875970119020165e-06,1.9875970119020165e-06,0.99999779402405697,-2.205978376183436e-06,2.205978376183436e-06,-2.1838136428141955e-07
189,2696,0.99999507629024253,-4.9237218789785788e-06,4.9237218789785788e-06,0.99999496831003809,-5.0317026209537136e-06,5.0317026209537136e-06,-1.079807419751348e-07
190,7228,0.99999858812178177,-1.4118792149305936e-06,1.4118792149305936e-06,0.9999984738712655,-1.5261298989860132e-06,1.5261298989860132e-06,-1.1425068405541962e-07
191,13,0.99930821979173723,-0.00069201959860107842,0.00069201959860107842,0.99918664249917366,-0.00081368845550686109,0.00081368845550686109,-0.00012166885690578267
192,22620,0.99280720556148816,-0.0072187873003013063,0.0072187873003013063,0.98861727069683036,-0.011448008408717921,0.011448008408717921,-0.0042292211084166151
193,82,0.99999982878700644,-1.7121300821342773e-07,1.7121300821342773e-07,0.9999997355296435,-2.6447039147531902e-07,2.6447039147531902e-07,-9.3257383261891297e-08
194,430,0.99998989922932169,-1.0100821691450034e-05,1.0100821691450034e-05,0.99998121341006851,-1.8786766401648443e-05,1.8786766401648443e-05,-8.6859447101984081e-06
195,1376,0.99988389022360435,-0.00011611651765754721,0.00011611651765754721,0.99985458007752226,-0.0001454304969798586,0.0001454304969798586,-2.9313979322311392e-05
196,11226,0.9999951924075996,-4.8076039569226644e-06,4.8076039569226644e-06,0.99999376651437466,-6.2335050535914951e-06,6.2335050535914951e-06,-1.4259010966688307e-06
197,315,0.9999998844796234,-1.1552038324809617e-07,1.1552038324809617e-07,0.99999985437806138,-1.4562194922105067e-07,1.4562194922105067e-07,-3.0101565972954504e-08
198,279,0.99999958533952593,-4.1466056007030686e-07,4.1466056007030686e-07,0.99999951863923153,-4.813608843166522e-07,4.813608843166522e-07,-6.6700324246345337e-08
199,2457,0.99996903648358937,-3.0963995790230006e-05,3.0963995790230006e-05,0.99996227296972817,-3.7727741954144228e-05,3.7727741954144228e-05,-6.7637461639142213e-06
200,1584,0.9999996128127675,-3.8718730742095847e-07,3.8718730742095847e-07,0.99999956861553407,-4.3138455895354539e-07,4.3138455895354539e-07,-4.4197251532586914e-08
201,323,0.99998724413552764,-1.275594582911053e-05,1.275594582911053e-05,0.99998357522167036,-1.6424913217767913e-05,1.6424913217767913e-05,-3.6689673886573829e-06
202,10411,0.99999570707556051,-4.2929336540915112e-06,4.2929336540915112e-06,0.99999397485158348,-6.0251665677969393e-06,6.0251665677969393e-06,-1.7322329137054281e-06
203,315,0.99999946439000076,-5.3561014268400679e-07,5.3561014268400679e-07,0.9999990459342839,-9.5406617124726956e-07,9.5406617124726956e-07,-4.1845602856326277e-07
204,279,0.99999699738291181,-3.0026215961034327e-06,3.0026215961034327e-06,0.99999546255920602,-4.5374510881566484e-06,4.5374510881566484e-06,-1.5348294920532156e-06
205,3312,0.99999812479665684,-1.8752051013713596e-06,1.8752051013713596e-06,0.99999729297542073,-2.7070282432965553e-06,2.7070282432965553e-06,-8.3182314192519567e-07
206,859,0.99999740720185826,-2.5928015030525834e-06,2.5928015030525834e-06,0.99999535305827225,-4.6469525248186648e-06,4.6469525248186648e-06,-2.0541510217660814e-06
207,527,0.9999975092808453,-2.4907222565548544e-06,2.4907222565548544e-06,0.9999966449096126,-3.3550960157237858e-06,3.3550960157237858e-06,-8.6437375916893133e-07
208,2663,0.99989783761878281,-0.00010216760014869155,0.00010216760014869155,0.99986859898792413,-0.00013140964594520566,0.00013140964594520566,-2.9242045796514112e-05
209,90127,0.99996990285872944,-3.0097594198585809e-05,3.0097594198585809e-05,0.99996707696210752,-3.2923579867623546e-05,3.2923579867623546e-05,-2.8259856690377371e-06
210,26,0.97193007296946732,-0.028471418499040769,0.028471418499040769,0.96658638206938285,-0.033984608156448236,0.033984608156448236,-0.0055131896574074669
211,1518,0.99995529568019381,-4.4705319074055331e-05,4.4705319074055331e-05,0.99993516096330604,-6.4841138835178839e-05,6.4841138835178839e-05,-2.0135819761123508e-05
212,220,0.99992780538491677,-7.2197221239835764e-05,7.2197221239835764e-05,0.99989120182954494,-0.00010880408940531401,0.00010880408940531401,-3.660686816547825e-05
213,1049,0.99999900432858035,-9.9567191528243099e-07,9.9567191528243099e-07,0.99999878214691351,-1.2178538280508053e-06,1.2178538280508053e-06,-2.2218191276837429e-07
214,18,0.99999991782568964,-8.2174313752338081e-08,8.2174313752338081e-08,0.99999989603151074,-1.0396849462674639e-07,1.0396849462674639e-07,-2.1794180874408305e-08
215,16867,0.99999789415135865,-2.1058508586122315e-06,2.1058508586122315e-06,0.9999972877367167,-2.7122669614382766e-06,2.7122669614382766e-06,-6.0641610282604516e-07
216,49784,0.99998604408421732,-1.3956013167388038e-05,1.3956013167388038e-05,0.99998311945021412,-1.6880692263917097e-05,1.6880692263917097e-05,-2.924679096529059e-06
217,3280,0.99999826653803003,-1.7334634724470088e-06,1.7334634724470088e-06,0.99999778387829741,-2.2161241581693935e-06,2.2161241581693935e-06,-4.826606857223847e-07
218,13,0.96765367999358343,-0.032881024321684889,0.032881024321684889,0.96094127626919545,-0.039841978778847854,0.039841978778847854,-0.0069609544571629656
219,71343,0.99897651403389076,-0.0010240100855204101,0.0010240100855204101,0.99835551852382309,-0.0016458351200713806,0.0016458351200713806,-0.00062182503455097049
220,22620,0.9610867991467853,-0.039690552397798326,0.039690552397798326,0.95366793676025952,-0.047439742800681334,0.047439742800681334,-0.0077491904028830078
221,82,0.99999948278807049,-5.1721206331672195e-07,5.1721206331672195e-07,0.99999953555101995,-4.644490879129953e-07,4.644490879129953e-07,5.2762975403726657e-08
222,14454,0.99997320264097433,-2.6797718081287291e-05,2.6797718081287291e-05,0.99996934864855314,-3.0651821209109938e-05,3.0651821209109938e-05,-3.8541031278226478e-06
223,304,0.99999845195938131,-1.5480418168920054e-06,1.5480418168920054e-06,0.99999808953123581,-1.9104705890960846e-06,1.9104705890960846e-06,-3.6242877220407913e-07
224,279,0.99999703246105454,-2.9675433485921117e-06,2.9675433485921117e-06,0.99999636872320175,-3.6312833913672941e-06,3.6312833913672941e-06,-6.637400427751824e-07
225,4553,0.99999712609998148,-2.8739041481341695e-06,2.8739041481341695e-06,0.9999961471932588,-3.8528141632281623e-06,3.8528141632281623e-06,-9.7891001509399278e-07
226,9909,0.99989879211171939,-0.00010121301014456495,0.00010121301014456495,0.99987174996081829,-0.00012825826392124867,0.00012825826392124867,-2.7045253776683718e-05
227,16867,0.99999501023585102,-4.9897765978827123e-06,4.9897765978827123e-06,0.99999490531095281,-5.0947020251901713e-06,5.0947020251901713e-06,-1.0492542730745905e-07
228,58309,0.99996161314075616,-3.8387596038220479e-05,3.8387596038220479e-05,0.99995639954316007,-4.3601407367490081e-05,4.3601407367490081e-05,-5.213811329269602e-06
229,527,0.99999420810029926,-5.7919164738318341e-06,5.7919164738318341e-06,0.99999315953739332,-6.8404860027421675e-06,6.8404860027421675e-06,-1.0485695289103334e-06
230,12893,0.99997889284302188,-2.1107379737318961e-05,2.1107379737318961e-05,0.99998012637719302,-1.9873820290025915e-05,1.9873820290025915e-05,1.2335594472930466e-06
231,264,0.99999927106392672,-7.2893633895842193e-07,7.2893633895842193e-07,0.99999910050139418,-8.9949901040313097e-07,8.9949901040313097e-07,-1.7056267144470904e-07
232,836,0.99999782395473369,-2.1760476339299519e-06,2.1760476339299519e-06,0.99999785663684182,-2.1433654551626759e-06,2.1433654551626759e-06,3.2682178767275966e-08
233,555,0.99999947595366012,-5.2404647723492302e-07,5.2404647723492302e-07,0.99999937182423748,-6.2817595978887176e-07,6.2817595978887176e-07,-1.0412948255394874e-07
234,279,0.99999891044100331,-1.089559590283156e-06,1.089559590283156e-06,0.99999841854112181,-1.5814601286766275e-06,1.5814601286766275e-06,-4.9190053839347152e-07
235,27286,0.99999930144861515,-6.9855162880364098e-07,6.9855162880364098e-07,0.99999912873765429,-8.7126272522411128e-07,8.7126272522411128e-07,-1.727110964204703e-07
236,14221,0.99999625529505487,-3.7447119565814035e-06,3.7447119565814035e-06,0.99999573909897232,-4.2609101053508113e-06,4.2609101053508113e-06,-5.1619814876940776e-07
237,78149,0.99999915157139529,-8.4842896465767379e-07,8.4842896465767379e-07,0.99999883009321278,-1.169907471564883e-06,1.169907471564883e-06,-3.2147850690720921e-07
238,5955,0.99999792982786284,-2.0701742799181876e-06,2.0701742799181876e-06,0.99999794691784005,-2.053084267552183e-06,2.053084267552183e-06,1.7090012366004624e-08
239,13,0.98720813194090551,-0.012874388485579407,0.012874388485579407,0.98561835726596425,-0.014486060903561485,0.014486060903561485,-0.0016116724179820775
240,71343,0.99971482759403973,-0.00028521307534283937,0.00028521307534283937,0.99956575456570829,-0.00043433974614428048,0.00043433974614428048,-0.00014912667080144111
241,39300,0.99991438921215314,-8.5614452659529879e-05,8.5614452659529879e-05,0.99991104199831804,-8.8961958679616409e-05,8.8961958679616409e-05,-3.3475060200865303e-06
242,919,0.99999992336282595,-7.6637176998817416e-08,7.6637176998817416e-08,0.99999991646371911,-8.3536284397887201e-08,8.3536284397887201e-08,-6.8991073990697847e-09
243,304,0.99999243455108378,-7.5654775343651617e-06,7.5654775343651617e-06,0.99999033008570393,-9.6699610500503473e-06,9.6699610500503473e-06,-2.1044835156851857e-06
244,420,0.99999611923749088,-3.8807700393226429e-06,3.8807700393226429e-06,0.99999415103519573,-5.8489819095732852e-06,5.8489819095732852e-06,-1.9682118702506423e-06
245,58309,0.99998601248059182,-1.3987617234384533e-05,1.3987617234384533e-05,0.99998383206902086,-1.6168061681554807e-05,1.6168061681554807e-05,-2.1804444471702743e-06
246,41223,0.99999503786443789,-4.9621478734975182e-06,4.9621478734975182e-06,0.99999358829390128,-6.4117266537820562e-06,6.4117266537820562e-06,-1.449578780284538e-06
247,555,0.99999972272120863,-2.7727882986852614e-07,2.7727882986852614e-07,0.9999995710435835,-4.2895650846041512e-07,4.2895650846041512e-07,-1.5167767859188898e-07
248,279,0.99999890796239654,-1.0920381997838607e-06,1.0920381997838607e-06,0.99999817610360886,-1.8238980543980707e-06,1.8238980543980707e-06,-7.3185985461421005e-07
249,30833,0.99997964119747751,-2.0359009765776989e-05,2.0359009765776989e-05,0.99997808561232882,-2.1914627794925028e-05,2.1914627794925028e-05,-1.5556180291480385e-06
250,14221,0.99999184642718153,-8.153606058998778e-06,8.153606058998778e-06,0.99998946628825991,-1.0533767220010813e-05,1.0533767220010813e-05,-2.3801611610120352e-06
251,78149,0.99997976503649388,-2.0235168235738239e-05,2.0235168235738239e-05,0.99999433137932603,-5.668636740626331e-06,5.668636740626331e-06,1.4566531495111908e-05
252,27956,0.99995235864283694,-4.7642492048525347e-05,4.7642492048525347e-05,0.99994411159525254,-5.5889966562602017e-05,5.5889966562602017e-05,-8.2474745140766699e-06
253,5955,0.9999972271551707,-2.772848673691944e-06,2.772848673691944e-06,0.9999965403991582,-3.4596068262279309e-06,3.4596068262279309e-06,-6.8675815253598695e-07
254,320,0.99993808945614393,-6.191246039293493e-05,6.191246039293493e-05,0.9999209827974328,-7.9020324590815596e-05,7.9020324590815596e-05,-1.7107864197880667e-05
255,82281,0.99992937162866724,-7.0630865633657466e-05,7.0630865633657466e-05,0.99992794152431153,-7.2061072025136723e-05,7.2061072025136723e-05,-1.4302063914792566e-06
256,26538,0.99998846862574498,-1.1531440741782768e-05,1.1531440741782768e-05,0.9999885031800696,-1.1496886019333088e-05,1.1496886019333088e-05,3.4554722449679976e-08
257,8,0.99999810233214825,-1.8976696522900407e-06,1.8976696522900407e-06,0.99999788382779053,-2.1161744485622255e-06,2.1161744485622255e-06,-2.1850479627218486e-07
258,617,0.99999024317750007,-9.7568700980344068e-06,9.7568700980344068e-06,0.99998837721147837,-1.162285606679994e-05,1.162285606679994e-05,-1.8659859687655335e-06
259,279,0.99999575254102668,-4.2474679938247533e-06,4.2474679938247533e-06,0.99999411267328553,-5.887344044856809e-06,5.887344044856809e-06,-1.6398760510320558e-06
260,330,0.99935121324239984,-0.00064899731080290404,0.00064899731080290404,0.99939521507672247,-0.00060496787944900579,0.00060496787944900579,4.4029431353898247e-05
261,54,0.99961231974660525,-0.00038775542081210201,0.00038775542081210201,0.9994863102074002,-0.00051382177640240398,0.00051382177640240398,-0.00012606635559030198
262,1,0.9999761373366558,-2.3862948062061348e-05,2.3862948062061348e-05,0.99997564529056227,-2.4355006018461994e-05,2.4355006018461994e-05,-4.9205795640064603e-07
263,21166,0.99998154446195786,-1.8455708347710459e-05,1.8455708347710459e-05,0.99998123023903995,-1.8769937114189104e-05,1.8769937114189104e-05,-3.1422876647864461e-07
264,3779,0.99999049450829136,-9.5055368861589348e-06,9.5055368861589348e-06,0.99999025847452472,-9.7415729242067663e-06,9.7415729242067663e-06,-2.3603603804783154e-07
265,311,0.99999962286493516,-3.7713513594815257e-07,3.7713513594815257e-07,0.9999994814316,-5.185685344379732e-07,5.185685344379732e-07,-1.4143339848982063e-07
266,872,0.99999883738667605,-1.1626139998067965e-06,1.1626139998067965e-06,0.99999869474605163,-1.3052548001611478e-06,1.3052548001611478e-06,-1.4264080035435126e-07
267,1396,0.99999802051339359,-1.9794885656394813e-06,1.9794885656394813e-06,0.99999802389726777,-1.9761046847175551e-06,1.9761046847175551e-06,3.3838809219261319e-09
268,13,0.99773411550858371,-0.0022684554921418802,0.0022684554921418802,0.99654230555242684,-0.0034636860885156324,0.0034636860885156324,-0.0011952305963737523
269,71343,0.99975415620391483,-0.00024587402062499215,0.00024587402062499215,0.99963266157428776,-0.00036740591099885536,0.00036740591099885536,-0.00012153189037386321
270,39300,0.99995826670951093,-4.1734161347035197e-05,4.1734161347035197e-05,0.99996014626767094,-3.9854526510186139e-05,3.9854526510186139e-05,1.8796348368490577e-06
271,919,0.99999922259749452,-7.7740280770852451e-07,7.7740280770852451e-07,0.9999990053351403,-9.9466535433922429e-07,9.9466535433922429e-07,-2.1726254663069978e-07
272,430,0.99999968428226427,-3.1571778559185245e-07,3.1571778559185245e-07,0.99999959206805233,-4.0793203088390088e-07,4.0793203088390088e-07,-9.2214245292048433e-08
273,3810,0.99999698140238802,-3.0186021679305213e-06,3.0186021679305213e-06,0.99999674820279849,-3.2518024886016539e-06,3.2518024886016539e-06,-2.3320032067113263e-07
274,477,0.99999987612607155,-1.2387393609684966e-07,1.2387393609684966e-07,0.99999988066282963,-1.1933717745800155e-07,1.1933717745800155e-07,4.5367586388481093e-09
275,1376,0.99999931503381001,-6.8496642458061702e-07,6.8496642458061702e-07,0.99999933304122368,-6.6695899876777931e-07,6.6695899876777931e-07,1.8007425812837715e-08
276,304,0.99999922649010398,-7.7351019516386055e-07,7.7351019516386055e-07,0.99999909331874803,-9.066816630506744e-07,9.066816630506744e-07,-1.3317146788681384e-07
277,279,0.99999911218558246,-8.8781481168904049e-07,8.8781481168904049e-07,0.99999887592299352,-1.1240776382450847e-06,1.1240776382450847e-06,-2.3626282655604421e-07
278,57281,0.99998051124916665,-1.9488940741555599e-05,1.9488940741555599e-05,0.9999788992782368,-2.1100944386545004e-05,2.1100944386545004e-05,-1.6120036449894049e-06
279,3158,0.99991778628831796,-8.2217091414528524e-05,8.2217091414528524e-05,0.99989888896273427,-0.00010111614933130155,0.00010111614933130155,-1.8899057916773031e-05
280,315,0.99999974439830308,-2.5560172953406117e-07,2.5560172953406117e-07,0.99999969663327681,-3.0336676920843456e-07,3.0336676920843456e-07,-4.7765039674373394e-08
281,12014,0.99999703562404496,-2.9643803487855615e-06,2.9643803487855615e-06,0.999997480167516,-2.5198356588037622e-06,2.5198356588037622e-06,4.4454468998179922e-07
282,527,0.99999865125540566,-1.3487455038855544e-06,1.3487455038855544e-06,0.9999985360306638,-1.4639704077710689e-06,1.4639704077710689e-06,-1.1522490388551449e-07
283,12893,0.99996852411295267,-3.147638242349874e-05,3.147638242349874e-05,0.9999687033317316,-3.1297158019377709e-05,3.1297158019377709e-05,1.7922440412103076e-07
284,264,0.99999925661515476,-7.4338512159473918e-07,7.4338512159473918e-07,0.99999911763922433,-8.8236116498562602e-07,8.8236116498562602e-07,-1.3897604339088684e-07
285,836,0.99999829847872646,-1.7015227210829231e-06,1.7015227210829231e-06,0.99999696068750121,-3.0393171175577877e-06,3.0393171175577877e-06,-1.3377943964748646e-06
286,555,0.99999936386474564,-6.361354567036594e-07,6.361354567036594e-07,0.99999916396611566,-8.3603423386353305e-07,8.3603423386353305e-07,-1.9989877715987365e-07
287,279,0.9999974546310767,-2.5453721627672939e-06,2.5453721627672939e-06,0.99999646514621954,-3.5348600280644817e-06,3.5348600280644817e-06,-9.894878652971878e-07
288,57281,0.9999784146204056,-2.1585612562012007e-05,2.1585612562012007e-05,0.9999747961496428,-2.5204167979567225e-05,2.5204167979567225e-05,-3.6185554175552182e-06
289,87597,0.99999486353921418,-5.1364739774499996e-06,5.1364739774499996e-06,0.9999934155248783,-6.5844967995016808e-06,6.5844967995016808e-06,-1.4480228220516812e-06
290,11,0.99999850455421513,-1.4954469030124466e-06,1.4954469030124466e-06,0.99999825904196094,-1.7409595545027142e-06,1.7409595545027142e-06,-2.4551265149026761e-07
291,4323,0.9999895403075616,-1.0459747141318583e-05,1.0459747141318583e-05,0.99998936669379623,-1.0633362737808235e-05,1.0633362737808235e-05,-1.736155964896517e-07
292,91004,0.99938685022367424,-0.0006133378295236783,0.0006133378295236783,0.99958537551332982,-0.00041471046716993072,0.00041471046716993072,0.00019862736235374759
293,323,0.99757916240910494,-0.0024237725558883365,0.0024237725558883365,0.99745954455922492,-0.0025436878734262903,0.0025436878734262903,-0.00011991531753795378
294,39616,0.99998824700601985,-1.1753063047139704e-05,1.1753063047139704e-05,0.99998424970270228,-1.5750421334967844e-05,1.5750421334967844e-05,-3.9973582878281399e-06
295,14609,0.99994975358405336,-5.0247678340142583e-05,5.0247678340142583e-05,0.99994393127134351,-5.607030056640769e-05,5.607030056640769e-05,-5.8226222262651068e-06
296,950,0.99999948768244429,-5.1231768693401078e-07,5.1231768693401078e-07,0.9999996289328088,-3.7106726001825251e-07,3.7106726001825251e-07,1.4125042691575827e-07
297,8471,0.99998657920123313,-1.342088882659289e-05,1.342088882659289e-05,0.99998835021510868,-1.1649852750625618e-05,1.1649852750625618e-05,1.771036075967272e-06
298,17128,0.99996913615838723,-3.0864317910916323e-05,3.0864317910916323e-05,0.99997289053274796,-2.710983472025637e-05,2.710983472025637e-05,3.7544831906599535e-06
299,477,0.97770018022947447,-0.022552220130266219,0.022552220130266219,0.97351050496739588,-0.026846663301144012,0.026846663301144012,-0.004294443170877793
300,393,0.99999849438534683,-1.5056157865878018e-06,1.5056157865878018e-06,0.99999801210247052,-1.98789950533056e-06,1.98789950533056e-06,-4.8228371874275815e-07
301,1929,0.99999974961870397,-2.5038132741191619e-07,2.5038132741191619e-07,0.99999943491211152,-5.6508804812005713e-07,5.6508804812005713e-07,-3.1470672070814094e-07
302,80692,0.99996767123942576,-3.2329283159830193e-05,3.2329283159830193e-05,0.99996195840610813,-3.8042317491633786e-05,3.8042317491633786e-05,-5.7130343318035923e-06
303,382,0.60179887410442756,-0.50783198566792309,0.50783198566792309,0.60671093516064278,-0.49970282019657442,0.49970282019657442,0.0081291654713486761
304,791,0.44565529125888509,-0.80820951534926033,0.80820951534926033,0.44451499361613417,-0.81077149317719499,0.81077149317719499,-0.0025619778279346583
305,220,0.66904065166743931,-0.40191045587574181,0.40191045587574181,0.5533431141144427,-0.59177701034543984,0.59177701034543984,-0.18986655446969802
306,1049,0.99999940046665392,-5.9953352584949453e-07,5.9953352584949453e-07,0.99999848104582756,-1.5189553260936756e-06,1.5189553260936756e-06,-9.194218002441811e-07
307,18,0.99999880720362577,-1.1927970855956134e-06,1.1927970855956134e-06,0.99999863217371443,-1.3678272210416232e-06,1.3678272210416232e-06,-1.7503013544600982e-07
308,16867,0.99985674178920192,-0.00014326847323569322,0.00014326847323569322,0.99972979608362167,-0.00027024042803372347,0.00027024042803372347,-0.00012697195479803025
309,13892,0.9998451176153289,-0.0001548943801862474,0.0001548943801862474,0.99984830631804811,-0.00015170518860217768,0.00015170518860217768,3.1891915840697208e-06
310,78149,0.99999905005956347,-9.4994088772957762e-07,9.4994088772957762e-07,0.99999887446834756,-1.1255322858988004e-06,1.1255322858988004e-06,-1.7559139816922277e-07
311,3280,0.99999837267733616,-1.6273239879667144e-06,1.6273239879667144e-06,0.99999867230155148,-1.3276993299356296e-06,1.3276993299356296e-06,2.9962465803108477e-07
312,574,0.98694541622131471,-0.013140543791873786,0.013140543791873786,0.98711813494697886,-0.012965555781986592,0.012965555781986592,0.00017498800988719442
313,18057,0.70371205493444988,-0.35138601936987851,0.35138601936987851,0.65743664029341919,-0.4194068841463276,0.4194068841463276,-0.068020864776449086
314,291,0.52471996379307162,-0.64489056099903852,0.64489056099903852,0.53016678498242487,-0.63456363329397147,0.63456363329397147,0.010326927705067046
315,555,0.95284066749601204,-0.048307579761208488,0.048307579761208488,0.95915842194135348,-0.041699022808246965,0.041699022808246965,0.0066085569529615237
316,3892,0.97910302949483041,-0.021118402464064639,0.021118402464064639,0.97155236420237689,-0.028860111254500338,0.028860111254500338,-0.0077417087904356995
317,5315,0.41336383224312301,-0.88342712408836654,0.88342712408836654,0.41123104125665505,-0.88860007825297527,0.88860007825297527,-0.0051729541646087229
318,11,0.98756671835908194,-0.012511221593856932,0.012511221593856932,0.98651225170697854,-0.013579534228134104,0.013579534228134104,-0.0010683126342771725
319,2737,0.99989220014323066,-0.00010780566759151239,0.00010780566759151239,0.99987389419293304,-0.00012611375907277167,0.00012611375907277167,-1.8308091481259283e-05
320,279,0.99918580664425338,-0.00081452499117933247,0.00081452499117933247,0.9991384270604855,-0.00086194430680150023,0.00086194430680150023,-4.7419315622167766e-05
321,71343,0.86442255804199752,-0.14569355792685101,0.14569355792685101,0.87233195334203806,-0.13658524707545458,0.13658524707545458,0.0091083108513964339
322,22620,0.99999264574467561,-7.3542823671006996e-06,7.3542823671006996e-06,0.99999159901951762,-8.40101577084938e-06,8.40101577084938e-06,-1.0467334037486804e-06
323,32388,0.9999945153266584,-5.4846883824998339e-06,5.4846883824998339e-06,0.99999429518891958,-5.7048273529395494e-06,5.7048273529395494e-06,-2.2013897043971548e-07
324,320,0.9998778705187007,-0.00012213693971168004,0.00012213693971168004,0.99988126978488179,-0.00011873726410814918,0.00011873726410814918,3.3996756035308554e-06
325,10155,0.99990657066400979,-9.3433700782439265e-05,9.3433700782439265e-05,0.99990660763405537,-9.339672728321084e-05,9.339672728321084e-05,3.6973499228424808e-08
326,49,0.99999994448737661,-5.5512624954787153e-08,5.5512624954787153e-08,0.99999995606027625,-4.3939724670416817e-08,4.3939724670416817e-08,1.1572900284370336e-08
327,8,0.99999927955278045,-7.2044747905569769e-07,7.2044747905569769e-07,0.99999948162534613,-5.183747881861302e-07,5.183747881861302e-07,2.0207269086956749e-07
328,73547,0.99997837795164868,-2.1622282111226507e-05,2.1622282111226507e-05,0.99997959605317976,-2.0404154983575794e-05,2.0404154983575794e-05,1.2181271276507128e-06
329,323,0.99801257238219154,-0.0019894051726756096,0.0019894051726756096,0.99793732252913858,-0.0020648077198843805,0.0020648077198843805,-7.5402547208770938e-05
330,279,0.9999842119696597,-1.5788154972557975e-05,1.5788154972557975e-05,0.99998180426075312,-1.819590479133733e-05,1.819590479133733e-05,-2.4077498187793549e-06
331,4409,0.99988801998761245,-0.00011198628261724323,0.00011198628261724323,0.9998714159105524,-0.00012859235709039189,0.00012859235709039189,-1.660607447314866e-05
332,3907,0.99999956734411044,-4.3265598314752974e-07,4.3265598314752974e-07,0.99999947607579864,-5.2392433855535848e-07,5.2392433855535848e-07,-9.1268355407828746e-08
333,315,0.99999991576540048,-8.4234603075478195e-08,8.4234603075478195e-08,0.99999992273676397,-7.7263239041699897e-08,7.7263239041699897e-08,6.9713640337782978e-09
334,19730,0.99998594379287553,-1.4056305913868263e-05,1.4056305913868263e-05,0.99998847224614251,-1.1527820302499246e-05,1.1527820302499246e-05,2.5284856113690167e-06
335,18711,0.99999941742819132,-5.8257197838279879e-07,5.8257197838279879e-07,0.99999945749906682,-5.4250108034247945e-07,5.4250108034247945e-07,4.007089804031934e-08
336,13,0.99997095268259273,-2.9047739288771587e-05,2.9047739288771587e-05,0.99997066716131744,-2.933326889874078e-05,2.933326889874078e-05,-2.855296099691931e-07
337,578,0.98777756148540141,-0.012297746779090167,0.012297746779090167,0.99326745595727228,-0.0067553098561340388,0.0067553098561340388,0.0055424369229561286
338,75771,0.99946409983365614,-0.00053604381216015308,0.00053604381216015308,0.99949129683675975,-0.00050883259659170287,0.00050883259659170287,2.721121556845021e-05
339,73547,0.99260001202927317,-0.0074275037098432955,0.0074275037098432955,0.99173325876657192,-0.0083011002277074489,0.0083011002277074489,-0.00087359651786415339
340,11136,0.99845714851818979,-0.0015440429027724278,0.0015440429027724278,0.99835487434303383,-0.0016464803621571435,0.0016464803621571435,-0.00010243745938471574
341,459,0.99601478176033642,-0.0039931803828314062,0.0039931803828314062,0.99530588102713058,-0.004705170949092655,0.004705170949092655,-0.00071199056626124885
342,11838,0.99999731203108644,-2.6879725261807458e-06,2.6879725261807458e-06,0.99999736364487979,-2.6363585954551677e-06,2.6363585954551677e-06,5.1613930725578149e-08
343,2134,0.99978351991655212,-0.00021650351864335645,0.00021650351864335645,0.99975889410517083,-0.00024113496552823787,0.00024113496552823787,-2.4631446884881424e-05
344,18057,0.99999735033516546,-2.6496683448850585e-06,2.6496683448850585e-06,0.99999783416895005,-2.1658333953339556e-06,2.1658333953339556e-06,4.8383494955110289e-07
345,389,0.96336381591223363,-0.037324144228924779,0.037324144228924779,0.95880222687272876,-0.042070453862309586,0.042070453862309586,-0.004746309633384807
346,5587,0.99998172095389637,-1.8279213167408762e-05,1.8279213167408762e-05,0.99998494900772894,-1.505110553839244e-05,1.505110553839244e-05,3.2281076290163224e-06
347,220,0.99999996222805609,-3.777194463590318e-08,3.777194463590318e-08,0.99999995548187304,-4.4518127970070061e-08,4.4518127970070061e-08,-6.7461833341668807e-09
348,20,0.99999956533912426,-4.3466097023149106e-07,4.3466097023149106e-07,0.99999943493112142,-5.6506903822603775e-07,5.6506903822603775e-07,-1.3040806799454669e-07
349,11,0.99999994221111965,-5.7788882008578297e-08,5.7788882008578297e-08,0.99999994389958968,-5.6100411852224347e-08,5.6100411852224347e-08,1.6884701563539499e-09
350,220,0.99999788485168073,-2.1151505562037177e-06,2.1151505562037177e-06,0.99999728560204659,-2.7144016374108666e-06,2.7144016374108666e-06,-5.9925108120714892e-07
351,1049,0.99999997633250703,-2.3667493240487623e-08,2.3667493240487623e-08,0.99999998022401204,-1.9775988206870268e-08,1.9775988206870268e-08,3.891505033617355e-09
352,18,0.9999998831292195,-1.1687078732406563e-07,1.1687078732406563e-07,0.99999987885642105,-1.2114358626316289e-07,1.2114358626316289e-07,-4.2727989390972591e-09
353,11,0.99999969498916941,-3.0501087711328976e-07,3.0501087711328976e-07,0.99999965323606521,-3.4676399490323115e-07,3.4676399490323115e-07,-4.1753117789941382e-08
354,27401,0.44100219764436738,-0.81870542022714687,0.81870542022714687,0.36406108875761967,-1.0104335991694504,1.0104335991694504,-0.19172817894230354
355,279,0.99998286288001959,-1.7137266822583426e-05,1.7137266822583426e-05,0.99997499584066585,-2.5004471943388584e-05,2.5004471943388584e-05,-7.8672051208051588e-06
356,29736,0.99999606741550029,-3.9325922323554201e-06,3.9325922323554201e-06,0.99999577707524445,-4.2229336721305117e-06,4.2229336721305117e-06,-2.9034143977509155e-07
357,315,0.99999991841324709,-8.1586756242284963e-08,8.1586756242284963e-08,0.99999991640192787,-8.3598075631515829e-08,8.3598075631515829e-08,-2.011319389230866e-09
358,3221,0.99999931010059939,-6.8989963857950777e-07,6.8989963857950777e-07,0.99999933529225138,-6.6470796957141305e-07,6.6470796957141305e-07,2.5191669008094719e-08
359,78526,0.9312370272074475,-0.071241439900890921,0.071241439900890921,0.93345545874088631,-0.068862031395939854,0.068862031395939854,0.0023794085049510666
360,35148,0.99999908079665711,-9.1920376540903245e-07,9.1920376540903245e-07,0.99999898152359157,-1.0184769270655713e-06,1.0184769270655713e-06,-9.9273161656538831e-08
361,32343,0.99993298763819038,-6.7014607238268572e-05,6.7014607238268572e-05,0.99993571215977772,-6.4289906774054424e-05,6.4289906774054424e-05,2.7247004642141481e-06
362,606,0.99999988577981869,-1.1422018789063516e-07,1.1422018789063516e-07,0.99999989351440899,-1.0648559666624602e-07,1.0648559666624602e-07,7.7345912243891472e-09
363,5820,0.99999875383145365,-1.2461693228644968e-06,1.2461693228644968e-06,0.99999887219216677,-1.1278084692407153e-06,1.1278084692407153e-06,1.1836085362378151e-07
364,439,0.64479849946443879,-0.43881741492574078,0.43881741492574078,0.5416190668825267,-0.613192353272343,0.613192353272343,-0.17437493834660223
365,264,0.99999944423502751,-5.557651269140168e-07,5.557651269140168e-07,0.99999944244883965,-5.5755131578240451e-07,5.5755131578240451e-07,-1.7861888683877139e-09
366,1121,0.99999686875164839,-3.1312532539406184e-06,3.1312532539406184e-06,0.99999668602327219,-3.3139822190065691e-06,3.3139822190065691e-06,-1.8272896506595073e-07
367,315,0.99999976234657473,-2.3765345354314494e-07,2.3765345354314494e-07,0.99999972053411035,-2.7946592865018085e-07,2.7946592865018085e-07,-4.1812475107035907e-08
368,28448,0.99999768258210009,-2.3174205851714793e-06,2.3174205851714793e-06,0.99999758440382625,-2.4155990913032022e-06,2.4155990913032022e-06,-9.8178506131722864e-08
369,21277,0.99998797258534833,-1.2027486981555142e-05,1.2027486981555142e-05,0.99998757848956721,-1.2421587580351745e-05,1.2421587580351745e-05,-3.9410059879660316e-07
370,9581,0.99999760951435712,-2.3904885000870449e-06,2.3904885000870449e-06,0.99999742078193987,-2.5792213862790653e-06,2.5792213862790653e-06,-1.8873288619202031e-07
371,7479,0.99999959074382316,-4.0925626062381397e-07,4.0925626062381397e-07,0.99999963502843991,-3.6497162670969184e-07,3.6497162670969184e-07,4.4284633914122134e-08
372,20472,0.99999846073173104,-1.5392694536085736e-06,1.5392694536085736e-06,0.99999800691502183,-1.9930869643479185e-06,1.9930869643479185e-06,-4.5381751073934498e-07
373,13,0.99999376460032674,-6.2354191134482793e-06,6.2354191134482793e-06,0.99999344320715422,-6.556814341658103e-06,6.556814341658103e-06,-3.2139522820982367e-07
374,578,0.96016986944028293,-0.040645062839960028,0.040645062839960028,0.95705392124340904,-0.043895545079448421,0.043895545079448421,-0.0032504822394883934
375,18057,0.9466093156924682,-0.054868820345157762,0.054868820345157762,0.92687113970103696,-0.075940730952518409,0.075940730952518409,-0.021071910607360647
376,16717,0.99939415948769739,-0.00060602410782254845,0.00060602410782254845,0.99935797292904027,-0.00064223325859640848,0.00064223325859640848,-3.6209150773860023e-05
377,279,0.99995590180689287,-4.409916546101487e-05,4.409916546101487e-05,0.99994483030904524,-5.5171212858123425e-05,5.5171212858123425e-05,-1.1072047397108555e-05
378,4754,0.99999911204488789,-8.8795550635327211e-07,8.8795550635327211e-07,0.99999898728446479,-1.0127160480360568e-06,1.0127160480360568e-06,-1.2476054168278465e-07
379,369,0.99999925810932133,-7.4189095391566935e-07,7.4189095391566935e-07,0.99999925492587827,-7.4507439927648242e-07,7.4507439927648242e-07,-3.1834453608130687e-09
380,220,0.99999760230733803,-2.3976955364532777e-06,2.3976955364532777e-06,0.99999775817532122,-2.2418271916447754e-06,2.2418271916447754e-06,1.5586834480850227e-07
381,1627,0.99991025030662339,-8.9753721121286714e-05,8.9753721121286714e-05,0.9999087771182732,-9.1227042786942323e-05,9.1227042786942323e-05,-1.4733216656556095e-06
382,12,0.88978497620302488,-0.11677544521776016,0.11677544521776016,0.89673423525980389,-0.10899574258509909,0.10899574258509909,0.0077797026326610758
383,1544,0.41697957708001143,-0.87471803421000127,0.87471803421000127,0.40306890049747895,-0.90864776267260927,0.90864776267260927,-0.033929728462608
384,35148,0.99715226279587965,-0.0028517997222012345,0.0028517997222012345,0.99792804330501894,-0.0020741061668422961,0.0020741061668422961,0.0007776935553589384
385,44583,0.99994215861494884,-5.784305792862872e-05,5.784305792862872e-05,0.99994027710921984,-5.9724674262957052e-05,5.9724674262957052e-05,-1.8816163343283321e-06
386,11,0.96738680045072556,-0.033156863041595014,0.033156863041595014,0.96060628958867611,-0.040190642210203922,0.040190642210203922,-0.0070337791686089085
387,7863,0.99575310744502876,-0.004255936217214951,0.004255936217214951,0.99450299823726795,-0.005512165873883557,0.005512165873883557,-0.001256229656668606
388,311,0.99999919576034446,-8.0423997895342784e-07,8.0423997895342784e-07,0.99999905499281461,-9.450076319369132e-07,9.450076319369132e-07,-1.4076765298348536e-07
389,279,0.99999418594414435,-5.8140727572970664e-06,5.8140727572970664e-06,0.99999430717944005,-5.6928367641382314e-06,5.6928367641382314e-06,1.21235993158835e-07
390,220,0.99986993246889644,-0.00013007599061844088,0.00013007599061844088,0.99989052636407483,-0.00010947962860106616,0.00010947962860106616,2.0596362017374713e-05
391,605,0.99996405169620683,-3.594894994894408e-05,3.594894994894408e-05,0.99997099715315163,-2.9003267439104543e-05,2.9003267439104543e-05,6.9456825098395369e-06
392,12,0.9111072329934834,-0.093094679545637743,0.093094679545637743,0.91921491243058639,-0.08423532930831408,0.08423532930831408,0.0088593502373236627
393,323,0.99243026995985006,-0.0075985258563333428,0.0075985258563333428,0.99098417883114698,-0.0090567096321143795,0.0090567096321143795,-0.0014581837757810367
394,220,0.99999655352709726,-3.4464788417851235e-06,3.4464788417851235e-06,0.99999686756497375,-3.1324399323100478e-06,3.1324399323100478e-06,3.1403890947507567e-07
395,966,0.99999756463389344,-2.4353690720765896e-06,2.4353690720765896e-06,0.99999678069510245,-3.2193100794980813e-06,3.2193100794980813e-06,-7.8394100742149166e-07
396,4771,0.99992466960907822,-7.5333228398156445e-05,7.5333228398156445e-05,0.99992311116610233,-7.6891789995605451e-05,7.6891789995605451e-05,-1.5585615974490064e-06
397,5578,0.99732740922594276,-0.0026761685207703409,0.0026761685207703409,0.99733484195774469,-0.0026687158988564432,0.0026687158988564432,7.4526219138977903e-06
398,315,0.99998307691851207,-1.6923224684928798e-05,1.6923224684928798e-05,0.99998491181045568,-1.5088303372192634e-05,1.5088303372192634e-05,1.8349213127361642e-06
399,220,0.99998280515029281,-1.7194997540308686e-05,1.7194997540308686e-05,0.99998587350743162,-1.4126592348192904e-05,1.4126592348192904e-05,3.0684051921157813e-06
400,1544,0.99783923731647595,-0.0021631004994620267,0.0021631004994620267,0.99820775809312812,-0.0017938498939533568,0.0017938498939533568,0.0003692506055086699
401,13,0.91190843447120828,-0.092215694747417018,0.092215694747417018,0.91084053775716467,-0.093387437924889918,0.093387437924889918,-0.0011717431774729004
402,23,0.999604051280512,-0.00039602712788009515,0.00039602712788009515,0.99960540866041048,-0.00039466921123781261,0.00039466921123781261,1.357916642282539e-06
403,323,0.99997717007145681,-2.2830189149950792e-05,2.2830189149950792e-05,0.99997685203430686,-2.3148233611415876e-05,2.3148233611415876e-05,-3.1804446146508418e-07
404,220,0.99999751790117264,-2.4821019077931758e-06,2.4821019077931758e-06,0.99999737212492612,-2.6278785267019507e-06,2.6278785267019507e-06,-1.4577661890877491e-07
405,1627,0.99997454979584566,-2.5450528016332486e-05,2.5450528016332486e-05,0.99997926080246846,-2.0739412591704775e-05,2.0739412591704775e-05,4.7111154246277104e-06
406,13,0.99992928554420124,-7.0716956183797076e-05,7.0716956183797076e-05,0.99993766139933615,-6.2340543795124927e-05,6.2340543795124927e-05,8.3764123886721499e-06
407,18,0.99990168006934566,-9.832476437552589e-05,9.832476437552589e-05,0.99990175731397657,-9.8247512152177353e-05,9.8247512152177353e-05,7.7252223348536373e-08
408,44583,0.99991540611095564,-8.4597467309142937e-05,8.4597467309142937e-05,0.99990050582810519,-9.9499121768218329e-05,9.9499121768218329e-05,-1.4901654459075392e-05
409,11,0.99980849893294477,-0.00019151940572582698,0.00019151940572582698,0.9998330695977008,-0.00016694433672956543,0.00016694433672956543,2.4575068996261545e-05
410,15947,0.99999566853798538,-4.3314713954404398e-06,4.3314713954404398e-06,0.99999582221920502,-4.1777895219307194e-06,4.1777895219307194e-06,1.5368187350972039e-07
411,13,0.99899796658017492,-0.0010025357909354499,0.0010025357909354499,0.99887023466006231,-0.0011304040058731084,0.0011304040058731084,-0.00012786821493765855
412,578,0.99229915826178183,-0.0077306463321973841,0.0077306463321973841,0.99229493469434349,-0.0077349026861322639,0.0077349026861322639,-4.2563539348798932e-06
413,1912,0.95302131424686332,-0.048118010156354897,0.048118010156354897,0.96251512554494656,-0.038205498091782246,0.038205498091782246,0.0099125120645726511
414,9408,0.94010858802703756,-0.061759891212214327,0.061759891212214327,0.93093499562057613,-0.071565826247390982,0.071565826247390982,-0.009805935035176655
415,872,0.99948319376671113,-0.00051693982365914393,0.00051693982365914393,0.99939858360301403,-0.00060159732037110957,0.00060159732037110957,-8.4657496711965639e-05
416,18057,0.99997477565942183,-2.5224658717147751e-05,2.5224658717147751e-05,0.99997420954047989,-2.579079209969953e-05,2.579079209969953e-05,-5.6613338255177985e-07
417,369,0.92644150393386382,-0.076404371856652969,0.076404371856652969,0.9176705960667465,-0.085916780569752979,0.085916780569752979,-0.0095124087131000096
418,35148,0.99999424353069399,-5.7564858745694519e-06,5.7564858745694519e-06,0.99999359920114184,-6.4008193433252185e-06,6.4008193433252185e-06,-6.4433346875576661e-07
419,44583,0.99991805059963856,-8.1952758397057547e-05,8.1952758397057547e-05,0.99990813952517077,-9.1864694261060113e-05,9.1864694261060113e-05,-9.9119358640025661e-06
420,311,0.99987176751331597,-0.0001282407091722605,0.0001282407091722605,0.99986610088208605,-0.00013390808320108829,0.00013390808320108829,-5.6673740288277921e-06
421,220,0.99999902038615951,-9.796143203450183e-07,9.796143203450183e-07,0.99999917028611807,-8.2971422616988973e-07,8.2971422616988973e-07,1.4990009417512857e-07
422,1627,0.98407803399041804,-0.016050082238396584,0.016050082238396584,0.98598502704279245,-0.014114110049780582,0.014114110049780582,0.0019359721886160024
423,13,0.9950194708030089,-0.0049929733687676748,0.0049929733687676748,0.99602468573034764,-0.0039832368348516906,0.0039832368348516906,0.0010097365339159841
424,22,0.99993486367303097,-6.513844843172479e-05,6.513844843172479e-05,0.99993758993624893,-6.2412011340089103e-05,6.2412011340089103e-05,2.7264370916356862e-06
425,304,0.99956048132205522,-0.00043961529458986376,0.00043961529458986376,0.99962280353383781,-0.00037726762264309011,0.00037726762264309011,6.2347671946773645e-05
426,5936,0.99841585686729162,-0.0015853992141579825,0.0015853992141579825,0.99888171283940941,-0.0011189129102327725,0.0011189129102327725,0.00046648630392520998
427,11,0.93944941136752924,-0.062461307914168811,0.062461307914168811,0.93290286706111347,-0.06945419174187209,0.06945419174187209,-0.0069928838277032793
428,19392,0.72102496095062574,-0.32708152239266258,0.32708152239266258,0.70543892243442063,-0.3489350848821523,0.3489350848821523,-0.02185356248948972
429,264,0.99999773497071898,-2.265031846177373e-06,2.265031846177373e-06,0.99999753342954034,-2.4665735016855115e-06,2.4665735016855115e-06,-2.0154165550813857e-07
430,10284,0.99991174121915827,-8.8262675877115196e-05,8.8262675877115196e-05,0.99992488200425156,-7.5120817246375295e-05,7.5120817246375295e-05,1.3141858630739901e-05
431,3485,0.99996914738946363,-3.0853086487994349e-05,3.0853086487994349e-05,0.99997091426398454,-2.9086159013630479e-05,2.9086159013630479e-05,1.7669274743638704e-06
432,78526,0.96688754156104351,-0.033673086505790845,0.033673086505790845,0.96937029438751121,-0.031108599337765781,0.031108599337765781,0.0025644871680250633
433,3280,0.99999873782264592,-1.2621781505895835e-06,1.2621781505895835e-06,0.9999989634128057,-1.0365877315195908e-06,1.0365877315195908e-06,2.2559041906999275e-07
434,13,0.99617554770204242,-0.0038317842153293585,0.0038317842153293585,0.99705187404236906,-0.0029524802410518143,0.0029524802410518143,0.00087930397427754417
435,4452,0.99159510264636741,-0.0084404176731853898,0.0084404176731853898,0.98659481065329946,-0.013495850024733256,0.013495850024733256,-0.0050554323515478658
436,11,0.99999970132192906,-2.9867811560003366e-07,2.9867811560003366e-07,0.99999964527180507,-3.5472825780118102e-07,3.5472825780118102e-07,-5.6050142201147364e-08
437,65649,0.99961654739258343,-0.00038352614416685974,0.00038352614416685974,0.99946304010443265,-0.00053710411015937484,0.00053710411015937484,-0.0001535779659925151
438,304,0.99999977470213308,-2.2529789227578174e-07,2.2529789227578174e-07,0.99999963005824821,-3.6994182024974324e-07,3.6994182024974324e-07,-1.446439279739615e-07
439,9581,0.99999881918623379,-1.1808144633780215e-06,1.1808144633780215e-06,0.99999851801716177,-1.4819839363295442e-06,1.4819839363295442e-06,-3.011694729515227e-07
440,7479,0.99999908637258472,-9.1362783258530811e-07,9.1362783258530811e-07,0.99999888736669762,-1.1126339213016385e-06,1.1126339213016385e-06,-1.9900608871633034e-07
441,20472,0.99999730263608966,-2.69736754828973e-06,2.69736754828973e-06,0.99999582341337334,-4.1765953486072299e-06,4.1765953486072299e-06,-1.4792278003174999e-06
442,11,0.72443132384439812,-0.32236831281940126,0.32236831281940126,0.66424920467254733,-0.40909789167443672,0.40909789167443672,-0.086729578855035461
443,8104,0.99996695407833325,-3.3046467695214583e-05,3.3046467695214583e-05,0.99996256416604734,-3.7436534690992788e-05,3.7436534690992788e-05,-4.3900669957782051e-06
444,1884,0.95173008180097274,-0.049473811912284692,0.049473811912284692,0.96019161621182192,-0.04062241421708105,0.04062241421708105,0.0088513976952036416
445,304,0.99999996703392546,-3.2966075103686269e-08,3.2966075103686269e-08,0.99999996230758181,-3.7692418919560751e-08,3.7692418919560751e-08,-4.7263438158744819e-09
446,279,0.99999973655394381,-2.6344609087934365e-07,2.6344609087934365e-07,0.9999996687532855,-3.3124676933006008e-07,3.3124676933006008e-07,-6.7800678450716431e-08
447,10913,0.99999353777291655,-6.4622479636736455e-06,6.4622479636736455e-06,0.99999278378481926,-7.2162412177301775e-06,7.2162412177301775e-06,-7.5399325405653203e-07
448,16867,0.99999726992371896,-2.7300800077428186e-06,2.7300800077428186e-06,0.99999642043784354,-3.5795685631066008e-06,3.5795685631066008e-06,-8.4948855536378219e-07
449,11,0.99999886777362146,-1.1322270195470956e-06,1.1322270195470956e-06,0.99999891915537842,-1.0808452056448105e-06,1.0808452056448105e-06,5.1381813902285158e-08
450,9057,0.99998724950775164,-1.2750573536624699e-05,1.2750573536624699e-05,0.99998703398576927,-1.2966098290255454e-05,1.2966098290255454e-05,-2.1552475363075515e-07
451,279,0.99996268822675294,-3.7312469348558436e-05,3.7312469348558436e-05,0.99995077173100277,-4.9229480748264771e-05,4.9229480748264771e-05,-1.1917011399706335e-05
452,1912,0.99999838539992447,-1.614601378973115e-06,1.614601378973115e-06,0.99999783731104996,-2.1626912886759965e-06,2.1626912886759965e-06,-5.4808990970288151e-07
453,311,0.99999988332038459,-1.1667962226262626e-07,1.1667962226262626e-07,0.99999982803116949,-1.7196884525436248e-07,1.7196884525436248e-07,-5.5289222991736215e-08
454,65836,0.99990548990690253,-9.4514559457776516e-05,9.4514559457776516e-05,0.99989721916239249,-0.00010278611991973143,0.00010278611991973143,-8.2715604619549112e-06
455,872,0.99999747812772699,-2.5218754528801526e-06,2.5218754528801526e-06,0.99999695309268821,-3.0469119536317964e-06,3.0469119536317964e-06,-5.2503650075164381e-07
456,20492,0.99999266383672547,-7.3361901843468991e-06,7.3361901843468991e-06,0.99998987021340147,-1.0129837905136979e-05,1.0129837905136979e-05,-2.7936477207900794e-06
457,45578,0.99999769531250104,-2.3046901547948043e-06,2.3046901547948043e-06,0.99999746120309974,-2.538800123019405e-06,2.538800123019405e-06,-2.341099682246007e-07
458,323,0.98966442983125413,-0.010389353079757834,0.010389353079757834,0.99086173386000931,-0.0091802762227452973,0.0091802762227452973,0.0012090768570125372
459,16717,0.4621922642759258,-0.7717743180280755,0.7717743180280755,0.53626021724118145,-0.62313575579101055,0.62313575579101055,0.14863856223706495
460,279,0.99986478800830514,-0.00013522113366031571,0.00013522113366031571,0.9998860893309538,-0.00011391715735915163,0.00011391715735915163,2.1303976301164081e-05
461,19463,0.99998134655221615,-1.8653621761512613e-05,1.8653621761512613e-05,0.99997888833338378,-2.1111889470629768e-05,2.1111889470629768e-05,-2.4582677091171551e-06
462,369,0.99977651730850581,-0.00022350766747206068,0.00022350766747206068,0.99979772054102845,-0.00020229992022061097,0.00020229992022061097,2.1207747251449712e-05
463,264,0.99999928016679973,-7.1983345932983443e-07,7.1983345932983443e-07,0.9999991766987707,-8.2330156818073639e-07,8.2330156818073639e-07,-1.0346810885090196e-07
464,10284,0.99998908543491283,-1.0914624651479873e-05,1.0914624651479873e-05,0.9999894666389223,-1.0533416553989118e-05,1.0533416553989118e-05,3.8120809749075553e-07
465,3770,0.99998605272619356,-1.3947371070574586e-05,1.3947371070574586e-05,0.9999848106388961,-1.5189476463434572e-05,1.5189476463434572e-05,-1.2421053928599862e-06
466,78526,0.9997023106764259,-0.00029773364183633419,0.00029773364183633419,0.99975007656429893,-0.0002499546717674922,0.0002499546717674922,4.7778970068841989e-05
467,13892,0.99999821012042944,-1.7898811723786164e-06,1.7898811723786164e-06,0.99999881058083895,-1.1894198684488604e-06,1.1894198684488604e-06,6.0046130392975602e-07
468,78149,0.99999870842132621,-1.2915795079218733e-06,1.2915795079218733e-06,0.99999835590562458,-1.6440957269531137e-06,1.6440957269531137e-06,-3.5251621903124035e-07
469,3280,0.99999906431947094,-9.3568096682954159e-07,9.3568096682954159e-07,0.99999902967548648,-9.7032498433090363e-07,9.7032498433090363e-07,-3.4644017501362042e-08
470,304,0.99999337109199204,-6.628929979288578e-06,6.628929979288578e-06,0.99999372571377032,-6.2743059131350331e-06,6.2743059131350331e-06,3.5462406615354485e-07
471,872,0.99956338649109777,-0.00043670885233349144,0.00043670885233349144,0.99982159843679408,-0.00017841747865767756,0.00017841747865767756,0.00025829137367581388
472,5651,0.99997556146263777,-2.4438835988129385e-05,2.4438835988129385e-05,0.9999714956023027,-2.8504803955345852e-05,2.8504803955345852e-05,-4.0659679672164678e-06
473,18057,0.9999911039227618,-8.8961168085478645e-06,8.8961168085478645e-06,0.99998850797883232,-1.149208720141666e-05,1.149208720141666e-05,-2.5959703928687953e-06
474,13,0.98170631729320446,-0.018463081249660701,0.018463081249660701,0.98522618127676342,-0.014884038508296506,0.014884038508296506,0.003579042741364195
475,362,0.99769644942567959,-0.0023062078284752131,0.0023062078284752131,0.99707546944454017,-0.002928815350994215,0.002928815350994215,-0.00062260752251900187
476,10205,0.99999842925243609,-1.5707487975280502e-06,1.5707487975280502e-06,0.99999813470459198,-1.865297147681292e-06,1.865297147681292e-06,-2.9454835015324176e-07
477,304,0.99999981010529815,-1.8989471990417854e-07,1.8989471990417854e-07,0.99999978999431616,-2.1000570586742759e-07,2.1000570586742759e-07,-2.0110985963249056e-08
478,9581,0.99999897036549135,-1.029635038731193e-06,1.029635038731193e-06,0.99999893446925903,-1.0655313086088645e-06,1.0655313086088645e-06,-3.5896269877671468e-08
479,7479,0.99999725985649834,-2.7401472558874727e-06,2.7401472558874727e-06,0.99999657789907159,-3.4221067838478545e-06,3.4221067838478545e-06,-6.8195952796038187e-07
480,20472,0.99999843960614643,-1.5603950709855216e-06,1.5603950709855216e-06,0.99999758251870441,-2.4174842176879483e-06,2.4174842176879483e-06,-8.5708914670242667e-07
481,304,0.99999859312410444,-1.4068768852137373e-06,1.4068768852137373e-06,0.99999865226081563,-1.3477400925990638e-06,1.3477400925990638e-06,5.9136792614673435e-08
482,279,0.99999964359568927,-3.5640437422816328e-07,3.5640437422816328e-07,0.99999974166108474,-2.5833894861484271e-07,2.5833894861484271e-07,9.8065425613320574e-08
483,2768,0.99999732321370915,-2.6767898733971479e-06,2.6767898733971479e-06,0.99999689667463587,-3.1033301794243731e-06,3.1033301794243731e-06,-4.2654030602722528e-07
484,4038,0.99999765487217585,-2.3451305739347788e-06,2.3451305739347788e-06,0.99999700823039517,-2.9917740802005612e-06,2.9917740802005612e-06,-6.4664350626578235e-07
485,29746,0.99985669445089453,-0.00014331581832678121,0.00014331581832678121,0.9998424276424015,-0.00015758477342676114,0.00015758477342676114,-1.4268955099979932e-05
486,279,0.99999925573889759,-7.4426137934213195e-07,7.4426137934213195e-07,0.99999904964118091,-9.5035927066003337e-07,9.5035927066003337e-07,-2.0609789131790142e-07
487,79482,0.99997184259198457,-2.8157804442729736e-05,2.8157804442729736e-05,0.9999718328135806,-2.8167583122088972e-05,2.8167583122088972e-05,-9.7786793592357236e-09
488,1912,0.99999873492906655,-1.265071733636756e-06,1.265071733636756e-06,0.99999862660294592,-1.3733979972404719e-06,1.3733979972404719e-06,-1.0832626360371592e-07
489,311,0.99999954998054785,-4.5001955339315306e-07,4.5001955339315306e-07,0.99999934396843604,-6.5603177909498418e-07,6.5603177909498418e-07,-2.0601222570183112e-07
490,3131,0.9999840890212619,-1.5911105319058972e-05,1.5911105319058972e-05,0.99998054670748004,-1.9453481737700104e-05,1.9453481737700104e-05,-3.5423764186411311e-06
491,1578,0.99999534290403447,-4.6571068098444422e-06,4.6571068098444422e-06,0.99999342451315021,-6.5755084683908013e-06,6.5755084683908013e-06,-1.9184016585463591e-06
492,4933,0.99998941735577929,-1.0582700217269621e-05,1.0582700217269621e-05,0.99998912008904783,-1.0879970138831707e-05,1.0879970138831707e-05,-2.9726992156208698e-07
493,872,0.9999983172454957,-1.6827559200845121e-06,1.6827559200845121e-06,0.99999835257734215,-1.6474240148941938e-06,1.6474240148941938e-06,3.5331905190318259e-08
494,51165,0.99998426934885376,-1.5730774874228652e-05,1.5730774874228652e-05,0.999982739452145,-1.7260696819997412e-05,1.7260696819997412e-05,-1.5299219457687602e-06
495,311,0.99993742513139061,-6.2576826498132742e-05,6.2576826498132742e-05,0.99994279147409404,-5.7210162376059229e-05,5.7210162376059229e-05,5.366664122073513e-06
496,13519,0.99999288256883379,-7.1174564952055439e-06,7.1174564952055439e-06,0.99999258259863089,-7.4174288781327854e-06,7.4174288781327854e-06,-2.9997238292724153e-07
497,264,0.99999661562697251,-3.3843787545366334e-06,3.3843787545366334e-06,0.99999684891814145,-3.1510868232658497e-06,3.1510868232658497e-06,2.3329193127078374e-07
498,3221,0.99998941729309543,-1.0582762901796615e-05,1.0582762901796615e-05,0.99999230046467613,-7.6995649654980636e-06,7.6995649654980636e-06,2.8831979362985511e-06
499,78526,0.99990783885611212,-9.2165390986994784e-05,9.2165390986994784e-05,0.99992577105646352,-7.4231698640833284e-05,7.4231698640833284e-05,1.79336923461615e-05
500,3280,0.99999838737924596,-1.6126220543542167e-06,1.6126220543542167e-06,0.99999816931194718,-1.830689728534167e-06,1.830689728534167e-06,-2.1806767417995038e-07
501,304,0.99999618430962933,-3.815697650459874e-06,3.815697650459874e-06,0.99999715083859075,-2.8491654680992166e-06,2.8491654680992166e-06,9.6653218236065735e-07
502,872,0.99999874729325422,-1.2527075304419914e-06,1.2527075304419914e-06,0.99999864895336732,-1.3510475453330149e-06,1.3510475453330149e-06,-9.8340014891023461e-08
503,1620,0.9999971552298389,-2.8447742074781154e-06,2.8447742074781154e-06,0.99999816614647019,-1.8338552112720945e-06,1.8338552112720945e-06,1.0109189962060209e-06
504,6287,0.99999641613191859,-3.5838745034980262e-06,3.5838745034980262e-06,0.99999507624771478,-4.9237644069723625e-06,4.9237644069723625e-06,-1.3398899034743363e-06
505,18057,0.99996818649119157,-3.1814014868783468e-05,3.1814014868783468e-05,0.99995196993254742,-4.8031220933163462e-05,4.8031220933163462e-05,-1.6217206064379994e-05
506,2713,0.99999863121576182,-1.368785175001512e-06,1.368785175001512e-06,0.99999839133380941,-1.6086674845015864e-06,1.6086674845015864e-06,-2.3988230950007439e-07
507,11,0.99980921778651732,-0.00019080041472421469,0.00019080041472421469,0.99981404108054417,-0.00018597621195948525,0.00018597621195948525,4.8242027647294383e-06
508,902,0.99999752769407657,-2.4723089796033395e-06,2.4723089796033395e-06,0.99999683901845482,-3.1609865410424758e-06,3.1609865410424758e-06,-6.8867756143913628e-07
509,19698,0.99995589530380646,-4.410566883424901e-05,4.410566883424901e-05,0.99993856821436555,-6.1433672643883158e-05,6.1433672643883158e-05,-1.7328003809634148e-05
510,220,0.99999883384566723,-1.1661550127188405e-06,1.1661550127188405e-06,0.99999860554453279,-1.3944564395081954e-06,1.3944564395081954e-06,-2.2830142678935496e-07
511,1544,0.99998877992204349,-1.1220140902011669e-05,1.1220140902011669e-05,0.99999087925151442,-9.1207900798373125e-06,9.1207900798373125e-06,2.0993508221743569e-06
512,35148,0.99999205131048541,-7.9487211055508217e-06,7.9487211055508217e-06,0.99999183214928922,-8.1678840678278232e-06,8.1678840678278232e-06,-2.1916296227700144e-07
513,44583,0.99997069376244196,-2.9306666994219483e-05,2.9306666994219483e-05,0.99996022548256702,-3.9775308460045766e-05,3.9775308460045766e-05,-1.0468641465826283e-05
514,382,0.99099725749133805,-0.0090435120713788682,0.0090435120713788682,0.99029892802287744,-0.0097484339326168352,0.0097484339326168352,-0.00070492186123796707
515,791,0.77361901899702212,-0.25667575009223237,0.25667575009223237,0.80110468704220839,-0.22176364502021334,0.22176364502021334,0.034912105072019028
516,4409,0.99984680765959644,-0.00015320407554869988,0.00015320407554869988,0.99992381499572625,-7.6187906498634289e-05,7.6187906498634289e-05,7.7016169050065595e-05
517,3907,0.9999998196137686,-1.8038624765642436e-07,1.8038624765642436e-07,0.99999975007873865,-2.4992129262793097e-07,2.4992129262793097e-07,-6.9535044971506604e-08
518,315,0.99999989970816705,-1.0029183802337574e-07,1.0029183802337574e-07,0.99999987125128931,-1.2874871894688963e-07,1.2874871894688963e-07,-2.8456880923513884e-08
519,19730,0.99999600052671256,-3.9994812853769019e-06,3.9994812853769019e-06,0.99999513806293738,-4.8619488818597924e-06,4.8619488818597924e-06,-8.624675964828905e-07
520,18711,0.99999968682468954,-3.1317535945566196e-07,3.1317535945566196e-07,0.99999950069713095,-4.9930299375464175e-07,4.9930299375464175e-07,-1.8612763429897979e-07
521,11136,0.99706888181213083,-0.0029354223274703551,0.0029354223274703551,0.99780640517967001,-0.0021960042736689869,0.0021960042736689869,0.00073941805380136824
522,264,0.99999894000422729,-1.0599963344613736e-06,1.0599963344613736e-06,0.99999881264436263,-1.1873563422198699e-06,1.1873563422198699e-06,-1.2736000775849632e-07
523,36899,0.99999820756050883,-1.7924410976170492e-06,1.7924410976170492e-06,0.99999825741906634,-1.7425824519346204e-06,1.7425824519346204e-06,4.9858645682428776e-08
524,22343,0.99999754748379577,-2.452519211659727e-06,2.452519211659727e-06,0.99999677788115682,-3.2221240341638134e-06,3.2221240341638134e-06,-7.6960482250408638e-07
525,389,0.99999929510183172,-7.0489841677488881e-07,7.0489841677488881e-07,0.99999931899588501,-6.8100434684514831e-07,6.8100434684514831e-07,2.3894069929740501e-08
526,5936,0.99999476466818249,-5.2353455219179185e-06,5.2353455219179185e-06,0.99999225964950555,-7.7403804511416366e-06,7.7403804511416366e-06,-2.505034929223718e-06
527,220,0.9999998596717089,-1.4032830090326605e-07,1.4032830090326605e-07,0.99999981508637026,-1.8491364683994068e-07,1.8491364683994068e-07,-4.4585345936674635e-08
528,1187,0.99999978252210009,-2.1747792355806503e-07,2.1747792355806503e-07,0.99999977178078281,-2.2821924321840778e-07,2.2821924321840778e-07,-1.0741319660342752e-08
529,11,0.99999991532384469,-8.4676158941138891e-08,8.4676158941138891e-08,0.9999999041282569,-9.5871747719039501e-08,9.5871747719039501e-08,-1.119558877790061e-08
530,220,0.99999954694771953,-4.5305238312109258e-07,4.5305238312109258e-07,0.99999960612438088,-3.9387569664930166e-07,3.9387569664930166e-07,5.917668647179092e-08
531,1049,0.99999998417795077,-1.5822049323219875e-08,1.5822049323219875e-08,0.99999997445980671,-2.5540193633576983e-08,2.5540193633576983e-08,-9.718144310357108e-09
532,18,0.99999984911094841,-1.5088906296248355e-07,1.5088906296248355e-07,0.99999974599877073,-2.5400126151740652e-07,2.5400126151740652e-07,-1.0311219855492298e-07
533,11,0.99999988548650531,-1.1451350123067925e-07,1.1451350123067925e-07,0.99999985345445952,-1.4654555116982966e-07,1.4654555116982966e-07,-3.2032049939150412e-08
534,19392,0.99996489572546676,-3.5104890702682035e-05,3.5104890702682035e-05,0.99995025391990888,-4.974731746839128e-05,4.974731746839128e-05,-1.4642426765709245e-05
535,279,0.99999866203803034,-1.3379628647116312e-06,1.3379628647116312e-06,0.99999884025883767,-1.1597418348609057e-06,1.1597418348609057e-06,1.7822102985072558e-07
536,29736,0.99999867671201326,-1.3232888622397441e-06,1.3232888622397441e-06,0.99999848711233397,-1.5128888104520145e-06,1.5128888104520145e-06,-1.8959994821227035e-07
537,315,0.99999988513357396,-1.1486643265203489e-07,1.1486643265203489e-07,0.99999985069497954,-1.4930503162766518e-07,1.4930503162766518e-07,-3.4438598975630289e-08
538,264,0.99999970049293041,-2.9950711444368171e-07,2.9950711444368171e-07,0.999999632145813,-3.6785425467782941e-07,3.6785425467782941e-07,-6.8347140234147701e-08
539,4725,0.99999947434776104,-5.2565237713778308e-07,5.2565237713778308e-07,0.99999931431659916,-6.8568363593456299e-07,6.8568363593456299e-07,-1.6003125879677991e-07
540,477,0.9999996066116994,-3.9338837798918767e-07,3.9338837798918767e-07,0.99999966913989891,-3.308601558280508e-07,3.308601558280508e-07,6.2528222161136875e-08
541,3770,0.9999935926664677,-6.4073540593221514e-06,6.4073540593221514e-06,0.99999377639911669,-6.2236202500111702e-06,6.2236202500111702e-06,1.8373380931098112e-07
542,53183,0.737924469015795,-0.30391380512637611,0.30391380512637611,0.78231437325163922,-0.24549860739119106,0.24549860739119106,0.058415197735185054
543,3280,0.99999767234528047,-2.3276574285277357e-06,2.3276574285277357e-06,0.99999787344118596,-2.1265610751806192e-06,2.1265610751806192e-06,2.0109635334711651e-07
544,449,0.99999699232844219,-3.007676080843644e-06,3.007676080843644e-06,0.99999718314011532,-2.8168638520793075e-06,2.8168638520793075e-06,1.9081222876433652e-07
545,220,0.99999926187727584,-7.3812299653788398e-07,7.3812299653788398e-07,0.99999920351171179,-7.9648860539707388e-07,7.9648860539707388e-07,-5.8365608859189897e-08
546,1682,0.99999845658249575,-1.5434186952694105e-06,1.5434186952694105e-06,0.99999876851337777,-1.2314873805166919e-06,1.2314873805166919e-06,3.119313147527186e-07
547,2860,0.9999979919404467,-2.0080615694775624e-06,2.0080615694775624e-06,0.99999752495239103,-2.4750506719112433e-06,2.4750506719112433e-06,-4.6698910243368087e-07
548,35148,0.99999798546104557,-2.0145409836624827e-06,2.0145409836624827e-06,0.99999787002444251,-2.1299778258964961e-06,2.1299778258964961e-06,-1.154368422340134e-07
549,32343,0.99997063470695124,-2.9365724217405705e-05,2.9365724217405705e-05,0.9999697569163658,-3.0243540965483206e-05,3.0243540965483206e-05,-8.7781674807750062e-07
550,3233,0.99999924012855435,-7.5987173437909847e-07,7.5987173437909847e-07,0.99999954633245025,-4.536676526772342e-07,4.536676526772342e-07,3.0620408170186427e-07
551,11,0.99999797656655787,-2.0234354892666822e-06,2.0234354892666822e-06,0.99999772130583331,-2.2786967629724432e-06,2.2786967629724432e-06,-2.5526127370576091e-07
552,220,0.99999846907380496,-1.5309273669588468e-06,1.5309273669588468e-06,0.99999772457382929,-2.2754287594409553e-06,2.2754287594409553e-06,-7.4450139248210849e-07
553,1627,0.9999996466399893,-3.5336007316482524e-07,3.5336007316482524e-07,0.99999974346835663,-2.5653167630422075e-07,2.5653167630422075e-07,9.6828396860604485e-08
554,35148,0.99999802910072844,-1.9709012137851539e-06,1.9709012137851539e-06,0.99999775500610921,-2.2449964107496978e-06,2.2449964107496978e-06,-2.7409519696454394e-07
555,44583,0.99996294582973022,-3.7054856792534803e-05,3.7054856792534803e-05,0.99994263911699921,-5.7362528199193067e-05,5.7362528199193067e-05,-2.0307671406658264e-05
556,11,0.99999933470320757,-6.6529701377057898e-07,6.6529701377057898e-07,0.99999928161448537,-7.1838577262342242e-07,7.1838577262342242e-07,-5.3088758852843437e-08
557,323,0.99999998950993907,-1.0490060987013737e-08,1.0490060987013737e-08,0.99999999097886716,-9.0211329110682403e-09,9.0211329110682403e-09,1.4689280759454968e-09
558,220,0.99999982174276725,-1.7825724861699765e-07,1.7825724861699765e-07,0.999999757356409,-2.4264362040131469e-07,2.4264362040131469e-07,-6.438637178431704e-08
559,845,0.99999955037644306,-4.4962365803266128e-07,4.4962365803266128e-07,0.9999996273964501,-3.7260361937514654e-07,3.7260361937514654e-07,7.7020038657514741e-08
560,13892,0.99999408921608857,-5.9108013802210914e-06,5.9108013802210914e-06,0.99999237497398141,-7.6250550892724525e-06,7.6250550892724525e-06,-1.7142537090513611e-06
561,764,0.99999969235012032,-3.0764992706057236e-07,3.0764992706057236e-07,0.99999964498051563,-3.5501954735687008e-07,3.5501954735687008e-07,-4.7369620296297715e-08
562,29639,0.99995049825109028,-4.9502974161709526e-05,4.9502974161709526e-05,0.99998029153892931,-1.9708655284931404e-05,1.9708655284931404e-05,2.9794318876778122e-05
563,13,0.99999883041608972,-1.1695845942180108e-06,1.1695845942180108e-06,0.99999871462789081,-1.285372935336087e-06,1.285372935336087e-06,-1.1578834111807615e-07
564,578,0.92856164368895699,-0.074118509774981009,0.074118509774981009,0.9382380446895513,-0.06375158318562392,0.06375158318562392,0.010366926589357089
565,1912,0.99999498558926858,-5.0144233036192642e-06,5.0144233036192642e-06,0.99999736159128705,-2.6384121935484971e-06,2.6384121935484971e-06,2.3760111100707671e-06
566,32828,0.95515840222245907,-0.045878086054156511,0.045878086054156511,0.94074232733725871,-0.061086005441654677,0.061086005441654677,-0.015207919387498166
567,872,0.99999776574446153,-2.2342580344085655e-06,2.2342580344085655e-06,0.99999720024790451,-2.7997560147928815e-06,2.7997560147928815e-06,-5.6549798038431601e-07
568,51165,0.99993512042526012,-6.4881679510503764e-05,6.4881679510503764e-05,0.99994087739299298,-5.9124354817202839e-05,5.9124354817202839e-05,5.757324693300925e-06
569,389,0.99990888002485834,-9.1124126818774629e-05,9.1124126818774629e-05,0.99992996681886637,-7.0035633571362857e-05,7.0035633571362857e-05,2.1088493247411772e-05
570,5651,0.99998713669551176,-1.2863387221273287e-05,1.2863387221273287e-05,0.99997881795418098,-2.1182270161685844e-05,2.1182270161685844e-05,-8.3188829404125563e-06
571,220,0.99999987641246357,-1.2358754411107587e-07,1.2358754411107587e-07,0.99999981110295832,-1.8889705947234846e-07,1.8889705947234846e-07,-6.5309515361272583e-08
572,1187,0.99999982995629799,-1.7004371641638095e-07,1.7004371641638095e-07,0.99999983999597342,-1.6000403942917594e-07,1.6000403942917594e-07,1.0039676987205007e-08
573,11,0.9999996597780022,-3.4022205571732833e-07,3.4022205571732833e-07,0.99999981250987735,-1.8749014026730647e-07,1.8749014026730647e-07,1.5273191545002186e-07
574,220,0.99995101291164035,-4.8988288266293173e-05,4.8988288266293173e-05,0.99996877557135688,-3.1224916135767195e-05,3.1224916135767195e-05,1.7763372130525978e-05
575,1049,0.99999998287973957,-1.7120260618062042e-08,1.7120260618062042e-08,0.99999998896471587,-1.103528418106713e-08,1.103528418106713e-08,6.0849764369949121e-09
576,18,0.99999988795078709,-1.1204921917608919e-07,1.1204921917608919e-07,0.99999993433223977,-6.5667762403279705e-08,6.5667762403279705e-08,4.6381456772809485e-08
577,11,0.99999993620734562,-6.379265645424097e-08,6.379265645424097e-08,0.99999992564789109,-7.4352111701152018e-08,7.4352111701152018e-08,-1.0559455246911049e-08
578,19392,0.99994446601096654,-5.5535531102540388e-05,5.5535531102540388e-05,0.99992854416059895,-7.1458392491128051e-05,7.1458392491128051e-05,-1.5922861388587664e-05
579,264,0.99999846502126277,-1.5349799152606623e-06,1.5349799152606623e-06,0.9999985423724963,-1.4576285659909235e-06,1.4576285659909235e-06,7.7351349269738818e-08
580,8275,0.99999319547820131,-6.8045449495694816e-06,6.8045449495694816e-06,0.99999396646468597,-6.0335535158799903e-06,6.0335535158799903e-06,7.7099143368949123e-07
581,5376,0.99999194374861233,-8.0562838394742112e-06,8.0562838394742112e-06,0.99998655053755414,-1.3449552890740912e-05,1.3449552890740912e-05,-5.3932690512667012e-06
582,315,0.9999705406666205,-2.9459767314174422e-05,2.9459767314174422e-05,0.99998024877096714,-1.9751424090914588e-05,1.9751424090914588e-05,9.7083432232598338e-06
583,2860,0.99999898664675968,-1.0133537537222232e-06,1.0133537537222232e-06,0.99999868700907801,-1.3129917839668906e-06,1.3129917839668906e-06,-2.9963803024466732e-07
584,35148,0.99999789010328077,-2.1098989450497066e-06,2.1098989450497066e-06,0.99999767132280293,-2.3286799084682608e-06,2.3286799084682608e-06,-2.1878096341855413e-07
585,32343,0.99997684795078567,-2.3152317227136793e-05,2.3152317227136793e-05,0.99997117883608355,-2.8821579254153477e-05,2.8821579254153477e-05,-5.6692620270166845e-06
586,3233,0.99999860476951485,-1.3952314584753023e-06,1.3952314584753023e-06,0.99999867631042294,-1.323690453135022e-06,1.323690453135022e-06,7.1541005340280303e-08
587,311,0.99999996929718171,-3.0702818704611321e-08,3.0702818704611321e-08,0.9999999750363926,-2.4963607757992782e-08,2.4963607757992782e-08,5.7392109466185381e-09
588,220,0.99999987852002936,-1.2147997802565628e-07,1.2147997802565628e-07,0.99999986264771334,-1.3735229609642098e-07,1.3735229609642098e-07,-1.5872318070764693e-08
589,966,0.99999977208425661,-2.2791576937495414e-07,2.2791576937495414e-07,0.99999980074136974,-1.992586501563559e-07,1.992586501563559e-07,2.8657119218598238e-08
590,13,0.99881436862687001,-0.0011863347900568358,0.0011863347900568358,0.99845247536686887,-0.0015487232861658537,0.0015487232861658537,-0.00036238849610901796
591,578,0.88559835596698766,-0.12149175399527352,0.12149175399527352,0.89793733892605798,-0.1076549915933461,0.1076549915933461,0.013836762401927424
592,1912,0.94479747241004508,-0.056784689367121624,0.056784689367121624,0.97041056473658938,-0.030036034420020657,0.030036034420020657,0.026748654947100967
593,574,0.99996069844839031,-3.9302323935965329e-05,3.9302323935965329e-05,0.99996501349141886,-3.4987120623293772e-05,3.4987120623293772e-05,4.3152033126715573e-06
594,13687,0.55611786356229442,-0.58677502237289214,0.58677502237289214,0.57034941510548964,-0.56150609700978238,0.56150609700978238,0.025268925363109762
595,304,0.99999975678479769,-2.4321523190935799e-07,2.4321523190935799e-07,0.99999975808449293,-2.4191553631816542e-07,2.4191553631816542e-07,1.2996955911925719e-09
596,872,0.99999765128397433,-2.3487187839025938e-06,2.3487187839025938e-06,0.9999977704395524,-2.2295629330327657e-06,2.2295629330327657e-06,1.1915585086982808e-07
597,51165,0.99998984875534436,-1.0151296179853187e-05,1.0151296179853187e-05,0.99998953783795819,-1.0462216770630753e-05,1.0462216770630753e-05,-3.109205907775663e-07
598,369,0.99999683161083908,-3.168394180305015e-06,3.168394180305015e-06,0.99999770214682948,-2.2978558105556685e-06,2.2978558105556685e-06,8.7053836974934646e-07
599,279,0.99999955663096929,-4.4336912904390653e-07,4.4336912904390653e-07,0.9999995288055612,-4.7119454983271757e-07,4.7119454983271757e-07,-2.782542078881104e-08
600,49017,0.99999064046260655,-9.3595811942476067e-06,9.3595811942476067e-06,0.99999080369341664,-9.1963488696062245e-06,9.1963488696062245e-06,1.6323232464138216e-07
601,315,0.99999959754927648,-4.0245080452272014e-07,4.0245080452272014e-07,0.99999949528464516,-5.047154821594808e-07,5.047154821594808e-07,-1.0226467763676066e-07
602,279,0.99999913483047265,-8.6516990160593611e-07,8.6516990160593611e-07,0.99999917358488766,-8.2641545387057494e-07,8.2641545387057494e-07,3.8754447735361167e-08
603,40505,0.9999987519691097,-1.2480316690396011e-06,1.2480316690396011e-06,0.99999810832777225,-1.8916740170039837e-06,1.8916740170039837e-06,-6.4364234796438264e-07
604,16867,0.99999795531155888,-2.0446905315020057e-06,2.0446905315020057e-06,0.99999731873819142,-2.681265403122074e-06,2.681265403122074e-06,-6.3657487162006833e-07
605,11,0.9999957005099267,-4.2994993160976787e-06,4.2994993160976787e-06,0.99999785573749511,-2.1442648038286331e-06,2.1442648038286331e-06,2.1552345122690456e-06
606,3582,0.99919923097554408,-0.00080108981123335691,0.00080108981123335691,0.99906554826390526,-0.00093488860829685769,0.00093488860829685769,-0.00013379879706350078
607,872,0.99999899799422398,-1.0020062779847227e-06,1.0020062779847227e-06,0.99999890354997767,-1.0964506233782281e-06,1.0964506233782281e-06,-9.4444345393505384e-08
608,28175,0.99999506869598731,-4.9313161716111716e-06,4.9313161716111716e-06,0.99999464947157934,-5.3505427347982702e-06,5.3505427347982702e-06,-4.1922656318709862e-07
609,51165,0.99999165975353888,-8.3402812411290248e-06,8.3402812411290248e-06,0.99998921287553388,-1.078718264761563e-05,1.078718264761563e-05,-2.4469014064866048e-06
610,369,0.99999971439741897,-2.8560262184634679e-07,2.8560262184634679e-07,0.99999965071794927,-3.4928211174121343e-07,3.4928211174121343e-07,-6.3679489894866643e-08
611,279,0.99999986646179406,-1.3353821489589629e-07,1.3353821489589629e-07,0.99999981704946894,-1.8295054774025098e-07,1.8295054774025098e-07,-4.9412332844354688e-08
612,4987,0.99999945803009194,-5.4197005496253781e-07,5.4197005496253781e-07,0.99999940576331203,-5.9423686457061461e-07,5.9423686457061461e-07,-5.2266809608076796e-08
613,5734,0.99999617326882062,-3.8267385013589708e-06,3.8267385013589708e-06,0.99999614174835838,-3.858259084731907e-06,3.858259084731907e-06,-3.152058337293617e-08
614,15379,0.99998456579944695,-1.5434319661553427e-05,1.5434319661553427e-05,0.99998237207995599,-1.7628075417664157e-05,1.7628075417664157e-05,-2.1937557561107293e-06
615,1051,0.99998860126281652,-1.1398802149615897e-05,1.1398802149615897e-05,0.99999056263728392,-9.4374072482570945e-06,9.4374072482570945e-06,1.9613949013588027e-06
616,32302,0.99998916725447096,-1.0832804203693758e-05,1.0832804203693758e-05,0.99998872502158909,-1.1275041973920279e-05,1.1275041973920279e-05,-4.4223777022652052e-07
617,1022,0.99999941060295161,-5.8939722208365817e-07,5.8939722208365817e-07,0.99999937418424856,-6.2581594730655768e-07,6.2581594730655768e-07,-3.6418725222899511e-08
618,13,0.43710550332189763,-0.82758068665930373,0.82758068665930373,0.59682049477358201,-0.51613888957367937,0.51613888957367937,0.31144179708562436
619,28993,0.0013432261425494105,-6.6126809895036462,6.6126809895036462,0.00058360295489204956,-7.4462896781138461,7.4462896781138461,-0.83360868861019988
620,11,0.99999973741085257,-2.6258918189446972e-07,2.6258918189446972e-07,0.99999963871258624,-3.6128747906163196e-07,3.6128747906163196e-07,-9.8698297167162237e-08
621,279,0.98850766270499346,-0.01155888455022773,0.01155888455022773,0.99348609076227379,-0.006535217327551337,0.006535217327551337,0.0050236672226763928
622,220,0.77889065223220844,-0.2498846123707604,0.2498846123707604,0.86330517811491136,-0.14698702571056374,0.14698702571056374,0.10289758666019666
623,1049,0.99999976939432222,-2.3060570436584915e-07,2.3060570436584915e-07,0.9999997917167619,-2.0828325981994182e-07,2.0828325981994182e-07,2.2322444545907337e-08
624,18,0.99999968929859429,-3.1070145403635426e-07,3.1070145403635426e-07,0.9999997676764929,-2.3232353406862183e-07,2.3232353406862183e-07,7.8377919967732429e-08
625,16867,0.99999472776810394,-5.2722457942890839e-06,5.2722457942890839e-06,0.99999375252461253,-6.2474949030521702e-06,6.2474949030521702e-06,-9.7524910876308631e-07
626,13892,0.99998046290996379,-1.9537280887633468e-05,1.9537280887633468e-05,0.99997886672704206,-2.1133496268661313e-05,2.1133496268661313e-05,-1.5962153810278452e-06
627,78149,0.99999975551741982,-2.4448261002473905e-07,2.4448261002473905e-07,0.99999961108099389,-3.8891908169460584e-07,3.8891908169460584e-07,-1.4443647166986679e-07
628,3280,0.99999623720748665,-3.762799592685954e-06,3.762799592685954e-06,0.99999577717699906,-4.2228319170672918e-06,4.2228319170672918e-06,-4.6003232438133782e-07
629,574,0.99998936488754087,-1.0635169012380945e-05,1.0635169012380945e-05,0.99998152303010834,-1.847714059292517e-05,1.847714059292517e-05,-7.8419715805442249e-06
630,264,0.91828809702128222,-0.085244106418482637,0.085244106418482637,0.84102713289406739,-0.17313135687317571,0.17313135687317571,-0.087887250454693075
631,5199,0.28030925072579893,-1.2718618184098545,1.2718618184098545,0.53392696758387026,-0.62749621419931656,0.62749621419931656,0.6443656042105379
632,1567,0.96503008065340501,-0.035596006467417646,0.035596006467417646,0.96783610574047818,-0.032692518292069497,0.032692518292069497,0.0029034881753481484
633,11,0.88111050045979111,-0.1265722347365982,0.1265722347365982,0.89795342847291126,-0.10763707341352605,0.10763707341352605,0.018935161323072158
634,449,0.98370130758190644,-0.01643297721564867,0.01643297721564867,0.98519622292880571,-0.014914446554709299,0.014914446554709299,0.0015185306609393715
635,3892,0.9903257835244228,-0.0097213157194687757,0.0097213157194687757,0.9956579035114892,-0.0043515507669871769,0.0043515507669871769,0.0053697649524815988
636,3682,0.74102344203620796,-0.29972301851005367,0.29972301851005367,0.69598227918232181,-0.36243107991679263,0.36243107991679263,-0.062708061406738957
637,44583,0.99989452490632869,-0.00010548065656013097,0.00010548065656013097,0.99987401624082628,-0.0001259916957940857,0.0001259916957940857,-2.0511039233954729e-05
638,28987,0.76104488397222558,-0.27306294260712188,0.27306294260712188,0.45657271989183829,-0.78400729285651494,0.78400729285651494,-0.51094435024939311
639,279,0.9817663569511188,-0.018401924648175257,0.018401924648175257,0.73792867823150587,-0.30390810101452909,0.30390810101452909,-0.28550617636635384
640,26363,0.5640104814325233,-0.57268244355654185,0.57268244355654185,0.60445437021472181,-0.50342909529207569,0.50342909529207569,0.069253348264466164
641,11,0.34314381573153468,-1.0696056318457436,1.0696056318457436,0.99998387196860083,-1.6128161457264119e-05,1.6128161457264119e-05,1.0695895036842864
642,6457,0.0069050688370365697,-4.9754995230124894,4.9754995230124894,0.81316092573685872,-0.20682624838624683,0.20682624838624683,4.7686732746262424
643,11,0.99999855070285404,-1.4492981961590059e-06,1.4492981961590059e-06,0.99999971132514454,-2.8867489717539075e-07,2.8867489717539075e-07,1.1606232989836153e-06
644,5734,2.0085589099553828e-05,-10.815507960259339,10.815507960259339,0.99997489472619516,-2.5105588947499376e-05,2.5105588947499376e-05,10.815482854670391
645,11,0.99999407746521807,-5.9225523201931664e-06,5.9225523201931664e-06,0.99999921137477088,-7.8862554010177891e-07,7.8862554010177891e-07,5.1339267800913875e-06
646,279,4.0021290923238719e-08,-17.033854251358576,17.033854251358576,0.92202249482907328,-0.081185657860830832,0.081185657860830832,16.952668593497744
647,16526,0.26402847606914287,-1.3316983177544444,1.3316983177544444,0.99999567789306643,-4.3221162739397896e-06,4.3221162739397896e-06,1.3316939956381704
648,50714,0.99644352265989689,-0.003562816640486919,0.003562816640486919,0.99999676390206893,-3.2361031672829361e-06,3.2361031672829361e-06,0.003559580537319636
649,11,0.99753637654105887,-0.0024666631727145579,0.0024666631727145579,0.99999980219057338,-1.9780944613196278e-07,1.9780944613196278e-07,0.0024664653632684259
650,2314,5.2884486085521202e-07,-14.452570716804491,14.452570716804491,0.99257150288043339,-0.0074562258113117525,0.0074562258113117525,14.445114490993179
651,5059,0.99654022920284868,-0.0034657696445570922,0.0034657696445570922,0.99999847083986637,-1.5291613028126865e-06,1.5291613028126865e-06,0.0034642404832542794
652,2259,0.99955165776307986,-0.00044844277235151181,0.00044844277235151181,0.99999975620232406,-2.4379770561445473e-07,2.4379770561445473e-07,0.00044819897464589738
653,11,0.95957840578507836,-0.041261251620074386,0.041261251620074386,0.99999884330551481,-1.1566951541514015e-06,1.1566951541514015e-06,0.041260094924920235
654,323,0.92375281643425589,-0.079310757810429358,0.079310757810429358,0.99999993553130329,-6.4468698744111174e-08,6.4468698744111174e-08,0.079310693341730618
655,5370,0.00015070212299564116,-8.8002053648687362,8.8002053648687362,0.99988563899961047,-0.00011436754010733361,0.00011436754010733361,8.8000909973286294
656,30100,0.086996767596514937,-2.4418843150808294,2.4418843150808294,0.99995548435664727,-4.4516634203331736e-05,4.4516634203331736e-05,2.441839798446626
657,304,0.89168752349343727,-0.11463951775993965,0.11463951775993965,0.99999993279317734,-6.7206824956126725e-08,6.7206824956126725e-08,0.1146394505531147
658,279,0.99136130320884752,-0.0086762266278480847,0.0086762266278480847,0.99999965148495074,-3.4851510999136492e-07,3.4851510999136492e-07,0.0086758781127380929
659,19001,0.025566579617141663,-3.6664692640882435,3.6664692640882435,0.99990749224498521,-9.2512034121083425e-05,9.2512034121083425e-05,3.6663767520541226
660,16867,0.99690662460242807,-0.003098169773001994,0.003098169773001994,0.99999671983917005,-3.2801662097081937e-06,3.2801662097081937e-06,0.0030948896067922857
661,13,0.86395943522268359,-0.14622946125401184,0.14622946125401184,0.99988573505066314,-0.00011427147807351673,0.00011427147807351673,0.14611518977593832
662,578,0.013966248776870459,-4.2711116616802505,4.2711116616802505,0.00052902211502574075,-7.5444803216381287,7.5444803216381287,-3.2733686599578782
663,3280,0.99921112874914875,-0.00078918257351624863,0.00078918257351624863,0.99903563573285281,-0.00096482956553583989,0.00096482956553583989,-0.00017564699201959126
664,574,0.31826115784208875,-1.1448829821683559,1.1448829821683559,0.49901311712779811,-0.69512289674685634,0.69512289674685634,0.44976008542149959
665,13160,0.75391519600302681,-0.28247538944417372,0.28247538944417372,0.82914964277820769,-0.18735463015103396,0.18735463015103396,0.095120759293139762
666,555,0.99999962289465449,-3.7710541662125876e-07,3.7710541662125876e-07,0.99999990742104783,-9.2578956434359604e-08,9.2578956434359604e-08,2.8452646018689913e-07
667,264,0.75064924610365957,-0.28681678544903327,0.28681678544903327,0.73405863286368667,-0.30916637227228477,0.30916637227228477,-0.022349586823251499
668,10284,0.21389543750748186,-1.5422679931470631,1.5422679931470631,0.27868333045010085,-1.277679158087478,1.277679158087478,0.26458883505958508
669,3770,0.99884161407599092,-0.0011590573715638539,0.0011590573715638539,0.99981414982314398,-0.00018586744914017374,0.00018586744914017374,0.00097318992242368015
670,78526,0.99954439698175157,-0.00045570683683815786,0.00045570683683815786,0.99978797795456609,-0.00021204452528531768,0.00021204452528531768,0.00024366231155284018
671,1396,0.99219164142612681,-0.0078390034339558441,0.0078390034339558441,0.99190596198039038,-0.0081269725814616372,0.0081269725814616372,-0.00028796914750579307
672,315,0.99999843378677078,-1.5662144557437309e-06,1.5662144557437309e-06,0.9999996071953281,-3.9280474907359789e-07,3.9280474907359789e-07,1.173409706670133e-06
673,35148,0.8593515982787393,-0.15157712959180455,0.15157712959180455,0.91345401992502251,-0.090522238393627982,0.090522238393627982,0.061054891198176572
674,32343,0.72069811465652434,-0.32753493304444553,0.32753493304444553,0.80161268692921539,-0.22112972176927825,0.22112972176927825,0.10640521127516728
675,3233,0.99998703975042524,-1.2960333559463553e-05,1.2960333559463553e-05,0.99999676808683879,-3.2319183838631823e-06,3.2319183838631823e-06,9.7284151756003697e-06
676,11,0.99655134820237534,-0.0034546121045294555,0.0034546121045294555,0.99918331941134508,-0.00081701425392458136,0.00081701425392458136,0.0026375978506048741
677,719,0.9570541657589714,-0.043895289591721245,0.043895289591721245,0.97935841262292345,-0.020857602711719898,0.020857602711719898,0.023037686880001348
678,3892,0.30568146362470516,-1.1852116877605261,1.1852116877605261,0.72411724744880002,-0.3228019557178779,0.3228019557178779,0.86240973204264826
679,44583,0.5834561646181039,-0.53878595498224957,0.53878595498224957,0.66514766252540181,-0.4077462140651148,0.4077462140651148,0.13103974091713477
680,1047,0.31549046542952802,-1.1536268179661455,1.1536268179661455,0.42179610478622565,-0.86323324572115201,0.86323324572115201,0.29039357224499351
681,264,0.52711543869393851,-0.64033570567334874,0.64033570567334874,0.52063182029657062,-0.65271216593733761,0.65271216593733761,-0.012376460263988864
682,5199,0.92463675119445443,-0.078354320008504438,0.078354320008504438,0.85971279812438195,-0.15115690117951949,0.15115690117951949,-0.072802581171015054
683,5536,0.99988252306293124,-0.00011748383802457508,0.00011748383802457508,0.99988758993318949,-0.00011241638529553184,0.00011241638529553184,5.0674527290432437e-06
684,389,0.9992677283644561,-0.00073253987737655491,0.00073253987737655491,0.99923083890777797,-0.00076945704838334852,0.00076945704838334852,-3.6917171006793604e-05
685,279,0.94916945030303579,-0.052167939617105516,0.052167939617105516,0.99462701613583648,-0.0053874702553637632,0.0053874702553637632,0.046780469361741753
686,5654,0.17687995192940653,-1.7322840142025075,1.7322840142025075,0.65046448650328603,-0.43006857667318038,0.43006857667318038,1.3022154375293271
687,13,0.99941751300503545,-0.00058265670642054779,0.00058265670642054779,0.99998307405960041,-1.6926083644904866e-05,1.6926083644904866e-05,0.00056573062277564287
688,4815,2.1491290866744578e-05,-10.747862780861457,10.747862780861457,8.6196300180341463e-06,-11.661468395551566,11.661468395551566,-0.91360561469010904
689,791,0.31001572506640512,-1.1711322567688045,1.1711322567688045,0.34229174427139725,-1.0720918521376768,1.0720918521376768,0.099040404631127732
690,1455,0.049600145679816264,-3.0037615081624987,3.0037615081624987,0.20560203564944976,-1.5818128444314172,1.5818128444314172,1.4219486637310814
691,19428,0.010405413926443037,-4.5654290384339973,4.5654290384339973,0.98967942524894126,-0.010374201172069816,0.010374201172069816,4.5550548372619275
692,35148,0.13844313657198587,-1.9772956039273999,1.9772956039273999,0.98968017808527664,-0.01037344048529606,0.01037344048529606,1.9669221634421039
693,32343,0.99723471346918557,-0.0027691169988038277,0.0027691169988038277,0.99991952484739655,-8.0478390902330441e-05,8.0478390902330441e-05,0.0026886386079014971
694,606,0.97116826737424911,-0.029255532836882855,0.029255532836882855,0.99994122666105989,-5.8775066160525821e-05,5.8775066160525821e-05,0.02919675777072233
695,315,0.99548522274575835,-0.0045249996405379326,0.0045249996405379326,0.99983284253240945,-0.00016717143995710553,0.00016717143995710553,0.0043578282005808273
696,279,0.99476963566676591,-0.005244090571835584,0.005244090571835584,0.99981930213076453,-0.00018071419706246135,0.00018071419706246135,0.0050633763747731228
697,3280,0.97496946448529498,-0.025349126951344142,0.025349126951344142,0.99912043884145429,-0.00087994819942894729,0.00087994819942894729,0.024469178751915194
698,574,0.99051559969776504,-0.009529663651281035,0.009529663651281035,0.98427166720755621,-0.015853335473688147,0.015853335473688147,-0.0063236718224071124
699,14221,0.50197296505717015,-0.68920901520840028,0.68920901520840028,0.99921080298782028,-0.00078950859208443743,0.00078950859208443743,0.68841950661631579
700,78149,0.99998871109296228,-1.1288970757886393e-05,1.1288970757886393e-05,0.99999653264827026,-3.4673577410490021e-06,3.4673577410490021e-06,7.8216130168373907e-06
701,11583,0.53404639619365857,-0.62727255953837324,0.62727255953837324,0.99990617264406811,-9.3831757993555445e-05,9.3831757993555445e-05,0.62717872778037964
702,22530,0.25828029037040617,-1.3537098869779247,1.3537098869779247,0.99998012577474737,-1.9874422747682218e-05,1.9874422747682218e-05,1.353690012555177
703,11,0.98773625541593002,-0.012339564830803028,0.012339564830803028,0.99873670012167304,-0.0012640985143002822,0.0012640985143002822,0.011075466316502745
704,902,0.99096010375389021,-0.0090810040358164038,0.0090810040358164038,0.96720784375319202,-0.033341869961344479,0.033341869961344479,-0.024260865925528077
705,1047,0.085615047232771052,-2.4578942258533205,2.4578942258533205,0.98251469995925578,-0.017639973560056116,0.017639973560056116,2.4402542522932644
706,264,0.82570498427359196,-0.19151773115503801,0.19151773115503801,0.99998967022211882,-1.0329831233711412e-05,1.0329831233711412e-05,0.19150740132380428
707,8187,0.17411734117263747,-1.7480258325005615,1.7480258325005615,0.99996052968362037,-3.9471095353118951e-05,3.9471095353118951e-05,1.7479863614052085
708,3703,0.0002434805931835163,-8.3204733180694781,8.3204733180694781,0.99869892422573148,-0.0013019229082237109,0.0013019229082237109,8.3191713951612538
709,24264,0.99780906681461246,-0.0021933367909000843,0.0021933367909000843,0.99999394462402758,-6.0553943062674853e-06,6.0553943062674853e-06,0.0021872813965938169
710,7410,0.99995517870301653,-4.4822301487815418e-05,4.4822301487815418e-05,0.99999154046675587,-8.4595690261868126e-06,8.4595690261868126e-06,3.6362732461628603e-05
711,315,0.99965228623640523,-0.0003477742300425098,0.0003477742300425098,0.99999688626773087,-3.113737116804433e-06,3.113737116804433e-06,0.00034466049292570535
712,220,0.99970853889873568,-0.00029150358430603409,0.00029150358430603409,0.99999799369592557,-2.006306087022337e-06,2.006306087022337e-06,0.00028949727821901174
713,21056,0.017400692838012394,-4.0512452552778058,4.0512452552778058,0.99999934415477298,-6.5584544204929205e-07,6.5584544204929205e-07,4.0512445994323638
714,296,0.56788243750467171,-0.56584085790769001,0.56584085790769001,0.99896487502933806,-0.0010356610825080976,0.0010356610825080976,0.56480519682518193
715,2308,0.99973103733229152,-0.00026899884465382058,0.00026899884465382058,0.99999312505261451,-6.8749710180177885e-06,6.8749710180177885e-06,0.00026212387363580276
716,320,0.72188903310036945,-0.32588384566820944,0.32588384566820944,0.99994774459623603,-5.2256769125167711e-05,5.2256769125167711e-05,0.32583158889908426
717,120751,0.080932358290307232,-2.5141415560213232,2.5141415560213232,0.96426864594400497,-0.036385344830043929,0.036385344830043929,2.4777562111912794
718,26,0.30432179209994958,-1.1896696107756344,1.1896696107756344,0.98466509983821926,-0.015453695787453068,0.015453695787453068,1.1742159149881812
719,220,0.99973226136882132,-0.00026777447956475686,0.00026777447956475686,0.99999234569518503,-7.65433410928505e-06,7.65433410928505e-06,0.0002601201454554718
720,1627,0.9951904219926927,-0.0048211812470190692,0.0048211812470190692,0.99999695696793711,-3.043036692884579e-06,3.043036692884579e-06,0.0048181382103261849
721,13,0.99998917953440214,-1.0820524139565171e-05,1.0820524139565171e-05,0.99969132632012514,-0.00030872132940091488,0.00030872132940091488,-0.00029790080526134971
722,4044,0.4575563971720536,-0.78185512935677126,0.78185512935677126,0.9998673424252924,-0.0001326663745018995,0.0001326663745018995,0.78172246298226933
723,304,0.99986989289046946,-0.00013011557419474672,0.00013011557419474672,0.99996282829238414,-3.7172398500931536e-05,3.7172398500931536e-05,9.294317569381519e-05
724,39,0.99999642535100841,-3.574655380612624e-06,3.574655380612624e-06,0.9999914299907855,-8.5700459372489533e-06,8.5700459372489533e-06,-4.9953905566363298e-06
725,70,0.99999790009402401,-2.0999081807691585e-06,2.0999081807691585e-06,0.9999997638664424,-2.3613358544987724e-07,2.3613358544987724e-07,1.8637745953192811e-06
726,570,0.070687928376246406,-2.6494804649827435,2.6494804649827435,0.70912097150979181,-0.34372914428256035,0.34372914428256035,2.3057513207001832
727,578,0.42183151800035801,-0.86314929111085559,0.86314929111085559,0.38825576997627642,-0.94609095556660106,0.94609095556660106,-0.082941664455745467
728,2853,0.00044210017958028376,-7.7239740509338244,7.7239740509338244,0.75509987782662102,-0.28090524997038513,0.28090524997038513,7.4430688009634389
729,24013,0.98283221728128667,-0.017316857755911772,0.017316857755911772,0.9994201445263311,-0.0005800236548711092,0.0005800236548711092,0.016736834101040664
730,13892,0.3353411491522908,-1.0926069096509752,1.0926069096509752,0.99592222259511465,-0.0040861142106442955,0.0040861142106442955,1.0885207954403309
731,78149,0.9994037192913906,-0.0005964585546521028,0.0005964585546521028,0.99991456403910961,-8.5439610750001822e-05,8.5439610750001822e-05,0.00051101894390210103
732,315,0.95858793162905676,-0.04229398191539166,0.04229398191539166,0.97667081794584798,-0.023605615191667307,0.023605615191667307,0.018688366723724353
733,279,0.99935898755037567,-0.00064121798594358645,0.00064121798594358645,0.99999063266738919,-9.3673764845000308e-06,9.3673764845000308e-06,0.00063185060945908638
734,3280,0.99516508214445776,-0.0048466438823961564,0.0048466438823961564,0.9999697590385509,-3.0241418716230153e-05,3.0241418716230153e-05,0.0048164024636799261
735,574,0.99862212706961473,-0.0013788230701729999,0.0013788230701729999,0.99990816787236014,-9.1836344467804141e-05,9.1836344467804141e-05,0.0012869867257051958
736,1101,0.76971614127826882,-0.26173347979223183,0.26173347979223183,0.97710089753703044,-0.023165359459924508,0.023165359459924508,0.23856812033230732
737,14221,0.88189432939915169,-0.12568303809035966,0.12568303809035966,0.73453732957106754,-0.30851446155404938,0.30851446155404938,-0.18283142346368972
738,78149,0.99998014150930448,-1.985868787801471e-05,1.985868787801471e-05,0.99999937545443662,-6.2454575836948285e-07,6.2454575836948285e-07,1.9234142119645228e-05
739,11583,0.99856594086770045,-0.0014350883792153732,0.0014350883792153732,0.99997884641970258,-2.1153804037510588e-05,2.1153804037510588e-05,0.0014139345751778627
740,22530,0.99999559984008368,-4.4001695970698781e-06,4.4001695970698781e-06,0.99999523032394266,-4.7696874322726815e-06,4.7696874322726815e-06,-3.6951783520280343e-07
741,11,0.99666721641986367,-0.0033383496738303531,0.0033383496738303531,0.99965723529206163,-0.00034282346518781938,0.00034282346518781938,0.0029955262086425339
742,902,0.66101591980948715,-0.41397735498857413,0.41397735498857413,0.98901052708374904,-0.011050303246458859,0.011050303246458859,0.40292705174211529
743,9057,0.99659895686038891,-0.0034068398337662965,0.0034068398337662965,0.90807033060039966,-0.096433446772082335,0.096433446772082335,-0.093026606938316034
744,5199,0.016818263552254353,-4.0852898668502196,4.0852898668502196,0.86611765733520962,-0.14373451667455664,0.14373451667455664,3.9415553501756628
745,5674,0.99897723194518739,-0.001023291438957103,0.001023291438957103,0.99982121185619888,-0.00017880412830653409,0.00017880412830653409,0.00084448731065056896
746,323,0.95964042973216845,-0.041196617044835848,0.041196617044835848,0.99265938853000379,-0.0073676863371295517,0.0073676863371295517,0.033828930707706296
747,4814,0.89823192186115342,-0.10732697914578024,0.10732697914578024,0.98452714208469905,-0.015593811872423232,0.015593811872423232,0.091733167273357008
748,315,0.99997257761793634,-2.7422758064069043e-05,2.7422758064069043e-05,0.99999919713211294,-8.0286820935868537e-07,8.0286820935868537e-07,2.6619889854710358e-05
749,2324,0.99997888186426631,-2.1118358724608026e-05,2.1118358724608026e-05,0.99999591476918315,-4.0852391614573431e-06,4.0852391614573431e-06,1.7033119563150682e-05
750,304,0.99118528348311441,-0.0088537959494238948,0.0088537959494238948,0.95294026463878823,-0.048203058678866394,0.048203058678866394,-0.039349262729442502
751,4987,0.98552642993757689,-0.014579333938653434,0.014579333938653434,0.99996136812031466,-3.8632625915639779e-05,3.8632625915639779e-05,0.014540701312737795
752,12126,0.99998034617431986,-1.9654018819102599e-05,1.9654018819102599e-05,0.99999852003838408,-1.4799627110270819e-06,1.4799627110270819e-06,1.8174056108075518e-05
753,13,0.64675042794204518,-0.43579479623543627,0.43579479623543627,0.90061329897010378,-0.10467930443477098,0.10467930443477098,0.3311154918006653
754,578,0.60652422114284688,-0.50001061546330372,0.50001061546330372,0.56697774964043024,-0.5674352182811192,0.5674352182811192,-0.067424602817815482
755,3280,0.67865869549377145,-0.38763693539197636,0.38763693539197636,0.98316236831451043,-0.016980996163264282,0.016980996163264282,0.37065593922871209
756,574,0.67392252851541667,-0.39464011753173112,0.39464011753173112,0.89872682439668594,-0.10677615676426905,0.10677615676426905,0.28786396076746207
757,1101,0.96430024667499592,-0.036352573658513875,0.036352573658513875,0.96294736350819332,-0.037756527547858555,0.037756527547858555,-0.0014039538893446807
758,13160,0.36143341547603614,-1.0176774439028304,1.0176774439028304,0.66198073044262062,-0.4125188315614956,0.4125188315614956,0.60515861234133483
759,555,0.99999861382267119,-1.3861782895278314e-06,1.3861782895278314e-06,0.99999983491893285,-1.6508108072399026e-07,1.6508108072399026e-07,1.2210972088038411e-06
760,279,0.30404594916533167,-1.1905764404275396,1.1905764404275396,0.78535676272344701,-0.24161718963518525,0.24161718963518525,0.94895925079235433
761,4500,0.29845290024501725,-1.2091431467232312,1.2091431467232312,0.60592809985856633,-0.50099394705002165,0.50099394705002165,0.70814919967320955
762,315,0.99997860436907027,-2.1395859819503012e-05,2.1395859819503012e-05,0.99998914139276252,-1.0858666192637082e-05,1.0858666192637082e-05,1.053719362686593e-05
763,3892,0.88041560907396743,-0.12736119996181786,0.12736119996181786,0.49465547561985418,-0.70389376758883249,0.70389376758883249,-0.57653256762701466
764,1317,0.012346517123355352,-4.3943812699848728,4.3943812699848728,0.55262334223557108,-0.59307862664014577,0.59307862664014577,3.801302643344727
765,62954,0.98660315144303079,-0.013487395941674607,0.013487395941674607,0.7780856414985875,-0.25091868181497157,0.25091868181497157,-0.23743128587329695
766,13892,0.074633099962625307,-2.5951711709469163,2.5951711709469163,0.5101207392629451,-0.67310783763028847,0.67310783763028847,1.9220633333166277
767,764,0.9999978585522592,-2.141450033670383e-06,2.141450033670383e-06,0.99999945744753005,-5.4255261708936702e-07,5.4255261708936702e-07,1.5988974165810159e-06
768,29639,0.99999343495292747,-6.5650686224953685e-06,6.5650686224953685e-06,0.9999969796166619,-3.0203878994301963e-06,3.0203878994301963e-06,3.5446807230651722e-06
769,11,0.99984226787416886,-0.00015774456685111314,0.00015774456685111314,0.99999889451953927,-1.1054810718170837e-06,1.1054810718170837e-06,0.00015663908577929605
770,2737,0.999512187882443,-0.0004879311365955884,0.0004879311365955884,0.9999700127918193,-2.9987657806065897e-05,2.9987657806065897e-05,0.0004579434787895225
771,14221,0.97325231603472961,-0.027111912802926734,0.027111912802926734,0.99683308599646037,-0.0031719392882603621,0.0031719392882603621,0.023939973514666372
772,78149,0.82388951827847068,-0.19371883782129729,0.19371883782129729,0.99720722127997841,-0.0027966858026180555,0.0027966858026180555,0.19092215201867924
773,735,0.93469255039381482,-0.06753762687584193,0.06753762687584193,0.99741076109202798,-0.0025925967845153853,0.0025925967845153853,0.064945030091326544
774,9832,0.99992770977558521,-7.2292837478966498e-05,7.2292837478966498e-05,0.99999981902388402,-1.8097613235751016e-07,1.8097613235751016e-07,7.2111861346608989e-05
775,9008,0.99999628871109014,-3.7112957967509802e-06,3.7112957967509802e-06,0.99999985158431115,-1.4841569981862875e-07,1.4841569981862875e-07,3.5628800969323516e-06
776,11,0.87415393955590992,-0.13449878662105913,0.13449878662105913,0.99678074528550165,-0.0032244476629008281,0.0032244476629008281,0.13127433895815829
777,902,0.99969184962345925,-0.0003081978646238775,0.0003081978646238775,0.99999716354643253,-2.8364575901709816e-06,2.8364575901709816e-06,0.00030536140703370652
778,6244,0.24138919768617878,-1.4213447199273335,1.4213447199273335,0.90283647495326991,-0.10221383282424751,0.10221383282424751,1.319130887103086
779,832,0.9980744285598957,-0.0019274277361263224,0.0019274277361263224,0.9999957864216672,-4.213587209983713e-06,4.213587209983713e-06,0.0019232141489163388
780,315,0.99999333521666345,-6.664805546265149e-06,6.664805546265149e-06,0.99999943695093318,-5.6304922527157538e-07,5.6304922527157538e-07,6.1017563209935736e-06
781,279,0.99999712581459321,-2.8741895372478541e-06,2.8741895372478541e-06,0.99999965191875695,-3.4808130359621838e-07,3.4808130359621838e-07,2.5261082336516359e-06
782,22807,0.99996418590400682,-3.5814737333213338e-05,3.5814737333213338e-05,0.9999990409602364,-9.5904022343342862e-07,9.5904022343342862e-07,3.4855697109779913e-05
783,65265,0.98263348282141083,-0.017519084088879849,0.017519084088879849,0.99945318756912238,-0.00054696198731696061,0.00054696198731696061,0.016972122101562889
784,16867,0.99909707504328138,-0.00090333283900052115,0.00090333283900052115,0.99996737255399026,-3.2627978296439054e-05,3.2627978296439054e-05,0.00087070486070408215
785,13892,0.99997996420184065,-2.0035998878593273e-05,2.0035998878593273e-05,0.99999518029507684,-4.8197165379526562e-06,4.8197165379526562e-06,1.5216282340640618e-05
786,764,0.99999943400115143,-5.6599900868921299e-07,5.6599900868921299e-07,0.99999985623149579,-1.4376851452817058e-07,1.4376851452817058e-07,4.2223049416104239e-07
787,29639,0.99999575937376672,-4.2406352247183453e-06,4.2406352247183453e-06,0.99998297667446423,-1.7023470434193377e-05,1.7023470434193377e-05,-1.278283520947503e-05
788,304,0.99458294912742184,-0.0054317762956424872,0.0054317762956424872,0.99992346254641906,-7.6540382721294227e-05,7.6540382721294227e-05,0.0053552359129211934
789,3925,0.99581412483661069,-0.0041946604635150087,0.0041946604635150087,0.99997043919422868,-2.956124270057192e-05,2.956124270057192e-05,0.0041650992208144364
790,13,0.82227441139413593,-0.19568110582324874,0.19568110582324874,0.86034030538983919,-0.15042726406306769,0.15042726406306769,0.045253841760181046
791,4815,0.47023534087124869,-0.75452198434111628,0.75452198434111628,0.54095564233002391,-0.61441799549344189,0.61441799549344189,0.14010398884767439
792,644,0.58514562651127355,-0.53589452852195407,0.53589452852195407,0.48385088572610757,-0.72597850707691358,0.72597850707691358,-0.19008397855495951
793,12399,0.37375069141211265,-0.98416630434687802,0.98416630434687802,0.60637184261448385,-0.5002618794152911,0.5002618794152911,0.48390442493158692
794,11,0.99976209926659798,-0.00023792903627048315,0.00023792903627048315,0.99997616572559511,-2.3834558445676901e-05,2.3834558445676901e-05,0.00021409447782480624
795,279,0.99979744144462468,-0.00020257907313022815,0.00020257907313022815,0.99997274260535696,-2.7257766132544582e-05,2.7257766132544582e-05,0.00017532130699768358
796,220,0.99999698156773986,-3.018436815587112e-06,3.018436815587112e-06,0.99999962224073535,-3.7775933595959578e-07,3.7775933595959578e-07,2.640677479627516e-06
797,1049,0.99999172580447937,-8.2742297519986293e-06,8.2742297519986293e-06,0.99999817978383432,-1.8202178223232826e-06,1.8202178223232826e-06,6.4540119296753469e-06
798,18,0.99999596200745544,-4.0380006972245175e-06,4.0380006972245175e-06,0.99999990547428452,-9.4525719891417654e-08,9.4525719891417654e-08,3.9434749773330997e-06
799,16867,0.99999656400506032,-3.4360008427362615e-06,3.4360008427362615e-06,0.99999872715507798,-1.2728457320978334e-06,1.2728457320978334e-06,2.1631551106384281e-06
800,13892,0.9997700443757076,-0.0002299820681409578,0.0002299820681409578,0.99997235116177352,-2.7649220462629156e-05,2.7649220462629156e-05,0.00020233284767832863
801,78149,0.9999995999383926,-4.0006168746683435e-07,4.0006168746683435e-07,0.99999983608438381,-1.6391562962467531e-07,1.6391562962467531e-07,2.3614605784215904e-07
802,3280,0.99999684320205584,-3.1568029268136173e-06,3.1568029268136173e-06,0.99999909807359166,-9.0192681506082657e-07,9.0192681506082657e-07,2.2548761117527909e-06
803,574,0.99996312518929709,-3.6875490595479824e-05,3.6875490595479824e-05,0.99999790344976047,-2.0965524372439744e-06,2.0965524372439744e-06,3.4778938158235848e-05
804,264,0.99865133479586787,-0.0013495754715712445,0.0013495754715712445,0.99973289309838986,-0.00026714258101218877,0.00026714258101218877,0.0010824328905590557
805,5199,0.90883832060291903,-0.095588065747836529,0.095588065747836529,0.97174419647667343,-0.028662681506719041,0.028662681506719041,0.066925384241117492
806,1567,0.99997963411633262,-2.036609105480001e-05,2.036609105480001e-05,0.99999169834852619,-8.3016859327000938e-06,8.3016859327000938e-06,1.2064405122099916e-05
807,11,0.93839359891764706,-0.06358580293889099,0.06358580293889099,0.94231864175451774,-0.059411800717189531,0.059411800717189531,0.0041740022217014588
808,449,0.90804694170146238,-0.096459203808035091,0.096459203808035091,0.94922607571362505,-0.052108283544564253,0.052108283544564253,0.044350920263470837
809,3892,0.9993120008787818,-0.00068823590122274664,0.00068823590122274664,0.99986173720908922,-0.0001382723500916114,0.0001382723500916114,0.00054996355113113519
810,3682,0.99998976731899825,-1.0232733355956541e-05,1.0232733355956541e-05,0.99999638799483215,-3.6120116912050858e-06,3.6120116912050858e-06,6.6207216647514552e-06
811,44583,0.99998238497302294,-1.7615182123505309e-05,1.7615182123505309e-05,0.99998892362857883,-1.1076432764678247e-05,1.1076432764678247e-05,6.5387493588270627e-06
812,28987,0.99987802812729165,-0.00012197931188210279,0.00012197931188210279,0.9999603249746063,-3.9675812468374488e-05,3.9675812468374488e-05,8.2303499413728296e-05
813,279,0.99816537422430052,-0.0018363107627638008,0.0018363107627638008,0.99999580697388812,-4.1930349025847925e-06,4.1930349025847925e-06,0.001832117727861216
814,26363,0.64410549499738723,-0.43989275418577761,0.43989275418577761,0.50236190093245003,-0.68843450083497115,0.68843450083497115,-0.24854174664919354
815,11,0.99986265313277833,-0.00013735630016641301,0.00013735630016641301,0.99999688034826328,-3.1196566027973366e-06,3.1196566027973366e-06,0.00013423664356361568
816,6457,0.99946279164394958,-0.00053735270415826355,0.00053735270415826355,0.99997809845848717,-2.1901781355128184e-05,2.1901781355128184e-05,0.00051545092280313532
817,11,0.99999618926278411,-3.8107444768246511e-06,3.8107444768246511e-06,0.99999967264780143,-3.2735225212704186e-07,3.2735225212704186e-07,3.4833922246976093e-06
818,5734,0.99989870696693994,-0.00010129816354574812,0.00010129816354574812,0.99999623602361298,-3.7639834707780996e-06,3.7639834707780996e-06,9.7534180074970023e-05
819,11,0.99998250756578799,-1.7492587206378057e-05,1.7492587206378057e-05,0.999999244352206,-7.5564807948967476e-07,7.5564807948967476e-07,1.673693912688838e-05
820,279,0.99734468348048233,-0.0026588481255002067,0.0026588481255002067,0.99990077568297209,-9.9229240086128327e-05,9.9229240086128327e-05,0.0025596188854140785
821,16526,0.99998121260642225,-1.8787570063008498e-05,1.8787570063008498e-05,0.99999767345030655,-2.3265523999215834e-06,2.3265523999215834e-06,1.6461017663086916e-05
822,50714,0.999989308414031,-1.0691643124409764e-05,1.0691643124409764e-05,0.99999628468705182,-3.7153198499981827e-06,3.7153198499981827e-06,6.9763232744115809e-06
823,11,0.99999378016365825,-6.219855685014605e-06,6.219855685014605e-06,0.99999971776685348,-2.8223318629540689e-07,2.8223318629540689e-07,5.9376224987191985e-06
824,2314,0.99851024058023774,-0.0014908702146752164,0.0014908702146752164,0.99989072918749777,-0.00010927678299238474,0.00010927678299238474,0.0013815934316828318
825,5059,0.99999343659638662,-6.5634251525986696e-06,6.5634251525986696e-06,0.99997209802868214,-2.7902360585048235e-05,2.7902360585048235e-05,-2.1338935432449563e-05
826,2259,0.99999960312323199,-3.9687684679017092e-07,3.9687684679017092e-07,0.99999992849999608,-7.1500006468435472e-08,7.1500006468435472e-08,3.2537684032173545e-07
827,11,0.99995684875735835,-4.3152173683341509e-05,4.3152173683341509e-05,0.9999985025478112,-1.4974533099370476e-06,1.4974533099370476e-06,4.165472037340446e-05
828,323,0.99999652996690391,-3.4700391166400031e-06,3.4700391166400031e-06,0.99999977675140228,-2.232486226484214e-07,2.232486226484214e-07,3.2467904939915818e-06
829,5370,0.99998837933637852,-1.162073114194587e-05,1.162073114194587e-05,0.99999748881044304,-2.5111927099837825e-06,2.5111927099837825e-06,9.1095384319620871e-06
830,30100,0.99997167297610834,-2.8327425109366808e-05,2.8327425109366808e-05,0.99999382387880653,-6.1761402657846107e-06,6.1761402657846107e-06,2.2151284843582198e-05
831,304,0.99999809231771053,-1.9076841091509457e-06,1.9076841091509457e-06,0.99999980613801742,-1.9386200142341337e-07,1.9386200142341337e-07,1.7138221077275323e-06
832,279,0.99999810162022695,-1.898381575014039e-06,1.898381575014039e-06,0.99999967047819815,-3.2952185613256861e-07,3.2952185613256861e-07,1.5688597188814705e-06
833,19001,0.99992045666237284,-7.9546501366183623e-05,7.9546501366183623e-05,0.99997965665556632,-2.0343551362295103e-05,2.0343551362295103e-05,5.9202950003888524e-05
834,16867,0.99999744727305939,-2.5527301988433558e-06,2.5527301988433558e-06,0.99999808040416638,-1.9195976760229777e-06,1.9195976760229777e-06,6.3313252282037803e-07
835,13,0.99995770452563881,-4.229636884001781e-05,4.229636884001781e-05,0.99998841456337784,-1.1585503733810186e-05,1.1585503733810186e-05,3.0710865106207627e-05
836,578,0.9985960528148583,-0.0014049336423883302,0.0014049336423883302,0.99987116469950943,-0.0001288436004707778,0.0001288436004707778,0.0012760900419175525
837,3280,0.99999906147356854,-9.3852687189432826e-07,9.3852687189432826e-07,0.99999937219746449,-6.2780273257430804e-07,6.2780273257430804e-07,3.1072413932002022e-07
838,574,0.99990272688035609,-9.7277850980630469e-05,9.7277850980630469e-05,0.99997606849131737,-2.3931795045799864e-05,2.3931795045799864e-05,7.3346055934830605e-05
839,13160,0.99976422998634829,-0.00023579781177082416,0.00023579781177082416,0.99968427278007199,-0.00031577707226019099,0.00031577707226019099,-7.9979260489366827e-05
840,555,0.99999882287275088,-1.1771279419729926e-06,1.1771279419729926e-06,0.99999949278699429,-5.0721313431317909e-07,5.0721313431317909e-07,6.6991480765981353e-07
841,264,0.99995915343725639,-4.0847396987219089e-05,4.0847396987219089e-05,0.99998317700799322,-1.6823133514909162e-05,1.6823133514909162e-05,2.4024263472309927e-05
842,10284,0.99979064857381394,-0.00020937334325480238,0.00020937334325480238,0.99972802766227697,-0.00027200932890642681,0.00027200932890642681,-6.2635985651624432e-05
843,3770,0.99999069569091326,-9.3043523720957891e-06,9.3043523720957891e-06,0.99999496443464464,-5.0355780338656498e-06,5.0355780338656498e-06,4.2687743382301393e-06
844,78526,0.99998404141289365,-1.5958714445995273e-05,1.5958714445995273e-05,0.99998487078266129,-1.5129331786467262e-05,1.5129331786467262e-05,8.2938265952801148e-07
845,1396,0.99999860629138038,-1.3937095908561645e-06,1.3937095908561645e-06,0.99999946829289366,-5.3170724765021791e-07,5.3170724765021791e-07,8.6200234320594663e-07
846,315,0.99999659680789799,-3.4031978928649492e-06,3.4031978928649492e-06,0.999998578193245,-1.4218077657225329e-06,1.4218077657225329e-06,1.9813901271424164e-06
847,35148,0.99999644511511976,-3.554891198832755e-06,3.554891198832755e-06,0.99999783162058808,-2.1683817628794861e-06,2.1683817628794861e-06,1.3865094359532689e-06
848,32343,0.99995818551824689,-4.1815356002918204e-05,4.1815356002918204e-05,0.99996998883616806,-3.0011614175907941e-05,3.0011614175907941e-05,1.1803741827010263e-05
849,3233,0.99999876445245972,-1.2355483035457531e-06,1.2355483035457531e-06,0.99999925383689903,-7.4616337936996841e-07,7.4616337936996841e-07,4.8938492417578472e-07
850,11,0.99974686884912045,-0.00025316319397684852,0.00025316319397684852,0.99997271842790714,-2.7281944241744935e-05,2.7281944241744935e-05,0.00022588124973510357
851,719,0.99999038934353968,-9.6107026429328232e-06,9.6107026429328232e-06,0.99999669011233749,-3.3098931401513474e-06,3.3098931401513474e-06,6.3008095027814758e-06
852,3892,0.99991904801281584,-8.0955263973113537e-05,8.0955263973113537e-05,0.99995429371146394,-4.5707333100287087e-05,4.5707333100287087e-05,3.5247930872826449e-05
853,44583,0.99996909144552792,-3.0909032151248608e-05,3.0909032151248608e-05,0.99996954019887274,-3.0460265036378488e-05,3.0460265036378488e-05,4.4876711487012029e-07
854,1047,0.99999520521199514,-4.7947994998430301e-06,4.7947994998430301e-06,0.99999707701343676,-2.9229908351267421e-06,2.9229908351267421e-06,1.871808664716288e-06
855,264,0.99999501983599681,-4.9801764042489114e-06,4.9801764042489114e-06,0.99999898479821259,-1.0152023027152129e-06,1.0152023027152129e-06,3.9649741015336986e-06
856,5199,0.99886356151361821,-0.001137084722249678,0.001137084722249678,0.99907338423155545,-0.00092704534222279452,0.00092704534222279452,0.00021003938002688352
857,5536,0.99999562274511145,-4.3772644687694708e-06,4.3772644687694708e-06,0.99999742715119644,-2.5728521133683808e-06,2.5728521133683808e-06,1.8044123554010901e-06
858,389,0.99998576927465699,-1.4230826600766695e-05,1.4230826600766695e-05,0.99999515834442754,-4.8416672932658807e-06,4.8416672932658807e-06,9.3891593075008147e-06
859,279,0.99999632773554448,-3.672271198273038e-06,3.672271198273038e-06,0.99999883427719438,-1.1657234850754262e-06,1.1657234850754262e-06,2.5065477131976118e-06
860,5654,0.9999968476509391,-3.1523540296086271e-06,3.1523540296086271e-06,0.99999886300033025,-1.1370003161071473e-06,1.1370003161071473e-06,2.0153537135014798e-06
861,13,0.99832792647156232,-0.0016734730036144466,0.0016734730036144466,0.99921943312404504,-0.00078087167690089432,0.00078087167690089432,0.00089260132671355229
862,578,0.49857352341506245,-0.69600421115770228,0.69600421115770228,0.81660274944430256,-0.20260253316098448,0.20260253316098448,0.4934016779967178
863,1455,0.84420294009177965,-0.16936236294402066,0.16936236294402066,0.86561068646709804,-0.14432002523241946,0.14432002523241946,0.025042337711601192
864,19428,0.99981438769924036,-0.00018562952885460446,0.00018562952885460446,0.99995646051225195,-4.3540435619062645e-05,4.3540435619062645e-05,0.00014208909323554182
865,35148,0.73908226436538516,-0.30234604573765322,0.30234604573765322,0.8140826939089566,-0.20569332857072484,0.20569332857072484,0.096652717166928387
866,32343,0.99997205934264199,-2.7941047705465946e-05,2.7941047705465946e-05,0.99997583065704088,-2.4169635042408533e-05,2.4169635042408533e-05,3.7714126630574135e-06
867,606,0.99999302411300417,-6.9759113273999068e-06,6.9759113273999068e-06,0.99998133666365441,-1.8663510507786415e-05,1.8663510507786415e-05,-1.1687599180386508e-05
868,315,0.99958307915621081,-0.00041700777944858396,0.00041700777944858396,0.9998741148355057,-0.00012589308869668432,0.00012589308869668432,0.00029111469075189967
869,279,0.99999880299277666,-1.1970079397809189e-06,1.1970079397809189e-06,0.99999946695841502,-5.3304172702176862e-07,5.3304172702176862e-07,6.6396621275915027e-07
870,3280,0.9999981314234988,-1.8685782469430656e-06,1.8685782469430656e-06,0.99999946067613243,-5.3932401300871071e-07,5.3932401300871071e-07,1.3292542339343549e-06
871,574,0.99939132160195121,-0.00060886371794883533,0.00060886371794883533,0.99968019088498228,-0.00031986026485847493,0.00031986026485847493,0.00028900345309036039
872,14221,0.99996887011908475,-3.1130365460082703e-05,3.1130365460082703e-05,0.99998855103720041,-1.1449028339469968e-05,1.1449028339469968e-05,1.9681337120612733e-05
873,78149,0.99999875778630198,-1.2422144695664052e-06,1.2422144695664052e-06,0.9999997438146756,-2.5618535719745933e-07,2.5618535719745933e-07,9.8602911236894585e-07
874,11583,0.99994898293571488,-5.1018365699861661e-05,5.1018365699861661e-05,0.99999024407199044,-9.7559755989603965e-06,9.7559755989603965e-06,4.1262390100901261e-05
875,22530,0.99997640601231486,-2.3594266027621771e-05,2.3594266027621771e-05,0.99998050566899377,-1.9494521023157208e-05,1.9494521023157208e-05,4.0997450044645621e-06
876,11,0.99986786746197298,-0.00013214126829989064,0.00013214126829989064,0.9999653798349758,-3.4620764315957201e-05,3.4620764315957201e-05,9.7520503983933445e-05
877,902,0.39680160694989608,-0.92431885380669609,0.92431885380669609,0.39603744703977883,-0.92624650896671235,0.92624650896671235,-0.0019276551600162506
878,1047,0.98605880283409697,-0.014039288394986423,0.014039288394986423,0.99789146331735734,-0.002110762775863609,0.002110762775863609,0.011928525619122814
879,264,0.9998915737270434,-0.00010843215150987182,0.00010843215150987182,0.99996807102585905,-3.1929483881488472e-05,3.1929483881488472e-05,7.6502667628383344e-05
880,8187,0.99993461720424714,-6.5384933301049951e-05,6.5384933301049951e-05,0.99995047118173408,-4.9530044858286473e-05,4.9530044858286473e-05,1.5854888442763478e-05
881,3703,0.99999693832813108,-3.0616765558188492e-06,3.0616765558188492e-06,0.99999940313660207,-5.9686357607555138e-07,5.9686357607555138e-07,2.4648129797432979e-06
882,24264,0.99999881910265864,-1.1808980386481787e-06,1.1808980386481787e-06,0.99996318577649745,-3.6814901162709725e-05,3.6814901162709725e-05,-3.5634003124061548e-05
883,7410,0.999992127481379,-7.8725496094894879e-06,7.8725496094894879e-06,0.99999105755809614,-8.942481887780476e-06,8.942481887780476e-06,-1.0699322782909881e-06
884,315,0.99999109952984622,-8.9005097632043532e-06,8.9005097632043532e-06,0.99999784461225516,-2.1553900677133261e-06,2.1553900677133261e-06,6.7451196954910275e-06
885,220,0.99999399531873812,-6.0046992900213749e-06,6.0046992900213749e-06,0.99999951068910697,-4.8931101278840476e-07,4.8931101278840476e-07,5.5153882772329699e-06
886,21056,0.99998574794200368,-1.4252159557886933e-05,1.4252159557886933e-05,0.99999994807491244,-5.192508887944842e-08,5.192508887944842e-08,1.4200234469007484e-05
887,296,0.99996444681489449,-3.5553817135017653e-05,3.5553817135017653e-05,0.9999971773968851,-2.8226070984170701e-06,2.8226070984170701e-06,3.2731210036600582e-05
888,2308,0.99999056802204955,-9.4320224318427489e-06,9.4320224318427489e-06,0.99999918327857928,-8.1672175422022865e-07,8.1672175422022865e-07,8.6153006776225211e-06
889,320,0.99909561551955461,-0.00090479368282576217,0.00090479368282576217,0.99988311382396899,-0.00011689300775244804,0.00011689300775244804,0.0007879006750733141
890,120751,0.99891278719728349,-0.0010878042472786435,0.0010878042472786435,0.99984807929537711,-0.00015193224574199508,0.00015193224574199508,0.00093587200153664833
891,26,0.99993596638312632,-6.4035667113250362e-05,6.4035667113250362e-05,0.9999930274788924,-6.9725454157884164e-06,6.9725454157884164e-06,5.7063121697461948e-05
892,220,0.9999159028606891,-8.4100675673626449e-05,8.4100675673626449e-05,0.9999704248499246,-2.9575587428814058e-05,2.9575587428814058e-05,5.4525088244812388e-05
893,1627,0.99999860114110872,-1.3988598696403788e-06,1.3988598696403788e-06,0.99999965182656236,-3.4817349826044459e-07,3.4817349826044459e-07,1.0506863713799343e-06
894,13,0.99999681153061559,-3.1884744676406736e-06,3.1884744676406736e-06,0.99999835911780144,-1.6408835448241388e-06,1.6408835448241388e-06,1.5475909228165348e-06
895,4044,0.99998498083840481,-1.5019274383876334e-05,1.5019274383876334e-05,0.99996248088185702,-3.7519822002694662e-05,3.7519822002694662e-05,-2.2500547618818328e-05
896,304,0.99999414205654658,-5.8579606112011559e-06,5.8579606112011559e-06,0.9999960551036613,-3.9449041197771217e-06,3.9449041197771217e-06,1.9130564914240342e-06
897,39,0.99999749447948361,-2.5055236552118001e-06,2.5055236552118001e-06,0.99999977995185407,-2.2004817012203343e-07,2.2004817012203343e-07,2.2854754850897667e-06
898,70,0.99999983130507575,-1.6869493844458399e-07,1.6869493844458399e-07,0.99999892469357488,-1.0753070032790421e-06,1.0753070032790421e-06,-9.0661206483445807e-07
899,570,0.93943614525456764,-0.062475429171224686,0.062475429171224686,0.92643190038555756,-0.076414737970478028,0.076414737970478028,-0.013939308799253342
900,578,0.92728601637714592,-0.075493221223720361,0.075493221223720361,0.75731467155013499,-0.27797642955189228,0.27797642955189228,-0.2024832083281719
901,2853,0.99913784336493616,-0.00086252850585150467,0.00086252850585150467,0.99848191401779907,-0.0015192394422410512,0.0015192394422410512,-0.00065671093638954654
902,24013,0.99999873593286814,-1.2640679307552237e-06,1.2640679307552237e-06,0.99999891179728717,-1.088203304899392e-06,1.088203304899392e-06,1.758646258558317e-07
903,13892,0.99991150130867545,-8.8502607564824677e-05,8.8502607564824677e-05,0.99997975454027455,-2.0245664667504422e-05,2.0245664667504422e-05,6.8256942897320258e-05
904,78149,0.99999968142950046,-3.1857055026643438e-07,3.1857055026643438e-07,0.99999953387071938,-4.6612938925083548e-07,4.6612938925083548e-07,-1.475588389844011e-07
905,315,0.99999405612357595,-5.9438940889293829e-06,5.9438940889293829e-06,0.99999890147813975,-1.0985224635797697e-06,1.0985224635797697e-06,4.845371625349613e-06
906,279,0.99999762753937294,-2.3724634413798286e-06,2.3724634413798286e-06,0.99999838346193459,-1.6165393720501052e-06,1.6165393720501052e-06,7.5592406932972346e-07
907,3280,0.99981055649861283,-0.00018946144807394522,0.00018946144807394522,0.99999829355939385,-1.7064420620727466e-06,1.7064420620727466e-06,0.00018775500601187249
908,574,0.99998248194189576,-1.7518211547211302e-05,1.7518211547211302e-05,0.9999921770017427,-7.8230288571537605e-06,7.8230288571537605e-06,9.6951826900575411e-06
909,1101,0.99993038493100006,-6.9617492241327392e-05,6.9617492241327392e-05,0.99998303943077904,-1.6960713053031734e-05,1.6960713053031734e-05,5.2656779188295658e-05
910,14221,0.99998806395556794,-1.1936115667160202e-05,1.1936115667160202e-05,0.99999099433321514,-9.0057073361430312e-06,9.0057073361430312e-06,2.9304083310171708e-06
911,78149,0.99999635519589358,-3.6448107486823107e-06,3.6448107486823107e-06,0.99999835249287417,-1.6475084829652395e-06,1.6475084829652395e-06,1.9973022657170714e-06
912,11583,0.9999821077676998,-1.789239236808556e-05,1.789239236808556e-05,0.99998803852996021,-1.1961541578703922e-05,1.1961541578703922e-05,5.9308507893816378e-06
913,22530,0.99994653486840968,-5.3466560901470004e-05,5.3466560901470004e-05,0.99970145574294556,-0.00029858883026280086,0.00029858883026280086,-0.00024512226936133084
914,11,0.99458457963354507,-0.0054301369102215434,0.0054301369102215434,0.99241295936977547,-0.0076159686345026976,0.0076159686345026976,-0.0021858317242811542
915,902,0.99990225769980723,-9.7747077282642116e-05,9.7747077282642116e-05,0.99989412851556536,-0.00010587708921588298,0.00010587708921588298,-8.130011933240859e-06
916,9057,0.99998739093145628,-1.2609148038680223e-05,1.2609148038680223e-05,0.99998807895870312,-1.1921112353015449e-05,1.1921112353015449e-05,6.8803568566477324e-07
917,5199,0.99999618470905138,-3.8152982268242628e-06,3.8152982268242628e-06,0.99999730529368558,-2.694709945100734e-06,2.694709945100734e-06,1.1205882817235288e-06
918,5674,0.99999380724787446,-6.1927713007306531e-06,6.1927713007306531e-06,0.99999306120416565,-6.9388199079521648e-06,6.9388199079521648e-06,-7.4604860722151178e-07
919,323,0.99999720830363747,-2.79170025926998e-06,2.79170025926998e-06,0.99999907326952897,-9.267309004825206e-07,9.267309004825206e-07,1.8649693587874594e-06
920,4814,0.99999536114338328,-4.6388673762811675e-06,4.6388673762811675e-06,0.9999967794923299,-3.2205128559450284e-06,3.2205128559450284e-06,1.4183545203361391e-06
921,315,0.99999641264878403,-3.5873576505473511e-06,3.5873576505473511e-06,0.99999806642302136,-1.9335788479522993e-06,1.9335788479522993e-06,1.6537788025950518e-06
922,2324,0.99999537947795236,-4.6205327223270351e-06,4.6205327223270351e-06,0.99999687743083587,-3.1225740393100889e-06,3.1225740393100889e-06,1.4979586830169462e-06
923,304,0.99998847082559816,-1.1529240863333592e-05,1.1529240863333592e-05,0.99999152750763676,-8.4725282549641005e-06,8.4725282549641005e-06,3.0567126083694917e-06
924,4987,0.99998053316828517,-1.9467021196004467e-05,1.9467021196004467e-05,0.99999306394706455,-6.9360769899924294e-06,6.9360769899924294e-06,1.2530944206012037e-05
925,12126,0.99999550008555338,-4.4999245713026645e-06,4.4999245713026645e-06,0.99999956821545133,-4.3178464185865415e-07,4.3178464185865415e-07,4.0681399294440108e-06
926,13,0.99904762235052691,-0.00095283144921544827,0.00095283144921544827,0.9998662588298417,-0.00013375011430606282,0.00013375011430606282,0.00081908133490938542
927,4815,0.16508864733534434,-1.8012726927743559,1.8012726927743559,0.096648561149754106,-2.336673960663092,2.336673960663092,-0.5354012678887361
928,791,0.21866206501430749,-1.5202278230694752,1.5202278230694752,0.35508378639039123,-1.0354014993534859,1.0354014993534859,0.48482632371598933
929,3280,0.33784087553514108,-1.0851802767923755,1.0851802767923755,0.37862547317297396,-0.97120775992148833,0.97120775992148833,0.11397251687088716
930,574,0.67266779350363737,-0.39650369155924908,0.39650369155924908,0.86705962518937607,-0.14264753272154571,0.14264753272154571,0.25385615883770341
931,18057,0.18313802044679248,-1.6975152003224596,1.6975152003224596,0.62910497729152393,-0.46345714067219279,0.46345714067219279,1.2340580596502668
932,291,0.99986522885279705,-0.0001347802296501013,0.0001347802296501013,0.99995121990505031,-4.878128473719625e-05,4.878128473719625e-05,8.5998944912905054e-05
933,555,0.98911876448135516,-0.010940869148115959,0.010940869148115959,0.99815956149735074,-0.0018421341904490357,0.0018421341904490357,0.0090987349576669239
934,3892,0.99994545371793597,-5.45477697665954e-05,5.45477697665954e-05,0.99999791190645693,-2.0880957231788699e-06,2.0880957231788699e-06,5.2459674043416528e-05
935,5315,0.99999687701246653,-3.1229924100073135e-06,3.1229924100073135e-06,0.99999834703002233,-1.6529713438843928e-06,1.6529713438843928e-06,1.4700210661229207e-06
936,11,0.99999027220267456,-9.7278446407784449e-06,9.7278446407784449e-06,0.9999993554352975,-6.4456491021452085e-07,6.4456491021452085e-07,9.0832797305639239e-06
937,2737,0.99942237756218455,-0.00057778932592443815,0.00057778932592443815,0.99956171528099946,-0.00043838079382114444,0.00043838079382114444,0.00013940853210329371
938,279,0.99999792299062651,-2.0770115304948653e-06,2.0770115304948653e-06,0.99999931413554333,-6.8586469186943368e-07,6.8586469186943368e-07,1.3911468386254317e-06
939,71343,0.81810476084476336,-0.20076488108721158,0.20076488108721158,0.84241324151877151,-0.1714845994839499,0.1714845994839499,0.029280281603261682
940,22620,0.99999093607207279,-9.0639690048243424e-06,9.0639690048243424e-06,0.99999326663324839,-6.7333894208033675e-06,6.7333894208033675e-06,2.3305795840209749e-06
941,32388,0.99998439260489913,-1.5607516897532939e-05,1.5607516897532939e-05,0.99999519497074929,-4.8050407949026349e-06,4.8050407949026349e-06,1.0802476102630305e-05
942,320,0.99968373927060572,-0.00031631075036547628,0.00031631075036547628,0.99991022112752526,-8.9782902838966784e-05,8.9782902838966784e-05,0.0002265278475265095
943,10155,0.9999993788483813,-6.2115181158369991e-07,6.2115181158369991e-07,0.99999977003150864,-2.299685177647756e-07,2.299685177647756e-07,3.9118329381892429e-07
944,49,0.99999995779882189,-4.2201178993490779e-08,4.2201178993490779e-08,0.99999998190275996,-1.8097240209183419e-08,1.8097240209183419e-08,2.410393878430736e-08
945,8,0.99999493153163344,-5.0684812112426872e-06,5.0684812112426872e-06,0.99999643373417824,-3.5662721808785794e-06,3.5662721808785794e-06,1.5022090303641078e-06
946,73547,0.9999963642994445,-3.6357071646283569e-06,3.6357071646283569e-06,0.99999836232682926,-1.6376745117162758e-06,1.6376745117162758e-06,1.9980326529120813e-06
947,323,0.99995471152035909,-4.5289505195050106e-05,4.5289505195050106e-05,0.99999071644912363,-9.2835939688493865e-06,9.2835939688493865e-06,3.6005911226200722e-05
948,279,0.99999450736148132,-5.4926536032292557e-06,5.4926536032292557e-06,0.99999768952467105,-2.3104779980772597e-06,2.3104779980772597e-06,3.182175605151996e-06
949,4409,0.99997568330165343,-2.4316994002294502e-05,2.4316994002294502e-05,0.99999499555690685,-5.0044556153615227e-06,5.0044556153615227e-06,1.9312538386932977e-05
950,3907,0.99996358222650217,-3.6418436641030342e-05,3.6418436641030342e-05,0.99999142523563611,-8.5748011273610046e-06,8.5748011273610046e-06,2.7843635513669336e-05
951,315,0.99999621922762083,-3.7807795263569718e-06,3.7807795263569718e-06,0.99999874686324053,-1.2531375445937389e-06,1.2531375445937389e-06,2.5276419817632329e-06
952,19730,0.99998156107835279,-1.8439091646256401e-05,1.8439091646256401e-05,0.9999909354689438,-9.0645721393397452e-06,9.0645721393397452e-06,9.3745195069166557e-06
953,18711,0.9999989131327931,-1.0868677975371562e-06,1.0868677975371562e-06,0.99999873617853818,-1.2638222604707592e-06,1.2638222604707592e-06,-1.7695446293360304e-07
954,13,0.98947401958630521,-0.010581770386988001,0.010581770386988001,0.9967938464511541,-0.0032113042714200651,0.0032113042714200651,0.0073704661155679363
955,578,0.99250243559553564,-0.0075258124232629288,0.0075258124232629288,0.9952637394435192,-0.004747512179647217,0.004747512179647217,0.0027783002436157118
956,75771,0.99080904843935336,-0.0092334489506665542,0.0092334489506665542,0.97123825578475576,-0.029183469229494254,0.029183469229494254,-0.019950020278827699
957,73547,0.99988734472426499,-0.00011266162181720588,0.00011266162181720588,0.9998600276893681,-0.00013998210767000849,0.00013998210767000849,-2.7320485852802613e-05
958,11136,0.97214465739250722,-0.028250661117073844,0.028250661117073844,0.72470669688270306,-0.32198826200618569,0.32198826200618569,-0.29373760088911183
959,459,0.99695279110315893,-0.0030518610910804608,0.0030518610910804608,0.97627894220242306,-0.024006931965586422,0.024006931965586422,-0.02095507087450596
960,11838,0.99998103278187256,-1.8967398007430531e-05,1.8967398007430531e-05,0.999980784148644,-1.9216035982870672e-05,1.9216035982870672e-05,-2.4863797544014103e-07
961,2134,0.9999632129872571,-3.6787689401668353e-05,3.6787689401668353e-05,0.99998211013790161,-1.7890022123858833e-05,1.7890022123858833e-05,1.8897667277809521e-05
962,18057,0.99997453423270699,-2.5466091551139008e-05,2.5466091551139008e-05,0.99998332439938442,-1.6675739654995969e-05,1.6675739654995969e-05,8.790351896143039e-06
963,389,0.99996311637262725,-3.6884307590511243e-05,3.6884307590511243e-05,0.99998134926577764,-1.8650908149500153e-05,1.8650908149500153e-05,1.823339944101109e-05
964,5587,0.99992835034233252,-7.1652224626827187e-05,7.1652224626827187e-05,0.99994388362144049,-5.611795314238331e-05,5.611795314238331e-05,1.5534271484443877e-05
965,220,0.99999873841802844,-1.2615827673765341e-06,1.2615827673765341e-06,0.99999951551415367,-4.8448596366823307e-07,4.8448596366823307e-07,7.7709680370830101e-07
966,20,0.99999399873291916,-6.0012850885006428e-06,6.0012850885006428e-06,0.99999864310756603,-1.356893354581631e-06,1.356893354581631e-06,4.6443917339190116e-06
967,11,0.99999567893948049,-4.3210698552916585e-06,4.3210698552916585e-06,0.99999843003289446,-1.5699683379465598e-06,1.5699683379465598e-06,2.7511015173450987e-06
968,220,0.99999317973371005,-6.8202895480717203e-06,6.8202895480717203e-06,0.99999692250115702,-3.0775035784454765e-06,3.0775035784454765e-06,3.7427859696262439e-06
969,1049,0.99999805360945138,-1.946392442814916e-06,1.946392442814916e-06,0.99999953408174502,-4.6591836348572831e-07,4.6591836348572831e-07,1.4804740793291877e-06
970,18,0.99999876099922946,-1.2390015380791671e-06,1.2390015380791671e-06,0.99999902603817881,-9.7396229546659152e-07,9.7396229546659152e-07,2.6503924261257555e-07
971,11,0.99997016720026166,-2.9833244745167245e-05,2.9833244745167245e-05,0.99999763332523373,-2.3666775668768988e-06,2.3666775668768988e-06,2.7466567178290348e-05
972,27401,0.99973903042092271,-0.00026100363756350497,0.00026100363756350497,0.99966993114815161,-0.00033012333656133618,0.00033012333656133618,-6.9119698997831215e-05
973,279,0.99999738894696177,-2.6110564470728723e-06,2.6110564470728723e-06,0.99999856470813897,-1.4352928910149076e-06,1.4352928910149076e-06,1.1757635560579648e-06
974,29736,0.99999651117524591,-3.488830840047026e-06,3.488830840047026e-06,0.99999740214132882,-2.5978620456710026e-06,2.5978620456710026e-06,8.9096879437602345e-07
975,315,0.99999838246987205,-1.6175314362087736e-06,1.6175314362087736e-06,0.99999903780741073,-9.6219305217820162e-07,9.6219305217820162e-07,6.5533838403057197e-07
976,3221,0.99999625925837354,-3.7407486230989147e-06,3.7407486230989147e-06,0.99999838501590865,-1.6149853953933963e-06,1.6149853953933963e-06,2.1257632277055185e-06
977,78526,0.99998378048271264,-1.621964882515304e-05,1.621964882515304e-05,0.9999735873450416,-2.6413003778659198e-05,2.6413003778659198e-05,-1.0193354953506158e-05
978,35148,0.99999259729392354,-7.4027334766631575e-06,7.4027334766631575e-06,0.99999738525641335,-2.6147470050590719e-06,2.6147470050590719e-06,4.7879864716040856e-06
979,32343,0.99991240549834071,-8.7598338281686324e-05,8.7598338281686324e-05,0.99989320241604684,-0.00010680328722118816,0.00010680328722118816,-1.9204948939501834e-05
980,606,0.99999951574921786,-4.842508993697114e-07,4.842508993697114e-07,0.99999976993363437,-2.3006639211753388e-07,2.3006639211753388e-07,2.5418450725217754e-07
981,5820,0.99999381690347966,-6.1831156358152762e-06,6.1831156358152762e-06,0.99999587523026101,-4.124778245914309e-06,4.124778245914309e-06,2.0583373899009672e-06
982,439,0.99930194887120671,-0.00069829487992288978,0.00069829487992288978,0.99936245866370854,-0.00063774465218865604,0.00063774465218865604,6.0550227734233741e-05
983,264,0.99999641162735531,-3.5883790829294348e-06,3.5883790829294348e-06,0.99999885241225028,-1.1475884081836278e-06,1.1475884081836278e-06,2.4407906747458068e-06
984,1121,0.99999721008630538,-2.7899175864619174e-06,2.7899175864619174e-06,0.99999786757522524,-2.1324270483862351e-06,2.1324270483862351e-06,6.5749053807568222e-07
985,315,0.99999656999252484,-3.4300133576889417e-06,3.4300133576889417e-06,0.99999739864034065,-2.6013630429434505e-06,2.6013630429434505e-06,8.2865031474549125e-07
986,28448,0.99999222949162103,-7.7705385695106101e-06,7.7705385695106101e-06,0.99999535195818423,-4.648052617940697e-06,4.648052617940697e-06,3.1224859515699131e-06
987,21277,0.99988494567584818,-0.00011506094340823868,0.00011506094340823868,0.99993802561660761,-6.1976303883841651e-05,6.1976303883841651e-05,5.308463952439703e-05
988,9581,0.99998770652069136,-1.2293554874030201e-05,1.2293554874030201e-05,0.99999409214374957,-5.9078737018803069e-06,5.9078737018803069e-06,6.3856811721498939e-06
989,7479,0.99999610892457969,-3.8910829905969865e-06,3.8910829905969865e-06,0.99999769051684573,-2.3094858211415077e-06,2.3094858211415077e-06,1.5815971694554789e-06
990,20472,0.99996821635906419,-3.1784146046388456e-05,3.1784146046388456e-05,0.99998716415128652,-1.2835931093654863e-05,1.2835931093654863e-05,1.8948214952733593e-05
991,13,0.99986817522184357,-0.00013183346780619974,0.00013183346780619974,0.99994838146106335,-5.1619871219258792e-05,5.1619871219258792e-05,8.021359658694094e-05
992,578,0.99670430784902464,-0.0033011349060725736,0.0033011349060725736,0.99925320560942299,-0.0007470733804153017,0.0007470733804153017,0.0025540615256572719
993,18057,0.87326642505879171,-0.13551458635809491,0.13551458635809491,0.77031273694068081,-0.26095869472073857,0.26095869472073857,-0.12544410836264366
994,16717,0.99989008288728076,-0.00010992315404781904,0.00010992315404781904,0.99986708118132328,-0.00013292765316573937,0.00013292765316573937,-2.3004499117920332e-05
995,279,0.99998684564332163,-1.3154443197662052e-05,1.3154443197662052e-05,0.99999182532098918,-8.1747124236449865e-06,8.1747124236449865e-06,4.9797307740170652e-06
996,4754,0.99999533642416716,-4.6635867073513297e-06,4.6635867073513297e-06,0.99999666835074252,-3.3316548074071576e-06,3.3316548074071576e-06,1.3319318999441721e-06
997,369,0.99999494181784954,-5.0581949430856444e-06,5.0581949430856444e-06,0.99999691819174641,-3.0818130024253959e-06,3.0818130024253959e-06,1.9763819406602486e-06
998,220,0.99998440376950415,-1.5596352118320203e-05,1.5596352118320203e-05,0.9999948645136445,-5.135499542148476e-06,5.135499542148476e-06,1.0460852576171728e-05
999,1627,0.99998334588230675,-1.6654256374593975e-05,1.6654256374593975e-05,0.99999183293891736,-8.1670944332579424e-06,8.1670944332579424e-06,8.4871619413360329e-06
1000,12,0.99993736614654227,-6.2635815039392326e-05,6.2635815039392326e-05,0.99993903435808862,-6.0967500391682348e-05,6.0967500391682348e-05,1.668314647709978e-06
1001,1544,0.99999073452106246,-9.2655218623393125e-06,9.2655218623393125e-06,0.99999398009303375,-6.0199250859186013e-06,6.0199250859186013e-06,3.2455967764207112e-06
1002,35148,0.99998854594578357,-1.1454119814581331e-05,1.1454119814581331e-05,0.99999210049119047,-7.8995400108292287e-06,7.8995400108292287e-06,3.5545798037521021e-06
1003,44583,0.99991602499935073,-8.39785267470876e-05,8.39785267470876e-05,0.99995134367545024,-4.8657508307152302e-05,4.8657508307152302e-05,3.5321018439935298e-05
1004,11,0.99949545689130503,-0.00050467043339821513,0.00050467043339821513,0.99959141923893835,-0.000408664252923733,0.000408664252923733,9.6006180474482135e-05
1005,7863,0.99998069302889891,-1.9307157483093918e-05,1.9307157483093918e-05,0.99998946395430499,-1.0536101199523464e-05,1.0536101199523464e-05,8.7710562835704535e-06
1006,311,0.99999714889218039,-2.8511118840200997e-06,2.8511118840200997e-06,0.99999814098561624,-1.8590161116956095e-06,1.8590161116956095e-06,9.9209577232449018e-07
1007,279,0.9999935235772629,-6.4764437092306424e-06,6.4764437092306424e-06,0.99999540402375309,-4.5959868084524843e-06,4.5959868084524843e-06,1.8804569007781581e-06
1008,220,0.99999496387074782,-5.0361419335061889e-06,5.0361419335061889e-06,0.99999718068821974,-2.8193157545118438e-06,2.8193157545118438e-06,2.2168261789943451e-06
1009,605,0.99999302688753655,-6.973136775733768e-06,6.973136775733768e-06,0.9999972520790934,-2.7479246821207589e-06,2.7479246821207589e-06,4.2252120936130091e-06
1010,12,0.99981713381938231,-0.00018288290267632189,0.00018288290267632189,0.99983379829773322,-0.00016621551530016931,0.00016621551530016931,1.666738737615258e-05
1011,323,0.99999087131355024,-9.1287281164632807e-06,9.1287281164632807e-06,0.99999588978839016,-4.1102200568070419e-06,4.1102200568070419e-06,5.0185080596562388e-06
1012,220,0.99999114249039645,-8.8575488314838118e-06,8.8575488314838118e-06,0.99999347932488403,-6.5206963756185833e-06,6.5206963756185833e-06,2.3368524558652285e-06
1013,966,0.99999791824252837,-2.081759638520564e-06,2.081759638520564e-06,0.99999993980659474,-6.0193407112313269e-08,6.0193407112313269e-08,2.0215662314082507e-06
1014,4771,0.99998417992425315,-1.5820200885612701e-05,1.5820200885612701e-05,0.9999897349677902,-1.0265084895568854e-05,1.0265084895568854e-05,5.5551159900438468e-06
1015,5578,0.99996196676057669,-3.8033962705276283e-05,3.8033962705276283e-05,0.99997448627975227,-2.551404572819742e-05,2.551404572819742e-05,1.2519916977078863e-05
1016,315,0.99998672875757832,-1.3271330485402325e-05,1.3271330485402325e-05,0.99999361503636264,-6.3849840213642549e-06,6.3849840213642549e-06,6.8863464640380703e-06
1017,220,0.99999156650851118,-8.433527050863414e-06,8.433527050863414e-06,0.9999955095610753,-4.4904490067094116e-06,4.4904490067094116e-06,3.9430780441540024e-06
1018,1544,0.99999738686889172,-2.6131345224632687e-06,2.6131345224632687e-06,0.99999903248230848,-9.6751815961335748e-07,9.6751815961335748e-07,1.6456163628499112e-06
1019,13,0.99999702284983372,-2.9771545980197845e-06,2.9771545980197845e-06,0.99999878355107086,-1.2164496689722374e-06,1.2164496689722374e-06,1.7607049290475471e-06
1020,23,0.99999349670472115,-6.5033164254088262e-06,6.5033164254088262e-06,0.99999374555578946,-6.2544637696054382e-06,6.2544637696054382e-06,2.4885265580338804e-07
1021,323,0.99999598397441269,-4.0160336515746318e-06,4.0160336515746318e-06,0.99999708140101196,-2.9186032472148299e-06,2.9186032472148299e-06,1.0974304043598018e-06
1022,220,0.99997633508675654,-2.3665193261911294e-05,2.3665193261911294e-05,0.99998766801409944,-1.2332061940164728e-05,1.2332061940164728e-05,1.1333131321746566e-05
1023,1627,0.99999981791771531,-1.820823013129812e-07,1.820823013129812e-07,0.99999996379975675,-3.6200243924502747e-08,3.6200243924502747e-08,1.4588205738847846e-07
