token_index,token_id,probability,logprob,nll,reference_probability,reference_logprob,reference_nll,nll_drift
0,791,0.99896274318822853,-0.0010377951349033136,0.0010377951349033136,0.99896274318822853,-0.0010377951349033136,0.0010377951349033136,0
1,220,0.99999382196381315,-6.1780552709892378e-06,6.1780552709892378e-06,0.99999382196381315,-6.1780552709892378e-06,6.1780552709892378e-06,0
2,1049,0.99999999009480345,-9.9051966138284579e-09,9.9051966138284579e-09,0.99999999009480345,-9.9051966138284579e-09,9.9051966138284579e-09,0
3,18,0.99999999173134702,-8.2686530613702664e-09,8.2686530613702664e-09,0.99999999173134702,-8.2686530613702664e-09,8.2686530613702664e-09,0
4,16867,0.99999987541590962,-1.2458409815993418e-07,1.2458409815993418e-07,0.99999987541590962,-1.2458409815993418e-07,1.2458409815993418e-07,0
5,13892,0.99977844510911029,-0.00022157943780025648,0.00022157943780025648,0.99977844510911029,-0.00022157943780025648,0.00022157943780025648,0
6,78149,0.99999941988939967,-5.8011076857878572e-07,5.8011076857878572e-07,0.99999941988939967,-5.8011076857878572e-07,5.8011076857878572e-07,0
7,3280,0.99999981054408604,-1.8945593187045371e-07,1.8945593187045371e-07,0.99999981054408604,-1.8945593187045371e-07,1.8945593187045371e-07,0
8,574,0.99994653941837863,-5.3462010689182453e-05,5.3462010689182453e-05,0.99994653941837863,-5.3462010689182453e-05,5.3462010689182453e-05,0
9,264,0.99988566987061211,-0.00011433666557532979,0.00011433666557532979,0.99988566987061211,-0.00011433666557532979,0.00011433666557532979,0
10,10284,0.97738007760518797,-0.022879677405602119,0.022879677405602119,0.97738007760518797,-0.022879677405602119,0.022879677405602119,0
11,3770,0.99997291651859133,-2.7083848172735369e-05,2.7083848172735369e-05,0.99997291651859133,-2.7083848172735369e-05,2.7083848172735369e-05,0
12,5578,0.95176404320790209,-0.04943812868480655,0.04943812868480655,0.95176404320790209,-0.04943812868480655,0.04943812868480655,0
13,1060,0.99996506472512581,-3.4935885125072828e-05,3.4935885125072828e-05,0.99996506472512581,-3.4935885125072828e-05,3.4935885125072828e-05,0
14,4930,0.78245095777420481,-0.24532403230289584,0.24532403230289584,0.78245095777420481,-0.24532403230289584,0.24532403230289584,0
15,4261,0.99999896174626035,-1.0382542786895611e-06,1.0382542786895611e-06,0.99999896174626035,-1.0382542786895611e-06,1.0382542786895611e-06,0
16,315,0.99992474977972146,-7.5253051718449164e-05,7.5253051718449164e-05,0.99992474977972146,-7.5253051718449164e-05,7.5253051718449164e-05,0
17,35148,0.99999659554917253,-3.4044566225863587e-06,3.4044566225863587e-06,0.99999659554917253,-3.4044566225863587e-06,3.4044566225863587e-06,0
18,44448,0.98215099133417261,-0.01801022345127163,0.01801022345127163,0.98215099133417261,-0.01801022345127163,0.01801022345127163,0
19,86945,0.99975390479337345,-0.0002461254930208727,0.0002461254930208727,0.99975390479337345,-0.0002461254930208727,0.0002461254930208727,0
20,14093,0.99999964300243227,-3.5699763145971884e-07,3.5699763145971884e-07,0.99999964300243227,-3.5699763145971884e-07,3.5699763145971884e-07,0
21,11,0.71386495325712052,-0.33706147562845545,0.33706147562845545,0.71386495325712052,-0.33706147562845545,0.33706147562845545,0
22,449,0.97683078749734364,-0.023441837950422668,0.023441837950422668,0.97683078749734364,-0.023441837950422668,0.023441837950422668,0
23,220,0.84103358062784284,-0.17312369040344169,0.17312369040344169,0.84103358062784284,-0.17312369040344169,0.17312369040344169,0
24,2148,0.99996031536049079,-3.9685426965306694e-05,3.9685426965306694e-05,0.99996031536049079,-3.9685426965306694e-05,3.9685426965306694e-05,0
25,35148,0.99997838757445501,-2.1612659096812852e-05,2.1612659096812852e-05,0.99997838757445501,-2.1612659096812852e-05,2.1612659096812852e-05,0
26,39300,0.99997837878423301,-2.1621449508812065e-05,2.1621449508812065e-05,0.99997837878423301,-2.1621449508812065e-05,2.1621449508812065e-05,0
27,919,0.99999948850362463,-5.1149650623127835e-07,5.1149650623127835e-07,0.99999948850362463,-5.1149650623127835e-07,5.1149650623127835e-07,0
28,11,0.52743234436782571,-0.63973467898016889,0.63973467898016889,0.52743234436782571,-0.63973467898016889,0.63973467898016889,0
29,220,0.97883048779656767,-0.021396799761639961,0.021396799761639961,0.97883048779656767,-0.021396799761639961,0.021396799761639961,0
30,1691,0.99999602179620573,-3.9782117072983323e-06,3.9782117072983323e-06,0.99999602179620573,-3.9782117072983323e-06,3.9782117072983323e-06,0
31,7086,0.99840708723299276,-0.0015941828014307928,0.0015941828014307928,0.99840708723299276,-0.0015941828014307928,0.0015941828014307928,0
32,44583,0.99998831416702672,-1.1685901253193546e-05,1.1685901253193546e-05,0.99998831416702672,-1.1685901253193546e-05,1.1685901253193546e-05,0
33,11,0.99995746095030702,-4.2539954504049903e-05,4.2539954504049903e-05,0.99995746095030702,-4.2539954504049903e-05,4.2539954504049903e-05,0
34,323,0.99999884385176108,-1.1561489072914097e-06,1.1561489072914097e-06,0.99999884385176108,-1.1561489072914097e-06,1.1561489072914097e-06,0
35,220,0.99999919543521532,-8.0456510839283265e-07,8.0456510839283265e-07,0.99999919543521532,-8.0456510839283265e-07,8.0456510839283265e-07,0
36,975,0.9999992236400771,-7.7636022427732654e-07,7.7636022427732654e-07,0.9999992236400771,-7.7636022427732654e-07,7.7636022427732654e-07,0
37,13892,0.99998163029813492,-1.8369870590155532e-05,1.8369870590155532e-05,0.99998163029813492,-1.8369870590155532e-05,1.8369870590155532e-05,0
38,764,0.99999901252637124,-9.8747411631133245e-07,9.8747411631133245e-07,0.99999901252637124,-9.8747411631133245e-07,9.8747411631133245e-07,0
39,29639,0.99999540384500774,-4.5961655546481389e-06,4.5961655546481389e-06,0.99999540384500774,-4.5961655546481389e-06,4.5961655546481389e-06,0
40,13,0.99360540597285507,-0.0064151270237874924,0.0064151270237874924,0.99360540597285507,-0.0064151270237874924,0.0064151270237874924,0
41,578,0.99729071646826062,-0.0027129602827759671,0.0027129602827759671,0.99729071646826062,-0.0027129602827759671,0.0027129602827759671,0
42,3280,0.99987505923608233,-0.00012494856966514136,0.00012494856966514136,0.99987505923608233,-0.00012494856966514136,0.00012494856966514136,0
43,10837,0.71177933730889109,-0.33998733511512202,0.33998733511512202,0.71177933730889109,-0.33998733511512202,0.33998733511512202,0
44,1060,0.73537347193945524,-0.30737678373344407,0.30737678373344407,0.73537347193945524,-0.30737678373344407,0.30737678373344407,0
45,21691,0.99852853507562067,-0.0014725485920743136,0.0014725485920743136,0.99852853507562067,-0.0014725485920743136,0.0014725485920743136,0
46,11,0.99995078647342728,-4.9214737598073629e-05,4.9214737598073629e-05,0.99995078647342728,-4.9214737598073629e-05,4.9214737598073629e-05,0
47,449,0.99973304991448397,-0.00026698572303250189,0.00026698572303250189,0.99973304991448397,-0.00026698572303250189,0.00026698572303250189,0
48,279,0.99539587476911828,-0.0046147568609078557,0.0046147568609078557,0.99539587476911828,-0.0046147568609078557,0.0046147568609078557,0
49,1176,0.99998840509112974,-1.1594976091721762e-05,1.1594976091721762e-05,0.99998840509112974,-1.1594976091721762e-05,1.1594976091721762e-05,0
50,13766,0.99999758409919892,-2.4159037193339521e-06,2.4159037193339521e-06,0.99999758409919892,-2.4159037193339521e-06,2.4159037193339521e-06,0
51,11,0.90186245005629184,-0.10329326494232065,0.10329326494232065,0.90186245005629184,-0.10329326494232065,0.10329326494232065,0
52,816,0.99997854777358564,-2.1452456516645688e-05,2.1452456516645688e-05,0.99997854777358564,-2.1452456516645688e-05,2.1452456516645688e-05,0
53,3852,0.99999951941708232,-4.8058303312983667e-07,4.8058303312983667e-07,0.99999951941708232,-4.8058303312983667e-07,4.8058303312983667e-07,0
54,276,0.99999993070035209,-6.9299650281765066e-08,6.9299650281765066e-08,0.99999993070035209,-6.9299650281765066e-08,6.9299650281765066e-08,0
55,11,0.99999904893430924,-9.5106614299257501e-07,9.5106614299257501e-07,0.99999904893430924,-9.5106614299257501e-07,9.5106614299257501e-07,0
56,11469,0.99994937005338247,-5.0631228356539885e-05,5.0631228356539885e-05,0.99994937005338247,-5.0631228356539885e-05,5.0631228356539885e-05,0
57,9909,0.99277223547572024,-0.0072540113613977436,0.0072540113613977436,0.99277223547572024,-0.0072540113613977436,0.0072540113613977436,0
58,315,0.99999997030858601,-2.9691414441503493e-08,2.9691414441503493e-08,0.99999997030858601,-2.9691414441503493e-08,2.9691414441503493e-08,0
59,279,0.99999979616889312,-2.0383112763071082e-07,2.0383112763071082e-07,0.99999979616889312,-2.0383112763071082e-07,2.0383112763071082e-07,0
60,30508,0.99999403652992391,-5.9634878576768607e-06,5.9634878576768607e-06,0.99999403652992391,-5.9634878576768607e-06,5.9634878576768607e-06,0
61,23028,0.99999981404367022,-1.8595634701707803e-07,1.8595634701707803e-07,0.99999981404367022,-1.8595634701707803e-07,1.8595634701707803e-07,0
62,389,0.99996263490294968,-3.736579514290318e-05,3.736579514290318e-05,0.99996263490294968,-3.736579514290318e-05,3.736579514290318e-05,0
63,6186,0.99999620514628695,-3.7948609134772216e-06,3.7948609134772216e-06,0.99999620514628695,-3.7948609134772216e-06,3.7948609134772216e-06,0
64,220,0.99999983558256045,-1.6441745301395853e-07,1.6441745301395853e-07,0.99999983558256045,-1.6441745301395853e-07,1.6441745301395853e-07,0
65,868,0.99999953288738019,-4.6711272886802126e-07,4.6711272886802126e-07,0.99999953288738019,-4.6711272886802126e-07,4.6711272886802126e-07,0
66,13,0.60227918835892413,-0.50703417314239507,0.50703417314239507,0.60227918835892413,-0.50703417314239507,0.50703417314239507,0
67,578,0.4782118730760701,-0.73770139558343317,0.73770139558343317,0.4782118730760701,-0.73770139558343317,0.73770139558343317,0
68,3280,0.75027035922367058,-0.28732165844381902,0.28732165844381902,0.75027035922367058,-0.28732165844381902,0.28732165844381902,0
69,574,0.63715371846182811,-0.45074433625545446,0.45074433625545446,0.63715371846182811,-0.45074433625545446,0.45074433625545446,0
70,13160,0.54071616642974951,-0.6148607839663367,0.6148607839663367,0.54071616642974951,-0.6148607839663367,0.6148607839663367,0
71,555,0.99999971037797986,-2.896220621366517e-07,2.896220621366517e-07,0.99999971037797986,-2.896220621366517e-07,2.896220621366517e-07,0
72,3892,0.98608976203301035,-0.014007891978441158,0.014007891978441158,0.98608976203301035,-0.014007891978441158,0.014007891978441158,0
73,5199,0.85952825379748166,-0.15137158233479178,0.15137158233479178,0.85952825379748166,-0.15137158233479178,0.15137158233479178,0
74,44583,0.94167087716657294,-0.060099452752367638,0.060099452752367638,0.94167087716657294,-0.060099452752367638,0.060099452752367638,0
75,11,0.99996553516802633,-3.4465425899637466e-05,3.4465425899637466e-05,0.99996553516802633,-3.4465425899637466e-05,3.4465425899637466e-05,0
76,2737,0.99999382544093984,-6.1745781228019591e-06,6.1745781228019591e-06,0.99999382544093984,-6.1745781228019591e-06,6.1745781228019591e-06,0
77,14221,0.81118436681726636,-0.20925991800588689,0.20925991800588689,0.81118436681726636,-0.20925991800588689,0.20925991800588689,0
78,78149,0.99990167371173644,-9.8331122609964083e-05,9.8331122609964083e-05,0.99990167371173644,-9.8331122609964083e-05,9.8331122609964083e-05,0
79,735,0.90284972852967726,-0.10219915300182647,0.10219915300182647,0.90284972852967726,-0.10219915300182647,0.10219915300182647,0
80,9832,0.99999968783977411,-3.1216027464598121e-07,3.1216027464598121e-07,0.99999968783977411,-3.1216027464598121e-07,3.1216027464598121e-07,0
81,9008,0.99999983974643947,-1.6025357333827773e-07,1.6025357333827773e-07,0.99999983974643947,-1.6025357333827773e-07,1.6025357333827773e-07,0
82,11,0.99998805723919548,-1.1942832119854231e-05,1.1942832119854231e-05,0.99998805723919548,-1.1942832119854231e-05,1.1942832119854231e-05,0
83,902,0.98821255843088107,-0.011857464261356648,0.011857464261356648,0.98821255843088107,-0.011857464261356648,0.011857464261356648,0
84,6244,0.99684064341102596,-0.0031643578927148248,0.0031643578927148248,0.99684064341102596,-0.0031643578927148248,0.0031643578927148248,0
85,832,0.99999522996424051,-4.7700471361555779e-06,4.7700471361555779e-06,0.99999522996424051,-4.7700471361555779e-06,4.7700471361555779e-06,0
86,315,0.99999913502125259,-8.649791214905128e-07,8.649791214905128e-07,0.99999913502125259,-8.649791214905128e-07,8.649791214905128e-07,0
87,279,0.99999963137447567,-3.6862559227624686e-07,3.6862559227624686e-07,0.99999963137447567,-3.6862559227624686e-07,3.6862559227624686e-07,0
88,22807,0.99999911801999686,-8.8198039213077713e-07,8.8198039213077713e-07,0.99999911801999686,-8.8198039213077713e-07,8.8198039213077713e-07,0
89,65265,0.97722987309087794,-0.023033369976902345,0.023033369976902345,0.97722987309087794,-0.023033369976902345,0.023033369976902345,0
90,16867,0.99998776330376493,-1.2236771104034376e-05,1.2236771104034376e-05,0.99998776330376493,-1.2236771104034376e-05,1.2236771104034376e-05,0
91,13892,0.99999755197244033,-2.448030556108618e-06,2.448030556108618e-06,0.99999755197244033,-2.448030556108618e-06,2.448030556108618e-06,0
92,764,0.99999924461832523,-7.5538196011990778e-07,7.5538196011990778e-07,0.99999924461832523,-7.5538196011990778e-07,7.5538196011990778e-07,0
93,29639,0.99998970613568583,-1.0293917296303365e-05,1.0293917296303365e-05,0.99998970613568583,-1.0293917296303365e-05,1.0293917296303365e-05,0
94,304,0.9999541114955961,-4.588955731355315e-05,4.588955731355315e-05,0.9999541114955961,-4.588955731355315e-05,4.588955731355315e-05,0
95,3925,0.99999711705167005,-2.8829524857030692e-06,2.8829524857030692e-06,0.99999711705167005,-2.8829524857030692e-06,2.8829524857030692e-06,0
96,323,0.57137266897447925,-0.55971362201568153,0.55971362201568153,0.57137266897447925,-0.55971362201568153,0.55971362201568153,0
97,63260,0.87034832004541329,-0.1388617795910457,0.1388617795910457,0.87034832004541329,-0.1388617795910457,0.1388617795910457,0
98,11323,0.9988289851282286,-0.001171701045418346,0.001171701045418346,0.9988289851282286,-0.001171701045418346,0.001171701045418346,0
99,266,0.9999959181990723,-4.0818092582243476e-06,4.0818092582243476e-06,0.9999959181990723,-4.0818092582243476e-06,4.0818092582243476e-06,0
100,5848,0.99999353511559952,-6.4649052979477034e-06,6.4649052979477034e-06,0.99999353511559952,-6.4649052979477034e-06,6.4649052979477034e-06,0
101,7576,0.99999904204266943,-9.5795778944044385e-07,9.5795778944044385e-07,0.99999904204266943,-9.5795778944044385e-07,9.5795778944044385e-07,0
102,369,0.99996217499985363,-3.7825715529689343e-05,3.7825715529689343e-05,0.99996217499985363,-3.7825715529689343e-05,3.7825715529689343e-05,0
103,1202,0.99999813770965473,-1.8622920793146839e-06,1.8622920793146839e-06,0.99999813770965473,-1.8622920793146839e-06,1.8622920793146839e-06,0
104,57899,0.99955514370262244,-0.00044495527529522853,0.00044495527529522853,0.99955514370262244,-0.00044495527529522853,0.00044495527529522853,0
105,4216,0.99999822151919138,-1.7784823901476267e-06,1.7784823901476267e-06,0.99999822151919138,-1.7784823901476267e-06,1.7784823901476267e-06,0
106,25949,0.99998689860874945,-1.3101477074517004e-05,1.3101477074517004e-05,0.99998689860874945,-1.3101477074517004e-05,1.3101477074517004e-05,0
107,13,0.86199836408486241,-0.14850190613362946,0.14850190613362946,0.86199836408486241,-0.14850190613362946,0.14850190613362946,0
108,14221,0.99200682894962322,-0.0080252876991614222,0.0080252876991614222,0.99200682894962322,-0.0080252876991614222,0.0080252876991614222,0
109,78149,0.99998153340690143,-1.8466763608158634e-05,1.8466763608158634e-05,0.99998153340690143,-1.8466763608158634e-05,1.8466763608158634e-05,0
110,2417,0.99946960374969052,-0.00053053696015753938,0.00053053696015753938,0.99946960374969052,-0.00053053696015753938,0.00053053696015753938,0
111,65,0.99999970519287318,-2.9480717029644156e-07,2.9480717029644156e-07,0.99999970519287318,-2.9480717029644156e-07,2.9480717029644156e-07,0
112,7835,0.99962313299653505,-0.00037693803568108694,0.00037693803568108694,0.99962313299653505,-0.00037693803568108694,0.00037693803568108694,0
113,9057,0.97100212209596404,-0.029426625218469095,0.029426625218469095,0.97100212209596404,-0.029426625218469095,0.029426625218469095,0
114,3892,0.9996475724497248,-0.00035248966745931784,0.00035248966745931784,0.9996475724497248,-0.00035248966745931784,0.00035248966745931784,0
115,16779,0.99999852192864158,-1.4780724507656207e-06,1.4780724507656207e-06,0.99999852192864158,-1.4780724507656207e-06,1.4780724507656207e-06,0
116,323,0.99999981540210248,-1.8459791456910378e-07,1.8459791456910378e-07,0.99999981540210248,-1.8459791456910378e-07,1.8459791456910378e-07,0
117,16781,0.99999598763998931,-4.0123680602481558e-06,4.0123680602481558e-06,0.99999598763998931,-4.0123680602481558e-06,4.0123680602481558e-06,0
118,5674,0.99998859712983701,-1.140293517615663e-05,1.140293517615663e-05,0.99998859712983701,-1.140293517615663e-05,1.140293517615663e-05,0
119,4028,0.99992217378380455,-7.7829244812570487e-05,7.7829244812570487e-05,0.99992217378380455,-7.7829244812570487e-05,7.7829244812570487e-05,0
120,279,0.99999961362480649,-3.8637526818832421e-07,3.8637526818832421e-07,0.99999961362480649,-3.8637526818832421e-07,3.8637526818832421e-07,0
121,26363,0.99999767211780721,-2.3278849022598776e-06,2.3278849022598776e-06,0.99999767211780721,-2.3278849022598776e-06,2.3278849022598776e-06,0
122,323,0.99999962589731617,-3.7410275385376959e-07,3.7410275385376959e-07,0.99999962589731617,-3.7410275385376959e-07,3.7410275385376959e-07,0
123,5734,0.99999733256041912,-2.6674431385621767e-06,2.6674431385621767e-06,0.99999733256041912,-2.6674431385621767e-06,2.6674431385621767e-06,0
124,11,0.95889249249011355,-0.041976314147014943,0.041976314147014943,0.95889249249011355,-0.041976314147014943,0.041976314147014943,0
125,1418,0.99868597200598797,-0.0013148920858400202,0.0013148920858400202,0.99868597200598797,-0.0013148920858400202,0.0013148920858400202,0
126,14221,0.99997861177014802,-2.138845858344686e-05,2.138845858344686e-05,0.99997861177014802,-2.138845858344686e-05,2.138845858344686e-05,0
127,78149,0.99999988513598403,-1.1486402258016987e-07,1.1486402258016987e-07,0.99999988513598403,-1.1486402258016987e-07,1.1486402258016987e-07,0
128,11583,0.99999246962813004,-7.5304002233946043e-06,7.5304002233946043e-06,0.99999246962813004,-7.5304002233946043e-06,7.5304002233946043e-06,0
129,22530,0.99997753001378875,-2.247023866521301e-05,2.247023866521301e-05,0.99997753001378875,-2.247023866521301e-05,2.247023866521301e-05,0
130,6244,0.9941548291224056,-0.0058623207508359245,0.0058623207508359245,0.9941548291224056,-0.0058623207508359245,0.0058623207508359245,0
131,832,0.99996177424946742,-3.8226481155230367e-05,3.8226481155230367e-05,0.99996177424946742,-3.8226481155230367e-05,3.8226481155230367e-05,0
132,315,0.99999946347259094,-5.3652755300619463e-07,5.3652755300619463e-07,0.99999946347259094,-5.3652755300619463e-07,5.3652755300619463e-07,0
133,279,0.9999996220126034,-3.7798746805320435e-07,3.7798746805320435e-07,0.9999996220126034,-3.7798746805320435e-07,3.7798746805320435e-07,0
134,2853,0.99998677807173753,-1.3222015672952775e-05,1.3222015672952775e-05,0.99998677807173753,-1.3222015672952775e-05,1.3222015672952775e-05,0
135,24013,0.99999829731626899,-1.702685180564719e-06,1.702685180564719e-06,0.99999829731626899,-1.702685180564719e-06,1.702685180564719e-06,0
136,13892,0.99999322568343862,-6.774339507109534e-06,6.774339507109534e-06,0.99999322568343862,-6.774339507109534e-06,6.774339507109534e-06,0
137,764,0.99999947010172618,-5.2989841419476789e-07,5.2989841419476789e-07,0.99999947010172618,-5.2989841419476789e-07,5.2989841419476789e-07,0
138,29639,0.99999946922783933,-5.3077230158228609e-07,5.3077230158228609e-07,0.99999946922783933,-5.3077230158228609e-07,5.3077230158228609e-07,0
139,304,0.99999928029380514,-7.1970645390403496e-07,7.1970645390403496e-07,0.99999928737297505,-7.1262727884292073e-07,7.1262727884292073e-07,7.0791750611142275e-09
140,12715,0.99999947681097856,-5.2318915835718911e-07,5.2318915835718911e-07,0.9999994772433608,-5.2275677578707975e-07,5.2275677578707975e-07,4.3238257010936505e-10
141,3925,0.99999727403564576,-2.7259680697347396e-06,2.7259680697347396e-06,0.99999729662512238,-2.703378531755802e-06,2.703378531755802e-06,2.2589537978937636e-08
142,1306,0.99994556613878594,-5.4435342790477328e-05,5.4435342790477328e-05,0.99994049681485631,-5.9504955528443992e-05,5.9504955528443992e-05,-5.0696127379666633e-06
143,21933,0.99998640626013102,-1.3593832264713913e-05,1.3593832264713913e-05,0.99998615916375622,-1.3840932029067378e-05,1.3840932029067378e-05,-2.4709976435346529e-07
144,4987,0.99999812178814118,-1.8782136227083291e-06,1.8782136227083291e-06,0.9999980848301423,-1.9151716916037903e-06,1.9151716916037903e-06,-3.695806889546117e-08
145,12126,0.99999928359539425,-7.1640486238758946e-07,7.1640486238758946e-07,0.99999933731807478,-6.6268214474246392e-07,6.6268214474246392e-07,5.3722717645125535e-08
146,13,0.77339018199793819,-0.25697159448747686,0.25697159448747686,0.77373648193488875,-0.25652392597938756,0.25652392597938756,0.00044766850808930503
147,578,0.96012832689411576,-0.040688329605770554,0.040688329605770554,0.96186172043788809,-0.03888458039682291,0.03888458039682291,0.0018037492089476442
148,3280,0.99995967220130477,-4.0328611882733748e-05,4.0328611882733748e-05,0.99995152607518867,-4.8475099710027337e-05,4.8475099710027337e-05,-8.1464878272935882e-06
149,8036,0.99756443185610311,-0.0024385389647267369,0.0024385389647267369,0.99716094039452052,-0.0028430973793325126,0.0028430973793325126,-0.00040455841460577567
150,449,0.99999686050531167,-3.1394996165461021e-06,3.1394996165461021e-06,0.99999691805495328,-3.0819497959133471e-06,3.0819497959133471e-06,5.7549820632754964e-08
151,279,0.99999135102044034,-8.6490169622956933e-06,8.6490169622956933e-06,0.99999001534257304,-9.9847072739729358e-06,9.9847072739729358e-06,-1.3356903116772425e-06
152,14091,0.99999509366717831,-4.9063448577449141e-06,4.9063448577449141e-06,0.99999527121808951,-4.728793091176553e-06,4.728793091176553e-06,1.7755176656836117e-07
153,49686,0.99999885267200683,-1.1473286513769734e-06,1.1473286513769734e-06,0.99999886323844767,-1.1367621984080727e-06,1.1367621984080727e-06,1.0566452968900675e-08
154,315,0.99999927970520985,-7.2029504954102541e-07,7.2029504954102541e-07,0.99999929768950102,-7.0231074563079343e-07,7.0231074563079343e-07,1.7984303910231979e-08
155,264,0.99999924851852706,-7.5148175534609895e-07,7.5148175534609895e-07,0.99999923422755232,-7.6577274089084302e-07,7.6577274089084302e-07,-1.4290985544744071e-08
156,35148,0.99999833822846063,-1.6617729200864248e-06,1.6617729200864248e-06,0.99999852019795732,-1.4798031375756352e-06,1.4798031375756352e-06,1.8196978251078965e-07
157,18710,0.99999622426510337,-3.7757420247671388e-06,3.7757420247671388e-06,0.99999582093907391,-4.1790696583521143e-06,4.1790696583521143e-06,-4.0332763358497555e-07
158,11226,0.99999833948572792,-1.6605156507768294e-06,1.6605156507768294e-06,0.99999841340514806,-1.5865961106187572e-06,1.5865961106187572e-06,7.3919540158072218e-08
159,315,0.99999972028285911,-2.7971718004401152e-07,2.7971718004401152e-07,0.99999968555701046,-3.1444303901885581e-07,3.1444303901885581e-07,-3.4725858974844294e-08
160,279,0.99999956647627408,-4.3352381990716584e-07,4.3352381990716584e-07,0.99999979133806072,-2.0866196103354011e-07,2.0866196103354011e-07,2.2486185887362574e-07
161,26363,0.99999787868991441,-2.1213123355612714e-06,2.1213123355612714e-06,0.99999748602640093,-2.5139767590853861e-06,2.5139767590853861e-06,-3.9266442352411463e-07
162,389,0.99999941335990461,-5.866402674859251e-07,5.866402674859251e-07,0.99999934272798641,-6.5727222957767488e-07,6.5727222957767488e-07,-7.0631962091749776e-08
163,6790,0.99999433929243942,-5.6607235824701999e-06,5.6607235824701999e-06,0.99999443566151702,-5.5643539639418282e-06,5.5643539639418282e-06,9.6369618528371687e-08
164,220,0.99999877636402457,-1.223636724036673e-06,1.223636724036673e-06,0.99999914415236635,-8.5584799993891048e-07,8.5584799993891048e-07,3.6778872409776249e-07
165,1544,0.99999953176051004,-4.6823959960397916e-07,4.6823959960397916e-07,0.99999984742780357,-1.5257220810793141e-07,1.5257220810793141e-07,3.1566739149604778e-07
166,382,0.99663461194809133,-0.0033710637077124326,0.0033710637077124326,0.99675150765899567,-0.0032537801469526072,0.0032537801469526072,0.00011728356075982544
167,791,0.69395364810258198,-0.36535011018339658,0.36535011018339658,0.65760763749857987,-0.41914682110660778,0.41914682110660778,-0.0537967109232112
168,7036,0.45461401520416467,-0.78830653828932884,0.78830653828932884,0.4290275860825547,-0.84623405889874548,0.84623405889874548,-0.057927520609416638
169,315,0.9999999390262494,-6.0973752408935305e-08,6.0973752408935305e-08,0.99999993888276473,-6.1117237179789549e-08,6.1117237179789549e-08,-1.4348477085424385e-10
170,420,0.99592445936391427,-0.0040838682859756182,0.0040838682859756182,0.99402448258661102,-0.0059934422600615737,0.0059934422600615737,-0.0019095739740859555
171,4652,0.99999959237205449,-4.0762802862904102e-07,4.0762802862904102e-07,0.99999961491465594,-3.8508541823718719e-07,3.8508541823718719e-07,2.2542610391853833e-08
172,374,0.99998648569895154,-1.351439236743726e-05,1.351439236743726e-05,0.99998041846791019,-1.9581723810545542e-05,1.9581723810545542e-05,-6.0673314431082815e-06
173,7347,0.99999885313073233,-1.1468699252909266e-06,1.1468699252909266e-06,0.99999893932070327,-1.0606798591950617e-06,1.0606798591950617e-06,8.6190066095864946e-08
174,311,0.99999997270484109,-2.7295159315510454e-08,2.7295159315510454e-08,0.99999997127319318,-2.8726807186740468e-08,2.8726807186740468e-08,-1.4316478712300142e-09
175,279,0.99999933314966583,-6.6685055647390204e-07,6.6685055647390204e-07,0.99999924856809663,-7.5143218570165582e-07,7.5143218570165582e-07,-8.4581629227753779e-08
176,16867,0.99999877821800065,-1.2217827457788939e-06,1.2217827457788939e-06,0.99999872193161277,-1.2780692039741094e-06,1.2780692039741094e-06,-5.6286458195215471e-08
177,22302,0.99999646431473188,-3.5356915186656152e-06,3.5356915186656152e-06,0.99999611072972761,-3.889277835599515e-06,3.889277835599515e-06,-3.5358631693389978e-07
178,11,0.99985643333554575,-0.00014357697113429871,0.00014357697113429871,0.99985976448926339,-0.00014024534465523588,0.00014024534465523588,3.3316264790628257e-06
179,10411,0.99999851098417192,-1.4890169367223851e-06,1.4890169367223851e-06,0.99999844157614515,-1.5584250692316292e-06,1.5584250692316292e-06,-6.9408132509244027e-08
180,315,0.99999996332290464,-3.6677096020478248e-08,3.6677096020478248e-08,0.99999996366210153,-3.6337899140065767e-08,3.6337899140065767e-08,3.3919688041248104e-10
181,279,0.99999981079225075,-1.8920776709541383e-07,1.8920776709541383e-07,0.9999998283139202,-1.7168609459121371e-07,1.7168609459121371e-07,1.7521672504200112e-08
182,3312,0.99999827894426674,-1.7210572143166355e-06,1.7210572143166355e-06,0.99999732291305421,-2.6770905292030279e-06,2.6770905292030279e-06,-9.5603331488639242e-07
183,859,0.99999993901343842,-6.0986563493679831e-08,6.0986563493679831e-08,0.99999994033462225,-5.9665379522330792e-08,5.9665379522330792e-08,1.3211839713490392e-09
184,323,0.99819659000374394,-0.0018050380977808363,0.0018050380977808363,0.99595422579877046,-0.0040539804870045612,0.0040539804870045612,-0.0022489423892237247
185,9909,0.99999185113315947,-8.1489000427017862e-06,8.1489000427017862e-06,0.99999468035912398,-5.3196550253293813e-06,5.3196550253293813e-06,2.8292450173724049e-06
186,315,0.99999977966925868,-2.2033076556236316e-07,2.2033076556236316e-07,0.99999978491921115,-2.1508081201211021e-07,2.1508081201211021e-07,5.2499535502529435e-09
187,279,0.99999885901445285,-1.1409861980769907e-06,1.1409861980769907e-06,0.99999956589265027,-4.341074439140116e-07,4.341074439140116e-07,7.0687875416297906e-07
188,7327,0.99999723220125181,-2.7678025785851522e-06,2.7678025785851522e-06,0.99999779402405697,-2.205978376183436e-06,2.205978376183436e-06,5.6182420240171616e-07
189,2696,0.99999210553354578,-7.8944976157352143e-06,7.8944976157352143e-06,0.99999496831003809,-5.0317026209537136e-06,5.0317026209537136e-06,2.8627949947815007e-06
190,7228,0.99999873017115593,-1.2698296503288032e-06,1.2698296503288032e-06,0.9999984738712655,-1.5261298989860132e-06,1.5261298989860132e-06,-2.5630024865720994e-07
191,13,0.99913447082822149,-0.00086590395842692952,0.00086590395842692952,0.99918664249917366,-0.00081368845550686109,0.00081368845550686109,5.2215502920068425e-05
192,22620,0.98897355134965559,-0.011087690538400146,0.011087690538400146,0.98861727069683036,-0.011448008408717921,0.011448008408717921,-0.00036031787031777507
193,82,0.99999978637554532,-2.1362447749377197e-07,2.1362447749377197e-07,0.9999997355296435,-2.6447039147531902e-07,2.6447039147531902e-07,-5.0845913981547053e-08
194,430,0.99998547809061478,-1.452201482911751e-05,1.452201482911751e-05,0.99998121341006851,-1.8786766401648443e-05,1.8786766401648443e-05,-4.2647515725309324e-06
195,1376,0.99985980567940691,-0.00014020414873538523,0.00014020414873538523,0.99985458007752226,-0.0001454304969798586,0.0001454304969798586,-5.2263482444733723e-06
196,11226,0.99999391553373351,-6.0844847769140017e-06,6.0844847769140017e-06,0.99999376651437466,-6.2335050535914951e-06,6.2335050535914951e-06,-1.4902027667749342e-07
197,315,0.99999987186014372,-1.2813986450273869e-07,1.2813986450273869e-07,0.99999985437806138,-1.4562194922105067e-07,1.4562194922105067e-07,-1.7482084718311982e-08
198,279,0.99998289808804242,-1.7102058196926665e-05,1.7102058196926665e-05,0.99999951863923153,-4.813608843166522e-07,4.813608843166522e-07,1.6620697312610011e-05
199,2457,0.52373847000255203,-0.64676282230304472,0.64676282230304472,0.99996227296972817,-3.7727741954144228e-05,3.7727741954144228e-05,0.64672509456109062
200,1584,0.99999960726465853,-3.9273541855952091e-07,3.9273541855952091e-07,0.99999956861553407,-4.3138455895354539e-07,4.3138455895354539e-07,-3.8649140394024476e-08
201,323,0.99991220704048112,-8.7796813546311926e-05,8.7796813546311926e-05,0.99998357522167036,-1.6424913217767913e-05,1.6424913217767913e-05,7.1371900328544009e-05
202,10411,0.99999505262001653,-4.9473922217443589e-06,4.9473922217443589e-06,0.99999397485158348,-6.0251665677969393e-06,6.0251665677969393e-06,-1.0777743460525804e-06
203,315,0.99968111726889075,-0.00031893358501859382,0.00031893358501859382,0.9999990459342839,-9.5406617124726956e-07,9.5406617124726956e-07,0.00031797951884734657
204,279,0.99998620933658722,-1.3790758504814351e-05,1.3790758504814351e-05,0.99999546255920602,-4.5374510881566484e-06,4.5374510881566484e-06,9.2533074166577031e-06
205,3312,0.99999294864320154,-7.0513816594140107e-06,7.0513816594140107e-06,0.99999729297542073,-2.7070282432965553e-06,2.7070282432965553e-06,4.3443534161174554e-06
206,859,0.9999945820356908,-5.4179789864397705e-06,5.4179789864397705e-06,0.99999535305827225,-4.6469525248186648e-06,4.6469525248186648e-06,7.7102646162110561e-07
207,527,0.99999306557458378,-6.9344494594007762e-06,6.9344494594007762e-06,0.9999966449096126,-3.3550960157237858e-06,3.3550960157237858e-06,3.5793534436769904e-06
208,2663,0.99933346655919209,-0.00066675567297742151,0.00066675567297742151,0.99986859898792413,-0.00013140964594520566,0.00013140964594520566,0.00053534602703221579
209,90127,0.99985985036381697,-0.00014015945806093871,0.00014015945806093871,0.99996707696210752,-3.2923579867623546e-05,3.2923579867623546e-05,0.00010723587819331516
210,26,0.94809443699592333,-0.053301164604260237,0.053301164604260237,0.96658638206938285,-0.033984608156448236,0.033984608156448236,0.019316556447812001
211,1518,0.99986589721506247,-0.00013411177751999516,0.00013411177751999516,0.99993516096330604,-6.4841138835178839e-05,6.4841138835178839e-05,6.9270638684816317e-05
212,220,0.99969574629792524,-0.0003042999966228022,0.0003042999966228022,0.99989120182954494,-0.00010880408940531401,0.00010880408940531401,0.00019549590721748818
213,1049,0.9999972383790825,-2.7616247307788308e-06,2.7616247307788308e-06,0.99999878214691351,-1.2178538280508053e-06,1.2178538280508053e-06,1.5437709027280255e-06
214,18,0.99999981404701332,-1.8595300391412794e-07,1.8595300391412794e-07,0.99999989603151074,-1.0396849462674639e-07,1.0396849462674639e-07,8.1984509287381558e-08
215,16867,0.9999964653916108,-3.5346146358926578e-06,3.5346146358926578e-06,0.9999972877367167,-2.7122669614382766e-06,2.7122669614382766e-06,8.2234767445438117e-07
216,49784,0.99996802526562156,-3.1975245581197201e-05,3.1975245581197201e-05,0.99998311945021412,-1.6880692263917097e-05,1.6880692263917097e-05,1.5094553317280105e-05
217,3280,0.99999730369004014,-2.6963135948764749e-06,2.6963135948764749e-06,0.99999778387829741,-2.2161241581693935e-06,2.2161241581693935e-06,4.8018943670708138e-07
218,13,0.93610337334424343,-0.066029366995672564,0.066029366995672564,0.96094127626919545,-0.039841978778847854,0.039841978778847854,0.02618738821682471
219,71343,0.99773120629702072,-0.002271371314863645,0.002271371314863645,0.99835551852382309,-0.0016458351200713806,0.0016458351200713806,0.00062553619479226445
220,22620,0.94249816604559711,-0.059221305502079651,0.059221305502079651,0.95366793676025952,-0.047439742800681334,0.047439742800681334,0.011781562701398317
221,82,0.99999914093846376,-8.5906190521172906e-07,8.5906190521172906e-07,0.99999953555101995,-4.644490879129953e-07,4.644490879129953e-07,3.9461281729873376e-07
222,14454,0.99992069143725282,-7.9311707837551986e-05,7.9311707837551986e-05,0.99996934864855314,-3.0651821209109938e-05,3.0651821209109938e-05,4.8659886628442048e-05
223,304,0.99999766589241812,-2.3341103059294203e-06,2.3341103059294203e-06,0.99999808953123581,-1.9104705890960846e-06,1.9104705890960846e-06,4.2363971683333571e-07
224,279,0.9999947322268028,-5.2677870719696816e-06,5.2677870719696816e-06,0.99999636872320175,-3.6312833913672941e-06,3.6312833913672941e-06,1.6365036806023875e-06
225,4553,0.99999432108650854,-5.6789296165092936e-06,5.6789296165092936e-06,0.9999961471932588,-3.8528141632281623e-06,3.8528141632281623e-06,1.8261154532811313e-06
226,9909,0.033499460502514594,-3.3962259446833429,3.3962259446833429,0.99987174996081829,-0.00012825826392124867,0.00012825826392124867,3.3960976864194219
227,16867,0.99998099703083121,-1.9003149727487144e-05,1.9003149727487144e-05,0.99999490531095281,-5.0947020251901713e-06,5.0947020251901713e-06,1.3908447702296972e-05
228,58309,0.99988893303319204,-0.00011107313520022237,0.00011107313520022237,0.99995639954316007,-4.3601407367490081e-05,4.3601407367490081e-05,6.747172783273228e-05
229,527,0.9999455636985598,-5.4437783149437601e-05,5.4437783149437601e-05,0.99999315953739332,-6.8404860027421675e-06,6.8404860027421675e-06,4.7597297146695431e-05
230,12893,0.99998382943833053,-1.6170692414392474e-05,1.6170692414392474e-05,0.99998012637719302,-1.9873820290025915e-05,1.9873820290025915e-05,-3.7031278756334406e-06
231,264,0.9999978745825292,-2.1254197294799914e-06,2.1254197294799914e-06,0.99999910050139418,-8.9949901040313097e-07,8.9949901040313097e-07,1.2259207190768605e-06
232,836,0.99999469501549232,-5.3049985791949591e-06,5.3049985791949591e-06,0.99999785663684182,-2.1433654551626759e-06,2.1433654551626759e-06,3.1616331240322832e-06
233,555,0.99999923939129831,-7.6060899096282931e-07,7.6060899096282931e-07,0.99999937182423748,-6.2817595978887176e-07,6.2817595978887176e-07,1.3243303117395755e-07
234,279,0.99999865046870307,-1.3495322075255643e-06,1.3495322075255643e-06,0.99999841854112181,-1.5814601286766275e-06,1.5814601286766275e-06,-2.3192792115106326e-07
235,27286,0.99999867679015442,-1.3232107210719132e-06,1.3232107210719132e-06,0.99999912873765429,-8.7126272522411128e-07,8.7126272522411128e-07,4.5194799584780195e-07
236,14221,0.99650623699128094,-0.003499880451452574,0.003499880451452574,0.99999573909897232,-4.2609101053508113e-06,4.2609101053508113e-06,0.0034956195413472233
237,78149,0.9999968796850105,-3.1203198577328592e-06,3.1203198577328592e-06,0.99999883009321278,-1.169907471564883e-06,1.169907471564883e-06,1.9504123861679762e-06
238,5955,0.99997554690346435,-2.4453395517498511e-05,2.4453395517498511e-05,0.99999794691784005,-2.053084267552183e-06,2.053084267552183e-06,2.2400311249946327e-05
239,13,0.99377822744117228,-0.0062412084447601912,0.0062412084447601912,0.98561835726596425,-0.014486060903561485,0.014486060903561485,-0.0082448524588012925
240,71343,0.99964559327510261,-0.00035446954180296675,0.00035446954180296675,0.99956575456570829,-0.00043433974614428048,0.00043433974614428048,-7.9870204341313733e-05
241,39300,0.99993398638506004,-6.6015793934492108e-05,6.6015793934492108e-05,0.99991104199831804,-8.8961958679616409e-05,8.8961958679616409e-05,-2.2946164745124301e-05
242,919,0.99999990862257515,-9.1377429000748214e-08,9.1377429000748214e-08,0.99999991646371911,-8.3536284397887201e-08,8.3536284397887201e-08,7.8411446028610129e-09
243,304,0.99995549334792122,-4.4507642529160892e-05,4.4507642529160892e-05,0.99999033008570393,-9.6699610500503473e-06,9.6699610500503473e-06,3.4837681479110548e-05
244,420,0.99995054833528763,-4.9452887486242265e-05,4.9452887486242265e-05,0.99999415103519573,-5.8489819095732852e-06,5.8489819095732852e-06,4.360390557666898e-05
245,58309,0.99996241202209124,-3.7588684354546217e-05,3.7588684354546217e-05,0.99998383206902086,-1.6168061681554807e-05,1.6168061681554807e-05,2.142062267299141e-05
246,41223,0.99998456568281691,-1.5434436293344946e-05,1.5434436293344946e-05,0.99999358829390128,-6.4117266537820562e-06,6.4117266537820562e-06,9.0227096395628898e-06
247,555,0.99999933999327162,-6.6000694622817292e-07,6.6000694622817292e-07,0.9999995710435835,-4.2895650846041512e-07,4.2895650846041512e-07,2.310504377677578e-07
248,279,0.99999806231887678,-1.9376830005751204e-06,1.9376830005751204e-06,0.99999817610360886,-1.8238980543980707e-06,1.8238980543980707e-06,1.1378494617704968e-07
249,30833,0.99997585670102029,-2.4143590433821358e-05,2.4143590433821358e-05,0.99997808561232882,-2.1914627794925028e-05,2.1914627794925028e-05,2.2289626388963298e-06
250,14221,0.99872436301197898,-0.0012764513054729697,0.0012764513054729697,0.99998946628825991,-1.0533767220010813e-05,1.0533767220010813e-05,0.0012659175382529588
251,78149,0.99992108382104616,-7.8919292999310016e-05,7.8919292999310016e-05,0.99999433137932603,-5.668636740626331e-06,5.668636740626331e-06,7.3250656258683685e-05
252,27956,0.99994517432593477,-5.4827177047410534e-05,5.4827177047410534e-05,0.99994411159525254,-5.5889966562602017e-05,5.5889966562602017e-05,-1.0627895151914824e-06
253,5955,0.99999466765831369,-5.3323559033128082e-06,5.3323559033128082e-06,0.9999965403991582,-3.4596068262279309e-06,3.4596068262279309e-06,1.8727490770848773e-06
254,320,0.96130537631843693,-0.039463151167827504,0.039463151167827504,0.9999209827974328,-7.9020324590815596e-05,7.9020324590815596e-05,0.039384130843236685
255,82281,0.99980582015092956,-0.00019419870441828976,0.00019419870441828976,0.99992794152431153,-7.2061072025136723e-05,7.2061072025136723e-05,0.00012213763239315303
256,26538,0.9999404351429233,-5.9566631133225751e-05,5.9566631133225751e-05,0.9999885031800696,-1.1496886019333088e-05,1.1496886019333088e-05,4.8069745113892661e-05
257,8,0.99997273721601454,-2.7263155621915433e-05,2.7263155621915433e-05,0.99999788382779053,-2.1161744485622255e-06,2.1161744485622255e-06,2.5146981173353207e-05
258,617,0.9999832247220799,-1.6775418626647735e-05,1.6775418626647735e-05,0.99998837721147837,-1.162285606679994e-05,1.162285606679994e-05,5.1525625598477951e-06
259,279,0.99996234042485521,-3.7660284284415197e-05,3.7660284284415197e-05,0.99999411267328553,-5.887344044856809e-06,5.887344044856809e-06,3.1772940239558392e-05
260,330,0.99834418863512731,-0.0016571837356447287,0.0016571837356447287,0.99939521507672247,-0.00060496787944900579,0.00060496787944900579,0.0010522158561957228
261,54,0.9991505269647879,-0.00084983404188898918,0.00084983404188898918,0.9994863102074002,-0.00051382177640240398,0.00051382177640240398,0.0003360122654865852
262,1,0.99993212613908877,-6.7876164446010505e-05,6.7876164446010505e-05,0.99997564529056227,-2.4355006018461994e-05,2.4355006018461994e-05,4.3521158427548511e-05
263,21166,0.99998638939945828,-1.3610693166745931e-05,1.3610693166745931e-05,0.99998123023903995,-1.8769937114189104e-05,1.8769937114189104e-05,-5.1592439474431727e-06
264,3779,1.2760173542548e-07,-15.874351865615042,15.874351865615042,0.99999025847452472,-9.7415729242067663e-06,9.7415729242067663e-06,15.874342124042117
265,311,0.9275209184588814,-0.075239931160394,0.075239931160394,0.9999994814316,-5.185685344379732e-07,5.185685344379732e-07,0.075239412591859567
266,872,0.86335233964679869,-0.14693239816408868,0.14693239816408868,0.99999869474605163,-1.3052548001611478e-06,1.3052548001611478e-06,0.14693109290928852
267,1396,0.030610914047812344,-3.4863986653856331,3.4863986653856331,0.99999802389726777,-1.9761046847175551e-06,1.9761046847175551e-06,3.4863966892809484
268,13,0.91629826779527124,-0.087413347446815864,0.087413347446815864,0.99654230555242684,-0.0034636860885156324,0.0034636860885156324,0.083949661358300232
269,71343,0.936057241330849,-0.066078649106451129,0.066078649106451129,0.99963266157428776,-0.00036740591099885536,0.00036740591099885536,0.065711243195452268
270,39300,0.99812127389086391,-0.0018804931285431542,0.0018804931285431542,0.99996014626767094,-3.9854526510186139e-05,3.9854526510186139e-05,0.0018406386020329681
271,919,0.99998524690193979,-1.4753206888227701e-05,1.4753206888227701e-05,0.9999990053351403,-9.9466535433922429e-07,9.9466535433922429e-07,1.3758541533888478e-05
272,430,0.99920714316824877,-0.00079317130896368229,0.00079317130896368229,0.99999959206805233,-4.0793203088390088e-07,4.0793203088390088e-07,0.00079276337693279838
273,3810,0.99994390891584606,-5.6092657317575801e-05,5.6092657317575801e-05,0.99999674820279849,-3.2518024886016539e-06,3.2518024886016539e-06,5.2840854828974149e-05
274,477,2.6456585242679943e-06,-12.842590554164266,12.842590554164266,0.99999988066282963,-1.1933717745800155e-07,1.1933717745800155e-07,12.842590434827089
275,1376,0.3576027475779921,-1.0283325523286482,1.0283325523286482,0.99999933304122368,-6.6695899876777931e-07,6.6695899876777931e-07,1.0283318853696495
276,304,0.41426689313661008,-0.88124484345478171,0.88124484345478171,0.99999909331874803,-9.066816630506744e-07,9.066816630506744e-07,0.88124393677311863
277,279,0.99644933816509373,-0.0035569803957884588,0.0035569803957884588,0.99999887592299352,-1.1240776382450847e-06,1.1240776382450847e-06,0.0035558563181502137
278,57281,0.98006548923086656,-0.020135883804477877,0.020135883804477877,0.9999788992782368,-2.1100944386545004e-05,2.1100944386545004e-05,0.020114782860091333
279,3158,0.36449273661708026,-1.0092486547084292,1.0092486547084292,0.99989888896273427,-0.00010111614933130155,0.00010111614933130155,1.0091475385590978
280,315,0.9998221980022215,-0.00017781780642763705,0.00017781780642763705,0.99999969663327681,-3.0336676920843456e-07,3.0336676920843456e-07,0.00017751443965842862
281,12014,0.999880083339311,-0.00011992385126662931,0.00011992385126662931,0.999997480167516,-2.5198356588037622e-06,2.5198356588037622e-06,0.00011740401560782555
282,527,0.98538467389139783,-0.014723182178331091,0.014723182178331091,0.9999985360306638,-1.4639704077710689e-06,1.4639704077710689e-06,0.014721718207923319
283,12893,0.95511040705053207,-0.04592833570667048,0.04592833570667048,0.9999687033317316,-3.1297158019377709e-05,3.1297158019377709e-05,0.045897038548651105
284,264,0.99529411545140356,-0.0047169920841754415,0.0047169920841754415,0.99999911763922433,-8.8236116498562602e-07,8.8236116498562602e-07,0.0047161097230104558
285,836,0.67057002952794176,-0.39962713797386629,0.39962713797386629,0.99999696068750121,-3.0393171175577877e-06,3.0393171175577877e-06,0.39962409865674875
286,555,0.99579994629020963,-0.0042088987103791019,0.0042088987103791019,0.99999916396611566,-8.3603423386353305e-07,8.3603423386353305e-07,0.0042080626761452381
287,279,0.6864253612649468,-0.37625778326113596,0.37625778326113596,0.99999646514621954,-3.5348600280644817e-06,3.5348600280644817e-06,0.37625424840110788
288,57281,0.99813176417493576,-0.0018699831542344249,0.0018699831542344249,0.9999747961496428,-2.5204167979567225e-05,2.5204167979567225e-05,0.0018447789862548578
289,87597,0.99959280441720633,-0.00040727850942735009,0.00040727850942735009,0.9999934155248783,-6.5844967995016808e-06,6.5844967995016808e-06,0.00040069401262784842
290,11,0.99976696193449743,-0.00023306522309176614,0.00023306522309176614,0.99999825904196094,-1.7409595545027142e-06,1.7409595545027142e-06,0.00023132426353726342
291,4323,0.99964028228569246,-0.00035978242824420665,0.00035978242824420665,0.99998936669379623,-1.0633362737808235e-05,1.0633362737808235e-05,0.00034914906550639842
292,91004,0.99939862046602668,-0.00060156043517577433,0.00060156043517577433,0.99958537551332982,-0.00041471046716993072,0.00041471046716993072,0.00018684996800584361
293,323,0.91122098515737249,-0.092969836871410555,0.092969836871410555,0.99745954455922492,-0.0025436878734262903,0.0025436878734262903,0.090426148997984263
294,39616,0.99942681618983498,-0.00057334814280333567,0.00057334814280333567,0.99998424970270228,-1.5750421334967844e-05,1.5750421334967844e-05,0.00055759772146836786
295,14609,0.99994394222682081,-5.6059344474911337e-05,5.6059344474911337e-05,0.99994393127134351,-5.607030056640769e-05,5.607030056640769e-05,-1.0956091496353308e-08
296,950,0.99999958234788988,-4.1765219731780656e-07,4.1765219731780656e-07,0.9999996289328088,-3.7106726001825251e-07,3.7106726001825251e-07,4.6584937299554049e-08
297,8471,0.99989781808318323,-0.00010218713774445593,0.00010218713774445593,0.99998835021510868,-1.1649852750625618e-05,1.1649852750625618e-05,9.0537284993830311e-05
298,17128,0.99963316168461724,-0.0003669056170173394,0.0003669056170173394,0.99997289053274796,-2.710983472025637e-05,2.710983472025637e-05,0.00033979578229708301
299,477,8.4890527210948341e-05,-9.3741480467147955,9.3741480467147955,0.97351050496739588,-0.026846663301144012,0.026846663301144012,9.3473013834136509
300,393,0.96839368150077987,-0.032116578618598519,0.032116578618598519,0.99999801210247052,-1.98789950533056e-06,1.98789950533056e-06,0.032114590719093186
301,1929,0.99986952813832342,-0.00013048037387032279,0.00013048037387032279,0.99999943491211152,-5.6508804812005713e-07,5.6508804812005713e-07,0.00012991528582220272
302,80692,0.99660780206593114,-0.0033979644820219443,0.0033979644820219443,0.99996195840610813,-3.8042317491633786e-05,3.8042317491633786e-05,0.0033599221645303104
303,382,0.81514217797439026,-0.20439272945384887,0.20439272945384887,0.60671093516064278,-0.49970282019657442,0.49970282019657442,-0.29531009074272552
304,791,0.45904552192320003,-0.77860589753596832,0.77860589753596832,0.44451499361613417,-0.81077149317719499,0.81077149317719499,-0.032165595641226674
305,220,0.55155619772332354,-0.59501154570970327,0.59501154570970327,0.5533431141144427,-0.59177701034543984,0.59177701034543984,0.0032345353642634356
306,1049,0.9999499014762645,-5.009977870839913e-05,5.009977870839913e-05,0.99999848104582756,-1.5189553260936756e-06,1.5189553260936756e-06,4.8580823382305451e-05
307,18,0.99996582262174205,-3.4177962317886627e-05,3.4177962317886627e-05,0.99999863217371443,-1.3678272210416232e-06,1.3678272210416232e-06,3.2810135096845006e-05
308,16867,0.99235927477597929,-0.0076700651125627094,0.0076700651125627094,0.99972979608362167,-0.00027024042803372347,0.00027024042803372347,0.0073998246845289857
309,13892,0.98908085795232614,-0.010979193418936523,0.010979193418936523,0.99984830631804811,-0.00015170518860217768,0.00015170518860217768,0.010827488230334345
310,78149,0.99997357932735687,-2.6421021675246979e-05,2.6421021675246979e-05,0.99999887446834756,-1.1255322858988004e-06,1.1255322858988004e-06,2.529548938934818e-05
311,3280,0.99993570901222883,-6.4293054525349841e-05,6.4293054525349841e-05,0.99999867230155148,-1.3276993299356296e-06,1.3276993299356296e-06,6.296535519541421e-05
312,574,0.89159875293745505,-0.11473907615079237,0.11473907615079237,0.98711813494697886,-0.012965555781986592,0.012965555781986592,0.10177352036880578
313,18057,0.59879060816404739,-0.51284331098844427,0.51284331098844427,0.65743664029341919,-0.4194068841463276,0.4194068841463276,0.093436426842116671
314,291,0.49719983610634849,-0.69876324897888453,0.69876324897888453,0.53016678498242487,-0.63456363329397147,0.63456363329397147,0.064199615684913058
315,555,0.877465002670339,-0.13071820743422871,0.13071820743422871,0.95915842194135348,-0.041699022808246965,0.041699022808246965,0.08901918462598174
316,3892,0.94358175595195959,-0.058072266150198948,0.058072266150198948,0.97155236420237689,-0.028860111254500338,0.028860111254500338,0.02921215489569861
317,5315,0.38147308902055477,-0.96371497066559131,0.96371497066559131,0.41123104125665505,-0.88860007825297527,0.88860007825297527,0.075114892412616041
318,11,0.89981159176458281,-0.10556988005681951,0.10556988005681951,0.98651225170697854,-0.013579534228134104,0.013579534228134104,0.091990345828685413
319,2737,0.99532494224366619,-0.0046860200183289598,0.0046860200183289598,0.99987389419293304,-0.00012611375907277167,0.00012611375907277167,0.0045599062592561884
320,279,0.9963974667225477,-0.0036090380275447488,0.0036090380275447488,0.9991384270604855,-0.00086194430680150023,0.00086194430680150023,0.0027470937207432484
321,71343,0.085336257938212853,-2.4611558510445484,2.4611558510445484,0.87233195334203806,-0.13658524707545458,0.13658524707545458,2.3245706039690939
322,22620,0.99991087733833395,-8.9126633326480886e-05,8.9126633326480886e-05,0.99999159901951762,-8.40101577084938e-06,8.40101577084938e-06,8.0725617555631507e-05
323,32388,0.99992752819776409,-7.2474428443805185e-05,7.2474428443805185e-05,0.99999429518891958,-5.7048273529395494e-06,5.7048273529395494e-06,6.6769601090865637e-05
324,320,0.96042156285103075,-0.040382962938901507,0.040382962938901507,0.99988126978488179,-0.00011873726410814918,0.00011873726410814918,0.040264225674793361
325,10155,0.99962948381750449,-0.00037058484057607481,0.00037058484057607481,0.99990660763405537,-9.339672728321084e-05,9.339672728321084e-05,0.00027718811329286396
326,49,0.99999634923250003,-3.6507741640064528e-06,3.6507741640064528e-06,0.99999995606027625,-4.3939724670416817e-08,4.3939724670416817e-08,3.6068344393360362e-06
327,8,0.99995859769864592,-4.1403158453024915e-05,4.1403158453024915e-05,0.99999948162534613,-5.183747881861302e-07,5.183747881861302e-07,4.0884783664838781e-05
328,73547,0.99680934913441743,-0.0031957518452422327,0.0031957518452422327,0.99997959605317976,-2.0404154983575794e-05,2.0404154983575794e-05,0.0031753476902586569
329,323,0.94405841708639282,-0.057567232244507688,0.057567232244507688,0.99793732252913858,-0.0020648077198843805,0.0020648077198843805,0.055502424524623305
330,279,0.9993089087499808,-0.00069133016365753846,0.00069133016365753846,0.99998180426075312,-1.819590479133733e-05,1.819590479133733e-05,0.00067313425886620108
331,4409,0.99750914700223647,-0.0024939603331079136,0.0024939603331079136,0.9998714159105524,-0.00012859235709039189,0.00012859235709039189,0.0023653679760175217
332,3907,0.99999499928890001,-5.0007236035688483e-06,5.0007236035688483e-06,0.99999947607579864,-5.2392433855535848e-07,5.2392433855535848e-07,4.4767992650134901e-06
333,315,0.99999704754964336,-2.9524547151697664e-06,2.9524547151697664e-06,0.99999992273676397,-7.7263239041699897e-08,7.7263239041699897e-08,2.8751914761280663e-06
334,19730,0.99994141689383254,-5.8584822224682274e-05,5.8584822224682274e-05,0.99998847224614251,-1.1527820302499246e-05,1.1527820302499246e-05,4.7057001922183028e-05
335,18711,0.9999781480292308,-2.1852209526958988e-05,2.1852209526958988e-05,0.99999945749906682,-5.4250108034247945e-07,5.4250108034247945e-07,2.1309708446616508e-05
336,13,0.99532117854370938,-0.0046898014035962879,0.0046898014035962879,0.99997066716131744,-2.933326889874078e-05,2.933326889874078e-05,0.0046604681346975475
337,578,0.9818152277660156,-0.01835214742955887,0.01835214742955887,0.99326745595727228,-0.0067553098561340388,0.0067553098561340388,0.011596837573424831
338,75771,0.99836868111518129,-0.0016326509343327837,0.0016326509343327837,0.99949129683675975,-0.00050883259659170287,0.00050883259659170287,0.0011238183377410807
339,73547,0.95807064938937558,-0.042833756977432962,0.042833756977432962,0.99173325876657192,-0.0083011002277074489,0.0083011002277074489,0.034532656749725513
340,11136,0.99103462997701108,-0.0090058007853862296,0.0090058007853862296,0.99835487434303383,-0.0016464803621571435,0.0016464803621571435,0.0073593204232290862
341,459,0.96311211067072411,-0.037585455818100209,0.037585455818100209,0.99530588102713058,-0.004705170949092655,0.004705170949092655,0.032880284869007556
342,11838,0.99991299939600453,-8.700438876757134e-05,8.700438876757134e-05,0.99999736364487979,-2.6363585954551677e-06,2.6363585954551677e-06,8.4368030172116178e-05
343,2134,0.98714826222837304,-0.012935035806121523,0.012935035806121523,0.99975889410517083,-0.00024113496552823787,0.00024113496552823787,0.012693900840593285
344,18057,0.99998939226023142,-1.0607796031030675e-05,1.0607796031030675e-05,0.99999783416895005,-2.1658333953339556e-06,2.1658333953339556e-06,8.4419626356967201e-06
345,389,0.95713399812346378,-0.043811878393130665,0.043811878393130665,0.95880222687272876,-0.042070453862309586,0.042070453862309586,0.0017414245308210799
346,5587,0.99974408854536045,-0.00025594420556350873,0.00025594420556350873,0.99998494900772894,-1.505110553839244e-05,1.505110553839244e-05,0.00024089310002511628
347,220,0.99999730194930714,-2.6980543326204609e-06,2.6980543326204609e-06,0.99999995548187304,-4.4518127970070061e-08,4.4518127970070061e-08,2.653536204650391e-06
348,20,0.99986239246088726,-0.00013761700789884337,0.00013761700789884337,0.99999943493112142,-5.6506903822603775e-07,5.6506903822603775e-07,0.00013705193886061733
349,11,0.99997572691448233,-2.4273380113817381e-05,2.4273380113817381e-05,0.99999994389958968,-5.6100411852224347e-08,5.6100411852224347e-08,2.4217279701965157e-05
350,220,0.9995057780554446,-0.00049434411247428506,0.00049434411247428506,0.99999728560204659,-2.7144016374108666e-06,2.7144016374108666e-06,0.00049162971083687422
351,1049,0.99999309491180366,-6.9051120365258162e-06,6.9051120365258162e-06,0.99999998022401204,-1.9775988206870268e-08,1.9775988206870268e-08,6.8853360483189463e-06
352,18,0.99998720982132616,-1.2790260468915655e-05,1.2790260468915655e-05,0.99999987885642105,-1.2114358626316289e-07,1.2114358626316289e-07,1.2669116882652493e-05
353,11,0.99998336459204451,-1.6635546325429292e-05,1.6635546325429292e-05,0.99999965323606521,-3.4676399490323115e-07,3.4676399490323115e-07,1.6288782330526062e-05
354,27401,0.039383550407803232,-3.2344070521966359,3.2344070521966359,0.36406108875761967,-1.0104335991694504,1.0104335991694504,2.2239734530271855
355,279,0.99579538250629562,-0.0042134817537795959,0.0042134817537795959,0.99997499584066585,-2.5004471943388584e-05,2.5004471943388584e-05,0.0041884772818362075
356,29736,0.99995725703668126,-4.2743876825188222e-05,4.2743876825188222e-05,0.99999577707524445,-4.2229336721305117e-06,4.2229336721305117e-06,3.8520943153057712e-05
357,315,0.99999775846340933,-2.2415391029604102e-06,2.2415391029604102e-06,0.99999991640192787,-8.3598075631515829e-08,8.3598075631515829e-08,2.1579410273288944e-06
358,3221,0.99995391188422866,-4.6089177861222859e-05,4.6089177861222859e-05,0.99999933529225138,-6.6470796957141305e-07,6.6470796957141305e-07,4.5424469891651445e-05
359,78526,0.89565610385458827,-0.11019875234442855,0.11019875234442855,0.93345545874088631,-0.068862031395939854,0.068862031395939854,0.041336720948488698
360,35148,0.99991697486891307,-8.3028577863961331e-05,8.3028577863961331e-05,0.99999898152359157,-1.0184769270655713e-06,1.0184769270655713e-06,8.201010093689576e-05
361,32343,0.99984603589556187,-0.00015397595812759483,0.00015397595812759483,0.99993571215977772,-6.4289906774054424e-05,6.4289906774054424e-05,8.9686051353540406e-05
362,606,0.99969024062073086,-0.00030980736461516076,0.00030980736461516076,0.99999989351440899,-1.0648559666624602e-07,1.0648559666624602e-07,0.00030970087901849454
363,5820,0.99997647698075987,-2.3523295910720645e-05,2.3523295910720645e-05,0.99999887219216677,-1.1278084692407153e-06,1.1278084692407153e-06,2.2395487441479929e-05
364,439,0.11900939882428967,-2.1285528072727793,2.1285528072727793,0.5416190668825267,-0.613192353272343,0.613192353272343,1.5153604540004362
365,264,0.99939942639748824,-0.00060075401907705656,0.00060075401907705656,0.99999944244883965,-5.5755131578240451e-07,5.5755131578240451e-07,0.00060019646776127416
366,1121,0.99998280146018448,-1.7198687712077342e-05,1.7198687712077342e-05,0.99999668602327219,-3.3139822190065691e-06,3.3139822190065691e-06,1.3884705493070774e-05
367,315,0.999989605763968,-1.0394290052419009e-05,1.0394290052419009e-05,0.99999972053411035,-2.7946592865018085e-07,2.7946592865018085e-07,1.0114824123768828e-05
368,28448,0.99975686764158156,-0.00024316191988199589,0.00024316191988199589,0.99999758440382625,-2.4155990913032022e-06,2.4155990913032022e-06,0.00024074632079069269
369,21277,0.99973667412957401,-0.00026336054677054087,0.00026336054677054087,0.99998757848956721,-1.2421587580351745e-05,1.2421587580351745e-05,0.00025093895919018911
370,9581,0.99980556088728312,-0.00019445801845192114,0.00019445801845192114,0.99999742078193987,-2.5792213862790653e-06,2.5792213862790653e-06,0.00019187879706564207
371,7479,0.95865073258478595,-0.04222847003424305,0.04222847003424305,0.99999963502843991,-3.6497162670969184e-07,3.6497162670969184e-07,0.042228105062616338
372,20472,0.99854629929519101,-0.0014547583528053162,0.0014547583528053162,0.99999800691502183,-1.9930869643479185e-06,1.9930869643479185e-06,0.0014527652658409683
373,13,0.99828089555284738,-0.001720583802890524,0.001720583802890524,0.99999344320715422,-6.556814341658103e-06,6.556814341658103e-06,0.0017140269885488658
374,578,0.73576126275600595,-0.30684958412842234,0.30684958412842234,0.95705392124340904,-0.043895545079448421,0.043895545079448421,0.26295403904897391
375,18057,0.83518710606757895,-0.1800995001104094,0.1800995001104094,0.92687113970103696,-0.075940730952518409,0.075940730952518409,0.10415876915789099
376,16717,0.99783649477965441,-0.0021658489788642047,0.0021658489788642047,0.99935797292904027,-0.00064223325859640848,0.00064223325859640848,0.0015236157202677962
377,279,0.42164592830182929,-0.8635893495909901,0.8635893495909901,0.99994483030904524,-5.5171212858123425e-05,5.5171212858123425e-05,0.86353417837813196
378,4754,0.023153774547182551,-3.7655974643461811,3.7655974643461811,0.99999898728446479,-1.0127160480360568e-06,1.0127160480360568e-06,3.7655964516301332
379,369,0.99997643721332408,-2.3563064282726648e-05,2.3563064282726648e-05,0.99999925492587827,-7.4507439927648242e-07,7.4507439927648242e-07,2.2817989883450167e-05
380,220,0.99976590333887894,-0.00023412406602140926,0.00023412406602140926,0.99999775817532122,-2.2418271916447754e-06,2.2418271916447754e-06,0.00023188223882976449
381,1627,0.99639590477251627,-0.0036106056261264478,0.0036106056261264478,0.9999087771182732,-9.1227042786942323e-05,9.1227042786942323e-05,0.0035193785833395053
382,12,0.65152727579145664,-0.42843601715168617,0.42843601715168617,0.89673423525980389,-0.10899574258509909,0.10899574258509909,0.31944027456658708
383,1544,0.093404239213240439,-2.3708185470552712,2.3708185470552712,0.40306890049747895,-0.90864776267260927,0.90864776267260927,1.4621707843826619
384,35148,0.9431601262454623,-0.058519205625592124,0.058519205625592124,0.99792804330501894,-0.0020741061668422961,0.0020741061668422961,0.056445099458749828
385,44583,0.99377833771939927,-0.0062410974761176489,0.0062410974761176489,0.99994027710921984,-5.9724674262957052e-05,5.9724674262957052e-05,0.0061813728018546921
386,11,0.89789773784278681,-0.10769909484513117,0.10769909484513117,0.96060628958867611,-0.040190642210203922,0.040190642210203922,0.067508452634927246
387,7863,0.95950700023486268,-0.041335667849831219,0.041335667849831219,0.99450299823726795,-0.005512165873883557,0.005512165873883557,0.035823501975947664
388,311,0.99978178236233073,-0.00021824145060227095,0.00021824145060227095,0.99999905499281461,-9.450076319369132e-07,9.450076319369132e-07,0.00021729644297033404
389,279,0.99942039017692563,-0.00057977786178221163,0.00057977786178221163,0.99999430717944005,-5.6928367641382314e-06,5.6928367641382314e-06,0.00057408502501807345
390,220,0.99517437816016685,-0.0048373027464797885,0.0048373027464797885,0.99989052636407483,-0.00010947962860106616,0.00010947962860106616,0.0047278231178787223
391,605,0.99907584312362152,-0.00092458417262398932,0.00092458417262398932,0.99997099715315163,-2.9003267439104543e-05,2.9003267439104543e-05,0.00089558090518488483
392,12,0.81601305572381788,-0.20332492448448178,0.20332492448448178,0.91921491243058639,-0.08423532930831408,0.08423532930831408,0.1190895951761677
393,323,0.96374992974672291,-0.036923427000348459,0.036923427000348459,0.99098417883114698,-0.0090567096321143795,0.0090567096321143795,0.027866717368234081
394,220,0.99994207923907397,-5.7922438398035958e-05,5.7922438398035958e-05,0.99999686756497375,-3.1324399323100478e-06,3.1324399323100478e-06,5.4789998465725911e-05
395,966,0.99988491376320676,-0.00011509285972229477,0.00011509285972229477,0.99999678069510245,-3.2193100794980813e-06,3.2193100794980813e-06,0.00011187354964279668
396,4771,0.99899943568720873,-0.0010010652114120575,0.0010010652114120575,0.99992311116610233,-7.6891789995605451e-05,7.6891789995605451e-05,0.00092417342141645211
397,5578,0.98032231043658513,-0.019873873188791167,0.019873873188791167,0.99733484195774469,-0.0026687158988564432,0.0026687158988564432,0.017205157289934724
398,315,0.99981205284723007,-0.00018796481704935937,0.00018796481704935937,0.99998491181045568,-1.5088303372192634e-05,1.5088303372192634e-05,0.00017287651367716672
399,220,0.999858158513802,-0.00014185154665291019,0.00014185154665291019,0.99998587350743162,-1.4126592348192904e-05,1.4126592348192904e-05,0.00012772495430471729
400,1544,0.97458180928326377,-0.025746813549646332,0.025746813549646332,0.99820775809312812,-0.0017938498939533568,0.0017938498939533568,0.023952963655692976
401,13,0.77868542032091248,-0.25014813967591115,0.25014813967591115,0.91084053775716467,-0.093387437924889918,0.093387437924889918,0.15676070175102125
402,23,0.97384506218283928,-0.026503061727421614,0.026503061727421614,0.99960540866041048,-0.00039466921123781261,0.00039466921123781261,0.026108392516183802
403,323,0.0016681941617718646,-6.3960135778800282,6.3960135778800282,0.99997685203430686,-2.3148233611415876e-05,2.3148233611415876e-05,6.3959904296464165
404,220,0.9970810485887327,-0.002923219858221129,0.002923219858221129,0.99999737212492612,-2.6278785267019507e-06,2.6278785267019507e-06,0.0029205919796944273
405,1627,0.29796370846738152,-1.2107835835594705,1.2107835835594705,0.99997926080246846,-2.0739412591704775e-05,2.0739412591704775e-05,1.2107628441468787
406,13,0.33234597578443342,-1.1015787569342337,1.1015787569342337,0.99993766139933615,-6.2340543795124927e-05,6.2340543795124927e-05,1.1015164163904385
407,18,0.016507863092065065,-4.1039184605557377,4.1039184605557377,0.99990175731397657,-9.8247512152177353e-05,9.8247512152177353e-05,4.1038202130435852
408,44583,0.96258875398635024,-0.038129005137586471,0.038129005137586471,0.99990050582810519,-9.9499121768218329e-05,9.9499121768218329e-05,0.038029506015818254
409,11,0.60789860910231486,-0.49774717226706611,0.49774717226706611,0.9998330695977008,-0.00016694433672956543,0.00016694433672956543,0.49758022793033652
410,15947,0.99367863474365326,-0.0063414296867879208,0.0063414296867879208,0.99999582221920502,-4.1777895219307194e-06,4.1777895219307194e-06,0.0063372518972659901
411,13,0.93581429157863805,-0.066338228622784143,0.066338228622784143,0.99887023466006231,-0.0011304040058731084,0.0011304040058731084,0.065207824616911034
412,578,0.85561690925939693,-0.15593253892639938,0.15593253892639938,0.99229493469434349,-0.0077349026861322639,0.0077349026861322639,0.14819763624026711
413,1912,0.95517067526615818,-0.045865236913300245,0.045865236913300245,0.96251512554494656,-0.038205498091782246,0.038205498091782246,0.0076597388215179987
414,9408,0.72894543981573201,-0.31615639227674391,0.31615639227674391,0.93093499562057613,-0.071565826247390982,0.071565826247390982,0.24459056602935292
415,872,0.96893748947974923,-0.031555179513068438,0.031555179513068438,0.99939858360301403,-0.00060159732037110957,0.00060159732037110957,0.030953582192697327
416,18057,0.99965221486450206,-0.00034784562677391391,0.00034784562677391391,0.99997420954047989,-2.579079209969953e-05,2.579079209969953e-05,0.00032205483467421441
417,369,0.61033513143677243,-0.49374707687941088,0.49374707687941088,0.9176705960667465,-0.085916780569752979,0.085916780569752979,0.40783029630965789
418,35148,0.55972354759687704,-0.58031228215120556,0.58031228215120556,0.99999359920114184,-6.4008193433252185e-06,6.4008193433252185e-06,0.58030588133186223
419,44583,0.99938987980320593,-0.00061030639586105988,0.00061030639586105988,0.99990813952517077,-9.1864694261060113e-05,9.1864694261060113e-05,0.0005184417015999998
420,311,0.98690835078148542,-0.013178100211151931,0.013178100211151931,0.99986610088208605,-0.00013390808320108829,0.00013390808320108829,0.013044192127950842
421,220,0.99982650310183308,-0.00017351195049481033,0.00017351195049481033,0.99999917028611807,-8.2971422616988973e-07,8.2971422616988973e-07,0.00017268223626864043
422,1627,0.65342730268927007,-0.42552399512147765,0.42552399512147765,0.98598502704279245,-0.014114110049780582,0.014114110049780582,0.41140988507169707
423,13,0.10836718418227377,-2.2222299647540624,2.2222299647540624,0.99602468573034764,-0.0039832368348516906,0.0039832368348516906,2.2182467279192108
424,22,0.034755089014081711,-3.3594292712451757,3.3594292712451757,0.99993758993624893,-6.2412011340089103e-05,6.2412011340089103e-05,3.3593668592338357
425,304,0.90125215065695263,-0.10397020408130102,0.10397020408130102,0.99962280353383781,-0.00037726762264309011,0.00037726762264309011,0.10359293645865793
426,5936,0.89948867257144571,-0.10592881869869571,0.10592881869869571,0.99888171283940941,-0.0011189129102327725,0.0011189129102327725,0.10480990578846293
427,11,0.66467372499662047,-0.40845899783185829,0.40845899783185829,0.93290286706111347,-0.06945419174187209,0.06945419174187209,0.33900480608998618
428,19392,0.0051818887413758999,-5.262585667281912,5.262585667281912,0.70543892243442063,-0.3489350848821523,0.3489350848821523,4.91365058239976
429,264,0.94232419870155992,-0.059405903634810867,0.059405903634810867,0.99999753342954034,-2.4665735016855115e-06,2.4665735016855115e-06,0.059403437061309183
430,10284,0.18944775749678677,-1.6636419785008236,1.6636419785008236,0.99992488200425156,-7.5120817246375295e-05,7.5120817246375295e-05,1.6635668576835771
431,3485,0.972190800716911,-0.028203196751580801,0.028203196751580801,0.99997091426398454,-2.9086159013630479e-05,2.9086159013630479e-05,0.028174110592567171
432,78526,0.93536813369689087,-0.066815101304117164,0.066815101304117164,0.96937029438751121,-0.031108599337765781,0.031108599337765781,0.035706501966351382
433,3280,0.99918611683989655,-0.00081421454281936146,0.00081421454281936146,0.9999989634128057,-1.0365877315195908e-06,1.0365877315195908e-06,0.00081317795508784182
434,13,0.85216440347706923,-0.15997580894001409,0.15997580894001409,0.99705187404236906,-0.0029524802410518143,0.0029524802410518143,0.15702332869896227
435,4452,0.89713497531287711,-0.10854895409307569,0.10854895409307569,0.98659481065329946,-0.013495850024733256,0.013495850024733256,0.095053104068342428
436,11,0.99973525902230198,-0.00026477602777690972,0.00026477602777690972,0.99999964527180507,-3.5472825780118102e-07,3.5472825780118102e-07,0.00026442129951910855
437,65649,0.94800403832308366,-0.053396516901711863,0.053396516901711863,0.99946304010443265,-0.00053710411015937484,0.00053710411015937484,0.052859412791552485
438,304,0.99996160142121482,-3.8399316029525042e-05,3.8399316029525042e-05,0.99999963005824821,-3.6994182024974324e-07,3.6994182024974324e-07,3.80293742092753e-05
439,9581,0.99956501487954008,-0.0004350797539311952,0.0004350797539311952,0.99999851801716177,-1.4819839363295442e-06,1.4819839363295442e-06,0.00043359776999486564
440,7479,0.99772719686161448,-0.0022753898756112962,0.0022753898756112962,0.99999888736669762,-1.1126339213016385e-06,1.1126339213016385e-06,0.0022742772416899947
441,20472,0.99709384581325311,-0.0029103852522329222,0.0029103852522329222,0.99999582341337334,-4.1765953486072299e-06,4.1765953486072299e-06,0.0029062086568843151
442,11,0.003125527772137027,-5.7681521229697417,5.7681521229697417,0.66424920467254733,-0.40909789167443672,0.40909789167443672,5.3590542312953051
443,8104,0.29875510602802274,-1.2081310845752822,1.2081310845752822,0.99996256416604734,-3.7436534690992788e-05,3.7436534690992788e-05,1.2080936480405913
444,1884,0.0017864890526226697,-6.3275030083546424,6.3275030083546424,0.96019161621182192,-0.04062241421708105,0.04062241421708105,6.2868805941375614
445,304,0.36939696633483188,-0.99588342366319416,0.99588342366319416,0.99999996230758181,-3.7692418919560751e-08,3.7692418919560751e-08,0.99588338597077519
446,279,0.88140719401531953,-0.12623556457520255,0.12623556457520255,0.9999996687532855,-3.3124676933006008e-07,3.3124676933006008e-07,0.12623523332843323
447,10913,0.0032874817422936984,-5.7176334351685965,5.7176334351685965,0.99999278378481926,-7.2162412177301775e-06,7.2162412177301775e-06,5.7176262189273785
448,16867,0.92473984100126083,-0.07824283400035642,0.07824283400035642,0.99999642043784354,-3.5795685631066008e-06,3.5795685631066008e-06,0.078239254431793318
449,11,0.83679964317405109,-0.17817061208881244,0.17817061208881244,0.99999891915537842,-1.0808452056448105e-06,1.0808452056448105e-06,0.17816953124360679
450,9057,0.55582982998305186,-0.58729309275939823,0.58729309275939823,0.99998703398576927,-1.2966098290255454e-05,1.2966098290255454e-05,0.58728012666110796
451,279,0.9214155243850195,-0.081844177930029335,0.081844177930029335,0.99995077173100277,-4.9229480748264771e-05,4.9229480748264771e-05,0.081794948449281077
452,1912,0.9742121527380333,-0.026126183105246215,0.026126183105246215,0.99999783731104996,-2.1626912886759965e-06,2.1626912886759965e-06,0.02612402041395754
453,311,0.99825178311044538,-0.0017497468040426276,0.0017497468040426276,0.99999982803116949,-1.7196884525436248e-07,1.7196884525436248e-07,0.0017495748351973731
454,65836,0.98901444049033482,-0.011046346363558102,0.011046346363558102,0.99989721916239249,-0.00010278611991973143,0.00010278611991973143,0.010943560243638371
455,872,0.96352415607964759,-0.037157720264361573,0.037157720264361573,0.99999695309268821,-3.0469119536317964e-06,3.0469119536317964e-06,0.037154673352407942
456,20492,0.94506358099992915,-0.05650307227028515,0.05650307227028515,0.99998987021340147,-1.0129837905136979e-05,1.0129837905136979e-05,0.056492942432380011
457,45578,0.99474239845291779,-0.0052714713701244795,0.0052714713701244795,0.99999746120309974,-2.538800123019405e-06,2.538800123019405e-06,0.0052689325700014597
458,323,0.35533405590248324,-1.0346969294298549,1.0346969294298549,0.99086173386000931,-0.0091802762227452973,0.0091802762227452973,1.0255166532071096
459,16717,0.30066739549038524,-1.2017506235648896,1.2017506235648896,0.53626021724118145,-0.62313575579101055,0.62313575579101055,0.57861486777387905
460,279,0.39749722785522801,-0.92256731886118049,0.92256731886118049,0.9998860893309538,-0.00011391715735915163,0.00011391715735915163,0.92245340170382129
461,19463,0.9424689893093352,-0.059252262790838089,0.059252262790838089,0.99997888833338378,-2.1111889470629768e-05,2.1111889470629768e-05,0.059231150901367463
462,369,0.01202055830226836,-4.4211369031776702,4.4211369031776702,0.99979772054102845,-0.00020229992022061097,0.00020229992022061097,4.4209346032574492
463,264,0.90154057607328097,-0.10365022784164496,0.10365022784164496,0.9999991766987707,-8.2330156818073639e-07,8.2330156818073639e-07,0.10364940454007678
464,10284,0.1483673735804211,-1.9080638269997905,1.9080638269997905,0.9999894666389223,-1.0533416553989118e-05,1.0533416553989118e-05,1.9080532935832366
465,3770,0.99693369453918534,-0.0030710162075945264,0.0030710162075945264,0.9999848106388961,-1.5189476463434572e-05,1.5189476463434572e-05,0.0030558267311310916
466,78526,0.93724497431795484,-0.064810585537915591,0.064810585537915591,0.99975007656429893,-0.0002499546717674922,0.0002499546717674922,0.064560630866148105
467,13892,0.043179546374926409,-3.1423883593946971,3.1423883593946971,0.99999881058083895,-1.1894198684488604e-06,1.1894198684488604e-06,3.1423871699748287
468,78149,0.99990203495140917,-9.796984747958786e-05,9.796984747958786e-05,0.99999835590562458,-1.6440957269531137e-06,1.6440957269531137e-06,9.6325751752634748e-05
469,3280,0.9900861297491701,-0.0099633398911234319,0.0099633398911234319,0.99999902967548648,-9.7032498433090363e-07,9.7032498433090363e-07,0.0099623695661391013
470,304,0.57928917790815837,-0.54595348237952124,0.54595348237952124,0.99999372571377032,-6.2743059131350331e-06,6.2743059131350331e-06,0.54594720807360808
471,872,0.37179748300250021,-0.98940597347967663,0.98940597347967663,0.99982159843679408,-0.00017841747865767756,0.00017841747865767756,0.98922755600101897
472,5651,0.96123223866435248,-0.039539235665264377,0.039539235665264377,0.9999714956023027,-2.8504803955345852e-05,2.8504803955345852e-05,0.039510730861309032
473,18057,0.94504521443523026,-0.056522506669769275,0.056522506669769275,0.99998850797883232,-1.149208720141666e-05,1.149208720141666e-05,0.05651101458256786
474,13,0.6742453497612575,-0.39416121389189157,0.39416121389189157,0.98522618127676342,-0.014884038508296506,0.014884038508296506,0.37927717538359507
475,362,0.23129012074831781,-1.4640824225102809,1.4640824225102809,0.99707546944454017,-0.002928815350994215,0.002928815350994215,1.4611536071592865
476,10205,0.9430500773143492,-0.05863589350166263,0.05863589350166263,0.99999813470459198,-1.865297147681292e-06,1.865297147681292e-06,0.058634028204514951
477,304,0.99471613992812491,-0.0052978690298774531,0.0052978690298774531,0.99999978999431616,-2.1000570586742759e-07,2.1000570586742759e-07,0.0052976590241715854
478,9581,0.93674410691943866,-0.065345132313515672,0.065345132313515672,0.99999893446925903,-1.0655313086088645e-06,1.0655313086088645e-06,0.065344066782207069
479,7479,0.97483658003077767,-0.025485432257296766,0.025485432257296766,0.99999657789907159,-3.4221067838478545e-06,3.4221067838478545e-06,0.025482010150512917
480,20472,0.96490773704762889,-0.035722791491077883,0.035722791491077883,0.99999758251870441,-2.4174842176879483e-06,2.4174842176879483e-06,0.035720374006860192
481,304,0.23589049289493924,-1.4443875948009826,1.4443875948009826,0.99999865226081563,-1.3477400925990638e-06,1.3477400925990638e-06,1.4443862470608899
482,279,0.8249826778977154,-0.19239288935550314,0.19239288935550314,0.99999974166108474,-2.5833894861484271e-07,2.5833894861484271e-07,0.19239263101655452
483,2768,0.079416787673769668,-2.5330455014180027,2.5330455014180027,0.99999689667463587,-3.1033301794243731e-06,3.1033301794243731e-06,2.5330423980878232
484,4038,0.93790121507932811,-0.064110649936227088,0.064110649936227088,0.99999700823039517,-2.9917740802005612e-06,2.9917740802005612e-06,0.064107658162146891
485,29746,0.8069653278373955,-0.21447457590110749,0.21447457590110749,0.9998424276424015,-0.00015758477342676114,0.00015758477342676114,0.21431699112768074
486,279,0.94604722887624493,-0.055462786360134346,0.055462786360134346,0.99999904964118091,-9.5035927066003337e-07,9.5035927066003337e-07,0.055461836000863685
487,79482,0.8209187727705477,-0.19733111136637652,0.19733111136637652,0.9999718328135806,-2.8167583122088972e-05,2.8167583122088972e-05,0.19730294378325441
488,1912,0.98826989185269931,-0.011799448646974544,0.011799448646974544,0.99999862660294592,-1.3733979972404719e-06,1.3733979972404719e-06,0.011798075248977304
489,311,0.99197168755099929,-0.0080607128797622208,0.0080607128797622208,0.99999934396843604,-6.5603177909498418e-07,6.5603177909498418e-07,0.0080600568479831259
490,3131,0.19917978253871266,-1.6135474322619856,1.6135474322619856,0.99998054670748004,-1.9453481737700104e-05,1.9453481737700104e-05,1.6135279787802479
491,1578,0.97250043900153338,-0.027884752074179051,0.027884752074179051,0.99999342451315021,-6.5755084683908013e-06,6.5755084683908013e-06,0.02787817656571066
492,4933,0.14249647031578494,-1.9484380492939961,1.9484380492939961,0.99998912008904783,-1.0879970138831707e-05,1.0879970138831707e-05,1.9484271693238573
493,872,0.98479884710502741,-0.015317874802030828,0.015317874802030828,0.99999835257734215,-1.6474240148941938e-06,1.6474240148941938e-06,0.015316227378015933
494,51165,0.57141240351218758,-0.55964408218937312,0.55964408218937312,0.999982739452145,-1.7260696819997412e-05,1.7260696819997412e-05,0.55962682149255316
495,311,0.032825751611387718,-3.4165419615264736,3.4165419615264736,0.99994279147409404,-5.7210162376059229e-05,5.7210162376059229e-05,3.4164847513640977
496,13519,0.029461276750975963,-3.5246785304286252,3.5246785304286252,0.99999258259863089,-7.4174288781327854e-06,7.4174288781327854e-06,3.524671112999747
497,264,0.84140840946071283,-0.17267811327058408,0.17267811327058408,0.99999684891814145,-3.1510868232658497e-06,3.1510868232658497e-06,0.1726749621837608
498,3221,0.96250991957548249,-0.038210906820855386,0.038210906820855386,0.99999230046467613,-7.6995649654980636e-06,7.6995649654980636e-06,0.038203207255889889
499,78526,0.9628098080945745,-0.037899386072163775,0.037899386072163775,0.99992577105646352,-7.4231698640833284e-05,7.4231698640833284e-05,0.037825154373522941
500,3280,0.63580046568667414,-0.45287049806362351,0.45287049806362351,0.99999816931194718,-1.830689728534167e-06,1.830689728534167e-06,0.45286866737389497
501,304,0.46427876386577427,-0.76727012296097619,0.76727012296097619,0.99999715083859075,-2.8491654680992166e-06,2.8491654680992166e-06,0.76726727379550808
502,872,0.94614980455700048,-0.055354366698710487,0.055354366698710487,0.99999864895336732,-1.3510475453330149e-06,1.3510475453330149e-06,0.055353015651165155
503,1620,0.71316190780400746,-0.33804680467751208,0.33804680467751208,0.99999816614647019,-1.8338552112720945e-06,1.8338552112720945e-06,0.33804497082230078
504,6287,0.94514572944142372,-0.056416152328570231,0.056416152328570231,0.99999507624771478,-4.9237644069723625e-06,4.9237644069723625e-06,0.056411228564163259
505,18057,0.88457506665124752,-0.1226478999600121,0.1226478999600121,0.99995196993254742,-4.8031220933163462e-05,4.8031220933163462e-05,0.12259986873907894
506,2713,0.95944606873527549,-0.041399172789678827,0.041399172789678827,0.99999839133380941,-1.6086674845015864e-06,1.6086674845015864e-06,0.041397564122194329
507,11,0.070146069946390582,-2.6571754975755253,2.6571754975755253,0.99981404108054417,-0.00018597621195948525,0.00018597621195948525,2.6569895213635659
508,902,0.21438401294432297,-1.5399864190567401,1.5399864190567401,0.99999683901845482,-3.1609865410424758e-06,3.1609865410424758e-06,1.5399832580701991
509,19698,0.25496369558505311,-1.3666341142140113,1.3666341142140113,0.99993856821436555,-6.1433672643883158e-05,6.1433672643883158e-05,1.3665726805413674
510,220,0.864135162288036,-0.14602608457982824,0.14602608457982824,0.99999860554453279,-1.3944564395081954e-06,1.3944564395081954e-06,0.14602469012338873
511,1544,0.13269930081118528,-2.0196696066014486,2.0196696066014486,0.99999087925151442,-9.1207900798373125e-06,9.1207900798373125e-06,2.0196604858113689
512,35148,0.39064295152700079,-0.93996130363828956,0.93996130363828956,0.99999183214928922,-8.1678840678278232e-06,8.1678840678278232e-06,0.93995313575422168
513,44583,0.88814919099623424,-0.11861554222306792,0.11861554222306792,0.99996022548256702,-3.9775308460045766e-05,3.9775308460045766e-05,0.11857576691460787
514,382,0.44427613495925339,-0.8113089842815765,0.8113089842815765,0.99029892802287744,-0.0097484339326168352,0.0097484339326168352,0.80156055034895968
515,791,0.52031564803452635,-0.65331963611500943,0.65331963611500943,0.80110468704220839,-0.22176364502021334,0.22176364502021334,0.43155599109479609
516,4409,0.91926715706153295,-0.084178494779625926,0.084178494779625926,0.99992381499572625,-7.6187906498634289e-05,7.6187906498634289e-05,0.084102306873127294
517,3907,0.99990688125687832,-9.3123078941025601e-05,9.3123078941025601e-05,0.99999975007873865,-2.4992129262793097e-07,2.4992129262793097e-07,9.2873157648397676e-05
518,315,0.99944814279007155,-0.00055200953916374361,0.00055200953916374361,0.99999987125128931,-1.2874871894688963e-07,1.2874871894688963e-07,0.00055188079044479667
519,19730,0.9998744598158672,-0.00012554806496133426,0.00012554806496133426,0.99999513806293738,-4.8619488818597924e-06,4.8619488818597924e-06,0.00012068611607947446
520,18711,0.9998721705750766,-0.00012783759580068828,0.00012783759580068828,0.99999950069713095,-4.9930299375464175e-07,4.9930299375464175e-07,0.00012733829280693363
521,11136,0.75313644203288466,-0.28350886967776606,0.28350886967776606,0.99780640517967001,-0.0021960042736689869,0.0021960042736689869,0.28131286540409706
522,264,0.99096041725603801,-0.0090806876738387596,0.0090806876738387596,0.99999881264436263,-1.1873563422198699e-06,1.1873563422198699e-06,0.0090795003174965402
523,36899,0.98966468525251505,-0.010389094991035696,0.010389094991035696,0.99999825741906634,-1.7425824519346204e-06,1.7425824519346204e-06,0.010387352408583761
524,22343,0.99469541006280049,-0.0053187092279001315,0.0053187092279001315,0.99999677788115682,-3.2221240341638134e-06,3.2221240341638134e-06,0.0053154871038659677
525,389,0.97585709802245157,-0.024439119249510612,0.024439119249510612,0.99999931899588501,-6.8100434684514831e-07,6.8100434684514831e-07,0.024438438245163768
526,5936,0.99577108102556133,-0.0042378861421647944,0.0042378861421647944,0.99999225964950555,-7.7403804511416366e-06,7.7403804511416366e-06,0.0042301457617136525
527,220,0.99983477670984588,-0.00016523694102560136,0.00016523694102560136,0.99999981508637026,-1.8491364683994068e-07,1.8491364683994068e-07,0.00016505202737876143
528,1187,0.99343141007200053,-0.0065902580529605447,0.0065902580529605447,0.99999977178078281,-2.2821924321840778e-07,2.2821924321840778e-07,0.0065900298337173259
529,11,0.99477579861511312,-0.0052378952387298451,0.0052378952387298451,0.9999999041282569,-9.5871747719039501e-08,9.5871747719039501e-08,0.0052377993669821257
530,220,0.78263447261552099,-0.24508952134446024,0.24508952134446024,0.99999960612438088,-3.9387569664930166e-07,3.9387569664930166e-07,0.2450891274687636
531,1049,0.99988260824572917,-0.00011739864522216894,0.00011739864522216894,0.99999997445980671,-2.5540193633576983e-08,2.5540193633576983e-08,0.00011737310502853536
532,18,0.99971999486414909,-0.0002800443446082932,0.0002800443446082932,0.99999974599877073,-2.5400126151740652e-07,2.5400126151740652e-07,0.00027979034334677579
533,11,0.99277751530308034,-0.0072486931090013796,0.0072486931090013796,0.99999985345445952,-1.4654555116982966e-07,1.4654555116982966e-07,0.0072485465634502099
534,19392,0.96191556748645113,-0.038828599853841045,0.038828599853841045,0.99995025391990888,-4.974731746839128e-05,4.974731746839128e-05,0.03877885253637265
535,279,0.13998526166605801,-1.966218135728381,1.966218135728381,0.99999884025883767,-1.1597418348609057e-06,1.1597418348609057e-06,1.9662169759865462
536,29736,0.6172036667819859,-0.48255621751598637,0.48255621751598637,0.99999848711233397,-1.5128888104520145e-06,1.5128888104520145e-06,0.48255470462717592
537,315,0.97589207406678635,-0.024403278533050996,0.024403278533050996,0.99999985069497954,-1.4930503162766518e-07,1.4930503162766518e-07,0.02440312922801937
538,264,0.99239002738259974,-0.0076390762047046454,0.0076390762047046454,0.999999632145813,-3.6785425467782941e-07,3.6785425467782941e-07,0.0076387083504499678
539,4725,0.95847082944305972,-0.042416150508781239,0.042416150508781239,0.99999931431659916,-6.8568363593456299e-07,6.8568363593456299e-07,0.042415464825145306
540,477,0.0041812802908741458,-5.4771377896597713,5.4771377896597713,0.99999966913989891,-3.308601558280508e-07,3.308601558280508e-07,5.4771374587996151
541,3770,0.19392325133950947,-1.6402928098457565,1.6402928098457565,0.99999377639911669,-6.2236202500111702e-06,6.2236202500111702e-06,1.6402865862255065
542,53183,0.37592664797190489,-0.97836123980493572,0.97836123980493572,0.78231437325163922,-0.24549860739119106,0.24549860739119106,0.73286263241374461
543,3280,0.88835447352203611,-0.11838443374767814,0.11838443374767814,0.99999787344118596,-2.1265610751806192e-06,2.1265610751806192e-06,0.11838230718660296
544,449,0.83027479393467363,-0.18599855595567238,0.18599855595567238,0.99999718314011532,-2.8168638520793075e-06,2.8168638520793075e-06,0.18599573909182029
545,220,0.94211089452415986,-0.059632288909716752,0.059632288909716752,0.99999920351171179,-7.9648860539707388e-07,7.9648860539707388e-07,0.059631492421111355
546,1682,0.93527243907210411,-0.066917413449232854,0.066917413449232854,0.99999876851337777,-1.2314873805166919e-06,1.2314873805166919e-06,0.066916181961852339
547,2860,0.98823404255917269,-0.01183572410578485,0.01183572410578485,0.99999752495239103,-2.4750506719112433e-06,2.4750506719112433e-06,0.011833249055112939
548,35148,0.43346007662872388,-0.83595558243805523,0.83595558243805523,0.99999787002444251,-2.1299778258964961e-06,2.1299778258964961e-06,0.83595345246022934
549,32343,0.96566070259100945,-0.034942746022499444,0.034942746022499444,0.9999697569163658,-3.0243540965483206e-05,3.0243540965483206e-05,0.034912502481533964
550,3233,0.99912866013496349,-0.00087171970227764312,0.00087171970227764312,0.99999954633245025,-4.536676526772342e-07,4.536676526772342e-07,0.00087126603462496586
551,11,0.11684650828118176,-2.1468941005046656,2.1468941005046656,0.99999772130583331,-2.2786967629724432e-06,2.2786967629724432e-06,2.1468918218079027
552,220,0.02841911736348067,-3.5606932136750959,3.5606932136750959,0.99999772457382929,-2.2754287594409553e-06,2.2754287594409553e-06,3.5606909382463363
553,1627,0.12593204369863426,-2.0720128532496118,2.0720128532496118,0.99999974346835663,-2.5653167630422075e-07,2.5653167630422075e-07,2.0720125967179355
554,35148,0.059284870866438896,-2.825401134257171,2.825401134257171,0.99999775500610921,-2.2449964107496978e-06,2.2449964107496978e-06,2.8253988892607604
555,44583,0.82683651325323737,-0.19014829001461878,0.19014829001461878,0.99994263911699921,-5.7362528199193067e-05,5.7362528199193067e-05,0.19009092748641959
556,11,0.7307890469004068,-0.3136304424116127,0.3136304424116127,0.99999928161448537,-7.1838577262342242e-07,7.1838577262342242e-07,0.31362972402584005
557,323,0.90817008741090754,-0.096323596986096938,0.096323596986096938,0.99999999097886716,-9.0211329110682403e-09,9.0211329110682403e-09,0.096323587964964028
558,220,0.97847148664615735,-0.021763632431431045,0.021763632431431045,0.999999757356409,-2.4264362040131469e-07,2.4264362040131469e-07,0.021763389787810644
559,845,0.068045439553566886,-2.6875795682425112,2.6875795682425112,0.9999996273964501,-3.7260361937514654e-07,3.7260361937514654e-07,2.6875791956388917
560,13892,0.98465511013718754,-0.015463841116771527,0.015463841116771527,0.99999237497398141,-7.6250550892724525e-06,7.6250550892724525e-06,0.015456216061682255
561,764,0.99991852947176962,-8.1473847134068999e-05,8.1473847134068999e-05,0.99999964498051563,-3.5501954735687008e-07,3.5501954735687008e-07,8.1118827586712123e-05
562,29639,0.99969714612330707,-0.00030289974618969849,0.00030289974618969849,0.99998029153892931,-1.9708655284931404e-05,1.9708655284931404e-05,0.00028319109090476708
563,13,0.88861086896932284,-0.11809585698938689,0.11809585698938689,0.99999871462789081,-1.285372935336087e-06,1.285372935336087e-06,0.11809457161645155
564,578,0.57429601548353559,-0.55461030917611542,0.55461030917611542,0.9382380446895513,-0.06375158318562392,0.06375158318562392,0.49085872599049152
565,1912,0.71376133300153932,-0.33720664002723477,0.33720664002723477,0.99999736159128705,-2.6384121935484971e-06,2.6384121935484971e-06,0.33720400161504122
566,32828,0.61342824812140895,-0.48869197664826614,0.48869197664826614,0.94074232733725871,-0.061086005441654677,0.061086005441654677,0.42760597120661148
567,872,0.93056716435835773,-0.071961024571533583,0.071961024571533583,0.99999720024790451,-2.7997560147928815e-06,2.7997560147928815e-06,0.071958224815518793
568,51165,0.5478739071684976,-0.60171011491821247,0.60171011491821247,0.99994087739299298,-5.9124354817202839e-05,5.9124354817202839e-05,0.60165099056339522
569,389,0.0041598092356388465,-5.4822860625780061,5.4822860625780061,0.99992996681886637,-7.0035633571362857e-05,7.0035633571362857e-05,5.4822160269444344
570,5651,0.95366433119691951,-0.047443523540304483,0.047443523540304483,0.99997881795418098,-2.1182270161685844e-05,2.1182270161685844e-05,0.047422341270142797
571,220,0.94661519947459127,-0.054862604725112812,0.054862604725112812,0.99999981110295832,-1.8889705947234846e-07,1.8889705947234846e-07,0.054862415828053339
572,1187,0.064919717651375816,-2.7346038855230259,2.7346038855230259,0.99999983999597342,-1.6000403942917594e-07,1.6000403942917594e-07,2.7346037255189866
573,11,0.65978229664191168,-0.41584535194818262,0.41584535194818262,0.99999981250987735,-1.8749014026730647e-07,1.8749014026730647e-07,0.41584516445804237
574,220,0.7975420386506431,-0.22622073267086223,0.22622073267086223,0.99996877557135688,-3.1224916135767195e-05,3.1224916135767195e-05,0.22618950775472646
575,1049,0.99834142329980047,-0.0016599536612757516,0.0016599536612757516,0.99999998896471587,-1.103528418106713e-08,1.103528418106713e-08,0.0016599426259915706
576,18,0.99864688089875775,-0.001354035393555016,0.001354035393555016,0.99999993433223977,-6.5667762403279705e-08,6.5667762403279705e-08,0.0013539697257926126
577,11,0.95842566224496595,-0.042463275847366692,0.042463275847366692,0.99999992564789109,-7.4352111701152018e-08,7.4352111701152018e-08,0.042463201495254989
578,19392,0.18189272376490914,-1.7043381955505517,1.7043381955505517,0.99992854416059895,-7.1458392491128051e-05,7.1458392491128051e-05,1.7042667371580604
579,264,0.53507657816597898,-0.62534540557037965,0.62534540557037965,0.9999985423724963,-1.4576285659909235e-06,1.4576285659909235e-06,0.62534394794181369
580,8275,0.012473696954135798,-4.3841330953743896,4.3841330953743896,0.99999396646468597,-6.0335535158799903e-06,6.0335535158799903e-06,4.3841270618208741
581,5376,0.41318512614530578,-0.88385953912872961,0.88385953912872961,0.99998655053755414,-1.3449552890740912e-05,1.3449552890740912e-05,0.88384608957583888
582,315,0.006729384476253898,-5.0012715992030081,5.0012715992030081,0.99998024877096714,-1.9751424090914588e-05,1.9751424090914588e-05,5.0012518477789172
583,2860,0.016890043907502022,-4.0810309485505307,4.0810309485505307,0.99999868700907801,-1.3129917839668906e-06,1.3129917839668906e-06,4.081029635558747
584,35148,0.60230967328913065,-0.50698355847844845,0.50698355847844845,0.99999767132280293,-2.3286799084682608e-06,2.3286799084682608e-06,0.50698122979853999
585,32343,0.97522651313199205,-0.025085513805654356,0.025085513805654356,0.99997117883608355,-2.8821579254153477e-05,2.8821579254153477e-05,0.025056692226400203
586,3233,0.96448950861680771,-0.036156324231224043,0.036156324231224043,0.99999867631042294,-1.323690453135022e-06,1.323690453135022e-06,0.036155000540770907
587,311,0.62935479544355122,-0.46306011859692087,0.46306011859692087,0.9999999750363926,-2.4963607757992782e-08,2.4963607757992782e-08,0.46306009363331313
588,220,0.99172743051938739,-0.0083069770743886117,0.0083069770743886117,0.99999986264771334,-1.3735229609642098e-07,1.3735229609642098e-07,0.0083068397220925159
589,966,0.62821778171341358,-0.4648683864625075,0.4648683864625075,0.99999980074136974,-1.992586501563559e-07,1.992586501563559e-07,0.46486818720385736
590,13,0.19623517523300291,-1.6284414653869228,1.6284414653869228,0.99845247536686887,-0.0015487232861658537,0.0015487232861658537,1.6268927421007569
591,578,0.09188606064503943,-2.3872059407219686,2.3872059407219686,0.89793733892605798,-0.1076549915933461,0.1076549915933461,2.2795509491286223
592,1912,0.42492640210055899,-0.85583929658173707,0.85583929658173707,0.97041056473658938,-0.030036034420020657,0.030036034420020657,0.8258032621617164
593,574,0.032661582622865115,-3.4215557350858266,3.4215557350858266,0.99996501349141886,-3.4987120623293772e-05,3.4987120623293772e-05,3.4215207479652032
594,13687,0.67597745044918822,-0.39159556081922692,0.39159556081922692,0.57034941510548964,-0.56150609700978238,0.56150609700978238,-0.16991053619055546
595,304,0.93546431326880874,-0.066712281222972389,0.066712281222972389,0.99999975808449293,-2.4191553631816542e-07,2.4191553631816542e-07,0.066712039307436077
596,872,0.71629508042000567,-0.33366307342942425,0.33366307342942425,0.9999977704395524,-2.2295629330327657e-06,2.2295629330327657e-06,0.3336608438664912
597,51165,0.50195878835983121,-0.68923725756111331,0.68923725756111331,0.99998953783795819,-1.0462216770630753e-05,1.0462216770630753e-05,0.68922679534434272
598,369,0.070716941600136127,-2.6490701081923205,2.6490701081923205,0.99999770214682948,-2.2978558105556685e-06,2.2978558105556685e-06,2.64906781033651
599,279,0.71918309880059339,-0.32963929610003073,0.32963929610003073,0.9999995288055612,-4.7119454983271757e-07,4.7119454983271757e-07,0.32963882490548091
600,49017,0.00038163270101074058,-7.8710519275891135,7.8710519275891135,0.99999080369341664,-9.1963488696062245e-06,9.1963488696062245e-06,7.8710427312402436
601,315,0.99642709559276976,-0.0035793024745165471,0.0035793024745165471,0.99999949528464516,-5.047154821594808e-07,5.047154821594808e-07,0.0035787977590343877
602,279,0.96967254471052922,-0.030796847251250134,0.030796847251250134,0.99999917358488766,-8.2641545387057494e-07,8.2641545387057494e-07,0.030796020835796262
603,40505,1.5991791476025618e-06,-13.346020093113266,13.346020093113266,0.99999810832777225,-1.8916740170039837e-06,1.8916740170039837e-06,13.346018201439248
604,16867,0.9871136041443026,-0.01297014572204948,0.01297014572204948,0.99999731873819142,-2.681265403122074e-06,2.681265403122074e-06,0.012967464456646358
605,11,0.1343413077891018,-2.0073716442711822,2.0073716442711822,0.99999785573749511,-2.1442648038286331e-06,2.1442648038286331e-06,2.0073695000063783
606,3582,0.032420571586207259,-3.4289621321635462,3.4289621321635462,0.99906554826390526,-0.00093488860829685769,0.00093488860829685769,3.4280272435552495
607,872,0.19599620472027673,-1.6296599836111556,1.6296599836111556,0.99999890354997767,-1.0964506233782281e-06,1.0964506233782281e-06,1.6296588871605322
608,28175,6.3055033267996792e-06,-11.974087761947786,11.974087761947786,0.99999464947157934,-5.3505427347982702e-06,5.3505427347982702e-06,11.974082411405051
609,51165,0.14305837422768922,-1.9445025206353868,1.9445025206353868,0.99998921287553388,-1.078718264761563e-05,1.078718264761563e-05,1.9444917334527392
610,369,0.47783093981740682,-0.73849829144141144,0.73849829144141144,0.99999965071794927,-3.4928211174121343e-07,3.4928211174121343e-07,0.73849794215929965
611,279,0.62341786237970254,-0.47253825889978168,0.47253825889978168,0.99999981704946894,-1.8295054774025098e-07,1.8295054774025098e-07,0.47253807594923392
612,4987,0.090738404182428026,-2.3997745916055293,2.3997745916055293,0.99999940576331203,-5.9423686457061461e-07,5.9423686457061461e-07,2.3997739973686647
613,5734,0.97048889222300472,-0.029955321855361962,0.029955321855361962,0.99999614174835838,-3.858259084731907e-06,3.858259084731907e-06,0.02995146359627723
614,15379,0.98494114501057217,-0.01517339085352809,0.01517339085352809,0.99998237207995599,-1.7628075417664157e-05,1.7628075417664157e-05,0.015155762778110426
615,1051,0.39646992332444048,-0.92515509620826009,0.92515509620826009,0.99999056263728392,-9.4374072482570945e-06,9.4374072482570945e-06,0.92514565880101185
616,32302,0.00070251020140192004,-7.2608506352932407,7.2608506352932407,0.99998872502158909,-1.1275041973920279e-05,1.1275041973920279e-05,7.2608393602512669
617,1022,0.16835426233955822,-1.7816848153732627,1.7816848153732627,0.99999937418424856,-6.2581594730655768e-07,6.2581594730655768e-07,1.7816841895573154
618,13,0.42556488955330912,-0.85433784070802099,0.85433784070802099,0.59682049477358201,-0.51613888957367937,0.51613888957367937,0.33819895113434162
619,28993,0.0063330544091125323,-5.0619726301200672,5.0619726301200672,0.00058360295489204956,-7.4462896781138461,7.4462896781138461,-2.384317047993779
620,11,0.97037006069419851,-0.030077774369261661,0.030077774369261661,0.99999963871258624,-3.6128747906163196e-07,3.6128747906163196e-07,0.030077413081782599
621,279,0.68666391687624373,-0.37591031042379786,0.37591031042379786,0.99348609076227379,-0.006535217327551337,0.006535217327551337,0.3693750930962465
622,220,0.34045811234608925,-1.0774631790330731,1.0774631790330731,0.86330517811491136,-0.14698702571056374,0.14698702571056374,0.93047615332250933
623,1049,0.99921041792912746,-0.00078989395497874274,0.00078989395497874274,0.9999997917167619,-2.0828325981994182e-07,2.0828325981994182e-07,0.00078968567171892282
624,18,0.99970108811833525,-0.00029895656472568344,0.00029895656472568344,0.9999997676764929,-2.3232353406862183e-07,2.3232353406862183e-07,0.0002987242411916148
625,16867,0.91264705425461345,-0.091406051162096991,0.091406051162096991,0.99999375252461253,-6.2474949030521702e-06,6.2474949030521702e-06,0.091399803667193941
626,13892,0.96331232409031697,-0.03737759568437158,0.03737759568437158,0.99997886672704206,-2.1133496268661313e-05,2.1133496268661313e-05,0.037356462188102915
627,78149,0.9993087914435792,-0.00069144755119156926,0.00069144755119156926,0.99999961108099389,-3.8891908169460584e-07,3.8891908169460584e-07,0.00069105863210987468
628,3280,0.99828763874429172,-0.0017138290220467338,0.0017138290220467338,0.99999577717699906,-4.2228319170672918e-06,4.2228319170672918e-06,0.0017096061901296666
629,574,0.69984249163377543,-0.35689998120946903,0.35689998120946903,0.99998152303010834,-1.847714059292517e-05,1.847714059292517e-05,0.35688150406887609
630,264,0.27791026865665175,-1.2804569920107991,1.2804569920107991,0.84102713289406739,-0.17313135687317571,0.17313135687317571,1.1073256351376233
631,5199,0.069346768287333105,-2.6686357333455675,2.6686357333455675,0.53392696758387026,-0.62749621419931656,0.62749621419931656,2.0411395191462507
632,1567,0.6257263938197557,-0.468842074000693,0.468842074000693,0.96783610574047818,-0.032692518292069497,0.032692518292069497,0.43614955570862352
633,11,0.44750521824517514,-0.80406708045214159,0.80406708045214159,0.89795342847291126,-0.10763707341352605,0.10763707341352605,0.69643000703861557
634,449,0.73398878910409493,-0.30926152418440878,0.30926152418440878,0.98519622292880571,-0.014914446554709299,0.014914446554709299,0.29434707762969947
635,3892,0.47126658060977417,-0.75233135652104699,0.75233135652104699,0.9956579035114892,-0.0043515507669871769,0.0043515507669871769,0.74797980575405987
636,3682,0.17461793399244871,-1.745154926118049,1.745154926118049,0.69598227918232181,-0.36243107991679263,0.36243107991679263,1.3827238462012563
637,44583,0.95711256900135877,-0.043834267486023759,0.043834267486023759,0.99987401624082628,-0.0001259916957940857,0.0001259916957940857,0.043708275790229671
638,28987,0.44748608069404999,-0.80410984634528659,0.80410984634528659,0.45657271989183829,-0.78400729285651494,0.78400729285651494,0.020102553488771657
639,279,0.45624327207415016,-0.78472912033301012,0.78472912033301012,0.73792867823150587,-0.30390810101452909,0.30390810101452909,0.48082101931848104
640,26363,0.8181394841093016,-0.20072243844498319,0.20072243844498319,0.60445437021472181,-0.50342909529207569,0.50342909529207569,-0.30270665684709253
641,11,0.93260936273203721,-0.069768855271609989,0.069768855271609989,0.99998387196860083,-1.6128161457264119e-05,1.6128161457264119e-05,0.069752727110152721
642,6457,0.59536218323211054,-0.51858534731162043,0.51858534731162043,0.81316092573685872,-0.20682624838624683,0.20682624838624683,0.31175909892537357
643,11,0.99838772903618012,-0.0016135720713302394,0.0016135720713302394,0.99999971132514454,-2.8867489717539075e-07,2.8867489717539075e-07,0.001613283396433064
644,5734,0.80059477908415455,-0.22240035369879371,0.22240035369879371,0.99997489472619516,-2.5105588947499376e-05,2.5105588947499376e-05,0.22237524810984621
645,11,0.98019773669997901,-0.020000955527944727,0.020000955527944727,0.99999921137477088,-7.8862554010177891e-07,7.8862554010177891e-07,0.020000166902404626
646,279,0.0018800686484976815,-6.2764469876486002,6.2764469876486002,0.92202249482907328,-0.081185657860830832,0.081185657860830832,6.195261329787769
647,16526,0.93893133369302173,-0.063012929505272597,0.063012929505272597,0.99999567789306643,-4.3221162739397896e-06,4.3221162739397896e-06,0.063008607388998661
648,50714,0.96392268328482811,-0.036744191649490783,0.036744191649490783,0.99999676390206893,-3.2361031672829361e-06,3.2361031672829361e-06,0.036740955546323499
649,11,0.9289785054133104,-0.073669677773634631,0.073669677773634631,0.99999980219057338,-1.9780944613196278e-07,1.9780944613196278e-07,0.073669479964188503
650,2314,3.2329554469758706e-06,-12.642113840022438,12.642113840022438,0.99257150288043339,-0.0074562258113117525,0.0074562258113117525,12.634657614211125
651,5059,0.99773790341286017,-0.0022646589926264438,0.0022646589926264438,0.99999847083986637,-1.5291613028126865e-06,1.5291613028126865e-06,0.002263129831323631
652,2259,0.9988934785424447,-0.001107134104402923,0.001107134104402923,0.99999975620232406,-2.4379770561445473e-07,2.4379770561445473e-07,0.0011068903066973085
653,11,0.88228905063526653,-0.1252355548557158,0.1252355548557158,0.99999884330551481,-1.1566951541514015e-06,1.1566951541514015e-06,0.12523439816056164
654,323,0.86781266076707875,-0.1417794162254892,0.1417794162254892,0.99999993553130329,-6.4468698744111174e-08,6.4468698744111174e-08,0.14177935175679046
655,5370,0.0025086404446371864,-5.9880143281098244,5.9880143281098244,0.99988563899961047,-0.00011436754010733361,0.00011436754010733361,5.9878999605697167
656,30100,0.10124500638017295,-2.2902118939137406,2.2902118939137406,0.99995548435664727,-4.4516634203331736e-05,4.4516634203331736e-05,2.2901673772795372
657,304,0.76120556539491424,-0.27285183224305243,0.27285183224305243,0.99999993279317734,-6.7206824956126725e-08,6.7206824956126725e-08,0.27285176503622749
658,279,0.9803718527661176,-0.019823337689198466,0.019823337689198466,0.99999965148495074,-3.4851510999136492e-07,3.4851510999136492e-07,0.019822989174088475
659,19001,0.097973348618280776,-2.3230597901721399,2.3230597901721399,0.99990749224498521,-9.2512034121083425e-05,9.2512034121083425e-05,2.3229672781380191
660,16867,0.99366761349362609,-0.0063525211108787201,0.0063525211108787201,0.99999671983917005,-3.2801662097081937e-06,3.2801662097081937e-06,0.0063492409446690122
661,13,0.85732915856982195,-0.15393335177991702,0.15393335177991702,0.99988573505066314,-0.00011427147807351673,0.00011427147807351673,0.15381908030184349
662,578,0.025031127225750984,-3.6876351395644451,3.6876351395644451,0.00052902211502574075,-7.5444803216381287,7.5444803216381287,-3.8568451820736835
663,3280,0.8649253298270595,-0.14511209967573319,0.14511209967573319,0.99903563573285281,-0.00096482956553583989,0.00096482956553583989,0.14414727011019735
664,574,0.20563597978370868,-1.5816477617636573,1.5816477617636573,0.49901311712779811,-0.69512289674685634,0.69512289674685634,0.88652486501680094
665,13160,0.37892429405783135,-0.97041884567906644,0.97041884567906644,0.82914964277820769,-0.18735463015103396,0.18735463015103396,0.78306421552803251
666,555,0.99753104624978328,-0.0024720066425288696,0.0024720066425288696,0.99999990742104783,-9.2578956434359604e-08,9.2578956434359604e-08,0.0024719140635724355
667,264,0.19391487504026128,-1.6403360046668933,1.6403360046668933,0.73405863286368667,-0.30916637227228477,0.30916637227228477,1.3311696323946085
668,10284,0.023349251683253247,-3.7571903432071867,3.7571903432071867,0.27868333045010085,-1.277679158087478,1.277679158087478,2.4795111851197085
669,3770,0.97449273113710955,-0.025838219131494422,0.025838219131494422,0.99981414982314398,-0.00018586744914017374,0.00018586744914017374,0.02565235168235425
670,78526,0.92549944448289234,-0.077421747203349198,0.077421747203349198,0.99978797795456609,-0.00021204452528531768,0.00021204452528531768,0.077209702678063874
671,1396,0.90807841741163697,-0.096424541321748172,0.096424541321748172,0.99190596198039038,-0.0081269725814616372,0.0081269725814616372,0.088297568740286533
672,315,0.99972684748283458,-0.00027318983010910213,0.00027318983010910213,0.9999996071953281,-3.9280474907359789e-07,3.9280474907359789e-07,0.00027279702536002855
673,35148,0.47962882198427825,-0.7347427617539829,0.7347427617539829,0.91345401992502251,-0.090522238393627982,0.090522238393627982,0.64422052336035496
674,32343,0.56769356355111256,-0.56617350663419552,0.56617350663419552,0.80161268692921539,-0.22112972176927825,0.22112972176927825,0.34504378486491727
675,3233,0.9986635891344201,-0.0013373046589862348,0.0013373046589862348,0.99999676808683879,-3.2319183838631823e-06,3.2319183838631823e-06,0.0013340727406023717
676,11,0.70739835495183989,-0.34616132769856128,0.34616132769856128,0.99918331941134508,-0.00081701425392458136,0.00081701425392458136,0.34534431344463667
677,719,0.56909916851502984,-0.56370057442661292,0.56370057442661292,0.97935841262292345,-0.020857602711719898,0.020857602711719898,0.54284297171489304
678,3892,0.12174270479003668,-2.1058454384037093,2.1058454384037093,0.72411724744880002,-0.3228019557178779,0.3228019557178779,1.7830434826858315
679,44583,0.3480064803830335,-1.0555341775907199,1.0555341775907199,0.66514766252540181,-0.4077462140651148,0.4077462140651148,0.64778796352560508
680,1047,0.15420120347975655,-1.8694970132156823,1.8694970132156823,0.42179610478622565,-0.86323324572115201,0.86323324572115201,1.0062637674945303
681,264,0.26929047445981052,-1.3119646512724921,1.3119646512724921,0.52063182029657062,-0.65271216593733761,0.65271216593733761,0.65925248533515446
682,5199,0.80168267079303468,-0.22104242174245955,0.22104242174245955,0.85971279812438195,-0.15115690117951949,0.15115690117951949,0.069885520562940062
683,5536,0.99818049044993951,-0.0018211668682044887,0.0018211668682044887,0.99988758993318949,-0.00011241638529553184,0.00011241638529553184,0.0017087504829089569
684,389,0.92336803625714114,-0.079727384781122485,0.079727384781122485,0.99923083890777797,-0.00076945704838334852,0.00076945704838334852,0.07895792773273913
685,279,0.77850648122129285,-0.25037796247453997,0.25037796247453997,0.99462701613583648,-0.0053874702553637632,0.0053874702553637632,0.24499049221917621
686,5654,0.1924116675106598,-1.6481181006418832,1.6481181006418832,0.65046448650328603,-0.43006857667318038,0.43006857667318038,1.2180495239687028
687,13,0.90570936054391937,-0.099036818506226573,0.099036818506226573,0.99998307405960041,-1.6926083644904866e-05,1.6926083644904866e-05,0.099019892422581662
688,4815,0.0034532340711367635,-5.6684440751113385,5.6684440751113385,8.6196300180341463e-06,-11.661468395551566,11.661468395551566,-5.9930243204402274
689,791,0.2673023459674016,-1.3193748793422884,1.3193748793422884,0.34229174427139725,-1.0720918521376768,1.0720918521376768,0.24728302720461159
690,1455,0.065827666102963672,-2.7207150715264987,2.7207150715264987,0.20560203564944976,-1.5818128444314172,1.5818128444314172,1.1389022270950815
691,19428,0.60516542375437732,-0.50225343063264893,0.50225343063264893,0.98967942524894126,-0.010374201172069816,0.010374201172069816,0.4918792294605791
692,35148,0.049157347103832912,-3.0127289602678426,3.0127289602678426,0.98968017808527664,-0.01037344048529606,0.01037344048529606,3.0023555197825464
693,32343,0.98358765604480858,-0.016548518490291691,0.016548518490291691,0.99991952484739655,-8.0478390902330441e-05,8.0478390902330441e-05,0.016468040099389361
694,606,0.98600044846571078,-0.014098469546226967,0.014098469546226967,0.99994122666105989,-5.8775066160525821e-05,5.8775066160525821e-05,0.014039694480066442
695,315,0.9001593307933059,-0.10518349711174935,0.10518349711174935,0.99983284253240945,-0.00016717143995710553,0.00016717143995710553,0.10501632567179224
696,279,0.96236319436766316,-0.038363358644345168,0.038363358644345168,0.99981930213076453,-0.00018071419706246135,0.00018071419706246135,0.038182644447282706
697,3280,0.76353271111579191,-0.26979931160559745,0.26979931160559745,0.99912043884145429,-0.00087994819942894729,0.00087994819942894729,0.26891936340616851
698,574,0.88373500835829266,-0.12359802558336633,0.12359802558336633,0.98427166720755621,-0.015853335473688147,0.015853335473688147,0.10774469010967819
699,14221,0.87641625446237026,-0.13191412457935869,0.13191412457935869,0.99921080298782028,-0.00078950859208443743,0.00078950859208443743,0.13112461598727426
700,78149,0.99996906149297693,-3.0938985628576877e-05,3.0938985628576877e-05,0.99999653264827026,-3.4673577410490021e-06,3.4673577410490021e-06,2.7471627887527875e-05
701,11583,0.17068031664852931,-1.7679629654465212,1.7679629654465212,0.99990617264406811,-9.3831757993555445e-05,9.3831757993555445e-05,1.7678691336885277
702,22530,0.99994129042668944,-5.8711296784979467e-05,5.8711296784979467e-05,0.99998012577474737,-1.9874422747682218e-05,1.9874422747682218e-05,3.8836874037297249e-05
703,11,0.8930620340238884,-0.11309923352632151,0.11309923352632151,0.99873670012167304,-0.0012640985143002822,0.0012640985143002822,0.11183513501202122
704,902,0.95569662052132121,-0.045314758845457624,0.045314758845457624,0.96720784375319202,-0.033341869961344479,0.033341869961344479,0.011972888884113145
705,1047,0.10340735165491986,-2.2690792202580603,2.2690792202580603,0.98251469995925578,-0.017639973560056116,0.017639973560056116,2.2514392466980042
706,264,0.78658048426505256,-0.24006022953241471,0.24006022953241471,0.99998967022211882,-1.0329831233711412e-05,1.0329831233711412e-05,0.24004989970118099
707,8187,0.62595184949613691,-0.46848182857815995,0.46848182857815995,0.99996052968362037,-3.9471095353118951e-05,3.9471095353118951e-05,0.46844235748280683
708,3703,0.0083992912787023699,-4.7796079482754026,4.7796079482754026,0.99869892422573148,-0.0013019229082237109,0.0013019229082237109,4.7783060253671792
709,24264,0.99672805513426943,-0.0032773093821301677,0.0032773093821301677,0.99999394462402758,-6.0553943062674853e-06,6.0553943062674853e-06,0.0032712539878239004
710,7410,0.99922711979946366,-0.00077317902641957056,0.00077317902641957056,0.99999154046675587,-8.4595690261868126e-06,8.4595690261868126e-06,0.00076471945739338377
711,315,0.99320258255401073,-0.0068206251158931738,0.0068206251158931738,0.99999688626773087,-3.113737116804433e-06,3.113737116804433e-06,0.0068175113787763697
712,220,0.99470833219436194,-0.0053057182685616955,0.0053057182685616955,0.99999799369592557,-2.006306087022337e-06,2.006306087022337e-06,0.0053037119624746729
713,21056,0.016674590403143088,-4.093869251011788,4.093869251011788,0.99999934415477298,-6.5584544204929205e-07,6.5584544204929205e-07,4.093868595166346
714,296,0.2842903701227415,-1.257759133136843,1.257759133136843,0.99896487502933806,-0.0010356610825080976,0.0010356610825080976,1.2567234720543348
715,2308,0.99764868760956782,-0.0023540810662769037,0.0023540810662769037,0.99999312505261451,-6.8749710180177885e-06,6.8749710180177885e-06,0.002347206095258886
716,320,0.68660598633657655,-0.37599467918417911,0.37599467918417911,0.99994774459623603,-5.2256769125167711e-05,5.2256769125167711e-05,0.37594242241505393
717,120751,0.46754676567640369,-0.76025590172400126,0.76025590172400126,0.96426864594400497,-0.036385344830043929,0.036385344830043929,0.7238705568939573
718,26,0.25895509224647428,-1.3511006213259633,1.3511006213259633,0.98466509983821926,-0.015453695787453068,0.015453695787453068,1.3356469255385102
719,220,0.99609801268377796,-0.0039096199301080197,0.0039096199301080197,0.99999234569518503,-7.65433410928505e-06,7.65433410928505e-06,0.0039019655959987346
720,1627,0.99834481767242345,-0.00165655365525245,0.00165655365525245,0.99999695696793711,-3.043036692884579e-06,3.043036692884579e-06,0.0016535106185595655
721,13,0.99979001572259019,-0.0002100063271949992,0.0002100063271949992,0.99969132632012514,-0.00030872132940091488,0.00030872132940091488,-9.8715002205915686e-05
722,4044,0.20210511508664486,-1.5989673452112785,1.5989673452112785,0.9998673424252924,-0.0001326663745018995,0.0001326663745018995,1.5988346788367767
723,304,0.99915313876439016,-0.00084722002516365576,0.00084722002516365576,0.99996282829238414,-3.7172398500931536e-05,3.7172398500931536e-05,0.00081004762666272425
724,39,0.99983361382452474,-0.00016640001919058411,0.00016640001919058411,0.9999914299907855,-8.5700459372489533e-06,8.5700459372489533e-06,0.00015782997325333514
725,70,0.99993387824686963,-6.6123939269857086e-05,6.6123939269857086e-05,0.9999997638664424,-2.3613358544987724e-07,2.3613358544987724e-07,6.5887805684407212e-05
726,570,0.20105595329997764,-1.6041720350353341,1.6041720350353341,0.70912097150979181,-0.34372914428256035,0.34372914428256035,1.2604428907527738
727,578,0.24228950006942127,-1.417621986521149,1.417621986521149,0.38825576997627642,-0.94609095556660106,0.94609095556660106,0.47153103095454796
728,2853,0.011405101991871778,-4.473694480552604,4.473694480552604,0.75509987782662102,-0.28090524997038513,0.28090524997038513,4.1927892305822185
729,24013,0.98879855676328776,-0.011264651863829566,0.011264651863829566,0.9994201445263311,-0.0005800236548711092,0.0005800236548711092,0.010684628208958456
730,13892,0.57426142837652894,-0.5546705362151757,0.5546705362151757,0.99592222259511465,-0.0040861142106442955,0.0040861142106442955,0.55058442200453139
731,78149,0.99803974472529233,-0.0019621790896019817,0.0019621790896019817,0.99991456403910961,-8.5439610750001822e-05,8.5439610750001822e-05,0.0018767394788519799
732,315,0.80529618333731112,-0.2165451396215087,0.2165451396215087,0.97667081794584798,-0.023605615191667307,0.023605615191667307,0.19293952442984139
733,279,0.99261572790049457,-0.0074116707996908599,0.0074116707996908599,0.99999063266738919,-9.3673764845000308e-06,9.3673764845000308e-06,0.0074023034232063595
734,3280,0.96242022470677258,-0.0383040996767533,0.0383040996767533,0.9999697590385509,-3.0241418716230153e-05,3.0241418716230153e-05,0.038273858258037072
735,574,0.98397956461107383,-0.016150149817207655,0.016150149817207655,0.99990816787236014,-9.1836344467804141e-05,9.1836344467804141e-05,0.016058313472739852
736,1101,0.79399071138105559,-0.23068351631595396,0.23068351631595396,0.97710089753703044,-0.023165359459924508,0.023165359459924508,0.20751815685602945
737,14221,0.70355477630851704,-0.3516095429022974,0.3516095429022974,0.73453732957106754,-0.30851446155404938,0.30851446155404938,0.043095081348248021
738,78149,0.99996359858260864,-3.6402079939076444e-05,3.6402079939076444e-05,0.99999937545443662,-6.2454575836948285e-07,6.2454575836948285e-07,3.5777534180706958e-05
739,11583,0.99249710686449055,-0.0075311814230345749,0.0075311814230345749,0.99997884641970258,-2.1153804037510588e-05,2.1153804037510588e-05,0.0075100276189970644
740,22530,0.99994441942957157,-5.5582115085584546e-05,5.5582115085584546e-05,0.99999523032394266,-4.7696874322726815e-06,4.7696874322726815e-06,5.0812427653311866e-05
741,11,0.95288306595078853,-0.048263083852342646,0.048263083852342646,0.99965723529206163,-0.00034282346518781938,0.00034282346518781938,0.047920260387154828
742,902,0.60111424505441624,-0.50897027090736335,0.50897027090736335,0.98901052708374904,-0.011050303246458859,0.011050303246458859,0.49791996766090452
743,9057,0.88539091323432295,-0.12172602163000287,0.12172602163000287,0.90807033060039966,-0.096433446772082335,0.096433446772082335,0.025292574857920538
744,5199,0.078123028788928517,-2.5494704027456061,2.5494704027456061,0.86611765733520962,-0.14373451667455664,0.14373451667455664,2.4057358860710494
745,5674,0.98644733637815274,-0.013645339254492758,0.013645339254492758,0.99982121185619888,-0.00017880412830653409,0.00017880412830653409,0.013466535126186223
746,323,0.72823142084209713,-0.31713639552831657,0.31713639552831657,0.99265938853000379,-0.0073676863371295517,0.0073676863371295517,0.30976870919118704
747,4814,0.92657358341714746,-0.076261815560798737,0.076261815560798737,0.98452714208469905,-0.015593811872423232,0.015593811872423232,0.060668003688375507
748,315,0.99563769993634699,-0.0043718426564564872,0.0043718426564564872,0.99999919713211294,-8.0286820935868537e-07,8.0286820935868537e-07,0.0043710397882471283
749,2324,0.99909361337233449,-0.0009067976444037427,0.0009067976444037427,0.99999591476918315,-4.0852391614573431e-06,4.0852391614573431e-06,0.00090271240524228533
750,304,0.89534613460005186,-0.11054489290302297,0.11054489290302297,0.95294026463878823,-0.048203058678866394,0.048203058678866394,0.062341834224156574
751,4987,0.97346694454852345,-0.026891410012401966,0.026891410012401966,0.99996136812031466,-3.8632625915639779e-05,3.8632625915639779e-05,0.026852777386486327
752,12126,0.99960699628094296,-0.00039308096525798923,0.00039308096525798923,0.99999852003838408,-1.4799627110270819e-06,1.4799627110270819e-06,0.00039160100254696215
753,13,0.63012140517806892,-0.46184277153024123,0.46184277153024123,0.90061329897010378,-0.10467930443477098,0.10467930443477098,0.35716346709547026
754,578,0.33989970200333935,-1.079104698999076,1.079104698999076,0.56697774964043024,-0.5674352182811192,0.5674352182811192,0.51166948071795681
755,3280,0.58132354510022766,-0.54244780088002298,0.54244780088002298,0.98316236831451043,-0.016980996163264282,0.016980996163264282,0.52546680471675866
756,574,0.44551611459249263,-0.80852186080067434,0.80852186080067434,0.89872682439668594,-0.10677615676426905,0.10677615676426905,0.70174570403640524
757,1101,0.84805328851158279,-0.16481180493867517,0.16481180493867517,0.96294736350819332,-0.037756527547858555,0.037756527547858555,0.12705527739081662
758,13160,0.34140850274763057,-1.0746755634028466,1.0746755634028466,0.66198073044262062,-0.4125188315614956,0.4125188315614956,0.66215673184135104
759,555,0.9999634185570726,-3.658211204473121e-05,3.658211204473121e-05,0.99999983491893285,-1.6508108072399026e-07,1.6508108072399026e-07,3.6417030964007217e-05
760,279,0.574251136210297,-0.5546884588161981,0.5546884588161981,0.78535676272344701,-0.24161718963518525,0.24161718963518525,0.31307126918101286
761,4500,0.15492456305137906,-1.864816970526008,1.864816970526008,0.60592809985856633,-0.50099394705002165,0.50099394705002165,1.3638230234759865
762,315,0.99827714083041985,-0.0017243449982668421,0.0017243449982668421,0.99998914139276252,-1.0858666192637082e-05,1.0858666192637082e-05,0.0017134863320742049
763,3892,0.42713245923036597,-0.85066110488795499,0.85066110488795499,0.49465547561985418,-0.70389376758883249,0.70389376758883249,0.1467673372991225
764,1317,0.22669136704346846,-1.4841658031665426,1.4841658031665426,0.55262334223557108,-0.59307862664014577,0.59307862664014577,0.8910871765263968
765,62954,0.9431087368939467,-0.058573693458724006,0.058573693458724006,0.7780856414985875,-0.25091868181497157,0.25091868181497157,-0.19234498835624755
766,13892,0.2732211629047881,-1.2974736912373364,1.2974736912373364,0.5101207392629451,-0.67310783763028847,0.67310783763028847,0.62436585360704788
767,764,0.99999303426066977,-6.9657635910992554e-06,6.9657635910992554e-06,0.99999945744753005,-5.4255261708936702e-07,5.4255261708936702e-07,6.4232109740098882e-06
768,29639,0.99998000952690469,-1.9990672907475472e-05,1.9990672907475472e-05,0.9999969796166619,-3.0203878994301963e-06,3.0203878994301963e-06,1.6970285008045276e-05
769,11,0.99722922289560323,-0.0027746228126541736,0.0027746228126541736,0.99999889451953927,-1.1054810718170837e-06,1.1054810718170837e-06,0.0027735173315823567
770,2737,0.98291125797519963,-0.017236439639356373,0.017236439639356373,0.9999700127918193,-2.9987657806065897e-05,2.9987657806065897e-05,0.017206451981550307
771,14221,0.9090029162719645,-0.095406976589821543,0.095406976589821543,0.99683308599646037,-0.0031719392882603621,0.0031719392882603621,0.092235037301561185
772,78149,0.98008668317062286,-0.02011425901426471,0.02011425901426471,0.99720722127997841,-0.0027966858026180555,0.0027966858026180555,0.017317573211646654
773,735,0.92007901681211146,-0.083295724787948749,0.083295724787948749,0.99741076109202798,-0.0025925967845153853,0.0025925967845153853,0.080703128003433364
774,9832,0.29451590669449779,-1.2224222648041367,1.2224222648041367,0.99999981902388402,-1.8097613235751016e-07,1.8097613235751016e-07,1.2224220838280044
775,9008,0.9997648416149163,-0.00023518603915221475,0.00023518603915221475,0.99999985158431115,-1.4841569981862875e-07,1.4841569981862875e-07,0.00023503762345239613
776,11,0.95257873900899614,-0.048582509771652967,0.048582509771652967,0.99678074528550165,-0.0032244476629008281,0.0032244476629008281,0.045358062108752137
777,902,0.99960675226296625,-0.00039332507920214889,0.00039332507920214889,0.99999716354643253,-2.8364575901709816e-06,2.8364575901709816e-06,0.00039048862161197791
778,6244,0.44955464900875153,-0.79949785513279681,0.79949785513279681,0.90283647495326991,-0.10221383282424751,0.10221383282424751,0.69728402230854925
779,832,0.97675866889181806,-0.023515669845166443,0.023515669845166443,0.9999957864216672,-4.213587209983713e-06,4.213587209983713e-06,0.023511456257956458
780,315,0.99993630055460936,-6.3701474286457024e-05,6.3701474286457024e-05,0.99999943695093318,-5.6304922527157538e-07,5.6304922527157538e-07,6.3138425061185445e-05
781,279,0.99994815322591368,-5.1848118176715073e-05,5.1848118176715073e-05,0.99999965191875695,-3.4808130359621838e-07,3.4808130359621838e-07,5.1500036873118855e-05
782,22807,0.99963093802929148,-0.00036913009083855267,0.00036913009083855267,0.9999990409602364,-9.5904022343342862e-07,9.5904022343342862e-07,0.00036817105061511923
783,65265,0.82104238649650241,-0.19718054297382895,0.19718054297382895,0.99945318756912238,-0.00054696198731696061,0.00054696198731696061,0.19663358098651199
784,16867,0.98166898381659906,-0.018501111142966094,0.018501111142966094,0.99996737255399026,-3.2627978296439054e-05,3.2627978296439054e-05,0.018468483164669654
785,13892,0.99908862774786511,-0.00091178780432691578,0.00091178780432691578,0.99999518029507684,-4.8197165379526562e-06,4.8197165379526562e-06,0.00090696808778896313
786,764,0.99999273581655868,-7.2642098256777672e-06,7.2642098256777672e-06,0.99999985623149579,-1.4376851452817058e-07,1.4376851452817058e-07,7.1204413111495963e-06
787,29639,0.99998469221541297,-1.5307901752387758e-05,1.5307901752387758e-05,0.99998297667446423,-1.7023470434193377e-05,1.7023470434193377e-05,-1.7155686818056185e-06
788,304,0.92737328564639854,-0.075399113082972549,0.075399113082972549,0.99992346254641906,-7.6540382721294227e-05,7.6540382721294227e-05,0.07532257270025125
789,3925,0.76046710992135302,-0.2738224161846724,0.2738224161846724,0.99997043919422868,-2.956124270057192e-05,2.956124270057192e-05,0.27379285494197181
790,13,0.92056633843127611,-0.082766213082543019,0.082766213082543019,0.86034030538983919,-0.15042726406306769,0.15042726406306769,-0.067661050980524676
791,4815,0.10472239121671818,-2.2564423232569477,2.2564423232569477,0.54095564233002391,-0.61441799549344189,0.61441799549344189,1.6420243277635058
792,644,0.43719952182224703,-0.8273656164080575,0.8273656164080575,0.48385088572610757,-0.72597850707691358,0.72597850707691358,0.10138710933114392
793,12399,0.65464137845185999,-0.42366770710125978,0.42366770710125978,0.60637184261448385,-0.5002618794152911,0.5002618794152911,-0.076594172314031317
794,11,0.99901733358227318,-0.00098314955090287193,0.00098314955090287193,0.99997616572559511,-2.3834558445676901e-05,2.3834558445676901e-05,0.00095931499245719505
795,279,0.99874319819647628,-0.0012575922412622178,0.0012575922412622178,0.99997274260535696,-2.7257766132544582e-05,2.7257766132544582e-05,0.0012303344751296733
796,220,0.99985607222734907,-0.00014393813124668884,0.00014393813124668884,0.99999962224073535,-3.7775933595959578e-07,3.7775933595959578e-07,0.00014356037191072925
797,1049,0.99994114951323221,-5.8852218525647581e-05,5.8852218525647581e-05,0.99999817978383432,-1.8202178223232826e-06,1.8202178223232826e-06,5.7032000703324299e-05
798,18,0.99996269232406565,-3.7308371882972695e-05,3.7308371882972695e-05,0.99999990547428452,-9.4525719891417654e-08,9.4525719891417654e-08,3.7213846163081278e-05
799,16867,0.99992918775699047,-7.0814750314768734e-05,7.0814750314768734e-05,0.99999872715507798,-1.2728457320978334e-06,1.2728457320978334e-06,6.9541904582670898e-05
800,13892,0.99783769137066791,-0.0021646497941257455,0.0021646497941257455,0.99997235116177352,-2.7649220462629156e-05,2.7649220462629156e-05,0.0021370005736631162
801,78149,0.99999306902253615,-6.9310014831970781e-06,6.9310014831970781e-06,0.99999983608438381,-1.6391562962467531e-07,1.6391562962467531e-07,6.7670858535724031e-06
802,3280,0.99994766598295748,-5.2335386514988397e-05,5.2335386514988397e-05,0.99999909807359166,-9.0192681506082657e-07,9.0192681506082657e-07,5.1433459699927572e-05
803,574,0.99881728517782431,-0.0011834147813067858,0.0011834147813067858,0.99999790344976047,-2.0965524372439744e-06,2.0965524372439744e-06,0.0011813182288695418
804,264,0.97832676641146954,-0.021911547766827119,0.021911547766827119,0.99973289309838986,-0.00026714258101218877,0.00026714258101218877,0.021644405185814931
805,5199,0.76515353132798447,-0.26767877074567259,0.26767877074567259,0.97174419647667343,-0.028662681506719041,0.028662681506719041,0.23901608923895354
806,1567,0.99932239758220842,-0.00067783209406848419,0.00067783209406848419,0.99999169834852619,-8.3016859327000938e-06,8.3016859327000938e-06,0.00066953040813578406
807,11,0.89076949867988109,-0.11566958455348109,0.11566958455348109,0.94231864175451774,-0.059411800717189531,0.059411800717189531,0.056257783836291556
808,449,0.81260617447447481,-0.20750869703936872,0.20750869703936872,0.94922607571362505,-0.052108283544564253,0.052108283544564253,0.15540041349480446
809,3892,0.99602568703247585,-0.003982231536851271,0.003982231536851271,0.99986173720908922,-0.0001382723500916114,0.0001382723500916114,0.0038439591867596595
810,3682,0.99990489024607976,-9.5114277139670138e-05,9.5114277139670138e-05,0.99999638799483215,-3.6120116912050858e-06,3.6120116912050858e-06,9.1502265448465054e-05
811,44583,0.99994056651928942,-5.9435246949883559e-05,5.9435246949883559e-05,0.99998892362857883,-1.1076432764678247e-05,1.1076432764678247e-05,4.8358814185205313e-05
812,28987,0.99883696644929454,-0.0011637103990746139,0.0011637103990746139,0.9999603249746063,-3.9675812468374488e-05,3.9675812468374488e-05,0.0011240345866062394
813,279,0.99493601788761477,-0.0050768475216493398,0.0050768475216493398,0.99999580697388812,-4.1930349025847925e-06,4.1930349025847925e-06,0.0050726544867467551
814,26363,0.15513175024283962,-1.8634805215429358,1.8634805215429358,0.50236190093245003,-0.68843450083497115,0.68843450083497115,1.1750460207079647
815,11,0.99955356120959327,-0.00044653847387304227,0.00044653847387304227,0.99999688034826328,-3.1196566027973366e-06,3.1196566027973366e-06,0.00044341881727024492
816,6457,0.99648566295619623,-0.0035205268324899511,0.0035205268324899511,0.99997809845848717,-2.1901781355128184e-05,2.1901781355128184e-05,0.0034986250511348229
817,11,0.99997895599617215,-2.1044225256006756e-05,2.1044225256006756e-05,0.99999967264780143,-3.2735225212704186e-07,3.2735225212704186e-07,2.0716873003879713e-05
818,5734,0.99916722514734146,-0.00083312180227012212,0.00083312180227012212,0.99999623602361298,-3.7639834707780996e-06,3.7639834707780996e-06,0.00082935781879934405
819,11,0.99982849591099443,-0.00017151879751352894,0.00017151879751352894,0.999999244352206,-7.5564807948967476e-07,7.5564807948967476e-07,0.00017076314943403927
820,279,0.94539620450084216,-0.056151175332940569,0.056151175332940569,0.99990077568297209,-9.9229240086128327e-05,9.9229240086128327e-05,0.056051946092854438
821,16526,0.99992838011657059,-7.1622448255674454e-05,7.1622448255674454e-05,0.99999767345030655,-2.3265523999215834e-06,2.3265523999215834e-06,6.9295895855752868e-05
822,50714,0.99995185490169425,-4.8146257318179388e-05,4.8146257318179388e-05,0.99999628468705182,-3.7153198499981827e-06,3.7153198499981827e-06,4.4430937468181202e-05
823,11,0.99981860280590062,-0.00018141364856030237,0.00018141364856030237,0.99999971776685348,-2.8223318629540689e-07,2.8223318629540689e-07,0.00018113141537400696
824,2314,0.90873598660628874,-0.095700670769081106,0.095700670769081106,0.99989072918749777,-0.00010927678299238474,0.00010927678299238474,0.095591393986088721
825,5059,0.9999937281951804,-6.2718244874265449e-06,6.2718244874265449e-06,0.99997209802868214,-2.7902360585048235e-05,2.7902360585048235e-05,-2.163053609762169e-05
826,2259,0.99999820465563716,-1.7953459745186356e-06,1.7953459745186356e-06,0.99999992849999608,-7.1500006468435472e-08,7.1500006468435472e-08,1.7238459680502e-06
827,11,0.99965434177093426,-0.00034571798264133868,0.00034571798264133868,0.9999985025478112,-1.4974533099370476e-06,1.4974533099370476e-06,0.00034422052933140164
828,323,0.99995578773078142,-4.4213246609788781e-05,4.4213246609788781e-05,0.99999977675140228,-2.232486226484214e-07,2.232486226484214e-07,4.3989997987140358e-05
829,5370,0.9996083006458063,-0.00039177608842425878,0.00039177608842425878,0.99999748881044304,-2.5111927099837825e-06,2.5111927099837825e-06,0.000389264895714275
830,30100,0.99983030295470998,-0.00016971144546275744,0.00016971144546275744,0.99999382387880653,-6.1761402657846107e-06,6.1761402657846107e-06,0.00016353530519697284
831,304,0.99999317052871617,-6.8294946048034759e-06,6.8294946048034759e-06,0.99999980613801742,-1.9386200142341337e-07,1.9386200142341337e-07,6.6356326033800622e-06
832,279,0.99999495670087235,-5.043311845118334e-06,5.043311845118334e-06,0.99999967047819815,-3.2952185613256861e-07,3.2952185613256861e-07,4.7137899889857653e-06
833,19001,0.99942542514294619,-0.00057473998844356539,0.00057473998844356539,0.99997965665556632,-2.0343551362295103e-05,2.0343551362295103e-05,0.00055439643708127023
834,16867,0.9999823209179729,-1.7679238303871524e-05,1.7679238303871524e-05,0.99999808040416638,-1.9195976760229777e-06,1.9195976760229777e-06,1.5759640627848546e-05
835,13,0.99973797084659,-0.00026206348904667402,0.00026206348904667402,0.99998841456337784,-1.1585503733810186e-05,1.1585503733810186e-05,0.00025047798531286383
836,578,0.99273277191885745,-0.0072937630182519139,0.0072937630182519139,0.99987116469950943,-0.0001288436004707778,0.0001288436004707778,0.0071649194177811357
837,3280,0.9999795789961059,-2.0421212405691837e-05,2.0421212405691837e-05,0.99999937219746449,-6.2780273257430804e-07,6.2780273257430804e-07,1.9793409673117531e-05
838,574,0.99918692200212533,-0.00081340872507349967,0.00081340872507349967,0.99997606849131737,-2.3931795045799864e-05,2.3931795045799864e-05,0.00078947693002769982
839,13160,0.9984133352891067,-0.0015879247964109271,0.0015879247964109271,0.99968427278007199,-0.00031577707226019099,0.00031577707226019099,0.0012721477241507361
840,555,0.99999090317861961,-9.0968627567285187e-06,9.0968627567285187e-06,0.99999949278699429,-5.0721313431317909e-07,5.0721313431317909e-07,8.5896496224153398e-06
841,264,0.99974884559326538,-0.00025118595128448707,0.00025118595128448707,0.99998317700799322,-1.6823133514909162e-05,1.6823133514909162e-05,0.00023436281776957792
842,10284,0.99854002734610825,-0.0014610394524243032,0.0014610394524243032,0.99972802766227697,-0.00027200932890642681,0.00027200932890642681,0.0011890301235178765
843,3770,0.99995579481437313,-4.4206162704872026e-05,4.4206162704872026e-05,0.99999496443464464,-5.0355780338656498e-06,5.0355780338656498e-06,3.9170584671006379e-05
844,78526,0.99984652503790361,-0.00015348674058358332,0.00015348674058358332,0.99998487078266129,-1.5129331786467262e-05,1.5129331786467262e-05,0.00013835740879711606
845,1396,0.99998813842629719,-1.1861644051795332e-05,1.1861644051795332e-05,0.99999946829289366,-5.3170724765021791e-07,5.3170724765021791e-07,1.1329936804145114e-05
846,315,0.9999878842453731,-1.2115828023199197e-05,1.2115828023199197e-05,0.999998578193245,-1.4218077657225329e-06,1.4218077657225329e-06,1.0694020257476665e-05
847,35148,0.99996620746826459,-3.3793102715820766e-05,3.3793102715820766e-05,0.99999783162058808,-2.1683817628794861e-06,2.1683817628794861e-06,3.1624720952941282e-05
848,32343,0.99991925274930049,-8.0750510934265353e-05,8.0750510934265353e-05,0.99996998883616806,-3.0011614175907941e-05,3.0011614175907941e-05,5.0738896758357412e-05
849,3233,0.99999015492425869,-9.8451242043829488e-06,9.8451242043829488e-06,0.99999925383689903,-7.4616337936996841e-07,7.4616337936996841e-07,9.0989608250129801e-06
850,11,0.99847218775215907,-0.001528980543082085,0.001528980543082085,0.99997271842790714,-2.7281944241744935e-05,2.7281944241744935e-05,0.00150169859884034
851,719,0.99977237861438428,-0.00022764729529516393,0.00022764729529516393,0.99999669011233749,-3.3098931401513474e-06,3.3098931401513474e-06,0.00022433740215501257
852,3892,0.99861482361503939,-0.0013861366286096687,0.0013861366286096687,0.99995429371146394,-4.5707333100287087e-05,4.5707333100287087e-05,0.0013404292955093817
853,44583,0.99993778919355958,-6.2212741612882236e-05,6.2212741612882236e-05,0.99996954019887274,-3.0460265036378488e-05,3.0460265036378488e-05,3.1752476576503749e-05
854,1047,0.99985813457703709,-0.00014187548681379288,0.00014187548681379288,0.99999707701343676,-2.9229908351267421e-06,2.9229908351267421e-06,0.00013895249597866614
855,264,0.99997983456789263,-2.0165635432395908e-05,2.0165635432395908e-05,0.99999898479821259,-1.0152023027152129e-06,1.0152023027152129e-06,1.9150433129680696e-05
856,5199,0.99434720866428494,-0.0056688288269415611,0.0056688288269415611,0.99907338423155545,-0.00092704534222279452,0.00092704534222279452,0.0047417834847187663
857,5536,0.99998615751145925,-1.3842584348903311e-05,1.3842584348903311e-05,0.99999742715119644,-2.5728521133683808e-06,2.5728521133683808e-06,1.126973223553493e-05
858,389,0.99988847833629768,-0.00011152788270538425,0.00011152788270538425,0.99999515834442754,-4.8416672932658807e-06,4.8416672932658807e-06,0.00010668621541211837
859,279,0.99998730753939113,-1.2692541158801189e-05,1.2692541158801189e-05,0.99999883427719438,-1.1657234850754262e-06,1.1657234850754262e-06,1.1526817673725764e-05
860,5654,0.99998960616894095,-1.0393885075246637e-05,1.0393885075246637e-05,0.99999886300033025,-1.1370003161071473e-06,1.1370003161071473e-06,9.2568847591394899e-06
861,13,0.99279505092373888,-0.0072310300721955901,0.0072310300721955901,0.99921943312404504,-0.00078087167690089432,0.00078087167690089432,0.0064501583952946955
862,578,0.53289721149645175,-0.62942672238880937,0.62942672238880937,0.81660274944430256,-0.20260253316098448,0.20260253316098448,0.42682418922782489
863,1455,0.73108401405224388,-0.31322689553231275,0.31322689553231275,0.86561068646709804,-0.14432002523241946,0.14432002523241946,0.16890687029989329
864,19428,0.99988024260912722,-0.0001197645623617196,0.0001197645623617196,0.99995646051225195,-4.3540435619062645e-05,4.3540435619062645e-05,7.6224126742656959e-05
865,35148,0.74768770568171461,-0.29076989396057012,0.29076989396057012,0.8140826939089566,-0.20569332857072484,0.20569332857072484,0.085076565389845288
866,32343,0.99995045634435453,-4.9544882972930244e-05,4.9544882972930244e-05,0.99997583065704088,-2.4169635042408533e-05,2.4169635042408533e-05,2.5375247930521711e-05
867,606,0.99996729911275684,-3.2701421928864498e-05,3.2701421928864498e-05,0.99998133666365441,-1.8663510507786415e-05,1.8663510507786415e-05,1.4037911421078083e-05
868,315,0.99924358252940071,-0.00075670369864193267,0.00075670369864193267,0.9998741148355057,-0.00012589308869668432,0.00012589308869668432,0.00063081060994524837
869,279,0.99999619400544681,-3.8060017959863105e-06,3.8060017959863105e-06,0.99999946695841502,-5.3304172702176862e-07,5.3304172702176862e-07,3.2729600689645421e-06
870,3280,0.9999920348021859,-7.9652295364880807e-06,7.9652295364880807e-06,0.99999946067613243,-5.3932401300871071e-07,5.3932401300871071e-07,7.42590552347937e-06
871,574,0.99824785179480524,-0.0017536850122661447,0.0017536850122661447,0.99968019088498228,-0.00031986026485847493,0.00031986026485847493,0.0014338247474076698
872,14221,0.99993981351288963,-6.0188298389703639e-05,6.0188298389703639e-05,0.99998855103720041,-1.1449028339469968e-05,1.1449028339469968e-05,4.8739270050233669e-05
873,78149,0.99999863522117527,-1.3647797560394816e-06,1.3647797560394816e-06,0.9999997438146756,-2.5618535719745933e-07,2.5618535719745933e-07,1.1085943988420222e-06
874,11583,0.99987174788969413,-0.00012826033531107041,0.00012826033531107041,0.99999024407199044,-9.7559755989603965e-06,9.7559755989603965e-06,0.00011850435971211001
875,22530,0.99997200585530155,-2.7994536541866034e-05,2.7994536541866034e-05,0.99998050566899377,-1.9494521023157208e-05,1.9494521023157208e-05,8.5000155187088257e-06
876,11,0.99938496342687655,-0.0006152257857023484,0.0006152257857023484,0.9999653798349758,-3.4620764315957201e-05,3.4620764315957201e-05,0.00058060502138639124
877,902,0.41419872476895347,-0.88140940880628726,0.88140940880628726,0.39603744703977883,-0.92624650896671235,0.92624650896671235,-0.044837100160425081
878,1047,0.97535712713399436,-0.024951590809991615,0.024951590809991615,0.99789146331735734,-0.002110762775863609,0.002110762775863609,0.022840828034128006
879,264,0.99960839722825201,-0.00039167946813703427,0.00039167946813703427,0.99996807102585905,-3.1929483881488472e-05,3.1929483881488472e-05,0.0003597499842555458
880,8187,0.99989593327674697,-0.00010407213857022969,0.00010407213857022969,0.99995047118173408,-4.9530044858286473e-05,4.9530044858286473e-05,5.4542093711943215e-05
881,3703,0.9999817694219707,-1.8230744208300386e-05,1.8230744208300386e-05,0.99999940313660207,-5.9686357607555138e-07,5.9686357607555138e-07,1.7633880632224835e-05
882,24264,0.9999966599131862,-3.3400923918689982e-06,3.3400923918689982e-06,0.99996318577649745,-3.6814901162709725e-05,3.6814901162709725e-05,-3.347480877084073e-05
883,7410,0.99996612337267721,-3.3877201148675246e-05,3.3877201148675246e-05,0.99999105755809614,-8.942481887780476e-06,8.942481887780476e-06,2.4934719260894769e-05
884,315,0.99996796435902946,-3.2036154122618825e-05,3.2036154122618825e-05,0.99999784461225516,-2.1553900677133261e-06,2.1553900677133261e-06,2.9880764054905497e-05
885,220,0.99995626104574709,-4.3739910828904211e-05,4.3739910828904211e-05,0.99999951068910697,-4.8931101278840476e-07,4.8931101278840476e-07,4.3250599816115804e-05
886,21056,0.99975155858399167,-0.00024847228268937323,0.00024847228268937323,0.99999994807491244,-5.192508887944842e-08,5.192508887944842e-08,0.00024842035760049377
887,296,0.99962060969095001,-0.0003794622957612201,0.0003794622957612201,0.9999971773968851,-2.8226070984170701e-06,2.8226070984170701e-06,0.00037663968866280301
888,2308,0.99999751282928362,-2.4871738094132651e-06,2.4871738094132651e-06,0.99999918327857928,-8.1672175422022865e-07,8.1672175422022865e-07,1.6704520551930364e-06
889,320,0.99926251993833703,-0.0007377521338570828,0.0007377521338570828,0.99988311382396899,-0.00011689300775244804,0.00011689300775244804,0.00062085912610463474
890,120751,0.99911117134563698,-0.0008892238967706204,0.0008892238967706204,0.99984807929537711,-0.00015193224574199508,0.00015193224574199508,0.00073729165102862527
891,26,0.99947227468990718,-0.00052786460610317238,0.00052786460610317238,0.9999930274788924,-6.9725454157884164e-06,6.9725454157884164e-06,0.00052089206068738395
892,220,0.99959247227582504,-0.00040761078616541508,0.00040761078616541508,0.9999704248499246,-2.9575587428814058e-05,2.9575587428814058e-05,0.00037803519873660105
893,1627,0.99997540107695926,-2.4599225599263306e-05,2.4599225599263306e-05,0.99999965182656236,-3.4817349826044459e-07,3.4817349826044459e-07,2.4251052101002863e-05
894,13,0.9999868668233246,-1.3133262916303853e-05,1.3133262916303853e-05,0.99999835911780144,-1.6408835448241388e-06,1.6408835448241388e-06,1.1492379371479714e-05
895,4044,0.99976580962113759,-0.00023421780571128835,0.00023421780571128835,0.99996248088185702,-3.7519822002694662e-05,3.7519822002694662e-05,0.00019669798370859369
896,304,0.99996913291524869,-3.0867561149517886e-05,3.0867561149517886e-05,0.9999960551036613,-3.9449041197771217e-06,3.9449041197771217e-06,2.6922657029740765e-05
897,39,0.99997133235910596,-2.866805181876679e-05,2.866805181876679e-05,0.99999977995185407,-2.2004817012203343e-07,2.2004817012203343e-07,2.8448003648644757e-05
898,70,0.99999476407809162,-5.2359356159106996e-06,5.2359356159106996e-06,0.99999892469357488,-1.0753070032790421e-06,1.0753070032790421e-06,4.1606286126316575e-06
899,570,0.90788446198544159,-0.096638152986538717,0.096638152986538717,0.92643190038555756,-0.076414737970478028,0.076414737970478028,0.020223415016060689
900,578,0.85850700642607458,-0.15256043743612208,0.15256043743612208,0.75731467155013499,-0.27797642955189228,0.27797642955189228,-0.1254159921157702
901,2853,0.99705346450234611,-0.0029508850796064264,0.0029508850796064264,0.99848191401779907,-0.0015192394422410512,0.0015192394422410512,0.0014316456373653752
902,24013,0.99999697086948014,-3.0291351076862724e-06,3.0291351076862724e-06,0.99999891179728717,-1.088203304899392e-06,1.088203304899392e-06,1.9409318027868803e-06
903,13892,0.99902837713003689,-0.00097209520144061264,0.00097209520144061264,0.99997975454027455,-2.0245664667504422e-05,2.0245664667504422e-05,0.00095184953677310822
904,78149,0.99999971219208073,-2.8780796068066323e-07,2.8780796068066323e-07,0.99999953387071938,-4.6612938925083548e-07,4.6612938925083548e-07,-1.7832142857017225e-07
905,315,0.99994941183182873,-5.058944779580208e-05,5.058944779580208e-05,0.99999890147813975,-1.0985224635797697e-06,1.0985224635797697e-06,4.9490925332222313e-05
906,279,0.99999131289141796,-8.687146315196575e-06,8.687146315196575e-06,0.99999838346193459,-1.6165393720501052e-06,1.6165393720501052e-06,7.0706069431464698e-06
907,3280,0.99998408637355507,-1.5913753068024004e-05,1.5913753068024004e-05,0.99999829355939385,-1.7064420620727466e-06,1.7064420620727466e-06,1.4207311005951257e-05
908,574,0.99991663342930104,-8.3370045884674474e-05,8.3370045884674474e-05,0.9999921770017427,-7.8230288571537605e-06,7.8230288571537605e-06,7.554701702752071e-05
909,1101,0.99980803582663014,-0.00019198260085016107,0.00019198260085016107,0.99998303943077904,-1.6960713053031734e-05,1.6960713053031734e-05,0.00017502188779712933
910,14221,0.99995046530003817,-4.9535926845591025e-05,4.9535926845591025e-05,0.99999099433321514,-9.0057073361430312e-06,9.0057073361430312e-06,4.0530219509447992e-05
911,78149,0.99999828477708375,-1.7152243872360581e-06,1.7152243872360581e-06,0.99999835249287417,-1.6475084829652395e-06,1.6475084829652395e-06,6.7715904270818554e-08
912,11583,0.99992312068245959,-7.6882272906620547e-05,7.6882272906620547e-05,0.99998803852996021,-1.1961541578703922e-05,1.1961541578703922e-05,6.4920731327916623e-05
913,22530,0.99996694661127228,-3.305393500298918e-05,3.305393500298918e-05,0.99970145574294556,-0.00029858883026280086,0.00029858883026280086,-0.0002655348952598117
914,11,0.99169132433628671,-0.008343385102714769,0.008343385102714769,0.99241295936977547,-0.0076159686345026976,0.0076159686345026976,0.00072741646821207137
915,902,0.99944786174554245,-0.00055229073891452992,0.00055229073891452992,0.99989412851556536,-0.00010587708921588298,0.00010587708921588298,0.00044641364969864693
916,9057,0.9999496383825478,-5.0362885641079709e-05,5.0362885641079709e-05,0.99998807895870312,-1.1921112353015449e-05,1.1921112353015449e-05,3.8441773288064258e-05
917,5199,0.99998756581201942,-1.2434265285774823e-05,1.2434265285774823e-05,0.99999730529368558,-2.694709945100734e-06,2.694709945100734e-06,9.7395553406740892e-06
918,5674,0.99996629443312346,-3.3706134921937249e-05,3.3706134921937249e-05,0.99999306120416565,-6.9388199079521648e-06,6.9388199079521648e-06,2.6767315013985085e-05
919,323,0.99998249096278935,-1.7509190495647537e-05,1.7509190495647537e-05,0.99999907326952897,-9.267309004825206e-07,9.267309004825206e-07,1.6582459595165017e-05
920,4814,0.99998838932982803,-1.1610737576369154e-05,1.1610737576369154e-05,0.9999967794923299,-3.2205128559450284e-06,3.2205128559450284e-06,8.390224720424126e-06
921,315,0.99998037979123755,-1.9620401241293305e-05,1.9620401241293305e-05,0.99999806642302136,-1.9335788479522993e-06,1.9335788479522993e-06,1.7686822393341008e-05
922,2324,0.99998518728783858,-1.4812821870733143e-05,1.4812821870733143e-05,0.99999687743083587,-3.1225740393100889e-06,3.1225740393100889e-06,1.1690247831423054e-05
923,304,0.99995512011387355,-4.4880893258710412e-05,4.4880893258710412e-05,0.99999152750763676,-8.4725282549641005e-06,8.4725282549641005e-06,3.6408365003746311e-05
924,4987,0.99996292447860946,-3.7076208704705396e-05,3.7076208704705396e-05,0.99999306394706455,-6.9360769899924294e-06,6.9360769899924294e-06,3.0140131714712968e-05
925,12126,0.99998756891875629,-1.2431158510261422e-05,1.2431158510261422e-05,0.99999956821545133,-4.3178464185865415e-07,4.3178464185865415e-07,1.1999373868402767e-05
926,13,0.99883161082301342,-0.0011690722757563574,0.0011690722757563574,0.9998662588298417,-0.00013375011430606282,0.00013375011430606282,0.0010353221614502945
927,4815,0.076877709667294167,-2.5655393057720013,2.5655393057720013,0.096648561149754106,-2.336673960663092,2.336673960663092,0.22886534510890932
928,791,0.29496689028776063,-1.2208921652539593,1.2208921652539593,0.35508378639039123,-1.0354014993534859,1.0354014993534859,0.18549066590047336
929,3280,0.33021121277707155,-1.1080227905406377,1.1080227905406377,0.37862547317297396,-0.97120775992148833,0.97120775992148833,0.13681503061914935
930,574,0.60876352785031818,-0.496325382490865,0.496325382490865,0.86705962518937607,-0.14264753272154571,0.14264753272154571,0.35367784976931926
931,18057,0.72605360016545595,-0.3201314374535964,0.3201314374535964,0.62910497729152393,-0.46345714067219279,0.46345714067219279,-0.14332570321859639
932,291,0.99748522415955487,-0.0025179432004568971,0.0025179432004568971,0.99995121990505031,-4.878128473719625e-05,4.878128473719625e-05,0.0024691619157197007
933,555,0.73090027742094843,-0.31347824793511819,0.31347824793511819,0.99815956149735074,-0.0018421341904490357,0.0018421341904490357,0.31163611374466915
934,3892,0.95941946882571849,-0.041426897410334083,0.041426897410334083,0.99999791190645693,-2.0880957231788699e-06,2.0880957231788699e-06,0.041424809314610907
935,5315,0.99993341929383883,-6.6582922754796381e-05,6.6582922754796381e-05,0.99999834703002233,-1.6529713438843928e-06,1.6529713438843928e-06,6.4929951410911982e-05
936,11,0.99886617431970692,-0.0011344689469104793,0.0011344689469104793,0.9999993554352975,-6.4456491021452085e-07,6.4456491021452085e-07,0.0011338243820002648
937,2737,0.9219311366965024,-0.081284747264255802,0.081284747264255802,0.99956171528099946,-0.00043838079382114444,0.00043838079382114444,0.080846366470434652
938,279,0.9903249635382424,-0.0097221437162083452,0.0097221437162083452,0.99999931413554333,-6.8586469186943368e-07,6.8586469186943368e-07,0.0097214578515164764
939,71343,0.025080048397902576,-3.685682633478347,3.685682633478347,0.84241324151877151,-0.1714845994839499,0.1714845994839499,3.514198033994397
940,22620,0.9998023979781443,-0.00019762154770750978,0.00019762154770750978,0.99999326663324839,-6.7333894208033675e-06,6.7333894208033675e-06,0.00019088815828670642
941,32388,0.99988406892048476,-0.00011593780004228426,0.00011593780004228426,0.99999519497074929,-4.8050407949026349e-06,4.8050407949026349e-06,0.00011113275924738163
942,320,0.64157234902358129,-0.44383332026691408,0.44383332026691408,0.99991022112752526,-8.9782902838966784e-05,8.9782902838966784e-05,0.44374353736407512
943,10155,0.99929283613472963,-0.00070741402357877355,0.00070741402357877355,0.99999977003150864,-2.299685177647756e-07,2.299685177647756e-07,0.00070718405506100873
944,49,0.99997840377683267,-2.1596456369101006e-05,2.1596456369101006e-05,0.99999998190275996,-1.8097240209183419e-08,1.8097240209183419e-08,2.1578359128891822e-05
945,8,0.99961318184255321,-0.00038689299088878856,0.00038689299088878856,0.99999643373417824,-3.5662721808785794e-06,3.5662721808785794e-06,0.00038332671870790999
946,73547,0.97565856756508373,-0.024642582087707088,0.024642582087707088,0.99999836232682926,-1.6376745117162758e-06,1.6376745117162758e-06,0.024640944413195372
947,323,0.95998903896275456,-0.040833412332568757,0.040833412332568757,0.99999071644912363,-9.2835939688493865e-06,9.2835939688493865e-06,0.040824128738599905
948,279,0.9990351306697921,-0.00096533511625929744,0.00096533511625929744,0.99999768952467105,-2.3104779980772597e-06,2.3104779980772597e-06,0.00096302463826122018
949,4409,0.95044633477478957,-0.05082357864253971,0.05082357864253971,0.99999499555690685,-5.0044556153615227e-06,5.0044556153615227e-06,0.050818574186924349
950,3907,0.99993076229317013,-6.9240103870486506e-05,6.9240103870486506e-05,0.99999142523563611,-8.5748011273610046e-06,8.5748011273610046e-06,6.06653027431255e-05
951,315,0.99998345413282819,-1.6546004056161904e-05,1.6546004056161904e-05,0.99999874686324053,-1.2531375445937389e-06,1.2531375445937389e-06,1.5292866511568165e-05
952,19730,0.99994554381155543,-5.4457671236635635e-05,5.4457671236635635e-05,0.9999909354689438,-9.0645721393397452e-06,9.0645721393397452e-06,4.5393099097295891e-05
953,18711,0.99999580585484116,-4.1941539542950318e-06,4.1941539542950318e-06,0.99999873617853818,-1.2638222604707592e-06,1.2638222604707592e-06,2.9303316938242725e-06
954,13,0.98110557999436832,-0.01907520034107623,0.01907520034107623,0.9967938464511541,-0.0032113042714200651,0.0032113042714200651,0.015863896069656165
955,578,0.9325159432987602,-0.069869030239000249,0.069869030239000249,0.9952637394435192,-0.004747512179647217,0.004747512179647217,0.065121518059353026
956,75771,0.98518892603877306,-0.014921853116859349,0.014921853116859349,0.97123825578475576,-0.029183469229494254,0.029183469229494254,-0.014261616112634904
957,73547,0.95503915052177013,-0.046002944030937527,0.046002944030937527,0.9998600276893681,-0.00013998210767000849,0.00013998210767000849,0.045862961923267519
958,11136,0.98447186120424002,-0.015649963125299666,0.015649963125299666,0.72470669688270306,-0.32198826200618569,0.32198826200618569,-0.30633829888088604
959,459,0.10023017105932945,-2.3002860272788603,2.3002860272788603,0.97627894220242306,-0.024006931965586422,0.024006931965586422,2.2762790953132739
960,11838,0.99969132091927804,-0.00030872673191565026,0.00030872673191565026,0.999980784148644,-1.9216035982870672e-05,1.9216035982870672e-05,0.0002895106959327796
961,2134,0.94665014121875868,-0.054825693106418549,0.054825693106418549,0.99998211013790161,-1.7890022123858833e-05,1.7890022123858833e-05,0.054807803084294691
962,18057,0.99997653107672757,-2.3469198671923658e-05,2.3469198671923658e-05,0.99998332439938442,-1.6675739654995969e-05,1.6675739654995969e-05,6.7934590169276889e-06
963,389,0.7650177785252128,-0.26785620552340467,0.26785620552340467,0.99998134926577764,-1.8650908149500153e-05,1.8650908149500153e-05,0.26783755461525516
964,5587,0.99955091082463432,-0.00044919004611048438,0.00044919004611048438,0.99994388362144049,-5.611795314238331e-05,5.611795314238331e-05,0.00039307209296810105
965,220,0.99999082772945491,-9.1723126106686792e-06,9.1723126106686792e-06,0.99999951551415367,-4.8448596366823307e-07,4.8448596366823307e-07,8.6878266470004462e-06
966,20,0.99979168802539764,-0.00020833367455540299,0.00020833367455540299,0.99999864310756603,-1.356893354581631e-06,1.356893354581631e-06,0.00020697678120082136
967,11,0.99996599971611433,-3.4000861908396942e-05,3.4000861908396942e-05,0.99999843003289446,-1.5699683379465598e-06,1.5699683379465598e-06,3.243089357045038e-05
968,220,0.99979200016643388,-0.00020802146853164446,0.00020802146853164446,0.99999692250115702,-3.0775035784454765e-06,3.0775035784454765e-06,0.00020494396495319899
969,1049,0.99998702980106968,-1.2970283044042058e-05,1.2970283044042058e-05,0.99999953408174502,-4.6591836348572831e-07,4.6591836348572831e-07,1.2504364680556329e-05
970,18,0.9999782810921406,-2.1719143718310812e-05,2.1719143718310812e-05,0.99999902603817881,-9.7396229546659152e-07,9.7396229546659152e-07,2.0745181422844221e-05
971,11,0.99998781792571878,-1.2182148483280331e-05,1.2182148483280331e-05,0.99999763332523373,-2.3666775668768988e-06,2.3666775668768988e-06,9.8154709164034319e-06
972,27401,0.689196684682986,-0.37222858472445652,0.37222858472445652,0.99966993114815161,-0.00033012333656133618,0.00033012333656133618,0.37189846138789517
973,279,0.99977553607812919,-0.0002244891176674085,0.0002244891176674085,0.99999856470813897,-1.4352928910149076e-06,1.4352928910149076e-06,0.00022305382477639361
974,29736,0.99997171289530751,-2.8287504780176651e-05,2.8287504780176651e-05,0.99999740214132882,-2.5978620456710026e-06,2.5978620456710026e-06,2.5689642734505647e-05
975,315,0.9999961676013116,-3.832406032082079e-06,3.832406032082079e-06,0.99999903780741073,-9.6219305217820162e-07,9.6219305217820162e-07,2.8702129799038771e-06
976,3221,0.99965463541935584,-0.00034542423272585355,0.00034542423272585355,0.99999838501590865,-1.6149853953933963e-06,1.6149853953933963e-06,0.00034380924733046014
977,78526,0.99878866582577308,-0.0012120684324823283,0.0012120684324823283,0.9999735873450416,-2.6413003778659198e-05,2.6413003778659198e-05,0.0011856554287036692
978,35148,0.99995621411272517,-4.3786845904782287e-05,4.3786845904782287e-05,0.99999738525641335,-2.6147470050590719e-06,2.6147470050590719e-06,4.1172098899723214e-05
979,32343,0.99990838845569607,-9.16157408977116e-05,9.16157408977116e-05,0.99989320241604684,-0.00010680328722118816,0.00010680328722118816,-1.5187546323476559e-05
980,606,0.99983903028008425,-0.0001609826769316262,0.0001609826769316262,0.99999976993363437,-2.3006639211753388e-07,2.3006639211753388e-07,0.00016075261053950866
981,5820,0.99998942545252201,-1.0574603388895457e-05,1.0574603388895457e-05,0.99999587523026101,-4.124778245914309e-06,4.124778245914309e-06,6.4498251429811483e-06
982,439,0.46270931525710612,-0.77065625088128997,0.77065625088128997,0.99936245866370854,-0.00063774465218865604,0.00063774465218865604,0.77001850622910128
983,264,0.99975906310899809,-0.00024096592095767573,0.00024096592095767573,0.99999885241225028,-1.1475884081836278e-06,1.1475884081836278e-06,0.00023981833254949211
984,1121,0.99998345883509066,-1.6541301715945894e-05,1.6541301715945894e-05,0.99999786757522524,-2.1324270483862351e-06,2.1324270483862351e-06,1.4408874667559658e-05
985,315,0.99999385369225258,-6.1463266360558648e-06,6.1463266360558648e-06,0.99999739864034065,-2.6013630429434505e-06,2.6013630429434505e-06,3.5449635931124143e-06
986,28448,0.99994145968439141,-5.854202915977725e-05,5.854202915977725e-05,0.99999535195818423,-4.648052617940697e-06,4.648052617940697e-06,5.3893976541836551e-05
987,21277,0.99990315832568133,-9.6846363776367984e-05,9.6846363776367984e-05,0.99993802561660761,-6.1976303883841651e-05,6.1976303883841651e-05,3.4870059892526333e-05
988,9581,0.99996074126039913,-3.9259510245400773e-05,3.9259510245400773e-05,0.99999409214374957,-5.9078737018803069e-06,5.9078737018803069e-06,3.3351636543520462e-05
989,7479,0.97579161302062201,-0.024506226615179028,0.024506226615179028,0.99999769051684573,-2.3094858211415077e-06,2.3094858211415077e-06,0.024503917129357886
990,20472,0.99958103278313626,-0.00041905500815010455,0.00041905500815010455,0.99998716415128652,-1.2835931093654863e-05,1.2835931093654863e-05,0.00040621907705644969
991,13,0.99944887936631821,-0.00055127255647932692,0.00055127255647932692,0.99994838146106335,-5.1619871219258792e-05,5.1619871219258792e-05,0.00049965268526006815
992,578,0.99545290462280467,-0.0045574648613423982,0.0045574648613423982,0.99925320560942299,-0.0007470733804153017,0.0007470733804153017,0.0038103914809270965
993,18057,0.15249455973197798,-1.880626357459668,1.880626357459668,0.77031273694068081,-0.26095869472073857,0.26095869472073857,1.6196676627389295
994,16717,0.99652114807282577,-0.0034849172034240395,0.0034849172034240395,0.99986708118132328,-0.00013292765316573937,0.00013292765316573937,0.0033519895502583
995,279,0.43049902475431195,-0.84281022049598386,0.84281022049598386,0.99999182532098918,-8.1747124236449865e-06,8.1747124236449865e-06,0.84280204578356022
996,4754,0.0071270963768806754,-4.9438513677699607,4.9438513677699607,0.99999666835074252,-3.3316548074071576e-06,3.3316548074071576e-06,4.9438480361151536
997,369,0.9997780666419841,-0.00022195798886793944,0.00022195798886793944,0.99999691819174641,-3.0818130024253959e-06,3.0818130024253959e-06,0.00021887617586551406
998,220,0.99996386750525879,-3.613314753557878e-05,3.613314753557878e-05,0.9999948645136445,-5.135499542148476e-06,5.135499542148476e-06,3.0997647993430305e-05
999,1627,0.99963593232672432,-0.00036413396200053874,0.00036413396200053874,0.99999183293891736,-8.1670944332579424e-06,8.1670944332579424e-06,0.00035596686756728081
1000,12,0.98910081014034745,-0.010959021168486736,0.010959021168486736,0.99993903435808862,-6.0967500391682348e-05,6.0967500391682348e-05,0.010898053668095055
1001,1544,0.99344748361385726,-0.0065740783633899758,0.0065740783633899758,0.99999398009303375,-6.0199250859186013e-06,6.0199250859186013e-06,0.006568058438304057
1002,35148,0.98109112987995251,-0.019089928848512124,0.019089928848512124,0.99999210049119047,-7.8995400108292287e-06,7.8995400108292287e-06,0.019082029308501294
1003,44583,0.99892522879971235,-0.0010753491810225851,0.0010753491810225851,0.99995134367545024,-4.8657508307152302e-05,4.8657508307152302e-05,0.0010266916727154328
1004,11,0.721488268134588,-0.32643916128213435,0.32643916128213435,0.99959141923893835,-0.000408664252923733,0.000408664252923733,0.32603049702921061
1005,7863,0.91737548041650308,-0.086238424430983188,0.086238424430983188,0.99998946395430499,-1.0536101199523464e-05,1.0536101199523464e-05,0.086227888329783661
1006,311,0.99996691945303717,-3.3081094136224373e-05,3.3081094136224373e-05,0.99999814098561624,-1.8590161116956095e-06,1.8590161116956095e-06,3.1222078024528767e-05
1007,279,0.99977407723468625,-0.00022594828970607511,0.00022594828970607511,0.99999540402375309,-4.5959868084524843e-06,4.5959868084524843e-06,0.00022135230289762264
1008,220,0.99755162741788983,-0.002451374747541377,0.002451374747541377,0.99999718068821974,-2.8193157545118438e-06,2.8193157545118438e-06,0.0024485554317868652
1009,605,0.99949481126949002,-0.00050531638133031217,0.00050531638133031217,0.9999972520790934,-2.7479246821207589e-06,2.7479246821207589e-06,0.00050256845664819138
1010,12,0.85044055083387815,-0.16200076866760757,0.16200076866760757,0.99983379829773322,-0.00016621551530016931,0.00016621551530016931,0.16183455315230741
1011,323,0.9874473211474909,-0.012632129303218149,0.012632129303218149,0.99999588978839016,-4.1102200568070419e-06,4.1102200568070419e-06,0.012628019083161341
1012,220,0.99996882901395956,-3.1171471865704418e-05,3.1171471865704418e-05,0.99999347932488403,-6.5206963756185833e-06,6.5206963756185833e-06,2.4650775490085836e-05
1013,966,0.99990888391948729,-9.1120231834991968e-05,9.1120231834991968e-05,0.99999993980659474,-6.0193407112313269e-08,6.0193407112313269e-08,9.1060038427879652e-05
1014,4771,0.99962071001772113,-0.00037936193091766819,0.00037936193091766819,0.9999897349677902,-1.0265084895568854e-05,1.0265084895568854e-05,0.00036909684602209935
1015,5578,0.98132707948346831,-0.018849460630752025,0.018849460630752025,0.99997448627975227,-2.551404572819742e-05,2.551404572819742e-05,0.018823946585023829
1016,315,0.99800356070054286,-0.0019984348408225178,0.0019984348408225178,0.99999361503636264,-6.3849840213642549e-06,6.3849840213642549e-06,0.0019920498568011535
1017,220,0.99998560421629268,-1.4395887327595676e-05,1.4395887327595676e-05,0.9999955095610753,-4.4904490067094116e-06,4.4904490067094116e-06,9.9054383208862643e-06
1018,1544,0.97716932992185912,-0.023095325762542123,0.023095325762542123,0.99999903248230848,-9.6751815961335748e-07,9.6751815961335748e-07,0.02309435824438251
1019,13,0.72022915843500668,-0.32818584200679574,0.32818584200679574,0.99999878355107086,-1.2164496689722374e-06,1.2164496689722374e-06,0.32818462555712674
1020,23,0.99403965812209139,-0.0059781756143131651,0.0059781756143131651,0.99999374555578946,-6.2544637696054382e-06,6.2544637696054382e-06,0.0059719211505435592
1021,323,0.00045076534416567133,-7.7045636550499905,7.7045636550499905,0.99999708140101196,-2.9186032472148299e-06,2.9186032472148299e-06,7.7045607364467434
1022,220,0.99701303604221359,-0.0029914338377617046,0.0029914338377617046,0.99998766801409944,-1.2332061940164728e-05,1.2332061940164728e-05,0.0029791017758215399
1023,1627,0.098090445423599973,-2.321865313447725,2.321865313447725,0.99999996379975675,-3.6200243924502747e-08,3.6200243924502747e-08,2.3218652772474808
