ggml_metal_device_init: tensor API disabled for pre-M5 and pre-A19 devices
ggml_metal_library_init: using embedded metal library
ggml_metal_library_init: loaded in 0.022 sec
ggml_metal_rsets_init: creating a residency set collection (keep_alive = 180 s)
ggml_metal_device_init: GPU name:   MTL0
ggml_metal_device_init: GPU family: MTLGPUFamilyApple7  (1007)
ggml_metal_device_init: GPU family: MTLGPUFamilyCommon3 (3003)
ggml_metal_device_init: GPU family: MTLGPUFamilyMetal4  (5002)
ggml_metal_device_init: simdgroup reduction   = true
ggml_metal_device_init: simdgroup matrix mul. = true
ggml_metal_device_init: has unified memory    = true
ggml_metal_device_init: has bfloat            = true
ggml_metal_device_init: has tensor            = false
ggml_metal_device_init: use residency sets    = true
ggml_metal_device_init: use shared buffers    = true
ggml_metal_device_init: recommendedMaxWorkingSetSize  = 12713.12 MB
build: 8138 (2e37921fb) with AppleClang 17.0.0.17000603 for Darwin arm64
srv    load_model: loading model '../models/Meta-Llama-3.1-8B-Instruct-Q4_K_M.gguf'
common_init_result: fitting params to device memory, for bugs during this step try to reproduce them with -fit off, or provide --verbose logs if the bug only occurs with -fit on
llama_params_fit_impl: projected to use 4789 MiB of device memory vs. 12123 MiB of free device memory
llama_params_fit_impl: will leave 7333 >= 1024 MiB of free device memory, no changes needed
llama_params_fit: successfully fit params to free device memory
llama_params_fit: fitting params to free memory took 0.19 seconds
llama_model_load_from_file_impl: using device MTL0 (Apple M1 Pro) (unknown id) - 12123 MiB free
llama_model_loader: loaded meta data with 33 key-value pairs and 292 tensors from ../models/Meta-Llama-3.1-8B-Instruct-Q4_K_M.gguf (version GGUF V3 (latest))
llama_model_loader: Dumping metadata keys/values. Note: KV overrides do not apply in this output.
llama_model_loader: - kv   0:                       general.architecture str              = llama
llama_model_loader: - kv   1:                               general.type str              = model
llama_model_loader: - kv   2:                               general.name str              = Meta Llama 3.1 8B Instruct
llama_model_loader: - kv   3:                           general.finetune str              = Instruct
llama_model_loader: - kv   4:                           general.basename str              = Meta-Llama-3.1
llama_model_loader: - kv   5:                         general.size_label str              = 8B
llama_model_loader: - kv   6:                            general.license str              = llama3.1
llama_model_loader: - kv   7:                               general.tags arr[str,6]       = ["facebook", "meta", "pytorch", "llam...
llama_model_loader: - kv   8:                          general.languages arr[str,8]       = ["en", "de", "fr", "it", "pt", "hi", ...
llama_model_loader: - kv   9:                          llama.block_count u32              = 32
llama_model_loader: - kv  10:                       llama.context_length u32              = 131072
llama_model_loader: - kv  11:                     llama.embedding_length u32              = 4096
llama_model_loader: - kv  12:                  llama.feed_forward_length u32              = 14336
llama_model_loader: - kv  13:                 llama.attention.head_count u32              = 32
llama_model_loader: - kv  14:              llama.attention.head_count_kv u32              = 8
llama_model_loader: - kv  15:                       llama.rope.freq_base f32              = 500000.000000
llama_model_loader: - kv  16:     llama.attention.layer_norm_rms_epsilon f32              = 0.000010
llama_model_loader: - kv  17:                          general.file_type u32              = 15
llama_model_loader: - kv  18:                           llama.vocab_size u32              = 128256
llama_model_loader: - kv  19:                 llama.rope.dimension_count u32              = 128
llama_model_loader: - kv  20:                       tokenizer.ggml.model str              = gpt2
llama_model_loader: - kv  21:                         tokenizer.ggml.pre str              = llama-bpe
llama_model_loader: - kv  22:                      tokenizer.ggml.tokens arr[str,128256]  = ["!", "\"", "#", "$", "%", "&", "'", ...
llama_model_loader: - kv  23:                  tokenizer.ggml.token_type arr[i32,128256]  = [1, 1, 1, 1, 1, 1, 1, 1, 1, 1, 1, 1, ...
llama_model_loader: - kv  24:                      tokenizer.ggml.merges arr[str,280147]  = ["Ġ Ġ", "Ġ ĠĠĠ", "ĠĠ ĠĠ", "...
llama_model_loader: - kv  25:                tokenizer.ggml.bos_token_id u32              = 128000
llama_model_loader: - kv  26:                tokenizer.ggml.eos_token_id u32              = 128009
llama_model_loader: - kv  27:                    tokenizer.chat_template str              = {{- bos_token }}\n{%- if custom_tools ...
llama_model_loader: - kv  28:               general.quantization_version u32              = 2
llama_model_loader: - kv  29:                      quantize.imatrix.file str              = /models_out/Meta-Llama-3.1-8B-Instruc...
llama_model_loader: - kv  30:                   quantize.imatrix.dataset str              = /training_dir/calibration_datav3.txt
llama_model_loader: - kv  31:             quantize.imatrix.entries_count i32              = 224
llama_model_loader: - kv  32:              quantize.imatrix.chunks_count i32              = 125
llama_model_loader: - type  f32:   66 tensors
llama_model_loader: - type q4_K:  193 tensors
llama_model_loader: - type q6_K:   33 tensors
print_info: file format = GGUF V3 (latest)
print_info: file type   = Q4_K - Medium
print_info: file size   = 4.58 GiB (4.89 BPW) 
load: 0 unused tokens
load: printing all EOG tokens:
load:   - 128001 ('<|end_of_text|>')
load:   - 128008 ('<|eom_id|>')
load:   - 128009 ('<|eot_id|>')
load: special tokens cache size = 256
load: token to piece cache size = 0.7999 MB
print_info: arch                  = llama
print_info: vocab_only            = 0
print_info: no_alloc              = 0
print_info: n_ctx_train           = 131072
print_info: n_embd                = 4096
print_info: n_embd_inp            = 4096
print_info: n_layer               = 32
print_info: n_head                = 32
print_info: n_head_kv             = 8
print_info: n_rot                 = 128
print_info: n_swa                 = 0
print_info: is_swa_any            = 0
print_info: n_embd_head_k         = 128
print_info: n_embd_head_v         = 128
print_info: n_gqa                 = 4
print_info: n_embd_k_gqa          = 1024
print_info: n_embd_v_gqa          = 1024
print_info: f_norm_eps            = 0.0e+00
print_info: f_norm_rms_eps        = 1.0e-05
print_info: f_clamp_kqv           = 0.0e+00
print_info: f_max_alibi_bias      = 0.0e+00
print_info: f_logit_scale         = 0.0e+00
print_info: f_attn_scale          = 0.0e+00
print_info: n_ff                  = 14336
print_info: n_expert              = 0
print_info: n_expert_used         = 0
print_info: n_expert_groups       = 0
print_info: n_group_used          = 0
print_info: causal attn           = 1
print_info: pooling type          = 0
print_info: rope type             = 0
print_info: rope scaling          = linear
print_info: freq_base_train       = 500000.0
print_info: freq_scale_train      = 1
print_info: n_ctx_orig_yarn       = 131072
print_info: rope_yarn_log_mul     = 0.0000
print_info: rope_finetuned        = unknown
print_info: model type            = 8B
print_info: model params          = 8.03 B
print_info: general.name          = Meta Llama 3.1 8B Instruct
print_info: vocab type            = BPE
print_info: n_vocab               = 128256
print_info: n_merges              = 280147
print_info: BOS token             = 128000 '<|begin_of_text|>'
print_info: EOS token             = 128009 '<|eot_id|>'
print_info: EOT token             = 128001 '<|end_of_text|>'
print_info: EOM token             = 128008 '<|eom_id|>'
print_info: LF token              = 198 'Ċ'
print_info: EOG token             = 128001 '<|end_of_text|>'
print_info: EOG token             = 128008 '<|eom_id|>'
print_info: EOG token             = 128009 '<|eot_id|>'
print_info: max token length      = 256
load_tensors: loading model tensors, this can take a while... (mmap = true, direct_io = false)
load_tensors: offloading output layer to GPU
load_tensors: offloading 31 repeating layers to GPU
load_tensors: offloaded 33/33 layers to GPU
load_tensors:   CPU_Mapped model buffer size =   281.81 MiB
load_tensors:  MTL0_Mapped model buffer size =  4685.30 MiB
........................................................................................
common_init_result: added <|end_of_text|> logit bias = -inf
common_init_result: added <|eom_id|> logit bias = -inf
common_init_result: added <|eot_id|> logit bias = -inf
llama_context: constructing llama_context
llama_context: n_seq_max     = 1
llama_context: n_ctx         = 1024
llama_context: n_ctx_seq     = 1024
llama_context: n_batch       = 1024
llama_context: n_ubatch      = 512
llama_context: causal_attn   = 1
llama_context: flash_attn    = disabled
llama_context: kv_unified    = false
llama_context: freq_base     = 500000.0
llama_context: freq_scale    = 1
llama_context: n_ctx_seq (1024) < n_ctx_train (131072) -- the full capacity of the model will not be utilized
ggml_metal_init: allocating
ggml_metal_init: found device: Apple M1 Pro
ggml_metal_init: picking default device: Apple M1 Pro
ggml_metal_init: use fusion         = true
ggml_metal_init: use concurrency    = true
ggml_metal_init: use graph optimize = true
llama_context:        CPU  output buffer size =     0.49 MiB
llama_kv_cache:       MTL0 KV buffer size =   128.00 MiB
llama_kv_cache: size =  128.00 MiB (  1024 cells,  32 layers,  1/1 seqs), K (f16):   64.00 MiB, V (f16):   64.00 MiB
sched_reserve: reserving ...
sched_reserve:       MTL0 compute buffer size =   258.50 MiB
sched_reserve:        CPU compute buffer size =    22.01 MiB
sched_reserve: graph nodes  = 1158
sched_reserve: graph splits = 2
sched_reserve: reserve took 45.47 ms, sched copies = 1
common_init_from_params: warming up the model with an empty run - please wait ... (--no-warmup to disable)
srv    load_model: initializing slots, n_slots = 1
no implementations specified for speculative decoding
slot   load_model: id  0 | task -1 | speculative decoding context not initialized
slot   load_model: id  0 | task -1 | new slot, n_ctx = 1024
srv    load_model: prompt cache is enabled, size limit: 8192 MiB
srv    load_model: use `--cache-ram 0` to disable the prompt cache
srv    load_model: for more info see https://github.com/ggml-org/llama.cpp/pull/16391
init: chat template, example_format: '<|start_header_id|>system<|end_header_id|>

Environment: ipython
Tools: 

Cutting Knowledge Date: December 2023
Today Date: 14 Aug 2026

You are a helpful assistant<|eot_id|><|start_header_id|>user<|end_header_id|>

Hello<|eot_id|><|start_header_id|>assistant<|end_header_id|>

Hi there<|eot_id|><|start_header_id|>user<|end_header_id|>

How are you?<|eot_id|><|start_header_id|>assistant<|end_header_id|>

'
srv          init: init: chat template, thinking = 0
srv  update_slots: all slots are idle
slot get_availabl: id  0 | task -1 | selected slot by LRU, t_last = -1
slot launch_slot_: id  0 | task -1 | sampler chain: logits -> logit-bias -> ?penalties -> ?dry -> ?top-n-sigma -> top-k -> ?typical -> top-p -> min-p -> ?xtc -> temp-ext -> dist 
slot launch_slot_: id  0 | task 0 | processing task, is_child = 0
slot update_slots: id  0 | task 0 | new prompt, n_ctx_slot = 1024, n_keep = 0, task.n_tokens = 885
slot update_slots: id  0 | task 0 | n_tokens = 0, memory_seq_rm [0, end)
slot update_slots: id  0 | task 0 | prompt processing progress, n_tokens = 885, batch.n_tokens = 885, progress = 1.000000
slot update_slots: id  0 | task 0 | prompt done, n_tokens = 885, batch.n_tokens = 885
slot init_sampler: id  0 | task 0 | init sampler, took 0.09 ms, tokens: text = 885, total = 885
slot update_slots: id  0 | task 0 | h2o eviction, prefix_keep = 1, recent_keep = 255, victim = [469,470), score = 2.815563
slot update_slots: id  0 | task 0 | h2o eviction, prefix_keep = 1, recent_keep = 255, victim = [468,469), score = 3.138292
slot update_slots: id  0 | task 0 | h2o eviction, prefix_keep = 1, recent_keep = 255, victim = [472,473), score = 3.343836
slot update_slots: id  0 | task 0 | h2o eviction, prefix_keep = 1, recent_keep = 255, victim = [377,378), score = 3.591180
slot update_slots: id  0 | task 0 | h2o eviction, prefix_keep = 1, recent_keep = 255, victim = [317,318), score = 3.682481
slot update_slots: id  0 | task 0 | h2o eviction, prefix_keep = 1, recent_keep = 255, victim = [675,676), score = 3.953377
slot update_slots: id  0 | task 0 | h2o eviction, prefix_keep = 1, recent_keep = 255, victim = [727,728), score = 3.955001
slot update_slots: id  0 | task 0 | h2o eviction, prefix_keep = 1, recent_keep = 255, victim = [692,693), score = 4.002569
slot update_slots: id  0 | task 0 | h2o eviction, prefix_keep = 1, recent_keep = 255, victim = [590,591), score = 4.041506
slot update_slots: id  0 | task 0 | h2o eviction, prefix_keep = 1, recent_keep = 255, victim = [724,725), score = 4.055367
slot update_slots: id  0 | task 0 | h2o eviction, prefix_keep = 1, recent_keep = 255, victim = [316,317), score = 4.059720
slot update_slots: id  0 | task 0 | h2o eviction, prefix_keep = 1, recent_keep = 255, victim = [292,293), score = 4.062880
slot update_slots: id  0 | task 0 | h2o eviction, prefix_keep = 1, recent_keep = 255, victim = [669,670), score = 4.236250
slot update_slots: id  0 | task 0 | h2o eviction, prefix_keep = 1, recent_keep = 255, victim = [464,465), score = 4.258511
slot update_slots: id  0 | task 0 | h2o eviction, prefix_keep = 1, recent_keep = 255, victim = [609,610), score = 4.386503
slot update_slots: id  0 | task 0 | h2o eviction, prefix_keep = 1, recent_keep = 255, victim = [586,587), score = 4.453223
slot update_slots: id  0 | task 0 | h2o eviction, prefix_keep = 1, recent_keep = 255, victim = [766,767), score = 4.515182
slot update_slots: id  0 | task 0 | h2o eviction, prefix_keep = 1, recent_keep = 255, victim = [292,293), score = 4.530562
slot update_slots: id  0 | task 0 | h2o eviction, prefix_keep = 1, recent_keep = 255, victim = [684,685), score = 4.694810
slot update_slots: id  0 | task 0 | h2o eviction, prefix_keep = 1, recent_keep = 255, victim = [767,768), score = 4.356409
slot update_slots: id  0 | task 0 | h2o eviction, prefix_keep = 1, recent_keep = 255, victim = [473,474), score = 4.864789
slot update_slots: id  0 | task 0 | h2o eviction, prefix_keep = 1, recent_keep = 255, victim = [404,405), score = 4.883383
slot update_slots: id  0 | task 0 | h2o eviction, prefix_keep = 1, recent_keep = 255, victim = [36,37), score = 4.944747
slot update_slots: id  0 | task 0 | h2o eviction, prefix_keep = 1, recent_keep = 255, victim = [312,313), score = 5.035107
slot update_slots: id  0 | task 0 | h2o eviction, prefix_keep = 1, recent_keep = 255, victim = [445,446), score = 5.087213
slot update_slots: id  0 | task 0 | h2o eviction, prefix_keep = 1, recent_keep = 255, victim = [311,312), score = 5.095370
slot update_slots: id  0 | task 0 | h2o eviction, prefix_keep = 1, recent_keep = 255, victim = [309,310), score = 5.155780
slot update_slots: id  0 | task 0 | h2o eviction, prefix_keep = 1, recent_keep = 255, victim = [767,768), score = 4.857278
slot update_slots: id  0 | task 0 | h2o eviction, prefix_keep = 1, recent_keep = 255, victim = [686,687), score = 5.271122
slot update_slots: id  0 | task 0 | h2o eviction, prefix_keep = 1, recent_keep = 255, victim = [413,414), score = 5.319622
slot update_slots: id  0 | task 0 | h2o eviction, prefix_keep = 1, recent_keep = 255, victim = [469,470), score = 5.340080
slot update_slots: id  0 | task 0 | h2o eviction, prefix_keep = 1, recent_keep = 255, victim = [390,391), score = 5.347855
slot update_slots: id  0 | task 0 | h2o eviction, prefix_keep = 1, recent_keep = 255, victim = [467,468), score = 5.406086
slot update_slots: id  0 | task 0 | h2o eviction, prefix_keep = 1, recent_keep = 255, victim = [426,427), score = 5.422624
slot update_slots: id  0 | task 0 | h2o eviction, prefix_keep = 1, recent_keep = 255, victim = [309,310), score = 5.464310
slot update_slots: id  0 | task 0 | h2o eviction, prefix_keep = 1, recent_keep = 255, victim = [323,324), score = 5.466300
slot update_slots: id  0 | task 0 | h2o eviction, prefix_keep = 1, recent_keep = 255, victim = [522,523), score = 5.649323
slot update_slots: id  0 | task 0 | h2o eviction, prefix_keep = 1, recent_keep = 255, victim = [652,653), score = 5.719719
slot update_slots: id  0 | task 0 | h2o eviction, prefix_keep = 1, recent_keep = 255, victim = [767,768), score = 5.561234
slot update_slots: id  0 | task 0 | h2o eviction, prefix_keep = 1, recent_keep = 255, victim = [615,616), score = 5.754936
slot update_slots: id  0 | task 0 | h2o eviction, prefix_keep = 1, recent_keep = 255, victim = [767,768), score = 5.280906
slot update_slots: id  0 | task 0 | h2o eviction, prefix_keep = 1, recent_keep = 255, victim = [767,768), score = 5.473261
slot update_slots: id  0 | task 0 | h2o eviction, prefix_keep = 1, recent_keep = 255, victim = [767,768), score = 4.411892
slot update_slots: id  0 | task 0 | h2o eviction, prefix_keep = 1, recent_keep = 255, victim = [660,661), score = 5.791663
slot update_slots: id  0 | task 0 | h2o eviction, prefix_keep = 1, recent_keep = 255, victim = [748,749), score = 5.865261
slot update_slots: id  0 | task 0 | h2o eviction, prefix_keep = 1, recent_keep = 255, victim = [591,592), score = 5.920995
slot update_slots: id  0 | task 0 | h2o eviction, prefix_keep = 1, recent_keep = 255, victim = [435,436), score = 5.996170
slot update_slots: id  0 | task 0 | h2o eviction, prefix_keep = 1, recent_keep = 255, victim = [767,768), score = 2.974339
slot update_slots: id  0 | task 0 | h2o eviction, prefix_keep = 1, recent_keep = 255, victim = [767,768), score = 3.538155
slot update_slots: id  0 | task 0 | h2o eviction, prefix_keep = 1, recent_keep = 255, victim = [767,768), score = 4.515671
slot update_slots: id  0 | task 0 | h2o eviction, prefix_keep = 1, recent_keep = 255, victim = [767,768), score = 3.961434
slot update_slots: id  0 | task 0 | h2o eviction, prefix_keep = 1, recent_keep = 255, victim = [767,768), score = 4.441538
slot update_slots: id  0 | task 0 | h2o eviction, prefix_keep = 1, recent_keep = 255, victim = [453,454), score = 6.069246
slot update_slots: id  0 | task 0 | h2o eviction, prefix_keep = 1, recent_keep = 255, victim = [693,694), score = 6.121445
slot update_slots: id  0 | task 0 | h2o eviction, prefix_keep = 1, recent_keep = 255, victim = [554,555), score = 6.167469
slot update_slots: id  0 | task 0 | h2o eviction, prefix_keep = 1, recent_keep = 255, victim = [767,768), score = 5.929853
slot update_slots: id  0 | task 0 | h2o eviction, prefix_keep = 1, recent_keep = 255, victim = [767,768), score = 5.150229
slot update_slots: id  0 | task 0 | h2o eviction, prefix_keep = 1, recent_keep = 255, victim = [326,327), score = 6.176541
slot update_slots: id  0 | task 0 | h2o eviction, prefix_keep = 1, recent_keep = 255, victim = [767,768), score = 5.609179
slot update_slots: id  0 | task 0 | h2o eviction, prefix_keep = 1, recent_keep = 255, victim = [643,644), score = 6.228298
slot update_slots: id  0 | task 0 | h2o eviction, prefix_keep = 1, recent_keep = 255, victim = [140,141), score = 6.240590
slot update_slots: id  0 | task 0 | h2o eviction, prefix_keep = 1, recent_keep = 255, victim = [488,489), score = 6.244099
slot update_slots: id  0 | task 0 | h2o eviction, prefix_keep = 1, recent_keep = 255, victim = [763,764), score = 6.289483
slot update_slots: id  0 | task 0 | h2o eviction, prefix_keep = 1, recent_keep = 255, victim = [747,748), score = 6.320390
slot update_slots: id  0 | task 0 | h2o eviction, prefix_keep = 1, recent_keep = 255, victim = [767,768), score = 5.252984
slot update_slots: id  0 | task 0 | h2o eviction, prefix_keep = 1, recent_keep = 255, victim = [550,551), score = 6.340941
slot update_slots: id  0 | task 0 | h2o eviction, prefix_keep = 1, recent_keep = 255, victim = [767,768), score = 6.351575
slot update_slots: id  0 | task 0 | h2o eviction, prefix_keep = 1, recent_keep = 255, victim = [306,307), score = 6.358671
slot update_slots: id  0 | task 0 | h2o eviction, prefix_keep = 1, recent_keep = 255, victim = [767,768), score = 4.672514
slot update_slots: id  0 | task 0 | h2o eviction, prefix_keep = 1, recent_keep = 255, victim = [767,768), score = 4.477168
slot update_slots: id  0 | task 0 | h2o eviction, prefix_keep = 1, recent_keep = 255, victim = [767,768), score = 6.093406
slot update_slots: id  0 | task 0 | h2o eviction, prefix_keep = 1, recent_keep = 255, victim = [562,563), score = 6.372175
slot update_slots: id  0 | task 0 | h2o eviction, prefix_keep = 1, recent_keep = 255, victim = [767,768), score = 5.928505
slot update_slots: id  0 | task 0 | h2o eviction, prefix_keep = 1, recent_keep = 255, victim = [767,768), score = 5.762090
slot update_slots: id  0 | task 0 | h2o eviction, prefix_keep = 1, recent_keep = 255, victim = [145,146), score = 6.385028
slot update_slots: id  0 | task 0 | h2o eviction, prefix_keep = 1, recent_keep = 255, victim = [767,768), score = 5.968281
slot update_slots: id  0 | task 0 | h2o eviction, prefix_keep = 1, recent_keep = 255, victim = [287,288), score = 6.388285
slot update_slots: id  0 | task 0 | h2o eviction, prefix_keep = 1, recent_keep = 255, victim = [767,768), score = 3.961665
slot update_slots: id  0 | task 0 | h2o eviction, prefix_keep = 1, recent_keep = 255, victim = [767,768), score = 4.401289
slot update_slots: id  0 | task 0 | h2o eviction, prefix_keep = 1, recent_keep = 255, victim = [767,768), score = 5.098317
slot update_slots: id  0 | task 0 | h2o eviction, prefix_keep = 1, recent_keep = 255, victim = [767,768), score = 5.652697
slot update_slots: id  0 | task 0 | h2o eviction, prefix_keep = 1, recent_keep = 255, victim = [767,768), score = 4.002234
slot update_slots: id  0 | task 0 | h2o eviction, prefix_keep = 1, recent_keep = 255, victim = [767,768), score = 4.114177
slot update_slots: id  0 | task 0 | h2o eviction, prefix_keep = 1, recent_keep = 255, victim = [429,430), score = 6.405997
slot update_slots: id  0 | task 0 | h2o eviction, prefix_keep = 1, recent_keep = 255, victim = [767,768), score = 5.834751
slot update_slots: id  0 | task 0 | h2o eviction, prefix_keep = 1, recent_keep = 255, victim = [673,674), score = 6.454384
slot update_slots: id  0 | task 0 | h2o eviction, prefix_keep = 1, recent_keep = 255, victim = [670,671), score = 6.497479
slot update_slots: id  0 | task 0 | h2o eviction, prefix_keep = 1, recent_keep = 255, victim = [767,768), score = 5.228143
slot update_slots: id  0 | task 0 | h2o eviction, prefix_keep = 1, recent_keep = 255, victim = [602,603), score = 6.597887
slot update_slots: id  0 | task 0 | h2o eviction, prefix_keep = 1, recent_keep = 255, victim = [767,768), score = 6.038547
slot update_slots: id  0 | task 0 | h2o eviction, prefix_keep = 1, recent_keep = 255, victim = [767,768), score = 4.849194
slot update_slots: id  0 | task 0 | h2o eviction, prefix_keep = 1, recent_keep = 255, victim = [196,197), score = 6.658548
slot update_slots: id  0 | task 0 | h2o eviction, prefix_keep = 1, recent_keep = 255, victim = [143,144), score = 6.714411
slot update_slots: id  0 | task 0 | h2o eviction, prefix_keep = 1, recent_keep = 255, victim = [767,768), score = 5.514371
slot update_slots: id  0 | task 0 | h2o eviction, prefix_keep = 1, recent_keep = 255, victim = [677,678), score = 6.729016
slot update_slots: id  0 | task 0 | h2o eviction, prefix_keep = 1, recent_keep = 255, victim = [767,768), score = 4.647912
slot update_slots: id  0 | task 0 | h2o eviction, prefix_keep = 1, recent_keep = 255, victim = [767,768), score = 4.009714
slot update_slots: id  0 | task 0 | h2o eviction, prefix_keep = 1, recent_keep = 255, victim = [688,689), score = 6.826669
slot update_slots: id  0 | task 0 | h2o eviction, prefix_keep = 1, recent_keep = 255, victim = [549,550), score = 6.863986
slot update_slots: id  0 | task 0 | h2o eviction, prefix_keep = 1, recent_keep = 255, victim = [660,661), score = 6.886980
slot update_slots: id  0 | task 0 | h2o eviction, prefix_keep = 1, recent_keep = 255, victim = [576,577), score = 6.901685
slot update_slots: id  0 | task 0 | h2o eviction, prefix_keep = 1, recent_keep = 255, victim = [767,768), score = 6.021659
slot update_slots: id  0 | task 0 | h2o eviction, prefix_keep = 1, recent_keep = 255, victim = [284,285), score = 6.922456
slot update_slots: id  0 | task 0 | h2o eviction, prefix_keep = 1, recent_keep = 255, victim = [767,768), score = 6.242315
slot update_slots: id  0 | task 0 | h2o eviction, prefix_keep = 1, recent_keep = 255, victim = [767,768), score = 6.009980
slot update_slots: id  0 | task 0 | h2o eviction, prefix_keep = 1, recent_keep = 255, victim = [767,768), score = 4.484811
slot update_slots: id  0 | task 0 | h2o eviction, prefix_keep = 1, recent_keep = 255, victim = [767,768), score = 3.806932
slot update_slots: id  0 | task 0 | h2o eviction, prefix_keep = 1, recent_keep = 255, victim = [767,768), score = 3.919300
slot update_slots: id  0 | task 0 | h2o eviction, prefix_keep = 1, recent_keep = 255, victim = [767,768), score = 4.153474
slot update_slots: id  0 | task 0 | h2o eviction, prefix_keep = 1, recent_keep = 255, victim = [767,768), score = 5.337868
slot update_slots: id  0 | task 0 | h2o eviction, prefix_keep = 1, recent_keep = 255, victim = [767,768), score = 3.472652
slot update_slots: id  0 | task 0 | h2o eviction, prefix_keep = 1, recent_keep = 255, victim = [767,768), score = 3.682735
slot update_slots: id  0 | task 0 | h2o eviction, prefix_keep = 1, recent_keep = 255, victim = [767,768), score = 4.703557
slot update_slots: id  0 | task 0 | h2o eviction, prefix_keep = 1, recent_keep = 255, victim = [703,704), score = 6.937368
slot update_slots: id  0 | task 0 | h2o eviction, prefix_keep = 1, recent_keep = 255, victim = [749,750), score = 6.956151
slot update_slots: id  0 | task 0 | h2o eviction, prefix_keep = 1, recent_keep = 255, victim = [139,140), score = 6.973866
slot update_slots: id  0 | task 0 | h2o eviction, prefix_keep = 1, recent_keep = 255, victim = [27,28), score = 6.990011
slot update_slots: id  0 | task 0 | h2o eviction, prefix_keep = 1, recent_keep = 255, victim = [628,629), score = 7.005072
slot update_slots: id  0 | task 0 | h2o eviction, prefix_keep = 1, recent_keep = 255, victim = [295,296), score = 7.007467
slot update_slots: id  0 | task 0 | h2o eviction, prefix_keep = 1, recent_keep = 255, victim = [428,429), score = 7.018683
slot update_slots: id  0 | task 0 | h2o eviction, prefix_keep = 1, recent_keep = 255, victim = [643,644), score = 7.026444
slot update_slots: id  0 | task 0 | h2o eviction, prefix_keep = 1, recent_keep = 255, victim = [713,714), score = 7.059256
slot update_slots: id  0 | task 0 | h2o eviction, prefix_keep = 1, recent_keep = 255, victim = [254,255), score = 7.070230
slot update_slots: id  0 | task 0 | h2o eviction, prefix_keep = 1, recent_keep = 255, victim = [752,753), score = 7.093592
slot update_slots: id  0 | task 0 | h2o eviction, prefix_keep = 1, recent_keep = 255, victim = [593,594), score = 7.118011
slot update_slots: id  0 | task 0 | h2o eviction, prefix_keep = 1, recent_keep = 255, victim = [281,282), score = 7.147137
slot update_slots: id  0 | task 0 | h2o eviction, prefix_keep = 1, recent_keep = 255, victim = [753,754), score = 7.151665
slot update_slots: id  0 | task 0 | h2o eviction, prefix_keep = 1, recent_keep = 255, victim = [741,742), score = 7.194040
slot update_slots: id  0 | task 0 | h2o eviction, prefix_keep = 1, recent_keep = 255, victim = [266,267), score = 7.215080
slot update_slots: id  0 | task 0 | h2o eviction, prefix_keep = 1, recent_keep = 255, victim = [435,436), score = 7.223476
slot update_slots: id  0 | task 0 | h2o eviction, prefix_keep = 1, recent_keep = 255, victim = [14,15), score = 7.225283
slot update_slots: id  0 | task 0 | h2o eviction, prefix_keep = 1, recent_keep = 255, victim = [688,689), score = 7.235763
slot update_slots: id  0 | task 0 | h2o eviction, prefix_keep = 1, recent_keep = 255, victim = [584,585), score = 7.240583
slot update_slots: id  0 | task 0 | h2o eviction, prefix_keep = 1, recent_keep = 255, victim = [742,743), score = 7.246019
slot update_slots: id  0 | task 0 | h2o eviction, prefix_keep = 1, recent_keep = 255, victim = [683,684), score = 7.248079
slot update_slots: id  0 | task 0 | h2o eviction, prefix_keep = 1, recent_keep = 255, victim = [767,768), score = 6.986525
slot update_slots: id  0 | task 0 | h2o eviction, prefix_keep = 1, recent_keep = 255, victim = [767,768), score = 5.986358
slot update_slots: id  0 | task 0 | h2o eviction, prefix_keep = 1, recent_keep = 255, victim = [767,768), score = 5.147661
slot update_slots: id  0 | task 0 | h2o eviction, prefix_keep = 1, recent_keep = 255, victim = [707,708), score = 7.278296
slot update_slots: id  0 | task 0 | h2o eviction, prefix_keep = 1, recent_keep = 255, victim = [543,544), score = 7.285405
slot update_slots: id  0 | task 0 | h2o eviction, prefix_keep = 1, recent_keep = 255, victim = [187,188), score = 7.289443
slot update_slots: id  0 | task 0 | h2o eviction, prefix_keep = 1, recent_keep = 255, victim = [345,346), score = 7.324468
slot update_slots: id  0 | task 0 | h2o eviction, prefix_keep = 1, recent_keep = 255, victim = [641,642), score = 7.333318
slot update_slots: id  0 | task 0 | h2o eviction, prefix_keep = 1, recent_keep = 255, victim = [767,768), score = 6.055327
slot update_slots: id  0 | task 0 | h2o eviction, prefix_keep = 1, recent_keep = 255, victim = [32,33), score = 7.344679
slot update_slots: id  0 | task 0 | h2o eviction, prefix_keep = 1, recent_keep = 255, victim = [734,735), score = 7.346668
slot update_slots: id  0 | task 0 | h2o eviction, prefix_keep = 1, recent_keep = 255, victim = [632,633), score = 7.371798
slot update_slots: id  0 | task 0 | h2o eviction, prefix_keep = 1, recent_keep = 255, victim = [767,768), score = 6.211075
slot update_slots: id  0 | task 0 | h2o eviction, prefix_keep = 1, recent_keep = 255, victim = [139,140), score = 7.401595
slot update_slots: id  0 | task 0 | h2o eviction, prefix_keep = 1, recent_keep = 255, victim = [729,730), score = 7.421588
slot update_slots: id  0 | task 0 | h2o eviction, prefix_keep = 1, recent_keep = 255, victim = [721,722), score = 7.425949
slot update_slots: id  0 | task 0 | h2o eviction, prefix_keep = 1, recent_keep = 255, victim = [629,630), score = 7.427585
slot update_slots: id  0 | task 0 | h2o eviction, prefix_keep = 1, recent_keep = 255, victim = [237,238), score = 7.443789
slot update_slots: id  0 | task 0 | h2o eviction, prefix_keep = 1, recent_keep = 255, victim = [767,768), score = 4.053404
slot update_slots: id  0 | task 0 | h2o eviction, prefix_keep = 1, recent_keep = 255, victim = [767,768), score = 6.391519
slot update_slots: id  0 | task 0 | h2o eviction, prefix_keep = 1, recent_keep = 255, victim = [726,727), score = 7.462372
slot update_slots: id  0 | task 0 | h2o eviction, prefix_keep = 1, recent_keep = 255, victim = [758,759), score = 7.486454
slot update_slots: id  0 | task 0 | h2o eviction, prefix_keep = 1, recent_keep = 255, victim = [254,255), score = 7.516582
slot update_slots: id  0 | task 0 | h2o eviction, prefix_keep = 1, recent_keep = 255, victim = [726,727), score = 7.584604
slot update_slots: id  0 | task 0 | h2o eviction, prefix_keep = 1, recent_keep = 255, victim = [624,625), score = 7.591720
slot update_slots: id  0 | task 0 | h2o eviction, prefix_keep = 1, recent_keep = 255, victim = [757,758), score = 7.607151
slot update_slots: id  0 | task 0 | h2o eviction, prefix_keep = 1, recent_keep = 255, victim = [647,648), score = 7.618918
slot update_slots: id  0 | task 0 | h2o eviction, prefix_keep = 1, recent_keep = 255, victim = [558,559), score = 7.650303
slot update_slots: id  0 | task 0 | h2o eviction, prefix_keep = 1, recent_keep = 255, victim = [702,703), score = 7.652930
slot update_slots: id  0 | task 0 | h2o eviction, prefix_keep = 1, recent_keep = 255, victim = [250,251), score = 7.715524
slot update_slots: id  0 | task 0 | h2o eviction, prefix_keep = 1, recent_keep = 255, victim = [578,579), score = 7.723933
slot update_slots: id  0 | task 0 | h2o eviction, prefix_keep = 1, recent_keep = 255, victim = [767,768), score = 5.467752
slot update_slots: id  0 | task 0 | h2o eviction, prefix_keep = 1, recent_keep = 255, victim = [279,280), score = 7.760491
slot update_slots: id  0 | task 0 | h2o eviction, prefix_keep = 1, recent_keep = 255, victim = [715,716), score = 7.814201
slot update_slots: id  0 | task 0 | h2o eviction, prefix_keep = 1, recent_keep = 255, victim = [434,435), score = 7.825767
slot update_slots: id  0 | task 0 | h2o eviction, prefix_keep = 1, recent_keep = 255, victim = [629,630), score = 7.839851
slot update_slots: id  0 | task 0 | h2o eviction, prefix_keep = 1, recent_keep = 255, victim = [767,768), score = 6.586202
slot update_slots: id  0 | task 0 | h2o eviction, prefix_keep = 1, recent_keep = 255, victim = [767,768), score = 7.116630
slot update_slots: id  0 | task 0 | h2o eviction, prefix_keep = 1, recent_keep = 255, victim = [685,686), score = 7.858259
slot update_slots: id  0 | task 0 | h2o eviction, prefix_keep = 1, recent_keep = 255, victim = [712,713), score = 7.862260
slot update_slots: id  0 | task 0 | h2o eviction, prefix_keep = 1, recent_keep = 255, victim = [328,329), score = 7.866951
slot update_slots: id  0 | task 0 | h2o eviction, prefix_keep = 1, recent_keep = 255, victim = [767,768), score = 6.931738
slot update_slots: id  0 | task 0 | h2o eviction, prefix_keep = 1, recent_keep = 255, victim = [767,768), score = 4.624054
slot update_slots: id  0 | task 0 | h2o eviction, prefix_keep = 1, recent_keep = 255, victim = [767,768), score = 5.251256
slot update_slots: id  0 | task 0 | h2o eviction, prefix_keep = 1, recent_keep = 255, victim = [767,768), score = 5.477818
slot update_slots: id  0 | task 0 | h2o eviction, prefix_keep = 1, recent_keep = 255, victim = [767,768), score = 6.695074
slot update_slots: id  0 | task 0 | h2o eviction, prefix_keep = 1, recent_keep = 255, victim = [767,768), score = 7.395083
slot update_slots: id  0 | task 0 | h2o eviction, prefix_keep = 1, recent_keep = 255, victim = [767,768), score = 4.639970
slot update_slots: id  0 | task 0 | h2o eviction, prefix_keep = 1, recent_keep = 255, victim = [767,768), score = 6.285529
slot update_slots: id  0 | task 0 | h2o eviction, prefix_keep = 1, recent_keep = 255, victim = [678,679), score = 7.888924
slot update_slots: id  0 | task 0 | h2o eviction, prefix_keep = 1, recent_keep = 255, victim = [714,715), score = 7.970605
slot update_slots: id  0 | task 0 | h2o eviction, prefix_keep = 1, recent_keep = 255, victim = [697,698), score = 7.987309
slot update_slots: id  0 | task 0 | h2o eviction, prefix_keep = 1, recent_keep = 255, victim = [706,707), score = 7.998539
slot update_slots: id  0 | task 0 | h2o eviction, prefix_keep = 1, recent_keep = 255, victim = [708,709), score = 8.035438
slot update_slots: id  0 | task 0 | h2o eviction, prefix_keep = 1, recent_keep = 255, victim = [273,274), score = 8.056664
slot update_slots: id  0 | task 0 | h2o eviction, prefix_keep = 1, recent_keep = 255, victim = [134,135), score = 8.066990
slot update_slots: id  0 | task 0 | h2o eviction, prefix_keep = 1, recent_keep = 255, victim = [494,495), score = 8.069227
slot update_slots: id  0 | task 0 | h2o eviction, prefix_keep = 1, recent_keep = 255, victim = [252,253), score = 8.077329
slot update_slots: id  0 | task 0 | h2o eviction, prefix_keep = 1, recent_keep = 255, victim = [668,669), score = 8.100248
slot update_slots: id  0 | task 0 | h2o eviction, prefix_keep = 1, recent_keep = 255, victim = [242,243), score = 8.117824
slot update_slots: id  0 | task 0 | h2o eviction, prefix_keep = 1, recent_keep = 255, victim = [615,616), score = 8.120328
slot update_slots: id  0 | task 0 | h2o eviction, prefix_keep = 1, recent_keep = 255, victim = [603,604), score = 8.133323
slot update_slots: id  0 | task 0 | h2o eviction, prefix_keep = 1, recent_keep = 255, victim = [516,517), score = 8.159882
slot update_slots: id  0 | task 0 | h2o eviction, prefix_keep = 1, recent_keep = 255, victim = [767,768), score = 5.194602
slot update_slots: id  0 | task 0 | h2o eviction, prefix_keep = 1, recent_keep = 255, victim = [279,280), score = 8.168068
slot update_slots: id  0 | task 0 | h2o eviction, prefix_keep = 1, recent_keep = 255, victim = [659,660), score = 8.180386
slot update_slots: id  0 | task 0 | h2o eviction, prefix_keep = 1, recent_keep = 255, victim = [542,543), score = 8.211066
slot update_slots: id  0 | task 0 | h2o eviction, prefix_keep = 1, recent_keep = 255, victim = [749,750), score = 8.215833
slot update_slots: id  0 | task 0 | h2o eviction, prefix_keep = 1, recent_keep = 255, victim = [522,523), score = 8.224441
slot update_slots: id  0 | task 0 | h2o eviction, prefix_keep = 1, recent_keep = 255, victim = [738,739), score = 8.253385
slot update_slots: id  0 | task 0 | h2o eviction, prefix_keep = 1, recent_keep = 255, victim = [767,768), score = 5.499806
slot update_slots: id  0 | task 0 | h2o eviction, prefix_keep = 1, recent_keep = 255, victim = [206,207), score = 8.266615
slot update_slots: id  0 | task 0 | h2o eviction, prefix_keep = 1, recent_keep = 255, victim = [658,659), score = 8.281072
slot update_slots: id  0 | task 0 | h2o eviction, prefix_keep = 1, recent_keep = 255, victim = [668,669), score = 8.333349
slot update_slots: id  0 | task 0 | h2o eviction, prefix_keep = 1, recent_keep = 255, victim = [767,768), score = 5.948570
slot update_slots: id  0 | task 0 | h2o eviction, prefix_keep = 1, recent_keep = 255, victim = [767,768), score = 4.665943
slot update_slots: id  0 | task 0 | h2o eviction, prefix_keep = 1, recent_keep = 255, victim = [767,768), score = 7.321362
slot update_slots: id  0 | task 0 | h2o eviction, prefix_keep = 1, recent_keep = 255, victim = [767,768), score = 5.516700
slot update_slots: id  0 | task 0 | h2o eviction, prefix_keep = 1, recent_keep = 255, victim = [716,717), score = 8.363117
slot update_slots: id  0 | task 0 | h2o eviction, prefix_keep = 1, recent_keep = 255, victim = [244,245), score = 8.382981
slot update_slots: id  0 | task 0 | h2o eviction, prefix_keep = 1, recent_keep = 255, victim = [620,621), score = 8.418276
slot update_slots: id  0 | task 0 | h2o eviction, prefix_keep = 1, recent_keep = 255, victim = [767,768), score = 6.672702
slot update_slots: id  0 | task 0 | h2o eviction, prefix_keep = 1, recent_keep = 255, victim = [767,768), score = 5.048267
slot update_slots: id  0 | task 0 | h2o eviction, prefix_keep = 1, recent_keep = 255, victim = [767,768), score = 5.659256
slot update_slots: id  0 | task 0 | h2o eviction, prefix_keep = 1, recent_keep = 255, victim = [767,768), score = 6.662766
slot update_slots: id  0 | task 0 | h2o eviction, prefix_keep = 1, recent_keep = 255, victim = [767,768), score = 5.782208
slot update_slots: id  0 | task 0 | h2o eviction, prefix_keep = 1, recent_keep = 255, victim = [767,768), score = 5.518484
slot update_slots: id  0 | task 0 | h2o eviction, prefix_keep = 1, recent_keep = 255, victim = [767,768), score = 4.448632
slot update_slots: id  0 | task 0 | h2o eviction, prefix_keep = 1, recent_keep = 255, victim = [767,768), score = 4.208059
slot update_slots: id  0 | task 0 | h2o eviction, prefix_keep = 1, recent_keep = 255, victim = [767,768), score = 7.699265
slot update_slots: id  0 | task 0 | h2o eviction, prefix_keep = 1, recent_keep = 255, victim = [665,666), score = 8.453131
slot update_slots: id  0 | task 0 | h2o eviction, prefix_keep = 1, recent_keep = 255, victim = [767,768), score = 7.132855
slot update_slots: id  0 | task 0 | h2o eviction, prefix_keep = 1, recent_keep = 255, victim = [249,250), score = 8.482053
slot update_slots: id  0 | task 0 | h2o eviction, prefix_keep = 1, recent_keep = 255, victim = [767,768), score = 8.102438
slot update_slots: id  0 | task 0 | h2o eviction, prefix_keep = 1, recent_keep = 255, victim = [767,768), score = 5.226225
slot update_slots: id  0 | task 0 | h2o eviction, prefix_keep = 1, recent_keep = 255, victim = [422,423), score = 8.500855
slot update_slots: id  0 | task 0 | h2o eviction, prefix_keep = 1, recent_keep = 255, victim = [302,303), score = 8.509340
slot update_slots: id  0 | task 0 | h2o eviction, prefix_keep = 1, recent_keep = 255, victim = [767,768), score = 6.336808
slot update_slots: id  0 | task 0 | h2o eviction, prefix_keep = 1, recent_keep = 255, victim = [767,768), score = 8.315234
slot update_slots: id  0 | task 0 | h2o eviction, prefix_keep = 1, recent_keep = 255, victim = [767,768), score = 7.616139
slot update_slots: id  0 | task 0 | h2o eviction, prefix_keep = 1, recent_keep = 255, victim = [767,768), score = 4.745927
slot update_slots: id  0 | task 0 | h2o eviction, prefix_keep = 1, recent_keep = 255, victim = [767,768), score = 6.527265
slot update_slots: id  0 | task 0 | h2o eviction, prefix_keep = 1, recent_keep = 255, victim = [767,768), score = 8.034940
slot update_slots: id  0 | task 0 | h2o eviction, prefix_keep = 1, recent_keep = 255, victim = [767,768), score = 5.365613
slot update_slots: id  0 | task 0 | h2o eviction, prefix_keep = 1, recent_keep = 255, victim = [767,768), score = 7.573435
slot update_slots: id  0 | task 0 | h2o eviction, prefix_keep = 1, recent_keep = 255, victim = [767,768), score = 5.304141
slot update_slots: id  0 | task 0 | h2o eviction, prefix_keep = 1, recent_keep = 255, victim = [767,768), score = 6.702990
slot update_slots: id  0 | task 0 | h2o eviction, prefix_keep = 1, recent_keep = 255, victim = [333,334), score = 8.546814
slot update_slots: id  0 | task 0 | h2o eviction, prefix_keep = 1, recent_keep = 255, victim = [662,663), score = 8.559645
slot update_slots: id  0 | task 0 | h2o eviction, prefix_keep = 1, recent_keep = 255, victim = [767,768), score = 4.911582
slot update_slots: id  0 | task 0 | h2o eviction, prefix_keep = 1, recent_keep = 255, victim = [767,768), score = 6.246078
slot update_slots: id  0 | task 0 | h2o eviction, prefix_keep = 1, recent_keep = 255, victim = [767,768), score = 6.936013
slot update_slots: id  0 | task 0 | h2o eviction, prefix_keep = 1, recent_keep = 255, victim = [279,280), score = 8.562768
slot update_slots: id  0 | task 0 | h2o eviction, prefix_keep = 1, recent_keep = 255, victim = [766,767), score = 8.643753
slot update_slots: id  0 | task 0 | h2o eviction, prefix_keep = 1, recent_keep = 255, victim = [162,163), score = 8.656937
slot update_slots: id  0 | task 0 | h2o eviction, prefix_keep = 1, recent_keep = 255, victim = [767,768), score = 7.116194
slot update_slots: id  0 | task 0 | h2o eviction, prefix_keep = 1, recent_keep = 255, victim = [767,768), score = 5.018815
slot update_slots: id  0 | task 0 | h2o eviction, prefix_keep = 1, recent_keep = 255, victim = [767,768), score = 5.111178
slot update_slots: id  0 | task 0 | h2o eviction, prefix_keep = 1, recent_keep = 255, victim = [619,620), score = 8.687380
slot update_slots: id  0 | task 0 | h2o eviction, prefix_keep = 1, recent_keep = 255, victim = [767,768), score = 4.386833
slot update_slots: id  0 | task 0 | h2o eviction, prefix_keep = 1, recent_keep = 255, victim = [767,768), score = 5.841816
slot update_slots: id  0 | task 0 | h2o eviction, prefix_keep = 1, recent_keep = 255, victim = [767,768), score = 4.876789
slot update_slots: id  0 | task 0 | h2o eviction, prefix_keep = 1, recent_keep = 255, victim = [767,768), score = 5.124886
slot update_slots: id  0 | task 0 | h2o eviction, prefix_keep = 1, recent_keep = 255, victim = [767,768), score = 4.011233
slot update_slots: id  0 | task 0 | h2o eviction, prefix_keep = 1, recent_keep = 255, victim = [767,768), score = 4.921868
slot update_slots: id  0 | task 0 | h2o eviction, prefix_keep = 1, recent_keep = 255, victim = [767,768), score = 5.006186
slot update_slots: id  0 | task 0 | h2o eviction, prefix_keep = 1, recent_keep = 255, victim = [767,768), score = 5.166768
slot update_slots: id  0 | task 0 | h2o eviction, prefix_keep = 1, recent_keep = 255, victim = [767,768), score = 3.700686
slot update_slots: id  0 | task 0 | h2o eviction, prefix_keep = 1, recent_keep = 255, victim = [767,768), score = 4.990771
slot update_slots: id  0 | task 0 | h2o eviction, prefix_keep = 1, recent_keep = 255, victim = [561,562), score = 8.731461
slot update_slots: id  0 | task 0 | h2o eviction, prefix_keep = 1, recent_keep = 255, victim = [767,768), score = 7.959778
slot update_slots: id  0 | task 0 | h2o eviction, prefix_keep = 1, recent_keep = 255, victim = [728,729), score = 8.759751
slot update_slots: id  0 | task 0 | h2o eviction, prefix_keep = 1, recent_keep = 255, victim = [569,570), score = 8.765773
slot update_slots: id  0 | task 0 | h2o eviction, prefix_keep = 1, recent_keep = 255, victim = [752,753), score = 8.775255
slot update_slots: id  0 | task 0 | h2o eviction, prefix_keep = 1, recent_keep = 255, victim = [767,768), score = 5.472427
slot update_slots: id  0 | task 0 | h2o eviction, prefix_keep = 1, recent_keep = 255, victim = [767,768), score = 6.020999
slot update_slots: id  0 | task 0 | h2o eviction, prefix_keep = 1, recent_keep = 255, victim = [767,768), score = 6.791645
slot update_slots: id  0 | task 0 | h2o eviction, prefix_keep = 1, recent_keep = 255, victim = [767,768), score = 5.945698
slot update_slots: id  0 | task 0 | h2o eviction, prefix_keep = 1, recent_keep = 255, victim = [767,768), score = 5.286891
slot update_slots: id  0 | task 0 | h2o eviction, prefix_keep = 1, recent_keep = 255, victim = [767,768), score = 4.430806
slot update_slots: id  0 | task 0 | h2o eviction, prefix_keep = 1, recent_keep = 255, victim = [767,768), score = 6.682935
slot update_slots: id  0 | task 0 | h2o eviction, prefix_keep = 1, recent_keep = 255, victim = [767,768), score = 6.228604
slot update_slots: id  0 | task 0 | h2o eviction, prefix_keep = 1, recent_keep = 255, victim = [767,768), score = 5.326767
slot update_slots: id  0 | task 0 | h2o eviction, prefix_keep = 1, recent_keep = 255, victim = [767,768), score = 4.571383
slot update_slots: id  0 | task 0 | h2o eviction, prefix_keep = 1, recent_keep = 255, victim = [767,768), score = 4.846466
slot update_slots: id  0 | task 0 | h2o eviction, prefix_keep = 1, recent_keep = 255, victim = [767,768), score = 5.321933
slot update_slots: id  0 | task 0 | h2o eviction, prefix_keep = 1, recent_keep = 255, victim = [767,768), score = 4.466126
slot update_slots: id  0 | task 0 | h2o eviction, prefix_keep = 1, recent_keep = 255, victim = [767,768), score = 2.738426
slot update_slots: id  0 | task 0 | h2o eviction, prefix_keep = 1, recent_keep = 255, victim = [767,768), score = 4.488566
slot update_slots: id  0 | task 0 | h2o eviction, prefix_keep = 1, recent_keep = 255, victim = [430,431), score = 8.860490
slot update_slots: id  0 | task 0 | h2o eviction, prefix_keep = 1, recent_keep = 255, victim = [257,258), score = 8.870543
slot update_slots: id  0 | task 0 | h2o eviction, prefix_keep = 1, recent_keep = 255, victim = [129,130), score = 8.896865
slot update_slots: id  0 | task 0 | h2o eviction, prefix_keep = 1, recent_keep = 255, victim = [767,768), score = 7.075051
slot update_slots: id  0 | task 0 | h2o eviction, prefix_keep = 1, recent_keep = 255, victim = [767,768), score = 8.474304
slot update_slots: id  0 | task 0 | h2o eviction, prefix_keep = 1, recent_keep = 255, victim = [752,753), score = 8.906227
slot update_slots: id  0 | task 0 | h2o eviction, prefix_keep = 1, recent_keep = 255, victim = [623,624), score = 8.926535
slot update_slots: id  0 | task 0 | h2o eviction, prefix_keep = 1, recent_keep = 255, victim = [281,282), score = 8.937598
slot update_slots: id  0 | task 0 | h2o eviction, prefix_keep = 1, recent_keep = 255, victim = [292,293), score = 8.945924
slot update_slots: id  0 | task 0 | h2o eviction, prefix_keep = 1, recent_keep = 255, victim = [767,768), score = 7.976860
slot update_slots: id  0 | task 0 | h2o eviction, prefix_keep = 1, recent_keep = 255, victim = [742,743), score = 8.958519
slot update_slots: id  0 | task 0 | h2o eviction, prefix_keep = 1, recent_keep = 255, victim = [542,543), score = 8.966603
slot update_slots: id  0 | task 0 | h2o eviction, prefix_keep = 1, recent_keep = 255, victim = [243,244), score = 9.001205
slot update_slots: id  0 | task 0 | h2o eviction, prefix_keep = 1, recent_keep = 255, victim = [629,630), score = 9.034282
slot update_slots: id  0 | task 0 | h2o eviction, prefix_keep = 1, recent_keep = 255, victim = [767,768), score = 8.601193
slot update_slots: id  0 | task 0 | h2o eviction, prefix_keep = 1, recent_keep = 255, victim = [767,768), score = 7.212734
slot update_slots: id  0 | task 0 | h2o eviction, prefix_keep = 1, recent_keep = 255, victim = [767,768), score = 6.742460
slot update_slots: id  0 | task 0 | h2o eviction, prefix_keep = 1, recent_keep = 255, victim = [767,768), score = 8.369420
slot update_slots: id  0 | task 0 | h2o eviction, prefix_keep = 1, recent_keep = 255, victim = [767,768), score = 7.315931
slot update_slots: id  0 | task 0 | h2o eviction, prefix_keep = 1, recent_keep = 255, victim = [767,768), score = 5.924316
slot update_slots: id  0 | task 0 | h2o eviction, prefix_keep = 1, recent_keep = 255, victim = [767,768), score = 6.097429
slot update_slots: id  0 | task 0 | h2o eviction, prefix_keep = 1, recent_keep = 255, victim = [767,768), score = 4.936474
slot update_slots: id  0 | task 0 | h2o eviction, prefix_keep = 1, recent_keep = 255, victim = [767,768), score = 6.088531
slot update_slots: id  0 | task 0 | h2o eviction, prefix_keep = 1, recent_keep = 255, victim = [767,768), score = 5.166348
slot update_slots: id  0 | task 0 | h2o eviction, prefix_keep = 1, recent_keep = 255, victim = [7,8), score = 9.064295
slot update_slots: id  0 | task 0 | h2o eviction, prefix_keep = 1, recent_keep = 255, victim = [228,229), score = 9.078707
slot update_slots: id  0 | task 0 | h2o eviction, prefix_keep = 1, recent_keep = 255, victim = [767,768), score = 8.100280
slot update_slots: id  0 | task 0 | h2o eviction, prefix_keep = 1, recent_keep = 255, victim = [767,768), score = 8.990626
slot update_slots: id  0 | task 0 | h2o eviction, prefix_keep = 1, recent_keep = 255, victim = [749,750), score = 9.109770
slot update_slots: id  0 | task 0 | h2o eviction, prefix_keep = 1, recent_keep = 255, victim = [767,768), score = 8.972915
slot update_slots: id  0 | task 0 | h2o eviction, prefix_keep = 1, recent_keep = 255, victim = [767,768), score = 8.416096
slot update_slots: id  0 | task 0 | h2o eviction, prefix_keep = 1, recent_keep = 255, victim = [767,768), score = 6.926764
slot update_slots: id  0 | task 0 | h2o eviction, prefix_keep = 1, recent_keep = 255, victim = [767,768), score = 4.712195
slot update_slots: id  0 | task 0 | h2o eviction, prefix_keep = 1, recent_keep = 255, victim = [767,768), score = 5.468237
slot update_slots: id  0 | task 0 | h2o eviction, prefix_keep = 1, recent_keep = 255, victim = [767,768), score = 6.660450
slot update_slots: id  0 | task 0 | h2o eviction, prefix_keep = 1, recent_keep = 255, victim = [767,768), score = 6.673467
slot update_slots: id  0 | task 0 | h2o eviction, prefix_keep = 1, recent_keep = 255, victim = [767,768), score = 4.513638
slot update_slots: id  0 | task 0 | h2o eviction, prefix_keep = 1, recent_keep = 255, victim = [767,768), score = 5.021083
slot update_slots: id  0 | task 0 | h2o eviction, prefix_keep = 1, recent_keep = 255, victim = [767,768), score = 4.743454
slot update_slots: id  0 | task 0 | h2o eviction, prefix_keep = 1, recent_keep = 255, victim = [213,214), score = 9.161595
slot update_slots: id  0 | task 0 | h2o eviction, prefix_keep = 1, recent_keep = 255, victim = [767,768), score = 3.913055
slot update_slots: id  0 | task 0 | h2o eviction, prefix_keep = 1, recent_keep = 255, victim = [767,768), score = 6.860936
slot update_slots: id  0 | task 0 | h2o eviction, prefix_keep = 1, recent_keep = 255, victim = [767,768), score = 7.440073
slot update_slots: id  0 | task 0 | h2o eviction, prefix_keep = 1, recent_keep = 255, victim = [12,13), score = 9.165663
slot update_slots: id  0 | task 0 | h2o eviction, prefix_keep = 1, recent_keep = 255, victim = [384,385), score = 9.172549
slot update_slots: id  0 | task 0 | h2o eviction, prefix_keep = 1, recent_keep = 255, victim = [383,384), score = 9.174390
slot update_slots: id  0 | task 0 | h2o eviction, prefix_keep = 1, recent_keep = 255, victim = [767,768), score = 7.887457
slot update_slots: id  0 | task 0 | h2o eviction, prefix_keep = 1, recent_keep = 255, victim = [767,768), score = 4.648097
slot update_slots: id  0 | task 0 | h2o eviction, prefix_keep = 1, recent_keep = 255, victim = [767,768), score = 6.351388
slot update_slots: id  0 | task 0 | h2o eviction, prefix_keep = 1, recent_keep = 255, victim = [767,768), score = 4.422083
slot update_slots: id  0 | task 0 | h2o eviction, prefix_keep = 1, recent_keep = 255, victim = [767,768), score = 5.211134
slot update_slots: id  0 | task 0 | h2o eviction, prefix_keep = 1, recent_keep = 255, victim = [767,768), score = 7.959753
slot update_slots: id  0 | task 0 | h2o eviction, prefix_keep = 1, recent_keep = 255, victim = [130,131), score = 9.218159
slot update_slots: id  0 | task 0 | h2o eviction, prefix_keep = 1, recent_keep = 255, victim = [738,739), score = 9.273571
slot update_slots: id  0 | task 0 | h2o eviction, prefix_keep = 1, recent_keep = 255, victim = [767,768), score = 8.834826
slot update_slots: id  0 | task 0 | h2o eviction, prefix_keep = 1, recent_keep = 255, victim = [767,768), score = 8.929214
slot update_slots: id  0 | task 0 | h2o eviction, prefix_keep = 1, recent_keep = 255, victim = [237,238), score = 9.281254
slot update_slots: id  0 | task 0 | h2o eviction, prefix_keep = 1, recent_keep = 255, victim = [767,768), score = 7.196147
slot update_slots: id  0 | task 0 | h2o eviction, prefix_keep = 1, recent_keep = 255, victim = [767,768), score = 5.143484
slot update_slots: id  0 | task 0 | h2o eviction, prefix_keep = 1, recent_keep = 255, victim = [189,190), score = 9.294392
slot update_slots: id  0 | task 0 | h2o eviction, prefix_keep = 1, recent_keep = 255, victim = [767,768), score = 5.818258
slot update_slots: id  0 | task 0 | h2o eviction, prefix_keep = 1, recent_keep = 255, victim = [767,768), score = 6.374057
slot update_slots: id  0 | task 0 | h2o eviction, prefix_keep = 1, recent_keep = 255, victim = [767,768), score = 7.623974
slot update_slots: id  0 | task 0 | h2o eviction, prefix_keep = 1, recent_keep = 255, victim = [306,307), score = 9.315660
slot update_slots: id  0 | task 0 | h2o eviction, prefix_keep = 1, recent_keep = 255, victim = [767,768), score = 9.260406
slot update_slots: id  0 | task 0 | h2o eviction, prefix_keep = 1, recent_keep = 255, victim = [767,768), score = 8.855789
slot update_slots: id  0 | task 0 | h2o eviction, prefix_keep = 1, recent_keep = 255, victim = [767,768), score = 9.066998
slot update_slots: id  0 | task 0 | h2o eviction, prefix_keep = 1, recent_keep = 255, victim = [767,768), score = 8.347706
slot update_slots: id  0 | task 0 | h2o eviction, prefix_keep = 1, recent_keep = 255, victim = [767,768), score = 6.272388
slot update_slots: id  0 | task 0 | h2o eviction, prefix_keep = 1, recent_keep = 255, victim = [623,624), score = 9.354952
slot update_slots: id  0 | task 0 | h2o eviction, prefix_keep = 1, recent_keep = 255, victim = [767,768), score = 7.091679
slot update_slots: id  0 | task 0 | h2o eviction, prefix_keep = 1, recent_keep = 255, victim = [767,768), score = 4.447910
slot update_slots: id  0 | task 0 | h2o eviction, prefix_keep = 1, recent_keep = 255, victim = [237,238), score = 9.359028
slot update_slots: id  0 | task 0 | h2o eviction, prefix_keep = 1, recent_keep = 255, victim = [171,172), score = 9.375813
slot update_slots: id  0 | task 0 | h2o eviction, prefix_keep = 1, recent_keep = 255, victim = [767,768), score = 7.858345
slot update_slots: id  0 | task 0 | h2o eviction, prefix_keep = 1, recent_keep = 255, victim = [767,768), score = 7.872961
slot update_slots: id  0 | task 0 | h2o eviction, prefix_keep = 1, recent_keep = 255, victim = [250,251), score = 9.391649
slot update_slots: id  0 | task 0 | h2o eviction, prefix_keep = 1, recent_keep = 255, victim = [767,768), score = 8.348587
slot update_slots: id  0 | task 0 | h2o eviction, prefix_keep = 1, recent_keep = 255, victim = [767,768), score = 5.760561
slot update_slots: id  0 | task 0 | h2o eviction, prefix_keep = 1, recent_keep = 255, victim = [767,768), score = 8.219137
slot update_slots: id  0 | task 0 | h2o eviction, prefix_keep = 1, recent_keep = 255, victim = [767,768), score = 9.099018
slot update_slots: id  0 | task 0 | h2o eviction, prefix_keep = 1, recent_keep = 255, victim = [767,768), score = 7.077529
slot update_slots: id  0 | task 0 | h2o eviction, prefix_keep = 1, recent_keep = 255, victim = [767,768), score = 5.922146
slot update_slots: id  0 | task 0 | h2o eviction, prefix_keep = 1, recent_keep = 255, victim = [767,768), score = 8.852706
slot update_slots: id  0 | task 0 | h2o eviction, prefix_keep = 1, recent_keep = 255, victim = [767,768), score = 4.994408
slot update_slots: id  0 | task 0 | h2o eviction, prefix_keep = 1, recent_keep = 255, victim = [767,768), score = 5.478700
slot update_slots: id  0 | task 0 | h2o eviction, prefix_keep = 1, recent_keep = 255, victim = [767,768), score = 4.656194
slot update_slots: id  0 | task 0 | h2o eviction, prefix_keep = 1, recent_keep = 255, victim = [767,768), score = 7.510992
slot update_slots: id  0 | task 0 | h2o eviction, prefix_keep = 1, recent_keep = 255, victim = [767,768), score = 7.496723
slot update_slots: id  0 | task 0 | h2o eviction, prefix_keep = 1, recent_keep = 255, victim = [767,768), score = 4.432028
slot update_slots: id  0 | task 0 | h2o eviction, prefix_keep = 1, recent_keep = 255, victim = [767,768), score = 4.608492
slot update_slots: id  0 | task 0 | h2o eviction, prefix_keep = 1, recent_keep = 255, victim = [767,768), score = 6.451595
slot update_slots: id  0 | task 0 | h2o eviction, prefix_keep = 1, recent_keep = 255, victim = [767,768), score = 8.305812
slot update_slots: id  0 | task 0 | h2o eviction, prefix_keep = 1, recent_keep = 255, victim = [767,768), score = 6.920591
slot update_slots: id  0 | task 0 | h2o eviction, prefix_keep = 1, recent_keep = 255, victim = [767,768), score = 6.068091
slot update_slots: id  0 | task 0 | h2o eviction, prefix_keep = 1, recent_keep = 255, victim = [767,768), score = 7.289088
slot update_slots: id  0 | task 0 | h2o eviction, prefix_keep = 1, recent_keep = 255, victim = [767,768), score = 6.532802
slot update_slots: id  0 | task 0 | h2o eviction, prefix_keep = 1, recent_keep = 255, victim = [767,768), score = 6.409900
slot update_slots: id  0 | task 0 | h2o eviction, prefix_keep = 1, recent_keep = 255, victim = [767,768), score = 8.488897
slot update_slots: id  0 | task 0 | h2o eviction, prefix_keep = 1, recent_keep = 255, victim = [767,768), score = 4.684299
slot update_slots: id  0 | task 0 | h2o eviction, prefix_keep = 1, recent_keep = 255, victim = [767,768), score = 3.915371
slot update_slots: id  0 | task 0 | h2o eviction, prefix_keep = 1, recent_keep = 255, victim = [767,768), score = 6.546936
slot update_slots: id  0 | task 0 | h2o eviction, prefix_keep = 1, recent_keep = 255, victim = [270,271), score = 9.471519
slot update_slots: id  0 | task 0 | h2o eviction, prefix_keep = 1, recent_keep = 255, victim = [767,768), score = 6.359882
slot update_slots: id  0 | task 0 | h2o eviction, prefix_keep = 1, recent_keep = 255, victim = [767,768), score = 5.027159
slot update_slots: id  0 | task 0 | h2o eviction, prefix_keep = 1, recent_keep = 255, victim = [767,768), score = 5.844178
slot update_slots: id  0 | task 0 | h2o eviction, prefix_keep = 1, recent_keep = 255, victim = [767,768), score = 8.221416
slot update_slots: id  0 | task 0 | h2o eviction, prefix_keep = 1, recent_keep = 255, victim = [767,768), score = 7.979477
slot update_slots: id  0 | task 0 | h2o eviction, prefix_keep = 1, recent_keep = 255, victim = [767,768), score = 6.744505
slot update_slots: id  0 | task 0 | h2o eviction, prefix_keep = 1, recent_keep = 255, victim = [767,768), score = 9.199678
slot update_slots: id  0 | task 0 | h2o eviction, prefix_keep = 1, recent_keep = 255, victim = [767,768), score = 7.310624
slot update_slots: id  0 | task 0 | h2o eviction, prefix_keep = 1, recent_keep = 255, victim = [767,768), score = 5.367284
slot update_slots: id  0 | task 0 | h2o eviction, prefix_keep = 1, recent_keep = 255, victim = [273,274), score = 9.479095
slot update_slots: id  0 | task 0 | h2o eviction, prefix_keep = 1, recent_keep = 255, victim = [767,768), score = 6.378326
slot update_slots: id  0 | task 0 | h2o eviction, prefix_keep = 1, recent_keep = 255, victim = [767,768), score = 4.897587
slot update_slots: id  0 | task 0 | h2o eviction, prefix_keep = 1, recent_keep = 255, victim = [767,768), score = 6.827685
slot update_slots: id  0 | task 0 | h2o eviction, prefix_keep = 1, recent_keep = 255, victim = [767,768), score = 6.954618
slot update_slots: id  0 | task 0 | h2o eviction, prefix_keep = 1, recent_keep = 255, victim = [767,768), score = 6.036624
slot update_slots: id  0 | task 0 | h2o eviction, prefix_keep = 1, recent_keep = 255, victim = [767,768), score = 4.481465
slot update_slots: id  0 | task 0 | h2o eviction, prefix_keep = 1, recent_keep = 255, victim = [767,768), score = 5.487334
slot update_slots: id  0 | task 0 | h2o eviction, prefix_keep = 1, recent_keep = 255, victim = [767,768), score = 6.405818
slot update_slots: id  0 | task 0 | h2o eviction, prefix_keep = 1, recent_keep = 255, victim = [767,768), score = 6.152892
slot update_slots: id  0 | task 0 | h2o eviction, prefix_keep = 1, recent_keep = 255, victim = [767,768), score = 7.522162
slot update_slots: id  0 | task 0 | h2o eviction, prefix_keep = 1, recent_keep = 255, victim = [255,256), score = 9.555762
slot update_slots: id  0 | task 0 | h2o eviction, prefix_keep = 1, recent_keep = 255, victim = [767,768), score = 9.317451
slot update_slots: id  0 | task 0 | h2o eviction, prefix_keep = 1, recent_keep = 255, victim = [767,768), score = 7.219746
slot update_slots: id  0 | task 0 | h2o eviction, prefix_keep = 1, recent_keep = 255, victim = [767,768), score = 6.889870
slot update_slots: id  0 | task 0 | h2o eviction, prefix_keep = 1, recent_keep = 255, victim = [767,768), score = 6.752481
slot update_slots: id  0 | task 0 | h2o eviction, prefix_keep = 1, recent_keep = 255, victim = [767,768), score = 5.770930
slot update_slots: id  0 | task 0 | h2o eviction, prefix_keep = 1, recent_keep = 255, victim = [767,768), score = 5.766830
slot update_slots: id  0 | task 0 | h2o eviction, prefix_keep = 1, recent_keep = 255, victim = [767,768), score = 3.726551
slot update_slots: id  0 | task 0 | h2o eviction, prefix_keep = 1, recent_keep = 255, victim = [767,768), score = 5.151618
slot update_slots: id  0 | task 0 | h2o eviction, prefix_keep = 1, recent_keep = 255, victim = [767,768), score = 7.140040
slot update_slots: id  0 | task 0 | h2o eviction, prefix_keep = 1, recent_keep = 255, victim = [767,768), score = 6.850592
slot update_slots: id  0 | task 0 | h2o eviction, prefix_keep = 1, recent_keep = 255, victim = [767,768), score = 5.474244
slot update_slots: id  0 | task 0 | h2o eviction, prefix_keep = 1, recent_keep = 255, victim = [767,768), score = 3.119113
slot update_slots: id  0 | task 0 | h2o eviction, prefix_keep = 1, recent_keep = 255, victim = [767,768), score = 3.992740
slot update_slots: id  0 | task 0 | h2o eviction, prefix_keep = 1, recent_keep = 255, victim = [263,264), score = 9.579240
slot update_slots: id  0 | task 0 | h2o eviction, prefix_keep = 1, recent_keep = 255, victim = [243,244), score = 9.646264
slot update_slots: id  0 | task 0 | h2o eviction, prefix_keep = 1, recent_keep = 255, victim = [767,768), score = 8.285501
slot update_slots: id  0 | task 0 | h2o eviction, prefix_keep = 1, recent_keep = 255, victim = [767,768), score = 5.407713
slot update_slots: id  0 | task 0 | h2o eviction, prefix_keep = 1, recent_keep = 255, victim = [206,207), score = 9.651555
slot update_slots: id  0 | task 0 | h2o eviction, prefix_keep = 1, recent_keep = 255, victim = [767,768), score = 5.737931
slot update_slots: id  0 | task 0 | h2o eviction, prefix_keep = 1, recent_keep = 255, victim = [767,768), score = 5.868041
slot update_slots: id  0 | task 0 | h2o eviction, prefix_keep = 1, recent_keep = 255, victim = [767,768), score = 7.010841
slot update_slots: id  0 | task 0 | h2o eviction, prefix_keep = 1, recent_keep = 255, victim = [240,241), score = 9.681215
slot update_slots: id  0 | task 0 | h2o eviction, prefix_keep = 1, recent_keep = 255, victim = [767,768), score = 9.631245
slot update_slots: id  0 | task 0 | h2o eviction, prefix_keep = 1, recent_keep = 255, victim = [289,290), score = 9.713812
slot update_slots: id  0 | task 0 | h2o eviction, prefix_keep = 1, recent_keep = 255, victim = [742,743), score = 9.732043
slot update_slots: id  0 | task 0 | h2o eviction, prefix_keep = 1, recent_keep = 255, victim = [21,22), score = 9.790914
slot update_slots: id  0 | task 0 | h2o eviction, prefix_keep = 1, recent_keep = 255, victim = [302,303), score = 9.803993
slot update_slots: id  0 | task 0 | h2o eviction, prefix_keep = 1, recent_keep = 255, victim = [755,756), score = 9.817470
slot update_slots: id  0 | task 0 | h2o eviction, prefix_keep = 1, recent_keep = 255, victim = [237,238), score = 9.821239
slot update_slots: id  0 | task 0 | h2o eviction, prefix_keep = 1, recent_keep = 255, victim = [751,752), score = 9.836048
slot update_slots: id  0 | task 0 | h2o eviction, prefix_keep = 1, recent_keep = 255, victim = [767,768), score = 9.408787
slot update_slots: id  0 | task 0 | h2o eviction, prefix_keep = 1, recent_keep = 255, victim = [767,768), score = 7.937147
slot update_slots: id  0 | task 0 | h2o eviction, prefix_keep = 1, recent_keep = 255, victim = [767,768), score = 6.769036
slot update_slots: id  0 | task 0 | h2o eviction, prefix_keep = 1, recent_keep = 255, victim = [232,233), score = 9.845530
slot update_slots: id  0 | task 0 | h2o eviction, prefix_keep = 1, recent_keep = 255, victim = [767,768), score = 9.085143
slot update_slots: id  0 | task 0 | h2o eviction, prefix_keep = 1, recent_keep = 255, victim = [767,768), score = 4.456892
slot update_slots: id  0 | task 0 | h2o eviction, prefix_keep = 1, recent_keep = 255, victim = [767,768), score = 7.157480
slot update_slots: id  0 | task 0 | h2o eviction, prefix_keep = 1, recent_keep = 255, victim = [767,768), score = 7.968832
slot update_slots: id  0 | task 0 | h2o eviction, prefix_keep = 1, recent_keep = 255, victim = [233,234), score = 9.877287
slot update_slots: id  0 | task 0 | h2o eviction, prefix_keep = 1, recent_keep = 255, victim = [235,236), score = 9.879411
slot update_slots: id  0 | task 0 | h2o eviction, prefix_keep = 1, recent_keep = 255, victim = [767,768), score = 6.906230
slot update_slots: id  0 | task 0 | h2o eviction, prefix_keep = 1, recent_keep = 255, victim = [713,714), score = 9.952736
slot update_slots: id  0 | task 0 | h2o eviction, prefix_keep = 1, recent_keep = 255, victim = [767,768), score = 8.222264
slot update_slots: id  0 | task 0 | h2o eviction, prefix_keep = 1, recent_keep = 255, victim = [767,768), score = 5.410911
slot update_slots: id  0 | task 0 | h2o eviction, prefix_keep = 1, recent_keep = 255, victim = [767,768), score = 8.191745
slot update_slots: id  0 | task 0 | h2o eviction, prefix_keep = 1, recent_keep = 255, victim = [767,768), score = 8.415658
slot update_slots: id  0 | task 0 | h2o eviction, prefix_keep = 1, recent_keep = 255, victim = [262,263), score = 9.993309
slot update_slots: id  0 | task 0 | h2o eviction, prefix_keep = 1, recent_keep = 255, victim = [126,127), score = 10.024386
slot update_slots: id  0 | task 0 | h2o eviction, prefix_keep = 1, recent_keep = 255, victim = [260,261), score = 10.032623
slot update_slots: id  0 | task 0 | h2o eviction, prefix_keep = 1, recent_keep = 255, victim = [253,254), score = 10.035583
slot update_slots: id  0 | task 0 | h2o eviction, prefix_keep = 1, recent_keep = 255, victim = [742,743), score = 10.043531
slot update_slots: id  0 | task 0 | h2o eviction, prefix_keep = 1, recent_keep = 255, victim = [767,768), score = 8.697094
slot update_slots: id  0 | task 0 | h2o eviction, prefix_keep = 1, recent_keep = 255, victim = [767,768), score = 8.112965
slot update_slots: id  0 | task 0 | h2o eviction, prefix_keep = 1, recent_keep = 255, victim = [767,768), score = 7.301057
slot update_slots: id  0 | task 0 | h2o eviction, prefix_keep = 1, recent_keep = 255, victim = [701,702), score = 10.056887
slot update_slots: id  0 | task 0 | h2o eviction, prefix_keep = 1, recent_keep = 255, victim = [630,631), score = 10.068261
slot update_slots: id  0 | task 0 | h2o eviction, prefix_keep = 1, recent_keep = 255, victim = [250,251), score = 10.070842
slot update_slots: id  0 | task 0 | h2o eviction, prefix_keep = 1, recent_keep = 255, victim = [767,768), score = 4.907947
slot update_slots: id  0 | task 0 | h2o eviction, prefix_keep = 1, recent_keep = 255, victim = [245,246), score = 10.176599
slot update_slots: id  0 | task 0 | h2o eviction, prefix_keep = 1, recent_keep = 255, victim = [380,381), score = 10.183004
slot update_slots: id  0 | task 0 | h2o eviction, prefix_keep = 1, recent_keep = 255, victim = [2,3), score = 10.186715
slot update_slots: id  0 | task 0 | h2o eviction, prefix_keep = 1, recent_keep = 255, victim = [767,768), score = 7.395311
slot update_slots: id  0 | task 0 | h2o eviction, prefix_keep = 1, recent_keep = 255, victim = [767,768), score = 9.265263
slot update_slots: id  0 | task 0 | h2o eviction, prefix_keep = 1, recent_keep = 255, victim = [129,130), score = 10.201381
slot update_slots: id  0 | task 0 | h2o eviction, prefix_keep = 1, recent_keep = 255, victim = [693,694), score = 10.216109
slot update_slots: id  0 | task 0 | h2o eviction, prefix_keep = 1, recent_keep = 255, victim = [767,768), score = 7.754447
slot update_slots: id  0 | task 0 | h2o eviction, prefix_keep = 1, recent_keep = 255, victim = [371,372), score = 10.220768
slot update_slots: id  0 | task 0 | h2o eviction, prefix_keep = 1, recent_keep = 255, victim = [767,768), score = 8.927378
slot update_slots: id  0 | task 0 | h2o eviction, prefix_keep = 1, recent_keep = 255, victim = [767,768), score = 9.487999
slot update_slots: id  0 | task 0 | h2o eviction, prefix_keep = 1, recent_keep = 255, victim = [218,219), score = 10.290303
slot update_slots: id  0 | task 0 | h2o eviction, prefix_keep = 1, recent_keep = 255, victim = [767,768), score = 6.512319
slot update_slots: id  0 | task 0 | h2o eviction, prefix_keep = 1, recent_keep = 255, victim = [767,768), score = 6.325375
slot update_slots: id  0 | task 0 | h2o eviction, prefix_keep = 1, recent_keep = 255, victim = [767,768), score = 5.109183
slot update_slots: id  0 | task 0 | h2o eviction, prefix_keep = 1, recent_keep = 255, victim = [767,768), score = 10.204309
slot update_slots: id  0 | task 0 | h2o eviction, prefix_keep = 1, recent_keep = 255, victim = [767,768), score = 7.730115
slot update_slots: id  0 | task 0 | h2o eviction, prefix_keep = 1, recent_keep = 255, victim = [767,768), score = 4.150048
slot update_slots: id  0 | task 0 | h2o eviction, prefix_keep = 1, recent_keep = 255, victim = [767,768), score = 7.218972
slot update_slots: id  0 | task 0 | h2o eviction, prefix_keep = 1, recent_keep = 255, victim = [767,768), score = 6.819286
slot update_slots: id  0 | task 0 | h2o eviction, prefix_keep = 1, recent_keep = 255, victim = [767,768), score = 7.342012
slot update_slots: id  0 | task 0 | h2o eviction, prefix_keep = 1, recent_keep = 255, victim = [767,768), score = 8.087004
slot update_slots: id  0 | task 0 | h2o eviction, prefix_keep = 1, recent_keep = 255, victim = [767,768), score = 6.673898
slot update_slots: id  0 | task 0 | h2o eviction, prefix_keep = 1, recent_keep = 255, victim = [767,768), score = 7.458176
slot update_slots: id  0 | task 0 | h2o eviction, prefix_keep = 1, recent_keep = 255, victim = [767,768), score = 8.652375
slot update_slots: id  0 | task 0 | h2o eviction, prefix_keep = 1, recent_keep = 255, victim = [730,731), score = 10.335751
slot update_slots: id  0 | task 0 | h2o eviction, prefix_keep = 1, recent_keep = 255, victim = [767,768), score = 8.139698
slot update_slots: id  0 | task 0 | h2o eviction, prefix_keep = 1, recent_keep = 255, victim = [82,83), score = 10.345373
slot update_slots: id  0 | task 0 | h2o eviction, prefix_keep = 1, recent_keep = 255, victim = [242,243), score = 10.392435
slot update_slots: id  0 | task 0 | h2o eviction, prefix_keep = 1, recent_keep = 255, victim = [767,768), score = 5.920647
slot update_slots: id  0 | task 0 | h2o eviction, prefix_keep = 1, recent_keep = 255, victim = [767,768), score = 8.156571
slot update_slots: id  0 | task 0 | h2o eviction, prefix_keep = 1, recent_keep = 255, victim = [204,205), score = 10.412793
slot update_slots: id  0 | task 0 | h2o eviction, prefix_keep = 1, recent_keep = 255, victim = [767,768), score = 9.836704
slot update_slots: id  0 | task 0 | h2o eviction, prefix_keep = 1, recent_keep = 255, victim = [338,339), score = 10.467966
slot update_slots: id  0 | task 0 | h2o eviction, prefix_keep = 1, recent_keep = 255, victim = [727,728), score = 10.476409
slot update_slots: id  0 | task 0 | h2o eviction, prefix_keep = 1, recent_keep = 255, victim = [764,765), score = 10.529210
slot update_slots: id  0 | task 0 | h2o eviction, prefix_keep = 1, recent_keep = 255, victim = [767,768), score = 9.212767
slot update_slots: id  0 | task 0 | h2o eviction, prefix_keep = 1, recent_keep = 255, victim = [242,243), score = 10.539611
slot update_slots: id  0 | task 0 | h2o eviction, prefix_keep = 1, recent_keep = 255, victim = [254,255), score = 10.560551
slot update_slots: id  0 | task 0 | h2o eviction, prefix_keep = 1, recent_keep = 255, victim = [252,253), score = 10.566925
slot update_slots: id  0 | task 0 | h2o eviction, prefix_keep = 1, recent_keep = 255, victim = [767,768), score = 10.231944
slot update_slots: id  0 | task 0 | h2o eviction, prefix_keep = 1, recent_keep = 255, victim = [767,768), score = 9.711957
slot update_slots: id  0 | task 0 | h2o eviction, prefix_keep = 1, recent_keep = 255, victim = [767,768), score = 6.625554
slot update_slots: id  0 | task 0 | h2o eviction, prefix_keep = 1, recent_keep = 255, victim = [756,757), score = 10.619614
slot update_slots: id  0 | task 0 | h2o eviction, prefix_keep = 1, recent_keep = 255, victim = [767,768), score = 8.276312
slot update_slots: id  0 | task 0 | h2o eviction, prefix_keep = 1, recent_keep = 255, victim = [573,574), score = 10.637561
slot update_slots: id  0 | task 0 | h2o eviction, prefix_keep = 1, recent_keep = 255, victim = [767,768), score = 3.950580
slot update_slots: id  0 | task 0 | h2o eviction, prefix_keep = 1, recent_keep = 255, victim = [767,768), score = 7.410533
slot update_slots: id  0 | task 0 | h2o eviction, prefix_keep = 1, recent_keep = 255, victim = [767,768), score = 9.341454
slot update_slots: id  0 | task 0 | h2o eviction, prefix_keep = 1, recent_keep = 255, victim = [349,350), score = 10.675855
slot update_slots: id  0 | task 0 | h2o eviction, prefix_keep = 1, recent_keep = 255, victim = [767,768), score = 9.418341
slot update_slots: id  0 | task 0 | h2o eviction, prefix_keep = 1, recent_keep = 255, victim = [767,768), score = 6.075417
slot update_slots: id  0 | task 0 | h2o eviction, prefix_keep = 1, recent_keep = 255, victim = [767,768), score = 8.143223
slot update_slots: id  0 | task 0 | h2o eviction, prefix_keep = 1, recent_keep = 255, victim = [350,351), score = 10.706809
slot update_slots: id  0 | task 0 | h2o eviction, prefix_keep = 1, recent_keep = 255, victim = [695,696), score = 10.711472
slot update_slots: id  0 | task 0 | h2o eviction, prefix_keep = 1, recent_keep = 255, victim = [767,768), score = 8.548324
slot update_slots: id  0 | task 0 | h2o eviction, prefix_keep = 1, recent_keep = 255, victim = [767,768), score = 4.609495
slot update_slots: id  0 | task 0 | h2o eviction, prefix_keep = 1, recent_keep = 255, victim = [767,768), score = 5.337153
slot update_slots: id  0 | task 0 | h2o eviction, prefix_keep = 1, recent_keep = 255, victim = [767,768), score = 3.973907
slot update_slots: id  0 | task 0 | h2o eviction, prefix_keep = 1, recent_keep = 255, victim = [767,768), score = 7.055604
slot update_slots: id  0 | task 0 | h2o eviction, prefix_keep = 1, recent_keep = 255, victim = [767,768), score = 6.735053
slot update_slots: id  0 | task 0 | h2o eviction, prefix_keep = 1, recent_keep = 255, victim = [767,768), score = 7.521260
slot update_slots: id  0 | task 0 | h2o eviction, prefix_keep = 1, recent_keep = 255, victim = [767,768), score = 6.795013
slot update_slots: id  0 | task 0 | h2o eviction, prefix_keep = 1, recent_keep = 255, victim = [355,356), score = 10.809336
slot update_slots: id  0 | task 0 | h2o eviction, prefix_keep = 1, recent_keep = 255, victim = [767,768), score = 8.219278
slot update_slots: id  0 | task 0 | h2o eviction, prefix_keep = 1, recent_keep = 255, victim = [365,366), score = 10.820073
slot update_slots: id  0 | task 0 | h2o eviction, prefix_keep = 1, recent_keep = 255, victim = [366,367), score = 10.842571
slot update_slots: id  0 | task 0 | h2o eviction, prefix_keep = 1, recent_keep = 255, victim = [767,768), score = 9.562964
slot update_slots: id  0 | task 0 | h2o eviction, prefix_keep = 1, recent_keep = 255, victim = [666,667), score = 10.863521
slot update_slots: id  0 | task 0 | h2o eviction, prefix_keep = 1, recent_keep = 255, victim = [767,768), score = 9.687294
slot update_slots: id  0 | task 0 | h2o eviction, prefix_keep = 1, recent_keep = 255, victim = [767,768), score = 6.380933
slot update_slots: id  0 | task 0 | h2o eviction, prefix_keep = 1, recent_keep = 255, victim = [767,768), score = 8.429090
slot update_slots: id  0 | task 0 | h2o eviction, prefix_keep = 1, recent_keep = 255, victim = [767,768), score = 9.853561
slot update_slots: id  0 | task 0 | h2o eviction, prefix_keep = 1, recent_keep = 255, victim = [767,768), score = 6.874218
slot update_slots: id  0 | task 0 | h2o eviction, prefix_keep = 1, recent_keep = 255, victim = [767,768), score = 7.877195
slot update_slots: id  0 | task 0 | h2o eviction, prefix_keep = 1, recent_keep = 255, victim = [767,768), score = 5.282317
slot update_slots: id  0 | task 0 | h2o eviction, prefix_keep = 1, recent_keep = 255, victim = [767,768), score = 10.132354
slot update_slots: id  0 | task 0 | h2o eviction, prefix_keep = 1, recent_keep = 255, victim = [767,768), score = 8.345353
slot update_slots: id  0 | task 0 | h2o eviction, prefix_keep = 1, recent_keep = 255, victim = [393,394), score = 10.884298
slot update_slots: id  0 | task 0 | h2o eviction, prefix_keep = 1, recent_keep = 255, victim = [700,701), score = 10.913458
slot update_slots: id  0 | task 0 | h2o eviction, prefix_keep = 1, recent_keep = 255, victim = [767,768), score = 9.473326
slot update_slots: id  0 | task 0 | h2o eviction, prefix_keep = 1, recent_keep = 255, victim = [767,768), score = 6.616662
slot update_slots: id  0 | task 0 | h2o eviction, prefix_keep = 1, recent_keep = 255, victim = [767,768), score = 6.250523
slot update_slots: id  0 | task 0 | h2o eviction, prefix_keep = 1, recent_keep = 255, victim = [767,768), score = 6.715378
slot update_slots: id  0 | task 0 | h2o eviction, prefix_keep = 1, recent_keep = 255, victim = [767,768), score = 9.608095
slot update_slots: id  0 | task 0 | h2o eviction, prefix_keep = 1, recent_keep = 255, victim = [767,768), score = 8.814591
slot update_slots: id  0 | task 0 | h2o eviction, prefix_keep = 1, recent_keep = 255, victim = [741,742), score = 10.943635
slot update_slots: id  0 | task 0 | h2o eviction, prefix_keep = 1, recent_keep = 255, victim = [342,343), score = 10.989241
slot update_slots: id  0 | task 0 | h2o eviction, prefix_keep = 1, recent_keep = 255, victim = [556,557), score = 10.994324
slot update_slots: id  0 | task 0 | h2o eviction, prefix_keep = 1, recent_keep = 255, victim = [741,742), score = 11.013801
slot update_slots: id  0 | task 0 | h2o eviction, prefix_keep = 1, recent_keep = 255, victim = [767,768), score = 10.179847
slot update_slots: id  0 | task 0 | h2o eviction, prefix_keep = 1, recent_keep = 255, victim = [767,768), score = 7.531435
slot update_slots: id  0 | task 0 | h2o eviction, prefix_keep = 1, recent_keep = 255, victim = [767,768), score = 6.711246
slot update_slots: id  0 | task 0 | h2o eviction, prefix_keep = 1, recent_keep = 255, victim = [744,745), score = 11.030173
slot update_slots: id  0 | task 0 | h2o eviction, prefix_keep = 1, recent_keep = 255, victim = [767,768), score = 10.606414
slot update_slots: id  0 | task 0 | h2o eviction, prefix_keep = 1, recent_keep = 255, victim = [767,768), score = 9.393429
slot update_slots: id  0 | task 0 | h2o eviction, prefix_keep = 1, recent_keep = 255, victim = [767,768), score = 8.727762
slot update_slots: id  0 | task 0 | h2o eviction, prefix_keep = 1, recent_keep = 255, victim = [767,768), score = 6.513024
slot update_slots: id  0 | task 0 | h2o eviction, prefix_keep = 1, recent_keep = 255, victim = [767,768), score = 5.596238
slot update_slots: id  0 | task 0 | h2o eviction, prefix_keep = 1, recent_keep = 255, victim = [767,768), score = 8.300751
slot update_slots: id  0 | task 0 | h2o eviction, prefix_keep = 1, recent_keep = 255, victim = [767,768), score = 6.525529
slot update_slots: id  0 | task 0 | h2o eviction, prefix_keep = 1, recent_keep = 255, victim = [767,768), score = 10.288319
slot update_slots: id  0 | task 0 | h2o eviction, prefix_keep = 1, recent_keep = 255, victim = [767,768), score = 10.395425
slot update_slots: id  0 | task 0 | h2o eviction, prefix_keep = 1, recent_keep = 255, victim = [767,768), score = 6.476292
slot update_slots: id  0 | task 0 | h2o eviction, prefix_keep = 1, recent_keep = 255, victim = [767,768), score = 9.272672
slot update_slots: id  0 | task 0 | h2o eviction, prefix_keep = 1, recent_keep = 255, victim = [767,768), score = 6.950853
slot update_slots: id  0 | task 0 | h2o eviction, prefix_keep = 1, recent_keep = 255, victim = [767,768), score = 9.101681
slot update_slots: id  0 | task 0 | h2o eviction, prefix_keep = 1, recent_keep = 255, victim = [767,768), score = 6.413622
slot update_slots: id  0 | task 0 | h2o eviction, prefix_keep = 1, recent_keep = 255, victim = [767,768), score = 8.113203
slot update_slots: id  0 | task 0 | h2o eviction, prefix_keep = 1, recent_keep = 255, victim = [767,768), score = 9.195172
slot update_slots: id  0 | task 0 | h2o eviction, prefix_keep = 1, recent_keep = 255, victim = [767,768), score = 9.768039
slot update_slots: id  0 | task 0 | h2o eviction, prefix_keep = 1, recent_keep = 255, victim = [304,305), score = 11.101335
slot update_slots: id  0 | task 0 | h2o eviction, prefix_keep = 1, recent_keep = 255, victim = [767,768), score = 6.840171
slot update_slots: id  0 | task 0 | h2o eviction, prefix_keep = 1, recent_keep = 255, victim = [767,768), score = 9.236545
slot update_slots: id  0 | task 0 | h2o eviction, prefix_keep = 1, recent_keep = 255, victim = [767,768), score = 6.938939
slot update_slots: id  0 | task 0 | h2o eviction, prefix_keep = 1, recent_keep = 255, victim = [767,768), score = 6.312009
slot update_slots: id  0 | task 0 | h2o eviction, prefix_keep = 1, recent_keep = 255, victim = [767,768), score = 5.378619
slot update_slots: id  0 | task 0 | h2o eviction, prefix_keep = 1, recent_keep = 255, victim = [767,768), score = 7.628338
slot update_slots: id  0 | task 0 | h2o eviction, prefix_keep = 1, recent_keep = 255, victim = [767,768), score = 9.927989
slot update_slots: id  0 | task 0 | h2o eviction, prefix_keep = 1, recent_keep = 255, victim = [9,10), score = 11.167515
slot update_slots: id  0 | task 0 | h2o eviction, prefix_keep = 1, recent_keep = 255, victim = [767,768), score = 6.569003
slot update_slots: id  0 | task 0 | h2o eviction, prefix_keep = 1, recent_keep = 255, victim = [767,768), score = 6.981942
slot update_slots: id  0 | task 0 | h2o eviction, prefix_keep = 1, recent_keep = 255, victim = [767,768), score = 6.964228
slot update_slots: id  0 | task 0 | h2o eviction, prefix_keep = 1, recent_keep = 255, victim = [767,768), score = 7.237043
slot update_slots: id  0 | task 0 | h2o eviction, prefix_keep = 1, recent_keep = 255, victim = [767,768), score = 9.482258
slot update_slots: id  0 | task 0 | h2o eviction, prefix_keep = 1, recent_keep = 255, victim = [767,768), score = 9.144418
slot update_slots: id  0 | task 0 | h2o eviction, prefix_keep = 1, recent_keep = 255, victim = [252,253), score = 11.194215
slot update_slots: id  0 | task 0 | h2o eviction, prefix_keep = 1, recent_keep = 255, victim = [767,768), score = 9.982081
slot update_slots: id  0 | task 0 | h2o eviction, prefix_keep = 1, recent_keep = 255, victim = [767,768), score = 10.820363
slot update_slots: id  0 | task 0 | h2o eviction, prefix_keep = 1, recent_keep = 255, victim = [767,768), score = 8.949951
slot update_slots: id  0 | task 0 | h2o eviction, prefix_keep = 1, recent_keep = 255, victim = [767,768), score = 5.420946
slot update_slots: id  0 | task 0 | h2o eviction, prefix_keep = 1, recent_keep = 255, victim = [767,768), score = 4.387344
slot update_slots: id  0 | task 0 | h2o eviction, prefix_keep = 1, recent_keep = 255, victim = [767,768), score = 7.905125
slot update_slots: id  0 | task 0 | h2o eviction, prefix_keep = 1, recent_keep = 255, victim = [767,768), score = 7.348034
slot update_slots: id  0 | task 0 | h2o eviction, prefix_keep = 1, recent_keep = 255, victim = [767,768), score = 3.916408
slot update_slots: id  0 | task 0 | h2o eviction, prefix_keep = 1, recent_keep = 255, victim = [767,768), score = 6.078167
slot update_slots: id  0 | task 0 | h2o eviction, prefix_keep = 1, recent_keep = 255, victim = [767,768), score = 8.088516
slot update_slots: id  0 | task 0 | h2o eviction, prefix_keep = 1, recent_keep = 255, victim = [463,464), score = 11.244711
slot update_slots: id  0 | task 0 | h2o eviction, prefix_keep = 1, recent_keep = 255, victim = [767,768), score = 5.873314
slot update_slots: id  0 | task 0 | h2o eviction, prefix_keep = 1, recent_keep = 255, victim = [767,768), score = 6.981233
slot update_slots: id  0 | task 0 | h2o eviction, prefix_keep = 1, recent_keep = 255, victim = [767,768), score = 6.932960
slot update_slots: id  0 | task 0 | h2o eviction, prefix_keep = 1, recent_keep = 255, victim = [767,768), score = 7.191580
slot update_slots: id  0 | task 0 | h2o eviction, prefix_keep = 1, recent_keep = 255, victim = [767,768), score = 7.307697
slot update_slots: id  0 | task 0 | h2o eviction, prefix_keep = 1, recent_keep = 255, victim = [767,768), score = 6.816989
slot update_slots: id  0 | task 0 | h2o eviction, prefix_keep = 1, recent_keep = 255, victim = [767,768), score = 7.245732
slot update_slots: id  0 | task 0 | h2o eviction, prefix_keep = 1, recent_keep = 255, victim = [767,768), score = 5.222537
slot update_slots: id  0 | task 0 | h2o eviction, prefix_keep = 1, recent_keep = 255, victim = [767,768), score = 8.001374
slot update_slots: id  0 | task 0 | h2o eviction, prefix_keep = 1, recent_keep = 255, victim = [767,768), score = 6.715328
slot update_slots: id  0 | task 0 | h2o eviction, prefix_keep = 1, recent_keep = 255, victim = [767,768), score = 8.299755
slot update_slots: id  0 | task 0 | h2o eviction, prefix_keep = 1, recent_keep = 255, victim = [767,768), score = 5.998434
slot update_slots: id  0 | task 0 | h2o eviction, prefix_keep = 1, recent_keep = 255, victim = [767,768), score = 6.078995
slot update_slots: id  0 | task 0 | h2o eviction, prefix_keep = 1, recent_keep = 255, victim = [767,768), score = 8.017023
slot update_slots: id  0 | task 0 | h2o eviction, prefix_keep = 1, recent_keep = 255, victim = [767,768), score = 8.489365
slot update_slots: id  0 | task 0 | h2o eviction, prefix_keep = 1, recent_keep = 255, victim = [767,768), score = 6.375227
slot update_slots: id  0 | task 0 | h2o eviction, prefix_keep = 1, recent_keep = 255, victim = [767,768), score = 5.814125
slot update_slots: id  0 | task 0 | h2o eviction, prefix_keep = 1, recent_keep = 255, victim = [767,768), score = 6.899050
slot update_slots: id  0 | task 0 | h2o eviction, prefix_keep = 1, recent_keep = 255, victim = [767,768), score = 6.563797
slot update_slots: id  0 | task 0 | h2o eviction, prefix_keep = 1, recent_keep = 255, victim = [767,768), score = 4.505475
slot update_slots: id  0 | task 0 | h2o eviction, prefix_keep = 1, recent_keep = 255, victim = [767,768), score = 7.113847
slot update_slots: id  0 | task 0 | h2o eviction, prefix_keep = 1, recent_keep = 255, victim = [767,768), score = 7.660445
slot update_slots: id  0 | task 0 | h2o eviction, prefix_keep = 1, recent_keep = 255, victim = [767,768), score = 5.501845
slot update_slots: id  0 | task 0 | h2o eviction, prefix_keep = 1, recent_keep = 255, victim = [767,768), score = 7.660412
slot update_slots: id  0 | task 0 | h2o eviction, prefix_keep = 1, recent_keep = 255, victim = [767,768), score = 6.008569
slot update_slots: id  0 | task 0 | h2o eviction, prefix_keep = 1, recent_keep = 255, victim = [767,768), score = 8.189129
slot update_slots: id  0 | task 0 | h2o eviction, prefix_keep = 1, recent_keep = 255, victim = [767,768), score = 6.170674
slot update_slots: id  0 | task 0 | h2o eviction, prefix_keep = 1, recent_keep = 255, victim = [767,768), score = 6.806247
slot update_slots: id  0 | task 0 | h2o eviction, prefix_keep = 1, recent_keep = 255, victim = [427,428), score = 11.352148
slot update_slots: id  0 | task 0 | h2o eviction, prefix_keep = 1, recent_keep = 255, victim = [767,768), score = 11.200197
slot update_slots: id  0 | task 0 | h2o eviction, prefix_keep = 1, recent_keep = 255, victim = [765,766), score = 11.385398
slot update_slots: id  0 | task 0 | h2o eviction, prefix_keep = 1, recent_keep = 255, victim = [767,768), score = 8.147989
slot update_slots: id  0 | task 0 | h2o eviction, prefix_keep = 1, recent_keep = 255, victim = [767,768), score = 7.384248
slot update_slots: id  0 | task 0 | h2o eviction, prefix_keep = 1, recent_keep = 255, victim = [767,768), score = 5.986211
slot update_slots: id  0 | task 0 | h2o eviction, prefix_keep = 1, recent_keep = 255, victim = [767,768), score = 9.360911
slot update_slots: id  0 | task 0 | h2o eviction, prefix_keep = 1, recent_keep = 255, victim = [692,693), score = 11.394117
slot update_slots: id  0 | task 0 | h2o eviction, prefix_keep = 1, recent_keep = 255, victim = [767,768), score = 6.965380
slot update_slots: id  0 | task 0 | h2o eviction, prefix_keep = 1, recent_keep = 255, victim = [767,768), score = 9.700374
slot update_slots: id  0 | task 0 | h2o eviction, prefix_keep = 1, recent_keep = 255, victim = [446,447), score = 11.409423
slot update_slots: id  0 | task 0 | h2o eviction, prefix_keep = 1, recent_keep = 255, victim = [767,768), score = 8.182290
slot update_slots: id  0 | task 0 | h2o eviction, prefix_keep = 1, recent_keep = 255, victim = [767,768), score = 9.443121
slot update_slots: id  0 | task 0 | h2o eviction, prefix_keep = 1, recent_keep = 255, victim = [767,768), score = 4.648987
slot update_slots: id  0 | task 0 | h2o eviction, prefix_keep = 1, recent_keep = 255, victim = [767,768), score = 8.880292
slot update_slots: id  0 | task 0 | h2o eviction, prefix_keep = 1, recent_keep = 255, victim = [767,768), score = 10.908295
slot update_slots: id  0 | task 0 | h2o eviction, prefix_keep = 1, recent_keep = 255, victim = [767,768), score = 10.711360
slot update_slots: id  0 | task 0 | h2o eviction, prefix_keep = 1, recent_keep = 255, victim = [767,768), score = 6.060433
slot update_slots: id  0 | task 0 | h2o eviction, prefix_keep = 1, recent_keep = 255, victim = [767,768), score = 7.218839
slot update_slots: id  0 | task 0 | h2o eviction, prefix_keep = 1, recent_keep = 255, victim = [767,768), score = 8.082060
slot update_slots: id  0 | task 0 | h2o eviction, prefix_keep = 1, recent_keep = 255, victim = [767,768), score = 10.455418
slot update_slots: id  0 | task 0 | h2o eviction, prefix_keep = 1, recent_keep = 255, victim = [767,768), score = 4.980287
slot update_slots: id  0 | task 0 | h2o eviction, prefix_keep = 1, recent_keep = 255, victim = [767,768), score = 7.596156
slot update_slots: id  0 | task 0 | h2o eviction, prefix_keep = 1, recent_keep = 255, victim = [767,768), score = 7.015566
slot update_slots: id  0 | task 0 | h2o eviction, prefix_keep = 1, recent_keep = 255, victim = [767,768), score = 6.420483
slot update_slots: id  0 | task 0 | h2o eviction, prefix_keep = 1, recent_keep = 255, victim = [767,768), score = 9.762646
slot update_slots: id  0 | task 0 | h2o eviction, prefix_keep = 1, recent_keep = 255, victim = [767,768), score = 8.409920
slot update_slots: id  0 | task 0 | h2o eviction, prefix_keep = 1, recent_keep = 255, victim = [767,768), score = 9.028700
slot update_slots: id  0 | task 0 | h2o eviction, prefix_keep = 1, recent_keep = 255, victim = [767,768), score = 8.965090
slot update_slots: id  0 | task 0 | h2o eviction, prefix_keep = 1, recent_keep = 255, victim = [767,768), score = 8.710836
slot update_slots: id  0 | task 0 | h2o eviction, prefix_keep = 1, recent_keep = 255, victim = [250,251), score = 11.508583
slot update_slots: id  0 | task 0 | h2o eviction, prefix_keep = 1, recent_keep = 255, victim = [767,768), score = 8.810692
slot update_slots: id  0 | task 0 | h2o eviction, prefix_keep = 1, recent_keep = 255, victim = [744,745), score = 11.520886
slot update_slots: id  0 | task 0 | h2o eviction, prefix_keep = 1, recent_keep = 255, victim = [767,768), score = 11.009192
slot update_slots: id  0 | task 0 | h2o eviction, prefix_keep = 1, recent_keep = 255, victim = [767,768), score = 7.375521
slot update_slots: id  0 | task 0 | h2o eviction, prefix_keep = 1, recent_keep = 255, victim = [767,768), score = 7.782089
slot update_slots: id  0 | task 0 | h2o eviction, prefix_keep = 1, recent_keep = 255, victim = [767,768), score = 9.303010
slot update_slots: id  0 | task 0 | h2o eviction, prefix_keep = 1, recent_keep = 255, victim = [767,768), score = 10.416094
slot update_slots: id  0 | task 0 | h2o eviction, prefix_keep = 1, recent_keep = 255, victim = [767,768), score = 8.033701
slot update_slots: id  0 | task 0 | h2o eviction, prefix_keep = 1, recent_keep = 255, victim = [767,768), score = 9.484241
slot update_slots: id  0 | task 0 | h2o eviction, prefix_keep = 1, recent_keep = 255, victim = [767,768), score = 4.826904
slot update_slots: id  0 | task 0 | h2o eviction, prefix_keep = 1, recent_keep = 255, victim = [767,768), score = 9.181198
slot update_slots: id  0 | task 0 | h2o eviction, prefix_keep = 1, recent_keep = 255, victim = [767,768), score = 7.763430
slot update_slots: id  0 | task 0 | h2o eviction, prefix_keep = 1, recent_keep = 255, victim = [767,768), score = 7.549354
slot update_slots: id  0 | task 0 | h2o eviction, prefix_keep = 1, recent_keep = 255, victim = [767,768), score = 4.251433
slot update_slots: id  0 | task 0 | h2o eviction, prefix_keep = 1, recent_keep = 255, victim = [767,768), score = 6.358836
slot update_slots: id  0 | task 0 | h2o eviction, prefix_keep = 1, recent_keep = 255, victim = [767,768), score = 6.826926
slot update_slots: id  0 | task 0 | h2o eviction, prefix_keep = 1, recent_keep = 255, victim = [767,768), score = 8.663673
slot update_slots: id  0 | task 0 | h2o eviction, prefix_keep = 1, recent_keep = 255, victim = [767,768), score = 7.577724
slot update_slots: id  0 | task 0 | h2o eviction, prefix_keep = 1, recent_keep = 255, victim = [498,499), score = 11.556697
slot update_slots: id  0 | task 0 | h2o eviction, prefix_keep = 1, recent_keep = 255, victim = [767,768), score = 6.798295
slot update_slots: id  0 | task 0 | h2o eviction, prefix_keep = 1, recent_keep = 255, victim = [767,768), score = 9.434978
slot update_slots: id  0 | task 0 | h2o eviction, prefix_keep = 1, recent_keep = 255, victim = [307,308), score = 11.582250
slot update_slots: id  0 | task 0 | h2o eviction, prefix_keep = 1, recent_keep = 255, victim = [767,768), score = 6.462825
slot update_slots: id  0 | task 0 | h2o eviction, prefix_keep = 1, recent_keep = 255, victim = [767,768), score = 11.101092
slot update_slots: id  0 | task 0 | h2o eviction, prefix_keep = 1, recent_keep = 255, victim = [767,768), score = 8.523085
slot update_slots: id  0 | task 0 | h2o eviction, prefix_keep = 1, recent_keep = 255, victim = [767,768), score = 10.360878
slot update_slots: id  0 | task 0 | h2o eviction, prefix_keep = 1, recent_keep = 255, victim = [767,768), score = 4.923877
slot update_slots: id  0 | task 0 | h2o eviction, prefix_keep = 1, recent_keep = 255, victim = [767,768), score = 8.860107
slot update_slots: id  0 | task 0 | h2o eviction, prefix_keep = 1, recent_keep = 255, victim = [767,768), score = 8.233829
slot update_slots: id  0 | task 0 | h2o eviction, prefix_keep = 1, recent_keep = 255, victim = [767,768), score = 7.003840
slot update_slots: id  0 | task 0 | h2o eviction, prefix_keep = 1, recent_keep = 255, victim = [767,768), score = 4.967214
slot update_slots: id  0 | task 0 | h2o eviction, prefix_keep = 1, recent_keep = 255, victim = [767,768), score = 4.715902
slot update_slots: id  0 | task 0 | h2o eviction, prefix_keep = 1, recent_keep = 255, victim = [767,768), score = 6.556062
slot update_slots: id  0 | task 0 | h2o eviction, prefix_keep = 1, recent_keep = 255, victim = [767,768), score = 7.600551
slot update_slots: id  0 | task 0 | h2o eviction, prefix_keep = 1, recent_keep = 255, victim = [767,768), score = 5.488293
slot update_slots: id  0 | task 0 | h2o eviction, prefix_keep = 1, recent_keep = 255, victim = [767,768), score = 6.433457
slot update_slots: id  0 | task 0 | h2o eviction, prefix_keep = 1, recent_keep = 255, victim = [767,768), score = 8.250319
slot update_slots: id  0 | task 0 | h2o eviction, prefix_keep = 1, recent_keep = 255, victim = [767,768), score = 7.986830
slot update_slots: id  0 | task 0 | h2o eviction, prefix_keep = 1, recent_keep = 255, victim = [767,768), score = 9.493098
slot update_slots: id  0 | task 0 | h2o eviction, prefix_keep = 1, recent_keep = 255, victim = [767,768), score = 4.080123
slot update_slots: id  0 | task 0 | h2o eviction, prefix_keep = 1, recent_keep = 255, victim = [767,768), score = 4.222684
slot update_slots: id  0 | task 0 | h2o eviction, prefix_keep = 1, recent_keep = 255, victim = [767,768), score = 6.286092
slot update_slots: id  0 | task 0 | h2o eviction, prefix_keep = 1, recent_keep = 255, victim = [767,768), score = 6.276503
slot update_slots: id  0 | task 0 | h2o eviction, prefix_keep = 1, recent_keep = 255, victim = [767,768), score = 3.960828
slot update_slots: id  0 | task 0 | h2o eviction, prefix_keep = 1, recent_keep = 255, victim = [767,768), score = 4.272602
slot update_slots: id  0 | task 0 | h2o eviction, prefix_keep = 1, recent_keep = 255, victim = [767,768), score = 6.352287
slot update_slots: id  0 | task 0 | h2o eviction, prefix_keep = 1, recent_keep = 255, victim = [767,768), score = 10.176027
slot update_slots: id  0 | task 0 | h2o eviction, prefix_keep = 1, recent_keep = 255, victim = [767,768), score = 8.379376
slot update_slots: id  0 | task 0 | h2o eviction, prefix_keep = 1, recent_keep = 255, victim = [767,768), score = 8.674293
slot update_slots: id  0 | task 0 | h2o eviction, prefix_keep = 1, recent_keep = 255, victim = [683,684), score = 11.680264
slot update_slots: id  0 | task 0 | h2o eviction, prefix_keep = 1, recent_keep = 255, victim = [767,768), score = 7.502014
slot update_slots: id  0 | task 0 | h2o eviction, prefix_keep = 1, recent_keep = 255, victim = [767,768), score = 5.732967
slot update_slots: id  0 | task 0 | h2o eviction, prefix_keep = 1, recent_keep = 255, victim = [767,768), score = 9.089251
slot update_slots: id  0 | task 0 | h2o eviction, prefix_keep = 1, recent_keep = 255, victim = [767,768), score = 9.283894
slot update_slots: id  0 | task 0 | h2o eviction, prefix_keep = 1, recent_keep = 255, victim = [767,768), score = 7.734785
slot update_slots: id  0 | task 0 | h2o eviction, prefix_keep = 1, recent_keep = 255, victim = [301,302), score = 11.751833
slot update_slots: id  0 | task 0 | h2o eviction, prefix_keep = 1, recent_keep = 255, victim = [767,768), score = 5.691412
slot update_slots: id  0 | task 0 | h2o eviction, prefix_keep = 1, recent_keep = 255, victim = [767,768), score = 5.270926
slot update_slots: id  0 | task 0 | h2o eviction, prefix_keep = 1, recent_keep = 255, victim = [767,768), score = 10.632310
slot update_slots: id  0 | task 0 | h2o eviction, prefix_keep = 1, recent_keep = 255, victim = [767,768), score = 9.733283
slot update_slots: id  0 | task 0 | h2o eviction, prefix_keep = 1, recent_keep = 255, victim = [767,768), score = 10.834059
slot update_slots: id  0 | task 0 | h2o eviction, prefix_keep = 1, recent_keep = 255, victim = [767,768), score = 11.547011
slot update_slots: id  0 | task 0 | h2o eviction, prefix_keep = 1, recent_keep = 255, victim = [767,768), score = 7.702714
slot update_slots: id  0 | task 0 | h2o eviction, prefix_keep = 1, recent_keep = 255, victim = [767,768), score = 10.466805
slot update_slots: id  0 | task 0 | h2o eviction, prefix_keep = 1, recent_keep = 255, victim = [767,768), score = 8.169368
slot update_slots: id  0 | task 0 | h2o eviction, prefix_keep = 1, recent_keep = 255, victim = [767,768), score = 6.661594
slot update_slots: id  0 | task 0 | h2o eviction, prefix_keep = 1, recent_keep = 255, victim = [767,768), score = 4.960947
slot update_slots: id  0 | task 0 | h2o eviction, prefix_keep = 1, recent_keep = 255, victim = [767,768), score = 5.229616
slot update_slots: id  0 | task 0 | h2o eviction, prefix_keep = 1, recent_keep = 255, victim = [767,768), score = 6.666304
slot update_slots: id  0 | task 0 | h2o eviction, prefix_keep = 1, recent_keep = 255, victim = [767,768), score = 6.120480
slot update_slots: id  0 | task 0 | h2o eviction, prefix_keep = 1, recent_keep = 255, victim = [767,768), score = 6.615999
slot update_slots: id  0 | task 0 | h2o eviction, prefix_keep = 1, recent_keep = 255, victim = [767,768), score = 5.308336
slot update_slots: id  0 | task 0 | h2o eviction, prefix_keep = 1, recent_keep = 255, victim = [767,768), score = 6.103435
slot update_slots: id  0 | task 0 | h2o eviction, prefix_keep = 1, recent_keep = 255, victim = [472,473), score = 11.853194
slot update_slots: id  0 | task 0 | h2o eviction, prefix_keep = 1, recent_keep = 255, victim = [290,291), score = 11.861858
slot update_slots: id  0 | task 0 | h2o eviction, prefix_keep = 1, recent_keep = 255, victim = [767,768), score = 10.127647
slot update_slots: id  0 | task 0 | h2o eviction, prefix_keep = 1, recent_keep = 255, victim = [767,768), score = 7.654308
slot update_slots: id  0 | task 0 | h2o eviction, prefix_keep = 1, recent_keep = 255, victim = [767,768), score = 7.488019
slot update_slots: id  0 | task 0 | h2o eviction, prefix_keep = 1, recent_keep = 255, victim = [767,768), score = 6.971246
slot update_slots: id  0 | task 0 | h2o eviction, prefix_keep = 1, recent_keep = 255, victim = [767,768), score = 9.870666
slot update_slots: id  0 | task 0 | h2o eviction, prefix_keep = 1, recent_keep = 255, victim = [767,768), score = 7.905559
slot update_slots: id  0 | task 0 | h2o eviction, prefix_keep = 1, recent_keep = 255, victim = [767,768), score = 9.737569
slot update_slots: id  0 | task 0 | h2o eviction, prefix_keep = 1, recent_keep = 255, victim = [767,768), score = 10.403153
slot update_slots: id  0 | task 0 | h2o eviction, prefix_keep = 1, recent_keep = 255, victim = [11,12), score = 11.910249
slot update_slots: id  0 | task 0 | h2o eviction, prefix_keep = 1, recent_keep = 255, victim = [767,768), score = 10.057138
slot update_slots: id  0 | task 0 | h2o eviction, prefix_keep = 1, recent_keep = 255, victim = [767,768), score = 7.872621
slot update_slots: id  0 | task 0 | h2o eviction, prefix_keep = 1, recent_keep = 255, victim = [60,61), score = 11.916961
slot update_slots: id  0 | task 0 | h2o eviction, prefix_keep = 1, recent_keep = 255, victim = [580,581), score = 11.978486
slot update_slots: id  0 | task 0 | h2o eviction, prefix_keep = 1, recent_keep = 255, victim = [756,757), score = 11.998167
slot update_slots: id  0 | task 0 | h2o eviction, prefix_keep = 1, recent_keep = 255, victim = [767,768), score = 11.242028
slot update_slots: id  0 | task 0 | h2o eviction, prefix_keep = 1, recent_keep = 255, victim = [767,768), score = 10.810008
slot update_slots: id  0 | task 0 | h2o eviction, prefix_keep = 1, recent_keep = 255, victim = [767,768), score = 9.508506
slot update_slots: id  0 | task 0 | h2o eviction, prefix_keep = 1, recent_keep = 255, victim = [749,750), score = 12.007832
slot update_slots: id  0 | task 0 | h2o eviction, prefix_keep = 1, recent_keep = 255, victim = [711,712), score = 12.063921
slot update_slots: id  0 | task 0 | h2o eviction, prefix_keep = 1, recent_keep = 255, victim = [767,768), score = 10.569192
slot update_slots: id  0 | task 0 | h2o eviction, prefix_keep = 1, recent_keep = 255, victim = [758,759), score = 12.090919
slot update_slots: id  0 | task 0 | h2o eviction, prefix_keep = 1, recent_keep = 255, victim = [248,249), score = 12.113480
slot update_slots: id  0 | task 0 | h2o eviction, prefix_keep = 1, recent_keep = 255, victim = [317,318), score = 12.176682
slot update_slots: id  0 | task 0 | h2o eviction, prefix_keep = 1, recent_keep = 255, victim = [767,768), score = 9.426712
slot update_slots: id  0 | task 0 | h2o eviction, prefix_keep = 1, recent_keep = 255, victim = [767,768), score = 10.768024
slot update_slots: id  0 | task 0 | h2o eviction, prefix_keep = 1, recent_keep = 255, victim = [767,768), score = 9.109092
slot update_slots: id  0 | task 0 | h2o eviction, prefix_keep = 1, recent_keep = 255, victim = [767,768), score = 7.884358
slot update_slots: id  0 | task 0 | h2o eviction, prefix_keep = 1, recent_keep = 255, victim = [767,768), score = 8.503577
slot update_slots: id  0 | task 0 | h2o eviction, prefix_keep = 1, recent_keep = 255, victim = [767,768), score = 11.582619
slot update_slots: id  0 | task 0 | h2o eviction, prefix_keep = 1, recent_keep = 255, victim = [767,768), score = 10.397731
slot update_slots: id  0 | task 0 | h2o eviction, prefix_keep = 1, recent_keep = 255, victim = [767,768), score = 7.443277
slot update_slots: id  0 | task 0 | h2o eviction, prefix_keep = 1, recent_keep = 255, victim = [767,768), score = 7.676950
slot update_slots: id  0 | task 0 | h2o eviction, prefix_keep = 1, recent_keep = 255, victim = [767,768), score = 8.052864
slot update_slots: id  0 | task 0 | h2o eviction, prefix_keep = 1, recent_keep = 255, victim = [767,768), score = 7.081508
slot update_slots: id  0 | task 0 | h2o eviction, prefix_keep = 1, recent_keep = 255, victim = [767,768), score = 10.987050
slot update_slots: id  0 | task 0 | h2o eviction, prefix_keep = 1, recent_keep = 255, victim = [767,768), score = 9.745519
slot update_slots: id  0 | task 0 | h2o eviction, prefix_keep = 1, recent_keep = 255, victim = [767,768), score = 12.025028
slot update_slots: id  0 | task 0 | h2o eviction, prefix_keep = 1, recent_keep = 255, victim = [767,768), score = 5.934859
slot update_slots: id  0 | task 0 | h2o eviction, prefix_keep = 1, recent_keep = 255, victim = [767,768), score = 5.861109
slot update_slots: id  0 | task 0 | h2o eviction, prefix_keep = 1, recent_keep = 255, victim = [767,768), score = 7.977855
slot update_slots: id  0 | task 0 | h2o eviction, prefix_keep = 1, recent_keep = 255, victim = [767,768), score = 8.843415
slot update_slots: id  0 | task 0 | h2o eviction, prefix_keep = 1, recent_keep = 255, victim = [12,13), score = 12.210591
slot update_slots: id  0 | task 0 | h2o eviction, prefix_keep = 1, recent_keep = 255, victim = [767,768), score = 8.456696
slot update_slots: id  0 | task 0 | h2o eviction, prefix_keep = 1, recent_keep = 255, victim = [767,768), score = 11.525051
slot update_slots: id  0 | task 0 | h2o eviction, prefix_keep = 1, recent_keep = 255, victim = [767,768), score = 8.167040
slot update_slots: id  0 | task 0 | h2o eviction, prefix_keep = 1, recent_keep = 255, victim = [767,768), score = 11.502666
slot update_slots: id  0 | task 0 | h2o eviction, prefix_keep = 1, recent_keep = 255, victim = [767,768), score = 10.201772
slot update_slots: id  0 | task 0 | h2o eviction, prefix_keep = 1, recent_keep = 255, victim = [767,768), score = 7.144373
slot update_slots: id  0 | task 0 | h2o eviction, prefix_keep = 1, recent_keep = 255, victim = [767,768), score = 9.360550
slot update_slots: id  0 | task 0 | h2o eviction, prefix_keep = 1, recent_keep = 255, victim = [767,768), score = 7.602862
slot update_slots: id  0 | task 0 | h2o eviction, prefix_keep = 1, recent_keep = 255, victim = [767,768), score = 12.191001
slot update_slots: id  0 | task 0 | h2o eviction, prefix_keep = 1, recent_keep = 255, victim = [767,768), score = 9.073892
slot update_slots: id  0 | task 0 | h2o eviction, prefix_keep = 1, recent_keep = 255, victim = [767,768), score = 9.465885
slot update_slots: id  0 | task 0 | h2o eviction, prefix_keep = 1, recent_keep = 255, victim = [767,768), score = 6.866795
slot update_slots: id  0 | task 0 | h2o eviction, prefix_keep = 1, recent_keep = 255, victim = [767,768), score = 8.197298
slot update_slots: id  0 | task 0 | h2o eviction, prefix_keep = 1, recent_keep = 255, victim = [767,768), score = 9.000052
slot update_slots: id  0 | task 0 | h2o eviction, prefix_keep = 1, recent_keep = 255, victim = [767,768), score = 12.134230
slot update_slots: id  0 | task 0 | h2o eviction, prefix_keep = 1, recent_keep = 255, victim = [767,768), score = 12.174985
slot update_slots: id  0 | task 0 | h2o eviction, prefix_keep = 1, recent_keep = 255, victim = [767,768), score = 10.363392
slot update_slots: id  0 | task 0 | h2o eviction, prefix_keep = 1, recent_keep = 255, victim = [446,447), score = 12.266933
slot update_slots: id  0 | task 0 | h2o eviction, prefix_keep = 1, recent_keep = 255, victim = [767,768), score = 11.095410
slot update_slots: id  0 | task 0 | h2o eviction, prefix_keep = 1, recent_keep = 255, victim = [767,768), score = 6.787930
slot update_slots: id  0 | task 0 | h2o eviction, prefix_keep = 1, recent_keep = 255, victim = [767,768), score = 7.392270
slot update_slots: id  0 | task 0 | h2o eviction, prefix_keep = 1, recent_keep = 255, victim = [280,281), score = 12.284266
slot update_slots: id  0 | task 0 | h2o eviction, prefix_keep = 1, recent_keep = 255, victim = [767,768), score = 8.128251
slot update_slots: id  0 | task 0 | h2o eviction, prefix_keep = 1, recent_keep = 255, victim = [767,768), score = 5.220794
slot update_slots: id  0 | task 0 | h2o eviction, prefix_keep = 1, recent_keep = 255, victim = [767,768), score = 11.629379
slot update_slots: id  0 | task 0 | h2o eviction, prefix_keep = 1, recent_keep = 255, victim = [332,333), score = 12.291457
slot update_slots: id  0 | task 0 | h2o eviction, prefix_keep = 1, recent_keep = 255, victim = [339,340), score = 12.344266
slot update_slots: id  0 | task 0 | h2o eviction, prefix_keep = 1, recent_keep = 255, victim = [767,768), score = 12.185602
slot update_slots: id  0 | task 0 | h2o eviction, prefix_keep = 1, recent_keep = 255, victim = [311,312), score = 12.352377
slot update_slots: id  0 | task 0 | h2o eviction, prefix_keep = 1, recent_keep = 255, victim = [79,80), score = 12.353342
slot update_slots: id  0 | task 0 | h2o eviction, prefix_keep = 1, recent_keep = 255, victim = [767,768), score = 9.462178
slot update_slots: id  0 | task 0 | h2o eviction, prefix_keep = 1, recent_keep = 255, victim = [767,768), score = 12.144034
slot update_slots: id  0 | task 0 | h2o eviction, prefix_keep = 1, recent_keep = 255, victim = [767,768), score = 12.175277
slot update_slots: id  0 | task 0 | h2o eviction, prefix_keep = 1, recent_keep = 255, victim = [767,768), score = 10.269571
slot update_slots: id  0 | task 0 | h2o eviction, prefix_keep = 1, recent_keep = 255, victim = [767,768), score = 8.696785
slot update_slots: id  0 | task 0 | h2o eviction, prefix_keep = 1, recent_keep = 255, victim = [612,613), score = 12.372597
slot update_slots: id  0 | task 0 | h2o eviction, prefix_keep = 1, recent_keep = 255, victim = [618,619), score = 12.387446
slot update_slots: id  0 | task 0 | h2o eviction, prefix_keep = 1, recent_keep = 255, victim = [767,768), score = 11.154289
slot update_slots: id  0 | task 0 | h2o eviction, prefix_keep = 1, recent_keep = 255, victim = [736,737), score = 12.417669
slot update_slots: id  0 | task 0 | h2o eviction, prefix_keep = 1, recent_keep = 255, victim = [286,287), score = 12.428456
slot update_slots: id  0 | task 0 | h2o eviction, prefix_keep = 1, recent_keep = 255, victim = [132,133), score = 12.434028
slot update_slots: id  0 | task 0 | h2o eviction, prefix_keep = 1, recent_keep = 255, victim = [329,330), score = 12.448402
slot update_slots: id  0 | task 0 | h2o eviction, prefix_keep = 1, recent_keep = 255, victim = [767,768), score = 11.092165
slot update_slots: id  0 | task 0 | h2o eviction, prefix_keep = 1, recent_keep = 255, victim = [767,768), score = 10.726180
slot update_slots: id  0 | task 0 | h2o eviction, prefix_keep = 1, recent_keep = 255, victim = [767,768), score = 8.717935
slot update_slots: id  0 | task 0 | h2o eviction, prefix_keep = 1, recent_keep = 255, victim = [767,768), score = 11.368329
slot update_slots: id  0 | task 0 | h2o eviction, prefix_keep = 1, recent_keep = 255, victim = [767,768), score = 8.064281
slot update_slots: id  0 | task 0 | h2o eviction, prefix_keep = 1, recent_keep = 255, victim = [767,768), score = 8.851624
slot update_slots: id  0 | task 0 | h2o eviction, prefix_keep = 1, recent_keep = 255, victim = [720,721), score = 12.500531
slot update_slots: id  0 | task 0 | h2o eviction, prefix_keep = 1, recent_keep = 255, victim = [767,768), score = 10.519796
slot update_slots: id  0 | task 0 | h2o eviction, prefix_keep = 1, recent_keep = 255, victim = [767,768), score = 7.937040
slot update_slots: id  0 | task 0 | h2o eviction, prefix_keep = 1, recent_keep = 255, victim = [10,11), score = 12.528631
slot update_slots: id  0 | task 0 | h2o eviction, prefix_keep = 1, recent_keep = 255, victim = [767,768), score = 8.760874
slot update_slots: id  0 | task 0 | h2o eviction, prefix_keep = 1, recent_keep = 255, victim = [767,768), score = 11.535213
slot update_slots: id  0 | task 0 | h2o eviction, prefix_keep = 1, recent_keep = 255, victim = [767,768), score = 11.179642
slot update_slots: id  0 | task 0 | h2o eviction, prefix_keep = 1, recent_keep = 255, victim = [108,109), score = 12.543952
slot update_slots: id  0 | task 0 | h2o eviction, prefix_keep = 1, recent_keep = 255, victim = [767,768), score = 11.769455
slot update_slots: id  0 | task 0 | h2o eviction, prefix_keep = 1, recent_keep = 255, victim = [767,768), score = 6.651579
slot update_slots: id  0 | task 0 | h2o eviction, prefix_keep = 1, recent_keep = 255, victim = [767,768), score = 8.982717
slot update_slots: id  0 | task 0 | h2o eviction, prefix_keep = 1, recent_keep = 255, victim = [767,768), score = 7.034083
slot update_slots: id  0 | task 0 | h2o eviction, prefix_keep = 1, recent_keep = 255, victim = [767,768), score = 10.004622
slot update_slots: id  0 | task 0 | h2o eviction, prefix_keep = 1, recent_keep = 255, victim = [767,768), score = 8.906868
slot update_slots: id  0 | task 0 | h2o eviction, prefix_keep = 1, recent_keep = 255, victim = [767,768), score = 4.601945
slot update_slots: id  0 | task 0 | h2o eviction, prefix_keep = 1, recent_keep = 255, victim = [767,768), score = 7.292018
slot update_slots: id  0 | task 0 | h2o eviction, prefix_keep = 1, recent_keep = 255, victim = [139,140), score = 12.609299
slot update_slots: id  0 | task 0 | h2o eviction, prefix_keep = 1, recent_keep = 255, victim = [767,768), score = 10.110126
slot update_slots: id  0 | task 0 | h2o eviction, prefix_keep = 1, recent_keep = 255, victim = [755,756), score = 12.653747
slot update_slots: id  0 | task 0 | h2o eviction, prefix_keep = 1, recent_keep = 255, victim = [751,752), score = 12.659323
slot update_slots: id  0 | task 0 | h2o eviction, prefix_keep = 1, recent_keep = 255, victim = [767,768), score = 11.979884
slot update_slots: id  0 | task 0 | h2o eviction, prefix_keep = 1, recent_keep = 255, victim = [341,342), score = 12.668704
slot update_slots: id  0 | task 0 | h2o eviction, prefix_keep = 1, recent_keep = 255, victim = [767,768), score = 9.391979
slot update_slots: id  0 | task 0 | h2o eviction, prefix_keep = 1, recent_keep = 255, victim = [767,768), score = 6.737968
slot update_slots: id  0 | task 0 | h2o eviction, prefix_keep = 1, recent_keep = 255, victim = [767,768), score = 9.674983
slot update_slots: id  0 | task 0 | h2o eviction, prefix_keep = 1, recent_keep = 255, victim = [334,335), score = 12.686048
slot update_slots: id  0 | task 0 | h2o eviction, prefix_keep = 1, recent_keep = 255, victim = [767,768), score = 12.016624
slot update_slots: id  0 | task 0 | h2o eviction, prefix_keep = 1, recent_keep = 255, victim = [767,768), score = 7.590215
slot update_slots: id  0 | task 0 | h2o eviction, prefix_keep = 1, recent_keep = 255, victim = [767,768), score = 7.253986
slot update_slots: id  0 | task 0 | h2o eviction, prefix_keep = 1, recent_keep = 255, victim = [767,768), score = 7.582540
slot update_slots: id  0 | task 0 | h2o eviction, prefix_keep = 1, recent_keep = 255, victim = [767,768), score = 10.300400
slot update_slots: id  0 | task 0 | h2o eviction, prefix_keep = 1, recent_keep = 255, victim = [668,669), score = 12.722947
slot update_slots: id  0 | task 0 | h2o eviction, prefix_keep = 1, recent_keep = 255, victim = [767,768), score = 9.173767
slot update_slots: id  0 | task 0 | h2o eviction, prefix_keep = 1, recent_keep = 255, victim = [316,317), score = 12.742746
slot update_slots: id  0 | task 0 | h2o eviction, prefix_keep = 1, recent_keep = 255, victim = [767,768), score = 9.809342
slot update_slots: id  0 | task 0 | h2o eviction, prefix_keep = 1, recent_keep = 255, victim = [148,149), score = 12.751437
slot update_slots: id  0 | task 0 | h2o eviction, prefix_keep = 1, recent_keep = 255, victim = [767,768), score = 9.460641
slot update_slots: id  0 | task 0 | h2o eviction, prefix_keep = 1, recent_keep = 255, victim = [767,768), score = 7.094851
slot update_slots: id  0 | task 0 | h2o eviction, prefix_keep = 1, recent_keep = 255, victim = [767,768), score = 4.372202
slot update_slots: id  0 | task 0 | h2o eviction, prefix_keep = 1, recent_keep = 255, victim = [767,768), score = 11.346697
slot update_slots: id  0 | task 0 | h2o eviction, prefix_keep = 1, recent_keep = 255, victim = [767,768), score = 8.805797
slot update_slots: id  0 | task 0 | h2o eviction, prefix_keep = 1, recent_keep = 255, victim = [767,768), score = 6.742626
slot update_slots: id  0 | task 0 | h2o eviction, prefix_keep = 1, recent_keep = 255, victim = [767,768), score = 10.363212
slot update_slots: id  0 | task 0 | h2o eviction, prefix_keep = 1, recent_keep = 255, victim = [306,307), score = 12.782760
slot update_slots: id  0 | task 0 | h2o eviction, prefix_keep = 1, recent_keep = 255, victim = [767,768), score = 8.225440
slot update_slots: id  0 | task 0 | h2o eviction, prefix_keep = 1, recent_keep = 255, victim = [600,601), score = 12.815349
slot update_slots: id  0 | task 0 | h2o eviction, prefix_keep = 1, recent_keep = 255, victim = [767,768), score = 8.898296
slot update_slots: id  0 | task 0 | h2o eviction, prefix_keep = 1, recent_keep = 255, victim = [767,768), score = 8.717987
slot update_slots: id  0 | task 0 | h2o eviction, prefix_keep = 1, recent_keep = 255, victim = [767,768), score = 10.992908
slot update_slots: id  0 | task 0 | h2o eviction, prefix_keep = 1, recent_keep = 255, victim = [767,768), score = 8.877957
slot update_slots: id  0 | task 0 | h2o eviction, prefix_keep = 1, recent_keep = 255, victim = [767,768), score = 7.798689
slot update_slots: id  0 | task 0 | h2o eviction, prefix_keep = 1, recent_keep = 255, victim = [767,768), score = 9.461589
slot update_slots: id  0 | task 0 | h2o eviction, prefix_keep = 1, recent_keep = 255, victim = [767,768), score = 6.877330
slot update_slots: id  0 | task 0 | h2o eviction, prefix_keep = 1, recent_keep = 255, victim = [767,768), score = 8.908234
slot update_slots: id  0 | task 0 | h2o eviction, prefix_keep = 1, recent_keep = 255, victim = [767,768), score = 8.850288
slot update_slots: id  0 | task 0 | h2o eviction, prefix_keep = 1, recent_keep = 255, victim = [326,327), score = 12.823609
slot update_slots: id  0 | task 0 | h2o eviction, prefix_keep = 1, recent_keep = 255, victim = [767,768), score = 7.254005
slot print_timing: id  0 | task 0 | 
prompt eval time =    5974.05 ms /   885 tokens (    6.75 ms per token,   148.14 tokens per second)
       eval time =   60923.16 ms /  1024 tokens (   59.50 ms per token,    16.81 tokens per second)
      total time =   66897.21 ms /  1909 tokens
slot      release: id  0 | task 0 | stop processing: n_tokens = 1023, truncated = 1
srv  update_slots: all slots are idle
llama_memory_breakdown_print: | memory breakdown [MiB]  | total   free    self   model   context   compute    unaccounted |
llama_memory_breakdown_print: |   - MTL0 (Apple M1 Pro) | 12124 = 7051 + (5071 =  4685 +     128 +     258) +           0 |
llama_memory_breakdown_print: |   - Host                |                  303 =   281 +       0 +      22                |
ggml_metal_free: deallocating
