token_index,token_id,probability,logprob,nll,reference_probability,reference_logprob,reference_nll,nll_drift
0,791,0.99896274318822853,-0.0010377951349033136,0.0010377951349033136,0.99896274318822853,-0.0010377951349033136,0.0010377951349033136,0
1,220,0.99999382196381315,-6.1780552709892378e-06,6.1780552709892378e-06,0.99999382196381315,-6.1780552709892378e-06,6.1780552709892378e-06,0
2,1049,0.99999999009480345,-9.9051966138284579e-09,9.9051966138284579e-09,0.99999999009480345,-9.9051966138284579e-09,9.9051966138284579e-09,0
3,18,0.99999999173134702,-8.2686530613702664e-09,8.2686530613702664e-09,0.99999999173134702,-8.2686530613702664e-09,8.2686530613702664e-09,0
4,16867,0.99999987541590962,-1.2458409815993418e-07,1.2458409815993418e-07,0.99999987541590962,-1.2458409815993418e-07,1.2458409815993418e-07,0
5,13892,0.99977844510911029,-0.00022157943780025648,0.00022157943780025648,0.99977844510911029,-0.00022157943780025648,0.00022157943780025648,0
6,78149,0.99999941988939967,-5.8011076857878572e-07,5.8011076857878572e-07,0.99999941988939967,-5.8011076857878572e-07,5.8011076857878572e-07,0
7,3280,0.99999981054408604,-1.8945593187045371e-07,1.8945593187045371e-07,0.99999981054408604,-1.8945593187045371e-07,1.8945593187045371e-07,0
8,574,0.99994653941837863,-5.3462010689182453e-05,5.3462010689182453e-05,0.99994653941837863,-5.3462010689182453e-05,5.3462010689182453e-05,0
9,264,0.99988566987061211,-0.00011433666557532979,0.00011433666557532979,0.99988566987061211,-0.00011433666557532979,0.00011433666557532979,0
10,10284,0.97738007760518797,-0.022879677405602119,0.022879677405602119,0.97738007760518797,-0.022879677405602119,0.022879677405602119,0
11,3770,0.99997291651859133,-2.7083848172735369e-05,2.7083848172735369e-05,0.99997291651859133,-2.7083848172735369e-05,2.7083848172735369e-05,0
12,5578,0.95176404320790209,-0.04943812868480655,0.04943812868480655,0.95176404320790209,-0.04943812868480655,0.04943812868480655,0
13,1060,0.99996506472512581,-3.4935885125072828e-05,3.4935885125072828e-05,0.99996506472512581,-3.4935885125072828e-05,3.4935885125072828e-05,0
14,4930,0.78245095777420481,-0.24532403230289584,0.24532403230289584,0.78245095777420481,-0.24532403230289584,0.24532403230289584,0
15,4261,0.99999896174626035,-1.0382542786895611e-06,1.0382542786895611e-06,0.99999896174626035,-1.0382542786895611e-06,1.0382542786895611e-06,0
16,315,0.99992474977972146,-7.5253051718449164e-05,7.5253051718449164e-05,0.99992474977972146,-7.5253051718449164e-05,7.5253051718449164e-05,0
17,35148,0.99999659554917253,-3.4044566225863587e-06,3.4044566225863587e-06,0.99999659554917253,-3.4044566225863587e-06,3.4044566225863587e-06,0
18,44448,0.98215099133417261,-0.01801022345127163,0.01801022345127163,0.98215099133417261,-0.01801022345127163,0.01801022345127163,0
19,86945,0.99975390479337345,-0.0002461254930208727,0.0002461254930208727,0.99975390479337345,-0.0002461254930208727,0.0002461254930208727,0
20,14093,0.99999964300243227,-3.5699763145971884e-07,3.5699763145971884e-07,0.99999964300243227,-3.5699763145971884e-07,3.5699763145971884e-07,0
21,11,0.71386495325712052,-0.33706147562845545,0.33706147562845545,0.71386495325712052,-0.33706147562845545,0.33706147562845545,0
22,449,0.97683078749734364,-0.023441837950422668,0.023441837950422668,0.97683078749734364,-0.023441837950422668,0.023441837950422668,0
23,220,0.84103358062784284,-0.17312369040344169,0.17312369040344169,0.84103358062784284,-0.17312369040344169,0.17312369040344169,0
24,2148,0.99996031536049079,-3.9685426965306694e-05,3.9685426965306694e-05,0.99996031536049079,-3.9685426965306694e-05,3.9685426965306694e-05,0
25,35148,0.99997838757445501,-2.1612659096812852e-05,2.1612659096812852e-05,0.99997838757445501,-2.1612659096812852e-05,2.1612659096812852e-05,0
26,39300,0.99997837878423301,-2.1621449508812065e-05,2.1621449508812065e-05,0.99997837878423301,-2.1621449508812065e-05,2.1621449508812065e-05,0
27,919,0.99999948850362463,-5.1149650623127835e-07,5.1149650623127835e-07,0.99999948850362463,-5.1149650623127835e-07,5.1149650623127835e-07,0
28,11,0.52743234436782571,-0.63973467898016889,0.63973467898016889,0.52743234436782571,-0.63973467898016889,0.63973467898016889,0
29,220,0.97883048779656767,-0.021396799761639961,0.021396799761639961,0.97883048779656767,-0.021396799761639961,0.021396799761639961,0
30,1691,0.99999602179620573,-3.9782117072983323e-06,3.9782117072983323e-06,0.99999602179620573,-3.9782117072983323e-06,3.9782117072983323e-06,0
31,7086,0.99840708723299276,-0.0015941828014307928,0.0015941828014307928,0.99840708723299276,-0.0015941828014307928,0.0015941828014307928,0
32,44583,0.99998831416702672,-1.1685901253193546e-05,1.1685901253193546e-05,0.99998831416702672,-1.1685901253193546e-05,1.1685901253193546e-05,0
33,11,0.99995746095030702,-4.2539954504049903e-05,4.2539954504049903e-05,0.99995746095030702,-4.2539954504049903e-05,4.2539954504049903e-05,0
34,323,0.99999884385176108,-1.1561489072914097e-06,1.1561489072914097e-06,0.99999884385176108,-1.1561489072914097e-06,1.1561489072914097e-06,0
35,220,0.99999919543521532,-8.0456510839283265e-07,8.0456510839283265e-07,0.99999919543521532,-8.0456510839283265e-07,8.0456510839283265e-07,0
36,975,0.9999992236400771,-7.7636022427732654e-07,7.7636022427732654e-07,0.9999992236400771,-7.7636022427732654e-07,7.7636022427732654e-07,0
37,13892,0.99998163029813492,-1.8369870590155532e-05,1.8369870590155532e-05,0.99998163029813492,-1.8369870590155532e-05,1.8369870590155532e-05,0
38,764,0.99999901252637124,-9.8747411631133245e-07,9.8747411631133245e-07,0.99999901252637124,-9.8747411631133245e-07,9.8747411631133245e-07,0
39,29639,0.99999540384500774,-4.5961655546481389e-06,4.5961655546481389e-06,0.99999540384500774,-4.5961655546481389e-06,4.5961655546481389e-06,0
40,13,0.99360540597285507,-0.0064151270237874924,0.0064151270237874924,0.99360540597285507,-0.0064151270237874924,0.0064151270237874924,0
41,578,0.99729071646826062,-0.0027129602827759671,0.0027129602827759671,0.99729071646826062,-0.0027129602827759671,0.0027129602827759671,0
42,3280,0.99987505923608233,-0.00012494856966514136,0.00012494856966514136,0.99987505923608233,-0.00012494856966514136,0.00012494856966514136,0
43,10837,0.71177933730889109,-0.33998733511512202,0.33998733511512202,0.71177933730889109,-0.33998733511512202,0.33998733511512202,0
44,1060,0.73537347193945524,-0.30737678373344407,0.30737678373344407,0.73537347193945524,-0.30737678373344407,0.30737678373344407,0
45,21691,0.99852853507562067,-0.0014725485920743136,0.0014725485920743136,0.99852853507562067,-0.0014725485920743136,0.0014725485920743136,0
46,11,0.99995078647342728,-4.9214737598073629e-05,4.9214737598073629e-05,0.99995078647342728,-4.9214737598073629e-05,4.9214737598073629e-05,0
47,449,0.99973304991448397,-0.00026698572303250189,0.00026698572303250189,0.99973304991448397,-0.00026698572303250189,0.00026698572303250189,0
48,279,0.99539587476911828,-0.0046147568609078557,0.0046147568609078557,0.99539587476911828,-0.0046147568609078557,0.0046147568609078557,0
49,1176,0.99998840509112974,-1.1594976091721762e-05,1.1594976091721762e-05,0.99998840509112974,-1.1594976091721762e-05,1.1594976091721762e-05,0
50,13766,0.99999758409919892,-2.4159037193339521e-06,2.4159037193339521e-06,0.99999758409919892,-2.4159037193339521e-06,2.4159037193339521e-06,0
51,11,0.90186245005629184,-0.10329326494232065,0.10329326494232065,0.90186245005629184,-0.10329326494232065,0.10329326494232065,0
52,816,0.99997854777358564,-2.1452456516645688e-05,2.1452456516645688e-05,0.99997854777358564,-2.1452456516645688e-05,2.1452456516645688e-05,0
53,3852,0.99999951941708232,-4.8058303312983667e-07,4.8058303312983667e-07,0.99999951941708232,-4.8058303312983667e-07,4.8058303312983667e-07,0
54,276,0.99999993070035209,-6.9299650281765066e-08,6.9299650281765066e-08,0.99999993070035209,-6.9299650281765066e-08,6.9299650281765066e-08,0
55,11,0.99999904893430924,-9.5106614299257501e-07,9.5106614299257501e-07,0.99999904893430924,-9.5106614299257501e-07,9.5106614299257501e-07,0
56,11469,0.99994937005338247,-5.0631228356539885e-05,5.0631228356539885e-05,0.99994937005338247,-5.0631228356539885e-05,5.0631228356539885e-05,0
57,9909,0.99277223547572024,-0.0072540113613977436,0.0072540113613977436,0.99277223547572024,-0.0072540113613977436,0.0072540113613977436,0
58,315,0.99999997030858601,-2.9691414441503493e-08,2.9691414441503493e-08,0.99999997030858601,-2.9691414441503493e-08,2.9691414441503493e-08,0
59,279,0.99999979616889312,-2.0383112763071082e-07,2.0383112763071082e-07,0.99999979616889312,-2.0383112763071082e-07,2.0383112763071082e-07,0
60,30508,0.99999403652992391,-5.9634878576768607e-06,5.9634878576768607e-06,0.99999403652992391,-5.9634878576768607e-06,5.9634878576768607e-06,0
61,23028,0.99999981404367022,-1.8595634701707803e-07,1.8595634701707803e-07,0.99999981404367022,-1.8595634701707803e-07,1.8595634701707803e-07,0
62,389,0.99996263490294968,-3.736579514290318e-05,3.736579514290318e-05,0.99996263490294968,-3.736579514290318e-05,3.736579514290318e-05,0
63,6186,0.99999620514628695,-3.7948609134772216e-06,3.7948609134772216e-06,0.99999620514628695,-3.7948609134772216e-06,3.7948609134772216e-06,0
64,220,0.99999983558256045,-1.6441745301395853e-07,1.6441745301395853e-07,0.99999983558256045,-1.6441745301395853e-07,1.6441745301395853e-07,0
65,868,0.99999953288738019,-4.6711272886802126e-07,4.6711272886802126e-07,0.99999953288738019,-4.6711272886802126e-07,4.6711272886802126e-07,0
66,13,0.60227918835892413,-0.50703417314239507,0.50703417314239507,0.60227918835892413,-0.50703417314239507,0.50703417314239507,0
67,578,0.4782118730760701,-0.73770139558343317,0.73770139558343317,0.4782118730760701,-0.73770139558343317,0.73770139558343317,0
68,3280,0.75027035922367058,-0.28732165844381902,0.28732165844381902,0.75027035922367058,-0.28732165844381902,0.28732165844381902,0
69,574,0.63715371846182811,-0.45074433625545446,0.45074433625545446,0.63715371846182811,-0.45074433625545446,0.45074433625545446,0
70,13160,0.54071616642974951,-0.6148607839663367,0.6148607839663367,0.54071616642974951,-0.6148607839663367,0.6148607839663367,0
71,555,0.99999971037797986,-2.896220621366517e-07,2.896220621366517e-07,0.99999971037797986,-2.896220621366517e-07,2.896220621366517e-07,0
72,3892,0.98608976203301035,-0.014007891978441158,0.014007891978441158,0.98608976203301035,-0.014007891978441158,0.014007891978441158,0
73,5199,0.85952825379748166,-0.15137158233479178,0.15137158233479178,0.85952825379748166,-0.15137158233479178,0.15137158233479178,0
74,44583,0.94167087716657294,-0.060099452752367638,0.060099452752367638,0.94167087716657294,-0.060099452752367638,0.060099452752367638,0
75,11,0.99996553516802633,-3.4465425899637466e-05,3.4465425899637466e-05,0.99996553516802633,-3.4465425899637466e-05,3.4465425899637466e-05,0
76,2737,0.99999382544093984,-6.1745781228019591e-06,6.1745781228019591e-06,0.99999382544093984,-6.1745781228019591e-06,6.1745781228019591e-06,0
77,14221,0.81118436681726636,-0.20925991800588689,0.20925991800588689,0.81118436681726636,-0.20925991800588689,0.20925991800588689,0
78,78149,0.99990167371173644,-9.8331122609964083e-05,9.8331122609964083e-05,0.99990167371173644,-9.8331122609964083e-05,9.8331122609964083e-05,0
79,735,0.90284972852967726,-0.10219915300182647,0.10219915300182647,0.90284972852967726,-0.10219915300182647,0.10219915300182647,0
80,9832,0.99999968783977411,-3.1216027464598121e-07,3.1216027464598121e-07,0.99999968783977411,-3.1216027464598121e-07,3.1216027464598121e-07,0
81,9008,0.99999983974643947,-1.6025357333827773e-07,1.6025357333827773e-07,0.99999983974643947,-1.6025357333827773e-07,1.6025357333827773e-07,0
82,11,0.99998805723919548,-1.1942832119854231e-05,1.1942832119854231e-05,0.99998805723919548,-1.1942832119854231e-05,1.1942832119854231e-05,0
83,902,0.98821255843088107,-0.011857464261356648,0.011857464261356648,0.98821255843088107,-0.011857464261356648,0.011857464261356648,0
84,6244,0.99684064341102596,-0.0031643578927148248,0.0031643578927148248,0.99684064341102596,-0.0031643578927148248,0.0031643578927148248,0
85,832,0.99999522996424051,-4.7700471361555779e-06,4.7700471361555779e-06,0.99999522996424051,-4.7700471361555779e-06,4.7700471361555779e-06,0
86,315,0.99999913502125259,-8.649791214905128e-07,8.649791214905128e-07,0.99999913502125259,-8.649791214905128e-07,8.649791214905128e-07,0
87,279,0.99999963137447567,-3.6862559227624686e-07,3.6862559227624686e-07,0.99999963137447567,-3.6862559227624686e-07,3.6862559227624686e-07,0
88,22807,0.99999911801999686,-8.8198039213077713e-07,8.8198039213077713e-07,0.99999911801999686,-8.8198039213077713e-07,8.8198039213077713e-07,0
89,65265,0.97722987309087794,-0.023033369976902345,0.023033369976902345,0.97722987309087794,-0.023033369976902345,0.023033369976902345,0
90,16867,0.99998776330376493,-1.2236771104034376e-05,1.2236771104034376e-05,0.99998776330376493,-1.2236771104034376e-05,1.2236771104034376e-05,0
91,13892,0.99999755197244033,-2.448030556108618e-06,2.448030556108618e-06,0.99999755197244033,-2.448030556108618e-06,2.448030556108618e-06,0
92,764,0.99999924461832523,-7.5538196011990778e-07,7.5538196011990778e-07,0.99999924461832523,-7.5538196011990778e-07,7.5538196011990778e-07,0
93,29639,0.99998970613568583,-1.0293917296303365e-05,1.0293917296303365e-05,0.99998970613568583,-1.0293917296303365e-05,1.0293917296303365e-05,0
94,304,0.9999541114955961,-4.588955731355315e-05,4.588955731355315e-05,0.9999541114955961,-4.588955731355315e-05,4.588955731355315e-05,0
95,3925,0.99999711705167005,-2.8829524857030692e-06,2.8829524857030692e-06,0.99999711705167005,-2.8829524857030692e-06,2.8829524857030692e-06,0
96,323,0.57137266897447925,-0.55971362201568153,0.55971362201568153,0.57137266897447925,-0.55971362201568153,0.55971362201568153,0
97,63260,0.87034832004541329,-0.1388617795910457,0.1388617795910457,0.87034832004541329,-0.1388617795910457,0.1388617795910457,0
98,11323,0.9988289851282286,-0.001171701045418346,0.001171701045418346,0.9988289851282286,-0.001171701045418346,0.001171701045418346,0
99,266,0.9999959181990723,-4.0818092582243476e-06,4.0818092582243476e-06,0.9999959181990723,-4.0818092582243476e-06,4.0818092582243476e-06,0
100,5848,0.99999353511559952,-6.4649052979477034e-06,6.4649052979477034e-06,0.99999353511559952,-6.4649052979477034e-06,6.4649052979477034e-06,0
101,7576,0.99999904204266943,-9.5795778944044385e-07,9.5795778944044385e-07,0.99999904204266943,-9.5795778944044385e-07,9.5795778944044385e-07,0
102,369,0.99996217499985363,-3.7825715529689343e-05,3.7825715529689343e-05,0.99996217499985363,-3.7825715529689343e-05,3.7825715529689343e-05,0
103,1202,0.99999813770965473,-1.8622920793146839e-06,1.8622920793146839e-06,0.99999813770965473,-1.8622920793146839e-06,1.8622920793146839e-06,0
104,57899,0.99955514370262244,-0.00044495527529522853,0.00044495527529522853,0.99955514370262244,-0.00044495527529522853,0.00044495527529522853,0
105,4216,0.99999822151919138,-1.7784823901476267e-06,1.7784823901476267e-06,0.99999822151919138,-1.7784823901476267e-06,1.7784823901476267e-06,0
106,25949,0.99998689860874945,-1.3101477074517004e-05,1.3101477074517004e-05,0.99998689860874945,-1.3101477074517004e-05,1.3101477074517004e-05,0
107,13,0.86199836408486241,-0.14850190613362946,0.14850190613362946,0.86199836408486241,-0.14850190613362946,0.14850190613362946,0
108,14221,0.99200682894962322,-0.0080252876991614222,0.0080252876991614222,0.99200682894962322,-0.0080252876991614222,0.0080252876991614222,0
109,78149,0.99998153340690143,-1.8466763608158634e-05,1.8466763608158634e-05,0.99998153340690143,-1.8466763608158634e-05,1.8466763608158634e-05,0
110,2417,0.99946960374969052,-0.00053053696015753938,0.00053053696015753938,0.99946960374969052,-0.00053053696015753938,0.00053053696015753938,0
111,65,0.99999970519287318,-2.9480717029644156e-07,2.9480717029644156e-07,0.99999970519287318,-2.9480717029644156e-07,2.9480717029644156e-07,0
112,7835,0.99962313299653505,-0.00037693803568108694,0.00037693803568108694,0.99962313299653505,-0.00037693803568108694,0.00037693803568108694,0
113,9057,0.97100212209596404,-0.029426625218469095,0.029426625218469095,0.97100212209596404,-0.029426625218469095,0.029426625218469095,0
114,3892,0.9996475724497248,-0.00035248966745931784,0.00035248966745931784,0.9996475724497248,-0.00035248966745931784,0.00035248966745931784,0
115,16779,0.99999852192864158,-1.4780724507656207e-06,1.4780724507656207e-06,0.99999852192864158,-1.4780724507656207e-06,1.4780724507656207e-06,0
116,323,0.99999981540210248,-1.8459791456910378e-07,1.8459791456910378e-07,0.99999981540210248,-1.8459791456910378e-07,1.8459791456910378e-07,0
117,16781,0.99999598763998931,-4.0123680602481558e-06,4.0123680602481558e-06,0.99999598763998931,-4.0123680602481558e-06,4.0123680602481558e-06,0
118,5674,0.99998859712983701,-1.140293517615663e-05,1.140293517615663e-05,0.99998859712983701,-1.140293517615663e-05,1.140293517615663e-05,0
119,4028,0.99992217378380455,-7.7829244812570487e-05,7.7829244812570487e-05,0.99992217378380455,-7.7829244812570487e-05,7.7829244812570487e-05,0
120,279,0.99999961362480649,-3.8637526818832421e-07,3.8637526818832421e-07,0.99999961362480649,-3.8637526818832421e-07,3.8637526818832421e-07,0
121,26363,0.99999767211780721,-2.3278849022598776e-06,2.3278849022598776e-06,0.99999767211780721,-2.3278849022598776e-06,2.3278849022598776e-06,0
122,323,0.99999962589731617,-3.7410275385376959e-07,3.7410275385376959e-07,0.99999962589731617,-3.7410275385376959e-07,3.7410275385376959e-07,0
123,5734,0.99999733256041912,-2.6674431385621767e-06,2.6674431385621767e-06,0.99999733256041912,-2.6674431385621767e-06,2.6674431385621767e-06,0
124,11,0.95889249249011355,-0.041976314147014943,0.041976314147014943,0.95889249249011355,-0.041976314147014943,0.041976314147014943,0
125,1418,0.99868597200598797,-0.0013148920858400202,0.0013148920858400202,0.99868597200598797,-0.0013148920858400202,0.0013148920858400202,0
126,14221,0.99997861177014802,-2.138845858344686e-05,2.138845858344686e-05,0.99997861177014802,-2.138845858344686e-05,2.138845858344686e-05,0
127,78149,0.99999988513598403,-1.1486402258016987e-07,1.1486402258016987e-07,0.99999988513598403,-1.1486402258016987e-07,1.1486402258016987e-07,0
128,11583,0.99999246962813004,-7.5304002233946043e-06,7.5304002233946043e-06,0.99999246962813004,-7.5304002233946043e-06,7.5304002233946043e-06,0
129,22530,0.99997753001378875,-2.247023866521301e-05,2.247023866521301e-05,0.99997753001378875,-2.247023866521301e-05,2.247023866521301e-05,0
130,6244,0.9941548291224056,-0.0058623207508359245,0.0058623207508359245,0.9941548291224056,-0.0058623207508359245,0.0058623207508359245,0
131,832,0.99996177424946742,-3.8226481155230367e-05,3.8226481155230367e-05,0.99996177424946742,-3.8226481155230367e-05,3.8226481155230367e-05,0
132,315,0.99999946347259094,-5.3652755300619463e-07,5.3652755300619463e-07,0.99999946347259094,-5.3652755300619463e-07,5.3652755300619463e-07,0
133,279,0.9999996220126034,-3.7798746805320435e-07,3.7798746805320435e-07,0.9999996220126034,-3.7798746805320435e-07,3.7798746805320435e-07,0
134,2853,0.99998677807173753,-1.3222015672952775e-05,1.3222015672952775e-05,0.99998677807173753,-1.3222015672952775e-05,1.3222015672952775e-05,0
135,24013,0.99999829731626899,-1.702685180564719e-06,1.702685180564719e-06,0.99999829731626899,-1.702685180564719e-06,1.702685180564719e-06,0
136,13892,0.99999322568343862,-6.774339507109534e-06,6.774339507109534e-06,0.99999322568343862,-6.774339507109534e-06,6.774339507109534e-06,0
137,764,0.99999947010172618,-5.2989841419476789e-07,5.2989841419476789e-07,0.99999947010172618,-5.2989841419476789e-07,5.2989841419476789e-07,0
138,29639,0.99999946922783933,-5.3077230158228609e-07,5.3077230158228609e-07,0.99999946922783933,-5.3077230158228609e-07,5.3077230158228609e-07,0
139,304,0.99999925814192292,-7.4185835224073762e-07,7.4185835224073762e-07,0.99999928737297505,-7.1262727884292073e-07,7.1262727884292073e-07,2.9231073397816891e-08
140,12715,0.99999946867456535,-5.3132557582576641e-07,5.3132557582576641e-07,0.9999994772433608,-5.2275677578707975e-07,5.2275677578707975e-07,8.5688000386866595e-09
141,3925,0.99999795994483498,-2.0400572458839809e-06,2.0400572458839809e-06,0.99999729662512238,-2.703378531755802e-06,2.703378531755802e-06,-6.6332128587182104e-07
142,1306,0.99993848719393996,-6.1514698050270155e-05,6.1514698050270155e-05,0.99994049681485631,-5.9504955528443992e-05,5.9504955528443992e-05,2.0097425218261637e-06
143,21933,0.99998595462887774,-1.4045469759386111e-05,1.4045469759386111e-05,0.99998615916375622,-1.3840932029067378e-05,1.3840932029067378e-05,2.0453773031873318e-07
144,4987,0.99999796108363748,-2.0389184411579e-06,2.0389184411579e-06,0.9999980848301423,-1.9151716916037903e-06,1.9151716916037903e-06,1.2374674955410973e-07
145,12126,0.99999926776739156,-7.3223287647994156e-07,7.3223287647994156e-07,0.99999933731807478,-6.6268214474246392e-07,6.6268214474246392e-07,6.9550731737477642e-08
146,13,0.77583794451064303,-0.25381161500135779,0.25381161500135779,0.77373648193488875,-0.25652392597938756,0.25652392597938756,-0.0027123109780297638
147,578,0.96361790505119727,-0.037060426999361046,0.037060426999361046,0.96186172043788809,-0.03888458039682291,0.03888458039682291,-0.001824153397461864
148,3280,0.99995330057035536,-4.6700520096913437e-05,4.6700520096913437e-05,0.99995152607518867,-4.8475099710027337e-05,4.8475099710027337e-05,-1.7745796131139001e-06
149,8036,0.99720712445448578,-0.0027967828992849016,0.0027967828992849016,0.99716094039452052,-0.0028430973793325126,0.0028430973793325126,-4.6314480047611028e-05
150,449,0.99999666155699829,-3.3384485742805016e-06,3.3384485742805016e-06,0.99999691805495328,-3.0819497959133471e-06,3.0819497959133471e-06,2.5649877836715449e-07
151,279,0.99998970044596713,-1.029960707365252e-05,1.029960707365252e-05,0.99999001534257304,-9.9847072739729358e-06,9.9847072739729358e-06,3.148997996795838e-07
152,14091,0.99999517693263607,-4.8230789949296477e-06,4.8230789949296477e-06,0.99999527121808951,-4.728793091176553e-06,4.728793091176553e-06,9.4285903753094764e-08
153,49686,0.99999889684899335,-1.1031516150974147e-06,1.1031516150974147e-06,0.99999886323844767,-1.1367621984080727e-06,1.1367621984080727e-06,-3.3610583310657954e-08
154,315,0.99999918961040202,-8.1038992631365534e-07,8.1038992631365534e-07,0.99999929768950102,-7.0231074563079343e-07,7.0231074563079343e-07,1.0807918068286191e-07
155,264,0.99999916885417961,-8.3114616576892914e-07,8.3114616576892914e-07,0.99999923422755232,-7.6577274089084302e-07,7.6577274089084302e-07,6.5373424878086117e-08
156,35148,0.99999843339516015,-1.5666060669843623e-06,1.5666060669843623e-06,0.99999852019795732,-1.4798031375756352e-06,1.4798031375756352e-06,8.6802929408727166e-08
157,18710,0.9999958355536015,-4.1644550698302355e-06,4.1644550698302355e-06,0.99999582093907391,-4.1790696583521143e-06,4.1790696583521143e-06,-1.4614588521878826e-08
158,11226,0.99999823697972745,-1.7630218267168839e-06,1.7630218267168839e-06,0.99999841340514806,-1.5865961106187572e-06,1.5865961106187572e-06,1.7642571609812667e-07
159,315,0.9999995097185318,-4.9028158837698367e-07,4.9028158837698367e-07,0.99999968555701046,-3.1444303901885581e-07,3.1444303901885581e-07,1.7583854935812786e-07
160,279,0.9999996511586442,-3.4884141663697952e-07,3.4884141663697952e-07,0.99999979133806072,-2.0866196103354011e-07,2.0866196103354011e-07,1.4017945560343941e-07
161,26363,0.99999716531377236,-2.8346902453603793e-06,2.8346902453603793e-06,0.99999748602640093,-2.5139767590853861e-06,2.5139767590853861e-06,3.2071348627499323e-07
162,389,0.99999873523398874,-1.2647668110467007e-06,1.2647668110467007e-06,0.99999934272798641,-6.5727222957767488e-07,6.5727222957767488e-07,6.074945814690258e-07
163,6790,0.99999231570552471,-7.6843239996688991e-06,7.6843239996688991e-06,0.99999443566151702,-5.5643539639418282e-06,5.5643539639418282e-06,2.1199700357270709e-06
164,220,0.99999890351037901,-1.0964902221035177e-06,1.0964902221035177e-06,0.99999914415236635,-8.5584799993891048e-07,8.5584799993891048e-07,2.4064222216460722e-07
165,1544,0.99999921508982503,-7.8491048298728901e-07,7.8491048298728901e-07,0.99999984742780357,-1.5257220810793141e-07,1.5257220810793141e-07,6.3233827487935763e-07
166,382,0.99584065287438706,-0.0041680212707444321,0.0041680212707444321,0.99675150765899567,-0.0032537801469526072,0.0032537801469526072,0.00091424112379182498
167,791,0.67709324059454346,-0.38994628941653936,0.38994628941653936,0.65760763749857987,-0.41914682110660778,0.41914682110660778,-0.029200531690068421
168,7036,0.3666726007548391,-1.0032859251179085,1.0032859251179085,0.4290275860825547,-0.84623405889874548,0.84623405889874548,0.15705186621916301
169,315,0.9999998786427301,-1.2135727730209591e-07,1.2135727730209591e-07,0.99999993888276473,-6.1117237179789549e-08,6.1117237179789549e-08,6.0240040122306358e-08
170,420,0.98149601531590958,-0.018677325064071586,0.018677325064071586,0.99402448258661102,-0.0059934422600615737,0.0059934422600615737,0.012683882804010012
171,4652,0.99999939629955314,-6.0370062911405075e-07,6.0370062911405075e-07,0.99999961491465594,-3.8508541823718719e-07,3.8508541823718719e-07,2.1861521087686356e-07
172,374,0.99994161885760025,-5.8382846644966514e-05,5.8382846644966514e-05,0.99998041846791019,-1.9581723810545542e-05,1.9581723810545542e-05,3.8801122834420976e-05
173,7347,0.99999903619090735,-9.6380955710573007e-07,9.6380955710573007e-07,0.99999893932070327,-1.0606798591950617e-06,1.0606798591950617e-06,-9.6870302089331619e-08
174,311,0.99999990991679477,-9.0083209275766112e-08,9.0083209275766112e-08,0.99999997127319318,-2.8726807186740468e-08,2.8726807186740468e-08,6.1356402089025637e-08
175,279,0.99999854655240661,-1.453448649666759e-06,1.453448649666759e-06,0.99999924856809663,-7.5143218570165582e-07,7.5143218570165582e-07,7.0201646396510322e-07
176,16867,0.99999877965005313,-1.2203506914982131e-06,1.2203506914982131e-06,0.99999872193161277,-1.2780692039741094e-06,1.2780692039741094e-06,-5.7718512475896269e-08
177,22302,0.99999850479153907,-1.4952095787629115e-06,1.4952095787629115e-06,0.99999611072972761,-3.889277835599515e-06,3.889277835599515e-06,-2.3940682568366036e-06
178,11,0.99961099231411377,-0.00038908336900425763,0.00038908336900425763,0.99985976448926339,-0.00014024534465523588,0.00014024534465523588,0.00024883802434902175
179,10411,0.99999776827499531,-2.2317274949524544e-06,2.2317274949524544e-06,0.99999844157614515,-1.5584250692316292e-06,1.5584250692316292e-06,6.7330242572082523e-07
180,315,0.99999997760126169,-2.2398738612819748e-08,2.2398738612819748e-08,0.99999996366210153,-3.6337899140065767e-08,3.6337899140065767e-08,-1.3939160527246019e-08
181,279,0.99999995171304723,-4.8286953935247308e-08,4.8286953935247308e-08,0.9999998283139202,-1.7168609459121371e-07,1.7168609459121371e-07,-1.2339914065596641e-07
182,3312,0.99999574063148,-4.2593775911026087e-06,4.2593775911026087e-06,0.99999732291305421,-2.6770905292030279e-06,2.6770905292030279e-06,1.5822870618995808e-06
183,859,0.99999992652867553,-7.3471327209851597e-08,7.3471327209851597e-08,0.99999994033462225,-5.9665379522330792e-08,5.9665379522330792e-08,1.3805947687520805e-08
184,323,0.99173992879175121,-0.0082943746261503783,0.0082943746261503783,0.99595422579877046,-0.0040539804870045612,0.0040539804870045612,0.004240394139145817
185,9909,0.99999439290496572,-5.6071107541416247e-06,5.6071107541416247e-06,0.99999468035912398,-5.3196550253293813e-06,5.3196550253293813e-06,2.8745572881224331e-07
186,315,0.99999980979172842,-1.90208289681347e-07,1.90208289681347e-07,0.99999978491921115,-2.1508081201211021e-07,2.1508081201211021e-07,-2.4872522330763216e-08
187,279,0.99999974601409225,-2.5398593999946902e-07,2.5398593999946902e-07,0.99999956589265027,-4.341074439140116e-07,4.341074439140116e-07,-1.8012150391454259e-07
188,7327,0.99999362341633891,-6.3766039915417121e-06,6.3766039915417121e-06,0.99999779402405697,-2.205978376183436e-06,2.205978376183436e-06,4.1706256153582761e-06
189,2696,0.99999401426562706,-5.9857522875149839e-06,5.9857522875149839e-06,0.99999496831003809,-5.0317026209537136e-06,5.0317026209537136e-06,9.5404966656127034e-07
190,7228,0.99999831298257769,-1.6870188453534391e-06,1.6870188453534391e-06,0.9999984738712655,-1.5261298989860132e-06,1.5261298989860132e-06,1.6088894636742589e-07
191,13,0.99825331707100329,-0.0017482101582732585,0.0017482101582732585,0.99918664249917366,-0.00081368845550686109,0.00081368845550686109,0.00093452170276639738
192,22620,0.96504660016615862,-0.035578888481465995,0.035578888481465995,0.98861727069683036,-0.011448008408717921,0.011448008408717921,0.024130880072748072
193,82,0.99999792840158708,-2.0716005587238865e-06,2.0716005587238865e-06,0.9999997355296435,-2.6447039147531902e-07,2.6447039147531902e-07,1.8071301672485676e-06
194,430,0.9999307069575234,-6.9295443350376681e-05,6.9295443350376681e-05,0.99998121341006851,-1.8786766401648443e-05,1.8786766401648443e-05,5.0508676948728239e-05
195,1376,0.99963889939506489,-0.00036116581745784717,0.00036116581745784717,0.99985458007752226,-0.0001454304969798586,0.0001454304969798586,0.00021573532047798857
196,11226,0.99996464441548472,-3.5356209538640181e-05,3.5356209538640181e-05,0.99999376651437466,-6.2335050535914951e-06,6.2335050535914951e-06,2.9122704485048687e-05
197,315,0.99999992321783127,-7.6782171670621756e-08,7.6782171670621756e-08,0.99999985437806138,-1.4562194922105067e-07,1.4562194922105067e-07,-6.8839777550428914e-08
198,279,0.99999945345319008,-5.4654695932503308e-07,5.4654695932503308e-07,0.99999951863923153,-4.813608843166522e-07,4.813608843166522e-07,6.5186075008380881e-08
199,2457,0.99992425090500114,-7.575196410649333e-05,7.575196410649333e-05,0.99996227296972817,-3.7727741954144228e-05,3.7727741954144228e-05,3.8024222152349102e-05
200,1584,0.99999971522476683,-2.8477527367029491e-07,2.8477527367029491e-07,0.99999956861553407,-4.3138455895354539e-07,4.3138455895354539e-07,-1.4660928528325048e-07
201,323,0.99994832998828564,-5.1671346655385773e-05,5.1671346655385773e-05,0.99998357522167036,-1.6424913217767913e-05,1.6424913217767913e-05,3.5246433437617863e-05
202,10411,0.99999489047407231,-5.1095389813154052e-06,5.1095389813154052e-06,0.99999397485158348,-6.0251665677969393e-06,6.0251665677969393e-06,-9.1562758648153408e-07
203,315,0.99999866796196812,-1.3320389190701847e-06,1.3320389190701847e-06,0.9999990459342839,-9.5406617124726956e-07,9.5406617124726956e-07,3.7797274782291511e-07
204,279,0.99999674613127232,-3.2538740214698e-06,3.2538740214698e-06,0.99999546255920602,-4.5374510881566484e-06,4.5374510881566484e-06,-1.2835770666868483e-06
205,3312,0.99999843045569536,-1.5695455363725909e-06,1.5695455363725909e-06,0.99999729297542073,-2.7070282432965553e-06,2.7070282432965553e-06,-1.1374827069239644e-06
206,859,0.99999947419551183,-5.2580462638200017e-07,5.2580462638200017e-07,0.99999535305827225,-4.6469525248186648e-06,4.6469525248186648e-06,-4.1211478984366651e-06
207,527,0.99999633309669045,-3.6669100326728567e-06,3.6669100326728567e-06,0.9999966449096126,-3.3550960157237858e-06,3.3550960157237858e-06,3.1181401694907092e-07
208,2663,0.99936902498758606,-0.00063117416092332195,0.00063117416092332195,0.99986859898792413,-0.00013140964594520566,0.00013140964594520566,0.00049976451497811634
209,90127,0.99996033193887568,-3.9668847922627301e-05,3.9668847922627301e-05,0.99996707696210752,-3.2923579867623546e-05,3.2923579867623546e-05,6.7452680550037552e-06
210,26,0.93883480616249926,-0.06311574053009486,0.06311574053009486,0.96658638206938285,-0.033984608156448236,0.033984608156448236,0.029131132373646625
211,1518,0.99969060197457937,-0.00030944589886456534,0.00030944589886456534,0.99993516096330604,-6.4841138835178839e-05,6.4841138835178839e-05,0.00024460476002938648
212,220,0.99964855546917808,-0.00035150630192419893,0.00035150630192419893,0.99989120182954494,-0.00010880408940531401,0.00010880408940531401,0.00024270221251888492
213,1049,0.99999795082341048,-2.0491786890421881e-06,2.0491786890421881e-06,0.99999878214691351,-1.2178538280508053e-06,1.2178538280508053e-06,8.3132486099138278e-07
214,18,0.9999997548137024,-2.4518632760318323e-07,2.4518632760318323e-07,0.99999989603151074,-1.0396849462674639e-07,1.0396849462674639e-07,1.4121783297643683e-07
215,16867,0.99999673242193421,-3.2675834043603047e-06,3.2675834043603047e-06,0.9999972877367167,-2.7122669614382766e-06,2.7122669614382766e-06,5.5531644292202812e-07
216,49784,0.99997782716011707,-2.2173085703970372e-05,2.2173085703970372e-05,0.99998311945021412,-1.6880692263917097e-05,1.6880692263917097e-05,5.2923934400532753e-06
217,3280,0.99999632387886217,-3.6761278948312951e-06,3.6761278948312951e-06,0.99999778387829741,-2.2161241581693935e-06,2.2161241581693935e-06,1.4600037366619016e-06
218,13,0.93710853816586615,-0.06495616762946968,0.06495616762946968,0.96094127626919545,-0.039841978778847854,0.039841978778847854,0.025114188850621826
219,71343,0.99503648852131299,-0.0049758706152246571,0.0049758706152246571,0.99835551852382309,-0.0016458351200713806,0.0016458351200713806,0.0033300354951532763
220,22620,0.92542520166755704,-0.077501969610597923,0.077501969610597923,0.95366793676025952,-0.047439742800681334,0.047439742800681334,0.03006222680991659
221,82,0.9999987139939075,-1.286006919385586e-06,1.286006919385586e-06,0.99999953555101995,-4.644490879129953e-07,4.644490879129953e-07,8.2155783147259073e-07
222,14454,0.99989874520705402,-0.0001012599195586022,0.0001012599195586022,0.99996934864855314,-3.0651821209109938e-05,3.0651821209109938e-05,7.0608098349492259e-05
223,304,0.99999880202113822,-1.1979795793852297e-06,1.1979795793852297e-06,0.99999808953123581,-1.9104705890960846e-06,1.9104705890960846e-06,-7.1249100971085488e-07
224,279,0.99999539252178227,-4.607488832147546e-06,4.607488832147546e-06,0.99999636872320175,-3.6312833913672941e-06,3.6312833913672941e-06,9.7620544078025192e-07
225,4553,0.9999941650984645,-5.8349185586461782e-06,5.8349185586461782e-06,0.9999961471932588,-3.8528141632281623e-06,3.8528141632281623e-06,1.9821043954180158e-06
226,9909,0.99984122253548868,-0.00015879007098733075,0.00015879007098733075,0.99987174996081829,-0.00012825826392124867,0.00012825826392124867,3.0531807066082079e-05
227,16867,0.99999303362395153,-6.9664003137792547e-06,6.9664003137792547e-06,0.99999490531095281,-5.0947020251901713e-06,5.0947020251901713e-06,1.8716982885890834e-06
228,58309,0.99996740865397793,-3.259187713148779e-05,3.259187713148779e-05,0.99995639954316007,-4.3601407367490081e-05,4.3601407367490081e-05,-1.1009530236002291e-05
229,527,0.99998685383214747,-1.3146254264127186e-05,1.3146254264127186e-05,0.99999315953739332,-6.8404860027421675e-06,6.8404860027421675e-06,6.3057682613850186e-06
230,12893,0.99999044106384816,-9.5589818387613461e-06,9.5589818387613461e-06,0.99998012637719302,-1.9873820290025915e-05,1.9873820290025915e-05,-1.0314838451264569e-05
231,264,0.99999917050654652,-8.2949379756642322e-07,8.2949379756642322e-07,0.99999910050139418,-8.9949901040313097e-07,8.9949901040313097e-07,-7.0005212836707747e-08
232,836,0.99999768083012808,-2.3191725612264124e-06,2.3191725612264124e-06,0.99999785663684182,-2.1433654551626759e-06,2.1433654551626759e-06,1.758071060637365e-07
233,555,0.99999939891803158,-6.0108214903767443e-07,6.0108214903767443e-07,0.99999937182423748,-6.2817595978887176e-07,6.2817595978887176e-07,-2.7093810751197327e-08
234,279,0.9999988988651124,-1.1011354938290928e-06,1.1011354938290928e-06,0.99999841854112181,-1.5814601286766275e-06,1.5814601286766275e-06,-4.8032463484753469e-07
235,27286,0.9999995216524481,-4.7834766631082736e-07,4.7834766631082736e-07,0.99999912873765429,-8.7126272522411128e-07,8.7126272522411128e-07,-3.9291505891328391e-07
236,14221,0.99999776226127801,-2.2377412256826574e-06,2.2377412256826574e-06,0.99999573909897232,-4.2609101053508113e-06,4.2609101053508113e-06,-2.0231688796681538e-06
237,78149,0.9999990589975547,-9.4100288806879471e-07,9.4100288806879471e-07,0.99999883009321278,-1.169907471564883e-06,1.169907471564883e-06,-2.2890458349608829e-07
238,5955,0.99999856762707506,-1.4323739507806791e-06,1.4323739507806791e-06,0.99999794691784005,-2.053084267552183e-06,2.053084267552183e-06,-6.2071031677150385e-07
239,13,0.9719954626056756,-0.028404142633750417,0.028404142633750417,0.98561835726596425,-0.014486060903561485,0.014486060903561485,0.013918081730188932
240,71343,0.99980449376105462,-0.00019552535278139811,0.00019552535278139811,0.99956575456570829,-0.00043433974614428048,0.00043433974614428048,-0.00023881439336288237
241,39300,0.99995045131359428,-4.9549913982393597e-05,4.9549913982393597e-05,0.99991104199831804,-8.8961958679616409e-05,8.8961958679616409e-05,-3.9412044697222812e-05
242,919,0.99999992169642049,-7.8303582549832237e-08,7.8303582549832237e-08,0.99999991646371911,-8.3536284397887201e-08,8.3536284397887201e-08,-5.2327018480549639e-09
243,304,0.99997630589821451,-2.369438249518579e-05,2.369438249518579e-05,0.99999033008570393,-9.6699610500503473e-06,9.6699610500503473e-06,1.4024421445135443e-05
244,420,0.99998796844360605,-1.203162877371141e-05,1.203162877371141e-05,0.99999415103519573,-5.8489819095732852e-06,5.8489819095732852e-06,6.1826468641381253e-06
245,58309,0.99999087144972088,-9.1285919446335346e-06,9.1285919446335346e-06,0.99998383206902086,-1.6168061681554807e-05,1.6168061681554807e-05,-7.0394697369212724e-06
246,41223,0.99997431873779719,-2.5681591972105517e-05,2.5681591972105517e-05,0.99999358829390128,-6.4117266537820562e-06,6.4117266537820562e-06,1.926986531832346e-05
247,555,0.99999969274044265,-3.0725960451749918e-07,3.0725960451749918e-07,0.9999995710435835,-4.2895650846041512e-07,4.2895650846041512e-07,-1.2169690394291594e-07
248,279,0.999999015052073,-9.8494841204735925e-07,9.8494841204735925e-07,0.99999817610360886,-1.8238980543980707e-06,1.8238980543980707e-06,-8.3894964235071145e-07
249,30833,0.99998516264936088,-1.4837460713685367e-05,1.4837460713685367e-05,0.99997808561232882,-2.1914627794925028e-05,2.1914627794925028e-05,-7.0771670812396605e-06
250,14221,0.99999620498554453,-3.7950216565078304e-06,3.7950216565078304e-06,0.99998946628825991,-1.0533767220010813e-05,1.0533767220010813e-05,-6.7387455635029832e-06
251,78149,0.99998676730137959,-1.3232786173308174e-05,1.3232786173308174e-05,0.99999433137932603,-5.668636740626331e-06,5.668636740626331e-06,7.5641494326818428e-06
252,27956,0.99997863646791485,-2.1363760288641165e-05,2.1363760288641165e-05,0.99994411159525254,-5.5889966562602017e-05,5.5889966562602017e-05,-3.4526206273960851e-05
253,5955,0.99999861480803764,-1.3851929217736095e-06,1.3851929217736095e-06,0.9999965403991582,-3.4596068262279309e-06,3.4596068262279309e-06,-2.0744139044543214e-06
254,320,0.99967956413163694,-0.00032048721890597239,0.00032048721890597239,0.9999209827974328,-7.9020324590815596e-05,7.9020324590815596e-05,0.00024146689431515678
255,82281,0.99990753465216808,-9.2469623015746725e-05,9.2469623015746725e-05,0.99992794152431153,-7.2061072025136723e-05,7.2061072025136723e-05,2.0408550990610002e-05
256,26538,0.9999873229326528,-1.2677147701935264e-05,1.2677147701935264e-05,0.9999885031800696,-1.1496886019333088e-05,1.1496886019333088e-05,1.1802616826021761e-06
257,8,0.99999725619801105,-2.7438057531308517e-06,2.7438057531308517e-06,0.99999788382779053,-2.1161744485622255e-06,2.1161744485622255e-06,6.2763130456862612e-07
258,617,0.99999389287575624,-6.1071428922896045e-06,6.1071428922896045e-06,0.99998837721147837,-1.162285606679994e-05,1.162285606679994e-05,-5.5157131745103358e-06
259,279,0.9999841222663598,-1.5877859692767082e-05,1.5877859692767082e-05,0.99999411267328553,-5.887344044856809e-06,5.887344044856809e-06,9.9905156479102733e-06
260,330,0.99914716600241638,-0.00085319786739240528,0.00085319786739240528,0.99939521507672247,-0.00060496787944900579,0.00060496787944900579,0.00024822998794339949
261,54,0.99920903135352424,-0.00079128162722519584,0.00079128162722519584,0.9994863102074002,-0.00051382177640240398,0.00051382177640240398,0.00027745985082279186
262,1,0.99996727647234773,-3.2724063078560889e-05,3.2724063078560889e-05,0.99997564529056227,-2.4355006018461994e-05,2.4355006018461994e-05,8.369057060098895e-06
263,21166,0.99998717807623261,-1.2822005968946129e-05,1.2822005968946129e-05,0.99998123023903995,-1.8769937114189104e-05,1.8769937114189104e-05,-5.9479311452429748e-06
264,3779,0.99999864060270294,-1.3593982210467364e-06,1.3593982210467364e-06,0.99999025847452472,-9.7415729242067663e-06,9.7415729242067663e-06,-8.3821747031600302e-06
265,311,0.9999995421117942,-4.5788831057519179e-07,4.5788831057519179e-07,0.9999994814316,-5.185685344379732e-07,5.185685344379732e-07,-6.0680223862781407e-08
266,872,0.99999932437320815,-6.7562702013390565e-07,6.7562702013390565e-07,0.99999869474605163,-1.3052548001611478e-06,1.3052548001611478e-06,-6.2962778002724212e-07
267,1396,0.99999836334002989,-1.6366613094098872e-06,1.6366613094098872e-06,0.99999802389726777,-1.9761046847175551e-06,1.9761046847175551e-06,-3.3944337530766798e-07
268,13,0.98640084481288448,-0.013692470671618627,0.013692470671618627,0.99654230555242684,-0.0034636860885156324,0.0034636860885156324,0.010228784583102994
269,71343,0.99980358116234302,-0.0001964381303632032,0.0001964381303632032,0.99963266157428776,-0.00036740591099885536,0.00036740591099885536,-0.00017096778063565215
270,39300,0.99997876012441334,-2.1240101156020954e-05,2.1240101156020954e-05,0.99996014626767094,-3.9854526510186139e-05,3.9854526510186139e-05,-1.8614425354165184e-05
271,919,0.9999989895103939,-1.0104901166282005e-06,1.0104901166282005e-06,0.9999990053351403,-9.9466535433922429e-07,9.9466535433922429e-07,1.5824762288976256e-08
272,430,0.99999937583286613,-6.2416732865171811e-07,6.2416732865171811e-07,0.99999959206805233,-4.0793203088390088e-07,4.0793203088390088e-07,2.1623529776781723e-07
273,3810,0.99999836783638585,-1.6321649461496334e-06,1.6321649461496334e-06,0.99999674820279849,-3.2518024886016539e-06,3.2518024886016539e-06,-1.6196375424520206e-06
274,477,0.99999987368386201,-1.2631614600318061e-07,1.2631614600318061e-07,0.99999988066282963,-1.1933717745800155e-07,1.1933717745800155e-07,6.9789685451790606e-09
275,1376,0.99999966646876626,-3.3353128936547027e-07,3.3353128936547027e-07,0.99999933304122368,-6.6695899876777931e-07,6.6695899876777931e-07,-3.3342770940230903e-07
276,304,0.99999928790948778,-7.1209076572481762e-07,7.1209076572481762e-07,0.99999909331874803,-9.066816630506744e-07,9.066816630506744e-07,-1.9459089732585677e-07
277,279,0.99999939331311427,-6.0668706973336372e-07,6.0668706973336372e-07,0.99999887592299352,-1.1240776382450847e-06,1.1240776382450847e-06,-5.1739056851172098e-07
278,57281,0.99998293722148501,-1.7062924085801356e-05,1.7062924085801356e-05,0.9999788992782368,-2.1100944386545004e-05,2.1100944386545004e-05,-4.038020300743648e-06
279,3158,0.99980477577473192,-0.00019524328399769185,0.00019524328399769185,0.99989888896273427,-0.00010111614933130155,0.00010111614933130155,9.4127134666390291e-05
280,315,0.99999966517420047,-3.3482585560893388e-07,3.3482585560893388e-07,0.99999969663327681,-3.0336676920843456e-07,3.0336676920843456e-07,3.1459086400499318e-08
281,12014,0.99999752039944312,-2.4796036310771639e-06,2.4796036310771639e-06,0.999997480167516,-2.5198356588037622e-06,2.5198356588037622e-06,-4.0232027726598287e-08
282,527,0.9999983909579091,-1.6090433854289393e-06,1.6090433854289393e-06,0.9999985360306638,-1.4639704077710689e-06,1.4639704077710689e-06,1.4507297765787039e-07
283,12893,0.99998340132425889,-1.6598813500647809e-05,1.6598813500647809e-05,0.9999687033317316,-3.1297158019377709e-05,3.1297158019377709e-05,-1.46983445187299e-05
284,264,0.99999915483979485,-8.4516056232322169e-07,8.4516056232322169e-07,0.99999911763922433,-8.8236116498562602e-07,8.8236116498562602e-07,-3.7200602662404331e-08
285,836,0.9999947258638926,-5.274150015686919e-06,5.274150015686919e-06,0.99999696068750121,-3.0393171175577877e-06,3.0393171175577877e-06,2.2348328981291313e-06
286,555,0.99999877644526391,-1.2235554846764732e-06,1.2235554846764732e-06,0.99999916396611566,-8.3603423386353305e-07,8.3603423386353305e-07,3.8752125081294019e-07
287,279,0.99999156738417039,-8.4326513842702463e-06,8.4326513842702463e-06,0.99999646514621954,-3.5348600280644817e-06,3.5348600280644817e-06,4.897791356205765e-06
288,57281,0.99997092534255094,-2.9075080125156092e-05,2.9075080125156092e-05,0.9999747961496428,-2.5204167979567225e-05,2.5204167979567225e-05,3.8709121455888666e-06
289,87597,0.99999239116575378,-7.6088631935470392e-06,7.6088631935470392e-06,0.9999934155248783,-6.5844967995016808e-06,6.5844967995016808e-06,1.0243663940453584e-06
290,11,0.99999198867017147,-8.0113619193642459e-06,8.0113619193642459e-06,0.99999825904196094,-1.7409595545027142e-06,1.7409595545027142e-06,6.2704023648615314e-06
291,4323,0.99998483605553923,-1.5164059434568369e-05,1.5164059434568369e-05,0.99998936669379623,-1.0633362737808235e-05,1.0633362737808235e-05,4.5306966967601337e-06
292,91004,0.99933690183931745,-0.00066331810750420344,0.00066331810750420344,0.99958537551332982,-0.00041471046716993072,0.00041471046716993072,0.00024860764033427272
293,323,0.98977330149452092,-0.010279350464718544,0.010279350464718544,0.99745954455922492,-0.0025436878734262903,0.0025436878734262903,0.0077356625912922538
294,39616,0.99998940795866642,-1.0592097429594653e-05,1.0592097429594653e-05,0.99998424970270228,-1.5750421334967844e-05,1.5750421334967844e-05,-5.1583239053731909e-06
295,14609,0.99995188761022735,-4.8113547210743811e-05,4.8113547210743811e-05,0.99994393127134351,-5.607030056640769e-05,5.607030056640769e-05,-7.9567533556638791e-06
296,950,0.99999978213078555,-2.1786923823126066e-07,2.1786923823126066e-07,0.9999996289328088,-3.7106726001825251e-07,3.7106726001825251e-07,-1.5319802178699185e-07
297,8471,0.99999653588545656,-3.4641205435449976e-06,3.4641205435449976e-06,0.99998835021510868,-1.1649852750625618e-05,1.1649852750625618e-05,-8.1857322070806205e-06
298,17128,0.99999417238075672,-5.8276362239658587e-06,5.8276362239658587e-06,0.99997289053274796,-2.710983472025637e-05,2.710983472025637e-05,-2.1282198496290511e-05
299,477,0.95899237806449045,-0.04187215192539178,0.04187215192539178,0.97351050496739588,-0.026846663301144012,0.026846663301144012,0.015025488624247768
300,393,0.99999731511616441,-2.6848874398444141e-06,2.6848874398444141e-06,0.99999801210247052,-1.98789950533056e-06,1.98789950533056e-06,6.9698793451385414e-07
301,1929,0.99999935578964583,-6.4421056167031222e-07,6.4421056167031222e-07,0.99999943491211152,-5.6508804812005713e-07,5.6508804812005713e-07,7.9122513550255095e-08
302,80692,0.99997426675149192,-2.5733579613845132e-05,2.5733579613845132e-05,0.99996195840610813,-3.8042317491633786e-05,3.8042317491633786e-05,-1.2308737877788653e-05
303,382,0.78025911663955072,-0.2481292136450379,0.2481292136450379,0.60671093516064278,-0.49970282019657442,0.49970282019657442,-0.25157360655153649
304,791,0.28312041521817533,-1.261882976365843,1.261882976365843,0.44451499361613417,-0.81077149317719499,0.81077149317719499,0.45111148318864802
305,220,0.1727988343577273,-1.7556271682499376,1.7556271682499376,0.5533431141144427,-0.59177701034543984,0.59177701034543984,1.1638501579044978
306,1049,0.99999125955421586,-8.7404839821091547e-06,8.7404839821091547e-06,0.99999848104582756,-1.5189553260936756e-06,1.5189553260936756e-06,7.2215286560154795e-06
307,18,0.99998190743506865,-1.8092728603764082e-05,1.8092728603764082e-05,0.99999863217371443,-1.3678272210416232e-06,1.3678272210416232e-06,1.6724901382722458e-05
308,16867,0.98325534484977906,-0.016886431783869716,0.016886431783869716,0.99972979608362167,-0.00027024042803372347,0.00027024042803372347,0.016616191355835992
309,13892,0.99897371977198102,-0.0010268072141600092,0.0010268072141600092,0.99984830631804811,-0.00015170518860217768,0.00015170518860217768,0.00087510202555783146
310,78149,0.99999145931293099,-8.5407235409151713e-06,8.5407235409151713e-06,0.99999887446834756,-1.1255322858988004e-06,1.1255322858988004e-06,7.4151912550163705e-06
311,3280,0.9999960298786158,-3.9701292651739578e-06,3.9701292651739578e-06,0.99999867230155148,-1.3276993299356296e-06,1.3276993299356296e-06,2.6424299352383281e-06
312,574,0.94845938756334358,-0.052916308063729746,0.052916308063729746,0.98711813494697886,-0.012965555781986592,0.012965555781986592,0.039950752281743156
313,18057,0.55818886987974226,-0.58305789738407621,0.58305789738407621,0.65743664029341919,-0.4194068841463276,0.4194068841463276,0.16365101323774861
314,291,0.47066234435437093,-0.75361433302229153,0.75361433302229153,0.53016678498242487,-0.63456363329397147,0.63456363329397147,0.11905069972832005
315,555,0.90431956189652307,-0.10057248338239745,0.10057248338239745,0.95915842194135348,-0.041699022808246965,0.041699022808246965,0.058873460574150487
316,3892,0.97153828349154436,-0.028874604362013848,0.028874604362013848,0.97155236420237689,-0.028860111254500338,0.028860111254500338,1.4493107513509351e-05
317,5315,0.41244963393949036,-0.88564118020278648,0.88564118020278648,0.41123104125665505,-0.88860007825297527,0.88860007825297527,-0.0029588980501887852
318,11,0.96579817122315414,-0.034800399080257394,0.034800399080257394,0.98651225170697854,-0.013579534228134104,0.013579534228134104,0.021220864852123288
319,2737,0.9992840352590715,-0.00071622116608519807,0.00071622116608519807,0.99987389419293304,-0.00012611375907277167,0.00012611375907277167,0.00059010740701242645
320,279,0.99578568663140454,-0.004223218615654215,0.004223218615654215,0.9991384270604855,-0.00086194430680150023,0.00086194430680150023,0.0033612743088527147
321,71343,0.84447495893435609,-0.16904019511664975,0.16904019511664975,0.87233195334203806,-0.13658524707545458,0.13658524707545458,0.03245494804119517
322,22620,0.99999590219487811,-4.0978135179682474e-06,4.0978135179682474e-06,0.99999159901951762,-8.40101577084938e-06,8.40101577084938e-06,-4.3032022528811327e-06
323,32388,0.99999569974558655,-4.3002636596191537e-06,4.3002636596191537e-06,0.99999429518891958,-5.7048273529395494e-06,5.7048273529395494e-06,-1.4045636933203957e-06
324,320,0.99849671178255828,-0.0015044192888671044,0.0015044192888671044,0.99988126978488179,-0.00011873726410814918,0.00011873726410814918,0.0013856820247589551
325,10155,0.99987810890189543,-0.00012189852742822634,0.00012189852742822634,0.99990660763405537,-9.339672728321084e-05,9.339672728321084e-05,2.8501800145015502e-05
326,49,0.99999982174832103,-1.7825169483832924e-07,1.7825169483832924e-07,0.99999995606027625,-4.3939724670416817e-08,4.3939724670416817e-08,1.3431197016791241e-07
327,8,0.99999852424330493,-1.4757577839509285e-06,1.4757577839509285e-06,0.99999948162534613,-5.183747881861302e-07,5.183747881861302e-07,9.573829957647983e-07
328,73547,0.99987456038191502,-0.00012544748629189677,0.00012544748629189677,0.99997959605317976,-2.0404154983575794e-05,2.0404154983575794e-05,0.00010504333130832098
329,323,0.98796643202804268,-0.0121065574915745,0.0121065574915745,0.99793732252913858,-0.0020648077198843805,0.0020648077198843805,0.010041749771690121
330,279,0.99990892175780866,-9.1082390066289605e-05,9.1082390066289605e-05,0.99998180426075312,-1.819590479133733e-05,1.819590479133733e-05,7.2886485274952282e-05
331,4409,0.99828989773156029,-0.0017115661625010977,0.0017115661625010977,0.9998714159105524,-0.00012859235709039189,0.00012859235709039189,0.0015829738054107059
332,3907,0.99999986062752899,-1.3937248072515026e-07,1.3937248072515026e-07,0.99999947607579864,-5.2392433855535848e-07,5.2392433855535848e-07,-3.8455185783020822e-07
333,315,0.99999994127887903,-5.8721122683327458e-08,5.8721122683327458e-08,0.99999992273676397,-7.7263239041699897e-08,7.7263239041699897e-08,-1.8542116358372439e-08
334,19730,0.99999716262472038,-2.8373793049252438e-06,2.8373793049252438e-06,0.99998847224614251,-1.1527820302499246e-05,1.1527820302499246e-05,-8.6904409975740023e-06
335,18711,0.99999972450002872,-2.7550000926974773e-07,2.7550000926974773e-07,0.99999945749906682,-5.4250108034247945e-07,5.4250108034247945e-07,-2.6700107107273172e-07
336,13,0.99988051649097176,-0.00011949064775131459,0.00011949064775131459,0.99997066716131744,-2.933326889874078e-05,2.933326889874078e-05,9.0157378852573808e-05
337,578,0.94406012306663933,-0.05756542517550195,0.05756542517550195,0.99326745595727228,-0.0067553098561340388,0.0067553098561340388,0.05081011531936791
338,75771,0.99766461668179329,-0.0023381145790174166,0.0023381145790174166,0.99949129683675975,-0.00050883259659170287,0.00050883259659170287,0.0018292819824257136
339,73547,0.96692149455092924,-0.033637971363338633,0.033637971363338633,0.99173325876657192,-0.0083011002277074489,0.0083011002277074489,0.025336871135631184
340,11136,0.99183919981355129,-0.008194281798542577,0.008194281798542577,0.99835487434303383,-0.0016464803621571435,0.0016464803621571435,0.0065478014363854337
341,459,0.97788446591696809,-0.022363748934808358,0.022363748934808358,0.99530588102713058,-0.004705170949092655,0.004705170949092655,0.017658577985715705
342,11838,0.99999054233580775,-9.4577089162038849e-06,9.4577089162038849e-06,0.99999736364487979,-2.6363585954551677e-06,2.6363585954551677e-06,6.8213503207487176e-06
343,2134,0.99849709141853893,-0.0015040390813971882,0.0015040390813971882,0.99975889410517083,-0.00024113496552823787,0.00024113496552823787,0.0012629041158689503
344,18057,0.99999919965763273,-8.0034268759306032e-07,8.0034268759306032e-07,0.99999783416895005,-2.1658333953339556e-06,2.1658333953339556e-06,-1.3654907077408952e-06
345,389,0.91045445657291912,-0.093811401303947634,0.093811401303947634,0.95880222687272876,-0.042070453862309586,0.042070453862309586,0.051740947441638048
346,5587,0.99999468233580868,-5.3176783301547697e-06,5.3176783301547697e-06,0.99998494900772894,-1.505110553839244e-05,1.505110553839244e-05,-9.733427208237671e-06
347,220,0.99999995792809693,-4.2071903963816814e-08,4.2071903963816814e-08,0.99999995548187304,-4.4518127970070061e-08,4.4518127970070061e-08,-2.4462240062532467e-09
348,20,0.99999904586905664,-9.5413139856408971e-07,9.5413139856408971e-07,0.99999943493112142,-5.6506903822603775e-07,5.6506903822603775e-07,3.8906236033805196e-07
349,11,0.99999975211932679,-2.4788070388270836e-07,2.4788070388270836e-07,0.99999994389958968,-5.6100411852224347e-08,5.6100411852224347e-08,1.9178029203048402e-07
350,220,0.99996246797393784,-3.753273040623983e-05,3.753273040623983e-05,0.99999728560204659,-2.7144016374108666e-06,2.7144016374108666e-06,3.4818328768828965e-05
351,1049,0.9999997783995398,-2.2160048472249847e-07,2.2160048472249847e-07,0.99999998022401204,-1.9775988206870268e-08,1.9775988206870268e-08,2.018244965156282e-07
352,18,0.99999960975620583,-3.9024387034574894e-07,3.9024387034574894e-07,0.99999987885642105,-1.2114358626316289e-07,1.2114358626316289e-07,2.6910028408258605e-07
353,11,0.99999990168500552,-9.8314999304896987e-08,9.8314999304896987e-08,0.99999965323606521,-3.4676399490323115e-07,3.4676399490323115e-07,-2.4844899559833416e-07
354,27401,0.28494359079836717,-1.2554640453268979,1.2554640453268979,0.36406108875761967,-1.0104335991694504,1.0104335991694504,0.24503044615744751
355,279,0.99980177716016916,-0.00019824248857455709,0.00019824248857455709,0.99997499584066585,-2.5004471943388584e-05,2.5004471943388584e-05,0.00017323801663116851
356,29736,0.99999008778828724,-9.9122608391007773e-06,9.9122608391007773e-06,0.99999577707524445,-4.2229336721305117e-06,4.2229336721305117e-06,5.6893271669702656e-06
357,315,0.99999991878107253,-8.1218930724429102e-08,8.1218930724429102e-08,0.99999991640192787,-8.3598075631515829e-08,8.3598075631515829e-08,-2.3791449070867268e-09
358,3221,0.99999731219215093,-2.6878114612304187e-06,2.6878114612304187e-06,0.99999933529225138,-6.6470796957141305e-07,6.6470796957141305e-07,2.0231034916590054e-06
359,78526,0.89775299289195987,-0.10786031211156599,0.10786031211156599,0.93345545874088631,-0.068862031395939854,0.068862031395939854,0.038998280715626138
360,35148,0.99999877185503228,-1.2281457219020116e-06,1.2281457219020116e-06,0.99999898152359157,-1.0184769270655713e-06,1.0184769270655713e-06,2.0966879483644034e-07
361,32343,0.9999766876199927,-2.331265174502928e-05,2.331265174502928e-05,0.99993571215977772,-6.4289906774054424e-05,6.4289906774054424e-05,-4.0977255029025144e-05
362,606,0.99999992031865748,-7.9681345677831027e-08,7.9681345677831027e-08,0.99999989351440899,-1.0648559666624602e-07,1.0648559666624602e-07,-2.6804250988414988e-08
363,5820,0.99999959154934925,-4.0845073419674743e-07,4.0845073419674743e-07,0.99999887219216677,-1.1278084692407153e-06,1.1278084692407153e-06,-7.1935773504396783e-07
364,439,0.62158227372510266,-0.47548699750857987,0.47548699750857987,0.5416190668825267,-0.613192353272343,0.613192353272343,-0.13770535576376314
365,264,0.99999908491109124,-9.1508932750632598e-07,9.1508932750632598e-07,0.99999944244883965,-5.5755131578240451e-07,5.5755131578240451e-07,3.5753801172392147e-07
366,1121,0.99999847278385778,-1.5272173083759861e-06,1.5272173083759861e-06,0.99999668602327219,-3.3139822190065691e-06,3.3139822190065691e-06,-1.786764910630583e-06
367,315,0.99999963692428595,-3.6307577992081971e-07,3.6307577992081971e-07,0.99999972053411035,-2.7946592865018085e-07,2.7946592865018085e-07,8.3609851270638866e-08
368,28448,0.99999706761021945,-2.9323940799798611e-06,2.9323940799798611e-06,0.99999758440382625,-2.4155990913032022e-06,2.4155990913032022e-06,5.1679498867665894e-07
369,21277,0.99999427928538176,-5.7207309815378538e-06,5.7207309815378538e-06,0.99998757848956721,-1.2421587580351745e-05,1.2421587580351745e-05,-6.7008565988138911e-06
370,9581,0.99999792505479457,-2.0749473581726298e-06,2.0749473581726298e-06,0.99999742078193987,-2.5792213862790653e-06,2.5792213862790653e-06,-5.0427402810643541e-07
371,7479,0.99999847175522782,-1.5282459399831466e-06,1.5282459399831466e-06,0.99999963502843991,-3.6497162670969184e-07,3.6497162670969184e-07,1.1632743132734547e-06
372,20472,0.99999840103550619,-1.5989657721958476e-06,1.5989657721958476e-06,0.99999800691502183,-1.9930869643479185e-06,1.9930869643479185e-06,-3.9412119215207097e-07
373,13,0.99998001514212209,-1.9985057577825783e-05,1.9985057577825783e-05,0.99999344320715422,-6.556814341658103e-06,6.556814341658103e-06,1.3428243236167681e-05
374,578,0.89987081429420712,-0.1055040656337343,0.1055040656337343,0.95705392124340904,-0.043895545079448421,0.043895545079448421,0.061608520554285874
375,18057,0.84303735126237989,-0.17074401441452491,0.17074401441452491,0.92687113970103696,-0.075940730952518409,0.075940730952518409,0.094803283462006505
376,16717,0.99747720164179898,-0.0025259859762527068,0.0025259859762527068,0.99935797292904027,-0.00064223325859640848,0.00064223325859640848,0.0018837527176562984
377,279,0.99966665891050277,-0.00033339665998778178,0.00033339665998778178,0.99994483030904524,-5.5171212858123425e-05,5.5171212858123425e-05,0.00027822544712965839
378,4754,0.99999944613540304,-5.5386475033533932e-07,5.5386475033533932e-07,0.99999898728446479,-1.0127160480360568e-06,1.0127160480360568e-06,-4.5885129770071743e-07
379,369,0.99999922062960478,-7.7937069891439664e-07,7.7937069891439664e-07,0.99999925492587827,-7.4507439927648242e-07,7.4507439927648242e-07,3.4296299637914228e-08
380,220,0.99999437294339411,-5.6270724377866104e-06,5.6270724377866104e-06,0.99999775817532122,-2.2418271916447754e-06,2.2418271916447754e-06,3.3852452461418351e-06
381,1627,0.99970229888980777,-0.00029774543196437858,0.00029774543196437858,0.9999087771182732,-9.1227042786942323e-05,9.1227042786942323e-05,0.00020651838917743625
382,12,0.83911423873023716,-0.17540842119963063,0.17540842119963063,0.89673423525980389,-0.10899574258509909,0.10899574258509909,0.06641267861453154
383,1544,0.41457657062175529,-0.88049759137861539,0.88049759137861539,0.40306890049747895,-0.90864776267260927,0.90864776267260927,-0.028150171293993886
384,35148,0.99453141164445968,-0.0054835958229558441,0.0054835958229558441,0.99792804330501894,-0.0020741061668422961,0.0020741061668422961,0.003409489656113548
385,44583,0.99993920138355064,-6.0800464760150796e-05,6.0800464760150796e-05,0.99994027710921984,-5.9724674262957052e-05,5.9724674262957052e-05,1.075790497193744e-06
386,11,0.91411989079372258,-0.089793544583479656,0.089793544583479656,0.96060628958867611,-0.040190642210203922,0.040190642210203922,0.049602902373275734
387,7863,0.97766387463497006,-0.022589354488359976,0.022589354488359976,0.99450299823726795,-0.005512165873883557,0.005512165873883557,0.017077188614476421
388,311,0.99999803939983745,-1.9606020844974936e-06,1.9606020844974936e-06,0.99999905499281461,-9.450076319369132e-07,9.450076319369132e-07,1.0155944525605804e-06
389,279,0.99996069948655786,-3.9301285727505257e-05,3.9301285727505257e-05,0.99999430717944005,-5.6928367641382314e-06,5.6928367641382314e-06,3.3608448963367027e-05
390,220,0.99922642146065777,-0.0007738779056193824,0.0007738779056193824,0.99989052636407483,-0.00010947962860106616,0.00010947962860106616,0.00066439827701831624
391,605,0.99977714864075029,-0.00022287619430361438,0.00022287619430361438,0.99997099715315163,-2.9003267439104543e-05,2.9003267439104543e-05,0.00019387292686450983
392,12,0.8378627522172396,-0.1769009720838492,0.1769009720838492,0.91921491243058639,-0.08423532930831408,0.08423532930831408,0.092665642775535115
393,323,0.97360338056499907,-0.026751265082926017,0.026751265082926017,0.99098417883114698,-0.0090567096321143795,0.0090567096321143795,0.017694555450811639
394,220,0.99999502489724734,-4.975115128508295e-06,4.975115128508295e-06,0.99999686756497375,-3.1324399323100478e-06,3.1324399323100478e-06,1.8426751961982472e-06
395,966,0.99999256642064127,-7.4336069878683768e-06,7.4336069878683768e-06,0.99999678069510245,-3.2193100794980813e-06,3.2193100794980813e-06,4.2142969083702955e-06
396,4771,0.99964568707596169,-0.00035437570769280701,0.00035437570769280701,0.99992311116610233,-7.6891789995605451e-05,7.6891789995605451e-05,0.00027748391769720157
397,5578,0.99344746038991272,-0.0065741017405137291,0.0065741017405137291,0.99733484195774469,-0.0026687158988564432,0.0026687158988564432,0.0039053858416572859
398,315,0.99989246919445507,-0.00010753658739651337,0.00010753658739651337,0.99998491181045568,-1.5088303372192634e-05,1.5088303372192634e-05,9.2448284024320738e-05
399,220,0.99999084786997028,-9.1521719106877571e-06,9.1521719106877571e-06,0.99998587350743162,-1.4126592348192904e-05,1.4126592348192904e-05,-4.9744204375051472e-06
400,1544,0.99479332294659106,-0.0052202790309907035,0.0052202790309907035,0.99820775809312812,-0.0017938498939533568,0.0017938498939533568,0.0034264291370373467
401,13,0.8236763279658017,-0.19397763210784419,0.19397763210784419,0.91084053775716467,-0.093387437924889918,0.093387437924889918,0.10059019418295427
402,23,0.99884105236559928,-0.0011596197335456819,0.0011596197335456819,0.99960540866041048,-0.00039466921123781261,0.00039466921123781261,0.00076495052230786918
403,323,0.99977899396731806,-0.00022103045811399478,0.00022103045811399478,0.99997685203430686,-2.3148233611415876e-05,2.3148233611415876e-05,0.00019788222450257891
404,220,0.999998514010083,-1.4859910210423622e-06,1.4859910210423622e-06,0.99999737212492612,-2.6278785267019507e-06,2.6278785267019507e-06,-1.1418875056595885e-06
405,1627,0.99994608401645124,-5.3917437067636957e-05,5.3917437067636957e-05,0.99997926080246846,-2.0739412591704775e-05,2.0739412591704775e-05,3.3178024475932186e-05
406,13,0.99976079779166316,-0.00023923082174804626,0.00023923082174804626,0.99993766139933615,-6.2340543795124927e-05,6.2340543795124927e-05,0.00017689027795292134
407,18,0.99978436219420108,-0.00021566105897346955,0.00021566105897346955,0.99990175731397657,-9.8247512152177353e-05,9.8247512152177353e-05,0.00011741354682129219
408,44583,0.99981020968889134,-0.00018980832356882838,0.00018980832356882838,0.99990050582810519,-9.9499121768218329e-05,9.9499121768218329e-05,9.0309201800610055e-05
409,11,0.99948647614653741,-0.00051365575199395963,0.00051365575199395963,0.9998330695977008,-0.00016694433672956543,0.00016694433672956543,0.0003467114152643942
410,15947,0.9999964705207306,-3.529485498020236e-06,3.529485498020236e-06,0.99999582221920502,-4.1777895219307194e-06,4.1777895219307194e-06,-6.4830402391048343e-07
411,13,0.99363055726246952,-0.0063898141871832279,0.0063898141871832279,0.99887023466006231,-0.0011304040058731084,0.0011304040058731084,0.0052594101813101196
412,578,0.97525508687926865,-0.025056214634333281,0.025056214634333281,0.99229493469434349,-0.0077349026861322639,0.0077349026861322639,0.017321311948201017
413,1912,0.87467662692086812,-0.13390103016535543,0.13390103016535543,0.96251512554494656,-0.038205498091782246,0.038205498091782246,0.095695532073573175
414,9408,0.85574487401104171,-0.15578299164407233,0.15578299164407233,0.93093499562057613,-0.071565826247390982,0.071565826247390982,0.084217165396681351
415,872,0.9978276887286146,-0.002174674162091556,0.002174674162091556,0.99939858360301403,-0.00060159732037110957,0.00060159732037110957,0.0015730768417204465
416,18057,0.99996156855391527,-3.8432184591692254e-05,3.8432184591692254e-05,0.99997420954047989,-2.579079209969953e-05,2.579079209969953e-05,1.2641392491992723e-05
417,369,0.79557689782277696,-0.2286877698512936,0.2286877698512936,0.9176705960667465,-0.085916780569752979,0.085916780569752979,0.14277098928154064
418,35148,0.99999182340567905,-8.1766277494268567e-06,8.1766277494268567e-06,0.99999359920114184,-6.4008193433252185e-06,6.4008193433252185e-06,1.7758084061016382e-06
419,44583,0.99997021922038454,-2.9781223071639575e-05,2.9781223071639575e-05,0.99990813952517077,-9.1864694261060113e-05,9.1864694261060113e-05,-6.2083471189420538e-05
420,311,0.99919278009494716,-0.00080754588247578874,0.00080754588247578874,0.99986610088208605,-0.00013390808320108829,0.00013390808320108829,0.0006736377992747004
421,220,0.99999893494414371,-1.0650564234284269e-06,1.0650564234284269e-06,0.99999917028611807,-8.2971422616988973e-07,8.2971422616988973e-07,2.3534219725853718e-07
422,1627,0.97649034920680033,-0.023790411758992411,0.023790411758992411,0.98598502704279245,-0.014114110049780582,0.014114110049780582,0.0096763017092118299
423,13,0.98920583120255579,-0.010852848485129877,0.010852848485129877,0.99602468573034764,-0.0039832368348516906,0.0039832368348516906,0.0068696116502781866
424,22,0.99985696093042054,-0.0001430493006428028,0.0001430493006428028,0.99993758993624893,-6.2412011340089103e-05,6.2412011340089103e-05,8.0637289302713696e-05
425,304,0.99714153616133772,-0.0028625570484764472,0.0028625570484764472,0.99962280353383781,-0.00037726762264309011,0.00037726762264309011,0.0024852894258333572
426,5936,0.99258628409953931,-0.0074413340790744683,0.0074413340790744683,0.99888171283940941,-0.0011189129102327725,0.0011189129102327725,0.0063224211688416958
427,11,0.88067564290171896,-0.1270658900744403,0.1270658900744403,0.93290286706111347,-0.06945419174187209,0.06945419174187209,0.057611698332568212
428,19392,0.61020620757081701,-0.49395833374112397,0.49395833374112397,0.70543892243442063,-0.3489350848821523,0.3489350848821523,0.14502324885897167
429,264,0.99999859603743424,-1.4039635512929229e-06,1.4039635512929229e-06,0.99999753342954034,-2.4665735016855115e-06,2.4665735016855115e-06,-1.0626099503925886e-06
430,10284,0.99988373024591504,-0.00011627651393681007,0.00011627651393681007,0.99992488200425156,-7.5120817246375295e-05,7.5120817246375295e-05,4.1155696690434775e-05
431,3485,0.99997336358081057,-2.6636773945194577e-05,2.6636773945194577e-05,0.99997091426398454,-2.9086159013630479e-05,2.9086159013630479e-05,-2.4493850684359012e-06
432,78526,0.94473443299060911,-0.05685141427319932,0.05685141427319932,0.96937029438751121,-0.031108599337765781,0.031108599337765781,0.025742814935433539
433,3280,0.99999909950025723,-9.005001482295813e-07,9.005001482295813e-07,0.9999989634128057,-1.0365877315195908e-06,1.0365877315195908e-06,-1.3608758329000949e-07
434,13,0.98766688642243894,-0.012409797576768066,0.012409797576768066,0.99705187404236906,-0.0029524802410518143,0.0029524802410518143,0.0094573173357162515
435,4452,0.98106290442687039,-0.019118698713253189,0.019118698713253189,0.98659481065329946,-0.013495850024733256,0.013495850024733256,0.0056228486885199335
436,11,0.99999974507086853,-2.5492916392489804e-07,2.5492916392489804e-07,0.99999964527180507,-3.5472825780118102e-07,3.5472825780118102e-07,-9.9799093876282979e-08
437,65649,0.99780904100542012,-0.0021933626567631798,0.0021933626567631798,0.99946304010443265,-0.00053710411015937484,0.00053710411015937484,0.001656258546603805
438,304,0.99999995334206093,-4.6657940199848855e-08,4.6657940199848855e-08,0.99999963005824821,-3.6994182024974324e-07,3.6994182024974324e-07,-3.2328388004989438e-07
439,9581,0.99999921164145222,-7.8835885852429146e-07,7.8835885852429146e-07,0.99999851801716177,-1.4819839363295442e-06,1.4819839363295442e-06,-6.9362507780525276e-07
440,7479,0.99999932818959525,-6.718106303917973e-07,6.718106303917973e-07,0.99999888736669762,-1.1126339213016385e-06,1.1126339213016385e-06,-4.4082329090984115e-07
441,20472,0.99999827718691314,-1.7228145708817589e-06,1.7228145708817589e-06,0.99999582341337334,-4.1765953486072299e-06,4.1765953486072299e-06,-2.4537807777254712e-06
442,11,0.63648986054171997,-0.45178679113242415,0.45178679113242415,0.66424920467254733,-0.40909789167443672,0.40909789167443672,0.042688899457987428
443,8104,0.99998019222129286,-1.980797488372183e-05,1.980797488372183e-05,0.99996256416604734,-3.7436534690992788e-05,3.7436534690992788e-05,-1.7628559807270958e-05
444,1884,0.88734423369827498,-0.1195222843623687,0.1195222843623687,0.96019161621182192,-0.04062241421708105,0.04062241421708105,0.078899870145287654
445,304,0.99999999208304013,-7.9169599451447678e-09,7.9169599451447678e-09,0.99999996230758181,-3.7692418919560751e-08,3.7692418919560751e-08,-2.9775458974415983e-08
446,279,0.99999981183134257,-1.8816867514581782e-07,1.8816867514581782e-07,0.9999996687532855,-3.3124676933006008e-07,3.3124676933006008e-07,-1.4307809418424227e-07
447,10913,0.99998855101352768,-1.1449052012484487e-05,1.1449052012484487e-05,0.99999278378481926,-7.2162412177301775e-06,7.2162412177301775e-06,4.2328107947543094e-06
448,16867,0.99999904975476073,-9.5024569073370201e-07,9.5024569073370201e-07,0.99999642043784354,-3.5795685631066008e-06,3.5795685631066008e-06,-2.629322872372899e-06
449,11,0.99999907643050812,-9.2356991837762346e-07,9.2356991837762346e-07,0.99999891915537842,-1.0808452056448105e-06,1.0808452056448105e-06,-1.5727528726718701e-07
450,9057,0.99994458244438067,-5.5419091228804004e-05,5.5419091228804004e-05,0.99998703398576927,-1.2966098290255454e-05,1.2966098290255454e-05,4.2452992938548548e-05
451,279,0.99984454085249974,-0.00015547123252601945,0.00015547123252601945,0.99995077173100277,-4.9229480748264771e-05,4.9229480748264771e-05,0.00010624175177775469
452,1912,0.99999884735368794,-1.1526469763697999e-06,1.1526469763697999e-06,0.99999783731104996,-2.1626912886759965e-06,2.1626912886759965e-06,-1.0100443123061966e-06
453,311,0.99999995501760219,-4.4982398793285517e-08,4.4982398793285517e-08,0.99999982803116949,-1.7196884525436248e-07,1.7196884525436248e-07,-1.2698644646107696e-07
454,65836,0.99989912283068283,-0.0001008822577610315,0.0001008822577610315,0.99989721916239249,-0.00010278611991973143,0.00010278611991973143,-1.9038621586999269e-06
455,872,0.99999819869425899,-1.8013073633942898e-06,1.8013073633942898e-06,0.99999695309268821,-3.0469119536317964e-06,3.0469119536317964e-06,-1.2456045902375067e-06
456,20492,0.99999387322606903,-6.126792699776992e-06,6.126792699776992e-06,0.99998987021340147,-1.0129837905136979e-05,1.0129837905136979e-05,-4.0030452053599865e-06
457,45578,0.99999690231817673,-3.0976866210934159e-06,3.0976866210934159e-06,0.99999746120309974,-2.538800123019405e-06,2.538800123019405e-06,5.5888649807401099e-07
458,323,0.95571724321644214,-0.045293180373612366,0.045293180373612366,0.99086173386000931,-0.0091802762227452973,0.0091802762227452973,0.03611290415086707
459,16717,0.45836321494278326,-0.7800933634359577,0.7800933634359577,0.53626021724118145,-0.62313575579101055,0.62313575579101055,0.15695760764494715
460,279,0.99941612249012446,-0.00058404803272833804,0.00058404803272833804,0.9998860893309538,-0.00011391715735915163,0.00011391715735915163,0.0004701308753691864
461,19463,0.99997013930874534,-2.9861137093966798e-05,2.9861137093966798e-05,0.99997888833338378,-2.1111889470629768e-05,2.1111889470629768e-05,8.7492476233370307e-06
462,369,0.9990841072963067,-0.00091631238969339156,0.00091631238969339156,0.99979772054102845,-0.00020229992022061097,0.00020229992022061097,0.00071401246947278062
463,264,0.9999995672343448,-4.3276574885207614e-07,4.3276574885207614e-07,0.9999991766987707,-8.2330156818073639e-07,8.2330156818073639e-07,-3.9053581932866025e-07
464,10284,0.99998372747174824,-1.6272660650814663e-05,1.6272660650814663e-05,0.9999894666389223,-1.0533416553989118e-05,1.0533416553989118e-05,5.7392440968255453e-06
465,3770,0.9999889642171641,-1.1035843730552823e-05,1.1035843730552823e-05,0.9999848106388961,-1.5189476463434572e-05,1.5189476463434572e-05,-4.1536327328817487e-06
466,78526,0.99924244373958604,-0.00075784335115858617,0.00075784335115858617,0.99975007656429893,-0.0002499546717674922,0.0002499546717674922,0.00050788867939109391
467,13892,0.99997561691164427,-2.4383385628085512e-05,2.4383385628085512e-05,0.99999881058083895,-1.1894198684488604e-06,1.1894198684488604e-06,2.319396575963665e-05
468,78149,0.99999738429768426,-2.6157057367549061e-06,2.6157057367549061e-06,0.99999835590562458,-1.6440957269531137e-06,1.6440957269531137e-06,9.7161000980179242e-07
469,3280,0.99999957122865135,-4.2877144057882799e-07,4.2877144057882799e-07,0.99999902967548648,-9.7032498433090363e-07,9.7032498433090363e-07,-5.4155354375207565e-07
470,304,0.99996145619446386,-3.8544548367734998e-05,3.8544548367734998e-05,0.99999372571377032,-6.2743059131350331e-06,6.2743059131350331e-06,3.2270242454599963e-05
471,872,0.99789989906397059,-0.0021023092403164262,0.0021023092403164262,0.99982159843679408,-0.00017841747865767756,0.00017841747865767756,0.0019238917616587487
472,5651,0.99999275228736528,-7.2477388995523077e-06,7.2477388995523077e-06,0.9999714956023027,-2.8504803955345852e-05,2.8504803955345852e-05,-2.1257065055793546e-05
473,18057,0.99999775818154313,-2.2418209697468489e-06,2.2418209697468489e-06,0.99998850797883232,-1.149208720141666e-05,1.149208720141666e-05,-9.2502662316698118e-06
474,13,0.95013367945484539,-0.051152589071381066,0.051152589071381066,0.98522618127676342,-0.014884038508296506,0.014884038508296506,0.036268550563084562
475,362,0.98602839713057411,-0.014070124458955465,0.014070124458955465,0.99707546944454017,-0.002928815350994215,0.002928815350994215,0.01114130910796125
476,10205,0.99999921349755838,-7.8650275094160791e-07,7.8650275094160791e-07,0.99999813470459198,-1.865297147681292e-06,1.865297147681292e-06,-1.078794396739684e-06
477,304,0.99999994140380621,-5.8596195510943386e-08,5.8596195510943386e-08,0.99999978999431616,-2.1000570586742759e-07,2.1000570586742759e-07,-1.5140951035648422e-07
478,9581,0.99999938001121591,-6.1998897625564833e-07,6.1998897625564833e-07,0.99999893446925903,-1.0655313086088645e-06,1.0655313086088645e-06,-4.4554233235321617e-07
479,7479,0.99999870023243098,-1.2997684137455522e-06,1.2997684137455522e-06,0.99999657789907159,-3.4221067838478545e-06,3.4221067838478545e-06,-2.1223383701023022e-06
480,20472,0.99999952979227491,-4.7020783558722677e-07,4.7020783558722677e-07,0.99999758251870441,-2.4174842176879483e-06,2.4174842176879483e-06,-1.9472763821007216e-06
481,304,0.99999432698554325,-5.6730305483407741e-06,5.6730305483407741e-06,0.99999865226081563,-1.3477400925990638e-06,1.3477400925990638e-06,4.32529045574171e-06
482,279,0.99999856062185277,-1.439379183108194e-06,1.439379183108194e-06,0.99999974166108474,-2.5833894861484271e-07,2.5833894861484271e-07,1.1810402344933512e-06
483,2768,0.99999864672747008,-1.3532734455627441e-06,1.3532734455627441e-06,0.99999689667463587,-3.1033301794243731e-06,3.1033301794243731e-06,-1.7500567338616291e-06
484,4038,0.99999919641130641,-8.0358901641551348e-07,8.0358901641551348e-07,0.99999700823039517,-2.9917740802005612e-06,2.9917740802005612e-06,-2.1881850637850477e-06
485,29746,0.99992716487219002,-7.2837780416720662e-05,7.2837780416720662e-05,0.9998424276424015,-0.00015758477342676114,0.00015758477342676114,-8.4746993010040479e-05
486,279,0.9999994896893345,-5.1031079575219003e-07,5.1031079575219003e-07,0.99999904964118091,-9.5035927066003337e-07,9.5035927066003337e-07,-4.4004847490784334e-07
487,79482,0.99988896667300575,-0.00011103949165046794,0.00011103949165046794,0.9999718328135806,-2.8167583122088972e-05,2.8167583122088972e-05,8.2871908528378967e-05
488,1912,0.99999953186931734,-4.6813079224739282e-07,4.6813079224739282e-07,0.99999862660294592,-1.3733979972404719e-06,1.3733979972404719e-06,-9.0526720499307908e-07
489,311,0.99999980485721418,-1.9514280485962689e-07,1.9514280485962689e-07,0.99999934396843604,-6.5603177909498418e-07,6.5603177909498418e-07,-4.6088897423535729e-07
490,3131,0.99997916195610026,-2.0838261014764946e-05,2.0838261014764946e-05,0.99998054670748004,-1.9453481737700104e-05,1.9453481737700104e-05,1.3847792770648429e-06
491,1578,0.9999969191845014,-3.0808202442778276e-06,3.0808202442778276e-06,0.99999342451315021,-6.5755084683908013e-06,6.5755084683908013e-06,-3.4946882241129737e-06
492,4933,0.99999459224659293,-5.4077680290084975e-06,5.4077680290084975e-06,0.99998912008904783,-1.0879970138831707e-05,1.0879970138831707e-05,-5.47220210982321e-06
493,872,0.99999870171962946,-1.2982812133162025e-06,1.2982812133162025e-06,0.99999835257734215,-1.6474240148941938e-06,1.6474240148941938e-06,-3.4914280157799126e-07
494,51165,0.99997723100092939,-2.2769258288150896e-05,2.2769258288150896e-05,0.999982739452145,-1.7260696819997412e-05,1.7260696819997412e-05,5.5085614681534837e-06
495,311,0.999536039446839,-0.0004640682161607032,0.0004640682161607032,0.99994279147409404,-5.7210162376059229e-05,5.7210162376059229e-05,0.00040685805378464396
496,13519,0.99999503713207438,-4.9628802406937732e-06,4.9628802406937732e-06,0.99999258259863089,-7.4174288781327854e-06,7.4174288781327854e-06,-2.4545486374390122e-06
497,264,0.99999606335568203,-3.9366520666152478e-06,3.9366520666152478e-06,0.99999684891814145,-3.1510868232658497e-06,3.1510868232658497e-06,7.8556524334939809e-07
498,3221,0.99996311536524229,-3.6885315012579136e-05,3.6885315012579136e-05,0.99999230046467613,-7.6995649654980636e-06,7.6995649654980636e-06,2.918575004708107e-05
499,78526,0.99979637318817072,-0.00020364754658332685,0.00020364754658332685,0.99992577105646352,-7.4231698640833284e-05,7.4231698640833284e-05,0.00012941584794249358
500,3280,0.99999740291966677,-2.5970837056352499e-06,2.5970837056352499e-06,0.99999816931194718,-1.830689728534167e-06,1.830689728534167e-06,7.6639397710108284e-07
501,304,0.99998596712314269,-1.4032975319013119e-05,1.4032975319013119e-05,0.99999715083859075,-2.8491654680992166e-06,2.8491654680992166e-06,1.1183809850913902e-05
502,872,0.99999795312364337,-2.046878451534223e-06,2.046878451534223e-06,0.99999864895336732,-1.3510475453330149e-06,1.3510475453330149e-06,6.9583090620120808e-07
503,1620,0.99997629459165804,-2.3705689319583985e-05,2.3705689319583985e-05,0.99999816614647019,-1.8338552112720945e-06,1.8338552112720945e-06,2.1871834108311891e-05
504,6287,0.99999824360834277,-1.7563931996323324e-06,1.7563931996323324e-06,0.99999507624771478,-4.9237644069723625e-06,4.9237644069723625e-06,-3.1673712073400302e-06
505,18057,0.99998629713075726,-1.3702963127952586e-05,1.3702963127952586e-05,0.99995196993254742,-4.8031220933163462e-05,4.8031220933163462e-05,-3.4328257805210875e-05
506,2713,0.99999785370139904,-2.1463009043009034e-06,2.1463009043009034e-06,0.99999839133380941,-1.6086674845015864e-06,1.6086674845015864e-06,5.3763341979931698e-07
507,11,0.99858748342818526,-0.0014135151137630523,0.0014135151137630523,0.99981404108054417,-0.00018597621195948525,0.00018597621195948525,0.001227538901803567
508,902,0.99999736764998393,-2.6323534806635921e-06,2.6323534806635921e-06,0.99999683901845482,-3.1609865410424758e-06,3.1609865410424758e-06,-5.2863306037888374e-07
509,19698,0.99997980656662289,-2.0193637267277737e-05,2.0193637267277737e-05,0.99993856821436555,-6.1433672643883158e-05,6.1433672643883158e-05,-4.1240035376605418e-05
510,220,0.99999925544241453,-7.4455786262584085e-07,7.4455786262584085e-07,0.99999860554453279,-1.3944564395081954e-06,1.3944564395081954e-06,-6.4989857688235458e-07
511,1544,0.99997669124814215,-2.3309023511072927e-05,2.3309023511072927e-05,0.99999087925151442,-9.1207900798373125e-06,9.1207900798373125e-06,1.4188233431235615e-05
512,35148,0.99998797620894964,-1.2023863336671772e-05,1.2023863336671772e-05,0.99999183214928922,-8.1678840678278232e-06,8.1678840678278232e-06,3.8559792688439487e-06
513,44583,0.99998782007394582,-1.2180000230116319e-05,1.2180000230116319e-05,0.99996022548256702,-3.9775308460045766e-05,3.9775308460045766e-05,-2.7595308229929447e-05
514,382,0.97623123073890272,-0.024055803888704642,0.024055803888704642,0.99029892802287744,-0.0097484339326168352,0.0097484339326168352,0.014307369956087806
515,791,0.78829555279741681,-0.2378821924425053,0.2378821924425053,0.80110468704220839,-0.22176364502021334,0.22176364502021334,0.016118547422291962
516,4409,0.99898027707056303,-0.0010202432005817239,0.0010202432005817239,0.99992381499572625,-7.6187906498634289e-05,7.6187906498634289e-05,0.00094405529408308955
517,3907,0.9999999374269356,-6.2573066324695603e-08,6.2573066324695603e-08,0.99999975007873865,-2.4992129262793097e-07,2.4992129262793097e-07,-1.8734822630323538e-07
518,315,0.99999991547255296,-8.4527450574775691e-08,8.4527450574775691e-08,0.99999987125128931,-1.2874871894688963e-07,1.2874871894688963e-07,-4.4221268372113937e-08
519,19730,0.99999847099674732,-1.5290044216558088e-06,1.5290044216558088e-06,0.99999513806293738,-4.8619488818597924e-06,4.8619488818597924e-06,-3.3329444602039836e-06
520,18711,0.99999967081758467,-3.2918246950341344e-07,3.2918246950341344e-07,0.99999950069713095,-4.9930299375464175e-07,4.9930299375464175e-07,-1.7012052425122832e-07
521,11136,0.98611489229653759,-0.013982407540532139,0.013982407540532139,0.99780640517967001,-0.0021960042736689869,0.0021960042736689869,0.011786403266863152
522,264,0.99999456768487516,-5.4323298798839493e-06,5.4323298798839493e-06,0.99999881264436263,-1.1873563422198699e-06,1.1873563422198699e-06,4.244973537664079e-06
523,36899,0.999995815139616,-4.1848691405294547e-06,4.1848691405294547e-06,0.99999825741906634,-1.7425824519346204e-06,1.7425824519346204e-06,2.4422866885948343e-06
524,22343,0.99999825775837092,-1.7422431468311782e-06,1.7422431468311782e-06,0.99999677788115682,-3.2221240341638134e-06,3.2221240341638134e-06,-1.4798808873326352e-06
525,389,0.99999568325935961,-4.3167499575243705e-06,4.3167499575243705e-06,0.99999931899588501,-6.8100434684514831e-07,6.8100434684514831e-07,3.635745610679222e-06
526,5936,0.99999676789768022,-3.232107543050752e-06,3.232107543050752e-06,0.99999225964950555,-7.7403804511416366e-06,7.7403804511416366e-06,-4.5082729080908842e-06
527,220,0.99999991644624708,-8.3553756420255235e-08,8.3553756420255235e-08,0.99999981508637026,-1.8491364683994068e-07,1.8491364683994068e-07,-1.0135989041968545e-07
528,1187,0.99999909718667124,-9.0281373635182024e-07,9.0281373635182024e-07,0.99999977178078281,-2.2821924321840778e-07,2.2821924321840778e-07,6.7459449313341245e-07
529,11,0.99999986737394586,-1.3262606288568277e-07,1.3262606288568277e-07,0.9999999041282569,-9.5871747719039501e-08,9.5871747719039501e-08,3.6754315166643267e-08
530,220,0.99999571769962814,-4.2823095409798553e-06,4.2823095409798553e-06,0.99999960612438088,-3.9387569664930166e-07,3.9387569664930166e-07,3.8884338443305532e-06
531,1049,0.99999992268137894,-7.7318624067314798e-08,7.7318624067314798e-08,0.99999997445980671,-2.5540193633576983e-08,2.5540193633576983e-08,5.1778430433737819e-08
532,18,0.99999961117576852,-3.8882430709887465e-07,3.8882430709887465e-07,0.99999974599877073,-2.5400126151740652e-07,2.5400126151740652e-07,1.3482304558146813e-07
533,11,0.99999988974407295,-1.1025593318920401e-07,1.1025593318920401e-07,0.99999985345445952,-1.4654555116982966e-07,1.4654555116982966e-07,-3.628961798062565e-08
534,19392,0.9999830295469212,-1.6970597078583002e-05,1.6970597078583002e-05,0.99995025391990888,-4.974731746839128e-05,4.974731746839128e-05,-3.2776720389808278e-05
535,279,0.999993133057967,-6.8669656105077641e-06,6.8669656105077641e-06,0.99999884025883767,-1.1597418348609057e-06,1.1597418348609057e-06,5.7072237756468584e-06
536,29736,0.99999889032376121,-1.1096768544430961e-06,1.1096768544430961e-06,0.99999848711233397,-1.5128888104520145e-06,1.5128888104520145e-06,-4.0321195600891838e-07
537,315,0.99999991177817016,-8.8221833721487839e-08,8.8221833721487839e-08,0.99999985069497954,-1.4930503162766518e-07,1.4930503162766518e-07,-6.1083197906177345e-08
538,264,0.99999880058075763,-1.1994199616929108e-06,1.1994199616929108e-06,0.999999632145813,-3.6785425467782941e-07,3.6785425467782941e-07,8.3156570701508144e-07
539,4725,0.99999643919377768,-3.5608125620371855e-06,3.5608125620371855e-06,0.99999931431659916,-6.8568363593456299e-07,6.8568363593456299e-07,2.8751289261026226e-06
540,477,0.99999822655864856,-1.773442924038062e-06,1.773442924038062e-06,0.99999966913989891,-3.308601558280508e-07,3.308601558280508e-07,1.4425827682100112e-06
541,3770,0.99999481036854498,-5.1896449212417077e-06,5.1896449212417077e-06,0.99999377639911669,-6.2236202500111702e-06,6.2236202500111702e-06,-1.0339753287694626e-06
542,53183,0.71438842468781483,-0.33632845239571935,0.33632845239571935,0.78231437325163922,-0.24549860739119106,0.24549860739119106,0.090829845004528287
543,3280,0.99999810357766106,-1.8964241371859021e-06,1.8964241371859021e-06,0.99999787344118596,-2.1265610751806192e-06,2.1265610751806192e-06,-2.3013693799471714e-07
544,449,0.99997768920087549,-2.2311048014046373e-05,2.2311048014046373e-05,0.99999718314011532,-2.8168638520793075e-06,2.8168638520793075e-06,1.9494184161967065e-05
545,220,0.99999664331637084,-3.3566892627958961e-06,3.3566892627958961e-06,0.99999920351171179,-7.9648860539707388e-07,7.9648860539707388e-07,2.5602006573988223e-06
546,1682,0.99998648244386679,-1.3517647496238556e-05,1.3517647496238556e-05,0.99999876851337777,-1.2314873805166919e-06,1.2314873805166919e-06,1.2286160115721865e-05
547,2860,0.99999515939571337,-4.8406160024161491e-06,4.8406160024161491e-06,0.99999752495239103,-2.4750506719112433e-06,2.4750506719112433e-06,2.3655653305049058e-06
548,35148,0.99999865134692001,-1.348653989435283e-06,1.348653989435283e-06,0.99999787002444251,-2.1299778258964961e-06,2.1299778258964961e-06,-7.8132383646121315e-07
549,32343,0.9999888918214811,-1.1108240215137506e-05,1.1108240215137506e-05,0.9999697569163658,-3.0243540965483206e-05,3.0243540965483206e-05,-1.9135300750345701e-05
550,3233,0.99999956701869264,-4.3298140114356441e-07,4.3298140114356441e-07,0.99999954633245025,-4.536676526772342e-07,4.536676526772342e-07,-2.0686251533669788e-08
551,11,0.99999084960896789,-9.1504328972371124e-06,9.1504328972371124e-06,0.99999772130583331,-2.2786967629724432e-06,2.2786967629724432e-06,6.8717361342646688e-06
552,220,0.99999855064325172,-1.4493577986177439e-06,1.4493577986177439e-06,0.99999772457382929,-2.2754287594409553e-06,2.2754287594409553e-06,-8.2607096082321134e-07
553,1627,0.99999870663928869,-1.2933615476881026e-06,1.2933615476881026e-06,0.99999974346835663,-2.5653167630422075e-07,2.5653167630422075e-07,1.0368298713838819e-06
554,35148,0.99999847455070334,-1.5254504601849697e-06,1.5254504601849697e-06,0.99999775500610921,-2.2449964107496978e-06,2.2449964107496978e-06,-7.1954595056472818e-07
555,44583,0.99998489758165432,-1.510253238830273e-05,1.510253238830273e-05,0.99994263911699921,-5.7362528199193067e-05,5.7362528199193067e-05,-4.2259995810890334e-05
556,11,0.99999942504281658,-5.7495734875545341e-07,5.7495734875545341e-07,0.99999928161448537,-7.1838577262342242e-07,7.1838577262342242e-07,-1.4342842386796901e-07
557,323,0.99999999566524589,-4.3347541018176002e-09,4.3347541018176002e-09,0.99999999097886716,-9.0211329110682403e-09,9.0211329110682403e-09,-4.6863788092506401e-09
558,220,0.999999895117336,-1.0488266948923868e-07,1.0488266948923868e-07,0.999999757356409,-2.4264362040131469e-07,2.4264362040131469e-07,-1.3776095091207601e-07
559,845,0.9999987399627196,-1.2600380742855537e-06,1.2600380742855537e-06,0.9999996273964501,-3.7260361937514654e-07,3.7260361937514654e-07,8.8743445491040712e-07
560,13892,0.99999593934409425,-4.0606641502710892e-06,4.0606641502710892e-06,0.99999237497398141,-7.6250550892724525e-06,7.6250550892724525e-06,-3.5643909390013633e-06
561,764,0.99999979790714244,-2.0209287799511724e-07,2.0209287799511724e-07,0.99999964498051563,-3.5501954735687008e-07,3.5501954735687008e-07,-1.5292666936175284e-07
562,29639,0.99997747605751497,-2.2524196152812952e-05,2.2524196152812952e-05,0.99998029153892931,-1.9708655284931404e-05,1.9708655284931404e-05,2.8155408678815484e-06
563,13,0.99999753760153154,-2.4624015001202663e-06,2.4624015001202663e-06,0.99999871462789081,-1.285372935336087e-06,1.285372935336087e-06,1.1770285647841793e-06
564,578,0.91654869039863784,-0.087140086655667665,0.087140086655667665,0.9382380446895513,-0.06375158318562392,0.06375158318562392,0.023388503470043745
565,1912,0.99995072083685921,-4.9280377398625489e-05,4.9280377398625489e-05,0.99999736159128705,-2.6384121935484971e-06,2.6384121935484971e-06,4.6641965205076993e-05
566,32828,0.89239376270430815,-0.1138478057979072,0.1138478057979072,0.94074232733725871,-0.061086005441654677,0.061086005441654677,0.052761800356252518
567,872,0.99999793724926345,-2.0627528640069661e-06,2.0627528640069661e-06,0.99999720024790451,-2.7997560147928815e-06,2.7997560147928815e-06,-7.3700315078591538e-07
568,51165,0.99978615272245952,-0.00021387014612981787,0.00021387014612981787,0.99994087739299298,-5.9124354817202839e-05,5.9124354817202839e-05,0.00015474579131261501
569,389,0.99919004272867862,-0.00081028546393868228,0.00081028546393868228,0.99992996681886637,-7.0035633571362857e-05,7.0035633571362857e-05,0.0007402498303673194
570,5651,0.99999692542631291,-3.074578413562521e-06,3.074578413562521e-06,0.99997881795418098,-2.1182270161685844e-05,2.1182270161685844e-05,-1.8107691748123322e-05
571,220,0.99999986874477698,-1.31255231618196e-07,1.31255231618196e-07,0.99999981110295832,-1.8889705947234846e-07,1.8889705947234846e-07,-5.764182785415246e-08
572,1187,0.99999923431268012,-7.6568761305130266e-07,7.6568761305130266e-07,0.99999983999597342,-1.6000403942917594e-07,1.6000403942917594e-07,6.0568357362212675e-07
573,11,0.99999088638523592,-9.1136562933684113e-06,9.1136562933684113e-06,0.99999981250987735,-1.8749014026730647e-07,1.8749014026730647e-07,8.9261661531011049e-06
574,220,0.99929958604692715,-0.00070065935752217014,0.00070065935752217014,0.99996877557135688,-3.1224916135767195e-05,3.1224916135767195e-05,0.00066943444138640291
575,1049,0.99999980177791614,-1.9822210351400542e-07,1.9822210351400542e-07,0.99999998896471587,-1.103528418106713e-08,1.103528418106713e-08,1.8718681933293829e-07
576,18,0.99999902178455746,-9.7821592098538599e-07,9.7821592098538599e-07,0.99999993433223977,-6.5667762403279705e-08,6.5667762403279705e-08,9.1254815858210628e-07
577,11,0.99999992597528953,-7.4024713172728183e-08,7.4024713172728183e-08,0.99999992564789109,-7.4352111701152018e-08,7.4352111701152018e-08,-3.2739852842383484e-10
578,19392,0.99995236879771865,-4.7632336683039562e-05,4.7632336683039562e-05,0.99992854416059895,-7.1458392491128051e-05,7.1458392491128051e-05,-2.3826055808088489e-05
579,264,0.99999426784560896,-5.7321708199410503e-06,5.7321708199410503e-06,0.9999985423724963,-1.4576285659909235e-06,1.4576285659909235e-06,4.2745422539501264e-06
580,8275,0.99998320600805013,-1.6794132970574515e-05,1.6794132970574515e-05,0.99999396646468597,-6.0335535158799903e-06,6.0335535158799903e-06,1.0760579454694526e-05
581,5376,0.99999719257119613,-2.8074327447271568e-06,2.8074327447271568e-06,0.99998655053755414,-1.3449552890740912e-05,1.3449552890740912e-05,-1.0642120146013756e-05
582,315,0.99977614352541155,-0.00022388153418897449,0.00022388153418897449,0.99998024877096714,-1.9751424090914588e-05,1.9751424090914588e-05,0.00020413011009805991
583,2860,0.99999915313302878,-8.4686732982766719e-07,8.4686732982766719e-07,0.99999868700907801,-1.3129917839668906e-06,1.3129917839668906e-06,-4.6612445413922337e-07
584,35148,0.99999880291424958,-1.1970864668716729e-06,1.1970864668716729e-06,0.99999767132280293,-2.3286799084682608e-06,2.3286799084682608e-06,-1.1315934415965879e-06
585,32343,0.99999088181131834,-9.1182302526280379e-06,9.1182302526280379e-06,0.99997117883608355,-2.8821579254153477e-05,2.8821579254153477e-05,-1.9703349001525437e-05
586,3233,0.99999857952179783,-1.420479211012533e-06,1.420479211012533e-06,0.99999867631042294,-1.323690453135022e-06,1.323690453135022e-06,9.6788757877510939e-08
587,311,0.99999997247679462,-2.7523205779856042e-08,2.7523205779856042e-08,0.9999999750363926,-2.4963607757992782e-08,2.4963607757992782e-08,2.5595980218632591e-09
588,220,0.99999992420517669,-7.5794826207283774e-08,7.5794826207283774e-08,0.99999986264771334,-1.3735229609642098e-07,1.3735229609642098e-07,-6.1557469889137202e-08
589,966,0.99999896133332211,-1.0386672172770546e-06,1.0386672172770546e-06,0.99999980074136974,-1.992586501563559e-07,1.992586501563559e-07,8.3940856712069871e-07
590,13,0.9955851332398058,-0.0044246410632220066,0.0044246410632220066,0.99845247536686887,-0.0015487232861658537,0.0015487232861658537,0.0028759177770561529
591,578,0.82446551985036676,-0.19301995732284014,0.19301995732284014,0.89793733892605798,-0.1076549915933461,0.1076549915933461,0.085364965729494036
592,1912,0.89103969387978599,-0.11536630269467804,0.11536630269467804,0.97041056473658938,-0.030036034420020657,0.030036034420020657,0.085330268274657381
593,574,0.99957315254956136,-0.00042693857574356396,0.00042693857574356396,0.99996501349141886,-3.4987120623293772e-05,3.4987120623293772e-05,0.00039195145512027017
594,13687,0.50929721325712518,-0.6747235168184561,0.6747235168184561,0.57034941510548964,-0.56150609700978238,0.56150609700978238,0.11321741980867372
595,304,0.99999945112248056,-5.488776701162622e-07,5.488776701162622e-07,0.99999975808449293,-2.4191553631816542e-07,2.4191553631816542e-07,3.0696213379809678e-07
596,872,0.99999502973314025,-4.970279211574909e-06,4.970279211574909e-06,0.9999977704395524,-2.2295629330327657e-06,2.2295629330327657e-06,2.7407162785421433e-06
597,51165,0.99998584116325528,-1.415893698201916e-05,1.415893698201916e-05,0.99998953783795819,-1.0462216770630753e-05,1.0462216770630753e-05,3.6967202113884064e-06
598,369,0.9999782706116459,-2.1729624440728903e-05,2.1729624440728903e-05,0.99999770214682948,-2.2978558105556685e-06,2.2978558105556685e-06,1.9431768630173236e-05
599,279,0.99999965433605253,-3.4566400718345661e-07,3.4566400718345661e-07,0.9999995288055612,-4.7119454983271757e-07,4.7119454983271757e-07,-1.2553054264926097e-07
600,49017,0.99997429749668154,-2.5702833633457646e-05,2.5702833633457646e-05,0.99999080369341664,-9.1963488696062245e-06,9.1963488696062245e-06,1.6506484763851423e-05
601,315,0.99999981631042956,-1.8368958732308175e-07,1.8368958732308175e-07,0.99999949528464516,-5.047154821594808e-07,5.047154821594808e-07,-3.2102589483639908e-07
602,279,0.9999993345962801,-6.6540394127733777e-07,6.6540394127733777e-07,0.99999917358488766,-8.2641545387057494e-07,8.2641545387057494e-07,-1.6101151259323717e-07
603,40505,0.99999564336287361,-4.3566466165645157e-06,4.3566466165645157e-06,0.99999810832777225,-1.8916740170039837e-06,1.8916740170039837e-06,2.464972599560532e-06
604,16867,0.99999917980418151,-8.2019615480819799e-07,8.2019615480819799e-07,0.99999731873819142,-2.681265403122074e-06,2.681265403122074e-06,-1.861069248313876e-06
605,11,0.99997627317678384,-2.3727104701632565e-05,2.3727104701632565e-05,0.99999785573749511,-2.1442648038286331e-06,2.1442648038286331e-06,2.1582839897803932e-05
606,3582,0.99633773549451765,-0.0036689870142254137,0.0036689870142254137,0.99906554826390526,-0.00093488860829685769,0.00093488860829685769,0.0027340984059285559
607,872,0.99999833329237331,-1.6667090156195312e-06,1.6667090156195312e-06,0.99999890354997767,-1.0964506233782281e-06,1.0964506233782281e-06,5.7025839224130308e-07
608,28175,0.99998927929241532,-1.0720765051909545e-05,1.0720765051909545e-05,0.99999464947157934,-5.3505427347982702e-06,5.3505427347982702e-06,5.3702223171112749e-06
609,51165,0.99999213785835639,-7.8621725504275903e-06,7.8621725504275903e-06,0.99998921287553388,-1.078718264761563e-05,1.078718264761563e-05,-2.9250100971880392e-06
610,369,0.99999978268128908,-2.173187344863312e-07,2.173187344863312e-07,0.99999965071794927,-3.4928211174121343e-07,3.4928211174121343e-07,-1.3196337725488224e-07
611,279,0.99999990208694745,-9.7913057309122311e-08,9.7913057309122311e-08,0.99999981704946894,-1.8295054774025098e-07,1.8295054774025098e-07,-8.5037490431128666e-08
612,4987,0.99999968697997554,-3.1302007349800575e-07,3.1302007349800575e-07,0.99999940576331203,-5.9423686457061461e-07,5.9423686457061461e-07,-2.8121679107260886e-07
613,5734,0.99999823348928829,-1.7665122720404568e-06,1.7665122720404568e-06,0.99999614174835838,-3.858259084731907e-06,3.858259084731907e-06,-2.0917468126914501e-06
614,15379,0.99999742886456344,-2.5711387418895553e-06,2.5711387418895553e-06,0.99998237207995599,-1.7628075417664157e-05,1.7628075417664157e-05,-1.5056936675774601e-05
615,1051,0.99999123840782467,-8.7616305582844398e-06,8.7616305582844398e-06,0.99999056263728392,-9.4374072482570945e-06,9.4374072482570945e-06,-6.757766899726547e-07
616,32302,0.99997935065699128,-2.0649556209297124e-05,2.0649556209297124e-05,0.99998872502158909,-1.1275041973920279e-05,1.1275041973920279e-05,9.3745142353768457e-06
617,1022,0.99999925012186719,-7.4987841397987329e-07,7.4987841397987329e-07,0.99999937418424856,-6.2581594730655768e-07,6.2581594730655768e-07,1.2406246667331561e-07
618,13,0.72022186541329924,-0.32819596803202916,0.32819596803202916,0.59682049477358201,-0.51613888957367937,0.51613888957367937,-0.18794292154165021
619,28993,0.0029084012302431498,-5.8401517541919175,5.8401517541919175,0.00058360295489204956,-7.4462896781138461,7.4462896781138461,-1.6061379239219287
620,11,0.99999982141129651,-1.7858871940862299e-07,1.7858871940862299e-07,0.99999963871258624,-3.6128747906163196e-07,3.6128747906163196e-07,-1.8269875965300897e-07
621,279,0.98063690940443338,-0.019553010860432523,0.019553010860432523,0.99348609076227379,-0.006535217327551337,0.006535217327551337,0.013017793532881187
622,220,0.6419486862131476,-0.44324690650349413,0.44324690650349413,0.86330517811491136,-0.14698702571056374,0.14698702571056374,0.29625988079293042
623,1049,0.99999948756425694,-5.1243587433327312e-07,5.1243587433327312e-07,0.9999997917167619,-2.0828325981994182e-07,2.0828325981994182e-07,3.0415261451333133e-07
624,18,0.99999965991984707,-3.4008021078537105e-07,3.4008021078537105e-07,0.9999997676764929,-2.3232353406862183e-07,2.3232353406862183e-07,1.0775667671674921e-07
625,16867,0.99993091238675569,-6.9089999903398838e-05,6.9089999903398838e-05,0.99999375252461253,-6.2474949030521702e-06,6.2474949030521702e-06,6.2842505000346667e-05
626,13892,0.99995300183784352,-4.6999266604679402e-05,4.6999266604679402e-05,0.99997886672704206,-2.1133496268661313e-05,2.1133496268661313e-05,2.5865770336018089e-05
627,78149,0.99999862759856162,-1.3724023801308045e-06,1.3724023801308045e-06,0.99999961108099389,-3.8891908169460584e-07,3.8891908169460584e-07,9.8348329843619864e-07
628,3280,0.99999631310738424,-3.686899412377483e-06,3.686899412377483e-06,0.99999577717699906,-4.2228319170672918e-06,4.2228319170672918e-06,-5.359325046898088e-07
629,574,0.99984417715586726,-0.00015583498577340665,0.00015583498577340665,0.99998152303010834,-1.847714059292517e-05,1.847714059292517e-05,0.00013735784518048149
630,264,0.6718787117570123,-0.39767744320581616,0.39767744320581616,0.84102713289406739,-0.17313135687317571,0.17313135687317571,0.22454608633264045
631,5199,0.313486706895169,-1.1599983220564272,1.1599983220564272,0.53392696758387026,-0.62749621419931656,0.62749621419931656,0.53250210785711061
632,1567,0.96719747910184539,-0.033352586072620927,0.033352586072620927,0.96783610574047818,-0.032692518292069497,0.032692518292069497,0.00066006778055142934
633,11,0.8158056858423457,-0.20357908247066761,0.20357908247066761,0.89795342847291126,-0.10763707341352605,0.10763707341352605,0.095942009057141564
634,449,0.84262629622739826,-0.17123172148911417,0.17123172148911417,0.98519622292880571,-0.014914446554709299,0.014914446554709299,0.15631727493440487
635,3892,0.99403995266868295,-0.0059778793016404506,0.0059778793016404506,0.9956579035114892,-0.0043515507669871769,0.0043515507669871769,0.0016263285346532737
636,3682,0.60764613115933552,-0.49816258757552406,0.49816258757552406,0.69598227918232181,-0.36243107991679263,0.36243107991679263,0.13573150765873143
637,44583,0.99979910522898452,-0.00020091495307306685,0.00020091495307306685,0.99987401624082628,-0.0001259916957940857,0.0001259916957940857,7.4923257278981147e-05
638,28987,0.13731903368411053,-1.9854483473813542,1.9854483473813542,0.45657271989183829,-0.78400729285651494,0.78400729285651494,1.2014410545248393
639,279,0.79613719418560214,-0.22798375348455988,0.22798375348455988,0.73792867823150587,-0.30390810101452909,0.30390810101452909,-0.075924347529969211
640,26363,0.0061104633835302423,-5.0977526684893721,5.0977526684893721,0.60445437021472181,-0.50342909529207569,0.50342909529207569,4.5943235731972969
641,11,0.64151914204946592,-0.44391625585571037,0.44391625585571037,0.99998387196860083,-1.6128161457264119e-05,1.6128161457264119e-05,0.44390012769425313
642,6457,0.0084025299735789923,-4.7792224311498357,4.7792224311498357,0.81316092573685872,-0.20682624838624683,0.20682624838624683,4.5723961827635886
643,11,0.99998907240368584,-1.0927656020809236e-05,1.0927656020809236e-05,0.99999971132514454,-2.8867489717539075e-07,2.8867489717539075e-07,1.0638981123633846e-05
644,5734,0.0011854314771995559,-6.7376484548888902,6.7376484548888902,0.99997489472619516,-2.5105588947499376e-05,2.5105588947499376e-05,6.7376233492999429
645,11,0.99998184920200217,-1.8150962725569753e-05,1.8150962725569753e-05,0.99999921137477088,-7.8862554010177891e-07,7.8862554010177891e-07,1.7362337185467973e-05
646,279,6.1825296567908731e-07,-14.296368133663407,14.296368133663407,0.92202249482907328,-0.081185657860830832,0.081185657860830832,14.215182475802576
647,16526,0.38207943196142663,-0.96212675491968092,0.96212675491968092,0.99999567789306643,-4.3221162739397896e-06,4.3221162739397896e-06,0.96212243280340692
648,50714,0.99089824563285966,-0.0091434283973453583,0.0091434283973453583,0.99999676390206893,-3.2361031672829361e-06,3.2361031672829361e-06,0.0091401922941780761
649,11,0.99912390846389609,-0.00087647552858518402,0.00087647552858518402,0.99999980219057338,-1.9780944613196278e-07,1.9780944613196278e-07,0.00087627771913905209
650,2314,3.628943299446929e-06,-12.526569054146686,12.526569054146686,0.99257150288043339,-0.0074562258113117525,0.0074562258113117525,12.519112828335373
651,5059,0.99618716160245635,-0.0038201257955448758,0.0038201257955448758,0.99999847083986637,-1.5291613028126865e-06,1.5291613028126865e-06,0.003818596634242063
652,2259,0.99834768812383912,-0.0016536784489727214,0.0016536784489727214,0.99999975620232406,-2.4379770561445473e-07,2.4379770561445473e-07,0.0016534346512671069
653,11,0.97293120658424592,-0.027441901675677557,0.027441901675677557,0.99999884330551481,-1.1566951541514015e-06,1.1566951541514015e-06,0.027440744980523405
654,323,0.86867120444725165,-0.14079058613345402,0.14079058613345402,0.99999993553130329,-6.4468698744111174e-08,6.4468698744111174e-08,0.14079052166475528
655,5370,0.00050264712375556705,-7.5956221772906272,7.5956221772906272,0.99988563899961047,-0.00011436754010733361,0.00011436754010733361,7.5955078097505195
656,30100,0.084120803550143189,-2.475501375766453,2.475501375766453,0.99995548435664727,-4.4516634203331736e-05,4.4516634203331736e-05,2.4754568591322497
657,304,0.79428449463824158,-0.2303135763213949,0.2303135763213949,0.99999993279317734,-6.7206824956126725e-08,6.7206824956126725e-08,0.23031350911456994
658,279,0.97738200647592199,-0.022877703896140536,0.022877703896140536,0.99999965148495074,-3.4851510999136492e-07,3.4851510999136492e-07,0.022877355381030546
659,19001,0.072891562325057321,-2.6187823898067819,2.6187823898067819,0.99990749224498521,-9.2512034121083425e-05,9.2512034121083425e-05,2.618689877772661
660,16867,0.98720301402890065,-0.012879572726982525,0.012879572726982525,0.99999671983917005,-3.2801662097081937e-06,3.2801662097081937e-06,0.012876292560772816
661,13,0.69710328586849213,-0.36082169287516924,0.36082169287516924,0.99988573505066314,-0.00011427147807351673,0.00011427147807351673,0.36070742139709572
662,578,0.0067375853689776444,-5.0000536721070503,5.0000536721070503,0.00052902211502574075,-7.5444803216381287,7.5444803216381287,-2.5444266495310783
663,3280,0.98566761825024152,-0.014436082376955674,0.014436082376955674,0.99903563573285281,-0.00096482956553583989,0.00096482956553583989,0.013471252811419834
664,574,0.32919459301435405,-1.1111062349363616,1.1111062349363616,0.49901311712779811,-0.69512289674685634,0.69512289674685634,0.41598333818950528
665,13160,0.599995040282846,-0.51083388999541257,0.51083388999541257,0.82914964277820769,-0.18735463015103396,0.18735463015103396,0.32347925984437864
666,555,0.9999990930901872,-9.069102240134066e-07,9.069102240134066e-07,0.99999990742104783,-9.2578956434359604e-08,9.2578956434359604e-08,8.1433126757904697e-07
667,264,0.56201353583823832,-0.5762293442570674,0.5762293442570674,0.73405863286368667,-0.30916637227228477,0.30916637227228477,0.26706297198478263
668,10284,0.16080809189604967,-1.8275436007667902,1.8275436007667902,0.27868333045010085,-1.277679158087478,1.277679158087478,0.54986444267931223
669,3770,0.99589944516884887,-0.0041089851600223382,0.0041089851600223382,0.99981414982314398,-0.00018586744914017374,0.00018586744914017374,0.0039231177108821642
670,78526,0.99822196878193625,-0.0017796137917584086,0.0017796137917584086,0.99978797795456609,-0.00021204452528531768,0.00021204452528531768,0.001567569266473091
671,1396,0.98366314009443656,-0.01647177784307664,0.01647177784307664,0.99190596198039038,-0.0081269725814616372,0.0081269725814616372,0.0083448052616150025
672,315,0.99999862265102235,-1.3773499261404215e-06,1.3773499261404215e-06,0.9999996071953281,-3.9280474907359789e-07,3.9280474907359789e-07,9.8454517706682363e-07
673,35148,0.83592066210005533,-0.17922157219508777,0.17922157219508777,0.91345401992502251,-0.090522238393627982,0.090522238393627982,0.088699333801459793
674,32343,0.76657339224104526,-0.26582483542875179,0.26582483542875179,0.80161268692921539,-0.22112972176927825,0.22112972176927825,0.04469511365947354
675,3233,0.99985244268835383,-0.00014756819929733086,0.00014756819929733086,0.99999676808683879,-3.2319183838631823e-06,3.2319183838631823e-06,0.00014433628091346768
676,11,0.97942898919165666,-0.020785541222353116,0.020785541222353116,0.99918331941134508,-0.00081701425392458136,0.00081701425392458136,0.019968526968428536
677,719,0.93027089979691469,-0.07227944514735167,0.07227944514735167,0.97935841262292345,-0.020857602711719898,0.020857602711719898,0.051421842435631776
678,3892,0.33702712771651061,-1.0875918541944336,1.0875918541944336,0.72411724744880002,-0.3228019557178779,0.3228019557178779,0.76478989847655576
679,44583,0.30992665037763117,-1.171419621184967,1.171419621184967,0.66514766252540181,-0.4077462140651148,0.4077462140651148,0.76367340711985221
680,1047,0.3005371629922815,-1.2021838621300442,1.2021838621300442,0.42179610478622565,-0.86323324572115201,0.86323324572115201,0.33895061640889224
681,264,0.40122903083361194,-0.91322286550819753,0.91322286550819753,0.52063182029657062,-0.65271216593733761,0.65271216593733761,0.26051069957085993
682,5199,0.90678571349268655,-0.097849115333165024,0.097849115333165024,0.85971279812438195,-0.15115690117951949,0.15115690117951949,-0.053307785846354469
683,5536,0.99992106825783522,-7.8934857438671619e-05,7.8934857438671619e-05,0.99988758993318949,-0.00011241638529553184,0.00011241638529553184,-3.3481527856860218e-05
684,389,0.9950826444041716,-0.0049294855701253271,0.0049294855701253271,0.99923083890777797,-0.00076945704838334852,0.00076945704838334852,0.0041600285217419783
685,279,0.90565967484087662,-0.099091678341063819,0.099091678341063819,0.99462701613583648,-0.0053874702553637632,0.0053874702553637632,0.093704208085700055
686,5654,0.17578033407997942,-1.7385201652900459,1.7385201652900459,0.65046448650328603,-0.43006857667318038,0.43006857667318038,1.3084515886168655
687,13,0.9931504072354983,-0.0068731588989546163,0.0068731588989546163,0.99998307405960041,-1.6926083644904866e-05,1.6926083644904866e-05,0.0068562328153097115
688,4815,4.6509333563295375e-07,-14.58102772970968,14.58102772970968,8.6196300180341463e-06,-11.661468395551566,11.661468395551566,2.9195593341581141
689,791,0.37035412062624534,-0.99329564828192662,0.99329564828192662,0.34229174427139725,-1.0720918521376768,1.0720918521376768,-0.078796203855750147
690,1455,0.022678176406873932,-3.786352208695924,3.786352208695924,0.20560203564944976,-1.5818128444314172,1.5818128444314172,2.204539364264507
691,19428,0.00067440770955488069,-7.3016757196176512,7.3016757196176512,0.98967942524894126,-0.010374201172069816,0.010374201172069816,7.2913015184455814
692,35148,0.16673456084770255,-1.7913521870924698,1.7913521870924698,0.98968017808527664,-0.01037344048529606,0.01037344048529606,1.7809787466071738
693,32343,0.9871135611896793,-0.012970189237430076,0.012970189237430076,0.99991952484739655,-8.0478390902330441e-05,8.0478390902330441e-05,0.012889710846527746
694,606,0.89200875534111768,-0.11427933104545805,0.11427933104545805,0.99994122666105989,-5.8775066160525821e-05,5.8775066160525821e-05,0.11422055597929752
695,315,0.98777821281954925,-0.012297087385762644,0.012297087385762644,0.99983284253240945,-0.00016717143995710553,0.00016717143995710553,0.012129915945805538
696,279,0.98260634500708399,-0.017546701903198691,0.017546701903198691,0.99981930213076453,-0.00018071419706246135,0.00018071419706246135,0.017365987706136229
697,3280,0.9390986802988448,-0.062834714455439283,0.062834714455439283,0.99912043884145429,-0.00087994819942894729,0.00087994819942894729,0.061954766256010339
698,574,0.97265596654655817,-0.027724839436909836,0.027724839436909836,0.98427166720755621,-0.015853335473688147,0.015853335473688147,0.011871503963221688
699,14221,0.66961217354431224,-0.40105657964908464,0.40105657964908464,0.99921080298782028,-0.00078950859208443743,0.00078950859208443743,0.40026707105700021
700,78149,0.9999732498703594,-2.6750487431704923e-05,2.6750487431704923e-05,0.99999653264827026,-3.4673577410490021e-06,3.4673577410490021e-06,2.328312969065592e-05
701,11583,0.56706738382254485,-0.56727713959508408,0.56727713959508408,0.99990617264406811,-9.3831757993555445e-05,9.3831757993555445e-05,0.56718330783709048
702,22530,0.81406852643507077,-0.20571073171326973,0.20571073171326973,0.99998012577474737,-1.9874422747682218e-05,1.9874422747682218e-05,0.20569085729052206
703,11,0.98084487729816827,-0.019340959037240389,0.019340959037240389,0.99873670012167304,-0.0012640985143002822,0.0012640985143002822,0.018076860522940108
704,902,0.97189345931902127,-0.028509090283379463,0.028509090283379463,0.96720784375319202,-0.033341869961344479,0.033341869961344479,-0.0048327796779650163
705,1047,0.078630627256549457,-2.5429939956920844,2.5429939956920844,0.98251469995925578,-0.017639973560056116,0.017639973560056116,2.5253540221320283
706,264,0.7340093425742853,-0.30923352214578465,0.30923352214578465,0.99998967022211882,-1.0329831233711412e-05,1.0329831233711412e-05,0.30922319231455092
707,8187,0.36573236223590666,-1.0058534637965577,1.0058534637965577,0.99996052968362037,-3.9471095353118951e-05,3.9471095353118951e-05,1.0058139927012046
708,3703,0.003685630016151274,-5.6033138002061857,5.6033138002061857,0.99869892422573148,-0.0013019229082237109,0.0013019229082237109,5.6020118772979624
709,24264,0.99822076463711984,-0.0017808200821230983,0.0017808200821230983,0.99999394462402758,-6.0553943062674853e-06,6.0553943062674853e-06,0.0017747646878168307
710,7410,0.99993702200986878,-6.297997332809894e-05,6.297997332809894e-05,0.99999154046675587,-8.4595690261868126e-06,8.4595690261868126e-06,5.4520404301912126e-05
711,315,0.99930610732741132,-0.00069413352753394512,0.00069413352753394512,0.99999688626773087,-3.113737116804433e-06,3.113737116804433e-06,0.00069101979041714067
712,220,0.99908416800743938,-0.00091625162290671187,0.00091625162290671187,0.99999799369592557,-2.006306087022337e-06,2.006306087022337e-06,0.00091424531681968957
713,21056,0.053523317747459741,-2.9276378742864337,2.9276378742864337,0.99999934415477298,-6.5584544204929205e-07,6.5584544204929205e-07,2.9276372184409918
714,296,0.61321150036431982,-0.48904537748924248,0.48904537748924248,0.99896487502933806,-0.0010356610825080976,0.0010356610825080976,0.48800971640673441
715,2308,0.99967097124879001,-0.00032908289304607981,0.00032908289304607981,0.99999312505261451,-6.8749710180177885e-06,6.8749710180177885e-06,0.000322207922028062
716,320,0.70404215690250782,-0.35091704265315832,0.35091704265315832,0.99994774459623603,-5.2256769125167711e-05,5.2256769125167711e-05,0.35086478588403314
717,120751,0.060549208643890982,-2.8042988785334959,2.8042988785334959,0.96426864594400497,-0.036385344830043929,0.036385344830043929,2.7679135337034522
718,26,0.43672009266141221,-0.82846280933286465,0.82846280933286465,0.98466509983821926,-0.015453695787453068,0.015453695787453068,0.81300911354541161
719,220,0.99777634798510806,-0.002226128000201041,0.002226128000201041,0.99999234569518503,-7.65433410928505e-06,7.65433410928505e-06,0.0022184736660917559
720,1627,0.98759212258833395,-0.012485497860932991,0.012485497860932991,0.99999695696793711,-3.043036692884579e-06,3.043036692884579e-06,0.012482454824240107
721,13,0.99988507620186917,-0.00011493040237655787,0.00011493040237655787,0.99969132632012514,-0.00030872132940091488,0.00030872132940091488,-0.00019379092702435702
722,4044,0.40696794378766987,-0.8990208588339037,0.8990208588339037,0.9998673424252924,-0.0001326663745018995,0.0001326663745018995,0.89888819245940177
723,304,0.999589455715998,-0.00041062858037896484,0.00041062858037896484,0.99996282829238414,-3.7172398500931536e-05,3.7172398500931536e-05,0.00037345618187803329
724,39,0.99994662699825088,-5.3374426138493098e-05,5.3374426138493098e-05,0.9999914299907855,-8.5700459372489533e-06,8.5700459372489533e-06,4.4804380201244145e-05
725,70,0.99996625548763196,-3.3745081726918544e-05,3.3745081726918544e-05,0.9999997638664424,-2.3613358544987724e-07,2.3613358544987724e-07,3.350894814146867e-05
726,570,0.15162691873346229,-1.886332257331627,1.886332257331627,0.70912097150979181,-0.34372914428256035,0.34372914428256035,1.5426031130490667
727,578,0.49999874020573537,-0.69314970015164878,0.69314970015164878,0.38825576997627642,-0.94609095556660106,0.94609095556660106,-0.25294125541495227
728,2853,0.0015043045203640597,-6.499424600303195,6.499424600303195,0.75509987782662102,-0.28090524997038513,0.28090524997038513,6.2185193503328096
729,24013,0.9603987481861832,-0.040406718065518557,0.040406718065518557,0.9994201445263311,-0.0005800236548711092,0.0005800236548711092,0.039826694410647449
730,13892,0.35324020366444192,-1.0406069898206047,1.0406069898206047,0.99592222259511465,-0.0040861142106442955,0.0040861142106442955,1.0365208756099604
731,78149,0.99727910124977404,-0.0027246071234966955,0.0027246071234966955,0.99991456403910961,-8.5439610750001822e-05,8.5439610750001822e-05,0.0026391675127466936
732,315,0.90928427242422905,-0.095097502755039975,0.095097502755039975,0.97667081794584798,-0.023605615191667307,0.023605615191667307,0.071491887563372672
733,279,0.99742272568869439,-0.0025806012001763435,0.0025806012001763435,0.99999063266738919,-9.3673764845000308e-06,9.3673764845000308e-06,0.0025712338236918435
734,3280,0.97801738428518936,-0.022227833762569836,0.022227833762569836,0.9999697590385509,-3.0241418716230153e-05,3.0241418716230153e-05,0.022197592343853607
735,574,0.99648598265051691,-0.0035202060107448765,0.0035202060107448765,0.99990816787236014,-9.1836344467804141e-05,9.1836344467804141e-05,0.0034283696662770723
736,1101,0.60413501192118801,-0.50395757635551552,0.50395757635551552,0.97710089753703044,-0.023165359459924508,0.023165359459924508,0.48079221689559104
737,14221,0.80566651698081793,-0.21608537273807024,0.21608537273807024,0.73453732957106754,-0.30851446155404938,0.30851446155404938,-0.092429088815979138
738,78149,0.99994581415836881,-5.4187309736971709e-05,5.4187309736971709e-05,0.99999937545443662,-6.2454575836948285e-07,6.2454575836948285e-07,5.3562763978602223e-05
739,11583,0.99544471937349677,-0.004565687533577497,0.004565687533577497,0.99997884641970258,-2.1153804037510588e-05,2.1153804037510588e-05,0.0045445337295399865
740,22530,0.99999145439738457,-8.545639129267443e-06,8.545639129267443e-06,0.99999523032394266,-4.7696874322726815e-06,4.7696874322726815e-06,3.7759516969947615e-06
741,11,0.99274352218766926,-0.0072829341115116675,0.0072829341115116675,0.99965723529206163,-0.00034282346518781938,0.00034282346518781938,0.0069401106463238479
742,902,0.62122973881768373,-0.4760543156762776,0.4760543156762776,0.98901052708374904,-0.011050303246458859,0.011050303246458859,0.46500401242981876
743,9057,0.97698733709063312,-0.023281588036006943,0.023281588036006943,0.90807033060039966,-0.096433446772082335,0.096433446772082335,-0.073151858736075395
744,5199,0.028881179754299421,-3.544565115573735,3.544565115573735,0.86611765733520962,-0.14373451667455664,0.14373451667455664,3.4008305988991783
745,5674,0.99345354600059965,-0.0065679760093702005,0.0065679760093702005,0.99982121185619888,-0.00017880412830653409,0.00017880412830653409,0.0063891718810636664
746,323,0.87785900811579676,-0.1302692812534737,0.1302692812534737,0.99265938853000379,-0.0073676863371295517,0.0073676863371295517,0.12290159491634414
747,4814,0.87355249106927702,-0.1351870584038217,0.1351870584038217,0.98452714208469905,-0.015593811872423232,0.015593811872423232,0.11959324653139847
748,315,0.99965646056344504,-0.00034359845974548823,0.00034359845974548823,0.99999919713211294,-8.0286820935868537e-07,8.0286820935868537e-07,0.00034279559153612956
749,2324,0.99981269419535901,-0.00018732334856393822,0.00018732334856393822,0.99999591476918315,-4.0852391614573431e-06,4.0852391614573431e-06,0.00018323810940248087
750,304,0.95475538991632536,-0.046300107523160959,0.046300107523160959,0.95294026463878823,-0.048203058678866394,0.048203058678866394,-0.0019029511557054346
751,4987,0.9491032334570334,-0.052237704984953566,0.052237704984953566,0.99996136812031466,-3.8632625915639779e-05,3.8632625915639779e-05,0.052199072359037924
752,12126,0.99992474493450445,-7.5257897300089795e-05,7.5257897300089795e-05,0.99999852003838408,-1.4799627110270819e-06,1.4799627110270819e-06,7.3777934589062711e-05
753,13,0.58465187676196251,-0.53673869134030594,0.53673869134030594,0.90061329897010378,-0.10467930443477098,0.10467930443477098,0.43205938690553497
754,578,0.61364173106588116,-0.48834402103000951,0.48834402103000951,0.56697774964043024,-0.5674352182811192,0.5674352182811192,-0.079091197251109691
755,3280,0.56123391582685056,-0.57761749810584595,0.57761749810584595,0.98316236831451043,-0.016980996163264282,0.016980996163264282,0.56063650194258163
756,574,0.52100915600509046,-0.65198766347706572,0.65198766347706572,0.89872682439668594,-0.10677615676426905,0.10677615676426905,0.54521150671279672
757,1101,0.88426346807799538,-0.12300021993762172,0.12300021993762172,0.96294736350819332,-0.037756527547858555,0.037756527547858555,0.085243692389763176
758,13160,0.29870645031010828,-1.2082939593828941,1.2082939593828941,0.66198073044262062,-0.4125188315614956,0.4125188315614956,0.79577512782139848
759,555,0.99999845854427627,-1.5414569117843242e-06,1.5414569117843242e-06,0.99999983491893285,-1.6508108072399026e-07,1.6508108072399026e-07,1.3763758310603339e-06
760,279,0.25769558074516652,-1.35597631030607,1.35597631030607,0.78535676272344701,-0.24161718963518525,0.24161718963518525,1.1143591206708847
761,4500,0.018411833632658501,-3.9947616888783877,3.9947616888783877,0.60592809985856633,-0.50099394705002165,0.50099394705002165,3.4937677418283659
762,315,0.99982295688954093,-0.00017705878444052267,0.00017705878444052267,0.99998914139276252,-1.0858666192637082e-05,1.0858666192637082e-05,0.00016620011824788558
763,3892,0.63970544500002802,-0.44674745075981914,0.44674745075981914,0.49465547561985418,-0.70389376758883249,0.70389376758883249,-0.25714631682901334
764,1317,0.017598152810087548,-4.0399613364183828,4.0399613364183828,0.55262334223557108,-0.59307862664014577,0.59307862664014577,3.4468827097782371
765,62954,0.98004040572575912,-0.020161477835058946,0.020161477835058946,0.7780856414985875,-0.25091868181497157,0.25091868181497157,-0.23075720397991262
766,13892,0.081562003982187575,-2.5063917629280601,2.5063917629280601,0.5101207392629451,-0.67310783763028847,0.67310783763028847,1.8332839252977715
767,764,0.99997247234580466,-2.7528033088163016e-05,2.7528033088163016e-05,0.99999945744753005,-5.4255261708936702e-07,5.4255261708936702e-07,2.698548047107365e-05
768,29639,0.99998996824351771,-1.0031806800710319e-05,1.0031806800710319e-05,0.9999969796166619,-3.0203878994301963e-06,3.0203878994301963e-06,7.0114189012801224e-06
769,11,0.99837347858871506,-0.0016278456333474536,0.0016278456333474536,0.99999889451953927,-1.1054810718170837e-06,1.1054810718170837e-06,0.0016267401522756365
770,2737,0.99547039740225285,-0.0045398923316213027,0.0045398923316213027,0.9999700127918193,-2.9987657806065897e-05,2.9987657806065897e-05,0.0045099046738152366
771,14221,0.93674169254881812,-0.06534770972362608,0.06534770972362608,0.99683308599646037,-0.0031719392882603621,0.0031719392882603621,0.062175770435365721
772,78149,0.79183815201694452,-0.23339826156469454,0.23339826156469454,0.99720722127997841,-0.0027966858026180555,0.0027966858026180555,0.23060157576207649
773,735,0.84704461967935107,-0.16600190604895229,0.16600190604895229,0.99741076109202798,-0.0025925967845153853,0.0025925967845153853,0.16340930926443692
774,9832,0.99978447205236465,-0.00021555117712122589,0.00021555117712122589,0.99999981902388402,-1.8097613235751016e-07,1.8097613235751016e-07,0.00021537020098886836
775,9008,0.99998000668959319,-1.9993510275711635e-05,1.9993510275711635e-05,0.99999985158431115,-1.4841569981862875e-07,1.4841569981862875e-07,1.9845094575893006e-05
776,11,0.8062019050435747,-0.21542106531057753,0.21542106531057753,0.99678074528550165,-0.0032244476629008281,0.0032244476629008281,0.21219661764767669
777,902,0.99866451021567915,-0.001336382345562336,0.001336382345562336,0.99999716354643253,-2.8364575901709816e-06,2.8364575901709816e-06,0.001333545887972165
778,6244,0.30478962364369161,-1.1881334989128689,1.1881334989128689,0.90283647495326991,-0.10221383282424751,0.10221383282424751,1.0859196660886214
779,832,0.99079243494662295,-0.0092502166942013842,0.0092502166942013842,0.9999957864216672,-4.213587209983713e-06,4.213587209983713e-06,0.009246003106991401
780,315,0.99998864216791172,-1.135789658893436e-05,1.135789658893436e-05,0.99999943695093318,-5.6304922527157538e-07,5.6304922527157538e-07,1.0794847363662785e-05
781,279,0.99999504897304403,-4.9510392123896106e-06,4.9510392123896106e-06,0.99999965191875695,-3.4808130359621838e-07,3.4808130359621838e-07,4.6029579087933921e-06
782,22807,0.99971357987549092,-0.0002864611505869251,0.0002864611505869251,0.9999990409602364,-9.5904022343342862e-07,9.5904022343342862e-07,0.00028550211036349165
783,65265,0.93438599790044397,-0.067865652144121283,0.067865652144121283,0.99945318756912238,-0.00054696198731696061,0.00054696198731696061,0.06731869015680432
784,16867,0.99286666068335172,-0.0071589032247820605,0.0071589032247820605,0.99996737255399026,-3.2627978296439054e-05,3.2627978296439054e-05,0.0071262752464856215
785,13892,0.99987944607536505,-0.00012056119184337033,0.00012056119184337033,0.99999518029507684,-4.8197165379526562e-06,4.8197165379526562e-06,0.00011574147530541768
786,764,0.99999733842542737,-2.6615781146244933e-06,2.6615781146244933e-06,0.99999985623149579,-1.4376851452817058e-07,1.4376851452817058e-07,2.5178096000963228e-06
787,29639,0.99999851050217059,-1.4894989386645666e-06,1.4894989386645666e-06,0.99998297667446423,-1.7023470434193377e-05,1.7023470434193377e-05,-1.5533971495528811e-05
788,304,0.97516280131860233,-0.025150846211795308,0.025150846211795308,0.99992346254641906,-7.6540382721294227e-05,7.6540382721294227e-05,0.025074305829074012
789,3925,0.98079477039350949,-0.019392045794921597,0.019392045794921597,0.99997043919422868,-2.956124270057192e-05,2.956124270057192e-05,0.019362484552221025
790,13,0.79123066237882611,-0.23416574515405386,0.23416574515405386,0.86034030538983919,-0.15042726406306769,0.15042726406306769,0.083738481090986167
791,4815,0.14999282139399783,-1.8971678434044297,1.8971678434044297,0.54095564233002391,-0.61441799549344189,0.61441799549344189,1.2827498479109878
792,644,0.3310046832787078,-1.1056227548268973,1.1056227548268973,0.48385088572610757,-0.72597850707691358,0.72597850707691358,0.37964424774998373
793,12399,0.25486170103223865,-1.3670342298412512,1.3670342298412512,0.60637184261448385,-0.5002618794152911,0.5002618794152911,0.86677235042596013
794,11,0.9999192624782145,-8.0740781234621566e-05,8.0740781234621566e-05,0.99997616572559511,-2.3834558445676901e-05,2.3834558445676901e-05,5.6906222788944669e-05
795,279,0.9998555728734746,-0.000144437557127178,0.000144437557127178,0.99997274260535696,-2.7257766132544582e-05,2.7257766132544582e-05,0.00011717979099463341
796,220,0.99999594327941987,-4.0567288086481258e-06,4.0567288086481258e-06,0.99999962224073535,-3.7775933595959578e-07,3.7775933595959578e-07,3.6789694726885303e-06
797,1049,0.99999346350010809,-6.5365212549614191e-06,6.5365212549614191e-06,0.99999817978383432,-1.8202178223232826e-06,1.8202178223232826e-06,4.7163034326381366e-06
798,18,0.99999810453349947,-1.8954682969259668e-06,1.8954682969259668e-06,0.99999990547428452,-9.4525719891417654e-08,9.4525719891417654e-08,1.8009425770345492e-06
799,16867,0.99999672117263017,-3.2788327451904341e-06,3.2788327451904341e-06,0.99999872715507798,-1.2728457320978334e-06,1.2728457320978334e-06,2.0059870130926008e-06
800,13892,0.99935754550883693,-0.00064266095348287065,0.00064266095348287065,0.99997235116177352,-2.7649220462629156e-05,2.7649220462629156e-05,0.00061501173302024145
801,78149,0.99999921163250627,-7.8836780447232657e-07,7.8836780447232657e-07,0.99999983608438381,-1.6391562962467531e-07,1.6391562962467531e-07,6.2445217484765124e-07
802,3280,0.99999555911911364,-4.4408907471461095e-06,4.4408907471461095e-06,0.99999909807359166,-9.0192681506082657e-07,9.0192681506082657e-07,3.538963932085283e-06
803,574,0.99992442638441115,-7.5576471418419962e-05,7.5576471418419962e-05,0.99999790344976047,-2.0965524372439744e-06,2.0965524372439744e-06,7.3479918981175993e-05
804,264,0.99062990588255362,-0.0094142696182900783,0.0094142696182900783,0.99973289309838986,-0.00026714258101218877,0.00026714258101218877,0.0091471270372778888
805,5199,0.94789909284452989,-0.053507224539602959,0.053507224539602959,0.97174419647667343,-0.028662681506719041,0.028662681506719041,0.024844543032883918
806,1567,0.99977908448903541,-0.00022093991639047364,0.00022093991639047364,0.99999169834852619,-8.3016859327000938e-06,8.3016859327000938e-06,0.00021263823045777354
807,11,0.86980067297598362,-0.13949120510541982,0.13949120510541982,0.94231864175451774,-0.059411800717189531,0.059411800717189531,0.080079404388230288
808,449,0.776690111811425,-0.25271383466445213,0.25271383466445213,0.94922607571362505,-0.052108283544564253,0.052108283544564253,0.20060555111988787
809,3892,0.99780745724718911,-0.002194949893822394,0.002194949893822394,0.99986173720908922,-0.0001382723500916114,0.0001382723500916114,0.0020566775437307824
810,3682,0.99985279144952233,-0.0001472193867197915,0.0001472193867197915,0.99999638799483215,-3.6120116912050858e-06,3.6120116912050858e-06,0.00014360737502858641
811,44583,0.99996352459791082,-3.6476067332828015e-05,3.6476067332828015e-05,0.99998892362857883,-1.1076432764678247e-05,1.1076432764678247e-05,2.5399634568149768e-05
812,28987,0.99967817034394568,-0.00032188145433187094,0.00032188145433187094,0.9999603249746063,-3.9675812468374488e-05,3.9675812468374488e-05,0.00028220564186349643
813,279,0.99427526193223825,-0.0057411871887139516,0.0057411871887139516,0.99999580697388812,-4.1930349025847925e-06,4.1930349025847925e-06,0.0057369941538113669
814,26363,0.55590073687617947,-0.58716553146831307,0.58716553146831307,0.50236190093245003,-0.68843450083497115,0.68843450083497115,-0.10126896936665808
815,11,0.99973353614297489,-0.00026649936482653352,0.00026649936482653352,0.99999688034826328,-3.1196566027973366e-06,3.1196566027973366e-06,0.00026337970822373617
816,6457,0.99871844015947198,-0.0012823817406249765,0.0012823817406249765,0.99997809845848717,-2.1901781355128184e-05,2.1901781355128184e-05,0.0012604799592698483
817,11,0.9999969858517942,-3.0141527483074416e-06,3.0141527483074416e-06,0.99999967264780143,-3.2735225212704186e-07,3.2735225212704186e-07,2.6868004961803998e-06
818,5734,0.99976958178049868,-0.00023044476985783113,0.00023044476985783113,0.99999623602361298,-3.7639834707780996e-06,3.7639834707780996e-06,0.00022668078638705304
819,11,0.99998717389630398,-1.2826185951214283e-05,1.2826185951214283e-05,0.999999244352206,-7.5564807948967476e-07,7.5564807948967476e-07,1.2070537871724608e-05
820,279,0.99265646354708892,-0.0073706329543258712,0.0073706329543258712,0.99990077568297209,-9.9229240086128327e-05,9.9229240086128327e-05,0.0072714037142397429
821,16526,0.99998792506777734,-1.2075005125194008e-05,1.2075005125194008e-05,0.99999767345030655,-2.3265523999215834e-06,2.3265523999215834e-06,9.7484527252724239e-06
822,50714,0.99999725487001001,-2.7451337578561167e-06,2.7451337578561167e-06,0.99999628468705182,-3.7153198499981827e-06,3.7153198499981827e-06,-9.7018609214206605e-07
823,11,0.99999445098406692,-5.5490313288814681e-06,5.5490313288814681e-06,0.99999971776685348,-2.8223318629540689e-07,2.8223318629540689e-07,5.2667981425860616e-06
824,2314,0.99589788293829407,-0.0041105538241959219,0.0041105538241959219,0.99989072918749777,-0.00010927678299238474,0.00010927678299238474,0.0040012770412035372
825,5059,0.99998849515811872,-1.1504908062472275e-05,1.1504908062472275e-05,0.99997209802868214,-2.7902360585048235e-05,2.7902360585048235e-05,-1.6397452522575959e-05
826,2259,0.99999956706143056,-4.3293866312673532e-07,4.3293866312673532e-07,0.99999992849999608,-7.1500006468435472e-08,7.1500006468435472e-08,3.6143865665829985e-07
827,11,0.99997016829347918,-2.9832151494984707e-05,2.9832151494984707e-05,0.9999985025478112,-1.4974533099370476e-06,1.4974533099370476e-06,2.8334698185047659e-05
828,323,0.99999683020390806,-3.1698011157442108e-06,3.1698011157442108e-06,0.99999977675140228,-2.232486226484214e-07,2.232486226484214e-07,2.9465524930957895e-06
829,5370,0.99992984179472055,-7.0160666481494226e-05,7.0160666481494226e-05,0.99999748881044304,-2.5111927099837825e-06,2.5111927099837825e-06,6.7649473771510442e-05
830,30100,0.99995741597408383,-4.2584932641535064e-05,4.2584932641535064e-05,0.99999382387880653,-6.1761402657846107e-06,6.1761402657846107e-06,3.640879237575045e-05
831,304,0.999999410776648,-5.8922352557337069e-07,5.8922352557337069e-07,0.99999980613801742,-1.9386200142341337e-07,1.9386200142341337e-07,3.9536152414995732e-07
832,279,0.99999914044006977,-8.5956029966437418e-07,8.5956029966437418e-07,0.99999967047819815,-3.2952185613256861e-07,3.2952185613256861e-07,5.3003844353180563e-07
833,19001,0.99989481745181263,-0.00010518808025956062,0.00010518808025956062,0.99997965665556632,-2.0343551362295103e-05,2.0343551362295103e-05,8.4844528897265518e-05
834,16867,0.99999906115223858,-9.3884820211044903e-07,9.3884820211044903e-07,0.99999808040416638,-1.9195976760229777e-06,1.9195976760229777e-06,-9.807494739125287e-07
835,13,0.99996942603405969,-3.0574433333573948e-05,3.0574433333573948e-05,0.99998841456337784,-1.1585503733810186e-05,1.1585503733810186e-05,1.8988929599763762e-05
836,578,0.99730084123524942,-0.0027028080619367185,0.0027028080619367185,0.99987116469950943,-0.0001288436004707778,0.0001288436004707778,0.0025739644614659407
837,3280,0.99999293828707581,-7.061737858174712e-06,7.061737858174712e-06,0.99999937219746449,-6.2780273257430804e-07,6.2780273257430804e-07,6.4339351256004038e-06
838,574,0.99953167965535306,-0.00046843004086958196,0.00046843004086958196,0.99997606849131737,-2.3931795045799864e-05,2.3931795045799864e-05,0.00044449824582378211
839,13160,0.99746464538369295,-0.0025385740706123931,0.0025385740706123931,0.99968427278007199,-0.00031577707226019099,0.00031577707226019099,0.0022227969983522021
840,555,0.99999963211405996,-3.6788600771078655e-07,3.6788600771078655e-07,0.99999949278699429,-5.0721313431317909e-07,5.0721313431317909e-07,-1.3932712660239254e-07
841,264,0.99970349073894149,-0.00029655322862081869,0.00029655322862081869,0.99998317700799322,-1.6823133514909162e-05,1.6823133514909162e-05,0.00027973009510590954
842,10284,0.99946606995206511,-0.00053407263934107283,0.00053407263934107283,0.99972802766227697,-0.00027200932890642681,0.00027200932890642681,0.00026206331043464602
843,3770,0.99999319671100151,-6.8033121409978227e-06,6.8033121409978227e-06,0.99999496443464464,-5.0355780338656498e-06,5.0355780338656498e-06,1.7677341071321729e-06
844,78526,0.99997801110268203,-2.1989139077302022e-05,2.1989139077302022e-05,0.99998487078266129,-1.5129331786467262e-05,1.5129331786467262e-05,6.8598072908347602e-06
845,1396,0.99999964890027382,-3.5109978778052115e-07,3.5109978778052115e-07,0.99999946829289366,-5.3170724765021791e-07,5.3170724765021791e-07,-1.8060745986969676e-07
846,315,0.99999868525246471,-1.314748399621125e-06,1.314748399621125e-06,0.999998578193245,-1.4218077657225329e-06,1.4218077657225329e-06,-1.0705936610140783e-07
847,35148,0.99999748817203271,-2.5118311219246529e-06,2.5118311219246529e-06,0.99999783162058808,-2.1683817628794861e-06,2.1683817628794861e-06,3.4344935904516673e-07
848,32343,0.9999885885804386,-1.1411484672107803e-05,1.1411484672107803e-05,0.99996998883616806,-3.0011614175907941e-05,3.0011614175907941e-05,-1.8600129503800138e-05
849,3233,0.99999858651162565,-1.4134893733274077e-06,1.4134893733274077e-06,0.99999925383689903,-7.4616337936996841e-07,7.4616337936996841e-07,6.6732599395743925e-07
850,11,0.99969107066311047,-0.00030897706538717093,0.00030897706538717093,0.99997271842790714,-2.7281944241744935e-05,2.7281944241744935e-05,0.00028169512114542599
851,719,0.99997147239711859,-2.852800980119353e-05,2.852800980119353e-05,0.99999669011233749,-3.3098931401513474e-06,3.3098931401513474e-06,2.5218116661042183e-05
852,3892,0.99917707308225323,-0.00082326570798185446,0.00082326570798185446,0.99995429371146394,-4.5707333100287087e-05,4.5707333100287087e-05,0.00077755837488156733
853,44583,0.99997889054707612,-2.1109675731542699e-05,2.1109675731542699e-05,0.99996954019887274,-3.0460265036378488e-05,3.0460265036378488e-05,-9.3505893048357886e-06
854,1047,0.99997509165828469,-2.4908651933187423e-05,2.4908651933187423e-05,0.99999707701343676,-2.9229908351267421e-06,2.9229908351267421e-06,2.1985661098060681e-05
855,264,0.99999642187014981,-3.5781362517450036e-06,3.5781362517450036e-06,0.99999898479821259,-1.0152023027152129e-06,1.0152023027152129e-06,2.5629339490297909e-06
856,5199,0.99846608929744507,-0.0015350883479992993,0.0015350883479992993,0.99907338423155545,-0.00092704534222279452,0.00092704534222279452,0.00060804300577650477
857,5536,0.99999906787041382,-9.3213002061137694e-07,9.3213002061137694e-07,0.99999742715119644,-2.5728521133683808e-06,2.5728521133683808e-06,-1.6407220927570038e-06
858,389,0.99998359079600796,-1.640933862449399e-05,1.640933862449399e-05,0.99999515834442754,-4.8416672932658807e-06,4.8416672932658807e-06,1.1567671331228109e-05
859,279,0.99999907861400594,-9.2138641856806164e-07,9.2138641856806164e-07,0.99999883427719438,-1.1657234850754262e-06,1.1657234850754262e-06,-2.4433706650736461e-07
860,5654,0.99999844913545211,-1.5508657504887991e-06,1.5508657504887991e-06,0.99999886300033025,-1.1370003161071473e-06,1.1370003161071473e-06,4.1386543438165181e-07
861,13,0.99475941190123962,-0.0052543681453536785,0.0052543681453536785,0.99921943312404504,-0.00078087167690089432,0.00078087167690089432,0.0044734964684527839
862,578,0.45315073697170649,-0.79153045615207962,0.79153045615207962,0.81660274944430256,-0.20260253316098448,0.20260253316098448,0.58892792299109509
863,1455,0.53444131406043771,-0.62653335050307579,0.62653335050307579,0.86561068646709804,-0.14432002523241946,0.14432002523241946,0.4822133252706563
864,19428,0.99713524634124695,-0.0028688649192253903,0.0028688649192253903,0.99995646051225195,-4.3540435619062645e-05,4.3540435619062645e-05,0.0028253244836063274
865,35148,0.59120427982579493,-0.52559367015615632,0.52559367015615632,0.8140826939089566,-0.20569332857072484,0.20569332857072484,0.31990034158543146
866,32343,0.99998976180149912,-1.0238250911626311e-05,1.0238250911626311e-05,0.99997583065704088,-2.4169635042408533e-05,2.4169635042408533e-05,-1.3931384130782222e-05
867,606,0.99996810977092054,-3.1890737583614622e-05,3.1890737583614622e-05,0.99998133666365441,-1.8663510507786415e-05,1.8663510507786415e-05,1.3227227075828207e-05
868,315,0.99784364032075157,-0.002158687970472585,0.002158687970472585,0.9998741148355057,-0.00012589308869668432,0.00012589308869668432,0.0020327948817759007
869,279,0.99999966264335149,-3.373567053985072e-07,3.373567053985072e-07,0.99999946695841502,-5.3304172702176862e-07,5.3304172702176862e-07,-1.9568502162326142e-07
870,3280,0.99999659353652404,-3.4064692779914001e-06,3.4064692779914001e-06,0.99999946067613243,-5.3932401300871071e-07,5.3932401300871071e-07,2.8671452649826894e-06
871,574,0.99895752484838141,-0.0010430189067731016,0.0010430189067731016,0.99968019088498228,-0.00031986026485847493,0.00031986026485847493,0.00072315864191462671
872,14221,0.99997546276213889,-2.453753890406243e-05,2.453753890406243e-05,0.99998855103720041,-1.1449028339469968e-05,1.1449028339469968e-05,1.3088510564592461e-05
873,78149,0.999998034627535,-1.9653743963343744e-06,1.9653743963343744e-06,0.9999997438146756,-2.5618535719745933e-07,2.5618535719745933e-07,1.7091890391369151e-06
874,11583,0.9999567065062247,-4.3294430965636661e-05,4.3294430965636661e-05,0.99999024407199044,-9.7559755989603965e-06,9.7559755989603965e-06,3.3538455366676268e-05
875,22530,0.99998137031923662,-1.8629854298051768e-05,1.8629854298051768e-05,0.99998050566899377,-1.9494521023157208e-05,1.9494521023157208e-05,-8.646667251054402e-07
876,11,0.9997605702230522,-0.00023945844483284692,0.00023945844483284692,0.9999653798349758,-3.4620764315957201e-05,3.4620764315957201e-05,0.00020483768051688972
877,902,0.34627735441058011,-1.0605152226932626,1.0605152226932626,0.39603744703977883,-0.92624650896671235,0.92624650896671235,0.13426871372655025
878,1047,0.93532622457855885,-0.066859907253473516,0.066859907253473516,0.99789146331735734,-0.002110762775863609,0.002110762775863609,0.064749144477609905
879,264,0.99968928728349593,-0.00031076099770153422,0.00031076099770153422,0.99996807102585905,-3.1929483881488472e-05,3.1929483881488472e-05,0.00027883151382004576
880,8187,0.99964833694010979,-0.00035172490784418929,0.00035172490784418929,0.99995047118173408,-4.9530044858286473e-05,4.9530044858286473e-05,0.00030219486298590283
881,3703,0.99999455735423526,-5.4426605759643371e-06,5.4426605759643371e-06,0.99999940313660207,-5.9686357607555138e-07,5.9686357607555138e-07,4.8457969998887858e-06
882,24264,0.99999634207996979,-3.657926720394717e-06,3.657926720394717e-06,0.99996318577649745,-3.6814901162709725e-05,3.6814901162709725e-05,-3.3156974442315011e-05
883,7410,0.9999990244895568,-9.7551091896309999e-07,9.7551091896309999e-07,0.99999105755809614,-8.942481887780476e-06,8.942481887780476e-06,-7.9669709688173756e-06
884,315,0.99999581288995332,-4.1871188126644789e-06,4.1871188126644789e-06,0.99999784461225516,-2.1553900677133261e-06,2.1553900677133261e-06,2.0317287449511528e-06
885,220,0.99999815979740392,-1.8402042893070704e-06,1.8402042893070704e-06,0.99999951068910697,-4.8931101278840476e-07,4.8931101278840476e-07,1.3508932765186656e-06
886,21056,0.99997745965295892,-2.2540601078510876e-05,2.2540601078510876e-05,0.99999994807491244,-5.192508887944842e-08,5.192508887944842e-08,2.2488675989631427e-05
887,296,0.99992639807897665,-7.360462977768082e-05,7.360462977768082e-05,0.9999971773968851,-2.8226070984170701e-06,2.8226070984170701e-06,7.0782022679263755e-05
888,2308,0.99999872298181514,-1.2770190002817438e-06,1.2770190002817438e-06,0.99999918327857928,-8.1672175422022865e-07,8.1672175422022865e-07,4.6029724606151516e-07
889,320,0.99484521457220776,-0.0051681171687729963,0.0051681171687729963,0.99988311382396899,-0.00011689300775244804,0.00011689300775244804,0.0050512241610205484
890,120751,0.99661071579597338,-0.0033950408386621525,0.0033950408386621525,0.99984807929537711,-0.00015193224574199508,0.00015193224574199508,0.0032431085929201576
891,26,0.99987831782759407,-0.00012168957628208896,0.00012168957628208896,0.9999930274788924,-6.9725454157884164e-06,6.9725454157884164e-06,0.00011471703086630054
892,220,0.99999026988645867,-9.7301608792044556e-06,9.7301608792044556e-06,0.9999704248499246,-2.9575587428814058e-05,2.9575587428814058e-05,-1.9845426549609602e-05
893,1627,0.99999662917951659,-3.370826164631602e-06,3.370826164631602e-06,0.99999965182656236,-3.4817349826044459e-07,3.4817349826044459e-07,3.0226526663711575e-06
894,13,0.99999689790418522,-3.1021006263385928e-06,3.1021006263385928e-06,0.99999835911780144,-1.6408835448241388e-06,1.6408835448241388e-06,1.461217081514454e-06
895,4044,0.99999249415332969,-7.5058748393155133e-06,7.5058748393155133e-06,0.99996248088185702,-3.7519822002694662e-05,3.7519822002694662e-05,-3.001394716337915e-05
896,304,0.99999470603246499,-5.293981548116822e-06,5.293981548116822e-06,0.9999960551036613,-3.9449041197771217e-06,3.9449041197771217e-06,1.3490774283397002e-06
897,39,0.99999446443098006,-5.5355843412785525e-06,5.5355843412785525e-06,0.99999977995185407,-2.2004817012203343e-07,2.2004817012203343e-07,5.3155361711565192e-06
898,70,0.99999977565399456,-2.2434603056716555e-07,2.2434603056716555e-07,0.99999892469357488,-1.0753070032790421e-06,1.0753070032790421e-06,-8.5096097271187653e-07
899,570,0.91936954284734052,-0.084067123364143473,0.084067123364143473,0.92643190038555756,-0.076414737970478028,0.076414737970478028,0.0076523853936654451
900,578,0.75168145307295064,-0.28544264441300166,0.28544264441300166,0.75731467155013499,-0.27797642955189228,0.27797642955189228,0.007466214861109377
901,2853,0.98421575202306499,-0.015910145777843474,0.015910145777843474,0.99848191401779907,-0.0015192394422410512,0.0015192394422410512,0.014390906335602423
902,24013,0.99999786447309635,-2.1355291838650932e-06,2.1355291838650932e-06,0.99999891179728717,-1.088203304899392e-06,1.088203304899392e-06,1.0473258789657012e-06
903,13892,0.99952321454211757,-0.00047689915621007014,0.00047689915621007014,0.99997975454027455,-2.0245664667504422e-05,2.0245664667504422e-05,0.00045665349154256572
904,78149,0.99999928879298694,-7.1120726596959603e-07,7.1120726596959603e-07,0.99999953387071938,-4.6612938925083548e-07,4.6612938925083548e-07,2.4507787671876055e-07
905,315,0.99999014731400804,-9.8527345299610079e-06,9.8527345299610079e-06,0.99999890147813975,-1.0985224635797697e-06,1.0985224635797697e-06,8.754212066381238e-06
906,279,0.99999929819375732,-7.0180648890427557e-07,7.0180648890427557e-07,0.99999838346193459,-1.6165393720501052e-06,1.6165393720501052e-06,-9.147328831458296e-07
907,3280,0.99999780281017103,-2.1971922428325948e-06,2.1971922428325948e-06,0.99999829355939385,-1.7064420620727466e-06,1.7064420620727466e-06,4.907501807598482e-07
908,574,0.99997014924510885,-2.9851200433828879e-05,2.9851200433828879e-05,0.9999921770017427,-7.8230288571537605e-06,7.8230288571537605e-06,2.2028171576675119e-05
909,1101,0.99934226920721303,-0.00065794719257865624,0.00065794719257865624,0.99998303943077904,-1.6960713053031734e-05,1.6960713053031734e-05,0.00064098647952562447
910,14221,0.99999342316189888,-6.5768597286012529e-06,6.5768597286012529e-06,0.99999099433321514,-9.0057073361430312e-06,9.0057073361430312e-06,-2.4288476075417783e-06
911,78149,0.9999996357051476,-3.6429491871144668e-07,3.6429491871144668e-07,0.99999835249287417,-1.6475084829652395e-06,1.6475084829652395e-06,-1.2832135642537928e-06
912,11583,0.999991542865595,-8.4571701667158374e-06,8.4571701667158374e-06,0.99998803852996021,-1.1961541578703922e-05,1.1961541578703922e-05,-3.5043714119880847e-06
913,22530,0.99991133458828874,-8.8669342721195622e-05,8.8669342721195622e-05,0.99970145574294556,-0.00029858883026280086,0.00029858883026280086,-0.00020991948754160524
914,11,0.9869509957027951,-0.01313489052512006,0.01313489052512006,0.99241295936977547,-0.0076159686345026976,0.0076159686345026976,0.0055189218906173624
915,902,0.99933014507997697,-0.00067007937306949865,0.00067007937306949865,0.99989412851556536,-0.00010587708921588298,0.00010587708921588298,0.00056420228385361572
916,9057,0.99998680247940164,-1.319760768645023e-05,1.319760768645023e-05,0.99998807895870312,-1.1921112353015449e-05,1.1921112353015449e-05,1.2764953334347806e-06
917,5199,0.99999722601123031,-2.7739926172344348e-06,2.7739926172344348e-06,0.99999730529368558,-2.694709945100734e-06,2.694709945100734e-06,7.9282672133700826e-08
918,5674,0.99999894477790774,-1.0552226489561105e-06,1.0552226489561105e-06,0.99999306120416565,-6.9388199079521648e-06,6.9388199079521648e-06,-5.8835972589960539e-06
919,323,0.99999833182289033,-1.6681785010339696e-06,1.6681785010339696e-06,0.99999907326952897,-9.267309004825206e-07,9.267309004825206e-07,7.4144760055144904e-07
920,4814,0.99999754551693054,-2.4544860817191845e-06,2.4544860817191845e-06,0.9999967794923299,-3.2205128559450284e-06,3.2205128559450284e-06,-7.6602677422584385e-07
921,315,0.99999843678459222,-1.5632166295620487e-06,1.5632166295620487e-06,0.99999806642302136,-1.9335788479522993e-06,1.9335788479522993e-06,-3.7036221839025057e-07
922,2324,0.99999939406412153,-6.0593606204414687e-07,6.0593606204414687e-07,0.99999687743083587,-3.1225740393100889e-06,3.1225740393100889e-06,-2.5166379772659419e-06
923,304,0.99998803214748744,-1.1967924127877172e-05,1.1967924127877172e-05,0.99999152750763676,-8.4725282549641005e-06,8.4725282549641005e-06,3.4953958729130717e-06
924,4987,0.99998270918393106,-1.7290965556840654e-05,1.7290965556840654e-05,0.99999306394706455,-6.9360769899924294e-06,6.9360769899924294e-06,1.0354888566848225e-05
925,12126,0.99999861616178343,-1.383839174090998e-06,1.383839174090998e-06,0.99999956821545133,-4.3178464185865415e-07,4.3178464185865415e-07,9.5205453223234387e-07
926,13,0.99937552442686139,-0.00062467063922293947,0.00062467063922293947,0.9998662588298417,-0.00013375011430606282,0.00013375011430606282,0.00049092052491687662
927,4815,0.015945806696588169,-4.1385593873515694,4.1385593873515694,0.096648561149754106,-2.336673960663092,2.336673960663092,1.8018854266884774
928,791,0.51798943789804019,-0.65780042708875963,0.65780042708875963,0.35508378639039123,-1.0354014993534859,1.0354014993534859,-0.37760107226472628
929,3280,0.3266702553285814,-1.1188040103462324,1.1188040103462324,0.37862547317297396,-0.97120775992148833,0.97120775992148833,0.14759625042474411
930,574,0.88034119742376138,-0.12744572231036222,0.12744572231036222,0.86705962518937607,-0.14264753272154571,0.14264753272154571,-0.015201810411183486
931,18057,0.43548604870156898,-0.8312925183311447,0.8312925183311447,0.62910497729152393,-0.46345714067219279,0.46345714067219279,0.36783537765895191
932,291,0.99924764766218632,-0.00075263549686623639,0.00075263549686623639,0.99995121990505031,-4.878128473719625e-05,4.878128473719625e-05,0.0007038542121290401
933,555,0.99160814650845253,-0.0084272633360383039,0.0084272633360383039,0.99815956149735074,-0.0018421341904490357,0.0018421341904490357,0.0065851291455892684
934,3892,0.99960838646966976,-0.000391690230934087,0.000391690230934087,0.99999791190645693,-2.0880957231788699e-06,2.0880957231788699e-06,0.00038960213521090813
935,5315,0.99999699566121514,-3.0043432979315152e-06,3.0043432979315152e-06,0.99999834703002233,-1.6529713438843928e-06,1.6529713438843928e-06,1.3513719540471224e-06
936,11,0.99999535453979116,-4.6454709990278438e-06,4.6454709990278438e-06,0.9999993554352975,-6.4456491021452085e-07,6.4456491021452085e-07,4.0009060888133229e-06
937,2737,0.99725038593865833,-0.0027534011937795327,0.0027534011937795327,0.99956171528099946,-0.00043838079382114444,0.00043838079382114444,0.0023150203999583881
938,279,0.9999991196557344,-8.8034465314013636e-07,8.8034465314013636e-07,0.99999931413554333,-6.8586469186943368e-07,6.8586469186943368e-07,1.9447996127070267e-07
939,71343,0.84416849493853474,-0.16940316575853775,0.16940316575853775,0.84241324151877151,-0.1714845994839499,0.1714845994839499,-0.0020814337254121407
940,22620,0.99999839506469146,-1.6049365964582332e-06,1.6049365964582332e-06,0.99999326663324839,-6.7333894208033675e-06,6.7333894208033675e-06,-5.1284528243451347e-06
941,32388,0.9999976309375308,-2.3690652754716468e-06,2.3690652754716468e-06,0.99999519497074929,-4.8050407949026349e-06,4.8050407949026349e-06,-2.435975519430988e-06
942,320,0.99911896846729875,-0.00088141986908990262,0.00088141986908990262,0.99991022112752526,-8.9782902838966784e-05,8.9782902838966784e-05,0.00079163696625093589
943,10155,0.99999951658640251,-4.8341371434267881e-07,4.8341371434267881e-07,0.99999977003150864,-2.299685177647756e-07,2.299685177647756e-07,2.5344519657790318e-07
944,49,0.99999990104938163,-9.895062324008358e-08,9.895062324008358e-08,0.99999998190275996,-1.8097240209183419e-08,1.8097240209183419e-08,8.0853383030900161e-08
945,8,0.99999885208280548,-1.1479178533874315e-06,1.1479178533874315e-06,0.99999643373417824,-3.5662721808785794e-06,3.5662721808785794e-06,-2.4183543274911478e-06
946,73547,0.99999860616896641,-1.3938320049864653e-06,1.3938320049864653e-06,0.99999836232682926,-1.6376745117162758e-06,1.6376745117162758e-06,-2.438425067298105e-07
947,323,0.99986739188005136,-0.00013261691318272879,0.00013261691318272879,0.99999071644912363,-9.2835939688493865e-06,9.2835939688493865e-06,0.00012333331921387942
948,279,0.9999978391738078,-2.1608285267613488e-06,2.1608285267613488e-06,0.99999768952467105,-2.3104779980772597e-06,2.3104779980772597e-06,-1.496494713159109e-07
949,4409,0.99998385206040952,-1.6148069969890428e-05,1.6148069969890428e-05,0.99999499555690685,-5.0044556153615227e-06,5.0044556153615227e-06,1.1143614354528906e-05
950,3907,0.99999934793894041,-6.5206127221512285e-07,6.5206127221512285e-07,0.99999142523563611,-8.5748011273610046e-06,8.5748011273610046e-06,-7.9227398551458809e-06
951,315,0.99999915396383121,-8.4603652666075809e-07,8.4603652666075809e-07,0.99999874686324053,-1.2531375445937389e-06,1.2531375445937389e-06,-4.0710101793298082e-07
952,19730,0.99999702472418961,-2.9752802364923303e-06,2.9752802364923303e-06,0.9999909354689438,-9.0645721393397452e-06,9.0645721393397452e-06,-6.0892919028474149e-06
953,18711,0.99998126790969954,-1.8732265748224827e-05,1.8732265748224827e-05,0.99999873617853818,-1.2638222604707592e-06,1.2638222604707592e-06,1.7468443487754068e-05
954,13,0.98059463952613801,-0.019596116304381763,0.019596116304381763,0.9967938464511541,-0.0032113042714200651,0.0032113042714200651,0.016384812032961698
955,578,0.96003260647776967,-0.040788030016045355,0.040788030016045355,0.9952637394435192,-0.004747512179647217,0.004747512179647217,0.036040517836398139
956,75771,0.97171104887788873,-0.028696793533602209,0.028696793533602209,0.97123825578475576,-0.029183469229494254,0.029183469229494254,-0.00048667569589204429
957,73547,0.99987626160620857,-0.00012374605001805986,0.00012374605001805986,0.9998600276893681,-0.00013998210767000849,0.00013998210767000849,-1.623605765194863e-05
958,11136,0.74364642130991998,-0.29618959728628674,0.29618959728628674,0.72470669688270306,-0.32198826200618569,0.32198826200618569,-0.025798664719898945
959,459,0.98229918835119545,-0.017859344575506288,0.017859344575506288,0.97627894220242306,-0.024006931965586422,0.024006931965586422,-0.0061475873900801344
960,11838,0.99992070054115711,-7.9302603211167438e-05,7.9302603211167438e-05,0.999980784148644,-1.9216035982870672e-05,1.9216035982870672e-05,6.008656722829677e-05
961,2134,0.99989388255012612,-0.00010612308072879112,0.00010612308072879112,0.99998211013790161,-1.7890022123858833e-05,1.7890022123858833e-05,8.8233058604932288e-05
962,18057,0.99999644777096197,-3.5522353471838998e-06,3.5522353471838998e-06,0.99998332439938442,-1.6675739654995969e-05,1.6675739654995969e-05,-1.3123504307812069e-05
963,389,0.99972116466086136,-0.00027887422093978467,0.00027887422093978467,0.99998134926577764,-1.8650908149500153e-05,1.8650908149500153e-05,0.00026022331279028452
964,5587,0.99997460364821567,-2.5396674277133018e-05,2.5396674277133018e-05,0.99994388362144049,-5.611795314238331e-05,5.611795314238331e-05,-3.0721278865250288e-05
965,220,0.9999996929647389,-3.0703530822712765e-07,3.0703530822712765e-07,0.99999951551415367,-4.8448596366823307e-07,4.8448596366823307e-07,-1.7745065544110542e-07
966,20,0.99999633852453618,-3.6614821670872387e-06,3.6614821670872387e-06,0.99999864310756603,-1.356893354581631e-06,1.356893354581631e-06,2.3045888125056079e-06
967,11,0.99999791153009998,-2.0884720808928476e-06,2.0884720808928476e-06,0.99999843003289446,-1.5699683379465598e-06,1.5699683379465598e-06,5.1850374294628786e-07
968,220,0.99999423692510336,-5.7630915032026324e-06,5.7630915032026324e-06,0.99999692250115702,-3.0775035784454765e-06,3.0775035784454765e-06,2.685587924757156e-06
969,1049,0.9999977244488073,-2.2755537818153601e-06,2.2755537818153601e-06,0.99999953408174502,-4.6591836348572831e-07,4.6591836348572831e-07,1.8096354183296317e-06
970,18,0.99999639091672377,-3.6090897890429967e-06,3.6090897890429967e-06,0.99999902603817881,-9.7396229546659152e-07,9.7396229546659152e-07,2.6351274935764052e-06
971,11,0.99998695541691196,-1.3044668169314e-05,1.3044668169314e-05,0.99999763332523373,-2.3666775668768988e-06,2.3666775668768988e-06,1.0677990602437101e-05
972,27401,0.99660979957172202,-0.0033959601792411705,0.0033959601792411705,0.99966993114815161,-0.00033012333656133618,0.00033012333656133618,0.0030658368426798345
973,279,0.99999863638355446,-1.3636173752126559e-06,1.3636173752126559e-06,0.99999856470813897,-1.4352928910149076e-06,1.4352928910149076e-06,-7.1675515802251692e-08
974,29736,0.99999801455314996,-1.9854488209921527e-06,1.9854488209921527e-06,0.99999740214132882,-2.5978620456710026e-06,2.5978620456710026e-06,-6.1241322467884986e-07
975,315,0.99999903417014591,-9.6583032048890044e-07,9.6583032048890044e-07,0.99999903780741073,-9.6219305217820162e-07,9.6219305217820162e-07,3.6372683106988195e-09
976,3221,0.99999610968307551,-3.8903244918421971e-06,3.8903244918421971e-06,0.99999838501590865,-1.6149853953933963e-06,1.6149853953933963e-06,2.2753390964488008e-06
977,78526,0.99997013227822418,-2.9868167825155929e-05,2.9868167825155929e-05,0.9999735873450416,-2.6413003778659198e-05,2.6413003778659198e-05,3.4551640464967304e-06
978,35148,0.99999556482405383,-4.4351857815409062e-06,4.4351857815409062e-06,0.99999738525641335,-2.6147470050590719e-06,2.6147470050590719e-06,1.8204387764818343e-06
979,32343,0.999853054580922,-0.00014695621661389856,0.00014695621661389856,0.99989320241604684,-0.00010680328722118816,0.00010680328722118816,4.0152929392710406e-05
980,606,0.99999979751812618,-2.0248189429109308e-07,2.0248189429109308e-07,0.99999976993363437,-2.3006639211753388e-07,2.3006639211753388e-07,-2.7584497826440802e-08
981,5820,0.99999885028725655,-1.1497134043642586e-06,1.1497134043642586e-06,0.99999587523026101,-4.124778245914309e-06,4.124778245914309e-06,-2.9750648415500504e-06
982,439,0.9974944097399211,-0.0025087345045782675,0.0025087345045782675,0.99936245866370854,-0.00063774465218865604,0.00063774465218865604,0.0018709898523896116
983,264,0.99999880211661119,-1.1978841063146867e-06,1.1978841063146867e-06,0.99999885241225028,-1.1475884081836278e-06,1.1475884081836278e-06,5.0295698131058899e-08
984,1121,0.99999883056399841,-1.1694366853726254e-06,1.1694366853726254e-06,0.99999786757522524,-2.1324270483862351e-06,2.1324270483862351e-06,-9.6299036301360972e-07
985,315,0.99999769839067498,-2.3016119737355086e-06,2.3016119737355086e-06,0.99999739864034065,-2.6013630429434505e-06,2.6013630429434505e-06,-2.9975106920794186e-07
986,28448,0.9999963582038931,-3.6418027382539062e-06,3.6418027382539062e-06,0.99999535195818423,-4.648052617940697e-06,4.648052617940697e-06,-1.0062498796867908e-06
987,21277,0.99997995399499562,-2.0046205928183713e-05,2.0046205928183713e-05,0.99993802561660761,-6.1976303883841651e-05,6.1976303883841651e-05,-4.1930097955657935e-05
988,9581,0.99999703896031578,-2.961044068092877e-06,2.961044068092877e-06,0.99999409214374957,-5.9078737018803069e-06,5.9078737018803069e-06,-2.9468296337874299e-06
989,7479,0.99999775051069251,-2.2494918375589763e-06,2.2494918375589763e-06,0.99999769051684573,-2.3094858211415077e-06,2.3094858211415077e-06,-5.9993983582531391e-08
990,20472,0.99999220934311639,-7.7906872309105404e-06,7.7906872309105404e-06,0.99998716415128652,-1.2835931093654863e-05,1.2835931093654863e-05,-5.0452438627443222e-06
991,13,0.99989834276697998,-0.00010166240046672944,0.00010166240046672944,0.99994838146106335,-5.1619871219258792e-05,5.1619871219258792e-05,5.004252924747065e-05
992,578,0.99806750862112337,-0.0019343610494778447,0.0019343610494778447,0.99925320560942299,-0.0007470733804153017,0.0007470733804153017,0.001187287669062543
993,18057,0.72105603247757122,-0.32703842976875042,0.32703842976875042,0.77031273694068081,-0.26095869472073857,0.26095869472073857,0.066079735048011845
994,16717,0.9998107857702524,-0.0001892321330183619,0.0001892321330183619,0.99986708118132328,-0.00013292765316573937,0.00013292765316573937,5.630447985262253e-05
995,279,0.99998675661199599,-1.3243475698505267e-05,1.3243475698505267e-05,0.99999182532098918,-8.1747124236449865e-06,8.1747124236449865e-06,5.0687632748602806e-06
996,4754,0.99999869959789045,-1.3004029551171583e-06,1.3004029551171583e-06,0.99999666835074252,-3.3316548074071576e-06,3.3316548074071576e-06,-2.0312518522899993e-06
997,369,0.99999748701046198,-2.5129926956189716e-06,2.5129926956189716e-06,0.99999691819174641,-3.0818130024253959e-06,3.0818130024253959e-06,-5.6882030680642421e-07
998,220,0.99999161293728622,-8.3870978853711796e-06,8.3870978853711796e-06,0.9999948645136445,-5.135499542148476e-06,5.135499542148476e-06,3.2515983432227035e-06
999,1627,0.99998469471504947,-1.5305402077546527e-05,1.5305402077546527e-05,0.99999183293891736,-8.1670944332579424e-06,8.1670944332579424e-06,7.1383076442885842e-06
1000,12,0.99990329425266178,-9.671042364044888e-05,9.671042364044888e-05,0.99993903435808862,-6.0967500391682348e-05,6.0967500391682348e-05,3.5742923248766532e-05
1001,1544,0.9999887021859154,-1.1297877905343879e-05,1.1297877905343879e-05,0.99999398009303375,-6.0199250859186013e-06,6.0199250859186013e-06,5.2779528194252776e-06
1002,35148,0.99999568868351885,-4.3113257749512801e-06,4.3113257749512801e-06,0.99999210049119047,-7.8995400108292287e-06,7.8995400108292287e-06,-3.5882142358779487e-06
1003,44583,0.99997527286913901,-2.4727436581526958e-05,2.4727436581526958e-05,0.99995134367545024,-4.8657508307152302e-05,4.8657508307152302e-05,-2.3930071725625344e-05
1004,11,0.99845686096014541,-0.0015443309052031787,0.0015443309052031787,0.99959141923893835,-0.000408664252923733,0.000408664252923733,0.0011356666522794458
1005,7863,0.99997186166478125,-2.8138731109135537e-05,2.8138731109135537e-05,0.99998946395430499,-1.0536101199523464e-05,1.0536101199523464e-05,1.7602629909612073e-05
1006,311,0.9999989050934226,-1.0949071768112607e-06,1.0949071768112607e-06,0.99999814098561624,-1.8590161116956095e-06,1.8590161116956095e-06,-7.641089348843488e-07
1007,279,0.99999501834299465,-4.9816694138556574e-06,4.9816694138556574e-06,0.99999540402375309,-4.5959868084524843e-06,4.5959868084524843e-06,3.8568260540317315e-07
1008,220,0.99999583338811027,-4.1666205701371549e-06,4.1666205701371549e-06,0.99999718068821974,-2.8193157545118438e-06,2.8193157545118438e-06,1.3473048156253111e-06
1009,605,0.9999941842243949,-5.8157925167347213e-06,5.8157925167347213e-06,0.9999972520790934,-2.7479246821207589e-06,2.7479246821207589e-06,3.0678678346139624e-06
1010,12,0.99963666074609081,-0.00036340527760902786,0.00036340527760902786,0.99983379829773322,-0.00016621551530016931,0.00016621551530016931,0.00019718976230885855
1011,323,0.99999744993107675,-2.5500721747185618e-06,2.5500721747185618e-06,0.99999588978839016,-4.1102200568070419e-06,4.1102200568070419e-06,-1.5601478820884802e-06
1012,220,0.99999536478933404,-4.6352214085623984e-06,4.6352214085623984e-06,0.99999347932488403,-6.5206963756185833e-06,6.5206963756185833e-06,-1.8854749670561849e-06
1013,966,0.99999924666965812,-7.533306256773844e-07,7.533306256773844e-07,0.99999993980659474,-6.0193407112313269e-08,6.0193407112313269e-08,6.9313721856507113e-07
1014,4771,0.99998259349870156,-1.7406652793305803e-05,1.7406652793305803e-05,0.9999897349677902,-1.0265084895568854e-05,1.0265084895568854e-05,7.1415678977369486e-06
1015,5578,0.99997507299135446,-2.4927319328618419e-05,2.4927319328618419e-05,0.99997448627975227,-2.551404572819742e-05,2.551404572819742e-05,-5.8672639957900078e-07
1016,315,0.99997394626899849,-2.6054070405827525e-05,2.6054070405827525e-05,0.99999361503636264,-6.3849840213642549e-06,6.3849840213642549e-06,1.966908638446327e-05
1017,220,0.99999633122581266,-3.6687809172524972e-06,3.6687809172524972e-06,0.9999955095610753,-4.4904490067094116e-06,4.4904490067094116e-06,-8.2166808945691443e-07
1018,1544,0.99999668771466199,-3.3122908235911586e-06,3.3122908235911586e-06,0.99999903248230848,-9.6751815961335748e-07,9.6751815961335748e-07,2.3447726639778009e-06
1019,13,0.99999821286263035,-1.7871389666023327e-06,1.7871389666023327e-06,0.99999878355107086,-1.2164496689722374e-06,1.2164496689722374e-06,5.7068929763009524e-07
1020,23,0.99999215843800737,-7.8415927378492325e-06,7.8415927378492325e-06,0.99999374555578946,-6.2544637696054382e-06,6.2544637696054382e-06,1.5871289682437944e-06
1021,323,0.999995715192595,-4.2848165848047017e-06,4.2848165848047017e-06,0.99999708140101196,-2.9186032472148299e-06,2.9186032472148299e-06,1.3662133375898718e-06
1022,220,0.99999768879242179,-2.3112102490880573e-06,2.3112102490880573e-06,0.99998766801409944,-1.2332061940164728e-05,1.2332061940164728e-05,-1.002085169107667e-05
1023,1627,0.99999970368235414,-2.9631768978134674e-07,2.9631768978134674e-07,0.99999996379975675,-3.6200243924502747e-08,3.6200243924502747e-08,2.60117445856844e-07
