token_index,token_id,probability,logprob,nll,reference_probability,reference_logprob,reference_nll,nll_drift
0,791,0.99896274318822853,-0.0010377951349033136,0.0010377951349033136,0.99896274318822853,-0.0010377951349033136,0.0010377951349033136,0
1,220,0.99999382196381315,-6.1780552709892378e-06,6.1780552709892378e-06,0.99999382196381315,-6.1780552709892378e-06,6.1780552709892378e-06,0
2,1049,0.99999999009480345,-9.9051966138284579e-09,9.9051966138284579e-09,0.99999999009480345,-9.9051966138284579e-09,9.9051966138284579e-09,0
3,18,0.99999999173134702,-8.2686530613702664e-09,8.2686530613702664e-09,0.99999999173134702,-8.2686530613702664e-09,8.2686530613702664e-09,0
4,16867,0.99999987541590962,-1.2458409815993418e-07,1.2458409815993418e-07,0.99999987541590962,-1.2458409815993418e-07,1.2458409815993418e-07,0
5,13892,0.99977844510911029,-0.00022157943780025648,0.00022157943780025648,0.99977844510911029,-0.00022157943780025648,0.00022157943780025648,0
6,78149,0.99999941988939967,-5.8011076857878572e-07,5.8011076857878572e-07,0.99999941988939967,-5.8011076857878572e-07,5.8011076857878572e-07,0
7,3280,0.99999981054408604,-1.8945593187045371e-07,1.8945593187045371e-07,0.99999981054408604,-1.8945593187045371e-07,1.8945593187045371e-07,0
8,574,0.99994653941837863,-5.3462010689182453e-05,5.3462010689182453e-05,0.99994653941837863,-5.3462010689182453e-05,5.3462010689182453e-05,0
9,264,0.99988566987061211,-0.00011433666557532979,0.00011433666557532979,0.99988566987061211,-0.00011433666557532979,0.00011433666557532979,0
10,10284,0.97738007760518797,-0.022879677405602119,0.022879677405602119,0.97738007760518797,-0.022879677405602119,0.022879677405602119,0
11,3770,0.99997291651859133,-2.7083848172735369e-05,2.7083848172735369e-05,0.99997291651859133,-2.7083848172735369e-05,2.7083848172735369e-05,0
12,5578,0.95176404320790209,-0.04943812868480655,0.04943812868480655,0.95176404320790209,-0.04943812868480655,0.04943812868480655,0
13,1060,0.99996506472512581,-3.4935885125072828e-05,3.4935885125072828e-05,0.99996506472512581,-3.4935885125072828e-05,3.4935885125072828e-05,0
14,4930,0.78245095777420481,-0.24532403230289584,0.24532403230289584,0.78245095777420481,-0.24532403230289584,0.24532403230289584,0
15,4261,0.99999896174626035,-1.0382542786895611e-06,1.0382542786895611e-06,0.99999896174626035,-1.0382542786895611e-06,1.0382542786895611e-06,0
16,315,0.99992474977972146,-7.5253051718449164e-05,7.5253051718449164e-05,0.99992474977972146,-7.5253051718449164e-05,7.5253051718449164e-05,0
17,35148,0.99999659554917253,-3.4044566225863587e-06,3.4044566225863587e-06,0.99999659554917253,-3.4044566225863587e-06,3.4044566225863587e-06,0
18,44448,0.98215099133417261,-0.01801022345127163,0.01801022345127163,0.98215099133417261,-0.01801022345127163,0.01801022345127163,0
19,86945,0.99975390479337345,-0.0002461254930208727,0.0002461254930208727,0.99975390479337345,-0.0002461254930208727,0.0002461254930208727,0
20,14093,0.99999964300243227,-3.5699763145971884e-07,3.5699763145971884e-07,0.99999964300243227,-3.5699763145971884e-07,3.5699763145971884e-07,0
21,11,0.71386495325712052,-0.33706147562845545,0.33706147562845545,0.71386495325712052,-0.33706147562845545,0.33706147562845545,0
22,449,0.97683078749734364,-0.023441837950422668,0.023441837950422668,0.97683078749734364,-0.023441837950422668,0.023441837950422668,0
23,220,0.84103358062784284,-0.17312369040344169,0.17312369040344169,0.84103358062784284,-0.17312369040344169,0.17312369040344169,0
24,2148,0.99996031536049079,-3.9685426965306694e-05,3.9685426965306694e-05,0.99996031536049079,-3.9685426965306694e-05,3.9685426965306694e-05,0
25,35148,0.99997838757445501,-2.1612659096812852e-05,2.1612659096812852e-05,0.99997838757445501,-2.1612659096812852e-05,2.1612659096812852e-05,0
26,39300,0.99997837878423301,-2.1621449508812065e-05,2.1621449508812065e-05,0.99997837878423301,-2.1621449508812065e-05,2.1621449508812065e-05,0
27,919,0.99999948850362463,-5.1149650623127835e-07,5.1149650623127835e-07,0.99999948850362463,-5.1149650623127835e-07,5.1149650623127835e-07,0
28,11,0.52743234436782571,-0.63973467898016889,0.63973467898016889,0.52743234436782571,-0.63973467898016889,0.63973467898016889,0
29,220,0.97883048779656767,-0.021396799761639961,0.021396799761639961,0.97883048779656767,-0.021396799761639961,0.021396799761639961,0
30,1691,0.99999602179620573,-3.9782117072983323e-06,3.9782117072983323e-06,0.99999602179620573,-3.9782117072983323e-06,3.9782117072983323e-06,0
31,7086,0.99840708723299276,-0.0015941828014307928,0.0015941828014307928,0.99840708723299276,-0.0015941828014307928,0.0015941828014307928,0
32,44583,0.99998831416702672,-1.1685901253193546e-05,1.1685901253193546e-05,0.99998831416702672,-1.1685901253193546e-05,1.1685901253193546e-05,0
33,11,0.99995746095030702,-4.2539954504049903e-05,4.2539954504049903e-05,0.99995746095030702,-4.2539954504049903e-05,4.2539954504049903e-05,0
34,323,0.99999884385176108,-1.1561489072914097e-06,1.1561489072914097e-06,0.99999884385176108,-1.1561489072914097e-06,1.1561489072914097e-06,0
35,220,0.99999919543521532,-8.0456510839283265e-07,8.0456510839283265e-07,0.99999919543521532,-8.0456510839283265e-07,8.0456510839283265e-07,0
36,975,0.9999992236400771,-7.7636022427732654e-07,7.7636022427732654e-07,0.9999992236400771,-7.7636022427732654e-07,7.7636022427732654e-07,0
37,13892,0.99998163029813492,-1.8369870590155532e-05,1.8369870590155532e-05,0.99998163029813492,-1.8369870590155532e-05,1.8369870590155532e-05,0
38,764,0.99999901252637124,-9.8747411631133245e-07,9.8747411631133245e-07,0.99999901252637124,-9.8747411631133245e-07,9.8747411631133245e-07,0
39,29639,0.99999540384500774,-4.5961655546481389e-06,4.5961655546481389e-06,0.99999540384500774,-4.5961655546481389e-06,4.5961655546481389e-06,0
40,13,0.99360540597285507,-0.0064151270237874924,0.0064151270237874924,0.99360540597285507,-0.0064151270237874924,0.0064151270237874924,0
41,578,0.99729071646826062,-0.0027129602827759671,0.0027129602827759671,0.99729071646826062,-0.0027129602827759671,0.0027129602827759671,0
42,3280,0.99987505923608233,-0.00012494856966514136,0.00012494856966514136,0.99987505923608233,-0.00012494856966514136,0.00012494856966514136,0
43,10837,0.71177933730889109,-0.33998733511512202,0.33998733511512202,0.71177933730889109,-0.33998733511512202,0.33998733511512202,0
44,1060,0.73537347193945524,-0.30737678373344407,0.30737678373344407,0.73537347193945524,-0.30737678373344407,0.30737678373344407,0
45,21691,0.99852853507562067,-0.0014725485920743136,0.0014725485920743136,0.99852853507562067,-0.0014725485920743136,0.0014725485920743136,0
46,11,0.99995078647342728,-4.9214737598073629e-05,4.9214737598073629e-05,0.99995078647342728,-4.9214737598073629e-05,4.9214737598073629e-05,0
47,449,0.99973304991448397,-0.00026698572303250189,0.00026698572303250189,0.99973304991448397,-0.00026698572303250189,0.00026698572303250189,0
48,279,0.99539587476911828,-0.0046147568609078557,0.0046147568609078557,0.99539587476911828,-0.0046147568609078557,0.0046147568609078557,0
49,1176,0.99998840509112974,-1.1594976091721762e-05,1.1594976091721762e-05,0.99998840509112974,-1.1594976091721762e-05,1.1594976091721762e-05,0
50,13766,0.99999758409919892,-2.4159037193339521e-06,2.4159037193339521e-06,0.99999758409919892,-2.4159037193339521e-06,2.4159037193339521e-06,0
51,11,0.90186245005629184,-0.10329326494232065,0.10329326494232065,0.90186245005629184,-0.10329326494232065,0.10329326494232065,0
52,816,0.99997854777358564,-2.1452456516645688e-05,2.1452456516645688e-05,0.99997854777358564,-2.1452456516645688e-05,2.1452456516645688e-05,0
53,3852,0.99999951941708232,-4.8058303312983667e-07,4.8058303312983667e-07,0.99999951941708232,-4.8058303312983667e-07,4.8058303312983667e-07,0
54,276,0.99999993070035209,-6.9299650281765066e-08,6.9299650281765066e-08,0.99999993070035209,-6.9299650281765066e-08,6.9299650281765066e-08,0
55,11,0.99999904893430924,-9.5106614299257501e-07,9.5106614299257501e-07,0.99999904893430924,-9.5106614299257501e-07,9.5106614299257501e-07,0
56,11469,0.99994937005338247,-5.0631228356539885e-05,5.0631228356539885e-05,0.99994937005338247,-5.0631228356539885e-05,5.0631228356539885e-05,0
57,9909,0.99277223547572024,-0.0072540113613977436,0.0072540113613977436,0.99277223547572024,-0.0072540113613977436,0.0072540113613977436,0
58,315,0.99999997030858601,-2.9691414441503493e-08,2.9691414441503493e-08,0.99999997030858601,-2.9691414441503493e-08,2.9691414441503493e-08,0
59,279,0.99999979616889312,-2.0383112763071082e-07,2.0383112763071082e-07,0.99999979616889312,-2.0383112763071082e-07,2.0383112763071082e-07,0
60,30508,0.99999403652992391,-5.9634878576768607e-06,5.9634878576768607e-06,0.99999403652992391,-5.9634878576768607e-06,5.9634878576768607e-06,0
61,23028,0.99999981404367022,-1.8595634701707803e-07,1.8595634701707803e-07,0.99999981404367022,-1.8595634701707803e-07,1.8595634701707803e-07,0
62,389,0.99996263490294968,-3.736579514290318e-05,3.736579514290318e-05,0.99996263490294968,-3.736579514290318e-05,3.736579514290318e-05,0
63,6186,0.99999620514628695,-3.7948609134772216e-06,3.7948609134772216e-06,0.99999620514628695,-3.7948609134772216e-06,3.7948609134772216e-06,0
64,220,0.99999983558256045,-1.6441745301395853e-07,1.6441745301395853e-07,0.99999983558256045,-1.6441745301395853e-07,1.6441745301395853e-07,0
65,868,0.99999953288738019,-4.6711272886802126e-07,4.6711272886802126e-07,0.99999953288738019,-4.6711272886802126e-07,4.6711272886802126e-07,0
66,13,0.60227918835892413,-0.50703417314239507,0.50703417314239507,0.60227918835892413,-0.50703417314239507,0.50703417314239507,0
67,578,0.4782118730760701,-0.73770139558343317,0.73770139558343317,0.4782118730760701,-0.73770139558343317,0.73770139558343317,0
68,3280,0.75027035922367058,-0.28732165844381902,0.28732165844381902,0.75027035922367058,-0.28732165844381902,0.28732165844381902,0
69,574,0.63715371846182811,-0.45074433625545446,0.45074433625545446,0.63715371846182811,-0.45074433625545446,0.45074433625545446,0
70,13160,0.54071616642974951,-0.6148607839663367,0.6148607839663367,0.54071616642974951,-0.6148607839663367,0.6148607839663367,0
71,555,0.99999971037797986,-2.896220621366517e-07,2.896220621366517e-07,0.99999971037797986,-2.896220621366517e-07,2.896220621366517e-07,0
72,3892,0.98608976203301035,-0.014007891978441158,0.014007891978441158,0.98608976203301035,-0.014007891978441158,0.014007891978441158,0
73,5199,0.85952825379748166,-0.15137158233479178,0.15137158233479178,0.85952825379748166,-0.15137158233479178,0.15137158233479178,0
74,44583,0.94167087716657294,-0.060099452752367638,0.060099452752367638,0.94167087716657294,-0.060099452752367638,0.060099452752367638,0
75,11,0.99996553516802633,-3.4465425899637466e-05,3.4465425899637466e-05,0.99996553516802633,-3.4465425899637466e-05,3.4465425899637466e-05,0
76,2737,0.99999382544093984,-6.1745781228019591e-06,6.1745781228019591e-06,0.99999382544093984,-6.1745781228019591e-06,6.1745781228019591e-06,0
77,14221,0.81118436681726636,-0.20925991800588689,0.20925991800588689,0.81118436681726636,-0.20925991800588689,0.20925991800588689,0
78,78149,0.99990167371173644,-9.8331122609964083e-05,9.8331122609964083e-05,0.99990167371173644,-9.8331122609964083e-05,9.8331122609964083e-05,0
79,735,0.90284972852967726,-0.10219915300182647,0.10219915300182647,0.90284972852967726,-0.10219915300182647,0.10219915300182647,0
80,9832,0.99999968783977411,-3.1216027464598121e-07,3.1216027464598121e-07,0.99999968783977411,-3.1216027464598121e-07,3.1216027464598121e-07,0
81,9008,0.99999983974643947,-1.6025357333827773e-07,1.6025357333827773e-07,0.99999983974643947,-1.6025357333827773e-07,1.6025357333827773e-07,0
82,11,0.99998805723919548,-1.1942832119854231e-05,1.1942832119854231e-05,0.99998805723919548,-1.1942832119854231e-05,1.1942832119854231e-05,0
83,902,0.98821255843088107,-0.011857464261356648,0.011857464261356648,0.98821255843088107,-0.011857464261356648,0.011857464261356648,0
84,6244,0.99684064341102596,-0.0031643578927148248,0.0031643578927148248,0.99684064341102596,-0.0031643578927148248,0.0031643578927148248,0
85,832,0.99999522996424051,-4.7700471361555779e-06,4.7700471361555779e-06,0.99999522996424051,-4.7700471361555779e-06,4.7700471361555779e-06,0
86,315,0.99999913502125259,-8.649791214905128e-07,8.649791214905128e-07,0.99999913502125259,-8.649791214905128e-07,8.649791214905128e-07,0
87,279,0.99999963137447567,-3.6862559227624686e-07,3.6862559227624686e-07,0.99999963137447567,-3.6862559227624686e-07,3.6862559227624686e-07,0
88,22807,0.99999911801999686,-8.8198039213077713e-07,8.8198039213077713e-07,0.99999911801999686,-8.8198039213077713e-07,8.8198039213077713e-07,0
89,65265,0.97722987309087794,-0.023033369976902345,0.023033369976902345,0.97722987309087794,-0.023033369976902345,0.023033369976902345,0
90,16867,0.99998776330376493,-1.2236771104034376e-05,1.2236771104034376e-05,0.99998776330376493,-1.2236771104034376e-05,1.2236771104034376e-05,0
91,13892,0.99999755197244033,-2.448030556108618e-06,2.448030556108618e-06,0.99999755197244033,-2.448030556108618e-06,2.448030556108618e-06,0
92,764,0.99999924461832523,-7.5538196011990778e-07,7.5538196011990778e-07,0.99999924461832523,-7.5538196011990778e-07,7.5538196011990778e-07,0
93,29639,0.99998970613568583,-1.0293917296303365e-05,1.0293917296303365e-05,0.99998970613568583,-1.0293917296303365e-05,1.0293917296303365e-05,0
94,304,0.9999541114955961,-4.588955731355315e-05,4.588955731355315e-05,0.9999541114955961,-4.588955731355315e-05,4.588955731355315e-05,0
95,3925,0.99999711705167005,-2.8829524857030692e-06,2.8829524857030692e-06,0.99999711705167005,-2.8829524857030692e-06,2.8829524857030692e-06,0
96,323,0.57137266897447925,-0.55971362201568153,0.55971362201568153,0.57137266897447925,-0.55971362201568153,0.55971362201568153,0
97,63260,0.87034832004541329,-0.1388617795910457,0.1388617795910457,0.87034832004541329,-0.1388617795910457,0.1388617795910457,0
98,11323,0.9988289851282286,-0.001171701045418346,0.001171701045418346,0.9988289851282286,-0.001171701045418346,0.001171701045418346,0
99,266,0.9999959181990723,-4.0818092582243476e-06,4.0818092582243476e-06,0.9999959181990723,-4.0818092582243476e-06,4.0818092582243476e-06,0
100,5848,0.99999353511559952,-6.4649052979477034e-06,6.4649052979477034e-06,0.99999353511559952,-6.4649052979477034e-06,6.4649052979477034e-06,0
101,7576,0.99999904204266943,-9.5795778944044385e-07,9.5795778944044385e-07,0.99999904204266943,-9.5795778944044385e-07,9.5795778944044385e-07,0
102,369,0.99996217499985363,-3.7825715529689343e-05,3.7825715529689343e-05,0.99996217499985363,-3.7825715529689343e-05,3.7825715529689343e-05,0
103,1202,0.99999813770965473,-1.8622920793146839e-06,1.8622920793146839e-06,0.99999813770965473,-1.8622920793146839e-06,1.8622920793146839e-06,0
104,57899,0.99955514370262244,-0.00044495527529522853,0.00044495527529522853,0.99955514370262244,-0.00044495527529522853,0.00044495527529522853,0
105,4216,0.99999822151919138,-1.7784823901476267e-06,1.7784823901476267e-06,0.99999822151919138,-1.7784823901476267e-06,1.7784823901476267e-06,0
106,25949,0.99998689860874945,-1.3101477074517004e-05,1.3101477074517004e-05,0.99998689860874945,-1.3101477074517004e-05,1.3101477074517004e-05,0
107,13,0.86199836408486241,-0.14850190613362946,0.14850190613362946,0.86199836408486241,-0.14850190613362946,0.14850190613362946,0
108,14221,0.99200682894962322,-0.0080252876991614222,0.0080252876991614222,0.99200682894962322,-0.0080252876991614222,0.0080252876991614222,0
109,78149,0.99998153340690143,-1.8466763608158634e-05,1.8466763608158634e-05,0.99998153340690143,-1.8466763608158634e-05,1.8466763608158634e-05,0
110,2417,0.99946960374969052,-0.00053053696015753938,0.00053053696015753938,0.99946960374969052,-0.00053053696015753938,0.00053053696015753938,0
111,65,0.99999970519287318,-2.9480717029644156e-07,2.9480717029644156e-07,0.99999970519287318,-2.9480717029644156e-07,2.9480717029644156e-07,0
112,7835,0.99962313299653505,-0.00037693803568108694,0.00037693803568108694,0.99962313299653505,-0.00037693803568108694,0.00037693803568108694,0
113,9057,0.97100212209596404,-0.029426625218469095,0.029426625218469095,0.97100212209596404,-0.029426625218469095,0.029426625218469095,0
114,3892,0.9996475724497248,-0.00035248966745931784,0.00035248966745931784,0.9996475724497248,-0.00035248966745931784,0.00035248966745931784,0
115,16779,0.99999852192864158,-1.4780724507656207e-06,1.4780724507656207e-06,0.99999852192864158,-1.4780724507656207e-06,1.4780724507656207e-06,0
116,323,0.99999981540210248,-1.8459791456910378e-07,1.8459791456910378e-07,0.99999981540210248,-1.8459791456910378e-07,1.8459791456910378e-07,0
117,16781,0.99999598763998931,-4.0123680602481558e-06,4.0123680602481558e-06,0.99999598763998931,-4.0123680602481558e-06,4.0123680602481558e-06,0
118,5674,0.99998859712983701,-1.140293517615663e-05,1.140293517615663e-05,0.99998859712983701,-1.140293517615663e-05,1.140293517615663e-05,0
119,4028,0.99992217378380455,-7.7829244812570487e-05,7.7829244812570487e-05,0.99992217378380455,-7.7829244812570487e-05,7.7829244812570487e-05,0
120,279,0.99999961362480649,-3.8637526818832421e-07,3.8637526818832421e-07,0.99999961362480649,-3.8637526818832421e-07,3.8637526818832421e-07,0
121,26363,0.99999767211780721,-2.3278849022598776e-06,2.3278849022598776e-06,0.99999767211780721,-2.3278849022598776e-06,2.3278849022598776e-06,0
122,323,0.99999962589731617,-3.7410275385376959e-07,3.7410275385376959e-07,0.99999962589731617,-3.7410275385376959e-07,3.7410275385376959e-07,0
123,5734,0.99999733256041912,-2.6674431385621767e-06,2.6674431385621767e-06,0.99999733256041912,-2.6674431385621767e-06,2.6674431385621767e-06,0
124,11,0.95889249249011355,-0.041976314147014943,0.041976314147014943,0.95889249249011355,-0.041976314147014943,0.041976314147014943,0
125,1418,0.99868597200598797,-0.0013148920858400202,0.0013148920858400202,0.99868597200598797,-0.0013148920858400202,0.0013148920858400202,0
126,14221,0.99997861177014802,-2.138845858344686e-05,2.138845858344686e-05,0.99997861177014802,-2.138845858344686e-05,2.138845858344686e-05,0
127,78149,0.99999988513598403,-1.1486402258016987e-07,1.1486402258016987e-07,0.99999988513598403,-1.1486402258016987e-07,1.1486402258016987e-07,0
128,11583,0.99999246962813004,-7.5304002233946043e-06,7.5304002233946043e-06,0.99999246962813004,-7.5304002233946043e-06,7.5304002233946043e-06,0
129,22530,0.99997753001378875,-2.247023866521301e-05,2.247023866521301e-05,0.99997753001378875,-2.247023866521301e-05,2.247023866521301e-05,0
130,6244,0.9941548291224056,-0.0058623207508359245,0.0058623207508359245,0.9941548291224056,-0.0058623207508359245,0.0058623207508359245,0
131,832,0.99996177424946742,-3.8226481155230367e-05,3.8226481155230367e-05,0.99996177424946742,-3.8226481155230367e-05,3.8226481155230367e-05,0
132,315,0.99999946347259094,-5.3652755300619463e-07,5.3652755300619463e-07,0.99999946347259094,-5.3652755300619463e-07,5.3652755300619463e-07,0
133,279,0.9999996220126034,-3.7798746805320435e-07,3.7798746805320435e-07,0.9999996220126034,-3.7798746805320435e-07,3.7798746805320435e-07,0
134,2853,0.99998677807173753,-1.3222015672952775e-05,1.3222015672952775e-05,0.99998677807173753,-1.3222015672952775e-05,1.3222015672952775e-05,0
135,24013,0.99999829731626899,-1.702685180564719e-06,1.702685180564719e-06,0.99999829731626899,-1.702685180564719e-06,1.702685180564719e-06,0
136,13892,0.99999322568343862,-6.774339507109534e-06,6.774339507109534e-06,0.99999322568343862,-6.774339507109534e-06,6.774339507109534e-06,0
137,764,0.99999947010172618,-5.2989841419476789e-07,5.2989841419476789e-07,0.99999947010172618,-5.2989841419476789e-07,5.2989841419476789e-07,0
138,29639,0.99999946922783933,-5.3077230158228609e-07,5.3077230158228609e-07,0.99999946922783933,-5.3077230158228609e-07,5.3077230158228609e-07,0
139,304,0.99999928737297505,-7.1262727884292073e-07,7.1262727884292073e-07,0.99999928737297505,-7.1262727884292073e-07,7.1262727884292073e-07,0
140,12715,0.9999994772433608,-5.2275677578707975e-07,5.2275677578707975e-07,0.9999994772433608,-5.2275677578707975e-07,5.2275677578707975e-07,0
141,3925,0.99999729662512238,-2.703378531755802e-06,2.703378531755802e-06,0.99999729662512238,-2.703378531755802e-06,2.703378531755802e-06,0
142,1306,0.99994049681485631,-5.9504955528443992e-05,5.9504955528443992e-05,0.99994049681485631,-5.9504955528443992e-05,5.9504955528443992e-05,0
143,21933,0.99998615916375622,-1.3840932029067378e-05,1.3840932029067378e-05,0.99998615916375622,-1.3840932029067378e-05,1.3840932029067378e-05,0
144,4987,0.9999980848301423,-1.9151716916037903e-06,1.9151716916037903e-06,0.9999980848301423,-1.9151716916037903e-06,1.9151716916037903e-06,0
145,12126,0.99999933731807478,-6.6268214474246392e-07,6.6268214474246392e-07,0.99999933731807478,-6.6268214474246392e-07,6.6268214474246392e-07,0
146,13,0.77373648193488875,-0.25652392597938756,0.25652392597938756,0.77373648193488875,-0.25652392597938756,0.25652392597938756,0
147,578,0.96186172043788809,-0.03888458039682291,0.03888458039682291,0.96186172043788809,-0.03888458039682291,0.03888458039682291,0
148,3280,0.99995152607518867,-4.8475099710027337e-05,4.8475099710027337e-05,0.99995152607518867,-4.8475099710027337e-05,4.8475099710027337e-05,0
149,8036,0.99716094039452052,-0.0028430973793325126,0.0028430973793325126,0.99716094039452052,-0.0028430973793325126,0.0028430973793325126,0
150,449,0.99999691805495328,-3.0819497959133471e-06,3.0819497959133471e-06,0.99999691805495328,-3.0819497959133471e-06,3.0819497959133471e-06,0
151,279,0.99999001534257304,-9.9847072739729358e-06,9.9847072739729358e-06,0.99999001534257304,-9.9847072739729358e-06,9.9847072739729358e-06,0
152,14091,0.99999527121808951,-4.728793091176553e-06,4.728793091176553e-06,0.99999527121808951,-4.728793091176553e-06,4.728793091176553e-06,0
153,49686,0.99999886323844767,-1.1367621984080727e-06,1.1367621984080727e-06,0.99999886323844767,-1.1367621984080727e-06,1.1367621984080727e-06,0
154,315,0.99999929768950102,-7.0231074563079343e-07,7.0231074563079343e-07,0.99999929768950102,-7.0231074563079343e-07,7.0231074563079343e-07,0
155,264,0.99999923422755232,-7.6577274089084302e-07,7.6577274089084302e-07,0.99999923422755232,-7.6577274089084302e-07,7.6577274089084302e-07,0
156,35148,0.99999852019795732,-1.4798031375756352e-06,1.4798031375756352e-06,0.99999852019795732,-1.4798031375756352e-06,1.4798031375756352e-06,0
157,18710,0.99999582093907391,-4.1790696583521143e-06,4.1790696583521143e-06,0.99999582093907391,-4.1790696583521143e-06,4.1790696583521143e-06,0
158,11226,0.99999841340514806,-1.5865961106187572e-06,1.5865961106187572e-06,0.99999841340514806,-1.5865961106187572e-06,1.5865961106187572e-06,0
159,315,0.99999968555701046,-3.1444303901885581e-07,3.1444303901885581e-07,0.99999968555701046,-3.1444303901885581e-07,3.1444303901885581e-07,0
160,279,0.99999979133806072,-2.0866196103354011e-07,2.0866196103354011e-07,0.99999979133806072,-2.0866196103354011e-07,2.0866196103354011e-07,0
161,26363,0.99999748602640093,-2.5139767590853861e-06,2.5139767590853861e-06,0.99999748602640093,-2.5139767590853861e-06,2.5139767590853861e-06,0
162,389,0.99999934272798641,-6.5727222957767488e-07,6.5727222957767488e-07,0.99999934272798641,-6.5727222957767488e-07,6.5727222957767488e-07,0
163,6790,0.99999443566151702,-5.5643539639418282e-06,5.5643539639418282e-06,0.99999443566151702,-5.5643539639418282e-06,5.5643539639418282e-06,0
164,220,0.99999914415236635,-8.5584799993891048e-07,8.5584799993891048e-07,0.99999914415236635,-8.5584799993891048e-07,8.5584799993891048e-07,0
165,1544,0.99999984742780357,-1.5257220810793141e-07,1.5257220810793141e-07,0.99999984742780357,-1.5257220810793141e-07,1.5257220810793141e-07,0
166,382,0.99675150765899567,-0.0032537801469526072,0.0032537801469526072,0.99675150765899567,-0.0032537801469526072,0.0032537801469526072,0
167,791,0.65760763749857987,-0.41914682110660778,0.41914682110660778,0.65760763749857987,-0.41914682110660778,0.41914682110660778,0
168,7036,0.4290275860825547,-0.84623405889874548,0.84623405889874548,0.4290275860825547,-0.84623405889874548,0.84623405889874548,0
169,315,0.99999993888276473,-6.1117237179789549e-08,6.1117237179789549e-08,0.99999993888276473,-6.1117237179789549e-08,6.1117237179789549e-08,0
170,420,0.99402448258661102,-0.0059934422600615737,0.0059934422600615737,0.99402448258661102,-0.0059934422600615737,0.0059934422600615737,0
171,4652,0.99999961491465594,-3.8508541823718719e-07,3.8508541823718719e-07,0.99999961491465594,-3.8508541823718719e-07,3.8508541823718719e-07,0
172,374,0.99998041846791019,-1.9581723810545542e-05,1.9581723810545542e-05,0.99998041846791019,-1.9581723810545542e-05,1.9581723810545542e-05,0
173,7347,0.99999893932070327,-1.0606798591950617e-06,1.0606798591950617e-06,0.99999893932070327,-1.0606798591950617e-06,1.0606798591950617e-06,0
174,311,0.99999997127319318,-2.8726807186740468e-08,2.8726807186740468e-08,0.99999997127319318,-2.8726807186740468e-08,2.8726807186740468e-08,0
175,279,0.99999924856809663,-7.5143218570165582e-07,7.5143218570165582e-07,0.99999924856809663,-7.5143218570165582e-07,7.5143218570165582e-07,0
176,16867,0.99999872193161277,-1.2780692039741094e-06,1.2780692039741094e-06,0.99999872193161277,-1.2780692039741094e-06,1.2780692039741094e-06,0
177,22302,0.99999611072972761,-3.889277835599515e-06,3.889277835599515e-06,0.99999611072972761,-3.889277835599515e-06,3.889277835599515e-06,0
178,11,0.99985976448926339,-0.00014024534465523588,0.00014024534465523588,0.99985976448926339,-0.00014024534465523588,0.00014024534465523588,0
179,10411,0.99999844157614515,-1.5584250692316292e-06,1.5584250692316292e-06,0.99999844157614515,-1.5584250692316292e-06,1.5584250692316292e-06,0
180,315,0.99999996366210153,-3.6337899140065767e-08,3.6337899140065767e-08,0.99999996366210153,-3.6337899140065767e-08,3.6337899140065767e-08,0
181,279,0.9999998283139202,-1.7168609459121371e-07,1.7168609459121371e-07,0.9999998283139202,-1.7168609459121371e-07,1.7168609459121371e-07,0
182,3312,0.99999732291305421,-2.6770905292030279e-06,2.6770905292030279e-06,0.99999732291305421,-2.6770905292030279e-06,2.6770905292030279e-06,0
183,859,0.99999994033462225,-5.9665379522330792e-08,5.9665379522330792e-08,0.99999994033462225,-5.9665379522330792e-08,5.9665379522330792e-08,0
184,323,0.99595422579877046,-0.0040539804870045612,0.0040539804870045612,0.99595422579877046,-0.0040539804870045612,0.0040539804870045612,0
185,9909,0.99999468035912398,-5.3196550253293813e-06,5.3196550253293813e-06,0.99999468035912398,-5.3196550253293813e-06,5.3196550253293813e-06,0
186,315,0.99999978491921115,-2.1508081201211021e-07,2.1508081201211021e-07,0.99999978491921115,-2.1508081201211021e-07,2.1508081201211021e-07,0
187,279,0.99999956589265027,-4.341074439140116e-07,4.341074439140116e-07,0.99999956589265027,-4.341074439140116e-07,4.341074439140116e-07,0
188,7327,0.99999779402405697,-2.205978376183436e-06,2.205978376183436e-06,0.99999779402405697,-2.205978376183436e-06,2.205978376183436e-06,0
189,2696,0.99999496831003809,-5.0317026209537136e-06,5.0317026209537136e-06,0.99999496831003809,-5.0317026209537136e-06,5.0317026209537136e-06,0
190,7228,0.9999984738712655,-1.5261298989860132e-06,1.5261298989860132e-06,0.9999984738712655,-1.5261298989860132e-06,1.5261298989860132e-06,0
191,13,0.99918664249917366,-0.00081368845550686109,0.00081368845550686109,0.99918664249917366,-0.00081368845550686109,0.00081368845550686109,0
192,22620,0.98861727069683036,-0.011448008408717921,0.011448008408717921,0.98861727069683036,-0.011448008408717921,0.011448008408717921,0
193,82,0.9999997355296435,-2.6447039147531902e-07,2.6447039147531902e-07,0.9999997355296435,-2.6447039147531902e-07,2.6447039147531902e-07,0
194,430,0.99998121341006851,-1.8786766401648443e-05,1.8786766401648443e-05,0.99998121341006851,-1.8786766401648443e-05,1.8786766401648443e-05,0
195,1376,0.99985458007752226,-0.0001454304969798586,0.0001454304969798586,0.99985458007752226,-0.0001454304969798586,0.0001454304969798586,0
196,11226,0.99999376651437466,-6.2335050535914951e-06,6.2335050535914951e-06,0.99999376651437466,-6.2335050535914951e-06,6.2335050535914951e-06,0
197,315,0.99999985437806138,-1.4562194922105067e-07,1.4562194922105067e-07,0.99999985437806138,-1.4562194922105067e-07,1.4562194922105067e-07,0
198,279,0.99999951863923153,-4.813608843166522e-07,4.813608843166522e-07,0.99999951863923153,-4.813608843166522e-07,4.813608843166522e-07,0
199,2457,0.99996227296972817,-3.7727741954144228e-05,3.7727741954144228e-05,0.99996227296972817,-3.7727741954144228e-05,3.7727741954144228e-05,0
200,1584,0.99999956861553407,-4.3138455895354539e-07,4.3138455895354539e-07,0.99999956861553407,-4.3138455895354539e-07,4.3138455895354539e-07,0
201,323,0.99998357522167036,-1.6424913217767913e-05,1.6424913217767913e-05,0.99998357522167036,-1.6424913217767913e-05,1.6424913217767913e-05,0
202,10411,0.99999397485158348,-6.0251665677969393e-06,6.0251665677969393e-06,0.99999397485158348,-6.0251665677969393e-06,6.0251665677969393e-06,0
203,315,0.9999990459342839,-9.5406617124726956e-07,9.5406617124726956e-07,0.9999990459342839,-9.5406617124726956e-07,9.5406617124726956e-07,0
204,279,0.99999546255920602,-4.5374510881566484e-06,4.5374510881566484e-06,0.99999546255920602,-4.5374510881566484e-06,4.5374510881566484e-06,0
205,3312,0.99999729297542073,-2.7070282432965553e-06,2.7070282432965553e-06,0.99999729297542073,-2.7070282432965553e-06,2.7070282432965553e-06,0
206,859,0.99999535305827225,-4.6469525248186648e-06,4.6469525248186648e-06,0.99999535305827225,-4.6469525248186648e-06,4.6469525248186648e-06,0
207,527,0.9999966449096126,-3.3550960157237858e-06,3.3550960157237858e-06,0.9999966449096126,-3.3550960157237858e-06,3.3550960157237858e-06,0
208,2663,0.99986859898792413,-0.00013140964594520566,0.00013140964594520566,0.99986859898792413,-0.00013140964594520566,0.00013140964594520566,0
209,90127,0.99996707696210752,-3.2923579867623546e-05,3.2923579867623546e-05,0.99996707696210752,-3.2923579867623546e-05,3.2923579867623546e-05,0
210,26,0.96658638206938285,-0.033984608156448236,0.033984608156448236,0.96658638206938285,-0.033984608156448236,0.033984608156448236,0
211,1518,0.99993516096330604,-6.4841138835178839e-05,6.4841138835178839e-05,0.99993516096330604,-6.4841138835178839e-05,6.4841138835178839e-05,0
212,220,0.99989120182954494,-0.00010880408940531401,0.00010880408940531401,0.99989120182954494,-0.00010880408940531401,0.00010880408940531401,0
213,1049,0.99999878214691351,-1.2178538280508053e-06,1.2178538280508053e-06,0.99999878214691351,-1.2178538280508053e-06,1.2178538280508053e-06,0
214,18,0.99999989603151074,-1.0396849462674639e-07,1.0396849462674639e-07,0.99999989603151074,-1.0396849462674639e-07,1.0396849462674639e-07,0
215,16867,0.9999972877367167,-2.7122669614382766e-06,2.7122669614382766e-06,0.9999972877367167,-2.7122669614382766e-06,2.7122669614382766e-06,0
216,49784,0.99998311945021412,-1.6880692263917097e-05,1.6880692263917097e-05,0.99998311945021412,-1.6880692263917097e-05,1.6880692263917097e-05,0
217,3280,0.99999778387829741,-2.2161241581693935e-06,2.2161241581693935e-06,0.99999778387829741,-2.2161241581693935e-06,2.2161241581693935e-06,0
218,13,0.96094127626919545,-0.039841978778847854,0.039841978778847854,0.96094127626919545,-0.039841978778847854,0.039841978778847854,0
219,71343,0.99835551852382309,-0.0016458351200713806,0.0016458351200713806,0.99835551852382309,-0.0016458351200713806,0.0016458351200713806,0
220,22620,0.95366793676025952,-0.047439742800681334,0.047439742800681334,0.95366793676025952,-0.047439742800681334,0.047439742800681334,0
221,82,0.99999953555101995,-4.644490879129953e-07,4.644490879129953e-07,0.99999953555101995,-4.644490879129953e-07,4.644490879129953e-07,0
222,14454,0.99996934864855314,-3.0651821209109938e-05,3.0651821209109938e-05,0.99996934864855314,-3.0651821209109938e-05,3.0651821209109938e-05,0
223,304,0.99999808953123581,-1.9104705890960846e-06,1.9104705890960846e-06,0.99999808953123581,-1.9104705890960846e-06,1.9104705890960846e-06,0
224,279,0.99999636872320175,-3.6312833913672941e-06,3.6312833913672941e-06,0.99999636872320175,-3.6312833913672941e-06,3.6312833913672941e-06,0
225,4553,0.9999961471932588,-3.8528141632281623e-06,3.8528141632281623e-06,0.9999961471932588,-3.8528141632281623e-06,3.8528141632281623e-06,0
226,9909,0.99987174996081829,-0.00012825826392124867,0.00012825826392124867,0.99987174996081829,-0.00012825826392124867,0.00012825826392124867,0
227,16867,0.99999490531095281,-5.0947020251901713e-06,5.0947020251901713e-06,0.99999490531095281,-5.0947020251901713e-06,5.0947020251901713e-06,0
228,58309,0.99995639954316007,-4.3601407367490081e-05,4.3601407367490081e-05,0.99995639954316007,-4.3601407367490081e-05,4.3601407367490081e-05,0
229,527,0.99999315953739332,-6.8404860027421675e-06,6.8404860027421675e-06,0.99999315953739332,-6.8404860027421675e-06,6.8404860027421675e-06,0
230,12893,0.99998012637719302,-1.9873820290025915e-05,1.9873820290025915e-05,0.99998012637719302,-1.9873820290025915e-05,1.9873820290025915e-05,0
231,264,0.99999910050139418,-8.9949901040313097e-07,8.9949901040313097e-07,0.99999910050139418,-8.9949901040313097e-07,8.9949901040313097e-07,0
232,836,0.99999785663684182,-2.1433654551626759e-06,2.1433654551626759e-06,0.99999785663684182,-2.1433654551626759e-06,2.1433654551626759e-06,0
233,555,0.99999937182423748,-6.2817595978887176e-07,6.2817595978887176e-07,0.99999937182423748,-6.2817595978887176e-07,6.2817595978887176e-07,0
234,279,0.99999841854112181,-1.5814601286766275e-06,1.5814601286766275e-06,0.99999841854112181,-1.5814601286766275e-06,1.5814601286766275e-06,0
235,27286,0.99999912873765429,-8.7126272522411128e-07,8.7126272522411128e-07,0.99999912873765429,-8.7126272522411128e-07,8.7126272522411128e-07,0
236,14221,0.99999573909897232,-4.2609101053508113e-06,4.2609101053508113e-06,0.99999573909897232,-4.2609101053508113e-06,4.2609101053508113e-06,0
237,78149,0.99999883009321278,-1.169907471564883e-06,1.169907471564883e-06,0.99999883009321278,-1.169907471564883e-06,1.169907471564883e-06,0
238,5955,0.99999794691784005,-2.053084267552183e-06,2.053084267552183e-06,0.99999794691784005,-2.053084267552183e-06,2.053084267552183e-06,0
239,13,0.98561835726596425,-0.014486060903561485,0.014486060903561485,0.98561835726596425,-0.014486060903561485,0.014486060903561485,0
240,71343,0.99956575456570829,-0.00043433974614428048,0.00043433974614428048,0.99956575456570829,-0.00043433974614428048,0.00043433974614428048,0
241,39300,0.99991104199831804,-8.8961958679616409e-05,8.8961958679616409e-05,0.99991104199831804,-8.8961958679616409e-05,8.8961958679616409e-05,0
242,919,0.99999991646371911,-8.3536284397887201e-08,8.3536284397887201e-08,0.99999991646371911,-8.3536284397887201e-08,8.3536284397887201e-08,0
243,304,0.99999033008570393,-9.6699610500503473e-06,9.6699610500503473e-06,0.99999033008570393,-9.6699610500503473e-06,9.6699610500503473e-06,0
244,420,0.99999415103519573,-5.8489819095732852e-06,5.8489819095732852e-06,0.99999415103519573,-5.8489819095732852e-06,5.8489819095732852e-06,0
245,58309,0.99998383206902086,-1.6168061681554807e-05,1.6168061681554807e-05,0.99998383206902086,-1.6168061681554807e-05,1.6168061681554807e-05,0
246,41223,0.99999358829390128,-6.4117266537820562e-06,6.4117266537820562e-06,0.99999358829390128,-6.4117266537820562e-06,6.4117266537820562e-06,0
247,555,0.9999995710435835,-4.2895650846041512e-07,4.2895650846041512e-07,0.9999995710435835,-4.2895650846041512e-07,4.2895650846041512e-07,0
248,279,0.99999817610360886,-1.8238980543980707e-06,1.8238980543980707e-06,0.99999817610360886,-1.8238980543980707e-06,1.8238980543980707e-06,0
249,30833,0.99997808561232882,-2.1914627794925028e-05,2.1914627794925028e-05,0.99997808561232882,-2.1914627794925028e-05,2.1914627794925028e-05,0
250,14221,0.99998946628825991,-1.0533767220010813e-05,1.0533767220010813e-05,0.99998946628825991,-1.0533767220010813e-05,1.0533767220010813e-05,0
251,78149,0.99999433137932603,-5.668636740626331e-06,5.668636740626331e-06,0.99999433137932603,-5.668636740626331e-06,5.668636740626331e-06,0
252,27956,0.99994411159525254,-5.5889966562602017e-05,5.5889966562602017e-05,0.99994411159525254,-5.5889966562602017e-05,5.5889966562602017e-05,0
253,5955,0.9999965403991582,-3.4596068262279309e-06,3.4596068262279309e-06,0.9999965403991582,-3.4596068262279309e-06,3.4596068262279309e-06,0
254,320,0.9999209827974328,-7.9020324590815596e-05,7.9020324590815596e-05,0.9999209827974328,-7.9020324590815596e-05,7.9020324590815596e-05,0
255,82281,0.99992794152431153,-7.2061072025136723e-05,7.2061072025136723e-05,0.99992794152431153,-7.2061072025136723e-05,7.2061072025136723e-05,0
256,26538,0.9999885031800696,-1.1496886019333088e-05,1.1496886019333088e-05,0.9999885031800696,-1.1496886019333088e-05,1.1496886019333088e-05,0
257,8,0.99999788382779053,-2.1161744485622255e-06,2.1161744485622255e-06,0.99999788382779053,-2.1161744485622255e-06,2.1161744485622255e-06,0
258,617,0.99998837721147837,-1.162285606679994e-05,1.162285606679994e-05,0.99998837721147837,-1.162285606679994e-05,1.162285606679994e-05,0
259,279,0.99999411267328553,-5.887344044856809e-06,5.887344044856809e-06,0.99999411267328553,-5.887344044856809e-06,5.887344044856809e-06,0
260,330,0.99939521507672247,-0.00060496787944900579,0.00060496787944900579,0.99939521507672247,-0.00060496787944900579,0.00060496787944900579,0
261,54,0.9994863102074002,-0.00051382177640240398,0.00051382177640240398,0.9994863102074002,-0.00051382177640240398,0.00051382177640240398,0
262,1,0.99997564529056227,-2.4355006018461994e-05,2.4355006018461994e-05,0.99997564529056227,-2.4355006018461994e-05,2.4355006018461994e-05,0
263,21166,0.99998123023903995,-1.8769937114189104e-05,1.8769937114189104e-05,0.99998123023903995,-1.8769937114189104e-05,1.8769937114189104e-05,0
264,3779,0.99999025847452472,-9.7415729242067663e-06,9.7415729242067663e-06,0.99999025847452472,-9.7415729242067663e-06,9.7415729242067663e-06,0
265,311,0.9999994814316,-5.185685344379732e-07,5.185685344379732e-07,0.9999994814316,-5.185685344379732e-07,5.185685344379732e-07,0
266,872,0.99999869474605163,-1.3052548001611478e-06,1.3052548001611478e-06,0.99999869474605163,-1.3052548001611478e-06,1.3052548001611478e-06,0
267,1396,0.99999802389726777,-1.9761046847175551e-06,1.9761046847175551e-06,0.99999802389726777,-1.9761046847175551e-06,1.9761046847175551e-06,0
268,13,0.99654230555242684,-0.0034636860885156324,0.0034636860885156324,0.99654230555242684,-0.0034636860885156324,0.0034636860885156324,0
269,71343,0.99963266157428776,-0.00036740591099885536,0.00036740591099885536,0.99963266157428776,-0.00036740591099885536,0.00036740591099885536,0
270,39300,0.99996014626767094,-3.9854526510186139e-05,3.9854526510186139e-05,0.99996014626767094,-3.9854526510186139e-05,3.9854526510186139e-05,0
271,919,0.9999990053351403,-9.9466535433922429e-07,9.9466535433922429e-07,0.9999990053351403,-9.9466535433922429e-07,9.9466535433922429e-07,0
272,430,0.99999959206805233,-4.0793203088390088e-07,4.0793203088390088e-07,0.99999959206805233,-4.0793203088390088e-07,4.0793203088390088e-07,0
273,3810,0.99999674820279849,-3.2518024886016539e-06,3.2518024886016539e-06,0.99999674820279849,-3.2518024886016539e-06,3.2518024886016539e-06,0
274,477,0.99999988066282963,-1.1933717745800155e-07,1.1933717745800155e-07,0.99999988066282963,-1.1933717745800155e-07,1.1933717745800155e-07,0
275,1376,0.99999933304122368,-6.6695899876777931e-07,6.6695899876777931e-07,0.99999933304122368,-6.6695899876777931e-07,6.6695899876777931e-07,0
276,304,0.99999909331874803,-9.066816630506744e-07,9.066816630506744e-07,0.99999909331874803,-9.066816630506744e-07,9.066816630506744e-07,0
277,279,0.99999887592299352,-1.1240776382450847e-06,1.1240776382450847e-06,0.99999887592299352,-1.1240776382450847e-06,1.1240776382450847e-06,0
278,57281,0.9999788992782368,-2.1100944386545004e-05,2.1100944386545004e-05,0.9999788992782368,-2.1100944386545004e-05,2.1100944386545004e-05,0
279,3158,0.99989888896273427,-0.00010111614933130155,0.00010111614933130155,0.99989888896273427,-0.00010111614933130155,0.00010111614933130155,0
280,315,0.99999969663327681,-3.0336676920843456e-07,3.0336676920843456e-07,0.99999969663327681,-3.0336676920843456e-07,3.0336676920843456e-07,0
281,12014,0.999997480167516,-2.5198356588037622e-06,2.5198356588037622e-06,0.999997480167516,-2.5198356588037622e-06,2.5198356588037622e-06,0
282,527,0.9999985360306638,-1.4639704077710689e-06,1.4639704077710689e-06,0.9999985360306638,-1.4639704077710689e-06,1.4639704077710689e-06,0
283,12893,0.9999687033317316,-3.1297158019377709e-05,3.1297158019377709e-05,0.9999687033317316,-3.1297158019377709e-05,3.1297158019377709e-05,0
284,264,0.99999911763922433,-8.8236116498562602e-07,8.8236116498562602e-07,0.99999911763922433,-8.8236116498562602e-07,8.8236116498562602e-07,0
285,836,0.99999696068750121,-3.0393171175577877e-06,3.0393171175577877e-06,0.99999696068750121,-3.0393171175577877e-06,3.0393171175577877e-06,0
286,555,0.99999916396611566,-8.3603423386353305e-07,8.3603423386353305e-07,0.99999916396611566,-8.3603423386353305e-07,8.3603423386353305e-07,0
287,279,0.99999646514621954,-3.5348600280644817e-06,3.5348600280644817e-06,0.99999646514621954,-3.5348600280644817e-06,3.5348600280644817e-06,0
288,57281,0.9999747961496428,-2.5204167979567225e-05,2.5204167979567225e-05,0.9999747961496428,-2.5204167979567225e-05,2.5204167979567225e-05,0
289,87597,0.9999934155248783,-6.5844967995016808e-06,6.5844967995016808e-06,0.9999934155248783,-6.5844967995016808e-06,6.5844967995016808e-06,0
290,11,0.99999825904196094,-1.7409595545027142e-06,1.7409595545027142e-06,0.99999825904196094,-1.7409595545027142e-06,1.7409595545027142e-06,0
291,4323,0.99998936669379623,-1.0633362737808235e-05,1.0633362737808235e-05,0.99998936669379623,-1.0633362737808235e-05,1.0633362737808235e-05,0
292,91004,0.99958537551332982,-0.00041471046716993072,0.00041471046716993072,0.99958537551332982,-0.00041471046716993072,0.00041471046716993072,0
293,323,0.99745954455922492,-0.0025436878734262903,0.0025436878734262903,0.99745954455922492,-0.0025436878734262903,0.0025436878734262903,0
294,39616,0.99998424970270228,-1.5750421334967844e-05,1.5750421334967844e-05,0.99998424970270228,-1.5750421334967844e-05,1.5750421334967844e-05,0
295,14609,0.99994393127134351,-5.607030056640769e-05,5.607030056640769e-05,0.99994393127134351,-5.607030056640769e-05,5.607030056640769e-05,0
296,950,0.9999996289328088,-3.7106726001825251e-07,3.7106726001825251e-07,0.9999996289328088,-3.7106726001825251e-07,3.7106726001825251e-07,0
297,8471,0.99998835021510868,-1.1649852750625618e-05,1.1649852750625618e-05,0.99998835021510868,-1.1649852750625618e-05,1.1649852750625618e-05,0
298,17128,0.99997289053274796,-2.710983472025637e-05,2.710983472025637e-05,0.99997289053274796,-2.710983472025637e-05,2.710983472025637e-05,0
299,477,0.97351050496739588,-0.026846663301144012,0.026846663301144012,0.97351050496739588,-0.026846663301144012,0.026846663301144012,0
300,393,0.99999801210247052,-1.98789950533056e-06,1.98789950533056e-06,0.99999801210247052,-1.98789950533056e-06,1.98789950533056e-06,0
301,1929,0.99999943491211152,-5.6508804812005713e-07,5.6508804812005713e-07,0.99999943491211152,-5.6508804812005713e-07,5.6508804812005713e-07,0
302,80692,0.99996195840610813,-3.8042317491633786e-05,3.8042317491633786e-05,0.99996195840610813,-3.8042317491633786e-05,3.8042317491633786e-05,0
303,382,0.60671093516064278,-0.49970282019657442,0.49970282019657442,0.60671093516064278,-0.49970282019657442,0.49970282019657442,0
304,791,0.44451499361613417,-0.81077149317719499,0.81077149317719499,0.44451499361613417,-0.81077149317719499,0.81077149317719499,0
305,220,0.5533431141144427,-0.59177701034543984,0.59177701034543984,0.5533431141144427,-0.59177701034543984,0.59177701034543984,0
306,1049,0.99999848104582756,-1.5189553260936756e-06,1.5189553260936756e-06,0.99999848104582756,-1.5189553260936756e-06,1.5189553260936756e-06,0
307,18,0.99999863217371443,-1.3678272210416232e-06,1.3678272210416232e-06,0.99999863217371443,-1.3678272210416232e-06,1.3678272210416232e-06,0
308,16867,0.99972979608362167,-0.00027024042803372347,0.00027024042803372347,0.99972979608362167,-0.00027024042803372347,0.00027024042803372347,0
309,13892,0.99984830631804811,-0.00015170518860217768,0.00015170518860217768,0.99984830631804811,-0.00015170518860217768,0.00015170518860217768,0
310,78149,0.99999887446834756,-1.1255322858988004e-06,1.1255322858988004e-06,0.99999887446834756,-1.1255322858988004e-06,1.1255322858988004e-06,0
311,3280,0.99999867230155148,-1.3276993299356296e-06,1.3276993299356296e-06,0.99999867230155148,-1.3276993299356296e-06,1.3276993299356296e-06,0
312,574,0.98711813494697886,-0.012965555781986592,0.012965555781986592,0.98711813494697886,-0.012965555781986592,0.012965555781986592,0
313,18057,0.65743664029341919,-0.4194068841463276,0.4194068841463276,0.65743664029341919,-0.4194068841463276,0.4194068841463276,0
314,291,0.53016678498242487,-0.63456363329397147,0.63456363329397147,0.53016678498242487,-0.63456363329397147,0.63456363329397147,0
315,555,0.95915842194135348,-0.041699022808246965,0.041699022808246965,0.95915842194135348,-0.041699022808246965,0.041699022808246965,0
316,3892,0.97155236420237689,-0.028860111254500338,0.028860111254500338,0.97155236420237689,-0.028860111254500338,0.028860111254500338,0
317,5315,0.41123104125665505,-0.88860007825297527,0.88860007825297527,0.41123104125665505,-0.88860007825297527,0.88860007825297527,0
318,11,0.98651225170697854,-0.013579534228134104,0.013579534228134104,0.98651225170697854,-0.013579534228134104,0.013579534228134104,0
319,2737,0.99987389419293304,-0.00012611375907277167,0.00012611375907277167,0.99987389419293304,-0.00012611375907277167,0.00012611375907277167,0
320,279,0.9991384270604855,-0.00086194430680150023,0.00086194430680150023,0.9991384270604855,-0.00086194430680150023,0.00086194430680150023,0
321,71343,0.87233195334203806,-0.13658524707545458,0.13658524707545458,0.87233195334203806,-0.13658524707545458,0.13658524707545458,0
322,22620,0.99999159901951762,-8.40101577084938e-06,8.40101577084938e-06,0.99999159901951762,-8.40101577084938e-06,8.40101577084938e-06,0
323,32388,0.99999429518891958,-5.7048273529395494e-06,5.7048273529395494e-06,0.99999429518891958,-5.7048273529395494e-06,5.7048273529395494e-06,0
324,320,0.99988126978488179,-0.00011873726410814918,0.00011873726410814918,0.99988126978488179,-0.00011873726410814918,0.00011873726410814918,0
325,10155,0.99990660763405537,-9.339672728321084e-05,9.339672728321084e-05,0.99990660763405537,-9.339672728321084e-05,9.339672728321084e-05,0
326,49,0.99999995606027625,-4.3939724670416817e-08,4.3939724670416817e-08,0.99999995606027625,-4.3939724670416817e-08,4.3939724670416817e-08,0
327,8,0.99999948162534613,-5.183747881861302e-07,5.183747881861302e-07,0.99999948162534613,-5.183747881861302e-07,5.183747881861302e-07,0
328,73547,0.99997959605317976,-2.0404154983575794e-05,2.0404154983575794e-05,0.99997959605317976,-2.0404154983575794e-05,2.0404154983575794e-05,0
329,323,0.99793732252913858,-0.0020648077198843805,0.0020648077198843805,0.99793732252913858,-0.0020648077198843805,0.0020648077198843805,0
330,279,0.99998180426075312,-1.819590479133733e-05,1.819590479133733e-05,0.99998180426075312,-1.819590479133733e-05,1.819590479133733e-05,0
331,4409,0.9998714159105524,-0.00012859235709039189,0.00012859235709039189,0.9998714159105524,-0.00012859235709039189,0.00012859235709039189,0
332,3907,0.99999947607579864,-5.2392433855535848e-07,5.2392433855535848e-07,0.99999947607579864,-5.2392433855535848e-07,5.2392433855535848e-07,0
333,315,0.99999992273676397,-7.7263239041699897e-08,7.7263239041699897e-08,0.99999992273676397,-7.7263239041699897e-08,7.7263239041699897e-08,0
334,19730,0.99998847224614251,-1.1527820302499246e-05,1.1527820302499246e-05,0.99998847224614251,-1.1527820302499246e-05,1.1527820302499246e-05,0
335,18711,0.99999945749906682,-5.4250108034247945e-07,5.4250108034247945e-07,0.99999945749906682,-5.4250108034247945e-07,5.4250108034247945e-07,0
336,13,0.99997066716131744,-2.933326889874078e-05,2.933326889874078e-05,0.99997066716131744,-2.933326889874078e-05,2.933326889874078e-05,0
337,578,0.99326745595727228,-0.0067553098561340388,0.0067553098561340388,0.99326745595727228,-0.0067553098561340388,0.0067553098561340388,0
338,75771,0.99949129683675975,-0.00050883259659170287,0.00050883259659170287,0.99949129683675975,-0.00050883259659170287,0.00050883259659170287,0
339,73547,0.99173325876657192,-0.0083011002277074489,0.0083011002277074489,0.99173325876657192,-0.0083011002277074489,0.0083011002277074489,0
340,11136,0.99835487434303383,-0.0016464803621571435,0.0016464803621571435,0.99835487434303383,-0.0016464803621571435,0.0016464803621571435,0
341,459,0.99530588102713058,-0.004705170949092655,0.004705170949092655,0.99530588102713058,-0.004705170949092655,0.004705170949092655,0
342,11838,0.99999736364487979,-2.6363585954551677e-06,2.6363585954551677e-06,0.99999736364487979,-2.6363585954551677e-06,2.6363585954551677e-06,0
343,2134,0.99975889410517083,-0.00024113496552823787,0.00024113496552823787,0.99975889410517083,-0.00024113496552823787,0.00024113496552823787,0
344,18057,0.99999783416895005,-2.1658333953339556e-06,2.1658333953339556e-06,0.99999783416895005,-2.1658333953339556e-06,2.1658333953339556e-06,0
345,389,0.95880222687272876,-0.042070453862309586,0.042070453862309586,0.95880222687272876,-0.042070453862309586,0.042070453862309586,0
346,5587,0.99998494900772894,-1.505110553839244e-05,1.505110553839244e-05,0.99998494900772894,-1.505110553839244e-05,1.505110553839244e-05,0
347,220,0.99999995548187304,-4.4518127970070061e-08,4.4518127970070061e-08,0.99999995548187304,-4.4518127970070061e-08,4.4518127970070061e-08,0
348,20,0.99999943493112142,-5.6506903822603775e-07,5.6506903822603775e-07,0.99999943493112142,-5.6506903822603775e-07,5.6506903822603775e-07,0
349,11,0.99999994389958968,-5.6100411852224347e-08,5.6100411852224347e-08,0.99999994389958968,-5.6100411852224347e-08,5.6100411852224347e-08,0
350,220,0.99999728560204659,-2.7144016374108666e-06,2.7144016374108666e-06,0.99999728560204659,-2.7144016374108666e-06,2.7144016374108666e-06,0
351,1049,0.99999998022401204,-1.9775988206870268e-08,1.9775988206870268e-08,0.99999998022401204,-1.9775988206870268e-08,1.9775988206870268e-08,0
352,18,0.99999987885642105,-1.2114358626316289e-07,1.2114358626316289e-07,0.99999987885642105,-1.2114358626316289e-07,1.2114358626316289e-07,0
353,11,0.99999965323606521,-3.4676399490323115e-07,3.4676399490323115e-07,0.99999965323606521,-3.4676399490323115e-07,3.4676399490323115e-07,0
354,27401,0.36406108875761967,-1.0104335991694504,1.0104335991694504,0.36406108875761967,-1.0104335991694504,1.0104335991694504,0
355,279,0.99997499584066585,-2.5004471943388584e-05,2.5004471943388584e-05,0.99997499584066585,-2.5004471943388584e-05,2.5004471943388584e-05,0
356,29736,0.99999577707524445,-4.2229336721305117e-06,4.2229336721305117e-06,0.99999577707524445,-4.2229336721305117e-06,4.2229336721305117e-06,0
357,315,0.99999991640192787,-8.3598075631515829e-08,8.3598075631515829e-08,0.99999991640192787,-8.3598075631515829e-08,8.3598075631515829e-08,0
358,3221,0.99999933529225138,-6.6470796957141305e-07,6.6470796957141305e-07,0.99999933529225138,-6.6470796957141305e-07,6.6470796957141305e-07,0
359,78526,0.93345545874088631,-0.068862031395939854,0.068862031395939854,0.93345545874088631,-0.068862031395939854,0.068862031395939854,0
360,35148,0.99999898152359157,-1.0184769270655713e-06,1.0184769270655713e-06,0.99999898152359157,-1.0184769270655713e-06,1.0184769270655713e-06,0
361,32343,0.99993571215977772,-6.4289906774054424e-05,6.4289906774054424e-05,0.99993571215977772,-6.4289906774054424e-05,6.4289906774054424e-05,0
362,606,0.99999989351440899,-1.0648559666624602e-07,1.0648559666624602e-07,0.99999989351440899,-1.0648559666624602e-07,1.0648559666624602e-07,0
363,5820,0.99999887219216677,-1.1278084692407153e-06,1.1278084692407153e-06,0.99999887219216677,-1.1278084692407153e-06,1.1278084692407153e-06,0
364,439,0.5416190668825267,-0.613192353272343,0.613192353272343,0.5416190668825267,-0.613192353272343,0.613192353272343,0
365,264,0.99999944244883965,-5.5755131578240451e-07,5.5755131578240451e-07,0.99999944244883965,-5.5755131578240451e-07,5.5755131578240451e-07,0
366,1121,0.99999668602327219,-3.3139822190065691e-06,3.3139822190065691e-06,0.99999668602327219,-3.3139822190065691e-06,3.3139822190065691e-06,0
367,315,0.99999972053411035,-2.7946592865018085e-07,2.7946592865018085e-07,0.99999972053411035,-2.7946592865018085e-07,2.7946592865018085e-07,0
368,28448,0.99999758440382625,-2.4155990913032022e-06,2.4155990913032022e-06,0.99999758440382625,-2.4155990913032022e-06,2.4155990913032022e-06,0
369,21277,0.99998757848956721,-1.2421587580351745e-05,1.2421587580351745e-05,0.99998757848956721,-1.2421587580351745e-05,1.2421587580351745e-05,0
370,9581,0.99999742078193987,-2.5792213862790653e-06,2.5792213862790653e-06,0.99999742078193987,-2.5792213862790653e-06,2.5792213862790653e-06,0
371,7479,0.99999963502843991,-3.6497162670969184e-07,3.6497162670969184e-07,0.99999963502843991,-3.6497162670969184e-07,3.6497162670969184e-07,0
372,20472,0.99999800691502183,-1.9930869643479185e-06,1.9930869643479185e-06,0.99999800691502183,-1.9930869643479185e-06,1.9930869643479185e-06,0
373,13,0.99999344320715422,-6.556814341658103e-06,6.556814341658103e-06,0.99999344320715422,-6.556814341658103e-06,6.556814341658103e-06,0
374,578,0.95705392124340904,-0.043895545079448421,0.043895545079448421,0.95705392124340904,-0.043895545079448421,0.043895545079448421,0
375,18057,0.92687113970103696,-0.075940730952518409,0.075940730952518409,0.92687113970103696,-0.075940730952518409,0.075940730952518409,0
376,16717,0.99935797292904027,-0.00064223325859640848,0.00064223325859640848,0.99935797292904027,-0.00064223325859640848,0.00064223325859640848,0
377,279,0.99994483030904524,-5.5171212858123425e-05,5.5171212858123425e-05,0.99994483030904524,-5.5171212858123425e-05,5.5171212858123425e-05,0
378,4754,0.99999898728446479,-1.0127160480360568e-06,1.0127160480360568e-06,0.99999898728446479,-1.0127160480360568e-06,1.0127160480360568e-06,0
379,369,0.99999925492587827,-7.4507439927648242e-07,7.4507439927648242e-07,0.99999925492587827,-7.4507439927648242e-07,7.4507439927648242e-07,0
380,220,0.99999775817532122,-2.2418271916447754e-06,2.2418271916447754e-06,0.99999775817532122,-2.2418271916447754e-06,2.2418271916447754e-06,0
381,1627,0.9999087771182732,-9.1227042786942323e-05,9.1227042786942323e-05,0.9999087771182732,-9.1227042786942323e-05,9.1227042786942323e-05,0
382,12,0.89673423525980389,-0.10899574258509909,0.10899574258509909,0.89673423525980389,-0.10899574258509909,0.10899574258509909,0
383,1544,0.40306890049747895,-0.90864776267260927,0.90864776267260927,0.40306890049747895,-0.90864776267260927,0.90864776267260927,0
384,35148,0.99792804330501894,-0.0020741061668422961,0.0020741061668422961,0.99792804330501894,-0.0020741061668422961,0.0020741061668422961,0
385,44583,0.99994027710921984,-5.9724674262957052e-05,5.9724674262957052e-05,0.99994027710921984,-5.9724674262957052e-05,5.9724674262957052e-05,0
386,11,0.96060628958867611,-0.040190642210203922,0.040190642210203922,0.96060628958867611,-0.040190642210203922,0.040190642210203922,0
387,7863,0.99450299823726795,-0.005512165873883557,0.005512165873883557,0.99450299823726795,-0.005512165873883557,0.005512165873883557,0
388,311,0.99999905499281461,-9.450076319369132e-07,9.450076319369132e-07,0.99999905499281461,-9.450076319369132e-07,9.450076319369132e-07,0
389,279,0.99999430717944005,-5.6928367641382314e-06,5.6928367641382314e-06,0.99999430717944005,-5.6928367641382314e-06,5.6928367641382314e-06,0
390,220,0.99989052636407483,-0.00010947962860106616,0.00010947962860106616,0.99989052636407483,-0.00010947962860106616,0.00010947962860106616,0
391,605,0.99997099715315163,-2.9003267439104543e-05,2.9003267439104543e-05,0.99997099715315163,-2.9003267439104543e-05,2.9003267439104543e-05,0
392,12,0.91921491243058639,-0.08423532930831408,0.08423532930831408,0.91921491243058639,-0.08423532930831408,0.08423532930831408,0
393,323,0.99098417883114698,-0.0090567096321143795,0.0090567096321143795,0.99098417883114698,-0.0090567096321143795,0.0090567096321143795,0
394,220,0.99999686756497375,-3.1324399323100478e-06,3.1324399323100478e-06,0.99999686756497375,-3.1324399323100478e-06,3.1324399323100478e-06,0
395,966,0.99999678069510245,-3.2193100794980813e-06,3.2193100794980813e-06,0.99999678069510245,-3.2193100794980813e-06,3.2193100794980813e-06,0
396,4771,0.99992311116610233,-7.6891789995605451e-05,7.6891789995605451e-05,0.99992311116610233,-7.6891789995605451e-05,7.6891789995605451e-05,0
397,5578,0.99733484195774469,-0.0026687158988564432,0.0026687158988564432,0.99733484195774469,-0.0026687158988564432,0.0026687158988564432,0
398,315,0.99998491181045568,-1.5088303372192634e-05,1.5088303372192634e-05,0.99998491181045568,-1.5088303372192634e-05,1.5088303372192634e-05,0
399,220,0.99998587350743162,-1.4126592348192904e-05,1.4126592348192904e-05,0.99998587350743162,-1.4126592348192904e-05,1.4126592348192904e-05,0
400,1544,0.99820775809312812,-0.0017938498939533568,0.0017938498939533568,0.99820775809312812,-0.0017938498939533568,0.0017938498939533568,0
401,13,0.91084053775716467,-0.093387437924889918,0.093387437924889918,0.91084053775716467,-0.093387437924889918,0.093387437924889918,0
402,23,0.99960540866041048,-0.00039466921123781261,0.00039466921123781261,0.99960540866041048,-0.00039466921123781261,0.00039466921123781261,0
403,323,0.99997685203430686,-2.3148233611415876e-05,2.3148233611415876e-05,0.99997685203430686,-2.3148233611415876e-05,2.3148233611415876e-05,0
404,220,0.99999737212492612,-2.6278785267019507e-06,2.6278785267019507e-06,0.99999737212492612,-2.6278785267019507e-06,2.6278785267019507e-06,0
405,1627,0.99997926080246846,-2.0739412591704775e-05,2.0739412591704775e-05,0.99997926080246846,-2.0739412591704775e-05,2.0739412591704775e-05,0
406,13,0.99993766139933615,-6.2340543795124927e-05,6.2340543795124927e-05,0.99993766139933615,-6.2340543795124927e-05,6.2340543795124927e-05,0
407,18,0.99990175731397657,-9.8247512152177353e-05,9.8247512152177353e-05,0.99990175731397657,-9.8247512152177353e-05,9.8247512152177353e-05,0
408,44583,0.99990050582810519,-9.9499121768218329e-05,9.9499121768218329e-05,0.99990050582810519,-9.9499121768218329e-05,9.9499121768218329e-05,0
409,11,0.9998330695977008,-0.00016694433672956543,0.00016694433672956543,0.9998330695977008,-0.00016694433672956543,0.00016694433672956543,0
410,15947,0.99999582221920502,-4.1777895219307194e-06,4.1777895219307194e-06,0.99999582221920502,-4.1777895219307194e-06,4.1777895219307194e-06,0
411,13,0.99887023466006231,-0.0011304040058731084,0.0011304040058731084,0.99887023466006231,-0.0011304040058731084,0.0011304040058731084,0
412,578,0.99229493469434349,-0.0077349026861322639,0.0077349026861322639,0.99229493469434349,-0.0077349026861322639,0.0077349026861322639,0
413,1912,0.96251512554494656,-0.038205498091782246,0.038205498091782246,0.96251512554494656,-0.038205498091782246,0.038205498091782246,0
414,9408,0.93093499562057613,-0.071565826247390982,0.071565826247390982,0.93093499562057613,-0.071565826247390982,0.071565826247390982,0
415,872,0.99939858360301403,-0.00060159732037110957,0.00060159732037110957,0.99939858360301403,-0.00060159732037110957,0.00060159732037110957,0
416,18057,0.99997420954047989,-2.579079209969953e-05,2.579079209969953e-05,0.99997420954047989,-2.579079209969953e-05,2.579079209969953e-05,0
417,369,0.9176705960667465,-0.085916780569752979,0.085916780569752979,0.9176705960667465,-0.085916780569752979,0.085916780569752979,0
418,35148,0.99999359920114184,-6.4008193433252185e-06,6.4008193433252185e-06,0.99999359920114184,-6.4008193433252185e-06,6.4008193433252185e-06,0
419,44583,0.99990813952517077,-9.1864694261060113e-05,9.1864694261060113e-05,0.99990813952517077,-9.1864694261060113e-05,9.1864694261060113e-05,0
420,311,0.99986610088208605,-0.00013390808320108829,0.00013390808320108829,0.99986610088208605,-0.00013390808320108829,0.00013390808320108829,0
421,220,0.99999917028611807,-8.2971422616988973e-07,8.2971422616988973e-07,0.99999917028611807,-8.2971422616988973e-07,8.2971422616988973e-07,0
422,1627,0.98598502704279245,-0.014114110049780582,0.014114110049780582,0.98598502704279245,-0.014114110049780582,0.014114110049780582,0
423,13,0.99602468573034764,-0.0039832368348516906,0.0039832368348516906,0.99602468573034764,-0.0039832368348516906,0.0039832368348516906,0
424,22,0.99993758993624893,-6.2412011340089103e-05,6.2412011340089103e-05,0.99993758993624893,-6.2412011340089103e-05,6.2412011340089103e-05,0
425,304,0.99962280353383781,-0.00037726762264309011,0.00037726762264309011,0.99962280353383781,-0.00037726762264309011,0.00037726762264309011,0
426,5936,0.99888171283940941,-0.0011189129102327725,0.0011189129102327725,0.99888171283940941,-0.0011189129102327725,0.0011189129102327725,0
427,11,0.93290286706111347,-0.06945419174187209,0.06945419174187209,0.93290286706111347,-0.06945419174187209,0.06945419174187209,0
428,19392,0.70543892243442063,-0.3489350848821523,0.3489350848821523,0.70543892243442063,-0.3489350848821523,0.3489350848821523,0
429,264,0.99999753342954034,-2.4665735016855115e-06,2.4665735016855115e-06,0.99999753342954034,-2.4665735016855115e-06,2.4665735016855115e-06,0
430,10284,0.99992488200425156,-7.5120817246375295e-05,7.5120817246375295e-05,0.99992488200425156,-7.5120817246375295e-05,7.5120817246375295e-05,0
431,3485,0.99997091426398454,-2.9086159013630479e-05,2.9086159013630479e-05,0.99997091426398454,-2.9086159013630479e-05,2.9086159013630479e-05,0
432,78526,0.96937029438751121,-0.031108599337765781,0.031108599337765781,0.96937029438751121,-0.031108599337765781,0.031108599337765781,0
433,3280,0.9999989634128057,-1.0365877315195908e-06,1.0365877315195908e-06,0.9999989634128057,-1.0365877315195908e-06,1.0365877315195908e-06,0
434,13,0.99705187404236906,-0.0029524802410518143,0.0029524802410518143,0.99705187404236906,-0.0029524802410518143,0.0029524802410518143,0
435,4452,0.98659481065329946,-0.013495850024733256,0.013495850024733256,0.98659481065329946,-0.013495850024733256,0.013495850024733256,0
436,11,0.99999964527180507,-3.5472825780118102e-07,3.5472825780118102e-07,0.99999964527180507,-3.5472825780118102e-07,3.5472825780118102e-07,0
437,65649,0.99946304010443265,-0.00053710411015937484,0.00053710411015937484,0.99946304010443265,-0.00053710411015937484,0.00053710411015937484,0
438,304,0.99999963005824821,-3.6994182024974324e-07,3.6994182024974324e-07,0.99999963005824821,-3.6994182024974324e-07,3.6994182024974324e-07,0
439,9581,0.99999851801716177,-1.4819839363295442e-06,1.4819839363295442e-06,0.99999851801716177,-1.4819839363295442e-06,1.4819839363295442e-06,0
440,7479,0.99999888736669762,-1.1126339213016385e-06,1.1126339213016385e-06,0.99999888736669762,-1.1126339213016385e-06,1.1126339213016385e-06,0
441,20472,0.99999582341337334,-4.1765953486072299e-06,4.1765953486072299e-06,0.99999582341337334,-4.1765953486072299e-06,4.1765953486072299e-06,0
442,11,0.66424920467254733,-0.40909789167443672,0.40909789167443672,0.66424920467254733,-0.40909789167443672,0.40909789167443672,0
443,8104,0.99996256416604734,-3.7436534690992788e-05,3.7436534690992788e-05,0.99996256416604734,-3.7436534690992788e-05,3.7436534690992788e-05,0
444,1884,0.96019161621182192,-0.04062241421708105,0.04062241421708105,0.96019161621182192,-0.04062241421708105,0.04062241421708105,0
445,304,0.99999996230758181,-3.7692418919560751e-08,3.7692418919560751e-08,0.99999996230758181,-3.7692418919560751e-08,3.7692418919560751e-08,0
446,279,0.9999996687532855,-3.3124676933006008e-07,3.3124676933006008e-07,0.9999996687532855,-3.3124676933006008e-07,3.3124676933006008e-07,0
447,10913,0.99999278378481926,-7.2162412177301775e-06,7.2162412177301775e-06,0.99999278378481926,-7.2162412177301775e-06,7.2162412177301775e-06,0
448,16867,0.99999642043784354,-3.5795685631066008e-06,3.5795685631066008e-06,0.99999642043784354,-3.5795685631066008e-06,3.5795685631066008e-06,0
449,11,0.99999891915537842,-1.0808452056448105e-06,1.0808452056448105e-06,0.99999891915537842,-1.0808452056448105e-06,1.0808452056448105e-06,0
450,9057,0.99998703398576927,-1.2966098290255454e-05,1.2966098290255454e-05,0.99998703398576927,-1.2966098290255454e-05,1.2966098290255454e-05,0
451,279,0.99995077173100277,-4.9229480748264771e-05,4.9229480748264771e-05,0.99995077173100277,-4.9229480748264771e-05,4.9229480748264771e-05,0
452,1912,0.99999783731104996,-2.1626912886759965e-06,2.1626912886759965e-06,0.99999783731104996,-2.1626912886759965e-06,2.1626912886759965e-06,0
453,311,0.99999982803116949,-1.7196884525436248e-07,1.7196884525436248e-07,0.99999982803116949,-1.7196884525436248e-07,1.7196884525436248e-07,0
454,65836,0.99989721916239249,-0.00010278611991973143,0.00010278611991973143,0.99989721916239249,-0.00010278611991973143,0.00010278611991973143,0
455,872,0.99999695309268821,-3.0469119536317964e-06,3.0469119536317964e-06,0.99999695309268821,-3.0469119536317964e-06,3.0469119536317964e-06,0
456,20492,0.99998987021340147,-1.0129837905136979e-05,1.0129837905136979e-05,0.99998987021340147,-1.0129837905136979e-05,1.0129837905136979e-05,0
457,45578,0.99999746120309974,-2.538800123019405e-06,2.538800123019405e-06,0.99999746120309974,-2.538800123019405e-06,2.538800123019405e-06,0
458,323,0.99086173386000931,-0.0091802762227452973,0.0091802762227452973,0.99086173386000931,-0.0091802762227452973,0.0091802762227452973,0
459,16717,0.53626021724118145,-0.62313575579101055,0.62313575579101055,0.53626021724118145,-0.62313575579101055,0.62313575579101055,0
460,279,0.9998860893309538,-0.00011391715735915163,0.00011391715735915163,0.9998860893309538,-0.00011391715735915163,0.00011391715735915163,0
461,19463,0.99997888833338378,-2.1111889470629768e-05,2.1111889470629768e-05,0.99997888833338378,-2.1111889470629768e-05,2.1111889470629768e-05,0
462,369,0.99979772054102845,-0.00020229992022061097,0.00020229992022061097,0.99979772054102845,-0.00020229992022061097,0.00020229992022061097,0
463,264,0.9999991766987707,-8.2330156818073639e-07,8.2330156818073639e-07,0.9999991766987707,-8.2330156818073639e-07,8.2330156818073639e-07,0
464,10284,0.9999894666389223,-1.0533416553989118e-05,1.0533416553989118e-05,0.9999894666389223,-1.0533416553989118e-05,1.0533416553989118e-05,0
465,3770,0.9999848106388961,-1.5189476463434572e-05,1.5189476463434572e-05,0.9999848106388961,-1.5189476463434572e-05,1.5189476463434572e-05,0
466,78526,0.99975007656429893,-0.0002499546717674922,0.0002499546717674922,0.99975007656429893,-0.0002499546717674922,0.0002499546717674922,0
467,13892,0.99999881058083895,-1.1894198684488604e-06,1.1894198684488604e-06,0.99999881058083895,-1.1894198684488604e-06,1.1894198684488604e-06,0
468,78149,0.99999835590562458,-1.6440957269531137e-06,1.6440957269531137e-06,0.99999835590562458,-1.6440957269531137e-06,1.6440957269531137e-06,0
469,3280,0.99999902967548648,-9.7032498433090363e-07,9.7032498433090363e-07,0.99999902967548648,-9.7032498433090363e-07,9.7032498433090363e-07,0
470,304,0.99999372571377032,-6.2743059131350331e-06,6.2743059131350331e-06,0.99999372571377032,-6.2743059131350331e-06,6.2743059131350331e-06,0
471,872,0.99982159843679408,-0.00017841747865767756,0.00017841747865767756,0.99982159843679408,-0.00017841747865767756,0.00017841747865767756,0
472,5651,0.9999714956023027,-2.8504803955345852e-05,2.8504803955345852e-05,0.9999714956023027,-2.8504803955345852e-05,2.8504803955345852e-05,0
473,18057,0.99998850797883232,-1.149208720141666e-05,1.149208720141666e-05,0.99998850797883232,-1.149208720141666e-05,1.149208720141666e-05,0
474,13,0.98522618127676342,-0.014884038508296506,0.014884038508296506,0.98522618127676342,-0.014884038508296506,0.014884038508296506,0
475,362,0.99707546944454017,-0.002928815350994215,0.002928815350994215,0.99707546944454017,-0.002928815350994215,0.002928815350994215,0
476,10205,0.99999813470459198,-1.865297147681292e-06,1.865297147681292e-06,0.99999813470459198,-1.865297147681292e-06,1.865297147681292e-06,0
477,304,0.99999978999431616,-2.1000570586742759e-07,2.1000570586742759e-07,0.99999978999431616,-2.1000570586742759e-07,2.1000570586742759e-07,0
478,9581,0.99999893446925903,-1.0655313086088645e-06,1.0655313086088645e-06,0.99999893446925903,-1.0655313086088645e-06,1.0655313086088645e-06,0
479,7479,0.99999657789907159,-3.4221067838478545e-06,3.4221067838478545e-06,0.99999657789907159,-3.4221067838478545e-06,3.4221067838478545e-06,0
480,20472,0.99999758251870441,-2.4174842176879483e-06,2.4174842176879483e-06,0.99999758251870441,-2.4174842176879483e-06,2.4174842176879483e-06,0
481,304,0.99999865226081563,-1.3477400925990638e-06,1.3477400925990638e-06,0.99999865226081563,-1.3477400925990638e-06,1.3477400925990638e-06,0
482,279,0.99999974166108474,-2.5833894861484271e-07,2.5833894861484271e-07,0.99999974166108474,-2.5833894861484271e-07,2.5833894861484271e-07,0
483,2768,0.99999689667463587,-3.1033301794243731e-06,3.1033301794243731e-06,0.99999689667463587,-3.1033301794243731e-06,3.1033301794243731e-06,0
484,4038,0.99999700823039517,-2.9917740802005612e-06,2.9917740802005612e-06,0.99999700823039517,-2.9917740802005612e-06,2.9917740802005612e-06,0
485,29746,0.9998424276424015,-0.00015758477342676114,0.00015758477342676114,0.9998424276424015,-0.00015758477342676114,0.00015758477342676114,0
486,279,0.99999904964118091,-9.5035927066003337e-07,9.5035927066003337e-07,0.99999904964118091,-9.5035927066003337e-07,9.5035927066003337e-07,0
487,79482,0.9999718328135806,-2.8167583122088972e-05,2.8167583122088972e-05,0.9999718328135806,-2.8167583122088972e-05,2.8167583122088972e-05,0
488,1912,0.99999862660294592,-1.3733979972404719e-06,1.3733979972404719e-06,0.99999862660294592,-1.3733979972404719e-06,1.3733979972404719e-06,0
489,311,0.99999934396843604,-6.5603177909498418e-07,6.5603177909498418e-07,0.99999934396843604,-6.5603177909498418e-07,6.5603177909498418e-07,0
490,3131,0.99998054670748004,-1.9453481737700104e-05,1.9453481737700104e-05,0.99998054670748004,-1.9453481737700104e-05,1.9453481737700104e-05,0
491,1578,0.99999342451315021,-6.5755084683908013e-06,6.5755084683908013e-06,0.99999342451315021,-6.5755084683908013e-06,6.5755084683908013e-06,0
492,4933,0.99998912008904783,-1.0879970138831707e-05,1.0879970138831707e-05,0.99998912008904783,-1.0879970138831707e-05,1.0879970138831707e-05,0
493,872,0.99999835257734215,-1.6474240148941938e-06,1.6474240148941938e-06,0.99999835257734215,-1.6474240148941938e-06,1.6474240148941938e-06,0
494,51165,0.999982739452145,-1.7260696819997412e-05,1.7260696819997412e-05,0.999982739452145,-1.7260696819997412e-05,1.7260696819997412e-05,0
495,311,0.99994279147409404,-5.7210162376059229e-05,5.7210162376059229e-05,0.99994279147409404,-5.7210162376059229e-05,5.7210162376059229e-05,0
496,13519,0.99999258259863089,-7.4174288781327854e-06,7.4174288781327854e-06,0.99999258259863089,-7.4174288781327854e-06,7.4174288781327854e-06,0
497,264,0.99999684891814145,-3.1510868232658497e-06,3.1510868232658497e-06,0.99999684891814145,-3.1510868232658497e-06,3.1510868232658497e-06,0
498,3221,0.99999230046467613,-7.6995649654980636e-06,7.6995649654980636e-06,0.99999230046467613,-7.6995649654980636e-06,7.6995649654980636e-06,0
499,78526,0.99992577105646352,-7.4231698640833284e-05,7.4231698640833284e-05,0.99992577105646352,-7.4231698640833284e-05,7.4231698640833284e-05,0
500,3280,0.99999816931194718,-1.830689728534167e-06,1.830689728534167e-06,0.99999816931194718,-1.830689728534167e-06,1.830689728534167e-06,0
501,304,0.99999715083859075,-2.8491654680992166e-06,2.8491654680992166e-06,0.99999715083859075,-2.8491654680992166e-06,2.8491654680992166e-06,0
502,872,0.99999864895336732,-1.3510475453330149e-06,1.3510475453330149e-06,0.99999864895336732,-1.3510475453330149e-06,1.3510475453330149e-06,0
503,1620,0.99999816614647019,-1.8338552112720945e-06,1.8338552112720945e-06,0.99999816614647019,-1.8338552112720945e-06,1.8338552112720945e-06,0
504,6287,0.99999507624771478,-4.9237644069723625e-06,4.9237644069723625e-06,0.99999507624771478,-4.9237644069723625e-06,4.9237644069723625e-06,0
505,18057,0.99995196993254742,-4.8031220933163462e-05,4.8031220933163462e-05,0.99995196993254742,-4.8031220933163462e-05,4.8031220933163462e-05,0
506,2713,0.99999839133380941,-1.6086674845015864e-06,1.6086674845015864e-06,0.99999839133380941,-1.6086674845015864e-06,1.6086674845015864e-06,0
507,11,0.99981404108054417,-0.00018597621195948525,0.00018597621195948525,0.99981404108054417,-0.00018597621195948525,0.00018597621195948525,0
508,902,0.99999683901845482,-3.1609865410424758e-06,3.1609865410424758e-06,0.99999683901845482,-3.1609865410424758e-06,3.1609865410424758e-06,0
509,19698,0.99993856821436555,-6.1433672643883158e-05,6.1433672643883158e-05,0.99993856821436555,-6.1433672643883158e-05,6.1433672643883158e-05,0
510,220,0.99999860554453279,-1.3944564395081954e-06,1.3944564395081954e-06,0.99999860554453279,-1.3944564395081954e-06,1.3944564395081954e-06,0
511,1544,0.99999087925151442,-9.1207900798373125e-06,9.1207900798373125e-06,0.99999087925151442,-9.1207900798373125e-06,9.1207900798373125e-06,0
512,35148,0.99999183214928922,-8.1678840678278232e-06,8.1678840678278232e-06,0.99999183214928922,-8.1678840678278232e-06,8.1678840678278232e-06,0
513,44583,0.99996022548256702,-3.9775308460045766e-05,3.9775308460045766e-05,0.99996022548256702,-3.9775308460045766e-05,3.9775308460045766e-05,0
514,382,0.99029892802287744,-0.0097484339326168352,0.0097484339326168352,0.99029892802287744,-0.0097484339326168352,0.0097484339326168352,0
515,791,0.80110468704220839,-0.22176364502021334,0.22176364502021334,0.80110468704220839,-0.22176364502021334,0.22176364502021334,0
516,4409,0.99992381499572625,-7.6187906498634289e-05,7.6187906498634289e-05,0.99992381499572625,-7.6187906498634289e-05,7.6187906498634289e-05,0
517,3907,0.99999975007873865,-2.4992129262793097e-07,2.4992129262793097e-07,0.99999975007873865,-2.4992129262793097e-07,2.4992129262793097e-07,0
518,315,0.99999987125128931,-1.2874871894688963e-07,1.2874871894688963e-07,0.99999987125128931,-1.2874871894688963e-07,1.2874871894688963e-07,0
519,19730,0.99999513806293738,-4.8619488818597924e-06,4.8619488818597924e-06,0.99999513806293738,-4.8619488818597924e-06,4.8619488818597924e-06,0
520,18711,0.99999950069713095,-4.9930299375464175e-07,4.9930299375464175e-07,0.99999950069713095,-4.9930299375464175e-07,4.9930299375464175e-07,0
521,11136,0.99780640517967001,-0.0021960042736689869,0.0021960042736689869,0.99780640517967001,-0.0021960042736689869,0.0021960042736689869,0
522,264,0.99999881264436263,-1.1873563422198699e-06,1.1873563422198699e-06,0.99999881264436263,-1.1873563422198699e-06,1.1873563422198699e-06,0
523,36899,0.99999825741906634,-1.7425824519346204e-06,1.7425824519346204e-06,0.99999825741906634,-1.7425824519346204e-06,1.7425824519346204e-06,0
524,22343,0.99999677788115682,-3.2221240341638134e-06,3.2221240341638134e-06,0.99999677788115682,-3.2221240341638134e-06,3.2221240341638134e-06,0
525,389,0.99999931899588501,-6.8100434684514831e-07,6.8100434684514831e-07,0.99999931899588501,-6.8100434684514831e-07,6.8100434684514831e-07,0
526,5936,0.99999225964950555,-7.7403804511416366e-06,7.7403804511416366e-06,0.99999225964950555,-7.7403804511416366e-06,7.7403804511416366e-06,0
527,220,0.99999981508637026,-1.8491364683994068e-07,1.8491364683994068e-07,0.99999981508637026,-1.8491364683994068e-07,1.8491364683994068e-07,0
528,1187,0.99999977178078281,-2.2821924321840778e-07,2.2821924321840778e-07,0.99999977178078281,-2.2821924321840778e-07,2.2821924321840778e-07,0
529,11,0.9999999041282569,-9.5871747719039501e-08,9.5871747719039501e-08,0.9999999041282569,-9.5871747719039501e-08,9.5871747719039501e-08,0
530,220,0.99999960612438088,-3.9387569664930166e-07,3.9387569664930166e-07,0.99999960612438088,-3.9387569664930166e-07,3.9387569664930166e-07,0
531,1049,0.99999997445980671,-2.5540193633576983e-08,2.5540193633576983e-08,0.99999997445980671,-2.5540193633576983e-08,2.5540193633576983e-08,0
532,18,0.99999974599877073,-2.5400126151740652e-07,2.5400126151740652e-07,0.99999974599877073,-2.5400126151740652e-07,2.5400126151740652e-07,0
533,11,0.99999985345445952,-1.4654555116982966e-07,1.4654555116982966e-07,0.99999985345445952,-1.4654555116982966e-07,1.4654555116982966e-07,0
534,19392,0.99995025391990888,-4.974731746839128e-05,4.974731746839128e-05,0.99995025391990888,-4.974731746839128e-05,4.974731746839128e-05,0
535,279,0.99999884025883767,-1.1597418348609057e-06,1.1597418348609057e-06,0.99999884025883767,-1.1597418348609057e-06,1.1597418348609057e-06,0
536,29736,0.99999848711233397,-1.5128888104520145e-06,1.5128888104520145e-06,0.99999848711233397,-1.5128888104520145e-06,1.5128888104520145e-06,0
537,315,0.99999985069497954,-1.4930503162766518e-07,1.4930503162766518e-07,0.99999985069497954,-1.4930503162766518e-07,1.4930503162766518e-07,0
538,264,0.999999632145813,-3.6785425467782941e-07,3.6785425467782941e-07,0.999999632145813,-3.6785425467782941e-07,3.6785425467782941e-07,0
539,4725,0.99999931431659916,-6.8568363593456299e-07,6.8568363593456299e-07,0.99999931431659916,-6.8568363593456299e-07,6.8568363593456299e-07,0
540,477,0.99999966913989891,-3.308601558280508e-07,3.308601558280508e-07,0.99999966913989891,-3.308601558280508e-07,3.308601558280508e-07,0
541,3770,0.99999377639911669,-6.2236202500111702e-06,6.2236202500111702e-06,0.99999377639911669,-6.2236202500111702e-06,6.2236202500111702e-06,0
542,53183,0.78231437325163922,-0.24549860739119106,0.24549860739119106,0.78231437325163922,-0.24549860739119106,0.24549860739119106,0
543,3280,0.99999787344118596,-2.1265610751806192e-06,2.1265610751806192e-06,0.99999787344118596,-2.1265610751806192e-06,2.1265610751806192e-06,0
544,449,0.99999718314011532,-2.8168638520793075e-06,2.8168638520793075e-06,0.99999718314011532,-2.8168638520793075e-06,2.8168638520793075e-06,0
545,220,0.99999920351171179,-7.9648860539707388e-07,7.9648860539707388e-07,0.99999920351171179,-7.9648860539707388e-07,7.9648860539707388e-07,0
546,1682,0.99999876851337777,-1.2314873805166919e-06,1.2314873805166919e-06,0.99999876851337777,-1.2314873805166919e-06,1.2314873805166919e-06,0
547,2860,0.99999752495239103,-2.4750506719112433e-06,2.4750506719112433e-06,0.99999752495239103,-2.4750506719112433e-06,2.4750506719112433e-06,0
548,35148,0.99999787002444251,-2.1299778258964961e-06,2.1299778258964961e-06,0.99999787002444251,-2.1299778258964961e-06,2.1299778258964961e-06,0
549,32343,0.9999697569163658,-3.0243540965483206e-05,3.0243540965483206e-05,0.9999697569163658,-3.0243540965483206e-05,3.0243540965483206e-05,0
550,3233,0.99999954633245025,-4.536676526772342e-07,4.536676526772342e-07,0.99999954633245025,-4.536676526772342e-07,4.536676526772342e-07,0
551,11,0.99999772130583331,-2.2786967629724432e-06,2.2786967629724432e-06,0.99999772130583331,-2.2786967629724432e-06,2.2786967629724432e-06,0
552,220,0.99999772457382929,-2.2754287594409553e-06,2.2754287594409553e-06,0.99999772457382929,-2.2754287594409553e-06,2.2754287594409553e-06,0
553,1627,0.99999974346835663,-2.5653167630422075e-07,2.5653167630422075e-07,0.99999974346835663,-2.5653167630422075e-07,2.5653167630422075e-07,0
554,35148,0.99999775500610921,-2.2449964107496978e-06,2.2449964107496978e-06,0.99999775500610921,-2.2449964107496978e-06,2.2449964107496978e-06,0
555,44583,0.99994263911699921,-5.7362528199193067e-05,5.7362528199193067e-05,0.99994263911699921,-5.7362528199193067e-05,5.7362528199193067e-05,0
556,11,0.99999928161448537,-7.1838577262342242e-07,7.1838577262342242e-07,0.99999928161448537,-7.1838577262342242e-07,7.1838577262342242e-07,0
557,323,0.99999999097886716,-9.0211329110682403e-09,9.0211329110682403e-09,0.99999999097886716,-9.0211329110682403e-09,9.0211329110682403e-09,0
558,220,0.999999757356409,-2.4264362040131469e-07,2.4264362040131469e-07,0.999999757356409,-2.4264362040131469e-07,2.4264362040131469e-07,0
559,845,0.9999996273964501,-3.7260361937514654e-07,3.7260361937514654e-07,0.9999996273964501,-3.7260361937514654e-07,3.7260361937514654e-07,0
560,13892,0.99999237497398141,-7.6250550892724525e-06,7.6250550892724525e-06,0.99999237497398141,-7.6250550892724525e-06,7.6250550892724525e-06,0
561,764,0.99999964498051563,-3.5501954735687008e-07,3.5501954735687008e-07,0.99999964498051563,-3.5501954735687008e-07,3.5501954735687008e-07,0
562,29639,0.99998029153892931,-1.9708655284931404e-05,1.9708655284931404e-05,0.99998029153892931,-1.9708655284931404e-05,1.9708655284931404e-05,0
563,13,0.99999871462789081,-1.285372935336087e-06,1.285372935336087e-06,0.99999871462789081,-1.285372935336087e-06,1.285372935336087e-06,0
564,578,0.9382380446895513,-0.06375158318562392,0.06375158318562392,0.9382380446895513,-0.06375158318562392,0.06375158318562392,0
565,1912,0.99999736159128705,-2.6384121935484971e-06,2.6384121935484971e-06,0.99999736159128705,-2.6384121935484971e-06,2.6384121935484971e-06,0
566,32828,0.94074232733725871,-0.061086005441654677,0.061086005441654677,0.94074232733725871,-0.061086005441654677,0.061086005441654677,0
567,872,0.99999720024790451,-2.7997560147928815e-06,2.7997560147928815e-06,0.99999720024790451,-2.7997560147928815e-06,2.7997560147928815e-06,0
568,51165,0.99994087739299298,-5.9124354817202839e-05,5.9124354817202839e-05,0.99994087739299298,-5.9124354817202839e-05,5.9124354817202839e-05,0
569,389,0.99992996681886637,-7.0035633571362857e-05,7.0035633571362857e-05,0.99992996681886637,-7.0035633571362857e-05,7.0035633571362857e-05,0
570,5651,0.99997881795418098,-2.1182270161685844e-05,2.1182270161685844e-05,0.99997881795418098,-2.1182270161685844e-05,2.1182270161685844e-05,0
571,220,0.99999981110295832,-1.8889705947234846e-07,1.8889705947234846e-07,0.99999981110295832,-1.8889705947234846e-07,1.8889705947234846e-07,0
572,1187,0.99999983999597342,-1.6000403942917594e-07,1.6000403942917594e-07,0.99999983999597342,-1.6000403942917594e-07,1.6000403942917594e-07,0
573,11,0.99999981250987735,-1.8749014026730647e-07,1.8749014026730647e-07,0.99999981250987735,-1.8749014026730647e-07,1.8749014026730647e-07,0
574,220,0.99996877557135688,-3.1224916135767195e-05,3.1224916135767195e-05,0.99996877557135688,-3.1224916135767195e-05,3.1224916135767195e-05,0
575,1049,0.99999998896471587,-1.103528418106713e-08,1.103528418106713e-08,0.99999998896471587,-1.103528418106713e-08,1.103528418106713e-08,0
576,18,0.99999993433223977,-6.5667762403279705e-08,6.5667762403279705e-08,0.99999993433223977,-6.5667762403279705e-08,6.5667762403279705e-08,0
577,11,0.99999992564789109,-7.4352111701152018e-08,7.4352111701152018e-08,0.99999992564789109,-7.4352111701152018e-08,7.4352111701152018e-08,0
578,19392,0.99992854416059895,-7.1458392491128051e-05,7.1458392491128051e-05,0.99992854416059895,-7.1458392491128051e-05,7.1458392491128051e-05,0
579,264,0.9999985423724963,-1.4576285659909235e-06,1.4576285659909235e-06,0.9999985423724963,-1.4576285659909235e-06,1.4576285659909235e-06,0
580,8275,0.99999396646468597,-6.0335535158799903e-06,6.0335535158799903e-06,0.99999396646468597,-6.0335535158799903e-06,6.0335535158799903e-06,0
581,5376,0.99998655053755414,-1.3449552890740912e-05,1.3449552890740912e-05,0.99998655053755414,-1.3449552890740912e-05,1.3449552890740912e-05,0
582,315,0.99998024877096714,-1.9751424090914588e-05,1.9751424090914588e-05,0.99998024877096714,-1.9751424090914588e-05,1.9751424090914588e-05,0
583,2860,0.99999868700907801,-1.3129917839668906e-06,1.3129917839668906e-06,0.99999868700907801,-1.3129917839668906e-06,1.3129917839668906e-06,0
584,35148,0.99999767132280293,-2.3286799084682608e-06,2.3286799084682608e-06,0.99999767132280293,-2.3286799084682608e-06,2.3286799084682608e-06,0
585,32343,0.99997117883608355,-2.8821579254153477e-05,2.8821579254153477e-05,0.99997117883608355,-2.8821579254153477e-05,2.8821579254153477e-05,0
586,3233,0.99999867631042294,-1.323690453135022e-06,1.323690453135022e-06,0.99999867631042294,-1.323690453135022e-06,1.323690453135022e-06,0
587,311,0.9999999750363926,-2.4963607757992782e-08,2.4963607757992782e-08,0.9999999750363926,-2.4963607757992782e-08,2.4963607757992782e-08,0
588,220,0.99999986264771334,-1.3735229609642098e-07,1.3735229609642098e-07,0.99999986264771334,-1.3735229609642098e-07,1.3735229609642098e-07,0
589,966,0.99999980074136974,-1.992586501563559e-07,1.992586501563559e-07,0.99999980074136974,-1.992586501563559e-07,1.992586501563559e-07,0
590,13,0.99845247536686887,-0.0015487232861658537,0.0015487232861658537,0.99845247536686887,-0.0015487232861658537,0.0015487232861658537,0
591,578,0.89793733892605798,-0.1076549915933461,0.1076549915933461,0.89793733892605798,-0.1076549915933461,0.1076549915933461,0
592,1912,0.97041056473658938,-0.030036034420020657,0.030036034420020657,0.97041056473658938,-0.030036034420020657,0.030036034420020657,0
593,574,0.99996501349141886,-3.4987120623293772e-05,3.4987120623293772e-05,0.99996501349141886,-3.4987120623293772e-05,3.4987120623293772e-05,0
594,13687,0.57034941510548964,-0.56150609700978238,0.56150609700978238,0.57034941510548964,-0.56150609700978238,0.56150609700978238,0
595,304,0.99999975808449293,-2.4191553631816542e-07,2.4191553631816542e-07,0.99999975808449293,-2.4191553631816542e-07,2.4191553631816542e-07,0
596,872,0.9999977704395524,-2.2295629330327657e-06,2.2295629330327657e-06,0.9999977704395524,-2.2295629330327657e-06,2.2295629330327657e-06,0
597,51165,0.99998953783795819,-1.0462216770630753e-05,1.0462216770630753e-05,0.99998953783795819,-1.0462216770630753e-05,1.0462216770630753e-05,0
598,369,0.99999770214682948,-2.2978558105556685e-06,2.2978558105556685e-06,0.99999770214682948,-2.2978558105556685e-06,2.2978558105556685e-06,0
599,279,0.9999995288055612,-4.7119454983271757e-07,4.7119454983271757e-07,0.9999995288055612,-4.7119454983271757e-07,4.7119454983271757e-07,0
600,49017,0.99999080369341664,-9.1963488696062245e-06,9.1963488696062245e-06,0.99999080369341664,-9.1963488696062245e-06,9.1963488696062245e-06,0
601,315,0.99999949528464516,-5.047154821594808e-07,5.047154821594808e-07,0.99999949528464516,-5.047154821594808e-07,5.047154821594808e-07,0
602,279,0.99999917358488766,-8.2641545387057494e-07,8.2641545387057494e-07,0.99999917358488766,-8.2641545387057494e-07,8.2641545387057494e-07,0
603,40505,0.99999810832777225,-1.8916740170039837e-06,1.8916740170039837e-06,0.99999810832777225,-1.8916740170039837e-06,1.8916740170039837e-06,0
604,16867,0.99999731873819142,-2.681265403122074e-06,2.681265403122074e-06,0.99999731873819142,-2.681265403122074e-06,2.681265403122074e-06,0
605,11,0.99999785573749511,-2.1442648038286331e-06,2.1442648038286331e-06,0.99999785573749511,-2.1442648038286331e-06,2.1442648038286331e-06,0
606,3582,0.99906554826390526,-0.00093488860829685769,0.00093488860829685769,0.99906554826390526,-0.00093488860829685769,0.00093488860829685769,0
607,872,0.99999890354997767,-1.0964506233782281e-06,1.0964506233782281e-06,0.99999890354997767,-1.0964506233782281e-06,1.0964506233782281e-06,0
608,28175,0.99999464947157934,-5.3505427347982702e-06,5.3505427347982702e-06,0.99999464947157934,-5.3505427347982702e-06,5.3505427347982702e-06,0
609,51165,0.99998921287553388,-1.078718264761563e-05,1.078718264761563e-05,0.99998921287553388,-1.078718264761563e-05,1.078718264761563e-05,0
610,369,0.99999965071794927,-3.4928211174121343e-07,3.4928211174121343e-07,0.99999965071794927,-3.4928211174121343e-07,3.4928211174121343e-07,0
611,279,0.99999981704946894,-1.8295054774025098e-07,1.8295054774025098e-07,0.99999981704946894,-1.8295054774025098e-07,1.8295054774025098e-07,0
612,4987,0.99999940576331203,-5.9423686457061461e-07,5.9423686457061461e-07,0.99999940576331203,-5.9423686457061461e-07,5.9423686457061461e-07,0
613,5734,0.99999614174835838,-3.858259084731907e-06,3.858259084731907e-06,0.99999614174835838,-3.858259084731907e-06,3.858259084731907e-06,0
614,15379,0.99998237207995599,-1.7628075417664157e-05,1.7628075417664157e-05,0.99998237207995599,-1.7628075417664157e-05,1.7628075417664157e-05,0
615,1051,0.99999056263728392,-9.4374072482570945e-06,9.4374072482570945e-06,0.99999056263728392,-9.4374072482570945e-06,9.4374072482570945e-06,0
616,32302,0.99998872502158909,-1.1275041973920279e-05,1.1275041973920279e-05,0.99998872502158909,-1.1275041973920279e-05,1.1275041973920279e-05,0
617,1022,0.99999937418424856,-6.2581594730655768e-07,6.2581594730655768e-07,0.99999937418424856,-6.2581594730655768e-07,6.2581594730655768e-07,0
618,13,0.59682049477358201,-0.51613888957367937,0.51613888957367937,0.59682049477358201,-0.51613888957367937,0.51613888957367937,0
619,28993,0.00058360295489204956,-7.4462896781138461,7.4462896781138461,0.00058360295489204956,-7.4462896781138461,7.4462896781138461,0
620,11,0.99999963871258624,-3.6128747906163196e-07,3.6128747906163196e-07,0.99999963871258624,-3.6128747906163196e-07,3.6128747906163196e-07,0
621,279,0.99348609076227379,-0.006535217327551337,0.006535217327551337,0.99348609076227379,-0.006535217327551337,0.006535217327551337,0
622,220,0.86330517811491136,-0.14698702571056374,0.14698702571056374,0.86330517811491136,-0.14698702571056374,0.14698702571056374,0
623,1049,0.9999997917167619,-2.0828325981994182e-07,2.0828325981994182e-07,0.9999997917167619,-2.0828325981994182e-07,2.0828325981994182e-07,0
624,18,0.9999997676764929,-2.3232353406862183e-07,2.3232353406862183e-07,0.9999997676764929,-2.3232353406862183e-07,2.3232353406862183e-07,0
625,16867,0.99999375252461253,-6.2474949030521702e-06,6.2474949030521702e-06,0.99999375252461253,-6.2474949030521702e-06,6.2474949030521702e-06,0
626,13892,0.99997886672704206,-2.1133496268661313e-05,2.1133496268661313e-05,0.99997886672704206,-2.1133496268661313e-05,2.1133496268661313e-05,0
627,78149,0.99999961108099389,-3.8891908169460584e-07,3.8891908169460584e-07,0.99999961108099389,-3.8891908169460584e-07,3.8891908169460584e-07,0
628,3280,0.99999577717699906,-4.2228319170672918e-06,4.2228319170672918e-06,0.99999577717699906,-4.2228319170672918e-06,4.2228319170672918e-06,0
629,574,0.99998152303010834,-1.847714059292517e-05,1.847714059292517e-05,0.99998152303010834,-1.847714059292517e-05,1.847714059292517e-05,0
630,264,0.84102713289406739,-0.17313135687317571,0.17313135687317571,0.84102713289406739,-0.17313135687317571,0.17313135687317571,0
631,5199,0.53392696758387026,-0.62749621419931656,0.62749621419931656,0.53392696758387026,-0.62749621419931656,0.62749621419931656,0
632,1567,0.96783610574047818,-0.032692518292069497,0.032692518292069497,0.96783610574047818,-0.032692518292069497,0.032692518292069497,0
633,11,0.89795342847291126,-0.10763707341352605,0.10763707341352605,0.89795342847291126,-0.10763707341352605,0.10763707341352605,0
634,449,0.98519622292880571,-0.014914446554709299,0.014914446554709299,0.98519622292880571,-0.014914446554709299,0.014914446554709299,0
635,3892,0.9956579035114892,-0.0043515507669871769,0.0043515507669871769,0.9956579035114892,-0.0043515507669871769,0.0043515507669871769,0
636,3682,0.69598227918232181,-0.36243107991679263,0.36243107991679263,0.69598227918232181,-0.36243107991679263,0.36243107991679263,0
637,44583,0.99987401624082628,-0.0001259916957940857,0.0001259916957940857,0.99987401624082628,-0.0001259916957940857,0.0001259916957940857,0
638,28987,0.45657271989183829,-0.78400729285651494,0.78400729285651494,0.45657271989183829,-0.78400729285651494,0.78400729285651494,0
639,279,0.73792867823150587,-0.30390810101452909,0.30390810101452909,0.73792867823150587,-0.30390810101452909,0.30390810101452909,0
640,26363,0.60445437021472181,-0.50342909529207569,0.50342909529207569,0.60445437021472181,-0.50342909529207569,0.50342909529207569,0
641,11,0.99998387196860083,-1.6128161457264119e-05,1.6128161457264119e-05,0.99998387196860083,-1.6128161457264119e-05,1.6128161457264119e-05,0
642,6457,0.81316092573685872,-0.20682624838624683,0.20682624838624683,0.81316092573685872,-0.20682624838624683,0.20682624838624683,0
643,11,0.99999971132514454,-2.8867489717539075e-07,2.8867489717539075e-07,0.99999971132514454,-2.8867489717539075e-07,2.8867489717539075e-07,0
644,5734,0.99997489472619516,-2.5105588947499376e-05,2.5105588947499376e-05,0.99997489472619516,-2.5105588947499376e-05,2.5105588947499376e-05,0
645,11,0.99999921137477088,-7.8862554010177891e-07,7.8862554010177891e-07,0.99999921137477088,-7.8862554010177891e-07,7.8862554010177891e-07,0
646,279,0.92202249482907328,-0.081185657860830832,0.081185657860830832,0.92202249482907328,-0.081185657860830832,0.081185657860830832,0
647,16526,0.99999567789306643,-4.3221162739397896e-06,4.3221162739397896e-06,0.99999567789306643,-4.3221162739397896e-06,4.3221162739397896e-06,0
648,50714,0.99999676390206893,-3.2361031672829361e-06,3.2361031672829361e-06,0.99999676390206893,-3.2361031672829361e-06,3.2361031672829361e-06,0
649,11,0.99999980219057338,-1.9780944613196278e-07,1.9780944613196278e-07,0.99999980219057338,-1.9780944613196278e-07,1.9780944613196278e-07,0
650,2314,0.99257150288043339,-0.0074562258113117525,0.0074562258113117525,0.99257150288043339,-0.0074562258113117525,0.0074562258113117525,0
651,5059,0.99999847083986637,-1.5291613028126865e-06,1.5291613028126865e-06,0.99999847083986637,-1.5291613028126865e-06,1.5291613028126865e-06,0
652,2259,0.99999975620232406,-2.4379770561445473e-07,2.4379770561445473e-07,0.99999975620232406,-2.4379770561445473e-07,2.4379770561445473e-07,0
653,11,0.99999884330551481,-1.1566951541514015e-06,1.1566951541514015e-06,0.99999884330551481,-1.1566951541514015e-06,1.1566951541514015e-06,0
654,323,0.99999993553130329,-6.4468698744111174e-08,6.4468698744111174e-08,0.99999993553130329,-6.4468698744111174e-08,6.4468698744111174e-08,0
655,5370,0.99988563899961047,-0.00011436754010733361,0.00011436754010733361,0.99988563899961047,-0.00011436754010733361,0.00011436754010733361,0
656,30100,0.99995548435664727,-4.4516634203331736e-05,4.4516634203331736e-05,0.99995548435664727,-4.4516634203331736e-05,4.4516634203331736e-05,0
657,304,0.99999993279317734,-6.7206824956126725e-08,6.7206824956126725e-08,0.99999993279317734,-6.7206824956126725e-08,6.7206824956126725e-08,0
658,279,0.99999965148495074,-3.4851510999136492e-07,3.4851510999136492e-07,0.99999965148495074,-3.4851510999136492e-07,3.4851510999136492e-07,0
659,19001,0.99990749224498521,-9.2512034121083425e-05,9.2512034121083425e-05,0.99990749224498521,-9.2512034121083425e-05,9.2512034121083425e-05,0
660,16867,0.99999671983917005,-3.2801662097081937e-06,3.2801662097081937e-06,0.99999671983917005,-3.2801662097081937e-06,3.2801662097081937e-06,0
661,13,0.99988573505066314,-0.00011427147807351673,0.00011427147807351673,0.99988573505066314,-0.00011427147807351673,0.00011427147807351673,0
662,578,0.00052902211502574075,-7.5444803216381287,7.5444803216381287,0.00052902211502574075,-7.5444803216381287,7.5444803216381287,0
663,3280,0.99903563573285281,-0.00096482956553583989,0.00096482956553583989,0.99903563573285281,-0.00096482956553583989,0.00096482956553583989,0
664,574,0.49901311712779811,-0.69512289674685634,0.69512289674685634,0.49901311712779811,-0.69512289674685634,0.69512289674685634,0
665,13160,0.82914964277820769,-0.18735463015103396,0.18735463015103396,0.82914964277820769,-0.18735463015103396,0.18735463015103396,0
666,555,0.99999990742104783,-9.2578956434359604e-08,9.2578956434359604e-08,0.99999990742104783,-9.2578956434359604e-08,9.2578956434359604e-08,0
667,264,0.73405863286368667,-0.30916637227228477,0.30916637227228477,0.73405863286368667,-0.30916637227228477,0.30916637227228477,0
668,10284,0.27868333045010085,-1.277679158087478,1.277679158087478,0.27868333045010085,-1.277679158087478,1.277679158087478,0
669,3770,0.99981414982314398,-0.00018586744914017374,0.00018586744914017374,0.99981414982314398,-0.00018586744914017374,0.00018586744914017374,0
670,78526,0.99978797795456609,-0.00021204452528531768,0.00021204452528531768,0.99978797795456609,-0.00021204452528531768,0.00021204452528531768,0
671,1396,0.99190596198039038,-0.0081269725814616372,0.0081269725814616372,0.99190596198039038,-0.0081269725814616372,0.0081269725814616372,0
672,315,0.9999996071953281,-3.9280474907359789e-07,3.9280474907359789e-07,0.9999996071953281,-3.9280474907359789e-07,3.9280474907359789e-07,0
673,35148,0.91345401992502251,-0.090522238393627982,0.090522238393627982,0.91345401992502251,-0.090522238393627982,0.090522238393627982,0
674,32343,0.80161268692921539,-0.22112972176927825,0.22112972176927825,0.80161268692921539,-0.22112972176927825,0.22112972176927825,0
675,3233,0.99999676808683879,-3.2319183838631823e-06,3.2319183838631823e-06,0.99999676808683879,-3.2319183838631823e-06,3.2319183838631823e-06,0
676,11,0.99918331941134508,-0.00081701425392458136,0.00081701425392458136,0.99918331941134508,-0.00081701425392458136,0.00081701425392458136,0
677,719,0.97935841262292345,-0.020857602711719898,0.020857602711719898,0.97935841262292345,-0.020857602711719898,0.020857602711719898,0
678,3892,0.72411724744880002,-0.3228019557178779,0.3228019557178779,0.72411724744880002,-0.3228019557178779,0.3228019557178779,0
679,44583,0.66514766252540181,-0.4077462140651148,0.4077462140651148,0.66514766252540181,-0.4077462140651148,0.4077462140651148,0
680,1047,0.42179610478622565,-0.86323324572115201,0.86323324572115201,0.42179610478622565,-0.86323324572115201,0.86323324572115201,0
681,264,0.52063182029657062,-0.65271216593733761,0.65271216593733761,0.52063182029657062,-0.65271216593733761,0.65271216593733761,0
682,5199,0.85971279812438195,-0.15115690117951949,0.15115690117951949,0.85971279812438195,-0.15115690117951949,0.15115690117951949,0
683,5536,0.99988758993318949,-0.00011241638529553184,0.00011241638529553184,0.99988758993318949,-0.00011241638529553184,0.00011241638529553184,0
684,389,0.99923083890777797,-0.00076945704838334852,0.00076945704838334852,0.99923083890777797,-0.00076945704838334852,0.00076945704838334852,0
685,279,0.99462701613583648,-0.0053874702553637632,0.0053874702553637632,0.99462701613583648,-0.0053874702553637632,0.0053874702553637632,0
686,5654,0.65046448650328603,-0.43006857667318038,0.43006857667318038,0.65046448650328603,-0.43006857667318038,0.43006857667318038,0
687,13,0.99998307405960041,-1.6926083644904866e-05,1.6926083644904866e-05,0.99998307405960041,-1.6926083644904866e-05,1.6926083644904866e-05,0
688,4815,8.6196300180341463e-06,-11.661468395551566,11.661468395551566,8.6196300180341463e-06,-11.661468395551566,11.661468395551566,0
689,791,0.34229174427139725,-1.0720918521376768,1.0720918521376768,0.34229174427139725,-1.0720918521376768,1.0720918521376768,0
690,1455,0.20560203564944976,-1.5818128444314172,1.5818128444314172,0.20560203564944976,-1.5818128444314172,1.5818128444314172,0
691,19428,0.98967942524894126,-0.010374201172069816,0.010374201172069816,0.98967942524894126,-0.010374201172069816,0.010374201172069816,0
692,35148,0.98968017808527664,-0.01037344048529606,0.01037344048529606,0.98968017808527664,-0.01037344048529606,0.01037344048529606,0
693,32343,0.99991952484739655,-8.0478390902330441e-05,8.0478390902330441e-05,0.99991952484739655,-8.0478390902330441e-05,8.0478390902330441e-05,0
694,606,0.99994122666105989,-5.8775066160525821e-05,5.8775066160525821e-05,0.99994122666105989,-5.8775066160525821e-05,5.8775066160525821e-05,0
695,315,0.99983284253240945,-0.00016717143995710553,0.00016717143995710553,0.99983284253240945,-0.00016717143995710553,0.00016717143995710553,0
696,279,0.99981930213076453,-0.00018071419706246135,0.00018071419706246135,0.99981930213076453,-0.00018071419706246135,0.00018071419706246135,0
697,3280,0.99912043884145429,-0.00087994819942894729,0.00087994819942894729,0.99912043884145429,-0.00087994819942894729,0.00087994819942894729,0
698,574,0.98427166720755621,-0.015853335473688147,0.015853335473688147,0.98427166720755621,-0.015853335473688147,0.015853335473688147,0
699,14221,0.99921080298782028,-0.00078950859208443743,0.00078950859208443743,0.99921080298782028,-0.00078950859208443743,0.00078950859208443743,0
700,78149,0.99999653264827026,-3.4673577410490021e-06,3.4673577410490021e-06,0.99999653264827026,-3.4673577410490021e-06,3.4673577410490021e-06,0
701,11583,0.99990617264406811,-9.3831757993555445e-05,9.3831757993555445e-05,0.99990617264406811,-9.3831757993555445e-05,9.3831757993555445e-05,0
702,22530,0.99998012577474737,-1.9874422747682218e-05,1.9874422747682218e-05,0.99998012577474737,-1.9874422747682218e-05,1.9874422747682218e-05,0
703,11,0.99873670012167304,-0.0012640985143002822,0.0012640985143002822,0.99873670012167304,-0.0012640985143002822,0.0012640985143002822,0
704,902,0.96720784375319202,-0.033341869961344479,0.033341869961344479,0.96720784375319202,-0.033341869961344479,0.033341869961344479,0
705,1047,0.98251469995925578,-0.017639973560056116,0.017639973560056116,0.98251469995925578,-0.017639973560056116,0.017639973560056116,0
706,264,0.99998967022211882,-1.0329831233711412e-05,1.0329831233711412e-05,0.99998967022211882,-1.0329831233711412e-05,1.0329831233711412e-05,0
707,8187,0.99996052968362037,-3.9471095353118951e-05,3.9471095353118951e-05,0.99996052968362037,-3.9471095353118951e-05,3.9471095353118951e-05,0
708,3703,0.99869892422573148,-0.0013019229082237109,0.0013019229082237109,0.99869892422573148,-0.0013019229082237109,0.0013019229082237109,0
709,24264,0.99999394462402758,-6.0553943062674853e-06,6.0553943062674853e-06,0.99999394462402758,-6.0553943062674853e-06,6.0553943062674853e-06,0
710,7410,0.99999154046675587,-8.4595690261868126e-06,8.4595690261868126e-06,0.99999154046675587,-8.4595690261868126e-06,8.4595690261868126e-06,0
711,315,0.99999688626773087,-3.113737116804433e-06,3.113737116804433e-06,0.99999688626773087,-3.113737116804433e-06,3.113737116804433e-06,0
712,220,0.99999799369592557,-2.006306087022337e-06,2.006306087022337e-06,0.99999799369592557,-2.006306087022337e-06,2.006306087022337e-06,0
713,21056,0.99999934415477298,-6.5584544204929205e-07,6.5584544204929205e-07,0.99999934415477298,-6.5584544204929205e-07,6.5584544204929205e-07,0
714,296,0.99896487502933806,-0.0010356610825080976,0.0010356610825080976,0.99896487502933806,-0.0010356610825080976,0.0010356610825080976,0
715,2308,0.99999312505261451,-6.8749710180177885e-06,6.8749710180177885e-06,0.99999312505261451,-6.8749710180177885e-06,6.8749710180177885e-06,0
716,320,0.99994774459623603,-5.2256769125167711e-05,5.2256769125167711e-05,0.99994774459623603,-5.2256769125167711e-05,5.2256769125167711e-05,0
717,120751,0.96426864594400497,-0.036385344830043929,0.036385344830043929,0.96426864594400497,-0.036385344830043929,0.036385344830043929,0
718,26,0.98466509983821926,-0.015453695787453068,0.015453695787453068,0.98466509983821926,-0.015453695787453068,0.015453695787453068,0
719,220,0.99999234569518503,-7.65433410928505e-06,7.65433410928505e-06,0.99999234569518503,-7.65433410928505e-06,7.65433410928505e-06,0
720,1627,0.99999695696793711,-3.043036692884579e-06,3.043036692884579e-06,0.99999695696793711,-3.043036692884579e-06,3.043036692884579e-06,0
721,13,0.99969132632012514,-0.00030872132940091488,0.00030872132940091488,0.99969132632012514,-0.00030872132940091488,0.00030872132940091488,0
722,4044,0.9998673424252924,-0.0001326663745018995,0.0001326663745018995,0.9998673424252924,-0.0001326663745018995,0.0001326663745018995,0
723,304,0.99996282829238414,-3.7172398500931536e-05,3.7172398500931536e-05,0.99996282829238414,-3.7172398500931536e-05,3.7172398500931536e-05,0
724,39,0.9999914299907855,-8.5700459372489533e-06,8.5700459372489533e-06,0.9999914299907855,-8.5700459372489533e-06,8.5700459372489533e-06,0
725,70,0.9999997638664424,-2.3613358544987724e-07,2.3613358544987724e-07,0.9999997638664424,-2.3613358544987724e-07,2.3613358544987724e-07,0
726,570,0.70912097150979181,-0.34372914428256035,0.34372914428256035,0.70912097150979181,-0.34372914428256035,0.34372914428256035,0
727,578,0.38825576997627642,-0.94609095556660106,0.94609095556660106,0.38825576997627642,-0.94609095556660106,0.94609095556660106,0
728,2853,0.75509987782662102,-0.28090524997038513,0.28090524997038513,0.75509987782662102,-0.28090524997038513,0.28090524997038513,0
729,24013,0.9994201445263311,-0.0005800236548711092,0.0005800236548711092,0.9994201445263311,-0.0005800236548711092,0.0005800236548711092,0
730,13892,0.99592222259511465,-0.0040861142106442955,0.0040861142106442955,0.99592222259511465,-0.0040861142106442955,0.0040861142106442955,0
731,78149,0.99991456403910961,-8.5439610750001822e-05,8.5439610750001822e-05,0.99991456403910961,-8.5439610750001822e-05,8.5439610750001822e-05,0
732,315,0.97667081794584798,-0.023605615191667307,0.023605615191667307,0.97667081794584798,-0.023605615191667307,0.023605615191667307,0
733,279,0.99999063266738919,-9.3673764845000308e-06,9.3673764845000308e-06,0.99999063266738919,-9.3673764845000308e-06,9.3673764845000308e-06,0
734,3280,0.9999697590385509,-3.0241418716230153e-05,3.0241418716230153e-05,0.9999697590385509,-3.0241418716230153e-05,3.0241418716230153e-05,0
735,574,0.99990816787236014,-9.1836344467804141e-05,9.1836344467804141e-05,0.99990816787236014,-9.1836344467804141e-05,9.1836344467804141e-05,0
736,1101,0.97710089753703044,-0.023165359459924508,0.023165359459924508,0.97710089753703044,-0.023165359459924508,0.023165359459924508,0
737,14221,0.73453732957106754,-0.30851446155404938,0.30851446155404938,0.73453732957106754,-0.30851446155404938,0.30851446155404938,0
738,78149,0.99999937545443662,-6.2454575836948285e-07,6.2454575836948285e-07,0.99999937545443662,-6.2454575836948285e-07,6.2454575836948285e-07,0
739,11583,0.99997884641970258,-2.1153804037510588e-05,2.1153804037510588e-05,0.99997884641970258,-2.1153804037510588e-05,2.1153804037510588e-05,0
740,22530,0.99999523032394266,-4.7696874322726815e-06,4.7696874322726815e-06,0.99999523032394266,-4.7696874322726815e-06,4.7696874322726815e-06,0
741,11,0.99965723529206163,-0.00034282346518781938,0.00034282346518781938,0.99965723529206163,-0.00034282346518781938,0.00034282346518781938,0
742,902,0.98901052708374904,-0.011050303246458859,0.011050303246458859,0.98901052708374904,-0.011050303246458859,0.011050303246458859,0
743,9057,0.90807033060039966,-0.096433446772082335,0.096433446772082335,0.90807033060039966,-0.096433446772082335,0.096433446772082335,0
744,5199,0.86611765733520962,-0.14373451667455664,0.14373451667455664,0.86611765733520962,-0.14373451667455664,0.14373451667455664,0
745,5674,0.99982121185619888,-0.00017880412830653409,0.00017880412830653409,0.99982121185619888,-0.00017880412830653409,0.00017880412830653409,0
746,323,0.99265938853000379,-0.0073676863371295517,0.0073676863371295517,0.99265938853000379,-0.0073676863371295517,0.0073676863371295517,0
747,4814,0.98452714208469905,-0.015593811872423232,0.015593811872423232,0.98452714208469905,-0.015593811872423232,0.015593811872423232,0
748,315,0.99999919713211294,-8.0286820935868537e-07,8.0286820935868537e-07,0.99999919713211294,-8.0286820935868537e-07,8.0286820935868537e-07,0
749,2324,0.99999591476918315,-4.0852391614573431e-06,4.0852391614573431e-06,0.99999591476918315,-4.0852391614573431e-06,4.0852391614573431e-06,0
750,304,0.95294026463878823,-0.048203058678866394,0.048203058678866394,0.95294026463878823,-0.048203058678866394,0.048203058678866394,0
751,4987,0.99996136812031466,-3.8632625915639779e-05,3.8632625915639779e-05,0.99996136812031466,-3.8632625915639779e-05,3.8632625915639779e-05,0
752,12126,0.99999852003838408,-1.4799627110270819e-06,1.4799627110270819e-06,0.99999852003838408,-1.4799627110270819e-06,1.4799627110270819e-06,0
753,13,0.90061329897010378,-0.10467930443477098,0.10467930443477098,0.90061329897010378,-0.10467930443477098,0.10467930443477098,0
754,578,0.56697774964043024,-0.5674352182811192,0.5674352182811192,0.56697774964043024,-0.5674352182811192,0.5674352182811192,0
755,3280,0.98316236831451043,-0.016980996163264282,0.016980996163264282,0.98316236831451043,-0.016980996163264282,0.016980996163264282,0
756,574,0.89872682439668594,-0.10677615676426905,0.10677615676426905,0.89872682439668594,-0.10677615676426905,0.10677615676426905,0
757,1101,0.96294736350819332,-0.037756527547858555,0.037756527547858555,0.96294736350819332,-0.037756527547858555,0.037756527547858555,0
758,13160,0.66198073044262062,-0.4125188315614956,0.4125188315614956,0.66198073044262062,-0.4125188315614956,0.4125188315614956,0
759,555,0.99999983491893285,-1.6508108072399026e-07,1.6508108072399026e-07,0.99999983491893285,-1.6508108072399026e-07,1.6508108072399026e-07,0
760,279,0.78535676272344701,-0.24161718963518525,0.24161718963518525,0.78535676272344701,-0.24161718963518525,0.24161718963518525,0
761,4500,0.60592809985856633,-0.50099394705002165,0.50099394705002165,0.60592809985856633,-0.50099394705002165,0.50099394705002165,0
762,315,0.99998914139276252,-1.0858666192637082e-05,1.0858666192637082e-05,0.99998914139276252,-1.0858666192637082e-05,1.0858666192637082e-05,0
763,3892,0.49465547561985418,-0.70389376758883249,0.70389376758883249,0.49465547561985418,-0.70389376758883249,0.70389376758883249,0
764,1317,0.55262334223557108,-0.59307862664014577,0.59307862664014577,0.55262334223557108,-0.59307862664014577,0.59307862664014577,0
765,62954,0.7780856414985875,-0.25091868181497157,0.25091868181497157,0.7780856414985875,-0.25091868181497157,0.25091868181497157,0
766,13892,0.5101207392629451,-0.67310783763028847,0.67310783763028847,0.5101207392629451,-0.67310783763028847,0.67310783763028847,0
767,764,0.99999945744753005,-5.4255261708936702e-07,5.4255261708936702e-07,0.99999945744753005,-5.4255261708936702e-07,5.4255261708936702e-07,0
768,29639,0.9999969796166619,-3.0203878994301963e-06,3.0203878994301963e-06,0.9999969796166619,-3.0203878994301963e-06,3.0203878994301963e-06,0
769,11,0.99999889451953927,-1.1054810718170837e-06,1.1054810718170837e-06,0.99999889451953927,-1.1054810718170837e-06,1.1054810718170837e-06,0
770,2737,0.9999700127918193,-2.9987657806065897e-05,2.9987657806065897e-05,0.9999700127918193,-2.9987657806065897e-05,2.9987657806065897e-05,0
771,14221,0.99683308599646037,-0.0031719392882603621,0.0031719392882603621,0.99683308599646037,-0.0031719392882603621,0.0031719392882603621,0
772,78149,0.99720722127997841,-0.0027966858026180555,0.0027966858026180555,0.99720722127997841,-0.0027966858026180555,0.0027966858026180555,0
773,735,0.99741076109202798,-0.0025925967845153853,0.0025925967845153853,0.99741076109202798,-0.0025925967845153853,0.0025925967845153853,0
774,9832,0.99999981902388402,-1.8097613235751016e-07,1.8097613235751016e-07,0.99999981902388402,-1.8097613235751016e-07,1.8097613235751016e-07,0
775,9008,0.99999985158431115,-1.4841569981862875e-07,1.4841569981862875e-07,0.99999985158431115,-1.4841569981862875e-07,1.4841569981862875e-07,0
776,11,0.99678074528550165,-0.0032244476629008281,0.0032244476629008281,0.99678074528550165,-0.0032244476629008281,0.0032244476629008281,0
777,902,0.99999716354643253,-2.8364575901709816e-06,2.8364575901709816e-06,0.99999716354643253,-2.8364575901709816e-06,2.8364575901709816e-06,0
778,6244,0.90283647495326991,-0.10221383282424751,0.10221383282424751,0.90283647495326991,-0.10221383282424751,0.10221383282424751,0
779,832,0.9999957864216672,-4.213587209983713e-06,4.213587209983713e-06,0.9999957864216672,-4.213587209983713e-06,4.213587209983713e-06,0
780,315,0.99999943695093318,-5.6304922527157538e-07,5.6304922527157538e-07,0.99999943695093318,-5.6304922527157538e-07,5.6304922527157538e-07,0
781,279,0.99999965191875695,-3.4808130359621838e-07,3.4808130359621838e-07,0.99999965191875695,-3.4808130359621838e-07,3.4808130359621838e-07,0
782,22807,0.9999990409602364,-9.5904022343342862e-07,9.5904022343342862e-07,0.9999990409602364,-9.5904022343342862e-07,9.5904022343342862e-07,0
783,65265,0.99945318756912238,-0.00054696198731696061,0.00054696198731696061,0.99945318756912238,-0.00054696198731696061,0.00054696198731696061,0
784,16867,0.99996737255399026,-3.2627978296439054e-05,3.2627978296439054e-05,0.99996737255399026,-3.2627978296439054e-05,3.2627978296439054e-05,0
785,13892,0.99999518029507684,-4.8197165379526562e-06,4.8197165379526562e-06,0.99999518029507684,-4.8197165379526562e-06,4.8197165379526562e-06,0
786,764,0.99999985623149579,-1.4376851452817058e-07,1.4376851452817058e-07,0.99999985623149579,-1.4376851452817058e-07,1.4376851452817058e-07,0
787,29639,0.99998297667446423,-1.7023470434193377e-05,1.7023470434193377e-05,0.99998297667446423,-1.7023470434193377e-05,1.7023470434193377e-05,0
788,304,0.99992346254641906,-7.6540382721294227e-05,7.6540382721294227e-05,0.99992346254641906,-7.6540382721294227e-05,7.6540382721294227e-05,0
789,3925,0.99997043919422868,-2.956124270057192e-05,2.956124270057192e-05,0.99997043919422868,-2.956124270057192e-05,2.956124270057192e-05,0
790,13,0.86034030538983919,-0.15042726406306769,0.15042726406306769,0.86034030538983919,-0.15042726406306769,0.15042726406306769,0
791,4815,0.54095564233002391,-0.61441799549344189,0.61441799549344189,0.54095564233002391,-0.61441799549344189,0.61441799549344189,0
792,644,0.48385088572610757,-0.72597850707691358,0.72597850707691358,0.48385088572610757,-0.72597850707691358,0.72597850707691358,0
793,12399,0.60637184261448385,-0.5002618794152911,0.5002618794152911,0.60637184261448385,-0.5002618794152911,0.5002618794152911,0
794,11,0.99997616572559511,-2.3834558445676901e-05,2.3834558445676901e-05,0.99997616572559511,-2.3834558445676901e-05,2.3834558445676901e-05,0
795,279,0.99997274260535696,-2.7257766132544582e-05,2.7257766132544582e-05,0.99997274260535696,-2.7257766132544582e-05,2.7257766132544582e-05,0
796,220,0.99999962224073535,-3.7775933595959578e-07,3.7775933595959578e-07,0.99999962224073535,-3.7775933595959578e-07,3.7775933595959578e-07,0
797,1049,0.99999817978383432,-1.8202178223232826e-06,1.8202178223232826e-06,0.99999817978383432,-1.8202178223232826e-06,1.8202178223232826e-06,0
798,18,0.99999990547428452,-9.4525719891417654e-08,9.4525719891417654e-08,0.99999990547428452,-9.4525719891417654e-08,9.4525719891417654e-08,0
799,16867,0.99999872715507798,-1.2728457320978334e-06,1.2728457320978334e-06,0.99999872715507798,-1.2728457320978334e-06,1.2728457320978334e-06,0
800,13892,0.99997235116177352,-2.7649220462629156e-05,2.7649220462629156e-05,0.99997235116177352,-2.7649220462629156e-05,2.7649220462629156e-05,0
801,78149,0.99999983608438381,-1.6391562962467531e-07,1.6391562962467531e-07,0.99999983608438381,-1.6391562962467531e-07,1.6391562962467531e-07,0
802,3280,0.99999909807359166,-9.0192681506082657e-07,9.0192681506082657e-07,0.99999909807359166,-9.0192681506082657e-07,9.0192681506082657e-07,0
803,574,0.99999790344976047,-2.0965524372439744e-06,2.0965524372439744e-06,0.99999790344976047,-2.0965524372439744e-06,2.0965524372439744e-06,0
804,264,0.99973289309838986,-0.00026714258101218877,0.00026714258101218877,0.99973289309838986,-0.00026714258101218877,0.00026714258101218877,0
805,5199,0.97174419647667343,-0.028662681506719041,0.028662681506719041,0.97174419647667343,-0.028662681506719041,0.028662681506719041,0
806,1567,0.99999169834852619,-8.3016859327000938e-06,8.3016859327000938e-06,0.99999169834852619,-8.3016859327000938e-06,8.3016859327000938e-06,0
807,11,0.94231864175451774,-0.059411800717189531,0.059411800717189531,0.94231864175451774,-0.059411800717189531,0.059411800717189531,0
808,449,0.94922607571362505,-0.052108283544564253,0.052108283544564253,0.94922607571362505,-0.052108283544564253,0.052108283544564253,0
809,3892,0.99986173720908922,-0.0001382723500916114,0.0001382723500916114,0.99986173720908922,-0.0001382723500916114,0.0001382723500916114,0
810,3682,0.99999638799483215,-3.6120116912050858e-06,3.6120116912050858e-06,0.99999638799483215,-3.6120116912050858e-06,3.6120116912050858e-06,0
811,44583,0.99998892362857883,-1.1076432764678247e-05,1.1076432764678247e-05,0.99998892362857883,-1.1076432764678247e-05,1.1076432764678247e-05,0
812,28987,0.9999603249746063,-3.9675812468374488e-05,3.9675812468374488e-05,0.9999603249746063,-3.9675812468374488e-05,3.9675812468374488e-05,0
813,279,0.99999580697388812,-4.1930349025847925e-06,4.1930349025847925e-06,0.99999580697388812,-4.1930349025847925e-06,4.1930349025847925e-06,0
814,26363,0.50236190093245003,-0.68843450083497115,0.68843450083497115,0.50236190093245003,-0.68843450083497115,0.68843450083497115,0
815,11,0.99999688034826328,-3.1196566027973366e-06,3.1196566027973366e-06,0.99999688034826328,-3.1196566027973366e-06,3.1196566027973366e-06,0
816,6457,0.99997809845848717,-2.1901781355128184e-05,2.1901781355128184e-05,0.99997809845848717,-2.1901781355128184e-05,2.1901781355128184e-05,0
817,11,0.99999967264780143,-3.2735225212704186e-07,3.2735225212704186e-07,0.99999967264780143,-3.2735225212704186e-07,3.2735225212704186e-07,0
818,5734,0.99999623602361298,-3.7639834707780996e-06,3.7639834707780996e-06,0.99999623602361298,-3.7639834707780996e-06,3.7639834707780996e-06,0
819,11,0.999999244352206,-7.5564807948967476e-07,7.5564807948967476e-07,0.999999244352206,-7.5564807948967476e-07,7.5564807948967476e-07,0
820,279,0.99990077568297209,-9.9229240086128327e-05,9.9229240086128327e-05,0.99990077568297209,-9.9229240086128327e-05,9.9229240086128327e-05,0
821,16526,0.99999767345030655,-2.3265523999215834e-06,2.3265523999215834e-06,0.99999767345030655,-2.3265523999215834e-06,2.3265523999215834e-06,0
822,50714,0.99999628468705182,-3.7153198499981827e-06,3.7153198499981827e-06,0.99999628468705182,-3.7153198499981827e-06,3.7153198499981827e-06,0
823,11,0.99999971776685348,-2.8223318629540689e-07,2.8223318629540689e-07,0.99999971776685348,-2.8223318629540689e-07,2.8223318629540689e-07,0
824,2314,0.99989072918749777,-0.00010927678299238474,0.00010927678299238474,0.99989072918749777,-0.00010927678299238474,0.00010927678299238474,0
825,5059,0.99997209802868214,-2.7902360585048235e-05,2.7902360585048235e-05,0.99997209802868214,-2.7902360585048235e-05,2.7902360585048235e-05,0
826,2259,0.99999992849999608,-7.1500006468435472e-08,7.1500006468435472e-08,0.99999992849999608,-7.1500006468435472e-08,7.1500006468435472e-08,0
827,11,0.9999985025478112,-1.4974533099370476e-06,1.4974533099370476e-06,0.9999985025478112,-1.4974533099370476e-06,1.4974533099370476e-06,0
828,323,0.99999977675140228,-2.232486226484214e-07,2.232486226484214e-07,0.99999977675140228,-2.232486226484214e-07,2.232486226484214e-07,0
829,5370,0.99999748881044304,-2.5111927099837825e-06,2.5111927099837825e-06,0.99999748881044304,-2.5111927099837825e-06,2.5111927099837825e-06,0
830,30100,0.99999382387880653,-6.1761402657846107e-06,6.1761402657846107e-06,0.99999382387880653,-6.1761402657846107e-06,6.1761402657846107e-06,0
831,304,0.99999980613801742,-1.9386200142341337e-07,1.9386200142341337e-07,0.99999980613801742,-1.9386200142341337e-07,1.9386200142341337e-07,0
832,279,0.99999967047819815,-3.2952185613256861e-07,3.2952185613256861e-07,0.99999967047819815,-3.2952185613256861e-07,3.2952185613256861e-07,0
833,19001,0.99997965665556632,-2.0343551362295103e-05,2.0343551362295103e-05,0.99997965665556632,-2.0343551362295103e-05,2.0343551362295103e-05,0
834,16867,0.99999808040416638,-1.9195976760229777e-06,1.9195976760229777e-06,0.99999808040416638,-1.9195976760229777e-06,1.9195976760229777e-06,0
835,13,0.99998841456337784,-1.1585503733810186e-05,1.1585503733810186e-05,0.99998841456337784,-1.1585503733810186e-05,1.1585503733810186e-05,0
836,578,0.99987116469950943,-0.0001288436004707778,0.0001288436004707778,0.99987116469950943,-0.0001288436004707778,0.0001288436004707778,0
837,3280,0.99999937219746449,-6.2780273257430804e-07,6.2780273257430804e-07,0.99999937219746449,-6.2780273257430804e-07,6.2780273257430804e-07,0
838,574,0.99997606849131737,-2.3931795045799864e-05,2.3931795045799864e-05,0.99997606849131737,-2.3931795045799864e-05,2.3931795045799864e-05,0
839,13160,0.99968427278007199,-0.00031577707226019099,0.00031577707226019099,0.99968427278007199,-0.00031577707226019099,0.00031577707226019099,0
840,555,0.99999949278699429,-5.0721313431317909e-07,5.0721313431317909e-07,0.99999949278699429,-5.0721313431317909e-07,5.0721313431317909e-07,0
841,264,0.99998317700799322,-1.6823133514909162e-05,1.6823133514909162e-05,0.99998317700799322,-1.6823133514909162e-05,1.6823133514909162e-05,0
842,10284,0.99972802766227697,-0.00027200932890642681,0.00027200932890642681,0.99972802766227697,-0.00027200932890642681,0.00027200932890642681,0
843,3770,0.99999496443464464,-5.0355780338656498e-06,5.0355780338656498e-06,0.99999496443464464,-5.0355780338656498e-06,5.0355780338656498e-06,0
844,78526,0.99998487078266129,-1.5129331786467262e-05,1.5129331786467262e-05,0.99998487078266129,-1.5129331786467262e-05,1.5129331786467262e-05,0
845,1396,0.99999946829289366,-5.3170724765021791e-07,5.3170724765021791e-07,0.99999946829289366,-5.3170724765021791e-07,5.3170724765021791e-07,0
846,315,0.999998578193245,-1.4218077657225329e-06,1.4218077657225329e-06,0.999998578193245,-1.4218077657225329e-06,1.4218077657225329e-06,0
847,35148,0.99999783162058808,-2.1683817628794861e-06,2.1683817628794861e-06,0.99999783162058808,-2.1683817628794861e-06,2.1683817628794861e-06,0
848,32343,0.99996998883616806,-3.0011614175907941e-05,3.0011614175907941e-05,0.99996998883616806,-3.0011614175907941e-05,3.0011614175907941e-05,0
849,3233,0.99999925383689903,-7.4616337936996841e-07,7.4616337936996841e-07,0.99999925383689903,-7.4616337936996841e-07,7.4616337936996841e-07,0
850,11,0.99997271842790714,-2.7281944241744935e-05,2.7281944241744935e-05,0.99997271842790714,-2.7281944241744935e-05,2.7281944241744935e-05,0
851,719,0.99999669011233749,-3.3098931401513474e-06,3.3098931401513474e-06,0.99999669011233749,-3.3098931401513474e-06,3.3098931401513474e-06,0
852,3892,0.99995429371146394,-4.5707333100287087e-05,4.5707333100287087e-05,0.99995429371146394,-4.5707333100287087e-05,4.5707333100287087e-05,0
853,44583,0.99996954019887274,-3.0460265036378488e-05,3.0460265036378488e-05,0.99996954019887274,-3.0460265036378488e-05,3.0460265036378488e-05,0
854,1047,0.99999707701343676,-2.9229908351267421e-06,2.9229908351267421e-06,0.99999707701343676,-2.9229908351267421e-06,2.9229908351267421e-06,0
855,264,0.99999898479821259,-1.0152023027152129e-06,1.0152023027152129e-06,0.99999898479821259,-1.0152023027152129e-06,1.0152023027152129e-06,0
856,5199,0.99907338423155545,-0.00092704534222279452,0.00092704534222279452,0.99907338423155545,-0.00092704534222279452,0.00092704534222279452,0
857,5536,0.99999742715119644,-2.5728521133683808e-06,2.5728521133683808e-06,0.99999742715119644,-2.5728521133683808e-06,2.5728521133683808e-06,0
858,389,0.99999515834442754,-4.8416672932658807e-06,4.8416672932658807e-06,0.99999515834442754,-4.8416672932658807e-06,4.8416672932658807e-06,0
859,279,0.99999883427719438,-1.1657234850754262e-06,1.1657234850754262e-06,0.99999883427719438,-1.1657234850754262e-06,1.1657234850754262e-06,0
860,5654,0.99999886300033025,-1.1370003161071473e-06,1.1370003161071473e-06,0.99999886300033025,-1.1370003161071473e-06,1.1370003161071473e-06,0
861,13,0.99921943312404504,-0.00078087167690089432,0.00078087167690089432,0.99921943312404504,-0.00078087167690089432,0.00078087167690089432,0
862,578,0.81660274944430256,-0.20260253316098448,0.20260253316098448,0.81660274944430256,-0.20260253316098448,0.20260253316098448,0
863,1455,0.86561068646709804,-0.14432002523241946,0.14432002523241946,0.86561068646709804,-0.14432002523241946,0.14432002523241946,0
864,19428,0.99995646051225195,-4.3540435619062645e-05,4.3540435619062645e-05,0.99995646051225195,-4.3540435619062645e-05,4.3540435619062645e-05,0
865,35148,0.8140826939089566,-0.20569332857072484,0.20569332857072484,0.8140826939089566,-0.20569332857072484,0.20569332857072484,0
866,32343,0.99997583065704088,-2.4169635042408533e-05,2.4169635042408533e-05,0.99997583065704088,-2.4169635042408533e-05,2.4169635042408533e-05,0
867,606,0.99998133666365441,-1.8663510507786415e-05,1.8663510507786415e-05,0.99998133666365441,-1.8663510507786415e-05,1.8663510507786415e-05,0
868,315,0.9998741148355057,-0.00012589308869668432,0.00012589308869668432,0.9998741148355057,-0.00012589308869668432,0.00012589308869668432,0
869,279,0.99999946695841502,-5.3304172702176862e-07,5.3304172702176862e-07,0.99999946695841502,-5.3304172702176862e-07,5.3304172702176862e-07,0
870,3280,0.99999946067613243,-5.3932401300871071e-07,5.3932401300871071e-07,0.99999946067613243,-5.3932401300871071e-07,5.3932401300871071e-07,0
871,574,0.99968019088498228,-0.00031986026485847493,0.00031986026485847493,0.99968019088498228,-0.00031986026485847493,0.00031986026485847493,0
872,14221,0.99998855103720041,-1.1449028339469968e-05,1.1449028339469968e-05,0.99998855103720041,-1.1449028339469968e-05,1.1449028339469968e-05,0
873,78149,0.9999997438146756,-2.5618535719745933e-07,2.5618535719745933e-07,0.9999997438146756,-2.5618535719745933e-07,2.5618535719745933e-07,0
874,11583,0.99999024407199044,-9.7559755989603965e-06,9.7559755989603965e-06,0.99999024407199044,-9.7559755989603965e-06,9.7559755989603965e-06,0
875,22530,0.99998050566899377,-1.9494521023157208e-05,1.9494521023157208e-05,0.99998050566899377,-1.9494521023157208e-05,1.9494521023157208e-05,0
876,11,0.9999653798349758,-3.4620764315957201e-05,3.4620764315957201e-05,0.9999653798349758,-3.4620764315957201e-05,3.4620764315957201e-05,0
877,902,0.39603744703977883,-0.92624650896671235,0.92624650896671235,0.39603744703977883,-0.92624650896671235,0.92624650896671235,0
878,1047,0.99789146331735734,-0.002110762775863609,0.002110762775863609,0.99789146331735734,-0.002110762775863609,0.002110762775863609,0
879,264,0.99996807102585905,-3.1929483881488472e-05,3.1929483881488472e-05,0.99996807102585905,-3.1929483881488472e-05,3.1929483881488472e-05,0
880,8187,0.99995047118173408,-4.9530044858286473e-05,4.9530044858286473e-05,0.99995047118173408,-4.9530044858286473e-05,4.9530044858286473e-05,0
881,3703,0.99999940313660207,-5.9686357607555138e-07,5.9686357607555138e-07,0.99999940313660207,-5.9686357607555138e-07,5.9686357607555138e-07,0
882,24264,0.99996318577649745,-3.6814901162709725e-05,3.6814901162709725e-05,0.99996318577649745,-3.6814901162709725e-05,3.6814901162709725e-05,0
883,7410,0.99999105755809614,-8.942481887780476e-06,8.942481887780476e-06,0.99999105755809614,-8.942481887780476e-06,8.942481887780476e-06,0
884,315,0.99999784461225516,-2.1553900677133261e-06,2.1553900677133261e-06,0.99999784461225516,-2.1553900677133261e-06,2.1553900677133261e-06,0
885,220,0.99999951068910697,-4.8931101278840476e-07,4.8931101278840476e-07,0.99999951068910697,-4.8931101278840476e-07,4.8931101278840476e-07,0
886,21056,0.99999994807491244,-5.192508887944842e-08,5.192508887944842e-08,0.99999994807491244,-5.192508887944842e-08,5.192508887944842e-08,0
887,296,0.9999971773968851,-2.8226070984170701e-06,2.8226070984170701e-06,0.9999971773968851,-2.8226070984170701e-06,2.8226070984170701e-06,0
888,2308,0.99999918327857928,-8.1672175422022865e-07,8.1672175422022865e-07,0.99999918327857928,-8.1672175422022865e-07,8.1672175422022865e-07,0
889,320,0.99988311382396899,-0.00011689300775244804,0.00011689300775244804,0.99988311382396899,-0.00011689300775244804,0.00011689300775244804,0
890,120751,0.99984807929537711,-0.00015193224574199508,0.00015193224574199508,0.99984807929537711,-0.00015193224574199508,0.00015193224574199508,0
891,26,0.9999930274788924,-6.9725454157884164e-06,6.9725454157884164e-06,0.9999930274788924,-6.9725454157884164e-06,6.9725454157884164e-06,0
892,220,0.9999704248499246,-2.9575587428814058e-05,2.9575587428814058e-05,0.9999704248499246,-2.9575587428814058e-05,2.9575587428814058e-05,0
893,1627,0.99999965182656236,-3.4817349826044459e-07,3.4817349826044459e-07,0.99999965182656236,-3.4817349826044459e-07,3.4817349826044459e-07,0
894,13,0.99999835911780144,-1.6408835448241388e-06,1.6408835448241388e-06,0.99999835911780144,-1.6408835448241388e-06,1.6408835448241388e-06,0
895,4044,0.99996248088185702,-3.7519822002694662e-05,3.7519822002694662e-05,0.99996248088185702,-3.7519822002694662e-05,3.7519822002694662e-05,0
896,304,0.9999960551036613,-3.9449041197771217e-06,3.9449041197771217e-06,0.9999960551036613,-3.9449041197771217e-06,3.9449041197771217e-06,0
897,39,0.99999977995185407,-2.2004817012203343e-07,2.2004817012203343e-07,0.99999977995185407,-2.2004817012203343e-07,2.2004817012203343e-07,0
898,70,0.99999892469357488,-1.0753070032790421e-06,1.0753070032790421e-06,0.99999892469357488,-1.0753070032790421e-06,1.0753070032790421e-06,0
899,570,0.92643190038555756,-0.076414737970478028,0.076414737970478028,0.92643190038555756,-0.076414737970478028,0.076414737970478028,0
900,578,0.75731467155013499,-0.27797642955189228,0.27797642955189228,0.75731467155013499,-0.27797642955189228,0.27797642955189228,0
901,2853,0.99848191401779907,-0.0015192394422410512,0.0015192394422410512,0.99848191401779907,-0.0015192394422410512,0.0015192394422410512,0
902,24013,0.99999891179728717,-1.088203304899392e-06,1.088203304899392e-06,0.99999891179728717,-1.088203304899392e-06,1.088203304899392e-06,0
903,13892,0.99997975454027455,-2.0245664667504422e-05,2.0245664667504422e-05,0.99997975454027455,-2.0245664667504422e-05,2.0245664667504422e-05,0
904,78149,0.99999953387071938,-4.6612938925083548e-07,4.6612938925083548e-07,0.99999953387071938,-4.6612938925083548e-07,4.6612938925083548e-07,0
905,315,0.99999890147813975,-1.0985224635797697e-06,1.0985224635797697e-06,0.99999890147813975,-1.0985224635797697e-06,1.0985224635797697e-06,0
906,279,0.99999838346193459,-1.6165393720501052e-06,1.6165393720501052e-06,0.99999838346193459,-1.6165393720501052e-06,1.6165393720501052e-06,0
907,3280,0.99999829355939385,-1.7064420620727466e-06,1.7064420620727466e-06,0.99999829355939385,-1.7064420620727466e-06,1.7064420620727466e-06,0
908,574,0.9999921770017427,-7.8230288571537605e-06,7.8230288571537605e-06,0.9999921770017427,-7.8230288571537605e-06,7.8230288571537605e-06,0
909,1101,0.99998303943077904,-1.6960713053031734e-05,1.6960713053031734e-05,0.99998303943077904,-1.6960713053031734e-05,1.6960713053031734e-05,0
910,14221,0.99999099433321514,-9.0057073361430312e-06,9.0057073361430312e-06,0.99999099433321514,-9.0057073361430312e-06,9.0057073361430312e-06,0
911,78149,0.99999835249287417,-1.6475084829652395e-06,1.6475084829652395e-06,0.99999835249287417,-1.6475084829652395e-06,1.6475084829652395e-06,0
912,11583,0.99998803852996021,-1.1961541578703922e-05,1.1961541578703922e-05,0.99998803852996021,-1.1961541578703922e-05,1.1961541578703922e-05,0
913,22530,0.99970145574294556,-0.00029858883026280086,0.00029858883026280086,0.99970145574294556,-0.00029858883026280086,0.00029858883026280086,0
914,11,0.99241295936977547,-0.0076159686345026976,0.0076159686345026976,0.99241295936977547,-0.0076159686345026976,0.0076159686345026976,0
915,902,0.99989412851556536,-0.00010587708921588298,0.00010587708921588298,0.99989412851556536,-0.00010587708921588298,0.00010587708921588298,0
916,9057,0.99998807895870312,-1.1921112353015449e-05,1.1921112353015449e-05,0.99998807895870312,-1.1921112353015449e-05,1.1921112353015449e-05,0
917,5199,0.99999730529368558,-2.694709945100734e-06,2.694709945100734e-06,0.99999730529368558,-2.694709945100734e-06,2.694709945100734e-06,0
918,5674,0.99999306120416565,-6.9388199079521648e-06,6.9388199079521648e-06,0.99999306120416565,-6.9388199079521648e-06,6.9388199079521648e-06,0
919,323,0.99999907326952897,-9.267309004825206e-07,9.267309004825206e-07,0.99999907326952897,-9.267309004825206e-07,9.267309004825206e-07,0
920,4814,0.9999967794923299,-3.2205128559450284e-06,3.2205128559450284e-06,0.9999967794923299,-3.2205128559450284e-06,3.2205128559450284e-06,0
921,315,0.99999806642302136,-1.9335788479522993e-06,1.9335788479522993e-06,0.99999806642302136,-1.9335788479522993e-06,1.9335788479522993e-06,0
922,2324,0.99999687743083587,-3.1225740393100889e-06,3.1225740393100889e-06,0.99999687743083587,-3.1225740393100889e-06,3.1225740393100889e-06,0
923,304,0.99999152750763676,-8.4725282549641005e-06,8.4725282549641005e-06,0.99999152750763676,-8.4725282549641005e-06,8.4725282549641005e-06,0
924,4987,0.99999306394706455,-6.9360769899924294e-06,6.9360769899924294e-06,0.99999306394706455,-6.9360769899924294e-06,6.9360769899924294e-06,0
925,12126,0.99999956821545133,-4.3178464185865415e-07,4.3178464185865415e-07,0.99999956821545133,-4.3178464185865415e-07,4.3178464185865415e-07,0
926,13,0.9998662588298417,-0.00013375011430606282,0.00013375011430606282,0.9998662588298417,-0.00013375011430606282,0.00013375011430606282,0
927,4815,0.096648561149754106,-2.336673960663092,2.336673960663092,0.096648561149754106,-2.336673960663092,2.336673960663092,0
928,791,0.35508378639039123,-1.0354014993534859,1.0354014993534859,0.35508378639039123,-1.0354014993534859,1.0354014993534859,0
929,3280,0.37862547317297396,-0.97120775992148833,0.97120775992148833,0.37862547317297396,-0.97120775992148833,0.97120775992148833,0
930,574,0.86705962518937607,-0.14264753272154571,0.14264753272154571,0.86705962518937607,-0.14264753272154571,0.14264753272154571,0
931,18057,0.62910497729152393,-0.46345714067219279,0.46345714067219279,0.62910497729152393,-0.46345714067219279,0.46345714067219279,0
932,291,0.99995121990505031,-4.878128473719625e-05,4.878128473719625e-05,0.99995121990505031,-4.878128473719625e-05,4.878128473719625e-05,0
933,555,0.99815956149735074,-0.0018421341904490357,0.0018421341904490357,0.99815956149735074,-0.0018421341904490357,0.0018421341904490357,0
934,3892,0.99999791190645693,-2.0880957231788699e-06,2.0880957231788699e-06,0.99999791190645693,-2.0880957231788699e-06,2.0880957231788699e-06,0
935,5315,0.99999834703002233,-1.6529713438843928e-06,1.6529713438843928e-06,0.99999834703002233,-1.6529713438843928e-06,1.6529713438843928e-06,0
936,11,0.9999993554352975,-6.4456491021452085e-07,6.4456491021452085e-07,0.9999993554352975,-6.4456491021452085e-07,6.4456491021452085e-07,0
937,2737,0.99956171528099946,-0.00043838079382114444,0.00043838079382114444,0.99956171528099946,-0.00043838079382114444,0.00043838079382114444,0
938,279,0.99999931413554333,-6.8586469186943368e-07,6.8586469186943368e-07,0.99999931413554333,-6.8586469186943368e-07,6.8586469186943368e-07,0
939,71343,0.84241324151877151,-0.1714845994839499,0.1714845994839499,0.84241324151877151,-0.1714845994839499,0.1714845994839499,0
940,22620,0.99999326663324839,-6.7333894208033675e-06,6.7333894208033675e-06,0.99999326663324839,-6.7333894208033675e-06,6.7333894208033675e-06,0
941,32388,0.99999519497074929,-4.8050407949026349e-06,4.8050407949026349e-06,0.99999519497074929,-4.8050407949026349e-06,4.8050407949026349e-06,0
942,320,0.99991022112752526,-8.9782902838966784e-05,8.9782902838966784e-05,0.99991022112752526,-8.9782902838966784e-05,8.9782902838966784e-05,0
943,10155,0.99999977003150864,-2.299685177647756e-07,2.299685177647756e-07,0.99999977003150864,-2.299685177647756e-07,2.299685177647756e-07,0
944,49,0.99999998190275996,-1.8097240209183419e-08,1.8097240209183419e-08,0.99999998190275996,-1.8097240209183419e-08,1.8097240209183419e-08,0
945,8,0.99999643373417824,-3.5662721808785794e-06,3.5662721808785794e-06,0.99999643373417824,-3.5662721808785794e-06,3.5662721808785794e-06,0
946,73547,0.99999836232682926,-1.6376745117162758e-06,1.6376745117162758e-06,0.99999836232682926,-1.6376745117162758e-06,1.6376745117162758e-06,0
947,323,0.99999071644912363,-9.2835939688493865e-06,9.2835939688493865e-06,0.99999071644912363,-9.2835939688493865e-06,9.2835939688493865e-06,0
948,279,0.99999768952467105,-2.3104779980772597e-06,2.3104779980772597e-06,0.99999768952467105,-2.3104779980772597e-06,2.3104779980772597e-06,0
949,4409,0.99999499555690685,-5.0044556153615227e-06,5.0044556153615227e-06,0.99999499555690685,-5.0044556153615227e-06,5.0044556153615227e-06,0
950,3907,0.99999142523563611,-8.5748011273610046e-06,8.5748011273610046e-06,0.99999142523563611,-8.5748011273610046e-06,8.5748011273610046e-06,0
951,315,0.99999874686324053,-1.2531375445937389e-06,1.2531375445937389e-06,0.99999874686324053,-1.2531375445937389e-06,1.2531375445937389e-06,0
952,19730,0.9999909354689438,-9.0645721393397452e-06,9.0645721393397452e-06,0.9999909354689438,-9.0645721393397452e-06,9.0645721393397452e-06,0
953,18711,0.99999873617853818,-1.2638222604707592e-06,1.2638222604707592e-06,0.99999873617853818,-1.2638222604707592e-06,1.2638222604707592e-06,0
954,13,0.9967938464511541,-0.0032113042714200651,0.0032113042714200651,0.9967938464511541,-0.0032113042714200651,0.0032113042714200651,0
955,578,0.9952637394435192,-0.004747512179647217,0.004747512179647217,0.9952637394435192,-0.004747512179647217,0.004747512179647217,0
956,75771,0.97123825578475576,-0.029183469229494254,0.029183469229494254,0.97123825578475576,-0.029183469229494254,0.029183469229494254,0
957,73547,0.9998600276893681,-0.00013998210767000849,0.00013998210767000849,0.9998600276893681,-0.00013998210767000849,0.00013998210767000849,0
958,11136,0.72470669688270306,-0.32198826200618569,0.32198826200618569,0.72470669688270306,-0.32198826200618569,0.32198826200618569,0
959,459,0.97627894220242306,-0.024006931965586422,0.024006931965586422,0.97627894220242306,-0.024006931965586422,0.024006931965586422,0
960,11838,0.999980784148644,-1.9216035982870672e-05,1.9216035982870672e-05,0.999980784148644,-1.9216035982870672e-05,1.9216035982870672e-05,0
961,2134,0.99998211013790161,-1.7890022123858833e-05,1.7890022123858833e-05,0.99998211013790161,-1.7890022123858833e-05,1.7890022123858833e-05,0
962,18057,0.99998332439938442,-1.6675739654995969e-05,1.6675739654995969e-05,0.99998332439938442,-1.6675739654995969e-05,1.6675739654995969e-05,0
963,389,0.99998134926577764,-1.8650908149500153e-05,1.8650908149500153e-05,0.99998134926577764,-1.8650908149500153e-05,1.8650908149500153e-05,0
964,5587,0.99994388362144049,-5.611795314238331e-05,5.611795314238331e-05,0.99994388362144049,-5.611795314238331e-05,5.611795314238331e-05,0
965,220,0.99999951551415367,-4.8448596366823307e-07,4.8448596366823307e-07,0.99999951551415367,-4.8448596366823307e-07,4.8448596366823307e-07,0
966,20,0.99999864310756603,-1.356893354581631e-06,1.356893354581631e-06,0.99999864310756603,-1.356893354581631e-06,1.356893354581631e-06,0
967,11,0.99999843003289446,-1.5699683379465598e-06,1.5699683379465598e-06,0.99999843003289446,-1.5699683379465598e-06,1.5699683379465598e-06,0
968,220,0.99999692250115702,-3.0775035784454765e-06,3.0775035784454765e-06,0.99999692250115702,-3.0775035784454765e-06,3.0775035784454765e-06,0
969,1049,0.99999953408174502,-4.6591836348572831e-07,4.6591836348572831e-07,0.99999953408174502,-4.6591836348572831e-07,4.6591836348572831e-07,0
970,18,0.99999902603817881,-9.7396229546659152e-07,9.7396229546659152e-07,0.99999902603817881,-9.7396229546659152e-07,9.7396229546659152e-07,0
971,11,0.99999763332523373,-2.3666775668768988e-06,2.3666775668768988e-06,0.99999763332523373,-2.3666775668768988e-06,2.3666775668768988e-06,0
972,27401,0.99966993114815161,-0.00033012333656133618,0.00033012333656133618,0.99966993114815161,-0.00033012333656133618,0.00033012333656133618,0
973,279,0.99999856470813897,-1.4352928910149076e-06,1.4352928910149076e-06,0.99999856470813897,-1.4352928910149076e-06,1.4352928910149076e-06,0
974,29736,0.99999740214132882,-2.5978620456710026e-06,2.5978620456710026e-06,0.99999740214132882,-2.5978620456710026e-06,2.5978620456710026e-06,0
975,315,0.99999903780741073,-9.6219305217820162e-07,9.6219305217820162e-07,0.99999903780741073,-9.6219305217820162e-07,9.6219305217820162e-07,0
976,3221,0.99999838501590865,-1.6149853953933963e-06,1.6149853953933963e-06,0.99999838501590865,-1.6149853953933963e-06,1.6149853953933963e-06,0
977,78526,0.9999735873450416,-2.6413003778659198e-05,2.6413003778659198e-05,0.9999735873450416,-2.6413003778659198e-05,2.6413003778659198e-05,0
978,35148,0.99999738525641335,-2.6147470050590719e-06,2.6147470050590719e-06,0.99999738525641335,-2.6147470050590719e-06,2.6147470050590719e-06,0
979,32343,0.99989320241604684,-0.00010680328722118816,0.00010680328722118816,0.99989320241604684,-0.00010680328722118816,0.00010680328722118816,0
980,606,0.99999976993363437,-2.3006639211753388e-07,2.3006639211753388e-07,0.99999976993363437,-2.3006639211753388e-07,2.3006639211753388e-07,0
981,5820,0.99999587523026101,-4.124778245914309e-06,4.124778245914309e-06,0.99999587523026101,-4.124778245914309e-06,4.124778245914309e-06,0
982,439,0.99936245866370854,-0.00063774465218865604,0.00063774465218865604,0.99936245866370854,-0.00063774465218865604,0.00063774465218865604,0
983,264,0.99999885241225028,-1.1475884081836278e-06,1.1475884081836278e-06,0.99999885241225028,-1.1475884081836278e-06,1.1475884081836278e-06,0
984,1121,0.99999786757522524,-2.1324270483862351e-06,2.1324270483862351e-06,0.99999786757522524,-2.1324270483862351e-06,2.1324270483862351e-06,0
985,315,0.99999739864034065,-2.6013630429434505e-06,2.6013630429434505e-06,0.99999739864034065,-2.6013630429434505e-06,2.6013630429434505e-06,0
986,28448,0.99999535195818423,-4.648052617940697e-06,4.648052617940697e-06,0.99999535195818423,-4.648052617940697e-06,4.648052617940697e-06,0
987,21277,0.99993802561660761,-6.1976303883841651e-05,6.1976303883841651e-05,0.99993802561660761,-6.1976303883841651e-05,6.1976303883841651e-05,0
988,9581,0.99999409214374957,-5.9078737018803069e-06,5.9078737018803069e-06,0.99999409214374957,-5.9078737018803069e-06,5.9078737018803069e-06,0
989,7479,0.99999769051684573,-2.3094858211415077e-06,2.3094858211415077e-06,0.99999769051684573,-2.3094858211415077e-06,2.3094858211415077e-06,0
990,20472,0.99998716415128652,-1.2835931093654863e-05,1.2835931093654863e-05,0.99998716415128652,-1.2835931093654863e-05,1.2835931093654863e-05,0
991,13,0.99994838146106335,-5.1619871219258792e-05,5.1619871219258792e-05,0.99994838146106335,-5.1619871219258792e-05,5.1619871219258792e-05,0
992,578,0.99925320560942299,-0.0007470733804153017,0.0007470733804153017,0.99925320560942299,-0.0007470733804153017,0.0007470733804153017,0
993,18057,0.77031273694068081,-0.26095869472073857,0.26095869472073857,0.77031273694068081,-0.26095869472073857,0.26095869472073857,0
994,16717,0.99986708118132328,-0.00013292765316573937,0.00013292765316573937,0.99986708118132328,-0.00013292765316573937,0.00013292765316573937,0
995,279,0.99999182532098918,-8.1747124236449865e-06,8.1747124236449865e-06,0.99999182532098918,-8.1747124236449865e-06,8.1747124236449865e-06,0
996,4754,0.99999666835074252,-3.3316548074071576e-06,3.3316548074071576e-06,0.99999666835074252,-3.3316548074071576e-06,3.3316548074071576e-06,0
997,369,0.99999691819174641,-3.0818130024253959e-06,3.0818130024253959e-06,0.99999691819174641,-3.0818130024253959e-06,3.0818130024253959e-06,0
998,220,0.9999948645136445,-5.135499542148476e-06,5.135499542148476e-06,0.9999948645136445,-5.135499542148476e-06,5.135499542148476e-06,0
999,1627,0.99999183293891736,-8.1670944332579424e-06,8.1670944332579424e-06,0.99999183293891736,-8.1670944332579424e-06,8.1670944332579424e-06,0
1000,12,0.99993903435808862,-6.0967500391682348e-05,6.0967500391682348e-05,0.99993903435808862,-6.0967500391682348e-05,6.0967500391682348e-05,0
1001,1544,0.99999398009303375,-6.0199250859186013e-06,6.0199250859186013e-06,0.99999398009303375,-6.0199250859186013e-06,6.0199250859186013e-06,0
1002,35148,0.99999210049119047,-7.8995400108292287e-06,7.8995400108292287e-06,0.99999210049119047,-7.8995400108292287e-06,7.8995400108292287e-06,0
1003,44583,0.99995134367545024,-4.8657508307152302e-05,4.8657508307152302e-05,0.99995134367545024,-4.8657508307152302e-05,4.8657508307152302e-05,0
1004,11,0.99959141923893835,-0.000408664252923733,0.000408664252923733,0.99959141923893835,-0.000408664252923733,0.000408664252923733,0
1005,7863,0.99998946395430499,-1.0536101199523464e-05,1.0536101199523464e-05,0.99998946395430499,-1.0536101199523464e-05,1.0536101199523464e-05,0
1006,311,0.99999814098561624,-1.8590161116956095e-06,1.8590161116956095e-06,0.99999814098561624,-1.8590161116956095e-06,1.8590161116956095e-06,0
1007,279,0.99999540402375309,-4.5959868084524843e-06,4.5959868084524843e-06,0.99999540402375309,-4.5959868084524843e-06,4.5959868084524843e-06,0
1008,220,0.99999718068821974,-2.8193157545118438e-06,2.8193157545118438e-06,0.99999718068821974,-2.8193157545118438e-06,2.8193157545118438e-06,0
1009,605,0.9999972520790934,-2.7479246821207589e-06,2.7479246821207589e-06,0.9999972520790934,-2.7479246821207589e-06,2.7479246821207589e-06,0
1010,12,0.99983379829773322,-0.00016621551530016931,0.00016621551530016931,0.99983379829773322,-0.00016621551530016931,0.00016621551530016931,0
1011,323,0.99999588978839016,-4.1102200568070419e-06,4.1102200568070419e-06,0.99999588978839016,-4.1102200568070419e-06,4.1102200568070419e-06,0
1012,220,0.99999347932488403,-6.5206963756185833e-06,6.5206963756185833e-06,0.99999347932488403,-6.5206963756185833e-06,6.5206963756185833e-06,0
1013,966,0.99999993980659474,-6.0193407112313269e-08,6.0193407112313269e-08,0.99999993980659474,-6.0193407112313269e-08,6.0193407112313269e-08,0
1014,4771,0.9999897349677902,-1.0265084895568854e-05,1.0265084895568854e-05,0.9999897349677902,-1.0265084895568854e-05,1.0265084895568854e-05,0
1015,5578,0.99997448627975227,-2.551404572819742e-05,2.551404572819742e-05,0.99997448627975227,-2.551404572819742e-05,2.551404572819742e-05,0
1016,315,0.99999361503636264,-6.3849840213642549e-06,6.3849840213642549e-06,0.99999361503636264,-6.3849840213642549e-06,6.3849840213642549e-06,0
1017,220,0.9999955095610753,-4.4904490067094116e-06,4.4904490067094116e-06,0.9999955095610753,-4.4904490067094116e-06,4.4904490067094116e-06,0
1018,1544,0.99999903248230848,-9.6751815961335748e-07,9.6751815961335748e-07,0.99999903248230848,-9.6751815961335748e-07,9.6751815961335748e-07,0
1019,13,0.99999878355107086,-1.2164496689722374e-06,1.2164496689722374e-06,0.99999878355107086,-1.2164496689722374e-06,1.2164496689722374e-06,0
1020,23,0.99999374555578946,-6.2544637696054382e-06,6.2544637696054382e-06,0.99999374555578946,-6.2544637696054382e-06,6.2544637696054382e-06,0
1021,323,0.99999708140101196,-2.9186032472148299e-06,2.9186032472148299e-06,0.99999708140101196,-2.9186032472148299e-06,2.9186032472148299e-06,0
1022,220,0.99998766801409944,-1.2332061940164728e-05,1.2332061940164728e-05,0.99998766801409944,-1.2332061940164728e-05,1.2332061940164728e-05,0
1023,1627,0.99999996379975675,-3.6200243924502747e-08,3.6200243924502747e-08,0.99999996379975675,-3.6200243924502747e-08,3.6200243924502747e-08,0
