ggml_metal_device_init: tensor API disabled for pre-M5 and pre-A19 devices
ggml_metal_library_init: using embedded metal library
ggml_metal_library_init: loaded in 0.007 sec
ggml_metal_rsets_init: creating a residency set collection (keep_alive = 180 s)
ggml_metal_device_init: GPU name:   MTL0
ggml_metal_device_init: GPU family: MTLGPUFamilyApple7  (1007)
ggml_metal_device_init: GPU family: MTLGPUFamilyCommon3 (3003)
ggml_metal_device_init: GPU family: MTLGPUFamilyMetal4  (5002)
ggml_metal_device_init: simdgroup reduction   = true
ggml_metal_device_init: simdgroup matrix mul. = true
ggml_metal_device_init: has unified memory    = true
ggml_metal_device_init: has bfloat            = true
ggml_metal_device_init: has tensor            = false
ggml_metal_device_init: use residency sets    = true
ggml_metal_device_init: use shared buffers    = true
ggml_metal_device_init: recommendedMaxWorkingSetSize  = 12713.12 MB
build: 8138 (2e37921fb) with AppleClang 17.0.0.17000603 for Darwin arm64
srv    load_model: loading model '../models/Meta-Llama-3.1-8B-Instruct-Q4_K_M.gguf'
common_init_result: fitting params to device memory, for bugs during this step try to reproduce them with -fit off, or provide --verbose logs if the bug only occurs with -fit on
llama_params_fit_impl: projected to use 5199 MiB of device memory vs. 12123 MiB of free device memory
llama_params_fit_impl: will leave 6924 >= 1024 MiB of free device memory, no changes needed
llama_params_fit: successfully fit params to free device memory
llama_params_fit: fitting params to free memory took 0.18 seconds
llama_model_load_from_file_impl: using device MTL0 (Apple M1 Pro) (unknown id) - 12123 MiB free
llama_model_loader: loaded meta data with 33 key-value pairs and 292 tensors from ../models/Meta-Llama-3.1-8B-Instruct-Q4_K_M.gguf (version GGUF V3 (latest))
llama_model_loader: Dumping metadata keys/values. Note: KV overrides do not apply in this output.
llama_model_loader: - kv   0:                       general.architecture str              = llama
llama_model_loader: - kv   1:                               general.type str              = model
llama_model_loader: - kv   2:                               general.name str              = Meta Llama 3.1 8B Instruct
llama_model_loader: - kv   3:                           general.finetune str              = Instruct
llama_model_loader: - kv   4:                           general.basename str              = Meta-Llama-3.1
llama_model_loader: - kv   5:                         general.size_label str              = 8B
llama_model_loader: - kv   6:                            general.license str              = llama3.1
llama_model_loader: - kv   7:                               general.tags arr[str,6]       = ["facebook", "meta", "pytorch", "llam...
llama_model_loader: - kv   8:                          general.languages arr[str,8]       = ["en", "de", "fr", "it", "pt", "hi", ...
llama_model_loader: - kv   9:                          llama.block_count u32              = 32
llama_model_loader: - kv  10:                       llama.context_length u32              = 131072
llama_model_loader: - kv  11:                     llama.embedding_length u32              = 4096
llama_model_loader: - kv  12:                  llama.feed_forward_length u32              = 14336
llama_model_loader: - kv  13:                 llama.attention.head_count u32              = 32
llama_model_loader: - kv  14:              llama.attention.head_count_kv u32              = 8
llama_model_loader: - kv  15:                       llama.rope.freq_base f32              = 500000.000000
llama_model_loader: - kv  16:     llama.attention.layer_norm_rms_epsilon f32              = 0.000010
llama_model_loader: - kv  17:                          general.file_type u32              = 15
llama_model_loader: - kv  18:                           llama.vocab_size u32              = 128256
llama_model_loader: - kv  19:                 llama.rope.dimension_count u32              = 128
llama_model_loader: - kv  20:                       tokenizer.ggml.model str              = gpt2
llama_model_loader: - kv  21:                         tokenizer.ggml.pre str              = llama-bpe
llama_model_loader: - kv  22:                      tokenizer.ggml.tokens arr[str,128256]  = ["!", "\"", "#", "$", "%", "&", "'", ...
llama_model_loader: - kv  23:                  tokenizer.ggml.token_type arr[i32,128256]  = [1, 1, 1, 1, 1, 1, 1, 1, 1, 1, 1, 1, ...
llama_model_loader: - kv  24:                      tokenizer.ggml.merges arr[str,280147]  = ["Ġ Ġ", "Ġ ĠĠĠ", "ĠĠ ĠĠ", "...
llama_model_loader: - kv  25:                tokenizer.ggml.bos_token_id u32              = 128000
llama_model_loader: - kv  26:                tokenizer.ggml.eos_token_id u32              = 128009
llama_model_loader: - kv  27:                    tokenizer.chat_template str              = {{- bos_token }}\n{%- if custom_tools ...
llama_model_loader: - kv  28:               general.quantization_version u32              = 2
llama_model_loader: - kv  29:                      quantize.imatrix.file str              = /models_out/Meta-Llama-3.1-8B-Instruc...
llama_model_loader: - kv  30:                   quantize.imatrix.dataset str              = /training_dir/calibration_datav3.txt
llama_model_loader: - kv  31:             quantize.imatrix.entries_count i32              = 224
llama_model_loader: - kv  32:              quantize.imatrix.chunks_count i32              = 125
llama_model_loader: - type  f32:   66 tensors
llama_model_loader: - type q4_K:  193 tensors
llama_model_loader: - type q6_K:   33 tensors
print_info: file format = GGUF V3 (latest)
print_info: file type   = Q4_K - Medium
print_info: file size   = 4.58 GiB (4.89 BPW) 
load: 0 unused tokens
load: printing all EOG tokens:
load:   - 128001 ('<|end_of_text|>')
load:   - 128008 ('<|eom_id|>')
load:   - 128009 ('<|eot_id|>')
load: special tokens cache size = 256
load: token to piece cache size = 0.7999 MB
print_info: arch                  = llama
print_info: vocab_only            = 0
print_info: no_alloc              = 0
print_info: n_ctx_train           = 131072
print_info: n_embd                = 4096
print_info: n_embd_inp            = 4096
print_info: n_layer               = 32
print_info: n_head                = 32
print_info: n_head_kv             = 8
print_info: n_rot                 = 128
print_info: n_swa                 = 0
print_info: is_swa_any            = 0
print_info: n_embd_head_k         = 128
print_info: n_embd_head_v         = 128
print_info: n_gqa                 = 4
print_info: n_embd_k_gqa          = 1024
print_info: n_embd_v_gqa          = 1024
print_info: f_norm_eps            = 0.0e+00
print_info: f_norm_rms_eps        = 1.0e-05
print_info: f_clamp_kqv           = 0.0e+00
print_info: f_max_alibi_bias      = 0.0e+00
print_info: f_logit_scale         = 0.0e+00
print_info: f_attn_scale          = 0.0e+00
print_info: n_ff                  = 14336
print_info: n_expert              = 0
print_info: n_expert_used         = 0
print_info: n_expert_groups       = 0
print_info: n_group_used          = 0
print_info: causal attn           = 1
print_info: pooling type          = 0
print_info: rope type             = 0
print_info: rope scaling          = linear
print_info: freq_base_train       = 500000.0
print_info: freq_scale_train      = 1
print_info: n_ctx_orig_yarn       = 131072
print_info: rope_yarn_log_mul     = 0.0000
print_info: rope_finetuned        = unknown
print_info: model type            = 8B
print_info: model params          = 8.03 B
print_info: general.name          = Meta Llama 3.1 8B Instruct
print_info: vocab type            = BPE
print_info: n_vocab               = 128256
print_info: n_merges              = 280147
print_info: BOS token             = 128000 '<|begin_of_text|>'
print_info: EOS token             = 128009 '<|eot_id|>'
print_info: EOT token             = 128001 '<|end_of_text|>'
print_info: EOM token             = 128008 '<|eom_id|>'
print_info: LF token              = 198 'Ċ'
print_info: EOG token             = 128001 '<|end_of_text|>'
print_info: EOG token             = 128008 '<|eom_id|>'
print_info: EOG token             = 128009 '<|eot_id|>'
print_info: max token length      = 256
load_tensors: loading model tensors, this can take a while... (mmap = true, direct_io = false)
load_tensors: offloading output layer to GPU
load_tensors: offloading 31 repeating layers to GPU
load_tensors: offloaded 33/33 layers to GPU
load_tensors:   CPU_Mapped model buffer size =   281.81 MiB
load_tensors:  MTL0_Mapped model buffer size =  4685.30 MiB
........................................................................................
common_init_result: added <|end_of_text|> logit bias = -inf
common_init_result: added <|eom_id|> logit bias = -inf
common_init_result: added <|eot_id|> logit bias = -inf
llama_context: constructing llama_context
llama_context: n_seq_max     = 1
llama_context: n_ctx         = 4096
llama_context: n_ctx_seq     = 4096
llama_context: n_batch       = 2048
llama_context: n_ubatch      = 512
llama_context: causal_attn   = 1
llama_context: flash_attn    = disabled
llama_context: kv_unified    = false
llama_context: freq_base     = 500000.0
llama_context: freq_scale    = 1
llama_context: n_ctx_seq (4096) < n_ctx_train (131072) -- the full capacity of the model will not be utilized
ggml_metal_init: allocating
ggml_metal_init: found device: Apple M1 Pro
ggml_metal_init: picking default device: Apple M1 Pro
ggml_metal_init: use fusion         = true
ggml_metal_init: use concurrency    = true
ggml_metal_init: use graph optimize = true
llama_context:        CPU  output buffer size =     0.49 MiB
llama_kv_cache:       MTL0 KV buffer size =   512.00 MiB
llama_kv_cache: size =  512.00 MiB (  4096 cells,  32 layers,  1/1 seqs), K (f16):  256.00 MiB, V (f16):  256.00 MiB
sched_reserve: reserving ...
sched_reserve:       MTL0 compute buffer size =   284.01 MiB
sched_reserve:        CPU compute buffer size =    28.01 MiB
sched_reserve: graph nodes  = 1158
sched_reserve: graph splits = 2
sched_reserve: reserve took 11.23 ms, sched copies = 1
common_init_from_params: warming up the model with an empty run - please wait ... (--no-warmup to disable)
srv    load_model: initializing slots, n_slots = 1
no implementations specified for speculative decoding
slot   load_model: id  0 | task -1 | speculative decoding context not initialized
slot   load_model: id  0 | task -1 | new slot, n_ctx = 4096
srv    load_model: prompt cache is enabled, size limit: 8192 MiB
srv    load_model: use `--cache-ram 0` to disable the prompt cache
srv    load_model: for more info see https://github.com/ggml-org/llama.cpp/pull/16391
init: chat template, example_format: '<|start_header_id|>system<|end_header_id|>

Environment: ipython
Tools: 

Cutting Knowledge Date: December 2023
Today Date: 14 Aug 2026

You are a helpful assistant<|eot_id|><|start_header_id|>user<|end_header_id|>

Hello<|eot_id|><|start_header_id|>assistant<|end_header_id|>

Hi there<|eot_id|><|start_header_id|>user<|end_header_id|>

How are you?<|eot_id|><|start_header_id|>assistant<|end_header_id|>

'
srv          init: init: chat template, thinking = 0
srv  update_slots: all slots are idle
slot get_availabl: id  0 | task -1 | selected slot by LRU, t_last = -1
slot launch_slot_: id  0 | task -1 | sampler chain: logits -> ?penalties -> ?dry -> ?top-n-sigma -> top-k -> ?typical -> top-p -> min-p -> ?xtc -> temp-ext -> dist 
slot launch_slot_: id  0 | task 0 | processing task, is_child = 0
slot update_slots: id  0 | task 0 | new prompt, n_ctx_slot = 4096, n_keep = 0, task.n_tokens = 4069
slot update_slots: id  0 | task 0 | n_tokens = 0, memory_seq_rm [0, end)
slot update_slots: id  0 | task 0 | prompt processing progress, n_tokens = 2048, batch.n_tokens = 2048, progress = 0.503318
slot update_slots: id  0 | task 0 | n_tokens = 2048, memory_seq_rm [2048, end)
slot update_slots: id  0 | task 0 | prompt processing progress, n_tokens = 4069, batch.n_tokens = 2021, progress = 1.000000
slot update_slots: id  0 | task 0 | prompt done, n_tokens = 4069, batch.n_tokens = 2021
slot init_sampler: id  0 | task 0 | init sampler, took 0.44 ms, tokens: text = 4069, total = 4069
slot update_slots: id  0 | task 0 | h2o eviction, prefix_keep = 1, recent_keep = 2047, victim = [1312,1313), score = 2.517357
slot update_slots: id  0 | task 0 | h2o eviction, prefix_keep = 1, recent_keep = 2047, victim = [1330,1331), score = 3.475359
slot update_slots: id  0 | task 0 | h2o eviction, prefix_keep = 1, recent_keep = 2047, victim = [1331,1332), score = 3.918992
slot update_slots: id  0 | task 0 | h2o eviction, prefix_keep = 1, recent_keep = 2047, victim = [1757,1758), score = 4.039099
slot update_slots: id  0 | task 0 | h2o eviction, prefix_keep = 1, recent_keep = 2047, victim = [1107,1108), score = 4.061564
slot update_slots: id  0 | task 0 | h2o eviction, prefix_keep = 1, recent_keep = 2047, victim = [1703,1704), score = 4.084774
slot update_slots: id  0 | task 0 | h2o eviction, prefix_keep = 1, recent_keep = 2047, victim = [1600,1601), score = 4.144697
slot update_slots: id  0 | task 0 | h2o eviction, prefix_keep = 1, recent_keep = 2047, victim = [1041,1042), score = 4.215836
slot update_slots: id  0 | task 0 | h2o eviction, prefix_keep = 1, recent_keep = 2047, victim = [1090,1091), score = 4.242545
slot update_slots: id  0 | task 0 | h2o eviction, prefix_keep = 1, recent_keep = 2047, victim = [1306,1307), score = 4.377874
slot update_slots: id  0 | task 0 | h2o eviction, prefix_keep = 1, recent_keep = 2047, victim = [1599,1600), score = 4.390062
slot update_slots: id  0 | task 0 | h2o eviction, prefix_keep = 1, recent_keep = 2047, victim = [1792,1793), score = 4.469954
slot update_slots: id  0 | task 0 | h2o eviction, prefix_keep = 1, recent_keep = 2047, victim = [1597,1598), score = 4.507957
slot update_slots: id  0 | task 0 | h2o eviction, prefix_keep = 1, recent_keep = 2047, victim = [1749,1750), score = 4.553309
slot update_slots: id  0 | task 0 | h2o eviction, prefix_keep = 1, recent_keep = 2047, victim = [1306,1307), score = 4.579733
slot update_slots: id  0 | task 0 | h2o eviction, prefix_keep = 1, recent_keep = 2047, victim = [1307,1308), score = 4.650514
slot update_slots: id  0 | task 0 | h2o eviction, prefix_keep = 1, recent_keep = 2047, victim = [1104,1105), score = 4.690100
slot update_slots: id  0 | task 0 | h2o eviction, prefix_keep = 1, recent_keep = 2047, victim = [1322,1323), score = 4.748948
slot update_slots: id  0 | task 0 | h2o eviction, prefix_keep = 1, recent_keep = 2047, victim = [1356,1357), score = 4.763378
slot update_slots: id  0 | task 0 | h2o eviction, prefix_keep = 1, recent_keep = 2047, victim = [762,763), score = 4.880708
slot update_slots: id  0 | task 0 | h2o eviction, prefix_keep = 1, recent_keep = 2047, victim = [1037,1038), score = 4.920184
slot update_slots: id  0 | task 0 | h2o eviction, prefix_keep = 1, recent_keep = 2047, victim = [1776,1777), score = 4.946397
slot update_slots: id  0 | task 0 | h2o eviction, prefix_keep = 1, recent_keep = 2047, victim = [820,821), score = 4.971093
slot update_slots: id  0 | task 0 | h2o eviction, prefix_keep = 1, recent_keep = 2047, victim = [1945,1946), score = 5.000674
slot update_slots: id  0 | task 0 | h2o eviction, prefix_keep = 1, recent_keep = 2047, victim = [1353,1354), score = 5.001729
slot update_slots: id  0 | task 0 | h2o eviction, prefix_keep = 1, recent_keep = 2047, victim = [823,824), score = 5.059650
slot update_slots: id  0 | task 0 | h2o eviction, prefix_keep = 1, recent_keep = 2047, victim = [2009,2010), score = 5.063531
slot update_slots: id  0 | task 0 | h2o eviction, prefix_keep = 1, recent_keep = 2047, victim = [1736,1737), score = 5.111725
slot update_slots: id  0 | task 0 | h2o eviction, prefix_keep = 1, recent_keep = 2047, victim = [1183,1184), score = 5.145608
slot update_slots: id  0 | task 0 | h2o eviction, prefix_keep = 1, recent_keep = 2047, victim = [1175,1176), score = 5.157173
slot update_slots: id  0 | task 0 | h2o eviction, prefix_keep = 1, recent_keep = 2047, victim = [759,760), score = 5.193122
slot update_slots: id  0 | task 0 | h2o eviction, prefix_keep = 1, recent_keep = 2047, victim = [1566,1567), score = 5.202997
slot update_slots: id  0 | task 0 | h2o eviction, prefix_keep = 1, recent_keep = 2047, victim = [1191,1192), score = 5.219261
slot update_slots: id  0 | task 0 | h2o eviction, prefix_keep = 1, recent_keep = 2047, victim = [1113,1114), score = 5.226199
slot update_slots: id  0 | task 0 | h2o eviction, prefix_keep = 1, recent_keep = 2047, victim = [1730,1731), score = 5.234018
slot update_slots: id  0 | task 0 | h2o eviction, prefix_keep = 1, recent_keep = 2047, victim = [1343,1344), score = 5.243001
slot update_slots: id  0 | task 0 | h2o eviction, prefix_keep = 1, recent_keep = 2047, victim = [762,763), score = 5.302290
slot update_slots: id  0 | task 0 | h2o eviction, prefix_keep = 1, recent_keep = 2047, victim = [1728,1729), score = 5.420490
slot update_slots: id  0 | task 0 | h2o eviction, prefix_keep = 1, recent_keep = 2047, victim = [1717,1718), score = 5.427611
slot update_slots: id  0 | task 0 | h2o eviction, prefix_keep = 1, recent_keep = 2047, victim = [1767,1768), score = 5.454367
slot update_slots: id  0 | task 0 | h2o eviction, prefix_keep = 1, recent_keep = 2047, victim = [1337,1338), score = 5.480480
slot update_slots: id  0 | task 0 | h2o eviction, prefix_keep = 1, recent_keep = 2047, victim = [1293,1294), score = 5.485953
slot update_slots: id  0 | task 0 | h2o eviction, prefix_keep = 1, recent_keep = 2047, victim = [1668,1669), score = 5.510295
slot update_slots: id  0 | task 0 | h2o eviction, prefix_keep = 1, recent_keep = 2047, victim = [1574,1575), score = 5.514077
slot update_slots: id  0 | task 0 | h2o eviction, prefix_keep = 1, recent_keep = 2047, victim = [989,990), score = 5.526737
slot update_slots: id  0 | task 0 | h2o eviction, prefix_keep = 1, recent_keep = 2047, victim = [1882,1883), score = 5.529511
slot update_slots: id  0 | task 0 | h2o eviction, prefix_keep = 1, recent_keep = 2047, victim = [1309,1310), score = 5.531756
slot update_slots: id  0 | task 0 | h2o eviction, prefix_keep = 1, recent_keep = 2047, victim = [705,706), score = 5.545058
slot update_slots: id  0 | task 0 | h2o eviction, prefix_keep = 1, recent_keep = 2047, victim = [1567,1568), score = 5.550664
slot update_slots: id  0 | task 0 | h2o eviction, prefix_keep = 1, recent_keep = 2047, victim = [1144,1145), score = 5.554744
slot update_slots: id  0 | task 0 | h2o eviction, prefix_keep = 1, recent_keep = 2047, victim = [1838,1839), score = 5.558573
slot update_slots: id  0 | task 0 | h2o eviction, prefix_keep = 1, recent_keep = 2047, victim = [1002,1003), score = 5.567122
slot update_slots: id  0 | task 0 | h2o eviction, prefix_keep = 1, recent_keep = 2047, victim = [691,692), score = 5.579496
slot update_slots: id  0 | task 0 | h2o eviction, prefix_keep = 1, recent_keep = 2047, victim = [948,949), score = 5.594566
slot update_slots: id  0 | task 0 | h2o eviction, prefix_keep = 1, recent_keep = 2047, victim = [1918,1919), score = 5.653515
slot update_slots: id  0 | task 0 | h2o eviction, prefix_keep = 1, recent_keep = 2047, victim = [1009,1010), score = 5.666212
slot update_slots: id  0 | task 0 | h2o eviction, prefix_keep = 1, recent_keep = 2047, victim = [1154,1155), score = 5.671071
slot update_slots: id  0 | task 0 | h2o eviction, prefix_keep = 1, recent_keep = 2047, victim = [757,758), score = 5.672395
slot update_slots: id  0 | task 0 | h2o eviction, prefix_keep = 1, recent_keep = 2047, victim = [1294,1295), score = 5.693609
slot update_slots: id  0 | task 0 | h2o eviction, prefix_keep = 1, recent_keep = 2047, victim = [1703,1704), score = 5.724692
slot update_slots: id  0 | task 0 | h2o eviction, prefix_keep = 1, recent_keep = 2047, victim = [759,760), score = 5.731511
slot update_slots: id  0 | task 0 | h2o eviction, prefix_keep = 1, recent_keep = 2047, victim = [815,816), score = 5.738122
slot update_slots: id  0 | task 0 | h2o eviction, prefix_keep = 1, recent_keep = 2047, victim = [1089,1090), score = 5.750348
slot update_slots: id  0 | task 0 | h2o eviction, prefix_keep = 1, recent_keep = 2047, victim = [753,754), score = 5.751989
slot update_slots: id  0 | task 0 | h2o eviction, prefix_keep = 1, recent_keep = 2047, victim = [1744,1745), score = 5.759449
slot update_slots: id  0 | task 0 | h2o eviction, prefix_keep = 1, recent_keep = 2047, victim = [1698,1699), score = 5.850520
slot update_slots: id  0 | task 0 | h2o eviction, prefix_keep = 1, recent_keep = 2047, victim = [1530,1531), score = 5.851605
slot update_slots: id  0 | task 0 | h2o eviction, prefix_keep = 1, recent_keep = 2047, victim = [1272,1273), score = 5.862413
slot update_slots: id  0 | task 0 | h2o eviction, prefix_keep = 1, recent_keep = 2047, victim = [943,944), score = 5.879308
slot update_slots: id  0 | task 0 | h2o eviction, prefix_keep = 1, recent_keep = 2047, victim = [1118,1119), score = 5.940297
slot update_slots: id  0 | task 0 | h2o eviction, prefix_keep = 1, recent_keep = 2047, victim = [1246,1247), score = 5.943299
slot update_slots: id  0 | task 0 | h2o eviction, prefix_keep = 1, recent_keep = 2047, victim = [1545,1546), score = 5.952779
slot update_slots: id  0 | task 0 | h2o eviction, prefix_keep = 1, recent_keep = 2047, victim = [1317,1318), score = 5.997504
slot update_slots: id  0 | task 0 | h2o eviction, prefix_keep = 1, recent_keep = 2047, victim = [1692,1693), score = 6.012643
slot update_slots: id  0 | task 0 | h2o eviction, prefix_keep = 1, recent_keep = 2047, victim = [1980,1981), score = 6.049234
slot update_slots: id  0 | task 0 | h2o eviction, prefix_keep = 1, recent_keep = 2047, victim = [967,968), score = 6.067087
slot update_slots: id  0 | task 0 | h2o eviction, prefix_keep = 1, recent_keep = 2047, victim = [756,757), score = 6.096052
slot update_slots: id  0 | task 0 | h2o eviction, prefix_keep = 1, recent_keep = 2047, victim = [1146,1147), score = 6.108651
slot update_slots: id  0 | task 0 | h2o eviction, prefix_keep = 1, recent_keep = 2047, victim = [1197,1198), score = 6.183115
slot update_slots: id  0 | task 0 | h2o eviction, prefix_keep = 1, recent_keep = 2047, victim = [1649,1650), score = 6.188815
slot update_slots: id  0 | task 0 | h2o eviction, prefix_keep = 1, recent_keep = 2047, victim = [1557,1558), score = 6.199214
slot update_slots: id  0 | task 0 | h2o eviction, prefix_keep = 1, recent_keep = 2047, victim = [1160,1161), score = 6.232382
slot update_slots: id  0 | task 0 | h2o eviction, prefix_keep = 1, recent_keep = 2047, victim = [1890,1891), score = 6.232859
slot update_slots: id  0 | task 0 | h2o eviction, prefix_keep = 1, recent_keep = 2047, victim = [673,674), score = 6.234416
slot update_slots: id  0 | task 0 | h2o eviction, prefix_keep = 1, recent_keep = 2047, victim = [598,599), score = 6.273487
slot update_slots: id  0 | task 0 | h2o eviction, prefix_keep = 1, recent_keep = 2047, victim = [728,729), score = 6.309391
slot update_slots: id  0 | task 0 | h2o eviction, prefix_keep = 1, recent_keep = 2047, victim = [746,747), score = 6.319412
slot update_slots: id  0 | task 0 | h2o eviction, prefix_keep = 1, recent_keep = 2047, victim = [1304,1305), score = 6.327238
slot update_slots: id  0 | task 0 | h2o eviction, prefix_keep = 1, recent_keep = 2047, victim = [1309,1310), score = 6.330422
slot update_slots: id  0 | task 0 | h2o eviction, prefix_keep = 1, recent_keep = 2047, victim = [818,819), score = 6.344711
slot update_slots: id  0 | task 0 | h2o eviction, prefix_keep = 1, recent_keep = 2047, victim = [929,930), score = 6.382876
slot update_slots: id  0 | task 0 | h2o eviction, prefix_keep = 1, recent_keep = 2047, victim = [687,688), score = 6.403220
slot update_slots: id  0 | task 0 | h2o eviction, prefix_keep = 1, recent_keep = 2047, victim = [1263,1264), score = 6.407518
slot update_slots: id  0 | task 0 | h2o eviction, prefix_keep = 1, recent_keep = 2047, victim = [1180,1181), score = 6.409433
slot update_slots: id  0 | task 0 | h2o eviction, prefix_keep = 1, recent_keep = 2047, victim = [1529,1530), score = 6.413609
slot update_slots: id  0 | task 0 | h2o eviction, prefix_keep = 1, recent_keep = 2047, victim = [1186,1187), score = 6.431879
slot update_slots: id  0 | task 0 | h2o eviction, prefix_keep = 1, recent_keep = 2047, victim = [1236,1237), score = 6.436253
slot update_slots: id  0 | task 0 | h2o eviction, prefix_keep = 1, recent_keep = 2047, victim = [1863,1864), score = 6.449105
slot update_slots: id  0 | task 0 | h2o eviction, prefix_keep = 1, recent_keep = 2047, victim = [748,749), score = 6.473434
slot update_slots: id  0 | task 0 | h2o eviction, prefix_keep = 1, recent_keep = 2047, victim = [2047,2048), score = 5.549071
slot update_slots: id  0 | task 0 | h2o eviction, prefix_keep = 1, recent_keep = 2047, victim = [2047,2048), score = 4.650949
slot update_slots: id  0 | task 0 | h2o eviction, prefix_keep = 1, recent_keep = 2047, victim = [2047,2048), score = 5.277331
slot update_slots: id  0 | task 0 | h2o eviction, prefix_keep = 1, recent_keep = 2047, victim = [665,666), score = 6.479285
slot update_slots: id  0 | task 0 | h2o eviction, prefix_keep = 1, recent_keep = 2047, victim = [747,748), score = 6.484749
slot update_slots: id  0 | task 0 | h2o eviction, prefix_keep = 1, recent_keep = 2047, victim = [803,804), score = 6.509809
slot update_slots: id  0 | task 0 | h2o eviction, prefix_keep = 1, recent_keep = 2047, victim = [1010,1011), score = 6.540870
slot update_slots: id  0 | task 0 | h2o eviction, prefix_keep = 1, recent_keep = 2047, victim = [1247,1248), score = 6.555884
slot update_slots: id  0 | task 0 | h2o eviction, prefix_keep = 1, recent_keep = 2047, victim = [1950,1951), score = 6.560201
slot update_slots: id  0 | task 0 | h2o eviction, prefix_keep = 1, recent_keep = 2047, victim = [1776,1777), score = 6.571858
slot update_slots: id  0 | task 0 | h2o eviction, prefix_keep = 1, recent_keep = 2047, victim = [1925,1926), score = 6.580390
slot update_slots: id  0 | task 0 | h2o eviction, prefix_keep = 1, recent_keep = 2047, victim = [1484,1485), score = 6.591030
slot update_slots: id  0 | task 0 | h2o eviction, prefix_keep = 1, recent_keep = 2047, victim = [1924,1925), score = 6.602408
slot update_slots: id  0 | task 0 | h2o eviction, prefix_keep = 1, recent_keep = 2047, victim = [1254,1255), score = 6.611296
slot update_slots: id  0 | task 0 | h2o eviction, prefix_keep = 1, recent_keep = 2047, victim = [1524,1525), score = 6.636740
slot update_slots: id  0 | task 0 | h2o eviction, prefix_keep = 1, recent_keep = 2047, victim = [669,670), score = 6.661940
slot update_slots: id  0 | task 0 | h2o eviction, prefix_keep = 1, recent_keep = 2047, victim = [1169,1170), score = 6.666472
slot update_slots: id  0 | task 0 | h2o eviction, prefix_keep = 1, recent_keep = 2047, victim = [1142,1143), score = 6.691576
slot update_slots: id  0 | task 0 | h2o eviction, prefix_keep = 1, recent_keep = 2047, victim = [1251,1252), score = 6.697724
slot update_slots: id  0 | task 0 | h2o eviction, prefix_keep = 1, recent_keep = 2047, victim = [732,733), score = 6.713409
slot update_slots: id  0 | task 0 | h2o eviction, prefix_keep = 1, recent_keep = 2047, victim = [1515,1516), score = 6.713552
slot update_slots: id  0 | task 0 | h2o eviction, prefix_keep = 1, recent_keep = 2047, victim = [1766,1767), score = 6.720273
slot update_slots: id  0 | task 0 | h2o eviction, prefix_keep = 1, recent_keep = 2047, victim = [2047,2048), score = 6.085890
slot update_slots: id  0 | task 0 | h2o eviction, prefix_keep = 1, recent_keep = 2047, victim = [1238,1239), score = 6.729019
slot update_slots: id  0 | task 0 | h2o eviction, prefix_keep = 1, recent_keep = 2047, victim = [1900,1901), score = 6.732756
slot update_slots: id  0 | task 0 | h2o eviction, prefix_keep = 1, recent_keep = 2047, victim = [1708,1709), score = 6.739223
slot update_slots: id  0 | task 0 | h2o eviction, prefix_keep = 1, recent_keep = 2047, victim = [1513,1514), score = 6.741877
slot update_slots: id  0 | task 0 | h2o eviction, prefix_keep = 1, recent_keep = 2047, victim = [703,704), score = 6.779363
slot update_slots: id  0 | task 0 | h2o eviction, prefix_keep = 1, recent_keep = 2047, victim = [1370,1371), score = 6.808455
slot update_slots: id  0 | task 0 | h2o eviction, prefix_keep = 1, recent_keep = 2047, victim = [1633,1634), score = 6.848066
slot update_slots: id  0 | task 0 | h2o eviction, prefix_keep = 1, recent_keep = 2047, victim = [721,722), score = 6.858346
slot update_slots: id  0 | task 0 | h2o eviction, prefix_keep = 1, recent_keep = 2047, victim = [1243,1244), score = 6.860089
slot update_slots: id  0 | task 0 | h2o eviction, prefix_keep = 1, recent_keep = 2047, victim = [1795,1796), score = 6.861104
slot update_slots: id  0 | task 0 | h2o eviction, prefix_keep = 1, recent_keep = 2047, victim = [1245,1246), score = 6.868435
slot update_slots: id  0 | task 0 | h2o eviction, prefix_keep = 1, recent_keep = 2047, victim = [1061,1062), score = 6.884221
slot update_slots: id  0 | task 0 | h2o eviction, prefix_keep = 1, recent_keep = 2047, victim = [1981,1982), score = 6.887287
slot update_slots: id  0 | task 0 | h2o eviction, prefix_keep = 1, recent_keep = 2047, victim = [1885,1886), score = 6.923423
slot update_slots: id  0 | task 0 | h2o eviction, prefix_keep = 1, recent_keep = 2047, victim = [977,978), score = 6.924743
slot update_slots: id  0 | task 0 | h2o eviction, prefix_keep = 1, recent_keep = 2047, victim = [1507,1508), score = 6.927248
slot update_slots: id  0 | task 0 | h2o eviction, prefix_keep = 1, recent_keep = 2047, victim = [669,670), score = 6.955466
slot update_slots: id  0 | task 0 | h2o eviction, prefix_keep = 1, recent_keep = 2047, victim = [1013,1014), score = 6.972167
slot update_slots: id  0 | task 0 | h2o eviction, prefix_keep = 1, recent_keep = 2047, victim = [1248,1249), score = 6.973314
slot update_slots: id  0 | task 0 | h2o eviction, prefix_keep = 1, recent_keep = 2047, victim = [741,742), score = 6.990567
slot update_slots: id  0 | task 0 | h2o eviction, prefix_keep = 1, recent_keep = 2047, victim = [723,724), score = 6.996511
slot update_slots: id  0 | task 0 | h2o eviction, prefix_keep = 1, recent_keep = 2047, victim = [1932,1933), score = 7.003601
slot update_slots: id  0 | task 0 | h2o eviction, prefix_keep = 1, recent_keep = 2047, victim = [677,678), score = 7.025438
slot update_slots: id  0 | task 0 | h2o eviction, prefix_keep = 1, recent_keep = 2047, victim = [1359,1360), score = 7.047930
slot update_slots: id  0 | task 0 | h2o eviction, prefix_keep = 1, recent_keep = 2047, victim = [1499,1500), score = 7.059423
slot update_slots: id  0 | task 0 | h2o eviction, prefix_keep = 1, recent_keep = 2047, victim = [811,812), score = 7.077592
slot update_slots: id  0 | task 0 | h2o eviction, prefix_keep = 1, recent_keep = 2047, victim = [2047,2048), score = 6.540480
slot update_slots: id  0 | task 0 | h2o eviction, prefix_keep = 1, recent_keep = 2047, victim = [1249,1250), score = 7.084069
slot update_slots: id  0 | task 0 | h2o eviction, prefix_keep = 1, recent_keep = 2047, victim = [1149,1150), score = 7.101162
slot update_slots: id  0 | task 0 | h2o eviction, prefix_keep = 1, recent_keep = 2047, victim = [737,738), score = 7.108664
slot update_slots: id  0 | task 0 | h2o eviction, prefix_keep = 1, recent_keep = 2047, victim = [1875,1876), score = 7.119601
slot update_slots: id  0 | task 0 | h2o eviction, prefix_keep = 1, recent_keep = 2047, victim = [1155,1156), score = 7.141886
slot update_slots: id  0 | task 0 | h2o eviction, prefix_keep = 1, recent_keep = 2047, victim = [1672,1673), score = 7.143200
slot update_slots: id  0 | task 0 | h2o eviction, prefix_keep = 1, recent_keep = 2047, victim = [2047,2048), score = 5.329163
slot update_slots: id  0 | task 0 | h2o eviction, prefix_keep = 1, recent_keep = 2047, victim = [2047,2048), score = 5.380991
slot update_slots: id  0 | task 0 | h2o eviction, prefix_keep = 1, recent_keep = 2047, victim = [1558,1559), score = 7.152541
slot update_slots: id  0 | task 0 | h2o eviction, prefix_keep = 1, recent_keep = 2047, victim = [815,816), score = 7.154952
slot update_slots: id  0 | task 0 | h2o eviction, prefix_keep = 1, recent_keep = 2047, victim = [997,998), score = 7.157710
slot update_slots: id  0 | task 0 | h2o eviction, prefix_keep = 1, recent_keep = 2047, victim = [1132,1133), score = 7.183323
slot update_slots: id  0 | task 0 | h2o eviction, prefix_keep = 1, recent_keep = 2047, victim = [1151,1152), score = 7.208811
slot update_slots: id  0 | task 0 | h2o eviction, prefix_keep = 1, recent_keep = 2047, victim = [629,630), score = 7.258019
slot update_slots: id  0 | task 0 | h2o eviction, prefix_keep = 1, recent_keep = 2047, victim = [1157,1158), score = 7.261771
slot update_slots: id  0 | task 0 | h2o eviction, prefix_keep = 1, recent_keep = 2047, victim = [2047,2048), score = 5.063624
slot update_slots: id  0 | task 0 | h2o eviction, prefix_keep = 1, recent_keep = 2047, victim = [533,534), score = 7.270135
slot update_slots: id  0 | task 0 | h2o eviction, prefix_keep = 1, recent_keep = 2047, victim = [2047,2048), score = 5.892015
slot update_slots: id  0 | task 0 | h2o eviction, prefix_keep = 1, recent_keep = 2047, victim = [827,828), score = 7.271688
slot update_slots: id  0 | task 0 | h2o eviction, prefix_keep = 1, recent_keep = 2047, victim = [1156,1157), score = 7.278911
slot update_slots: id  0 | task 0 | h2o eviction, prefix_keep = 1, recent_keep = 2047, victim = [1054,1055), score = 7.281036
slot update_slots: id  0 | task 0 | h2o eviction, prefix_keep = 1, recent_keep = 2047, victim = [1621,1622), score = 7.287357
slot update_slots: id  0 | task 0 | h2o eviction, prefix_keep = 1, recent_keep = 2047, victim = [1100,1101), score = 7.290668
slot update_slots: id  0 | task 0 | h2o eviction, prefix_keep = 1, recent_keep = 2047, victim = [1261,1262), score = 7.331929
slot update_slots: id  0 | task 0 | h2o eviction, prefix_keep = 1, recent_keep = 2047, victim = [2033,2034), score = 7.334372
slot update_slots: id  0 | task 0 | h2o eviction, prefix_keep = 1, recent_keep = 2047, victim = [2040,2041), score = 7.351264
slot update_slots: id  0 | task 0 | h2o eviction, prefix_keep = 1, recent_keep = 2047, victim = [1434,1435), score = 7.358651
slot update_slots: id  0 | task 0 | h2o eviction, prefix_keep = 1, recent_keep = 2047, victim = [770,771), score = 7.359502
slot update_slots: id  0 | task 0 | h2o eviction, prefix_keep = 1, recent_keep = 2047, victim = [678,679), score = 7.360381
slot update_slots: id  0 | task 0 | h2o eviction, prefix_keep = 1, recent_keep = 2047, victim = [465,466), score = 7.368332
slot update_slots: id  0 | task 0 | h2o eviction, prefix_keep = 1, recent_keep = 2047, victim = [715,716), score = 7.376431
slot update_slots: id  0 | task 0 | h2o eviction, prefix_keep = 1, recent_keep = 2047, victim = [716,717), score = 7.385182
slot update_slots: id  0 | task 0 | h2o eviction, prefix_keep = 1, recent_keep = 2047, victim = [1036,1037), score = 7.389142
slot update_slots: id  0 | task 0 | h2o eviction, prefix_keep = 1, recent_keep = 2047, victim = [1212,1213), score = 7.391550
slot update_slots: id  0 | task 0 | h2o eviction, prefix_keep = 1, recent_keep = 2047, victim = [939,940), score = 7.392063
slot update_slots: id  0 | task 0 | h2o eviction, prefix_keep = 1, recent_keep = 2047, victim = [1126,1127), score = 7.403193
slot update_slots: id  0 | task 0 | h2o eviction, prefix_keep = 1, recent_keep = 2047, victim = [2047,2048), score = 5.064843
slot update_slots: id  0 | task 0 | h2o eviction, prefix_keep = 1, recent_keep = 2047, victim = [1017,1018), score = 7.418269
slot update_slots: id  0 | task 0 | h2o eviction, prefix_keep = 1, recent_keep = 2047, victim = [2047,2048), score = 6.422675
slot update_slots: id  0 | task 0 | h2o eviction, prefix_keep = 1, recent_keep = 2047, victim = [1606,1607), score = 7.425729
slot update_slots: id  0 | task 0 | h2o eviction, prefix_keep = 1, recent_keep = 2047, victim = [666,667), score = 7.430639
slot update_slots: id  0 | task 0 | h2o eviction, prefix_keep = 1, recent_keep = 2047, victim = [1534,1535), score = 7.431899
slot update_slots: id  0 | task 0 | h2o eviction, prefix_keep = 1, recent_keep = 2047, victim = [1143,1144), score = 7.447511
slot update_slots: id  0 | task 0 | h2o eviction, prefix_keep = 1, recent_keep = 2047, victim = [669,670), score = 7.457872
slot update_slots: id  0 | task 0 | h2o eviction, prefix_keep = 1, recent_keep = 2047, victim = [1100,1101), score = 7.479424
slot update_slots: id  0 | task 0 | h2o eviction, prefix_keep = 1, recent_keep = 2047, victim = [1405,1406), score = 7.487509
slot update_slots: id  0 | task 0 | h2o eviction, prefix_keep = 1, recent_keep = 2047, victim = [1640,1641), score = 7.489769
slot update_slots: id  0 | task 0 | h2o eviction, prefix_keep = 1, recent_keep = 2047, victim = [1840,1841), score = 7.503818
slot update_slots: id  0 | task 0 | h2o eviction, prefix_keep = 1, recent_keep = 2047, victim = [1651,1652), score = 7.509319
slot update_slots: id  0 | task 0 | h2o eviction, prefix_keep = 1, recent_keep = 2047, victim = [1787,1788), score = 7.517393
slot update_slots: id  0 | task 0 | h2o eviction, prefix_keep = 1, recent_keep = 2047, victim = [969,970), score = 7.521312
slot update_slots: id  0 | task 0 | h2o eviction, prefix_keep = 1, recent_keep = 2047, victim = [776,777), score = 7.548645
slot update_slots: id  0 | task 0 | h2o eviction, prefix_keep = 1, recent_keep = 2047, victim = [783,784), score = 7.554226
slot update_slots: id  0 | task 0 | h2o eviction, prefix_keep = 1, recent_keep = 2047, victim = [775,776), score = 7.557377
slot update_slots: id  0 | task 0 | h2o eviction, prefix_keep = 1, recent_keep = 2047, victim = [964,965), score = 7.559884
slot update_slots: id  0 | task 0 | h2o eviction, prefix_keep = 1, recent_keep = 2047, victim = [2047,2048), score = 6.314276
slot update_slots: id  0 | task 0 | h2o eviction, prefix_keep = 1, recent_keep = 2047, victim = [771,772), score = 7.565816
slot update_slots: id  0 | task 0 | h2o eviction, prefix_keep = 1, recent_keep = 2047, victim = [1587,1588), score = 7.580658
slot update_slots: id  0 | task 0 | h2o eviction, prefix_keep = 1, recent_keep = 2047, victim = [796,797), score = 7.583503
slot update_slots: id  0 | task 0 | h2o eviction, prefix_keep = 1, recent_keep = 2047, victim = [2047,2048), score = 7.120848
slot update_slots: id  0 | task 0 | h2o eviction, prefix_keep = 1, recent_keep = 2047, victim = [1230,1231), score = 7.587484
slot update_slots: id  0 | task 0 | h2o eviction, prefix_keep = 1, recent_keep = 2047, victim = [1286,1287), score = 7.590679
slot update_slots: id  0 | task 0 | h2o eviction, prefix_keep = 1, recent_keep = 2047, victim = [1962,1963), score = 7.592796
slot update_slots: id  0 | task 0 | h2o eviction, prefix_keep = 1, recent_keep = 2047, victim = [1590,1591), score = 7.594722
slot update_slots: id  0 | task 0 | h2o eviction, prefix_keep = 1, recent_keep = 2047, victim = [832,833), score = 7.595577
slot update_slots: id  0 | task 0 | h2o eviction, prefix_keep = 1, recent_keep = 2047, victim = [394,395), score = 7.598346
slot update_slots: id  0 | task 0 | h2o eviction, prefix_keep = 1, recent_keep = 2047, victim = [1140,1141), score = 7.605622
slot update_slots: id  0 | task 0 | h2o eviction, prefix_keep = 1, recent_keep = 2047, victim = [1188,1189), score = 7.607766
slot update_slots: id  0 | task 0 | h2o eviction, prefix_keep = 1, recent_keep = 2047, victim = [1640,1641), score = 7.625054
slot update_slots: id  0 | task 0 | h2o eviction, prefix_keep = 1, recent_keep = 2047, victim = [657,658), score = 7.632224
slot update_slots: id  0 | task 0 | h2o eviction, prefix_keep = 1, recent_keep = 2047, victim = [1027,1028), score = 7.654646
slot update_slots: id  0 | task 0 | h2o eviction, prefix_keep = 1, recent_keep = 2047, victim = [2003,2004), score = 7.656300
slot update_slots: id  0 | task 0 | h2o eviction, prefix_keep = 1, recent_keep = 2047, victim = [1746,1747), score = 7.666178
slot update_slots: id  0 | task 0 | h2o eviction, prefix_keep = 1, recent_keep = 2047, victim = [1202,1203), score = 7.667120
slot update_slots: id  0 | task 0 | h2o eviction, prefix_keep = 1, recent_keep = 2047, victim = [2001,2002), score = 7.670149
slot update_slots: id  0 | task 0 | h2o eviction, prefix_keep = 1, recent_keep = 2047, victim = [714,715), score = 7.670923
slot update_slots: id  0 | task 0 | h2o eviction, prefix_keep = 1, recent_keep = 2047, victim = [791,792), score = 7.676988
slot update_slots: id  0 | task 0 | h2o eviction, prefix_keep = 1, recent_keep = 2047, victim = [1617,1618), score = 7.679063
slot update_slots: id  0 | task 0 | h2o eviction, prefix_keep = 1, recent_keep = 2047, victim = [2047,2048), score = 7.377572
slot update_slots: id  0 | task 0 | h2o eviction, prefix_keep = 1, recent_keep = 2047, victim = [1919,1920), score = 7.680684
slot update_slots: id  0 | task 0 | h2o eviction, prefix_keep = 1, recent_keep = 2047, victim = [2047,2048), score = 6.036483
slot update_slots: id  0 | task 0 | h2o eviction, prefix_keep = 1, recent_keep = 2047, victim = [673,674), score = 7.684911
slot update_slots: id  0 | task 0 | h2o eviction, prefix_keep = 1, recent_keep = 2047, victim = [961,962), score = 7.689062
slot update_slots: id  0 | task 0 | h2o eviction, prefix_keep = 1, recent_keep = 2047, victim = [1817,1818), score = 7.722444
slot update_slots: id  0 | task 0 | h2o eviction, prefix_keep = 1, recent_keep = 2047, victim = [1827,1828), score = 7.750080
slot update_slots: id  0 | task 0 | h2o eviction, prefix_keep = 1, recent_keep = 2047, victim = [654,655), score = 7.752964
slot update_slots: id  0 | task 0 | h2o eviction, prefix_keep = 1, recent_keep = 2047, victim = [1579,1580), score = 7.760399
slot update_slots: id  0 | task 0 | h2o eviction, prefix_keep = 1, recent_keep = 2047, victim = [1105,1106), score = 7.768417
slot update_slots: id  0 | task 0 | h2o eviction, prefix_keep = 1, recent_keep = 2047, victim = [36,37), score = 7.768919
slot update_slots: id  0 | task 0 | h2o eviction, prefix_keep = 1, recent_keep = 2047, victim = [1088,1089), score = 7.770122
slot update_slots: id  0 | task 0 | h2o eviction, prefix_keep = 1, recent_keep = 2047, victim = [1916,1917), score = 7.779857
slot update_slots: id  0 | task 0 | h2o eviction, prefix_keep = 1, recent_keep = 2047, victim = [708,709), score = 7.785196
slot update_slots: id  0 | task 0 | h2o eviction, prefix_keep = 1, recent_keep = 2047, victim = [1748,1749), score = 7.787216
slot update_slots: id  0 | task 0 | h2o eviction, prefix_keep = 1, recent_keep = 2047, victim = [392,393), score = 7.788599
slot update_slots: id  0 | task 0 | h2o eviction, prefix_keep = 1, recent_keep = 2047, victim = [1809,1810), score = 7.801225
slot update_slots: id  0 | task 0 | h2o eviction, prefix_keep = 1, recent_keep = 2047, victim = [1973,1974), score = 7.803956
slot update_slots: id  0 | task 0 | h2o eviction, prefix_keep = 1, recent_keep = 2047, victim = [1192,1193), score = 7.806639
slot update_slots: id  0 | task 0 | h2o eviction, prefix_keep = 1, recent_keep = 2047, victim = [1985,1986), score = 7.810329
slot update_slots: id  0 | task 0 | h2o eviction, prefix_keep = 1, recent_keep = 2047, victim = [1750,1751), score = 7.820258
slot update_slots: id  0 | task 0 | h2o eviction, prefix_keep = 1, recent_keep = 2047, victim = [1961,1962), score = 7.827934
slot update_slots: id  0 | task 0 | h2o eviction, prefix_keep = 1, recent_keep = 2047, victim = [2047,2048), score = 6.029878
slot update_slots: id  0 | task 0 | h2o eviction, prefix_keep = 1, recent_keep = 2047, victim = [596,597), score = 7.836243
slot update_slots: id  0 | task 0 | h2o eviction, prefix_keep = 1, recent_keep = 2047, victim = [1164,1165), score = 7.846666
slot update_slots: id  0 | task 0 | h2o eviction, prefix_keep = 1, recent_keep = 2047, victim = [1901,1902), score = 7.857780
slot update_slots: id  0 | task 0 | h2o eviction, prefix_keep = 1, recent_keep = 2047, victim = [945,946), score = 7.876700
slot update_slots: id  0 | task 0 | h2o eviction, prefix_keep = 1, recent_keep = 2047, victim = [2047,2048), score = 7.097241
slot update_slots: id  0 | task 0 | h2o eviction, prefix_keep = 1, recent_keep = 2047, victim = [1649,1650), score = 7.881702
slot update_slots: id  0 | task 0 | h2o eviction, prefix_keep = 1, recent_keep = 2047, victim = [821,822), score = 7.893623
slot update_slots: id  0 | task 0 | h2o eviction, prefix_keep = 1, recent_keep = 2047, victim = [2047,2048), score = 7.608567
slot update_slots: id  0 | task 0 | h2o eviction, prefix_keep = 1, recent_keep = 2047, victim = [959,960), score = 7.898192
slot update_slots: id  0 | task 0 | h2o eviction, prefix_keep = 1, recent_keep = 2047, victim = [2047,2048), score = 7.591911
slot update_slots: id  0 | task 0 | h2o eviction, prefix_keep = 1, recent_keep = 2047, victim = [2047,2048), score = 4.364467
slot update_slots: id  0 | task 0 | h2o eviction, prefix_keep = 1, recent_keep = 2047, victim = [1085,1086), score = 7.912493
slot update_slots: id  0 | task 0 | h2o eviction, prefix_keep = 1, recent_keep = 2047, victim = [921,922), score = 7.922669
slot update_slots: id  0 | task 0 | h2o eviction, prefix_keep = 1, recent_keep = 2047, victim = [2047,2048), score = 7.456615
slot update_slots: id  0 | task 0 | h2o eviction, prefix_keep = 1, recent_keep = 2047, victim = [443,444), score = 7.925527
slot update_slots: id  0 | task 0 | h2o eviction, prefix_keep = 1, recent_keep = 2047, victim = [1824,1825), score = 7.932527
slot update_slots: id  0 | task 0 | h2o eviction, prefix_keep = 1, recent_keep = 2047, victim = [410,411), score = 7.936054
slot update_slots: id  0 | task 0 | h2o eviction, prefix_keep = 1, recent_keep = 2047, victim = [1003,1004), score = 7.940783
slot update_slots: id  0 | task 0 | h2o eviction, prefix_keep = 1, recent_keep = 2047, victim = [604,605), score = 7.958920
slot update_slots: id  0 | task 0 | h2o eviction, prefix_keep = 1, recent_keep = 2047, victim = [1887,1888), score = 7.962677
slot update_slots: id  0 | task 0 | h2o eviction, prefix_keep = 1, recent_keep = 2047, victim = [1428,1429), score = 7.967827
slot update_slots: id  0 | task 0 | h2o eviction, prefix_keep = 1, recent_keep = 2047, victim = [933,934), score = 7.968474
slot update_slots: id  0 | task 0 | h2o eviction, prefix_keep = 1, recent_keep = 2047, victim = [1794,1795), score = 7.978640
slot update_slots: id  0 | task 0 | h2o eviction, prefix_keep = 1, recent_keep = 2047, victim = [964,965), score = 7.980964
slot update_slots: id  0 | task 0 | h2o eviction, prefix_keep = 1, recent_keep = 2047, victim = [702,703), score = 7.988860
slot update_slots: id  0 | task 0 | h2o eviction, prefix_keep = 1, recent_keep = 2047, victim = [1843,1844), score = 8.004092
slot update_slots: id  0 | task 0 | h2o eviction, prefix_keep = 1, recent_keep = 2047, victim = [1086,1087), score = 8.008709
slot update_slots: id  0 | task 0 | h2o eviction, prefix_keep = 1, recent_keep = 2047, victim = [531,532), score = 8.014792
slot update_slots: id  0 | task 0 | h2o eviction, prefix_keep = 1, recent_keep = 2047, victim = [2047,2048), score = 7.959067
slot update_slots: id  0 | task 0 | h2o eviction, prefix_keep = 1, recent_keep = 2047, victim = [300,301), score = 8.020830
slot update_slots: id  0 | task 0 | h2o eviction, prefix_keep = 1, recent_keep = 2047, victim = [1198,1199), score = 8.024085
slot update_slots: id  0 | task 0 | h2o eviction, prefix_keep = 1, recent_keep = 2047, victim = [636,637), score = 8.032887
slot update_slots: id  0 | task 0 | h2o eviction, prefix_keep = 1, recent_keep = 2047, victim = [1415,1416), score = 8.044170
slot update_slots: id  0 | task 0 | h2o eviction, prefix_keep = 1, recent_keep = 2047, victim = [651,652), score = 8.061711
slot update_slots: id  0 | task 0 | h2o eviction, prefix_keep = 1, recent_keep = 2047, victim = [944,945), score = 8.068534
slot update_slots: id  0 | task 0 | h2o eviction, prefix_keep = 1, recent_keep = 2047, victim = [336,337), score = 8.068717
slot update_slots: id  0 | task 0 | h2o eviction, prefix_keep = 1, recent_keep = 2047, victim = [2047,2048), score = 7.667580
slot update_slots: id  0 | task 0 | h2o eviction, prefix_keep = 1, recent_keep = 2047, victim = [2047,2048), score = 6.444812
slot update_slots: id  0 | task 0 | h2o eviction, prefix_keep = 1, recent_keep = 2047, victim = [690,691), score = 8.073212
slot update_slots: id  0 | task 0 | h2o eviction, prefix_keep = 1, recent_keep = 2047, victim = [1584,1585), score = 8.073873
slot update_slots: id  0 | task 0 | h2o eviction, prefix_keep = 1, recent_keep = 2047, victim = [1128,1129), score = 8.088872
slot update_slots: id  0 | task 0 | h2o eviction, prefix_keep = 1, recent_keep = 2047, victim = [1003,1004), score = 8.096805
slot update_slots: id  0 | task 0 | h2o eviction, prefix_keep = 1, recent_keep = 2047, victim = [517,518), score = 8.101372
slot update_slots: id  0 | task 0 | h2o eviction, prefix_keep = 1, recent_keep = 2047, victim = [571,572), score = 8.103095
slot update_slots: id  0 | task 0 | h2o eviction, prefix_keep = 1, recent_keep = 2047, victim = [1159,1160), score = 8.103747
slot update_slots: id  0 | task 0 | h2o eviction, prefix_keep = 1, recent_keep = 2047, victim = [2047,2048), score = 7.107339
slot update_slots: id  0 | task 0 | h2o eviction, prefix_keep = 1, recent_keep = 2047, victim = [2047,2048), score = 7.057020
slot update_slots: id  0 | task 0 | h2o eviction, prefix_keep = 1, recent_keep = 2047, victim = [2047,2048), score = 6.177922
slot update_slots: id  0 | task 0 | h2o eviction, prefix_keep = 1, recent_keep = 2047, victim = [1563,1564), score = 8.120552
slot update_slots: id  0 | task 0 | h2o eviction, prefix_keep = 1, recent_keep = 2047, victim = [1565,1566), score = 8.122413
slot update_slots: id  0 | task 0 | h2o eviction, prefix_keep = 1, recent_keep = 2047, victim = [956,957), score = 8.123341
slot update_slots: id  0 | task 0 | h2o eviction, prefix_keep = 1, recent_keep = 2047, victim = [1134,1135), score = 8.124336
slot update_slots: id  0 | task 0 | h2o eviction, prefix_keep = 1, recent_keep = 2047, victim = [1879,1880), score = 8.126911
slot update_slots: id  0 | task 0 | h2o eviction, prefix_keep = 1, recent_keep = 2047, victim = [1041,1042), score = 8.132717
slot update_slots: id  0 | task 0 | h2o eviction, prefix_keep = 1, recent_keep = 2047, victim = [1404,1405), score = 8.144187
slot update_slots: id  0 | task 0 | h2o eviction, prefix_keep = 1, recent_keep = 2047, victim = [673,674), score = 8.152989
slot update_slots: id  0 | task 0 | h2o eviction, prefix_keep = 1, recent_keep = 2047, victim = [980,981), score = 8.154041
slot update_slots: id  0 | task 0 | h2o eviction, prefix_keep = 1, recent_keep = 2047, victim = [738,739), score = 8.166313
slot update_slots: id  0 | task 0 | h2o eviction, prefix_keep = 1, recent_keep = 2047, victim = [1840,1841), score = 8.182005
slot update_slots: id  0 | task 0 | h2o eviction, prefix_keep = 1, recent_keep = 2047, victim = [1526,1527), score = 8.195342
slot update_slots: id  0 | task 0 | h2o eviction, prefix_keep = 1, recent_keep = 2047, victim = [938,939), score = 8.197229
slot update_slots: id  0 | task 0 | h2o eviction, prefix_keep = 1, recent_keep = 2047, victim = [2047,2048), score = 7.313149
slot update_slots: id  0 | task 0 | h2o eviction, prefix_keep = 1, recent_keep = 2047, victim = [1190,1191), score = 8.197746
slot update_slots: id  0 | task 0 | h2o eviction, prefix_keep = 1, recent_keep = 2047, victim = [1185,1186), score = 8.206199
slot update_slots: id  0 | task 0 | h2o eviction, prefix_keep = 1, recent_keep = 2047, victim = [1055,1056), score = 8.212705
slot update_slots: id  0 | task 0 | h2o eviction, prefix_keep = 1, recent_keep = 2047, victim = [902,903), score = 8.235196
slot update_slots: id  0 | task 0 | h2o eviction, prefix_keep = 1, recent_keep = 2047, victim = [2047,2048), score = 6.946517
slot update_slots: id  0 | task 0 | h2o eviction, prefix_keep = 1, recent_keep = 2047, victim = [1087,1088), score = 8.248433
slot update_slots: id  0 | task 0 | h2o eviction, prefix_keep = 1, recent_keep = 2047, victim = [2047,2048), score = 7.523934
slot update_slots: id  0 | task 0 | h2o eviction, prefix_keep = 1, recent_keep = 2047, victim = [2047,2048), score = 4.881885
slot update_slots: id  0 | task 0 | h2o eviction, prefix_keep = 1, recent_keep = 2047, victim = [2047,2048), score = 4.321695
slot update_slots: id  0 | task 0 | h2o eviction, prefix_keep = 1, recent_keep = 2047, victim = [2047,2048), score = 8.186265
slot update_slots: id  0 | task 0 | h2o eviction, prefix_keep = 1, recent_keep = 2047, victim = [791,792), score = 8.251423
slot update_slots: id  0 | task 0 | h2o eviction, prefix_keep = 1, recent_keep = 2047, victim = [1562,1563), score = 8.259299
slot update_slots: id  0 | task 0 | h2o eviction, prefix_keep = 1, recent_keep = 2047, victim = [998,999), score = 8.260015
slot update_slots: id  0 | task 0 | h2o eviction, prefix_keep = 1, recent_keep = 2047, victim = [935,936), score = 8.262486
slot update_slots: id  0 | task 0 | h2o eviction, prefix_keep = 1, recent_keep = 2047, victim = [2047,2048), score = 7.132278
slot update_slots: id  0 | task 0 | h2o eviction, prefix_keep = 1, recent_keep = 2047, victim = [954,955), score = 8.271160
slot update_slots: id  0 | task 0 | h2o eviction, prefix_keep = 1, recent_keep = 2047, victim = [624,625), score = 8.271746
slot update_slots: id  0 | task 0 | h2o eviction, prefix_keep = 1, recent_keep = 2047, victim = [2047,2048), score = 7.636923
slot update_slots: id  0 | task 0 | h2o eviction, prefix_keep = 1, recent_keep = 2047, victim = [1382,1383), score = 8.277820
slot update_slots: id  0 | task 0 | h2o eviction, prefix_keep = 1, recent_keep = 2047, victim = [839,840), score = 8.306988
slot update_slots: id  0 | task 0 | h2o eviction, prefix_keep = 1, recent_keep = 2047, victim = [552,553), score = 8.315179
slot update_slots: id  0 | task 0 | h2o eviction, prefix_keep = 1, recent_keep = 2047, victim = [511,512), score = 8.319680
slot update_slots: id  0 | task 0 | h2o eviction, prefix_keep = 1, recent_keep = 2047, victim = [1925,1926), score = 8.321530
slot update_slots: id  0 | task 0 | h2o eviction, prefix_keep = 1, recent_keep = 2047, victim = [1170,1171), score = 8.323169
slot update_slots: id  0 | task 0 | h2o eviction, prefix_keep = 1, recent_keep = 2047, victim = [1366,1367), score = 8.331573
slot update_slots: id  0 | task 0 | h2o eviction, prefix_keep = 1, recent_keep = 2047, victim = [1478,1479), score = 8.336760
slot update_slots: id  0 | task 0 | h2o eviction, prefix_keep = 1, recent_keep = 2047, victim = [1926,1927), score = 8.338968
slot update_slots: id  0 | task 0 | h2o eviction, prefix_keep = 1, recent_keep = 2047, victim = [14,15), score = 8.340328
slot update_slots: id  0 | task 0 | h2o eviction, prefix_keep = 1, recent_keep = 2047, victim = [2007,2008), score = 8.341533
slot update_slots: id  0 | task 0 | h2o eviction, prefix_keep = 1, recent_keep = 2047, victim = [2047,2048), score = 7.641792
slot update_slots: id  0 | task 0 | h2o eviction, prefix_keep = 1, recent_keep = 2047, victim = [1987,1988), score = 8.345432
slot update_slots: id  0 | task 0 | h2o eviction, prefix_keep = 1, recent_keep = 2047, victim = [1022,1023), score = 8.397812
slot update_slots: id  0 | task 0 | h2o eviction, prefix_keep = 1, recent_keep = 2047, victim = [2047,2048), score = 8.291245
slot update_slots: id  0 | task 0 | h2o eviction, prefix_keep = 1, recent_keep = 2047, victim = [1985,1986), score = 8.401017
slot update_slots: id  0 | task 0 | h2o eviction, prefix_keep = 1, recent_keep = 2047, victim = [1368,1369), score = 8.402080
slot update_slots: id  0 | task 0 | h2o eviction, prefix_keep = 1, recent_keep = 2047, victim = [1148,1149), score = 8.403010
slot update_slots: id  0 | task 0 | h2o eviction, prefix_keep = 1, recent_keep = 2047, victim = [350,351), score = 8.406916
slot update_slots: id  0 | task 0 | h2o eviction, prefix_keep = 1, recent_keep = 2047, victim = [662,663), score = 8.411219
slot update_slots: id  0 | task 0 | h2o eviction, prefix_keep = 1, recent_keep = 2047, victim = [647,648), score = 8.426688
slot update_slots: id  0 | task 0 | h2o eviction, prefix_keep = 1, recent_keep = 2047, victim = [647,648), score = 8.428845
slot update_slots: id  0 | task 0 | h2o eviction, prefix_keep = 1, recent_keep = 2047, victim = [406,407), score = 8.429789
slot update_slots: id  0 | task 0 | h2o eviction, prefix_keep = 1, recent_keep = 2047, victim = [680,681), score = 8.441088
slot update_slots: id  0 | task 0 | h2o eviction, prefix_keep = 1, recent_keep = 2047, victim = [518,519), score = 8.445035
slot update_slots: id  0 | task 0 | h2o eviction, prefix_keep = 1, recent_keep = 2047, victim = [1961,1962), score = 8.446222
slot update_slots: id  0 | task 0 | h2o eviction, prefix_keep = 1, recent_keep = 2047, victim = [1900,1901), score = 8.451469
slot update_slots: id  0 | task 0 | h2o eviction, prefix_keep = 1, recent_keep = 2047, victim = [349,350), score = 8.466006
slot update_slots: id  0 | task 0 | h2o eviction, prefix_keep = 1, recent_keep = 2047, victim = [1858,1859), score = 8.475085
slot update_slots: id  0 | task 0 | h2o eviction, prefix_keep = 1, recent_keep = 2047, victim = [1370,1371), score = 8.475914
slot update_slots: id  0 | task 0 | h2o eviction, prefix_keep = 1, recent_keep = 2047, victim = [1825,1826), score = 8.479736
slot update_slots: id  0 | task 0 | h2o eviction, prefix_keep = 1, recent_keep = 2047, victim = [1357,1358), score = 8.480369
slot update_slots: id  0 | task 0 | h2o eviction, prefix_keep = 1, recent_keep = 2047, victim = [684,685), score = 8.482278
slot update_slots: id  0 | task 0 | h2o eviction, prefix_keep = 1, recent_keep = 2047, victim = [2047,2048), score = 6.871078
slot update_slots: id  0 | task 0 | h2o eviction, prefix_keep = 1, recent_keep = 2047, victim = [876,877), score = 8.486304
slot update_slots: id  0 | task 0 | h2o eviction, prefix_keep = 1, recent_keep = 2047, victim = [435,436), score = 8.492887
slot update_slots: id  0 | task 0 | h2o eviction, prefix_keep = 1, recent_keep = 2047, victim = [1293,1294), score = 8.500334
slot update_slots: id  0 | task 0 | h2o eviction, prefix_keep = 1, recent_keep = 2047, victim = [2047,2048), score = 8.487725
slot update_slots: id  0 | task 0 | h2o eviction, prefix_keep = 1, recent_keep = 2047, victim = [2047,2048), score = 6.748544
slot update_slots: id  0 | task 0 | h2o eviction, prefix_keep = 1, recent_keep = 2047, victim = [1039,1040), score = 8.502066
slot update_slots: id  0 | task 0 | h2o eviction, prefix_keep = 1, recent_keep = 2047, victim = [1332,1333), score = 8.505360
slot update_slots: id  0 | task 0 | h2o eviction, prefix_keep = 1, recent_keep = 2047, victim = [953,954), score = 8.515123
slot update_slots: id  0 | task 0 | h2o eviction, prefix_keep = 1, recent_keep = 2047, victim = [730,731), score = 8.522332
slot update_slots: id  0 | task 0 | h2o eviction, prefix_keep = 1, recent_keep = 2047, victim = [1520,1521), score = 8.537774
slot update_slots: id  0 | task 0 | h2o eviction, prefix_keep = 1, recent_keep = 2047, victim = [1434,1435), score = 8.541768
slot update_slots: id  0 | task 0 | h2o eviction, prefix_keep = 1, recent_keep = 2047, victim = [1967,1968), score = 8.545497
slot update_slots: id  0 | task 0 | h2o eviction, prefix_keep = 1, recent_keep = 2047, victim = [1150,1151), score = 8.553724
slot update_slots: id  0 | task 0 | h2o eviction, prefix_keep = 1, recent_keep = 2047, victim = [1111,1112), score = 8.554068
slot update_slots: id  0 | task 0 | h2o eviction, prefix_keep = 1, recent_keep = 2047, victim = [2047,2048), score = 6.164452
slot update_slots: id  0 | task 0 | h2o eviction, prefix_keep = 1, recent_keep = 2047, victim = [584,585), score = 8.586766
slot update_slots: id  0 | task 0 | h2o eviction, prefix_keep = 1, recent_keep = 2047, victim = [2047,2048), score = 8.513035
slot update_slots: id  0 | task 0 | h2o eviction, prefix_keep = 1, recent_keep = 2047, victim = [2026,2027), score = 8.589681
slot update_slots: id  0 | task 0 | h2o eviction, prefix_keep = 1, recent_keep = 2047, victim = [2047,2048), score = 6.231412
slot update_slots: id  0 | task 0 | h2o eviction, prefix_keep = 1, recent_keep = 2047, victim = [2047,2048), score = 7.363328
slot update_slots: id  0 | task 0 | h2o eviction, prefix_keep = 1, recent_keep = 2047, victim = [2047,2048), score = 5.937466
slot update_slots: id  0 | task 0 | h2o eviction, prefix_keep = 1, recent_keep = 2047, victim = [2047,2048), score = 5.374385
slot update_slots: id  0 | task 0 | h2o eviction, prefix_keep = 1, recent_keep = 2047, victim = [2047,2048), score = 7.386568
slot update_slots: id  0 | task 0 | h2o eviction, prefix_keep = 1, recent_keep = 2047, victim = [1522,1523), score = 8.593940
slot update_slots: id  0 | task 0 | h2o eviction, prefix_keep = 1, recent_keep = 2047, victim = [1046,1047), score = 8.636064
slot update_slots: id  0 | task 0 | h2o eviction, prefix_keep = 1, recent_keep = 2047, victim = [1045,1046), score = 8.638064
slot update_slots: id  0 | task 0 | h2o eviction, prefix_keep = 1, recent_keep = 2047, victim = [1729,1730), score = 8.640745
slot update_slots: id  0 | task 0 | h2o eviction, prefix_keep = 1, recent_keep = 2047, victim = [1952,1953), score = 8.642398
slot update_slots: id  0 | task 0 | h2o eviction, prefix_keep = 1, recent_keep = 2047, victim = [785,786), score = 8.652687
slot update_slots: id  0 | task 0 | h2o eviction, prefix_keep = 1, recent_keep = 2047, victim = [2047,2048), score = 6.553297
slot update_slots: id  0 | task 0 | h2o eviction, prefix_keep = 1, recent_keep = 2047, victim = [866,867), score = 8.656135
slot update_slots: id  0 | task 0 | h2o eviction, prefix_keep = 1, recent_keep = 2047, victim = [1037,1038), score = 8.658027
slot update_slots: id  0 | task 0 | h2o eviction, prefix_keep = 1, recent_keep = 2047, victim = [762,763), score = 8.667171
slot update_slots: id  0 | task 0 | h2o eviction, prefix_keep = 1, recent_keep = 2047, victim = [1049,1050), score = 8.667951
slot update_slots: id  0 | task 0 | h2o eviction, prefix_keep = 1, recent_keep = 2047, victim = [615,616), score = 8.677469
slot update_slots: id  0 | task 0 | h2o eviction, prefix_keep = 1, recent_keep = 2047, victim = [1866,1867), score = 8.700354
slot update_slots: id  0 | task 0 | h2o eviction, prefix_keep = 1, recent_keep = 2047, victim = [728,729), score = 8.708068
slot update_slots: id  0 | task 0 | h2o eviction, prefix_keep = 1, recent_keep = 2047, victim = [426,427), score = 8.710153
slot update_slots: id  0 | task 0 | h2o eviction, prefix_keep = 1, recent_keep = 2047, victim = [750,751), score = 8.714455
slot update_slots: id  0 | task 0 | h2o eviction, prefix_keep = 1, recent_keep = 2047, victim = [673,674), score = 8.720012
slot update_slots: id  0 | task 0 | h2o eviction, prefix_keep = 1, recent_keep = 2047, victim = [1019,1020), score = 8.735634
slot update_slots: id  0 | task 0 | h2o eviction, prefix_keep = 1, recent_keep = 2047, victim = [961,962), score = 8.757894
slot update_slots: id  0 | task 0 | h2o eviction, prefix_keep = 1, recent_keep = 2047, victim = [905,906), score = 8.763522
slot update_slots: id  0 | task 0 | h2o eviction, prefix_keep = 1, recent_keep = 2047, victim = [936,937), score = 8.774101
slot update_slots: id  0 | task 0 | h2o eviction, prefix_keep = 1, recent_keep = 2047, victim = [1470,1471), score = 8.776713
slot update_slots: id  0 | task 0 | h2o eviction, prefix_keep = 1, recent_keep = 2047, victim = [1971,1972), score = 8.798908
slot update_slots: id  0 | task 0 | h2o eviction, prefix_keep = 1, recent_keep = 2047, victim = [2047,2048), score = 7.622008
slot update_slots: id  0 | task 0 | h2o eviction, prefix_keep = 1, recent_keep = 2047, victim = [2047,2048), score = 5.265441
slot update_slots: id  0 | task 0 | h2o eviction, prefix_keep = 1, recent_keep = 2047, victim = [2047,2048), score = 6.973441
slot update_slots: id  0 | task 0 | h2o eviction, prefix_keep = 1, recent_keep = 2047, victim = [848,849), score = 8.805143
slot update_slots: id  0 | task 0 | h2o eviction, prefix_keep = 1, recent_keep = 2047, victim = [1044,1045), score = 8.809813
slot update_slots: id  0 | task 0 | h2o eviction, prefix_keep = 1, recent_keep = 2047, victim = [515,516), score = 8.812267
slot update_slots: id  0 | task 0 | h2o eviction, prefix_keep = 1, recent_keep = 2047, victim = [1469,1470), score = 8.823634
slot update_slots: id  0 | task 0 | h2o eviction, prefix_keep = 1, recent_keep = 2047, victim = [1080,1081), score = 8.826226
slot update_slots: id  0 | task 0 | h2o eviction, prefix_keep = 1, recent_keep = 2047, victim = [1310,1311), score = 8.829934
slot update_slots: id  0 | task 0 | h2o eviction, prefix_keep = 1, recent_keep = 2047, victim = [1079,1080), score = 8.830549
slot update_slots: id  0 | task 0 | h2o eviction, prefix_keep = 1, recent_keep = 2047, victim = [875,876), score = 8.839861
slot update_slots: id  0 | task 0 | h2o eviction, prefix_keep = 1, recent_keep = 2047, victim = [1498,1499), score = 8.842832
slot update_slots: id  0 | task 0 | h2o eviction, prefix_keep = 1, recent_keep = 2047, victim = [894,895), score = 8.856828
slot update_slots: id  0 | task 0 | h2o eviction, prefix_keep = 1, recent_keep = 2047, victim = [2029,2030), score = 8.859657
slot update_slots: id  0 | task 0 | h2o eviction, prefix_keep = 1, recent_keep = 2047, victim = [1969,1970), score = 8.867408
slot update_slots: id  0 | task 0 | h2o eviction, prefix_keep = 1, recent_keep = 2047, victim = [738,739), score = 8.870575
slot update_slots: id  0 | task 0 | h2o eviction, prefix_keep = 1, recent_keep = 2047, victim = [1946,1947), score = 8.873919
slot update_slots: id  0 | task 0 | h2o eviction, prefix_keep = 1, recent_keep = 2047, victim = [1423,1424), score = 8.876493
slot update_slots: id  0 | task 0 | h2o eviction, prefix_keep = 1, recent_keep = 2047, victim = [2047,2048), score = 8.565845
slot update_slots: id  0 | task 0 | h2o eviction, prefix_keep = 1, recent_keep = 2047, victim = [340,341), score = 8.881119
slot update_slots: id  0 | task 0 | h2o eviction, prefix_keep = 1, recent_keep = 2047, victim = [1859,1860), score = 8.887653
slot update_slots: id  0 | task 0 | h2o eviction, prefix_keep = 1, recent_keep = 2047, victim = [1369,1370), score = 8.889540
slot update_slots: id  0 | task 0 | h2o eviction, prefix_keep = 1, recent_keep = 2047, victim = [644,645), score = 8.898807
slot update_slots: id  0 | task 0 | h2o eviction, prefix_keep = 1, recent_keep = 2047, victim = [881,882), score = 8.901291
slot update_slots: id  0 | task 0 | h2o eviction, prefix_keep = 1, recent_keep = 2047, victim = [2047,2048), score = 8.496998
slot update_slots: id  0 | task 0 | h2o eviction, prefix_keep = 1, recent_keep = 2047, victim = [2047,2048), score = 5.169801
slot update_slots: id  0 | task 0 | h2o eviction, prefix_keep = 1, recent_keep = 2047, victim = [912,913), score = 8.905643
slot update_slots: id  0 | task 0 | h2o eviction, prefix_keep = 1, recent_keep = 2047, victim = [2047,2048), score = 8.860003
slot update_slots: id  0 | task 0 | h2o eviction, prefix_keep = 1, recent_keep = 2047, victim = [654,655), score = 8.911602
slot update_slots: id  0 | task 0 | h2o eviction, prefix_keep = 1, recent_keep = 2047, victim = [715,716), score = 8.917987
slot update_slots: id  0 | task 0 | h2o eviction, prefix_keep = 1, recent_keep = 2047, victim = [2047,2048), score = 6.587600
slot update_slots: id  0 | task 0 | h2o eviction, prefix_keep = 1, recent_keep = 2047, victim = [2047,2048), score = 5.312541
slot update_slots: id  0 | task 0 | h2o eviction, prefix_keep = 1, recent_keep = 2047, victim = [2001,2002), score = 8.922578
slot update_slots: id  0 | task 0 | h2o eviction, prefix_keep = 1, recent_keep = 2047, victim = [616,617), score = 8.934214
slot update_slots: id  0 | task 0 | h2o eviction, prefix_keep = 1, recent_keep = 2047, victim = [2047,2048), score = 6.297163
slot update_slots: id  0 | task 0 | h2o eviction, prefix_keep = 1, recent_keep = 2047, victim = [1783,1784), score = 8.942667
slot update_slots: id  0 | task 0 | h2o eviction, prefix_keep = 1, recent_keep = 2047, victim = [2047,2048), score = 6.389143
slot update_slots: id  0 | task 0 | h2o eviction, prefix_keep = 1, recent_keep = 2047, victim = [2047,2048), score = 7.812728
slot update_slots: id  0 | task 0 | h2o eviction, prefix_keep = 1, recent_keep = 2047, victim = [1456,1457), score = 8.946308
slot update_slots: id  0 | task 0 | h2o eviction, prefix_keep = 1, recent_keep = 2047, victim = [1483,1484), score = 8.957143
slot update_slots: id  0 | task 0 | h2o eviction, prefix_keep = 1, recent_keep = 2047, victim = [1997,1998), score = 8.959107
slot update_slots: id  0 | task 0 | h2o eviction, prefix_keep = 1, recent_keep = 2047, victim = [232,233), score = 8.960663
slot update_slots: id  0 | task 0 | h2o eviction, prefix_keep = 1, recent_keep = 2047, victim = [903,904), score = 8.971710
slot update_slots: id  0 | task 0 | h2o eviction, prefix_keep = 1, recent_keep = 2047, victim = [619,620), score = 8.982549
slot update_slots: id  0 | task 0 | h2o eviction, prefix_keep = 1, recent_keep = 2047, victim = [891,892), score = 8.985280
slot update_slots: id  0 | task 0 | h2o eviction, prefix_keep = 1, recent_keep = 2047, victim = [1090,1091), score = 8.994108
slot update_slots: id  0 | task 0 | h2o eviction, prefix_keep = 1, recent_keep = 2047, victim = [2047,2048), score = 8.689572
slot update_slots: id  0 | task 0 | h2o eviction, prefix_keep = 1, recent_keep = 2047, victim = [923,924), score = 8.995241
slot update_slots: id  0 | task 0 | h2o eviction, prefix_keep = 1, recent_keep = 2047, victim = [899,900), score = 9.013965
slot update_slots: id  0 | task 0 | h2o eviction, prefix_keep = 1, recent_keep = 2047, victim = [567,568), score = 9.018406
slot update_slots: id  0 | task 0 | h2o eviction, prefix_keep = 1, recent_keep = 2047, victim = [836,837), score = 9.019851
slot update_slots: id  0 | task 0 | h2o eviction, prefix_keep = 1, recent_keep = 2047, victim = [921,922), score = 9.024638
slot update_slots: id  0 | task 0 | h2o eviction, prefix_keep = 1, recent_keep = 2047, victim = [1043,1044), score = 9.025374
slot update_slots: id  0 | task 0 | h2o eviction, prefix_keep = 1, recent_keep = 2047, victim = [896,897), score = 9.037951
slot update_slots: id  0 | task 0 | h2o eviction, prefix_keep = 1, recent_keep = 2047, victim = [1758,1759), score = 9.040566
slot update_slots: id  0 | task 0 | h2o eviction, prefix_keep = 1, recent_keep = 2047, victim = [2047,2048), score = 7.262202
slot update_slots: id  0 | task 0 | h2o eviction, prefix_keep = 1, recent_keep = 2047, victim = [2047,2048), score = 8.257301
slot update_slots: id  0 | task 0 | h2o eviction, prefix_keep = 1, recent_keep = 2047, victim = [2047,2048), score = 8.178036
slot update_slots: id  0 | task 0 | h2o eviction, prefix_keep = 1, recent_keep = 2047, victim = [2047,2048), score = 8.118454
slot update_slots: id  0 | task 0 | h2o eviction, prefix_keep = 1, recent_keep = 2047, victim = [2047,2048), score = 8.996492
slot update_slots: id  0 | task 0 | h2o eviction, prefix_keep = 1, recent_keep = 2047, victim = [894,895), score = 9.045865
slot update_slots: id  0 | task 0 | h2o eviction, prefix_keep = 1, recent_keep = 2047, victim = [1448,1449), score = 9.047877
slot update_slots: id  0 | task 0 | h2o eviction, prefix_keep = 1, recent_keep = 2047, victim = [1019,1020), score = 9.059165
slot update_slots: id  0 | task 0 | h2o eviction, prefix_keep = 1, recent_keep = 2047, victim = [562,563), score = 9.069883
slot update_slots: id  0 | task 0 | h2o eviction, prefix_keep = 1, recent_keep = 2047, victim = [592,593), score = 9.071354
slot update_slots: id  0 | task 0 | h2o eviction, prefix_keep = 1, recent_keep = 2047, victim = [2047,2048), score = 7.740917
slot update_slots: id  0 | task 0 | h2o eviction, prefix_keep = 1, recent_keep = 2047, victim = [1600,1601), score = 9.073501
slot update_slots: id  0 | task 0 | h2o eviction, prefix_keep = 1, recent_keep = 2047, victim = [1794,1795), score = 9.084995
slot update_slots: id  0 | task 0 | h2o eviction, prefix_keep = 1, recent_keep = 2047, victim = [2047,2048), score = 8.071246
slot update_slots: id  0 | task 0 | h2o eviction, prefix_keep = 1, recent_keep = 2047, victim = [1362,1363), score = 9.094107
slot update_slots: id  0 | task 0 | h2o eviction, prefix_keep = 1, recent_keep = 2047, victim = [926,927), score = 9.095590
slot update_slots: id  0 | task 0 | h2o eviction, prefix_keep = 1, recent_keep = 2047, victim = [1306,1307), score = 9.101086
slot update_slots: id  0 | task 0 | h2o eviction, prefix_keep = 1, recent_keep = 2047, victim = [719,720), score = 9.115699
slot update_slots: id  0 | task 0 | h2o eviction, prefix_keep = 1, recent_keep = 2047, victim = [2047,2048), score = 9.050254
slot update_slots: id  0 | task 0 | h2o eviction, prefix_keep = 1, recent_keep = 2047, victim = [914,915), score = 9.121710
slot update_slots: id  0 | task 0 | h2o eviction, prefix_keep = 1, recent_keep = 2047, victim = [2047,2048), score = 8.188735
slot update_slots: id  0 | task 0 | h2o eviction, prefix_keep = 1, recent_keep = 2047, victim = [1017,1018), score = 9.126716
slot update_slots: id  0 | task 0 | h2o eviction, prefix_keep = 1, recent_keep = 2047, victim = [544,545), score = 9.127892
slot update_slots: id  0 | task 0 | h2o eviction, prefix_keep = 1, recent_keep = 2047, victim = [1608,1609), score = 9.137416
slot update_slots: id  0 | task 0 | h2o eviction, prefix_keep = 1, recent_keep = 2047, victim = [794,795), score = 9.138774
slot update_slots: id  0 | task 0 | h2o eviction, prefix_keep = 1, recent_keep = 2047, victim = [205,206), score = 9.149079
slot update_slots: id  0 | task 0 | h2o eviction, prefix_keep = 1, recent_keep = 2047, victim = [1766,1767), score = 9.159436
slot update_slots: id  0 | task 0 | h2o eviction, prefix_keep = 1, recent_keep = 2047, victim = [2047,2048), score = 8.599040
slot update_slots: id  0 | task 0 | h2o eviction, prefix_keep = 1, recent_keep = 2047, victim = [381,382), score = 9.169176
slot update_slots: id  0 | task 0 | h2o eviction, prefix_keep = 1, recent_keep = 2047, victim = [2047,2048), score = 8.305725
slot update_slots: id  0 | task 0 | h2o eviction, prefix_keep = 1, recent_keep = 2047, victim = [931,932), score = 9.172538
slot update_slots: id  0 | task 0 | h2o eviction, prefix_keep = 1, recent_keep = 2047, victim = [966,967), score = 9.175399
slot update_slots: id  0 | task 0 | h2o eviction, prefix_keep = 1, recent_keep = 2047, victim = [1920,1921), score = 9.177460
slot update_slots: id  0 | task 0 | h2o eviction, prefix_keep = 1, recent_keep = 2047, victim = [649,650), score = 9.177929
slot update_slots: id  0 | task 0 | h2o eviction, prefix_keep = 1, recent_keep = 2047, victim = [1807,1808), score = 9.187657
slot update_slots: id  0 | task 0 | h2o eviction, prefix_keep = 1, recent_keep = 2047, victim = [2047,2048), score = 7.662279
slot update_slots: id  0 | task 0 | h2o eviction, prefix_keep = 1, recent_keep = 2047, victim = [2047,2048), score = 8.880727
slot update_slots: id  0 | task 0 | h2o eviction, prefix_keep = 1, recent_keep = 2047, victim = [620,621), score = 9.205878
slot update_slots: id  0 | task 0 | h2o eviction, prefix_keep = 1, recent_keep = 2047, victim = [599,600), score = 9.206585
slot update_slots: id  0 | task 0 | h2o eviction, prefix_keep = 1, recent_keep = 2047, victim = [2047,2048), score = 6.957217
slot update_slots: id  0 | task 0 | h2o eviction, prefix_keep = 1, recent_keep = 2047, victim = [2047,2048), score = 8.923380
slot update_slots: id  0 | task 0 | h2o eviction, prefix_keep = 1, recent_keep = 2047, victim = [2047,2048), score = 8.019731
slot update_slots: id  0 | task 0 | h2o eviction, prefix_keep = 1, recent_keep = 2047, victim = [1017,1018), score = 9.211504
slot update_slots: id  0 | task 0 | h2o eviction, prefix_keep = 1, recent_keep = 2047, victim = [2047,2048), score = 8.112951
slot update_slots: id  0 | task 0 | h2o eviction, prefix_keep = 1, recent_keep = 2047, victim = [2047,2048), score = 7.714608
slot update_slots: id  0 | task 0 | h2o eviction, prefix_keep = 1, recent_keep = 2047, victim = [509,510), score = 9.214514
slot update_slots: id  0 | task 0 | h2o eviction, prefix_keep = 1, recent_keep = 2047, victim = [1042,1043), score = 9.217159
slot update_slots: id  0 | task 0 | h2o eviction, prefix_keep = 1, recent_keep = 2047, victim = [1040,1041), score = 9.219050
slot update_slots: id  0 | task 0 | h2o eviction, prefix_keep = 1, recent_keep = 2047, victim = [1276,1277), score = 9.223225
slot update_slots: id  0 | task 0 | h2o eviction, prefix_keep = 1, recent_keep = 2047, victim = [1210,1211), score = 9.239953
slot update_slots: id  0 | task 0 | h2o eviction, prefix_keep = 1, recent_keep = 2047, victim = [1900,1901), score = 9.247816
slot update_slots: id  0 | task 0 | h2o eviction, prefix_keep = 1, recent_keep = 2047, victim = [674,675), score = 9.254629
slot update_slots: id  0 | task 0 | h2o eviction, prefix_keep = 1, recent_keep = 2047, victim = [684,685), score = 9.258887
slot update_slots: id  0 | task 0 | h2o eviction, prefix_keep = 1, recent_keep = 2047, victim = [1885,1886), score = 9.272596
slot update_slots: id  0 | task 0 | h2o eviction, prefix_keep = 1, recent_keep = 2047, victim = [1078,1079), score = 9.282571
slot update_slots: id  0 | task 0 | h2o eviction, prefix_keep = 1, recent_keep = 2047, victim = [921,922), score = 9.284762
slot update_slots: id  0 | task 0 | h2o eviction, prefix_keep = 1, recent_keep = 2047, victim = [1376,1377), score = 9.293016
slot update_slots: id  0 | task 0 | h2o eviction, prefix_keep = 1, recent_keep = 2047, victim = [1269,1270), score = 9.297079
slot update_slots: id  0 | task 0 | h2o eviction, prefix_keep = 1, recent_keep = 2047, victim = [1744,1745), score = 9.298462
slot update_slots: id  0 | task 0 | h2o eviction, prefix_keep = 1, recent_keep = 2047, victim = [953,954), score = 9.303250
slot update_slots: id  0 | task 0 | h2o eviction, prefix_keep = 1, recent_keep = 2047, victim = [285,286), score = 9.303655
slot update_slots: id  0 | task 0 | h2o eviction, prefix_keep = 1, recent_keep = 2047, victim = [1427,1428), score = 9.308672
slot update_slots: id  0 | task 0 | h2o eviction, prefix_keep = 1, recent_keep = 2047, victim = [1064,1065), score = 9.311965
slot update_slots: id  0 | task 0 | h2o eviction, prefix_keep = 1, recent_keep = 2047, victim = [1853,1854), score = 9.313092
slot update_slots: id  0 | task 0 | h2o eviction, prefix_keep = 1, recent_keep = 2047, victim = [2047,2048), score = 8.498294
slot update_slots: id  0 | task 0 | h2o eviction, prefix_keep = 1, recent_keep = 2047, victim = [1070,1071), score = 9.317074
slot update_slots: id  0 | task 0 | h2o eviction, prefix_keep = 1, recent_keep = 2047, victim = [1976,1977), score = 9.321360
slot update_slots: id  0 | task 0 | h2o eviction, prefix_keep = 1, recent_keep = 2047, victim = [2047,2048), score = 9.260967
slot update_slots: id  0 | task 0 | h2o eviction, prefix_keep = 1, recent_keep = 2047, victim = [994,995), score = 9.322736
slot update_slots: id  0 | task 0 | h2o eviction, prefix_keep = 1, recent_keep = 2047, victim = [272,273), score = 9.323702
slot update_slots: id  0 | task 0 | h2o eviction, prefix_keep = 1, recent_keep = 2047, victim = [1726,1727), score = 9.330252
slot update_slots: id  0 | task 0 | h2o eviction, prefix_keep = 1, recent_keep = 2047, victim = [2047,2048), score = 5.810707
slot update_slots: id  0 | task 0 | h2o eviction, prefix_keep = 1, recent_keep = 2047, victim = [1060,1061), score = 9.331424
slot update_slots: id  0 | task 0 | h2o eviction, prefix_keep = 1, recent_keep = 2047, victim = [1720,1721), score = 9.338740
slot update_slots: id  0 | task 0 | h2o eviction, prefix_keep = 1, recent_keep = 2047, victim = [282,283), score = 9.339937
slot update_slots: id  0 | task 0 | h2o eviction, prefix_keep = 1, recent_keep = 2047, victim = [1430,1431), score = 9.341668
slot update_slots: id  0 | task 0 | h2o eviction, prefix_keep = 1, recent_keep = 2047, victim = [2047,2048), score = 7.305479
slot update_slots: id  0 | task 0 | h2o eviction, prefix_keep = 1, recent_keep = 2047, victim = [2047,2048), score = 8.925917
slot update_slots: id  0 | task 0 | h2o eviction, prefix_keep = 1, recent_keep = 2047, victim = [1883,1884), score = 9.352573
slot update_slots: id  0 | task 0 | h2o eviction, prefix_keep = 1, recent_keep = 2047, victim = [26,27), score = 9.354348
slot update_slots: id  0 | task 0 | h2o eviction, prefix_keep = 1, recent_keep = 2047, victim = [1044,1045), score = 9.358433
slot update_slots: id  0 | task 0 | h2o eviction, prefix_keep = 1, recent_keep = 2047, victim = [2047,2048), score = 7.717522
slot update_slots: id  0 | task 0 | h2o eviction, prefix_keep = 1, recent_keep = 2047, victim = [2047,2048), score = 8.758232
slot update_slots: id  0 | task 0 | h2o eviction, prefix_keep = 1, recent_keep = 2047, victim = [943,944), score = 9.364138
slot update_slots: id  0 | task 0 | h2o eviction, prefix_keep = 1, recent_keep = 2047, victim = [2047,2048), score = 8.249089
slot update_slots: id  0 | task 0 | h2o eviction, prefix_keep = 1, recent_keep = 2047, victim = [2047,2048), score = 6.881258
slot update_slots: id  0 | task 0 | h2o eviction, prefix_keep = 1, recent_keep = 2047, victim = [2047,2048), score = 6.345108
slot update_slots: id  0 | task 0 | h2o eviction, prefix_keep = 1, recent_keep = 2047, victim = [2047,2048), score = 5.921356
slot update_slots: id  0 | task 0 | h2o eviction, prefix_keep = 1, recent_keep = 2047, victim = [2047,2048), score = 5.717173
slot update_slots: id  0 | task 0 | h2o eviction, prefix_keep = 1, recent_keep = 2047, victim = [2047,2048), score = 7.149210
slot update_slots: id  0 | task 0 | h2o eviction, prefix_keep = 1, recent_keep = 2047, victim = [2047,2048), score = 6.130587
slot update_slots: id  0 | task 0 | h2o eviction, prefix_keep = 1, recent_keep = 2047, victim = [2047,2048), score = 8.334814
slot update_slots: id  0 | task 0 | h2o eviction, prefix_keep = 1, recent_keep = 2047, victim = [2047,2048), score = 7.447985
slot update_slots: id  0 | task 0 | h2o eviction, prefix_keep = 1, recent_keep = 2047, victim = [2047,2048), score = 7.069432
slot update_slots: id  0 | task 0 | h2o eviction, prefix_keep = 1, recent_keep = 2047, victim = [699,700), score = 9.368914
slot update_slots: id  0 | task 0 | h2o eviction, prefix_keep = 1, recent_keep = 2047, victim = [810,811), score = 9.372865
slot update_slots: id  0 | task 0 | h2o eviction, prefix_keep = 1, recent_keep = 2047, victim = [667,668), score = 9.380849
slot update_slots: id  0 | task 0 | h2o eviction, prefix_keep = 1, recent_keep = 2047, victim = [2047,2048), score = 7.567611
slot update_slots: id  0 | task 0 | h2o eviction, prefix_keep = 1, recent_keep = 2047, victim = [846,847), score = 9.382125
slot update_slots: id  0 | task 0 | h2o eviction, prefix_keep = 1, recent_keep = 2047, victim = [2047,2048), score = 7.702800
slot update_slots: id  0 | task 0 | h2o eviction, prefix_keep = 1, recent_keep = 2047, victim = [2047,2048), score = 5.541132
slot update_slots: id  0 | task 0 | h2o eviction, prefix_keep = 1, recent_keep = 2047, victim = [2047,2048), score = 5.876041
slot update_slots: id  0 | task 0 | h2o eviction, prefix_keep = 1, recent_keep = 2047, victim = [1405,1406), score = 9.394985
slot update_slots: id  0 | task 0 | h2o eviction, prefix_keep = 1, recent_keep = 2047, victim = [945,946), score = 9.395844
slot update_slots: id  0 | task 0 | h2o eviction, prefix_keep = 1, recent_keep = 2047, victim = [557,558), score = 9.400842
slot update_slots: id  0 | task 0 | h2o eviction, prefix_keep = 1, recent_keep = 2047, victim = [2047,2048), score = 8.550887
slot update_slots: id  0 | task 0 | h2o eviction, prefix_keep = 1, recent_keep = 2047, victim = [333,334), score = 9.411091
slot update_slots: id  0 | task 0 | h2o eviction, prefix_keep = 1, recent_keep = 2047, victim = [2039,2040), score = 9.417377
slot update_slots: id  0 | task 0 | h2o eviction, prefix_keep = 1, recent_keep = 2047, victim = [2047,2048), score = 6.250155
slot update_slots: id  0 | task 0 | h2o eviction, prefix_keep = 1, recent_keep = 2047, victim = [1228,1229), score = 9.428568
slot update_slots: id  0 | task 0 | h2o eviction, prefix_keep = 1, recent_keep = 2047, victim = [1360,1361), score = 9.440140
slot update_slots: id  0 | task 0 | h2o eviction, prefix_keep = 1, recent_keep = 2047, victim = [2047,2048), score = 7.587386
slot update_slots: id  0 | task 0 | h2o eviction, prefix_keep = 1, recent_keep = 2047, victim = [1746,1747), score = 9.442433
slot update_slots: id  0 | task 0 | h2o eviction, prefix_keep = 1, recent_keep = 2047, victim = [389,390), score = 9.461746
slot update_slots: id  0 | task 0 | h2o eviction, prefix_keep = 1, recent_keep = 2047, victim = [664,665), score = 9.466805
slot update_slots: id  0 | task 0 | h2o eviction, prefix_keep = 1, recent_keep = 2047, victim = [1894,1895), score = 9.483143
slot update_slots: id  0 | task 0 | h2o eviction, prefix_keep = 1, recent_keep = 2047, victim = [1917,1918), score = 9.489841
slot update_slots: id  0 | task 0 | h2o eviction, prefix_keep = 1, recent_keep = 2047, victim = [304,305), score = 9.504309
slot update_slots: id  0 | task 0 | h2o eviction, prefix_keep = 1, recent_keep = 2047, victim = [394,395), score = 9.509821
slot update_slots: id  0 | task 0 | h2o eviction, prefix_keep = 1, recent_keep = 2047, victim = [1537,1538), score = 9.524354
slot update_slots: id  0 | task 0 | h2o eviction, prefix_keep = 1, recent_keep = 2047, victim = [2047,2048), score = 6.684045
slot update_slots: id  0 | task 0 | h2o eviction, prefix_keep = 1, recent_keep = 2047, victim = [2047,2048), score = 7.220089
slot update_slots: id  0 | task 0 | h2o eviction, prefix_keep = 1, recent_keep = 2047, victim = [576,577), score = 9.527595
slot update_slots: id  0 | task 0 | h2o eviction, prefix_keep = 1, recent_keep = 2047, victim = [1996,1997), score = 9.537748
slot update_slots: id  0 | task 0 | h2o eviction, prefix_keep = 1, recent_keep = 2047, victim = [603,604), score = 9.543137
slot update_slots: id  0 | task 0 | h2o eviction, prefix_keep = 1, recent_keep = 2047, victim = [1979,1980), score = 9.544399
slot update_slots: id  0 | task 0 | h2o eviction, prefix_keep = 1, recent_keep = 2047, victim = [1745,1746), score = 9.547610
slot update_slots: id  0 | task 0 | h2o eviction, prefix_keep = 1, recent_keep = 2047, victim = [2031,2032), score = 9.554327
slot update_slots: id  0 | task 0 | h2o eviction, prefix_keep = 1, recent_keep = 2047, victim = [901,902), score = 9.555488
slot update_slots: id  0 | task 0 | h2o eviction, prefix_keep = 1, recent_keep = 2047, victim = [1810,1811), score = 9.563229
slot update_slots: id  0 | task 0 | h2o eviction, prefix_keep = 1, recent_keep = 2047, victim = [970,971), score = 9.568634
slot update_slots: id  0 | task 0 | h2o eviction, prefix_keep = 1, recent_keep = 2047, victim = [1945,1946), score = 9.574693
slot update_slots: id  0 | task 0 | h2o eviction, prefix_keep = 1, recent_keep = 2047, victim = [566,567), score = 9.577521
slot update_slots: id  0 | task 0 | h2o eviction, prefix_keep = 1, recent_keep = 2047, victim = [907,908), score = 9.580949
slot update_slots: id  0 | task 0 | h2o eviction, prefix_keep = 1, recent_keep = 2047, victim = [1876,1877), score = 9.583570
slot update_slots: id  0 | task 0 | h2o eviction, prefix_keep = 1, recent_keep = 2047, victim = [803,804), score = 9.586117
slot update_slots: id  0 | task 0 | h2o eviction, prefix_keep = 1, recent_keep = 2047, victim = [1345,1346), score = 9.608006
slot update_slots: id  0 | task 0 | h2o eviction, prefix_keep = 1, recent_keep = 2047, victim = [2047,2048), score = 8.654941
slot update_slots: id  0 | task 0 | h2o eviction, prefix_keep = 1, recent_keep = 2047, victim = [2047,2048), score = 9.233246
slot update_slots: id  0 | task 0 | h2o eviction, prefix_keep = 1, recent_keep = 2047, victim = [566,567), score = 9.618487
slot update_slots: id  0 | task 0 | h2o eviction, prefix_keep = 1, recent_keep = 2047, victim = [124,125), score = 9.619342
slot update_slots: id  0 | task 0 | h2o eviction, prefix_keep = 1, recent_keep = 2047, victim = [603,604), score = 9.619697
slot update_slots: id  0 | task 0 | h2o eviction, prefix_keep = 1, recent_keep = 2047, victim = [2047,2048), score = 9.299896
slot update_slots: id  0 | task 0 | h2o eviction, prefix_keep = 1, recent_keep = 2047, victim = [998,999), score = 9.623236
slot update_slots: id  0 | task 0 | h2o eviction, prefix_keep = 1, recent_keep = 2047, victim = [869,870), score = 9.627075
slot update_slots: id  0 | task 0 | h2o eviction, prefix_keep = 1, recent_keep = 2047, victim = [876,877), score = 9.628697
slot update_slots: id  0 | task 0 | h2o eviction, prefix_keep = 1, recent_keep = 2047, victim = [574,575), score = 9.630411
slot update_slots: id  0 | task 0 | h2o eviction, prefix_keep = 1, recent_keep = 2047, victim = [862,863), score = 9.633357
slot update_slots: id  0 | task 0 | h2o eviction, prefix_keep = 1, recent_keep = 2047, victim = [277,278), score = 9.638373
slot update_slots: id  0 | task 0 | h2o eviction, prefix_keep = 1, recent_keep = 2047, victim = [1808,1809), score = 9.642406
slot update_slots: id  0 | task 0 | h2o eviction, prefix_keep = 1, recent_keep = 2047, victim = [1247,1248), score = 9.653835
slot update_slots: id  0 | task 0 | h2o eviction, prefix_keep = 1, recent_keep = 2047, victim = [1048,1049), score = 9.656520
slot update_slots: id  0 | task 0 | h2o eviction, prefix_keep = 1, recent_keep = 2047, victim = [191,192), score = 9.664519
slot update_slots: id  0 | task 0 | h2o eviction, prefix_keep = 1, recent_keep = 2047, victim = [1732,1733), score = 9.680257
slot update_slots: id  0 | task 0 | h2o eviction, prefix_keep = 1, recent_keep = 2047, victim = [657,658), score = 9.688542
slot update_slots: id  0 | task 0 | h2o eviction, prefix_keep = 1, recent_keep = 2047, victim = [2047,2048), score = 9.425598
slot update_slots: id  0 | task 0 | h2o eviction, prefix_keep = 1, recent_keep = 2047, victim = [278,279), score = 9.695567
slot update_slots: id  0 | task 0 | h2o eviction, prefix_keep = 1, recent_keep = 2047, victim = [1865,1866), score = 9.696911
slot update_slots: id  0 | task 0 | h2o eviction, prefix_keep = 1, recent_keep = 2047, victim = [1170,1171), score = 9.701582
slot update_slots: id  0 | task 0 | h2o eviction, prefix_keep = 1, recent_keep = 2047, victim = [881,882), score = 9.701991
slot update_slots: id  0 | task 0 | h2o eviction, prefix_keep = 1, recent_keep = 2047, victim = [2030,2031), score = 9.706388
slot update_slots: id  0 | task 0 | h2o eviction, prefix_keep = 1, recent_keep = 2047, victim = [603,604), score = 9.713884
slot update_slots: id  0 | task 0 | h2o eviction, prefix_keep = 1, recent_keep = 2047, victim = [1015,1016), score = 9.716913
slot update_slots: id  0 | task 0 | h2o eviction, prefix_keep = 1, recent_keep = 2047, victim = [2047,2048), score = 9.538854
slot update_slots: id  0 | task 0 | h2o eviction, prefix_keep = 1, recent_keep = 2047, victim = [2047,2048), score = 8.330795
slot update_slots: id  0 | task 0 | h2o eviction, prefix_keep = 1, recent_keep = 2047, victim = [1153,1154), score = 9.724151
slot update_slots: id  0 | task 0 | h2o eviction, prefix_keep = 1, recent_keep = 2047, victim = [1513,1514), score = 9.728594
slot update_slots: id  0 | task 0 | h2o eviction, prefix_keep = 1, recent_keep = 2047, victim = [762,763), score = 9.733541
slot update_slots: id  0 | task 0 | h2o eviction, prefix_keep = 1, recent_keep = 2047, victim = [1214,1215), score = 9.734086
slot update_slots: id  0 | task 0 | h2o eviction, prefix_keep = 1, recent_keep = 2047, victim = [2047,2048), score = 9.243973
slot update_slots: id  0 | task 0 | h2o eviction, prefix_keep = 1, recent_keep = 2047, victim = [2047,2048), score = 8.724787
slot update_slots: id  0 | task 0 | h2o eviction, prefix_keep = 1, recent_keep = 2047, victim = [1500,1501), score = 9.736221
slot update_slots: id  0 | task 0 | h2o eviction, prefix_keep = 1, recent_keep = 2047, victim = [2047,2048), score = 9.360018
slot update_slots: id  0 | task 0 | h2o eviction, prefix_keep = 1, recent_keep = 2047, victim = [2047,2048), score = 6.885496
slot update_slots: id  0 | task 0 | h2o eviction, prefix_keep = 1, recent_keep = 2047, victim = [610,611), score = 9.741585
slot update_slots: id  0 | task 0 | h2o eviction, prefix_keep = 1, recent_keep = 2047, victim = [868,869), score = 9.742520
slot update_slots: id  0 | task 0 | h2o eviction, prefix_keep = 1, recent_keep = 2047, victim = [2047,2048), score = 8.138151
slot update_slots: id  0 | task 0 | h2o eviction, prefix_keep = 1, recent_keep = 2047, victim = [581,582), score = 9.759154
slot update_slots: id  0 | task 0 | h2o eviction, prefix_keep = 1, recent_keep = 2047, victim = [493,494), score = 9.759603
slot update_slots: id  0 | task 0 | h2o eviction, prefix_keep = 1, recent_keep = 2047, victim = [2047,2048), score = 7.207437
slot update_slots: id  0 | task 0 | h2o eviction, prefix_keep = 1, recent_keep = 2047, victim = [2047,2048), score = 5.943006
slot update_slots: id  0 | task 0 | h2o eviction, prefix_keep = 1, recent_keep = 2047, victim = [2047,2048), score = 6.335396
slot update_slots: id  0 | task 0 | h2o eviction, prefix_keep = 1, recent_keep = 2047, victim = [2047,2048), score = 4.639953
slot update_slots: id  0 | task 0 | h2o eviction, prefix_keep = 1, recent_keep = 2047, victim = [2047,2048), score = 7.286382
slot update_slots: id  0 | task 0 | h2o eviction, prefix_keep = 1, recent_keep = 2047, victim = [1854,1855), score = 9.779758
slot update_slots: id  0 | task 0 | h2o eviction, prefix_keep = 1, recent_keep = 2047, victim = [2047,2048), score = 6.540670
slot update_slots: id  0 | task 0 | h2o eviction, prefix_keep = 1, recent_keep = 2047, victim = [1251,1252), score = 9.785753
slot update_slots: id  0 | task 0 | h2o eviction, prefix_keep = 1, recent_keep = 2047, victim = [2047,2048), score = 8.203690
slot update_slots: id  0 | task 0 | h2o eviction, prefix_keep = 1, recent_keep = 2047, victim = [2047,2048), score = 5.773804
slot update_slots: id  0 | task 0 | h2o eviction, prefix_keep = 1, recent_keep = 2047, victim = [1352,1353), score = 9.787423
slot update_slots: id  0 | task 0 | h2o eviction, prefix_keep = 1, recent_keep = 2047, victim = [2047,2048), score = 7.462518
slot update_slots: id  0 | task 0 | h2o eviction, prefix_keep = 1, recent_keep = 2047, victim = [2047,2048), score = 7.780153
slot update_slots: id  0 | task 0 | h2o eviction, prefix_keep = 1, recent_keep = 2047, victim = [1664,1665), score = 9.799294
slot update_slots: id  0 | task 0 | h2o eviction, prefix_keep = 1, recent_keep = 2047, victim = [304,305), score = 9.800095
slot update_slots: id  0 | task 0 | h2o eviction, prefix_keep = 1, recent_keep = 2047, victim = [2047,2048), score = 9.502501
slot update_slots: id  0 | task 0 | h2o eviction, prefix_keep = 1, recent_keep = 2047, victim = [738,739), score = 9.802384
slot update_slots: id  0 | task 0 | h2o eviction, prefix_keep = 1, recent_keep = 2047, victim = [1273,1274), score = 9.817712
slot update_slots: id  0 | task 0 | h2o eviction, prefix_keep = 1, recent_keep = 2047, victim = [847,848), score = 9.829420
slot update_slots: id  0 | task 0 | h2o eviction, prefix_keep = 1, recent_keep = 2047, victim = [1845,1846), score = 9.830955
slot update_slots: id  0 | task 0 | h2o eviction, prefix_keep = 1, recent_keep = 2047, victim = [705,706), score = 9.836067
slot update_slots: id  0 | task 0 | h2o eviction, prefix_keep = 1, recent_keep = 2047, victim = [1317,1318), score = 9.837033
slot update_slots: id  0 | task 0 | h2o eviction, prefix_keep = 1, recent_keep = 2047, victim = [1981,1982), score = 9.846346
slot update_slots: id  0 | task 0 | h2o eviction, prefix_keep = 1, recent_keep = 2047, victim = [1817,1818), score = 9.853588
slot update_slots: id  0 | task 0 | h2o eviction, prefix_keep = 1, recent_keep = 2047, victim = [1769,1770), score = 9.856048
slot update_slots: id  0 | task 0 | h2o eviction, prefix_keep = 1, recent_keep = 2047, victim = [932,933), score = 9.857072
slot update_slots: id  0 | task 0 | h2o eviction, prefix_keep = 1, recent_keep = 2047, victim = [605,606), score = 9.860787
slot update_slots: id  0 | task 0 | h2o eviction, prefix_keep = 1, recent_keep = 2047, victim = [701,702), score = 9.875016
slot update_slots: id  0 | task 0 | h2o eviction, prefix_keep = 1, recent_keep = 2047, victim = [1003,1004), score = 9.875613
slot update_slots: id  0 | task 0 | h2o eviction, prefix_keep = 1, recent_keep = 2047, victim = [843,844), score = 9.883739
slot update_slots: id  0 | task 0 | h2o eviction, prefix_keep = 1, recent_keep = 2047, victim = [1137,1138), score = 9.891220
slot update_slots: id  0 | task 0 | h2o eviction, prefix_keep = 1, recent_keep = 2047, victim = [575,576), score = 9.903252
slot update_slots: id  0 | task 0 | h2o eviction, prefix_keep = 1, recent_keep = 2047, victim = [733,734), score = 9.912005
slot update_slots: id  0 | task 0 | h2o eviction, prefix_keep = 1, recent_keep = 2047, victim = [1777,1778), score = 9.917112
slot update_slots: id  0 | task 0 | h2o eviction, prefix_keep = 1, recent_keep = 2047, victim = [835,836), score = 9.921522
slot update_slots: id  0 | task 0 | h2o eviction, prefix_keep = 1, recent_keep = 2047, victim = [916,917), score = 9.925462
slot update_slots: id  0 | task 0 | h2o eviction, prefix_keep = 1, recent_keep = 2047, victim = [1905,1906), score = 9.942509
slot update_slots: id  0 | task 0 | h2o eviction, prefix_keep = 1, recent_keep = 2047, victim = [1948,1949), score = 9.945760
slot update_slots: id  0 | task 0 | h2o eviction, prefix_keep = 1, recent_keep = 2047, victim = [873,874), score = 9.948375
slot update_slots: id  0 | task 0 | h2o eviction, prefix_keep = 1, recent_keep = 2047, victim = [935,936), score = 9.952342
slot update_slots: id  0 | task 0 | h2o eviction, prefix_keep = 1, recent_keep = 2047, victim = [793,794), score = 9.953024
slot update_slots: id  0 | task 0 | h2o eviction, prefix_keep = 1, recent_keep = 2047, victim = [1924,1925), score = 9.957030
slot update_slots: id  0 | task 0 | h2o eviction, prefix_keep = 1, recent_keep = 2047, victim = [2047,2048), score = 8.536773
slot update_slots: id  0 | task 0 | h2o eviction, prefix_keep = 1, recent_keep = 2047, victim = [654,655), score = 9.960508
slot update_slots: id  0 | task 0 | h2o eviction, prefix_keep = 1, recent_keep = 2047, victim = [609,610), score = 9.969990
slot update_slots: id  0 | task 0 | h2o eviction, prefix_keep = 1, recent_keep = 2047, victim = [360,361), score = 9.973367
slot update_slots: id  0 | task 0 | h2o eviction, prefix_keep = 1, recent_keep = 2047, victim = [2047,2048), score = 8.680964
slot update_slots: id  0 | task 0 | h2o eviction, prefix_keep = 1, recent_keep = 2047, victim = [1186,1187), score = 9.976058
slot update_slots: id  0 | task 0 | h2o eviction, prefix_keep = 1, recent_keep = 2047, victim = [1878,1879), score = 9.976904
slot update_slots: id  0 | task 0 | h2o eviction, prefix_keep = 1, recent_keep = 2047, victim = [2044,2045), score = 9.983588
slot update_slots: id  0 | task 0 | h2o eviction, prefix_keep = 1, recent_keep = 2047, victim = [347,348), score = 9.984830
slot update_slots: id  0 | task 0 | h2o eviction, prefix_keep = 1, recent_keep = 2047, victim = [1782,1783), score = 9.986973
slot update_slots: id  0 | task 0 | h2o eviction, prefix_keep = 1, recent_keep = 2047, victim = [2047,2048), score = 9.803621
slot print_timing: id  0 | task 0 | 
prompt eval time =   51430.04 ms /  4069 tokens (   12.64 ms per token,    79.12 tokens per second)
       eval time =   61066.04 ms /   724 tokens (   84.35 ms per token,    11.86 tokens per second)
      total time =  112496.08 ms /  4793 tokens
slot      release: id  0 | task 0 | stop processing: n_tokens = 4095, truncated = 1
srv  update_slots: all slots are idle
llama_memory_breakdown_print: | memory breakdown [MiB]  | total   free    self   model   context   compute    unaccounted |
llama_memory_breakdown_print: |   - MTL0 (Apple M1 Pro) | 12124 = 6642 + (5481 =  4685 +     512 +     284) +           0 |
llama_memory_breakdown_print: |   - Host                |                  309 =   281 +       0 +      28                |
ggml_metal_free: deallocating
