token_index,token_id,probability,logprob,nll,reference_probability,reference_logprob,reference_nll,nll_drift
0,791,0.9842369444241198,-0.015888613737887618,0.015888613737887618,0.9842369444241198,-0.015888613737887618,0.015888613737887618,0
1,220,0.99977519364377565,-0.00022483162896092809,0.00022483162896092809,0.99977519364377565,-0.00022483162896092809,0.00022483162896092809,0
2,1049,0.99999995981852907,-4.0181471786383544e-08,4.0181471786383544e-08,0.99999995981852907,-4.0181471786383544e-08,4.0181471786383544e-08,0
3,18,0.99999991348123352,-8.6518770180212237e-08,8.6518770180212237e-08,0.99999991348123352,-8.6518770180212237e-08,8.6518770180212237e-08,0
4,16867,0.99999963763276323,-3.6236730245686553e-07,3.6236730245686553e-07,0.99999963763276323,-3.6236730245686553e-07,3.6236730245686553e-07,0
5,13892,0.99733811657569138,-0.0026654325356036479,0.0026654325356036479,0.99733811657569138,-0.0026654325356036479,0.0026654325356036479,0
6,78149,0.99999929128454546,-7.0871570567073394e-07,7.0871570567073394e-07,0.99999929128454546,-7.0871570567073394e-07,7.0871570567073394e-07,0
7,3280,0.99999936894428065,-6.3105591846791122e-07,6.3105591846791122e-07,0.99999936894428065,-6.3105591846791122e-07,6.3105591846791122e-07,0
8,574,0.99966049727812423,-0.00033956036597208053,0.00033956036597208053,0.99966049727812423,-0.00033956036597208053,0.00033956036597208053,0
9,264,0.99982712069979918,-0.00017289424554954856,0.00017289424554954856,0.99982712069979918,-0.00017289424554954856,0.00017289424554954856,0
10,10284,0.9783197317817407,-0.021918738263153745,0.021918738263153745,0.9783197317817407,-0.021918738263153745,0.021918738263153745,0
11,3770,0.9999714065781492,-2.8593830650529797e-05,2.8593830650529797e-05,0.9999714065781492,-2.8593830650529797e-05,2.8593830650529797e-05,0
12,5578,0.81842985696440507,-0.20036758289335713,0.20036758289335713,0.81842985696440507,-0.20036758289335713,0.20036758289335713,0
13,1060,0.99994536466840001,-5.4636824164079163e-05,5.4636824164079163e-05,0.99994536466840001,-5.4636824164079163e-05,5.4636824164079163e-05,0
14,4930,0.78466066312977589,-0.24250393092585007,0.24250393092585007,0.78466066312977589,-0.24250393092585007,0.24250393092585007,0
15,4261,0.99999667971904738,-3.320286464758763e-06,3.320286464758763e-06,0.99999667971904738,-3.320286464758763e-06,3.320286464758763e-06,0
16,315,0.99998853698804646,-1.1463077654324318e-05,1.1463077654324318e-05,0.99998853698804646,-1.1463077654324318e-05,1.1463077654324318e-05,0
17,35148,0.99999750513242192,-2.4948706902463775e-06,2.4948706902463775e-06,0.99999750513242192,-2.4948706902463775e-06,2.4948706902463775e-06,0
18,44448,0.99125179318601175,-0.0087866970198234948,0.0087866970198234948,0.99125179318601175,-0.0087866970198234948,0.0087866970198234948,0
19,86945,0.99981065687790793,-0.00018936104976408519,0.00018936104976408519,0.99981065687790793,-0.00018936104976408519,0.00018936104976408519,0
20,14093,0.99999919842675011,-8.0157357111260586e-07,8.0157357111260586e-07,0.99999919842675011,-8.0157357111260586e-07,8.0157357111260586e-07,0
21,11,0.66782995860025718,-0.40372169084323073,0.40372169084323073,0.66782995860025718,-0.40372169084323073,0.40372169084323073,0
22,449,0.90347779446973475,-0.10150374648515545,0.10150374648515545,0.90347779446973475,-0.10150374648515545,0.10150374648515545,0
23,220,0.83227762269437411,-0.18358921269704737,0.18358921269704737,0.83227762269437411,-0.18358921269704737,0.18358921269704737,0
24,2148,0.99986396182960857,-0.00013604742442263108,0.00013604742442263108,0.99986396182960857,-0.00013604742442263108,0.00013604742442263108,0
25,35148,0.99995691840465428,-4.3082523384305403e-05,4.3082523384305403e-05,0.99995691840465428,-4.3082523384305403e-05,4.3082523384305403e-05,0
26,39300,0.99995229699553967,-4.7704142284837832e-05,4.7704142284837832e-05,0.99995229699553967,-4.7704142284837832e-05,4.7704142284837832e-05,0
27,919,0.99999845465346815,-1.5453477258897694e-06,1.5453477258897694e-06,0.99999845465346815,-1.5453477258897694e-06,1.5453477258897694e-06,0
28,11,0.51666268318233699,-0.66036506773634684,0.66036506773634684,0.51666268318233699,-0.66036506773634684,0.66036506773634684,0
29,220,0.95568217391674992,-0.045329875267815845,0.045329875267815845,0.95568217391674992,-0.045329875267815845,0.045329875267815845,0
30,1691,0.99998081103331804,-1.9189150792591045e-05,1.9189150792591045e-05,0.99998081103331804,-1.9189150792591045e-05,1.9189150792591045e-05,0
31,7086,0.9907545020688463,-0.0092885028201292342,0.0092885028201292342,0.9907545020688463,-0.0092885028201292342,0.0092885028201292342,0
32,44583,0.9999747451844041,-2.5255134504099944e-05,2.5255134504099944e-05,0.9999747451844041,-2.5255134504099944e-05,2.5255134504099944e-05,0
33,11,0.9998462722691227,-0.0001537395481960277,0.0001537395481960277,0.9998462722691227,-0.0001537395481960277,0.0001537395481960277,0
34,323,0.99998819243871517,-1.1807630994619615e-05,1.1807630994619615e-05,0.99998819243871517,-1.1807630994619615e-05,1.1807630994619615e-05,0
35,220,0.99999831405772843,-1.685943692756719e-06,1.685943692756719e-06,0.99999831405772843,-1.685943692756719e-06,1.685943692756719e-06,0
36,975,0.99999316468241328,-6.8353409475699659e-06,6.8353409475699659e-06,0.99999316468241328,-6.8353409475699659e-06,6.8353409475699659e-06,0
37,13892,0.99987894527736432,-0.00012106205035000601,0.00012106205035000601,0.99987894527736432,-0.00012106205035000601,0.00012106205035000601,0
38,764,0.99999715389999888,-2.8461040512595217e-06,2.8461040512595217e-06,0.99999715389999888,-2.8461040512595217e-06,2.8461040512595217e-06,0
39,29639,0.99999035374347289,-9.646303052498627e-06,9.646303052498627e-06,0.99999035374347289,-9.646303052498627e-06,9.646303052498627e-06,0
40,13,0.98573052406352446,-0.014372263900155842,0.014372263900155842,0.98573052406352446,-0.014372263900155842,0.014372263900155842,0
41,578,0.99645579520139416,-0.0035505003720358009,0.0035505003720358009,0.99645579520139416,-0.0035505003720358009,0.0035505003720358009,0
42,3280,0.99936083760990679,-0.00063936674145407559,0.00063936674145407559,0.99936083760990679,-0.00063936674145407559,0.00063936674145407559,0
43,6137,0.38570835681080884,-0.9526737473944048,0.9526737473944048,0.38570835681080884,-0.9526737473944048,0.9526737473944048,0
44,449,0.61646779875412339,-0.48374919009530387,0.48374919009530387,0.61646779875412339,-0.48374919009530387,0.48374919009530387,0
45,279,0.9990500057692735,-0.00095044576123592451,0.00095044576123592451,0.9990500057692735,-0.00095044576123592451,0.00095044576123592451,0
46,18488,0.99861411876601991,-0.0013868424555727452,0.0013868424555727452,0.99861411876601991,-0.0013868424555727452,0.0013868424555727452,0
47,315,0.99999907229606877,-9.2770436155760345e-07,9.2770436155760345e-07,0.99999907229606877,-9.2770436155760345e-07,9.2770436155760345e-07,0
48,71343,0.99952514395129444,-0.00047496882854330247,0.00047496882854330247,0.99952514395129444,-0.00047496882854330247,0.00047496882854330247,0
49,22620,0.99999320757678345,-6.7924462851512933e-06,6.7924462851512933e-06,0.99999320757678345,-6.7924462851512933e-06,6.7924462851512933e-06,0
50,816,0.99999710407031106,-2.895933882121813e-06,2.895933882121813e-06,0.99999710407031106,-2.895933882121813e-06,2.895933882121813e-06,0
51,3852,0.99999938719165027,-6.1280853755268977e-07,6.1280853755268977e-07,0.99999938719165027,-6.1280853755268977e-07,6.1280853755268977e-07,0
52,276,0.99999950020100448,-4.9979912042412755e-07,4.9979912042412755e-07,0.99999950020100448,-4.9979912042412755e-07,4.9979912042412755e-07,0
53,389,0.99893996267402196,-0.0010605995629074407,0.0010605995629074407,0.99893996267402196,-0.0010605995629074407,0.0010605995629074407,0
54,6186,0.99999415203939712,-5.8479777022893138e-06,5.8479777022893138e-06,0.99999415203939712,-5.8479777022893138e-06,5.8479777022893138e-06,0
55,220,0.99999961356513178,-3.8643494287488379e-07,3.8643494287488379e-07,0.99999961356513178,-3.8643494287488379e-07,3.8643494287488379e-07,0
56,868,0.99945230783600558,-0.00054784220213335041,0.00054784220213335041,0.99945230783600558,-0.00054784220213335041,0.00054784220213335041,0
57,323,0.85849242672846271,-0.15257742019957637,0.15257742019957637,0.85849242672846271,-0.15257742019957637,0.15257742019957637,0
58,9670,0.95328285251517952,-0.047843617145504509,0.047843617145504509,0.95328285251517952,-0.047843617145504509,0.047843617145504509,0
59,449,0.99979067955244438,-0.00020934235813806502,0.00020934235813806502,0.99979067955244438,-0.00020934235813806502,0.00020934235813806502,0
60,279,0.9999124369541077,-8.7566879759665327e-05,8.7566879759665327e-05,0.9999124369541077,-8.7566879759665327e-05,8.7566879759665327e-05,0
61,14091,0.99974672000837939,-0.00025331207241475578,0.00025331207241475578,0.99974672000837939,-0.00025331207241475578,0.00025331207241475578,0
62,49686,0.99999882906973547,-1.1709309501123821e-06,1.1709309501123821e-06,0.99999882906973547,-1.1709309501123821e-06,1.1709309501123821e-06,0
63,315,0.99999811631127788,-1.8836904962419254e-06,1.8836904962419254e-06,0.99999811631127788,-1.8836904962419254e-06,1.8836904962419254e-06,0
64,264,0.99905970642060593,-0.00094073593271821847,0.00094073593271821847,0.99905970642060593,-0.00094073593271821847,0.00094073593271821847,0
65,35148,0.99998151684532199,-1.8483325493570355e-05,1.8483325493570355e-05,0.99998151684532199,-1.8483325493570355e-05,1.8483325493570355e-05,0
66,18710,0.99998081675842632,-1.9183425574448304e-05,1.9183425574448304e-05,0.99998081675842632,-1.9183425574448304e-05,1.9183425574448304e-05,0
67,11226,0.83302348834580098,-0.18269343991895179,0.18269343991895179,0.83302348834580098,-0.18269343991895179,0.18269343991895179,0
68,315,0.9999997483009383,-2.5169909342159562e-07,2.5169909342159562e-07,0.9999997483009383,-2.5169909342159562e-07,2.5169909342159562e-07,0
69,279,0.99999962772074213,-3.7227932712519172e-07,3.7227932712519172e-07,0.99999962772074213,-3.7227932712519172e-07,3.7227932712519172e-07,0
70,26363,0.99999843368267061,-1.5663185560866749e-06,1.5663185560866749e-06,0.99999843368267061,-1.5663185560866749e-06,1.5663185560866749e-06,0
71,389,0.99999925841827497,-7.4158199994927157e-07,7.4158199994927157e-07,0.99999925841827497,-7.4158199994927157e-07,7.4158199994927157e-07,0
72,6790,0.99998994583507217,-1.005421547128665e-05,1.005421547128665e-05,0.99998994583507217,-1.005421547128665e-05,1.005421547128665e-05,0
73,220,0.99999845997360115,-1.5400275846649833e-06,1.5400275846649833e-06,0.99999845997360115,-1.5400275846649833e-06,1.5400275846649833e-06,0
74,1544,0.99999778750090607,-2.2125015415463032e-06,2.2125015415463032e-06,0.99999778750090607,-2.2125015415463032e-06,2.2125015415463032e-06,0
75,13,0.6232611775151562,-0.47278962249916406,0.47278962249916406,0.6232611775151562,-0.47278962249916406,0.47278962249916406,0
76,578,0.90276901481478999,-0.10228855583422236,0.10228855583422236,0.90276901481478999,-0.10228855583422236,0.10228855583422236,0
77,3280,0.91323371450230428,-0.090763445929688241,0.090763445929688241,0.91323371450230428,-0.090763445929688241,0.090763445929688241,0
78,574,0.85729156234600778,-0.15397720547112878,0.15397720547112878,0.85729156234600778,-0.15397720547112878,0.15397720547112878,0
79,13160,0.47579268802506369,-0.74277304898028518,0.74277304898028518,0.47579268802506369,-0.74277304898028518,0.74277304898028518,0
80,555,0.99999930875183285,-6.9124840607835964e-07,6.9124840607835964e-07,0.99999930875183285,-6.9124840607835964e-07,6.9124840607835964e-07,0
81,3892,0.76235143369277347,-0.27134763054321315,0.27134763054321315,0.76235143369277347,-0.27134763054321315,0.27134763054321315,0
82,5199,0.63216974284663929,-0.45859734044300976,0.45859734044300976,0.63216974284663929,-0.45859734044300976,0.45859734044300976,0
83,44583,0.89348875716069975,-0.11262152738213357,0.11262152738213357,0.89348875716069975,-0.11262152738213357,0.11262152738213357,0
84,11,0.99999865434238178,-1.3456585235984996e-06,1.3456585235984996e-06,0.99999865434238178,-1.3456585235984996e-06,1.3456585235984996e-06,0
85,2737,0.99998899265185659,-1.1007408724744183e-05,1.1007408724744183e-05,0.99998899265185659,-1.1007408724744183e-05,1.1007408724744183e-05,0
86,14221,0.9972518947140655,-0.0027518882595284292,0.0027518882595284292,0.9972518947140655,-0.0027518882595284292,0.0027518882595284292,0
87,78149,0.99617564510735523,-0.0038316864360692484,0.0038316864360692484,0.99617564510735523,-0.0038316864360692484,0.0038316864360692484,0
88,735,0.97497604411188632,-0.02534237842779578,0.02534237842779578,0.97497604411188632,-0.02534237842779578,0.02534237842779578,0
89,9832,0.99999944882535119,-5.5117480067087622e-07,5.5117480067087622e-07,0.99999944882535119,-5.5117480067087622e-07,5.5117480067087622e-07,0
90,9008,0.99999953469968861,-4.6530041963314686e-07,4.6530041963314686e-07,0.99999953469968861,-4.6530041963314686e-07,4.6530041963314686e-07,0
91,11,0.9998834449061097,-0.00011656188696305365,0.00011656188696305365,0.9998834449061097,-0.00011656188696305365,0.00011656188696305365,0
92,902,0.9928252610207674,-0.0072006011962929793,0.0072006011962929793,0.9928252610207674,-0.0072006011962929793,0.0072006011962929793,0
93,6244,0.96438908626940789,-0.036260449340763709,0.036260449340763709,0.96438908626940789,-0.036260449340763709,0.036260449340763709,0
94,832,0.99996687913070359,-3.3121417804552677e-05,3.3121417804552677e-05,0.99996687913070359,-3.3121417804552677e-05,3.3121417804552677e-05,0
95,315,0.99999685077920386,-3.1492257549448639e-06,3.1492257549448639e-06,0.99999685077920386,-3.1492257549448639e-06,3.1492257549448639e-06,0
96,279,0.99999927901547503,-7.209847848679854e-07,7.209847848679854e-07,0.99999927901547503,-7.209847848679854e-07,7.209847848679854e-07,0
97,22807,0.99999756239927007,-2.437603700887356e-06,2.437603700887356e-06,0.99999756239927007,-2.437603700887356e-06,2.437603700887356e-06,0
98,65265,0.84014282323027789,-0.17418337394274847,0.17418337394274847,0.84014282323027789,-0.17418337394274847,0.17418337394274847,0
99,16867,0.99995774267942972,-4.2258213436057505e-05,4.2258213436057505e-05,0.99995774267942972,-4.2258213436057505e-05,4.2258213436057505e-05,0
100,13892,0.97638980719299795,-0.023893379689268846,0.023893379689268846,0.97638980719299795,-0.023893379689268846,0.023893379689268846,0
101,764,0.99999894377471177,-1.0562258460881955e-06,1.0562258460881955e-06,0.99999894377471177,-1.0562258460881955e-06,1.0562258460881955e-06,0
102,29639,0.99998733469661283,-1.2665383592768125e-05,1.2665383592768125e-05,0.99998733469661283,-1.2665383592768125e-05,1.2665383592768125e-05,0
103,304,0.99418260982927575,-0.0058343770966776875,0.0058343770966776875,0.99418260982927575,-0.0058343770966776875,0.0058343770966776875,0
104,3925,0.99998039960063867,-1.9600591451612376e-05,1.9600591451612376e-05,0.99998039960063867,-1.9600591451612376e-05,1.9600591451612376e-05,0
105,323,0.78341484063186029,-0.24409291405460251,0.24409291405460251,0.78341484063186029,-0.24409291405460251,0.24409291405460251,0
106,63260,0.93938386322047651,-0.062531083288030809,0.062531083288030809,0.93938386322047651,-0.062531083288030809,0.062531083288030809,0
107,11323,0.99282850061572836,-0.0071973381954380505,0.0071973381954380505,0.99282850061572836,-0.0071973381954380505,0.0071973381954380505,0
108,266,0.99998808685289198,-1.1913218070163543e-05,1.1913218070163543e-05,0.99998808685289198,-1.1913218070163543e-05,1.1913218070163543e-05,0
109,5848,0.99998712510484211,-1.2874978040071178e-05,1.2874978040071178e-05,0.99998712510484211,-1.2874978040071178e-05,1.2874978040071178e-05,0
110,7576,0.99999803821423094,-1.9617876933370811e-06,1.9617876933370811e-06,0.99999803821423094,-1.9617876933370811e-06,1.9617876933370811e-06,0
111,369,0.99999018327227107,-9.8167759133610537e-06,9.8167759133610537e-06,0.99999018327227107,-9.8167759133610537e-06,9.8167759133610537e-06,0
112,1202,0.99999717978319125,-2.8202207855634777e-06,2.8202207855634777e-06,0.99999717978319125,-2.8202207855634777e-06,2.8202207855634777e-06,0
113,57899,0.99766999632449671,-0.0023327223579149375,0.0023327223579149375,0.99766999632449671,-0.0023327223579149375,0.0023327223579149375,0
114,4216,0.99999685328393029,-3.1467210206382795e-06,3.1467210206382795e-06,0.99999685328393029,-3.1467210206382795e-06,3.1467210206382795e-06,0
115,25949,0.99995508905892727,-4.4911949599188925e-05,4.4911949599188925e-05,0.99995508905892727,-4.4911949599188925e-05,4.4911949599188925e-05,0
116,13,0.86766563807853758,-0.14194884812099687,0.14194884812099687,0.86766563807853758,-0.14194884812099687,0.14194884812099687,0
117,14221,0.92283349546202231,-0.080306455701465773,0.080306455701465773,0.92283349546202231,-0.080306455701465773,0.080306455701465773,0
118,78149,0.99993258582088163,-6.7416451556285412e-05,6.7416451556285412e-05,0.99993258582088163,-6.7416451556285412e-05,6.7416451556285412e-05,0
119,2417,0.99835628596736414,-0.0016450664127002591,0.0016450664127002591,0.99835628596736414,-0.0016450664127002591,0.0016450664127002591,0
120,65,0.99999973973800604,-2.6026202781167453e-07,2.6026202781167453e-07,0.99999973973800604,-2.6026202781167453e-07,2.6026202781167453e-07,0
121,7835,0.99961157159283076,-0.00038850386502363779,0.00038850386502363779,0.99961157159283076,-0.00038850386502363779,0.00038850386502363779,0
122,9057,0.9594789981110462,-0.041364852141788026,0.041364852141788026,0.9594789981110462,-0.041364852141788026,0.041364852141788026,0
123,3892,0.9989415097146882,-0.00105905088177934,0.00105905088177934,0.9989415097146882,-0.00105905088177934,0.00105905088177934,0
124,16779,0.99999487689704969,-5.1231160734675837e-06,5.1231160734675837e-06,0.99999487689704969,-5.1231160734675837e-06,5.1231160734675837e-06,0
125,323,0.99999949045247638,-5.0954765348116248e-07,5.0954765348116248e-07,0.99999949045247638,-5.0954765348116248e-07,5.0954765348116248e-07,0
126,16781,0.9999938140466913,-6.185972441813698e-06,6.185972441813698e-06,0.9999938140466913,-6.185972441813698e-06,6.185972441813698e-06,0
127,5674,0.99995224967194063,-4.7751468142561572e-05,4.7751468142561572e-05,0.99995224967194063,-4.7751468142561572e-05,4.7751468142561572e-05,0
128,4028,0.99994860963888232,-5.1391681647472784e-05,5.1391681647472784e-05,0.99994860963888232,-5.1391681647472784e-05,5.1391681647472784e-05,0
129,279,0.99999950745611932,-4.9254400196523163e-07,4.9254400196523163e-07,0.99999950745611932,-4.9254400196523163e-07,4.9254400196523163e-07,0
130,26363,0.99999213992698421,-7.8601039063354258e-06,7.8601039063354258e-06,0.99999213992698421,-7.8601039063354258e-06,7.8601039063354258e-06,0
131,323,0.99999936031554615,-6.3968465848136229e-07,6.3968465848136229e-07,0.99999936031554615,-6.3968465848136229e-07,6.3968465848136229e-07,0
132,5734,0.99999299438969347,-7.0056348459779194e-06,7.0056348459779194e-06,0.99999299438969347,-7.0056348459779194e-06,7.0056348459779194e-06,0
133,11,0.99270457906140164,-0.0073221626627370364,0.0073221626627370364,0.99270457906140164,-0.0073221626627370364,0.0073221626627370364,0
134,1418,0.99902889878274459,-0.00097157304152668204,0.00097157304152668204,0.99902889878274459,-0.00097157304152668204,0.00097157304152668204,0
135,14221,0.99995034229506441,-4.9658937920185607e-05,4.9658937920185607e-05,0.99995034229506441,-4.9658937920185607e-05,4.9658937920185607e-05,0
136,78149,0.99999980314107428,-1.9685894508625251e-07,1.9685894508625251e-07,0.99999980314107428,-1.9685894508625251e-07,1.9685894508625251e-07,0
137,11583,0.99999045153894572,-9.5485066410988411e-06,9.5485066410988411e-06,0.99999045153894572,-9.5485066410988411e-06,9.5485066410988411e-06,0
138,22530,0.9999566132934059,-4.3387647824433661e-05,4.3387647824433661e-05,0.9999566132934059,-4.3387647824433661e-05,4.3387647824433661e-05,0
139,6244,0.99652805935007882,-0.0034779818229755078,0.0034779818229755078,0.99652805935007882,-0.0034779818229755078,0.0034779818229755078,0
140,832,0.99996874385623402,-3.1256632249414112e-05,3.1256632249414112e-05,0.99996874385623402,-3.1256632249414112e-05,3.1256632249414112e-05,0
141,315,0.99999969777504882,-3.0222499687775344e-07,3.0222499687775344e-07,0.99999969777504882,-3.0222499687775344e-07,3.0222499687775344e-07,0
142,279,0.99999921926174906,-7.8073855567439926e-07,7.8073855567439926e-07,0.99999921926174906,-7.8073855567439926e-07,7.8073855567439926e-07,0
143,2853,0.99997779120957542,-2.22090370434304e-05,2.22090370434304e-05,0.99997779120957542,-2.22090370434304e-05,2.22090370434304e-05,0
144,24013,0.99999796182960277,-2.0381724742804252e-06,2.0381724742804252e-06,0.99999796182960277,-2.0381724742804252e-06,2.0381724742804252e-06,0
145,13892,0.99998746402047112,-1.2536058104913152e-05,1.2536058104913152e-05,0.99998746402047112,-1.2536058104913152e-05,1.2536058104913152e-05,0
146,764,0.99999874351443951,-1.2564863498435795e-06,1.2564863498435795e-06,0.99999874351443951,-1.2564863498435795e-06,1.2564863498435795e-06,0
147,29639,0.99999876463670967,-1.2353640533806655e-06,1.2353640533806655e-06,0.99999876463670967,-1.2353640533806655e-06,1.2353640533806655e-06,0
148,304,0.99999859244270606,-1.4075582845244017e-06,1.4075582845244017e-06,0.99999859244270606,-1.4075582845244017e-06,1.4075582845244017e-06,0
149,12715,0.99999938851729153,-6.1148289543541389e-07,6.1148289543541389e-07,0.99999938851729153,-6.1148289543541389e-07,6.1148289543541389e-07,0
150,3925,0.99998900759561815,-1.0992464798717742e-05,1.0992464798717742e-05,0.99998900759561815,-1.0992464798717742e-05,1.0992464798717742e-05,0
151,1306,0.99979749573500998,-0.00020252477174715624,0.00020252477174715624,0.99979749573500998,-0.00020252477174715624,0.00020252477174715624,0
152,21933,0.99997625141401969,-2.3748867982440876e-05,2.3748867982440876e-05,0.99997625141401969,-2.3748867982440876e-05,2.3748867982440876e-05,0
153,4987,0.99999437609723207,-5.6239185821439849e-06,5.6239185821439849e-06,0.99999437609723207,-5.6239185821439849e-06,5.6239185821439849e-06,0
154,12126,0.9999990657108444,-9.3428959200503131e-07,9.3428959200503131e-07,0.9999990657108444,-9.3428959200503131e-07,9.3428959200503131e-07,0
155,13,0.76210862437297944,-0.27166618178443797,0.27166618178443797,0.76210862437297944,-0.27166618178443797,0.27166618178443797,0
156,578,0.77545845065301,-0.25430087529537554,0.25430087529537554,0.77545845065301,-0.25430087529537554,0.25430087529537554,0
157,3280,0.99965704067188998,-0.00034301815211023305,0.00034301815211023305,0.99965704067188998,-0.00034301815211023305,0.00034301815211023305,0
158,8036,0.3772581703355728,-0.97482552395286903,0.97482552395286903,0.3772581703355728,-0.97482552395286903,0.97482552395286903,0
159,449,0.99998734342252238,-1.2656657572764283e-05,1.2656657572764283e-05,0.99998734342252238,-1.2656657572764283e-05,1.2656657572764283e-05,0
160,279,0.99847244026232174,-0.0015287276465729982,0.0015287276465729982,0.99847244026232174,-0.0015287276465729982,0.0015287276465729982,0
161,14091,0.99962069854486901,-0.00037937340812313063,0.00037937340812313063,0.99962069854486901,-0.00037937340812313063,0.00037937340812313063,0
162,49686,0.9999967502246232,-3.2497806573659303e-06,3.2497806573659303e-06,0.9999967502246232,-3.2497806573659303e-06,3.2497806573659303e-06,0
163,315,0.99999865676881494,-1.3432320871448936e-06,1.3432320871448936e-06,0.99999865676881494,-1.3432320871448936e-06,1.3432320871448936e-06,0
164,264,0.99981826590370271,-0.00018175061193913646,0.00018175061193913646,0.99981826590370271,-0.00018175061193913646,0.00018175061193913646,0
165,35148,0.99999342131571511,-6.5787059245326441e-06,6.5787059245326441e-06,0.99999342131571511,-6.5787059245326441e-06,6.5787059245326441e-06,0
166,18710,0.99996540710188586,-3.4593496462193396e-05,3.4593496462193396e-05,0.99996540710188586,-3.4593496462193396e-05,3.4593496462193396e-05,0
167,11226,0.99994017854805228,-5.982324132217264e-05,5.982324132217264e-05,0.99994017854805228,-5.982324132217264e-05,5.982324132217264e-05,0
168,315,0.99999858749698378,-1.4125040138157362e-06,1.4125040138157362e-06,0.99999858749698378,-1.4125040138157362e-06,1.4125040138157362e-06,0
169,279,0.99999889167382894,-1.1083267852184423e-06,1.1083267852184423e-06,0.99999889167382894,-1.1083267852184423e-06,1.1083267852184423e-06,0
170,26363,0.99996469430579193,-3.5306317468800194e-05,3.5306317468800194e-05,0.99996469430579193,-3.5306317468800194e-05,3.5306317468800194e-05,0
171,389,0.99975465948891318,-0.00024537061199338004,0.00024537061199338004,0.99975465948891318,-0.00024537061199338004,0.00024537061199338004,0
172,6790,0.99997085079353565,-2.914963131069707e-05,2.914963131069707e-05,0.99997085079353565,-2.914963131069707e-05,2.914963131069707e-05,0
173,220,0.99998973569087835,-1.0264361800080384e-05,1.0264361800080384e-05,0.99998973569087835,-1.0264361800080384e-05,1.0264361800080384e-05,0
174,1544,0.99999773616411747,-2.2638384450595458e-06,2.2638384450595458e-06,0.99999773616411747,-2.2638384450595458e-06,2.2638384450595458e-06,0
175,382,0.88173756831247829,-0.1258608088454585,0.1258608088454585,0.88173756831247829,-0.1258608088454585,0.1258608088454585,0
176,791,0.99134900849649465,-0.0086886285529103966,0.0086886285529103966,0.99134900849649465,-0.0086886285529103966,0.0086886285529103966,0
177,3280,0.6781426515113449,-0.38839761271360318,0.38839761271360318,0.6781426515113449,-0.38839761271360318,0.38839761271360318,0
178,574,0.77476784370387652,-0.255191851015931,0.255191851015931,0.77476784370387652,-0.255191851015931,0.255191851015931,0
179,1101,0.40763074485318251,-0.89739355149589717,0.89739355149589717,0.40763074485318251,-0.89739355149589717,0.89739355149589717,0
180,13160,0.5385493617363194,-0.61887612133819192,0.61887612133819192,0.5385493617363194,-0.61887612133819192,0.61887612133819192,0
181,555,0.99999990505436942,-9.4945635065348587e-08,9.4945635065348587e-08,0.99999990505436942,-9.4945635065348587e-08,9.4945635065348587e-08,0
182,3892,0.73592567659165198,-0.30662614824415352,0.30662614824415352,0.73592567659165198,-0.30662614824415352,0.30662614824415352,0
183,5199,0.27678339738468749,-1.2845200375841768,1.2845200375841768,0.27678339738468749,-1.2845200375841768,1.2845200375841768,0
184,44583,0.84379061456259841,-0.16985090217599247,0.16985090217599247,0.84379061456259841,-0.16985090217599247,0.16985090217599247,0
185,11,0.95465208263594814,-0.046408316254888511,0.046408316254888511,0.95465208263594814,-0.046408316254888511,0.046408316254888511,0
186,2737,0.99998148812569299,-1.8512045653911703e-05,1.8512045653911703e-05,0.99998148812569299,-1.8512045653911703e-05,1.8512045653911703e-05,0
187,14221,0.68738504225835084,-0.37486067468335266,0.37486067468335266,0.68738504225835084,-0.37486067468335266,0.37486067468335266,0
188,78149,0.99766102332289175,-0.0023417163559199192,0.0023417163559199192,0.99766102332289175,-0.0023417163559199192,0.0023417163559199192,0
189,42402,0.56164265883628062,-0.57688946968899824,0.57688946968899824,0.56164265883628062,-0.57688946968899824,0.57688946968899824,0
190,2902,0.93018567981611455,-0.072371057047133244,0.072371057047133244,0.93018567981611455,-0.072371057047133244,0.072371057047133244,0
191,316,0.99987442675401195,-0.00012558113096820933,0.00012558113096820933,0.99987442675401195,-0.00012558113096820933,0.00012558113096820933,0
192,11,0.99996482854426871,-3.5172074261406765e-05,3.5172074261406765e-05,0.99996482854426871,-3.5172074261406765e-05,3.5172074261406765e-05,0
193,902,0.99997529471012991,-2.4705595050783538e-05,2.4705595050783538e-05,0.99997529471012991,-2.4705595050783538e-05,2.4705595050783538e-05,0
194,8813,0.46891047679157694,-0.75734340979737602,0.75734340979737602,0.46891047679157694,-0.75734340979737602,0.75734340979737602,0
195,1202,0.98956169429581109,-0.010493166923242352,0.010493166923242352,0.98956169429581109,-0.010493166923242352,0.010493166923242352,0
196,16557,0.99997611638615869,-2.3883899059309217e-05,2.3883899059309217e-05,0.99997611638615869,-2.3883899059309217e-05,2.3883899059309217e-05,0
197,21261,0.99999884860060473,-1.1514000581276586e-06,1.1514000581276586e-06,0.99999884860060473,-1.1514000581276586e-06,1.1514000581276586e-06,0
198,449,0.99719594503885844,-0.0028079936879147733,0.0028079936879147733,0.99719594503885844,-0.0028079936879147733,0.0028079936879147733,0
199,7340,0.99982673344872586,-0.00017328156365717742,0.00017328156365717742,0.99982673344872586,-0.00017328156365717742,0.00017328156365717742,0
200,29759,0.99999337191521809,-6.6281067477113045e-06,6.6281067477113045e-06,0.99999337191521809,-6.6281067477113045e-06,6.6281067477113045e-06,0
201,29592,0.99995587511377304,-4.4125859758378086e-05,4.4125859758378086e-05,0.99995587511377304,-4.4125859758378086e-05,4.4125859758378086e-05,0
202,315,0.99999902599815182,-9.7400232252035719e-07,9.7400232252035719e-07,0.99999902599815182,-9.7400232252035719e-07,9.7400232252035719e-07,0
203,220,0.99999870899178855,-1.2910090447601678e-06,1.2910090447601678e-06,0.99999870899178855,-1.2910090447601678e-06,1.2910090447601678e-06,0
204,9992,0.99997455686788794,-2.5443455794082134e-05,2.5443455794082134e-05,0.99997455686788794,-2.5443455794082134e-05,2.5443455794082134e-05,0
205,13437,0.99994311765904098,-5.6883958820707005e-05,5.6883958820707005e-05,0.99994311765904098,-5.6883958820707005e-05,5.6883958820707005e-05,0
206,7682,0.99998115487607209,-1.8845301499460831e-05,1.8845301499460831e-05,0.99998115487607209,-1.8845301499460831e-05,1.8845301499460831e-05,0
207,320,0.99632258822748299,-0.0036841900740290623,0.0036841900740290623,0.99632258822748299,-0.0036841900740290623,0.0036841900740290623,0
208,1041,0.99972233278646905,-0.000277705770209156,0.000277705770209156,0.99972233278646905,-0.000277705770209156,0.000277705770209156,0
209,35061,0.99999159280433803,-8.4072310026807758e-06,8.4072310026807758e-06,0.99999159280433803,-8.4072310026807758e-06,8.4072310026807758e-06,0
210,8,0.99998989764674184,-1.0102404287282557e-05,1.0102404287282557e-05,0.99998989764674184,-1.0102404287282557e-05,1.0102404287282557e-05,0
211,323,0.99987903419480872,-0.00012097312214434384,0.00012097312214434384,0.99987903419480872,-0.00012097312214434384,0.00012097312214434384,0
212,264,0.99999256362740085,-7.4364002491504983e-06,7.4364002491504983e-06,0.99999256362740085,-7.4364002491504983e-06,7.4364002491504983e-06,0
213,8187,0.99998973309421324,-1.0266958491819357e-05,1.0266958491819357e-05,0.99998973309421324,-1.0266958491819357e-05,1.0266958491819357e-05,0
214,7410,0.99991923853366349,-8.076472771938043e-05,8.076472771938043e-05,0.99991923853366349,-8.076472771938043e-05,8.076472771938043e-05,0
215,315,0.99999764690871162,-2.3530940568635399e-06,2.3530940568635399e-06,0.99999764690871162,-2.3530940568635399e-06,2.3530940568635399e-06,0
216,220,0.99999839949202929,-1.6005092515135092e-06,1.6005092515135092e-06,0.99999839949202929,-1.6005092515135092e-06,1.6005092515135092e-06,0
217,21251,0.99999009241113512,-9.907637945326951e-06,9.907637945326951e-06,0.99999009241113512,-9.907637945326951e-06,9.907637945326951e-06,0
218,296,0.99982028618537466,-0.00017972996508787328,0.00017972996508787328,0.99982028618537466,-0.00017972996508787328,0.00017972996508787328,0
219,2308,0.99999773135152337,-2.2686510500143751e-06,2.2686510500143751e-06,0.99999773135152337,-2.2686510500143751e-06,2.2686510500143751e-06,0
220,320,0.99992142494513403,-7.857814204734839e-05,7.857814204734839e-05,0.99992142494513403,-7.857814204734839e-05,7.857814204734839e-05,0
221,120751,0.83856971963506821,-0.1760575531312728,0.1760575531312728,0.83856971963506821,-0.1760575531312728,0.1760575531312728,0
222,26,0.99033896668467281,-0.0097080038652048988,0.0097080038652048988,0.99033896668467281,-0.0097080038652048988,0.0097080038652048988,0
223,220,0.99995627268898368,-4.3728267083028279e-05,4.3728267083028279e-05,0.99995627268898368,-4.3728267083028279e-05,4.3728267083028279e-05,0
224,1544,0.999980191529666,-1.9808666524310852e-05,1.9808666524310852e-05,0.999980191529666,-1.9808666524310852e-05,1.9808666524310852e-05,0
225,13,0.99981232483748028,-0.000187692775706781,0.000187692775706781,0.99981232483748028,-0.000187692775706781,0.000187692775706781,0
226,4767,0.99455826140486503,-0.0054565987893169902,0.0054565987893169902,0.99455826140486503,-0.0054565987893169902,0.0054565987893169902,0
227,304,0.9999802246703251,-1.9775525209308034e-05,1.9775525209308034e-05,0.9999802246703251,-1.9775525209308034e-05,1.9775525209308034e-05,0
228,39,0.99998923072698742,-1.076933100157436e-05,1.076933100157436e-05,0.99998923072698742,-1.076933100157436e-05,1.076933100157436e-05,0
229,70,0.99999987224247799,-1.2775753016528497e-07,1.2775753016528497e-07,0.99999987224247799,-1.2775753016528497e-07,1.2775753016528497e-07,0
230,570,0.79707464292125296,-0.22680694971998336,0.22680694971998336,0.79707464292125296,-0.22680694971998336,0.22680694971998336,0
231,578,0.96461228202825022,-0.036029038660080427,0.036029038660080427,0.96461228202825022,-0.036029038660080427,0.036029038660080427,0
232,13766,0.8922608639438816,-0.11399674078923575,0.11399674078923575,0.8922608639438816,-0.11399674078923575,0.11399674078923575,0
233,9057,0.92266848084230257,-0.080485284683800354,0.080485284683800354,0.92266848084230257,-0.080485284683800354,0.080485284683800354,0
234,1063,0.84002806031481103,-0.17431998256603712,0.17431998256603712,0.84002806031481103,-0.17431998256603712,0.17431998256603712,0
235,5674,0.99999772585389601,-2.2741486898603977e-06,2.2741486898603977e-06,0.99999772585389601,-2.2741486898603977e-06,2.2741486898603977e-06,0
236,311,0.99999804883012466,-1.9511717788649366e-06,1.9511717788649366e-06,0.99999804883012466,-1.9511717788649366e-06,1.9511717788649366e-06,0
237,10632,0.99999085425499568,-9.1457868269122689e-06,9.1457868269122689e-06,0.99999085425499568,-9.1457868269122689e-06,9.1457868269122689e-06,0
238,323,0.9999998190962015,-1.8090381488526185e-07,1.8090381488526185e-07,0.9999998190962015,-1.8090381488526185e-07,1.8090381488526185e-07,0
239,31665,0.99999935122024153,-6.4877996889977473e-07,6.4877996889977473e-07,0.99999935122024153,-6.4877996889977473e-07,6.4877996889977473e-07,0
240,389,0.9999960758182147,-3.9241894848933326e-06,3.9241894848933326e-06,0.9999960758182147,-3.9241894848933326e-06,3.9241894848933326e-06,0
241,62111,0.99998640300115527,-1.3597091284757453e-05,1.3597091284757453e-05,0.99998640300115527,-1.3597091284757453e-05,1.3597091284757453e-05,0
242,3178,0.99983294894623098,-0.00016706500835039857,0.00016706500835039857,0.99983294894623098,-0.00016706500835039857,0.00016706500835039857,0
243,11,0.88760757817460378,-0.11922555013386785,0.11922555013386785,0.88760757817460378,-0.11922555013386785,0.11922555013386785,0
244,10213,0.98276349595830892,-0.017386781924491172,0.017386781924491172,0.98276349595830892,-0.017386781924491172,0.017386781924491172,0
245,4245,0.99999906863043952,-9.3136999416720747e-07,9.3136999416720747e-07,0.99999906863043952,-9.3136999416720747e-07,9.3136999416720747e-07,0
246,311,0.99999987370703214,-1.2629297587362779e-07,1.2629297587362779e-07,0.99999987370703214,-1.2629297587362779e-07,1.2629297587362779e-07,0
247,8987,0.99999215233434779,-7.8476964452466145e-06,7.8476964452466145e-06,0.99999215233434779,-7.8476964452466145e-06,7.8476964452466145e-06,0
248,62555,0.99992475154449856,-7.5251286808488866e-05,7.5251286808488866e-05,0.99992475154449856,-7.5251286808488866e-05,7.5251286808488866e-05,0
249,7263,0.99990077202823535,-9.9232895185566111e-05,9.9232895185566111e-05,0.99990077202823535,-9.9232895185566111e-05,9.9232895185566111e-05,0
250,13544,0.99996038924923814,-3.9611535288401675e-05,3.9611535288401675e-05,0.99996038924923814,-3.9611535288401675e-05,3.9611535288401675e-05,0
251,555,0.999998964689787,-1.0353107489904863e-06,1.0353107489904863e-06,0.999998964689787,-1.0353107489904863e-06,1.0353107489904863e-06,0
252,279,0.99999919366617718,-8.0633414788171704e-07,8.0633414788171704e-07,0.99999919366617718,-8.0633414788171704e-07,8.0633414788171704e-07,0
253,13766,0.99998700946805164,-1.2990616326063296e-05,1.2990616326063296e-05,0.99998700946805164,-1.2990616326063296e-05,1.2990616326063296e-05,0
254,13,0.66499615704724357,-0.40797401721930615,0.40797401721930615,0.66499615704724357,-0.40797401721930615,0.40797401721930615,0
255,4206,0.95174894189993597,-0.049453995461744296,0.049453995461744296,0.95174894189993597,-0.049453995461744296,0.049453995461744296,0
256,29526,0.99999951673139464,-4.8326872217232328e-07,4.8326872217232328e-07,0.99999951673139464,-4.8326872217232328e-07,4.8326872217232328e-07,0
257,11,0.99999682051221905,-3.1794928354896144e-06,3.1794928354896144e-06,0.99999682051221905,-3.1794928354896144e-06,3.1794928354896144e-06,0
258,264,0.9999848393566011,-1.5160758322611142e-05,1.5160758322611142e-05,0.9999848393566011,-1.5160758322611142e-05,1.5160758322611142e-05,0
259,220,0.96218429553352358,-0.038549271265980734,0.038549271265980734,0.96218429553352358,-0.038549271265980734,0.038549271265980734,0
260,16,0.95186080696604169,-0.049336466050791124,0.049336466050791124,0.95186080696604169,-0.049336466050791124,0.049336466050791124,0
261,11,0.99752470052871212,-0.0024783680899034596,0.0024783680899034596,0.99752470052871212,-0.0024783680899034596,0.0024783680899034596,0
262,12505,0.9995599060835072,-0.00044019078624275815,0.00044019078624275815,0.9995599060835072,-0.00044019078624275815,0.00044019078624275815,0
263,75735,0.98290743532732727,-0.017240328754751868,0.017240328754751868,0.98290743532732727,-0.017240328754751868,0.017240328754751868,0
264,20543,0.99999438994597944,-5.6100697570196352e-06,5.6100697570196352e-06,0.99999438994597944,-5.6100697570196352e-06,5.6100697570196352e-06,0
265,27274,0.99999591154967327,-4.0884586844928118e-06,4.0884586844928118e-06,0.99999591154967327,-4.0884586844928118e-06,4.0884586844928118e-06,0
266,11,0.99478430261761952,-0.0052293466128288607,0.0052293466128288607,0.99478430261761952,-0.0052293466128288607,0.0052293466128288607,0
267,279,0.99999406319449202,-5.9368231309257929e-06,5.9368231309257929e-06,0.99999406319449202,-5.9368231309257929e-06,5.9368231309257929e-06,0
268,452,0.99989420393736561,-0.00010580165943260241,0.00010580165943260241,0.99989420393736561,-0.00010580165943260241,0.00010580165943260241,0
269,3675,0.99999649222341891,-3.5077827333046295e-06,3.5077827333046295e-06,0.99999649222341891,-3.5077827333046295e-06,3.5077827333046295e-06,0
270,3926,0.99991246187904725,-8.7541952637619879e-05,8.7541952637619879e-05,0.99991246187904725,-8.7541952637619879e-05,8.7541952637619879e-05,0
271,822,0.9973869341450079,-0.0026164858706899776,0.0026164858706899776,0.9973869341450079,-0.0026164858706899776,0.0026164858706899776,0
272,331,0.99997228495766,-2.7715426408906358e-05,2.7715426408906358e-05,0.99997228495766,-2.7715426408906358e-05,2.7715426408906358e-05,0
273,11,0.99986179066374381,-0.00013821888804658178,0.00013821888804658178,0.99986179066374381,-0.00013821888804658178,0.00013821888804658178,0
274,65330,0.99934731880178951,-0.00065289428730826746,0.00065289428730826746,0.99934731880178951,-0.00065289428730826746,0.00065289428730826746,0
275,2391,0.99999572797785152,-4.2720312736286782e-06,4.2720312736286782e-06,0.99999572797785152,-4.2720312736286782e-06,4.2720312736286782e-06,0
276,279,0.99999908209849953,-9.1790192175070499e-07,9.1790192175070499e-07,0.99999908209849953,-9.1790192175070499e-07,9.1790192175070499e-07,0
277,13766,0.99999020097440994,-9.7990736008412205e-06,9.7990736008412205e-06,0.99999020097440994,-9.7990736008412205e-06,9.7990736008412205e-06,0
278,11,0.58342237931231578,-0.53884386213286661,0.53884386213286661,0.58342237931231578,-0.53884386213286661,0.53884386213286661,0
279,33647,0.56298213284229714,-0.57450738697250281,0.57450738697250281,0.56298213284229714,-0.57450738697250281,0.57450738697250281,0
280,520,0.99999975330123547,-2.4669879493783559e-07,2.4669879493783559e-07,0.99999975330123547,-2.4669879493783559e-07,2.4669879493783559e-07,0
281,400,0.99989751816694861,-0.00010248708467325559,0.00010248708467325559,0.99989751816694861,-0.00010248708467325559,0.00010248708467325559,0
282,845,0.999990304418648,-9.6956283544898571e-06,9.6956283544898571e-06,0.999990304418648,-9.6956283544898571e-06,9.6956283544898571e-06,0
283,3610,0.99999500317613876,-4.9968363453895312e-06,4.9968363453895312e-06,0.99999500317613876,-4.9968363453895312e-06,4.9968363453895312e-06,0
284,382,0.99487294030676054,-0.0051402481618118435,0.0051402481618118435,0.99487294030676054,-0.0051402481618118435,0.0051402481618118435,0
285,791,0.92736235080179164,-0.075410904353266944,0.075410904353266944,0.92736235080179164,-0.075410904353266944,0.075410904353266944,0
286,3280,0.59618412808232935,-0.51720571989338893,0.51720571989338893,0.59618412808232935,-0.51720571989338893,0.51720571989338893,0
287,574,0.92000223682086257,-0.083379177614982231,0.083379177614982231,0.92000223682086257,-0.083379177614982231,0.083379177614982231,0
288,1101,0.81088886819199435,-0.20962426484567592,0.20962426484567592,0.81088886819199435,-0.20962426484567592,0.20962426484567592,0
289,28289,0.62283420335310558,-0.47347492185155127,0.47347492185155127,0.62283420335310558,-0.47347492185155127,0.47347492185155127,0
290,369,0.99999969889421736,-3.0110582801361042e-07,3.0110582801361042e-07,0.99999969889421736,-3.0110582801361042e-07,3.0110582801361042e-07,0
291,279,0.77934446106026967,-0.24930214719972152,0.24930214719972152,0.77934446106026967,-0.24930214719972152,0.24930214719972152,0
292,1396,0.37938766735030321,-0.96919672767558707,0.96919672767558707,0.37938766735030321,-0.96919672767558707,0.96919672767558707,0
293,315,0.9999984862311968,-1.5137699489463292e-06,1.5137699489463292e-06,0.9999984862311968,-1.5137699489463292e-06,1.5137699489463292e-06,0
294,35148,0.88088676483269546,-0.12682619157603864,0.12682619157603864,0.88088676483269546,-0.12682619157603864,0.12682619157603864,0
295,32343,0.67009069815315114,-0.40034220538103049,0.40034220538103049,0.67009069815315114,-0.40034220538103049,0.40034220538103049,0
296,3233,0.99997333560184154,-2.666475365989697e-05,2.666475365989697e-05,0.99997333560184154,-2.666475365989697e-05,2.666475365989697e-05,0
297,430,0.99939475752832485,-0.0006054257048372536,0.0006054257048372536,0.99939475752832485,-0.0006054257048372536,0.0006054257048372536,0
298,11754,0.86189884263390881,-0.14861736713754115,0.14861736713754115,0.86189884263390881,-0.14861736713754115,0.14861736713754115,0
299,279,0.97447996257402381,-0.025851321996534175,0.025851321996534175,0.97447996257402381,-0.025851321996534175,0.025851321996534175,0
300,26363,0.97387236179872205,-0.026475029307986946,0.026475029307986946,0.97387236179872205,-0.026475029307986946,0.026475029307986946,0
301,11,0.97311863854011882,-0.027249273560912647,0.027249273560912647,0.97311863854011882,-0.027249273560912647,0.027249273560912647,0
302,6457,0.75662197825873945,-0.27889151848883131,0.27889151848883131,0.75662197825873945,-0.27889151848883131,0.27889151848883131,0
303,11,0.99999898919394503,-1.0108065658416256e-06,1.0108065658416256e-06,0.99999898919394503,-1.0108065658416256e-06,1.0108065658416256e-06,0
304,5734,0.99965169547928678,-0.00034836519282149602,0.00034836519282149602,0.99965169547928678,-0.00034836519282149602,0.00034836519282149602,0
305,11,0.99999701741687319,-2.9825875747746104e-06,2.9825875747746104e-06,0.99999701741687319,-2.9825875747746104e-06,2.9825875747746104e-06,0
306,279,0.99029081598774404,-0.0097566254676462079,0.0097566254676462079,0.99029081598774404,-0.0097566254676462079,0.0097566254676462079,0
307,16526,0.99999706804968602,-2.9319546121407042e-06,2.9319546121407042e-06,0.99999706804968602,-2.9319546121407042e-06,2.9319546121407042e-06,0
308,50714,0.99999765495677517,-2.3450459744725619e-06,2.3450459744725619e-06,0.99999765495677517,-2.3450459744725619e-06,2.3450459744725619e-06,0
309,11,0.99999938824329371,-6.1175689342532735e-07,6.1175689342532735e-07,0.99999938824329371,-6.1175689342532735e-07,6.1175689342532735e-07,0
310,2314,0.98712196404494224,-0.012961676721921564,0.012961676721921564,0.98712196404494224,-0.012961676721921564,0.012961676721921564,0
311,5059,0.99999855697914453,-1.4430218966515826e-06,1.4430218966515826e-06,0.99999855697914453,-1.4430218966515826e-06,1.4430218966515826e-06,0
312,2259,0.99999984897818572,-1.5102182563217302e-07,1.5102182563217302e-07,0.99999984897818572,-1.5102182563217302e-07,1.5102182563217302e-07,0
313,11,0.99999341537962505,-6.5846420536864893e-06,6.5846420536864893e-06,0.99999341537962505,-6.5846420536864893e-06,6.5846420536864893e-06,0
314,323,0.99999993330508907,-6.669491314415367e-08,6.669491314415367e-08,0.99999993330508907,-6.669491314415367e-08,6.669491314415367e-08,0
315,5370,0.99992783774313199,-7.2164860688923475e-05,7.2164860688923475e-05,0.99992783774313199,-7.2164860688923475e-05,7.2164860688923475e-05,0
316,30100,0.99996707780647309,-3.2922735474224472e-05,3.2922735474224472e-05,0.99996707780647309,-3.2922735474224472e-05,3.2922735474224472e-05,0
317,304,0.99999993289069466,-6.7109307635129429e-08,6.7109307635129429e-08,0.99999993289069466,-6.7109307635129429e-08,6.7109307635129429e-08,0
318,279,0.99999951602870962,-4.8397140751990531e-07,4.8397140751990531e-07,0.99999951602870962,-4.8397140751990531e-07,4.8397140751990531e-07,0
319,19001,0.99994947114979305,-5.0530126832279955e-05,5.0530126832279955e-05,0.99994947114979305,-5.0530126832279955e-05,5.0530126832279955e-05,0
320,16867,0.99999744210787134,-2.557895400122987e-06,2.557895400122987e-06,0.99999744210787134,-2.557895400122987e-06,2.557895400122987e-06,0
321,13,0.99888168751003459,-0.0011189382679651263,0.0011189382679651263,0.99888168751003459,-0.0011189382679651263,0.0011189382679651263,0
322,578,0.99169753572447328,-0.0083371216933433405,0.0083371216933433405,0.99169753572447328,-0.0083371216933433405,0.0083371216933433405,0
323,3280,0.45643289701459772,-0.78431358424343423,0.78431358424343423,0.45643289701459772,-0.78431358424343423,0.78431358424343423,0
324,574,0.61866494065723365,-0.48019144419392956,0.48019144419392956,0.61866494065723365,-0.48019144419392956,0.48019144419392956,0
325,1101,0.86612944214531995,-0.14372091028997791,0.14372091028997791,0.86612944214531995,-0.14372091028997791,0.14372091028997791,0
326,13160,0.94314962238030098,-0.058530342571864132,0.058530342571864132,0.94314962238030098,-0.058530342571864132,0.058530342571864132,0
327,555,0.99999994252294244,-5.7477059236738226e-08,5.7477059236738226e-08,0.99999994252294244,-5.7477059236738226e-08,5.7477059236738226e-08,0
328,3892,0.81430978939830467,-0.20541440872412964,0.20541440872412964,0.81430978939830467,-0.20541440872412964,0.20541440872412964,0
329,5199,0.62114215319584765,-0.47619531310634539,0.47619531310634539,0.62114215319584765,-0.47619531310634539,0.47619531310634539,0
330,44583,0.85063193318393926,-0.16177575491579313,0.16177575491579313,0.85063193318393926,-0.16177575491579313,0.16177575491579313,0
331,11,0.55396141300178436,-0.59066024628196789,0.59066024628196789,0.55396141300178436,-0.59066024628196789,0.59066024628196789,0
332,2737,0.99997745617883804,-2.2544075277725754e-05,2.2544075277725754e-05,0.99997745617883804,-2.2544075277725754e-05,2.2544075277725754e-05,0
333,14221,0.99367860133756025,-0.0063414633053969528,0.0063414633053969528,0.99367860133756025,-0.0063414633053969528,0.0063414633053969528,0
334,78149,0.99528062624740987,-0.004730545158783849,0.004730545158783849,0.99528062624740987,-0.004730545158783849,0.004730545158783849,0
335,2417,0.4131535525504495,-0.88393595717785567,0.88393595717785567,0.4131535525504495,-0.88393595717785567,0.88393595717785567,0
336,65,0.99999277731907232,-7.2227070113579913e-06,7.2227070113579913e-06,0.99999277731907232,-7.2227070113579913e-06,7.2227070113579913e-06,0
337,7835,0.99986299641738619,-0.00013701296846186804,0.00013701296846186804,0.99986299641738619,-0.00013701296846186804,0.00013701296846186804,0
338,11,0.99382311451574934,-0.0061960413645845433,0.0061960413645845433,0.99382311451574934,-0.0061960413645845433,0.0061960413645845433,0
339,902,0.98986159745864855,-0.010190146173328411,0.010190146173328411,0.98986159745864855,-0.010190146173328411,0.010190146173328411,0
340,9057,0.99993352113683875,-6.6481072978765191e-05,6.6481072978765191e-05,0.99993352113683875,-6.6481072978765191e-05,6.6481072978765191e-05,0
341,3892,0.99968459065832882,-0.00031545909365933558,0.00031545909365933558,0.99968459065832882,-0.00031545909365933558,0.00031545909365933558,0
342,16779,0.99999660563306569,-3.3943726952001821e-06,3.3943726952001821e-06,0.99999660563306569,-3.3943726952001821e-06,3.3943726952001821e-06,0
343,323,0.99999905863662519,-9.4136381790372998e-07,9.4136381790372998e-07,0.99999905863662519,-9.4136381790372998e-07,9.4136381790372998e-07,0
344,16781,0.99999521785285617,-4.78215857833506e-06,4.78215857833506e-06,0.99999521785285617,-4.78215857833506e-06,4.78215857833506e-06,0
345,5674,0.99998132188566546,-1.8678288772695873e-05,1.8678288772695873e-05,0.99998132188566546,-1.8678288772695873e-05,1.8678288772695873e-05,0
346,4028,0.99999289416162263,-7.1058636239422791e-06,7.1058636239422791e-06,0.99999289416162263,-7.1058636239422791e-06,7.1058636239422791e-06,0
347,279,0.99999882502138171,-1.174979308564063e-06,1.174979308564063e-06,0.99999882502138171,-1.174979308564063e-06,1.174979308564063e-06,0
348,26363,0.99999355607773632,-6.4439430258820475e-06,6.4439430258820475e-06,0.99999355607773632,-6.4439430258820475e-06,6.4439430258820475e-06,0
349,323,0.99999805854030333,-1.9414615813553539e-06,1.9414615813553539e-06,0.99999805854030333,-1.9414615813553539e-06,1.9414615813553539e-06,0
350,5734,0.99999537439372654,-4.6256169716026801e-06,4.6256169716026801e-06,0.99999537439372654,-4.6256169716026801e-06,4.6256169716026801e-06,0
351,11,0.47311028336045163,-0.74842676045686507,0.74842676045686507,0.47311028336045163,-0.74842676045686507,0.74842676045686507,0
352,323,0.99993452694563112,-6.5475197822864608e-05,6.5475197822864608e-05,0.99993452694563112,-6.5475197822864608e-05,6.5475197822864608e-05,0
353,14221,0.99994326612367601,-5.6735485751235403e-05,5.6735485751235403e-05,0.99994326612367601,-5.6735485751235403e-05,5.6735485751235403e-05,0
354,78149,0.99999935799883999,-6.4200136604353933e-07,6.4200136604353933e-07,0.99999935799883999,-6.4200136604353933e-07,6.4200136604353933e-07,0
355,11583,0.9970066148570923,-0.0029978742809322703,0.0029978742809322703,0.9970066148570923,-0.0029978742809322703,0.0029978742809322703,0
356,22530,0.99996230082417059,-3.7699886461184588e-05,3.7699886461184588e-05,0.99996230082417059,-3.7699886461184588e-05,3.7699886461184588e-05,0
357,11,0.99999149367771079,-8.5063584681642686e-06,8.5063584681642686e-06,0.99999149367771079,-8.5063584681642686e-06,8.5063584681642686e-06,0
358,902,0.99999501275279701,-4.9872596393626312e-06,4.9872596393626312e-06,0.99999501275279701,-4.9872596393626312e-06,4.9872596393626312e-06,0
359,6244,0.99965680110524924,-0.00034325780096957574,0.00034325780096957574,0.99965680110524924,-0.00034325780096957574,0.00034325780096957574,0
360,832,0.99999714133435569,-2.8586697303303301e-06,2.8586697303303301e-06,0.99999714133435569,-2.8586697303303301e-06,2.8586697303303301e-06,0
361,315,0.99999970997885068,-2.9002119141717562e-07,2.9002119141717562e-07,0.99999970997885068,-2.9002119141717562e-07,2.9002119141717562e-07,0
362,279,0.99999904154954899,-9.584509102894873e-07,9.584509102894873e-07,0.99999904154954899,-9.584509102894873e-07,9.584509102894873e-07,0
363,2853,0.99998894347178191,-1.1056589341992007e-05,1.1056589341992007e-05,0.99998894347178191,-1.1056589341992007e-05,1.1056589341992007e-05,0
364,24013,0.99999503818406088,-4.9618282489801328e-06,4.9618282489801328e-06,0.99999503818406088,-4.9618282489801328e-06,4.9618282489801328e-06,0
365,13892,0.999993155208588,-6.8448148377214735e-06,6.8448148377214735e-06,0.999993155208588,-6.8448148377214735e-06,6.8448148377214735e-06,0
366,764,0.99999949556985679,-5.0443027044925674e-07,5.0443027044925674e-07,0.99999949556985679,-5.0443027044925674e-07,5.0443027044925674e-07,0
367,29639,0.99999945049092243,-5.4950922857466729e-07,5.4950922857466729e-07,0.99999945049092243,-5.4950922857466729e-07,5.4950922857466729e-07,0
368,304,0.99999951327791359,-4.8672220488474964e-07,4.8672220488474964e-07,0.99999951327791359,-4.8672220488474964e-07,4.8672220488474964e-07,0
369,12715,0.99999976829663195,-2.3170339493923616e-07,2.3170339493923616e-07,0.99999976829663195,-2.3170339493923616e-07,2.3170339493923616e-07,0
370,3925,0.99999178366558872,-8.2163681655017411e-06,8.2163681655017411e-06,0.99999178366558872,-8.2163681655017411e-06,8.2163681655017411e-06,0
371,1306,0.9998803252027586,-0.0001196819588413175,0.0001196819588413175,0.9998803252027586,-0.0001196819588413175,0.0001196819588413175,0
372,21933,0.99998306790564317,-1.6932237706342443e-05,1.6932237706342443e-05,0.99998306790564317,-1.6932237706342443e-05,1.6932237706342443e-05,0
373,4987,0.99999608347882052,-3.9165288490464077e-06,3.9165288490464077e-06,0.99999608347882052,-3.9165288490464077e-06,3.9165288490464077e-06,0
374,12126,0.99999769335665412,-2.3066460062069194e-06,2.3066460062069194e-06,0.99999769335665412,-2.3066460062069194e-06,2.3066460062069194e-06,0
375,382,0.9897467791982214,-0.010306147158078469,0.010306147158078469,0.9897467791982214,-0.010306147158078469,0.010306147158078469,0
376,791,0.47339550534972458,-0.74782407635010428,0.74782407635010428,0.47339550534972458,-0.74782407635010428,0.74782407635010428,0
377,3280,0.85512948831451263,-0.15650237319144858,0.15650237319144858,0.85512948831451263,-0.15650237319144858,0.15650237319144858,0
378,574,0.99595900331814458,-0.0040491835718535858,0.0040491835718535858,0.99595900331814458,-0.0040491835718535858,0.0040491835718535858,0
379,1101,0.99130050650457646,-0.0087375549935756764,0.0087375549935756764,0.99130050650457646,-0.0087375549935756764,0.0087375549935756764,0
380,28289,0.70316122904097156,-0.35216906916959823,0.35216906916959823,0.70316122904097156,-0.35216906916959823,0.35216906916959823,0
381,369,0.99999995519546481,-4.4804536187744126e-08,4.4804536187744126e-08,0.99999995519546481,-4.4804536187744126e-08,4.4804536187744126e-08,0
382,279,0.99992657235692539,-7.343033901599718e-05,7.343033901599718e-05,0.99992657235692539,-7.343033901599718e-05,7.343033901599718e-05,0
383,1396,0.9012132827614332,-0.1040133315608131,0.1040133315608131,0.9012132827614332,-0.1040133315608131,0.1040133315608131,0
384,315,0.99999940890216255,-5.9109801214331197e-07,5.9109801214331197e-07,0.99999940890216255,-5.9109801214331197e-07,5.9109801214331197e-07,0
385,35148,0.99039942380999102,-0.0096469588270241286,0.0096469588270241286,0.99039942380999102,-0.0096469588270241286,0.0096469588270241286,0
386,32343,0.99548227268561884,-0.0045279630843371946,0.0045279630843371946,0.99548227268561884,-0.0045279630843371946,0.0045279630843371946,0
387,3233,0.99999379403415101,-6.2059851061306975e-06,6.2059851061306975e-06,0.99999379403415101,-6.2059851061306975e-06,6.2059851061306975e-06,0
388,430,0.99999880164823829,-1.1983524797597656e-06,1.1983524797597656e-06,0.99999880164823829,-1.1983524797597656e-06,1.1983524797597656e-06,0
389,11754,0.53611391985862944,-0.62340860344445226,0.62340860344445226,0.53611391985862944,-0.62340860344445226,0.62340860344445226,0
390,279,0.98950476947188093,-0.010550693868383393,0.010550693868383393,0.98950476947188093,-0.010550693868383393,0.010550693868383393,0
391,26363,0.71253652577232751,-0.33892410391143463,0.33892410391143463,0.71253652577232751,-0.33892410391143463,0.33892410391143463,0
392,11,0.99803315834426309,-0.0019687784287534859,0.0019687784287534859,0.99803315834426309,-0.0019687784287534859,0.0019687784287534859,0
393,6457,0.92594608271574985,-0.076939272040066994,0.076939272040066994,0.92594608271574985,-0.076939272040066994,0.076939272040066994,0
394,11,0.99999797196116846,-2.0280408879922547e-06,2.0280408879922547e-06,0.99999797196116846,-2.0280408879922547e-06,2.0280408879922547e-06,0
395,5734,0.99884119189698539,-0.001159480040272093,0.001159480040272093,0.99884119189698539,-0.001159480040272093,0.001159480040272093,0
396,11,0.99999874561318369,-1.2543876030819301e-06,1.2543876030819301e-06,0.99999874561318369,-1.2543876030819301e-06,1.2543876030819301e-06,0
397,279,0.99923240682837366,-0.00076788792210683401,0.00076788792210683401,0.99923240682837366,-0.00076788792210683401,0.00076788792210683401,0
398,16526,0.99999528348660338,-4.7165245194492241e-06,4.7165245194492241e-06,0.99999528348660338,-4.7165245194492241e-06,4.7165245194492241e-06,0
399,50714,0.99999412138407595,-5.8786332032068507e-06,5.8786332032068507e-06,0.99999412138407595,-5.8786332032068507e-06,5.8786332032068507e-06,0
400,11,0.99999957634084102,-4.2365924875626775e-07,4.2365924875626775e-07,0.99999957634084102,-4.2365924875626775e-07,4.2365924875626775e-07,0
401,2314,0.99979827737930704,-0.00020174296943738788,0.00020174296943738788,0.99979827737930704,-0.00020174296943738788,0.00020174296943738788,0
402,5059,0.99997779485196014,-2.2205394577833658e-05,2.2205394577833658e-05,0.99997779485196014,-2.2205394577833658e-05,2.2205394577833658e-05,0
403,2259,0.99999984086958693,-1.5913042572064679e-07,1.5913042572064679e-07,0.99999984086958693,-1.5913042572064679e-07,1.5913042572064679e-07,0
404,11,0.9999984807829646,-1.5192181894251453e-06,1.5192181894251453e-06,0.9999984807829646,-1.5192181894251453e-06,1.5192181894251453e-06,0
405,323,0.99999973186662716,-2.6813340883295032e-07,2.6813340883295032e-07,0.99999973186662716,-2.6813340883295032e-07,2.6813340883295032e-07,0
406,5370,0.99999399765769859,-6.0023603155051277e-06,6.0023603155051277e-06,0.99999399765769859,-6.0023603155051277e-06,6.0023603155051277e-06,0
407,30100,0.9999889658118033,-1.1034249073757495e-05,1.1034249073757495e-05,0.9999889658118033,-1.1034249073757495e-05,1.1034249073757495e-05,0
408,304,0.99999971369015461,-2.8630988633535764e-07,2.8630988633535764e-07,0.99999971369015461,-2.8630988633535764e-07,2.8630988633535764e-07,0
409,279,0.99999930592580777,-6.9407443308727526e-07,6.9407443308727526e-07,0.99999930592580777,-6.9407443308727526e-07,6.9407443308727526e-07,0
410,19001,0.999985067526586,-1.4932584904474058e-05,1.4932584904474058e-05,0.999985067526586,-1.4932584904474058e-05,1.4932584904474058e-05,0
411,16867,0.99999791526254522,-2.0847396278961253e-06,2.0847396278961253e-06,0.99999791526254522,-2.0847396278961253e-06,2.0847396278961253e-06,0
412,13,0.99955382190703668,-0.00044627766002618504,0.00044627766002618504,0.99955382190703668,-0.00044627766002618504,0.00044627766002618504,0
413,578,0.99866511714510331,-0.0013357746046908461,0.0013357746046908461,0.99866511714510331,-0.0013357746046908461,0.0013357746046908461,0
414,3280,0.99925808378907455,-0.00074219156695999188,0.00074219156695999188,0.99925808378907455,-0.00074219156695999188,0.00074219156695999188,0
415,574,0.99992989200860627,-7.0110449073784457e-05,7.0110449073784457e-05,0.99992989200860627,-7.0110449073784457e-05,7.0110449073784457e-05,0
416,1101,0.99896867793261812,-0.0010318542459150253,0.0010318542459150253,0.99896867793261812,-0.0010318542459150253,0.0010318542459150253,0
417,13160,0.99998099547144503,-1.9004709143313488e-05,1.9004709143313488e-05,0.99998099547144503,-1.9004709143313488e-05,1.9004709143313488e-05,0
418,555,0.99999956820368385,-4.3179640932945567e-07,4.3179640932945567e-07,0.99999956820368385,-4.3179640932945567e-07,4.3179640932945567e-07,0
419,3892,0.99993761556220906,-6.2386383780926982e-05,6.2386383780926982e-05,0.99993761556220906,-6.2386383780926982e-05,6.2386383780926982e-05,0
420,5199,0.99998835266742092,-1.1647400409773538e-05,1.1647400409773538e-05,0.99998835266742092,-1.1647400409773538e-05,1.1647400409773538e-05,0
421,44583,0.99998642916960889,-1.3570922475624085e-05,1.3570922475624085e-05,0.99998642916960889,-1.3570922475624085e-05,1.3570922475624085e-05,0
422,11,0.9999668229839912,-3.3177566378193441e-05,3.3177566378193441e-05,0.9999668229839912,-3.3177566378193441e-05,3.3177566378193441e-05,0
423,2737,0.99997166888028644,-2.8331521047269872e-05,2.8331521047269872e-05,0.99997166888028644,-2.8331521047269872e-05,2.8331521047269872e-05,0
424,14221,0.99849594436083289,-0.0015051878662807393,0.0015051878662807393,0.99849594436083289,-0.0015051878662807393,0.0015051878662807393,0
425,78149,0.99993050100131575,-6.9501413851516368e-05,6.9501413851516368e-05,0.99993050100131575,-6.9501413851516368e-05,6.9501413851516368e-05,0
426,2417,0.69983961412465845,-0.35690409287040287,0.35690409287040287,0.69983961412465845,-0.35690409287040287,0.35690409287040287,0
427,65,0.99999958922819832,-4.1077188607147902e-07,4.1077188607147902e-07,0.99999958922819832,-4.1077188607147902e-07,4.1077188607147902e-07,0
428,7835,0.99993709653562501,-6.2905442880889116e-05,6.2905442880889116e-05,0.99993709653562501,-6.2905442880889116e-05,6.2905442880889116e-05,0
429,11,0.99357084339243751,-0.006449912645276429,0.006449912645276429,0.99357084339243751,-0.006449912645276429,0.006449912645276429,0
430,902,0.99665487326635471,-0.0033507341786456687,0.0033507341786456687,0.99665487326635471,-0.0033507341786456687,0.0033507341786456687,0
431,9057,0.99995693529020024,-4.3065637110995066e-05,4.3065637110995066e-05,0.99995693529020024,-4.3065637110995066e-05,4.3065637110995066e-05,0
432,3892,0.99997001090750037,-2.9989542181499089e-05,2.9989542181499089e-05,0.99997001090750037,-2.9989542181499089e-05,2.9989542181499089e-05,0
433,16779,0.99999375078955344,-6.2492299729565366e-06,6.2492299729565366e-06,0.99999375078955344,-6.2492299729565366e-06,6.2492299729565366e-06,0
434,323,0.99999697143002364,-3.0285745624418886e-06,3.0285745624418886e-06,0.99999697143002364,-3.0285745624418886e-06,3.0285745624418886e-06,0
435,16781,0.99997515338169951,-2.4846926982864223e-05,2.4846926982864223e-05,0.99997515338169951,-2.4846926982864223e-05,2.4846926982864223e-05,0
436,5674,0.99995058562495398,-4.9415595976470954e-05,4.9415595976470954e-05,0.99995058562495398,-4.9415595976470954e-05,4.9415595976470954e-05,0
437,4028,0.99999594893681987,-4.051071385737669e-06,4.051071385737669e-06,0.99999594893681987,-4.051071385737669e-06,4.051071385737669e-06,0
438,279,0.99999630231781789,-3.6976890186044986e-06,3.6976890186044986e-06,0.99999630231781789,-3.6976890186044986e-06,3.6976890186044986e-06,0
439,26363,0.99992732698186082,-7.2675658950870599e-05,7.2675658950870599e-05,0.99992732698186082,-7.2675658950870599e-05,7.2675658950870599e-05,0
440,323,0.99999639222879533,-3.6077777126671185e-06,3.6077777126671185e-06,0.99999639222879533,-3.6077777126671185e-06,3.6077777126671185e-06,0
441,5734,0.99999153221949111,-8.4678163606986545e-06,8.4678163606986545e-06,0.99999153221949111,-8.4678163606986545e-06,8.4678163606986545e-06,0
442,11,0.99889323383290551,-0.0011073790850484792,0.0011073790850484792,0.99889323383290551,-0.0011073790850484792,0.0011073790850484792,0
443,323,0.99999927437729796,-7.256229653501727e-07,7.256229653501727e-07,0.99999927437729796,-7.256229653501727e-07,7.256229653501727e-07,0
444,14221,0.99993909679722692,-6.0905057448399974e-05,6.0905057448399974e-05,0.99993909679722692,-6.0905057448399974e-05,6.0905057448399974e-05,0
445,78149,0.9999999011738081,-9.8826196783259887e-08,9.8826196783259887e-08,0.9999999011738081,-9.8826196783259887e-08,9.8826196783259887e-08,0
446,11583,0.99978546211191388,-0.00021456090463079384,0.00021456090463079384,0.99978546211191388,-0.00021456090463079384,0.00021456090463079384,0
447,22530,0.99997405016346275,-2.5950173240033054e-05,2.5950173240033054e-05,0.99997405016346275,-2.5950173240033054e-05,2.5950173240033054e-05,0
448,11,0.99998077226562465,-1.9227919230652023e-05,1.9227919230652023e-05,0.99998077226562465,-1.9227919230652023e-05,1.9227919230652023e-05,0
449,902,0.99999711449731665,-2.8855068463861071e-06,2.8855068463861071e-06,0.99999711449731665,-2.8855068463861071e-06,2.8855068463861071e-06,0
450,6244,0.99996878358510832,-3.121690213404676e-05,3.121690213404676e-05,0.99996878358510832,-3.121690213404676e-05,3.121690213404676e-05,0
451,832,0.99999617802280716,-3.8219844965869588e-06,3.8219844965869588e-06,0.99999617802280716,-3.8219844965869588e-06,3.8219844965869588e-06,0
452,315,0.99999918590650383,-8.1409382759957356e-07,8.1409382759957356e-07,0.99999918590650383,-8.1409382759957356e-07,8.1409382759957356e-07,0
453,279,0.99999419515022503,-5.8048666231899402e-06,5.8048666231899402e-06,0.99999419515022503,-5.8048666231899402e-06,5.8048666231899402e-06,0
454,2853,0.99998006876973833,-1.9931428891313204e-05,1.9931428891313204e-05,0.99998006876973833,-1.9931428891313204e-05,1.9931428891313204e-05,0
455,24013,0.99998829572952919,-1.1704338966300361e-05,1.1704338966300361e-05,0.99998829572952919,-1.1704338966300361e-05,1.1704338966300361e-05,0
456,13892,0.99999167116395116,-8.3288707337682593e-06,8.3288707337682593e-06,0.99999167116395116,-8.3288707337682593e-06,8.3288707337682593e-06,0
457,764,0.99999961802256787,-3.8197750505886602e-07,3.8197750505886602e-07,0.99999961802256787,-3.8197750505886602e-07,3.8197750505886602e-07,0
458,29639,0.99999938913483277,-6.1086535379531697e-07,6.1086535379531697e-07,0.99999938913483277,-6.1086535379531697e-07,6.1086535379531697e-07,0
459,304,0.99999550107464974,-4.4989354705109086e-06,4.4989354705109086e-06,0.99999550107464974,-4.4989354705109086e-06,4.4989354705109086e-06,0
460,12715,0.99999838402816421,-1.6159731414591524e-06,1.6159731414591524e-06,0.99999838402816421,-1.6159731414591524e-06,1.6159731414591524e-06,0
461,3925,0.99998322992204225,-1.6770218577102317e-05,1.6770218577102317e-05,0.99998322992204225,-1.6770218577102317e-05,1.6770218577102317e-05,0
462,1306,0.99998447553287451,-1.552458763133609e-05,1.552458763133609e-05,0.99998447553287451,-1.552458763133609e-05,1.552458763133609e-05,0
463,21933,0.99996996134830596,-3.0039102863426075e-05,3.0039102863426075e-05,0.99996996134830596,-3.0039102863426075e-05,3.0039102863426075e-05,0
464,4987,0.99999042452444176,-9.5755214034470046e-06,9.5755214034470046e-06,0.99999042452444176,-9.5755214034470046e-06,9.5755214034470046e-06,0
465,12126,0.99998647413090169,-1.3525960573744224e-05,1.3525960573744224e-05,0.99998647413090169,-1.3525960573744224e-05,1.3525960573744224e-05,0
466,382,0.98659612222508442,-0.013494520633073128,0.013494520633073128,0.98659612222508442,-0.013494520633073128,0.013494520633073128,0
467,791,0.50502423092549298,-0.68314886882719883,0.68314886882719883,0.50502423092549298,-0.68314886882719883,0.68314886882719883,0
468,3280,0.81540730120307148,-0.20406753450036436,0.20406753450036436,0.81540730120307148,-0.20406753450036436,0.20406753450036436,0
469,574,0.99810230669859124,-0.0018994962026053007,0.0018994962026053007,0.99810230669859124,-0.0018994962026053007,0.0018994962026053007,0
470,1101,0.99648666564249344,-0.0035195206104940229,0.0035195206104940229,0.99648666564249344,-0.0035195206104940229,0.0035195206104940229,0
471,28289,0.93740395689741318,-0.06464097236161126,0.06464097236161126,0.93740395689741318,-0.06464097236161126,0.06464097236161126,0
472,369,0.9999986311431347,-1.3688578021396556e-06,1.3688578021396556e-06,0.9999986311431347,-1.3688578021396556e-06,1.3688578021396556e-06,0
473,279,0.99998822955162237,-1.1770517649884501e-05,1.1770517649884501e-05,0.99998822955162237,-1.1770517649884501e-05,1.1770517649884501e-05,0
474,1396,0.98662050853298733,-0.013469803318690059,0.013469803318690059,0.98662050853298733,-0.013469803318690059,0.013469803318690059,0
475,315,0.99999484586368437,-5.1541495982863124e-06,5.1541495982863124e-06,0.99999484586368437,-5.1541495982863124e-06,5.1541495982863124e-06,0
476,35148,0.99979609593281782,-0.00020392485844283667,0.00020392485844283667,0.99979609593281782,-0.00020392485844283667,0.00020392485844283667,0
477,32343,0.99989118094668195,-0.00010882497454083158,0.00010882497454083158,0.99989118094668195,-0.00010882497454083158,0.00010882497454083158,0
478,3233,0.99999637997044322,-3.620036109073293e-06,3.620036109073293e-06,0.99999637997044322,-3.620036109073293e-06,3.620036109073293e-06,0
479,430,0.99999176208459162,-8.2379493402100838e-06,8.2379493402100838e-06,0.99999176208459162,-8.2379493402100838e-06,8.2379493402100838e-06,0
480,11754,0.99698202844363937,-0.0030225348160228616,0.0030225348160228616,0.99698202844363937,-0.0030225348160228616,0.0030225348160228616,0
481,279,0.99974843454582341,-0.00025159710207328374,0.00025159710207328374,0.99974843454582341,-0.00025159710207328374,0.00025159710207328374,0
482,26363,0.99406499554185423,-0.0059526865941878764,0.0059526865941878764,0.99406499554185423,-0.0059526865941878764,0.0059526865941878764,0
483,11,0.99995166407974878,-4.8337088469460166e-05,4.8337088469460166e-05,0.99995166407974878,-4.8337088469460166e-05,4.8337088469460166e-05,0
484,6457,0.99995236055611447,-4.7640578679848321e-05,4.7640578679848321e-05,0.99995236055611447,-4.7640578679848321e-05,4.7640578679848321e-05,0
485,11,0.99999645255433811,-3.5474519540517756e-06,3.5474519540517756e-06,0.99999645255433811,-3.5474519540517756e-06,3.5474519540517756e-06,0
486,5734,0.99997862772692592,-2.1372501464379296e-05,2.1372501464379296e-05,0.99997862772692592,-2.1372501464379296e-05,2.1372501464379296e-05,0
487,11,0.99999673992098503,-3.2600843290504901e-06,3.2600843290504901e-06,0.99999673992098503,-3.2600843290504901e-06,3.2600843290504901e-06,0
488,279,0.99997140533962481,-2.8595069210339736e-05,2.8595069210339736e-05,0.99997140533962481,-2.8595069210339736e-05,2.8595069210339736e-05,0
489,16526,0.99993072273030248,-6.9279669478457669e-05,6.9279669478457669e-05,0.99993072273030248,-6.9279669478457669e-05,6.9279669478457669e-05,0
490,50714,0.99994563209280818,-5.4369385180099602e-05,5.4369385180099602e-05,0.99994563209280818,-5.4369385180099602e-05,5.4369385180099602e-05,0
491,11,0.99999766282387592,-2.337178855282363e-06,2.337178855282363e-06,0.99999766282387592,-2.337178855282363e-06,2.337178855282363e-06,0
492,2314,0.99994308672155319,-5.6914898068875475e-05,5.6914898068875475e-05,0.99994308672155319,-5.6914898068875475e-05,5.6914898068875475e-05,0
493,5059,0.9999504148234194,-4.9586405966162748e-05,4.9586405966162748e-05,0.9999504148234194,-4.9586405966162748e-05,4.9586405966162748e-05,0
494,2259,0.99999862200039047,-1.3780005590131438e-06,1.3780005590131438e-06,0.99999862200039047,-1.3780005590131438e-06,1.3780005590131438e-06,0
495,11,0.9999934132738868,-6.5867478058246133e-06,6.5867478058246133e-06,0.9999934132738868,-6.5867478058246133e-06,6.5867478058246133e-06,0
496,323,0.99998338559518418,-1.6614542836613944e-05,1.6614542836613944e-05,0.99998338559518418,-1.6614542836613944e-05,1.6614542836613944e-05,0
497,5370,0.99995310053230357,-4.6900567510844757e-05,4.6900567510844757e-05,0.99995310053230357,-4.6900567510844757e-05,4.6900567510844757e-05,0
498,30100,0.99996239549819133,-3.7605208875628609e-05,3.7605208875628609e-05,0.99996239549819133,-3.7605208875628609e-05,3.7605208875628609e-05,0
499,304,0.99999798132836315,-2.0186736744003059e-06,2.0186736744003059e-06,0.99999798132836315,-2.0186736744003059e-06,2.0186736744003059e-06,0
500,279,0.99999618522431555,-3.8147829607395787e-06,3.8147829607395787e-06,0.99999618522431555,-3.8147829607395787e-06,3.8147829607395787e-06,0
501,19001,0.99998365128725319,-1.6348846388437852e-05,1.6348846388437852e-05,0.99998365128725319,-1.6348846388437852e-05,1.6348846388437852e-05,0
502,16867,0.99998833830897771,-1.1661759020373414e-05,1.1661759020373414e-05,0.99998833830897771,-1.1661759020373414e-05,1.1661759020373414e-05,0
503,13,0.99963455176496641,-0.00036551502751315621,0.00036551502751315621,0.99963455176496641,-0.00036551502751315621,0.00036551502751315621,0
504,578,0.99524290542972205,-0.0047684455574398387,0.0047684455574398387,0.99524290542972205,-0.0047684455574398387,0.0047684455574398387,0
505,3280,0.99998738398766696,-1.2616091915613695e-05,1.2616091915613695e-05,0.99998738398766696,-1.2616091915613695e-05,1.2616091915613695e-05,0
506,574,0.99997731661175893,-2.2683645512979301e-05,2.2683645512979301e-05,0.99997731661175893,-2.2683645512979301e-05,2.2683645512979301e-05,0
507,1101,0.99996536453385509,-3.4636065966487798e-05,3.4636065966487798e-05,0.99996536453385509,-3.4636065966487798e-05,3.4636065966487798e-05,0
508,13160,0.99998985433534193,-1.0145716125664828e-05,1.0145716125664828e-05,0.99998985433534193,-1.0145716125664828e-05,1.0145716125664828e-05,0
509,555,0.99999716748569534,-2.8325183162164973e-06,2.8325183162164973e-06,0.99999716748569534,-2.8325183162164973e-06,2.8325183162164973e-06,0
510,3892,0.99997690276696594,-2.3097499779233023e-05,2.3097499779233023e-05,0.99997690276696594,-2.3097499779233023e-05,2.3097499779233023e-05,0
511,5199,0.99998307967300959,-1.6920470140763472e-05,1.6920470140763472e-05,0.99998307967300959,-1.6920470140763472e-05,1.6920470140763472e-05,0
512,44583,0.99996232256993256,-3.767813987959404e-05,3.767813987959404e-05,0.99996232256993256,-3.767813987959404e-05,3.767813987959404e-05,0
513,11,0.99996873287533117,-3.1267613495527272e-05,3.1267613495527272e-05,0.99996873287533117,-3.1267613495527272e-05,3.1267613495527272e-05,0
514,2737,0.99998527933651959,-1.4720771830413545e-05,1.4720771830413545e-05,0.99998527933651959,-1.4720771830413545e-05,1.4720771830413545e-05,0
515,14221,0.99969054274661806,-0.00030950514515831886,0.00030950514515831886,0.99969054274661806,-0.00030950514515831886,0.00030950514515831886,0
516,78149,0.9999950837698609,-4.9162422238015413e-06,4.9162422238015413e-06,0.9999950837698609,-4.9162422238015413e-06,4.9162422238015413e-06,0
517,2417,0.98898405624252206,-0.011077068578833156,0.011077068578833156,0.98898405624252206,-0.011077068578833156,0.011077068578833156,0
518,65,0.99999365164698151,-6.3483731694020396e-06,6.3483731694020396e-06,0.99999365164698151,-6.3483731694020396e-06,6.3483731694020396e-06,0
519,7835,0.99997003925985983,-2.9961188972086978e-05,2.9961188972086978e-05,0.99997003925985983,-2.9961188972086978e-05,2.9961188972086978e-05,0
520,11,0.99987913996743238,-0.00012086733672985188,0.00012086733672985188,0.99987913996743238,-0.00012086733672985188,0.00012086733672985188,0
521,902,0.99995822779552812,-4.1773076954681486e-05,4.1773076954681486e-05,0.99995822779552812,-4.1773076954681486e-05,4.1773076954681486e-05,0
522,9057,0.9998480444620369,-0.00015196708437561728,0.00015196708437561728,0.9998480444620369,-0.00015196708437561728,0.00015196708437561728,0
523,3892,0.9999552638292416,-4.4737171450697873e-05,4.4737171450697873e-05,0.9999552638292416,-4.4737171450697873e-05,4.4737171450697873e-05,0
524,16779,0.99997741325100531,-2.2587004079186417e-05,2.2587004079186417e-05,0.99997741325100531,-2.2587004079186417e-05,2.2587004079186417e-05,0
525,323,0.99998693671316108,-1.3063372164418608e-05,1.3063372164418608e-05,0.99998693671316108,-1.3063372164418608e-05,1.3063372164418608e-05,0
526,16781,0.99994444923879344,-5.5552304207252683e-05,5.5552304207252683e-05,0.99994444923879344,-5.5552304207252683e-05,5.5552304207252683e-05,0
527,5674,0.99992321269403306,-7.679025426310081e-05,7.679025426310081e-05,0.99992321269403306,-7.679025426310081e-05,7.679025426310081e-05,0
528,4028,0.99999256367030298,-7.4363573466771085e-06,7.4363573466771085e-06,0.99999256367030298,-7.4363573466771085e-06,7.4363573466771085e-06,0
529,279,0.99998663667130394,-1.3363417986118774e-05,1.3363417986118774e-05,0.99998663667130394,-1.3363417986118774e-05,1.3363417986118774e-05,0
530,26363,0.99982413280401472,-0.00017588266243396926,0.00017588266243396926,0.99982413280401472,-0.00017588266243396926,0.00017588266243396926,0
531,323,0.99998941216484982,-1.0587891201697353e-05,1.0587891201697353e-05,0.99998941216484982,-1.0587891201697353e-05,1.0587891201697353e-05,0
532,5734,0.99998270875148731,-1.7291398008098485e-05,1.7291398008098485e-05,0.99998270875148731,-1.7291398008098485e-05,1.7291398008098485e-05,0
533,11,0.99985900107846792,-0.00014100886281447449,0.00014100886281447449,0.99985900107846792,-0.00014100886281447449,0.00014100886281447449,0
534,323,0.99998867481173759,-1.1325252392789632e-05,1.1325252392789632e-05,0.99998867481173759,-1.1325252392789632e-05,1.1325252392789632e-05,0
535,14221,0.99988287762745764,-0.00011712923190299612,0.00011712923190299612,0.99988287762745764,-0.00011712923190299612,0.00011712923190299612,0
536,78149,0.99999965197647323,-3.480235873401039e-07,3.480235873401039e-07,0.99999965197647323,-3.480235873401039e-07,3.480235873401039e-07,0
537,11583,0.99985428092644091,-0.00014572969161479442,0.00014572969161479442,0.99985428092644091,-0.00014572969161479442,0.00014572969161479442,0
538,22530,0.99990289796614895,-9.7106748558793173e-05,9.7106748558793173e-05,0.99990289796614895,-9.7106748558793173e-05,9.7106748558793173e-05,0
539,11,0.99996207400256121,-3.7926716647596893e-05,3.7926716647596893e-05,0.99996207400256121,-3.7926716647596893e-05,3.7926716647596893e-05,0
540,902,0.99999461261086608,-5.3874036459464821e-06,5.3874036459464821e-06,0.99999461261086608,-5.3874036459464821e-06,5.3874036459464821e-06,0
541,6244,0.99993763105647915,-6.237088854431934e-05,6.237088854431934e-05,0.99993763105647915,-6.237088854431934e-05,6.237088854431934e-05,0
542,832,0.99998564010785818,-1.4359995246092866e-05,1.4359995246092866e-05,0.99998564010785818,-1.4359995246092866e-05,1.4359995246092866e-05,0
543,315,0.99999245152684335,-7.5485016465038915e-06,7.5485016465038915e-06,0.99999245152684335,-7.5485016465038915e-06,7.5485016465038915e-06,0
544,279,0.99997819817188571,-2.1802065777632641e-05,2.1802065777632641e-05,0.99997819817188571,-2.1802065777632641e-05,2.1802065777632641e-05,0
545,2853,0.99992326592772141,-7.6737016488174603e-05,7.6737016488174603e-05,0.99992326592772141,-7.6737016488174603e-05,7.6737016488174603e-05,0
546,24013,0.99995580799073935,-4.4192985756234079e-05,4.4192985756234079e-05,0.99995580799073935,-4.4192985756234079e-05,4.4192985756234079e-05,0
547,13892,0.99996456343448437,-3.543719340556931e-05,3.543719340556931e-05,0.99996456343448437,-3.543719340556931e-05,3.543719340556931e-05,0
548,764,0.99999902735938362,-9.7264108938679006e-07,9.7264108938679006e-07,0.99999902735938362,-9.7264108938679006e-07,9.7264108938679006e-07,0
549,29639,0.99999915742222389,-8.4257813112420623e-07,8.4257813112420623e-07,0.99999915742222389,-8.4257813112420623e-07,8.4257813112420623e-07,0
550,304,0.99997866651749689,-2.1333710065052641e-05,2.1333710065052641e-05,0.99997866651749689,-2.1333710065052641e-05,2.1333710065052641e-05,0
551,12715,0.99999423546638311,-5.7645502319258445e-06,5.7645502319258445e-06,0.99999423546638311,-5.7645502319258445e-06,5.7645502319258445e-06,0
552,3925,0.99996965775685254,-3.0342703482623441e-05,3.0342703482623441e-05,0.99996965775685254,-3.0342703482623441e-05,3.0342703482623441e-05,0
553,1306,0.99997318188788742,-2.6818471724606357e-05,2.6818471724606357e-05,0.99997318188788742,-2.6818471724606357e-05,2.6818471724606357e-05,0
554,21933,0.9999332481577845,-6.6754070218900849e-05,6.6754070218900849e-05,0.9999332481577845,-6.6754070218900849e-05,6.6754070218900849e-05,0
555,4987,0.99997669772036601,-2.3302551136291899e-05,2.3302551136291899e-05,0.99997669772036601,-2.3302551136291899e-05,2.3302551136291899e-05,0
556,12126,0.99996338578662869,-3.6614883687978247e-05,3.6614883687978247e-05,0.99996338578662869,-3.6614883687978247e-05,3.6614883687978247e-05,0
557,382,0.96831417160334632,-0.032198686921459746,0.032198686921459746,0.96831417160334632,-0.032198686921459746,0.032198686921459746,0
558,791,0.65702946134391993,-0.42002641927472062,0.42002641927472062,0.65702946134391993,-0.42002641927472062,0.42002641927472062,0
559,3280,0.89352041496301704,-0.11258609633587548,0.11258609633587548,0.89352041496301704,-0.11258609633587548,0.11258609633587548,0
560,574,0.99954986355863062,-0.00045023778319023617,0.00045023778319023617,0.99954986355863062,-0.00045023778319023617,0.00045023778319023617,0
561,1101,0.99831569242577001,-0.0016857276149798734,0.0016857276149798734,0.99831569242577001,-0.0016857276149798734,0.0016857276149798734,0
562,28289,0.97493022124349815,-0.025389378500784692,0.025389378500784692,0.97493022124349815,-0.025389378500784692,0.025389378500784692,0
563,369,0.9999903370608374,-9.6629858491133596e-06,9.6629858491133596e-06,0.9999903370608374,-9.6629858491133596e-06,9.6629858491133596e-06,0
564,279,0.99996793597885913,-3.2064535202628238e-05,3.2064535202628238e-05,0.99996793597885913,-3.2064535202628238e-05,3.2064535202628238e-05,0
565,1396,0.99980037581971692,-0.00019964410784185666,0.00019964410784185666,0.99980037581971692,-0.00019964410784185666,0.00019964410784185666,0
566,315,0.99998712580051219,-1.2874282361076155e-05,1.2874282361076155e-05,0.99998712580051219,-1.2874282361076155e-05,1.2874282361076155e-05,0
567,35148,0.99995623366065522,-4.3767297118906352e-05,4.3767297118906352e-05,0.99995623366065522,-4.3767297118906352e-05,4.3767297118906352e-05,0
568,32343,0.99984721437767354,-0.0001527972952385915,0.0001527972952385915,0.99984721437767354,-0.0001527972952385915,0.0001527972952385915,0
569,3233,0.99998959268217691,-1.0407371979565879e-05,1.0407371979565879e-05,0.99998959268217691,-1.0407371979565879e-05,1.0407371979565879e-05,0
570,430,0.99996207673145765,-3.7923987647709421e-05,3.7923987647709421e-05,0.99996207673145765,-3.7923987647709421e-05,3.7923987647709421e-05,0
571,11754,0.99961677949846972,-0.00038329394927170008,0.00038329394927170008,0.99961677949846972,-0.00038329394927170008,0.00038329394927170008,0
572,279,0.99988331279516174,-0.000116694013319835,0.000116694013319835,0.99988331279516174,-0.000116694013319835,0.000116694013319835,0
573,26363,0.99935945474551813,-0.00064075049124032049,0.00064075049124032049,0.99935945474551813,-0.00064075049124032049,0.00064075049124032049,0
574,11,0.99995687031306302,-4.3130617048722565e-05,4.3130617048722565e-05,0.99995687031306302,-4.3130617048722565e-05,4.3130617048722565e-05,0
575,6457,0.99996437555102125,-3.5625083544496142e-05,3.5625083544496142e-05,0.99996437555102125,-3.5625083544496142e-05,3.5625083544496142e-05,0
576,11,0.99998952075438674,-1.0479300520910212e-05,1.0479300520910212e-05,0.99998952075438674,-1.0479300520910212e-05,1.0479300520910212e-05,0
577,5734,0.99997773444143756,-2.2265806443626604e-05,2.2265806443626604e-05,0.99997773444143756,-2.2265806443626604e-05,2.2265806443626604e-05,0
578,11,0.99999133196621148,-8.6680713561313434e-06,8.6680713561313434e-06,0.99999133196621148,-8.6680713561313434e-06,8.6680713561313434e-06,0
579,279,0.99994113568346787,-5.8866049104043546e-05,5.8866049104043546e-05,0.99994113568346787,-5.8866049104043546e-05,5.8866049104043546e-05,0
580,16526,0.99977930716471464,-0.00022071719153270354,0.00022071719153270354,0.99977930716471464,-0.00022071719153270354,0.00022071719153270354,0
581,50714,0.99983382482418959,-0.00016618898443471493,0.00016618898443471493,0.99983382482418959,-0.00016618898443471493,0.00016618898443471493,0
582,11,0.99998882550765622,-1.1174554778879084e-05,1.1174554778879084e-05,0.99998882550765622,-1.1174554778879084e-05,1.1174554778879084e-05,0
583,2314,0.99996188376963524,-3.8116956806685509e-05,3.8116956806685509e-05,0.99996188376963524,-3.8116956806685509e-05,3.8116956806685509e-05,0
584,5059,0.99998933681180735,-1.0663245044873811e-05,1.0663245044873811e-05,0.99998933681180735,-1.0663245044873811e-05,1.0663245044873811e-05,0
585,2259,0.99999012683073008,-9.8732180100157833e-06,9.8732180100157833e-06,0.99999012683073008,-9.8732180100157833e-06,9.8732180100157833e-06,0
586,11,0.99998012217313936,-1.9878024427213295e-05,1.9878024427213295e-05,0.99998006945422679,-1.9930744389178818e-05,1.9930744389178818e-05,-5.2719961965522086e-08
587,323,0.9998826716803394,-0.00011733520316628603,0.00011733520316628603,0.9998801554143838,-0.00011985176755235498,0.00011985176755235498,-2.5165643860689544e-06
588,5370,0.99989028715553008,-0.00010971886336425988,0.00010971886336425988,0.99988646634636968,-0.00011354009906340867,0.00011354009906340867,-3.8212356991487864e-06
589,30100,0.99988740516357033,-0.00011260117570416201,0.00011260117570416201,0.99987312043859589,-0.00012688761129662181,0.00012688761129662181,-1.4286435592459799e-05
590,304,0.99999360287663075,-6.397143830969171e-06,6.397143830969171e-06,0.99999290219486514,-7.0978303243471822e-06,7.0978303243471822e-06,-7.0068649337801126e-07
591,279,0.99998773932598106,-1.2260749181619392e-05,1.2260749181619392e-05,0.99998672326243132,-1.3276825705345265e-05,1.3276825705345265e-05,-1.0160765237258733e-06
592,19001,0.99997226977347375,-2.7730611016061183e-05,2.7730611016061183e-05,0.99997029155768047,-2.9708883624034783e-05,2.9708883624034783e-05,-1.9782726079735996e-06
593,16867,0.9999689671047276,-3.1033376802691241e-05,3.1033376802691241e-05,0.99996759784740363,-3.2402677557413813e-05,3.2402677557413813e-05,-1.3693007547225722e-06
594,13,0.99974528976653165,-0.00025474267762926078,0.00025474267762926078,0.99973316490845454,-0.00026687069836270376,0.00026687069836270376,-1.2128020733442988e-05
595,578,0.995967977007855,-0.0040401735129517325,0.0040401735129517325,0.99553767485620326,-0.0044723110345754151,0.0044723110345754151,-0.00043213752162368259
596,3280,0.99998244568731542,-1.7554466763298238e-05,1.7554466763298238e-05,0.99998069875627216,-1.9301429999261252e-05,1.9301429999261252e-05,-1.7469632359630139e-06
597,574,0.99993796481522945,-6.2037109032187009e-05,6.2037109032187009e-05,0.99993218649263116,-6.7815806808671576e-05,6.7815806808671576e-05,-5.778697776484567e-06
598,1101,0.99996695336601304,-3.3047180038949776e-05,3.3047180038949776e-05,0.99996450403300685,-3.5496596989926312e-05,3.5496596989926312e-05,-2.4494169509765355e-06
599,13160,0.9999635114955675,-3.6489170154128521e-05,3.6489170154128521e-05,0.99995873250498468,-4.126834654184852e-05,4.126834654184852e-05,-4.7791763877199982e-06
600,555,0.99999277507472828,-7.2249513716075151e-06,7.2249513716075151e-06,0.99999194988747075,-8.0501449315698811e-06,8.0501449315698811e-06,-8.25193559962366e-07
601,3892,0.99995273989604339,-4.7261220750480192e-05,4.7261220750480192e-05,0.9999460234742038,-5.3977982581246898e-05,5.3977982581246898e-05,-6.7167618307667059e-06
602,5199,0.99995285269049794,-4.7148420971374706e-05,4.7148420971374706e-05,0.99994343420479193,-5.6567395112957694e-05,5.6567395112957694e-05,-9.4189741415829883e-06
603,44583,0.99991786022977336,-8.2143143882336631e-05,8.2143143882336631e-05,0.99990712403687176,-9.2880276367583703e-05,9.2880276367583703e-05,-1.0737132485247073e-05
604,11,0.99995377984333522,-4.6221224849117824e-05,4.6221224849117824e-05,0.99994759187094928,-5.2409502404688001e-05,5.2409502404688001e-05,-6.1882775555701774e-06
605,2737,0.99997992370451849,-2.0076497012985213e-05,2.0076497012985213e-05,0.99997845676800734,-2.1543464051424783e-05,2.1543464051424783e-05,-1.4669670384395692e-06
606,14221,0.99975626279078411,-0.00024376691795702492,0.00024376691795702492,0.99974325557088251,-0.00025677739361082517,0.00025677739361082517,-1.3010475653800241e-05
607,78149,0.99999088311642204,-9.116925136966006e-06,9.116925136966006e-06,0.99999057944176128,-9.4206026124860002e-06,9.4206026124860002e-06,-3.0367747551999424e-07
608,2417,0.99814656005813129,-0.0018551596869691464,0.0018551596869691464,0.99800430514849447,-0.0019976889039308235,0.0019976889039308235,-0.0001425292169616771
609,65,0.99997008553967293,-2.9914907773466906e-05,2.9914907773466906e-05,0.99996586855775182,-3.4132024739091992e-05,3.4132024739091992e-05,-4.217116965625086e-06
610,7835,0.99993696973631829,-6.303225017223101e-05,6.303225017223101e-05,0.99993582137307357,-6.4180686462673826e-05,6.4180686462673826e-05,-1.1484362904428161e-06
611,11,0.99981147392918546,-0.0001885438440880867,0.0001885438440880867,0.99978506340023898,-0.0002149597019424217,0.0002149597019424217,-2.6415857854334996e-05
612,902,0.99995128981786496,-4.8711368514464429e-05,4.8711368514464429e-05,0.99993429564592207,-6.5706512703561353e-05,6.5706512703561353e-05,-1.6995144189096924e-05
613,9057,0.99973405542675053,-0.00026597994277850892,0.00026597994277850892,0.99970620241472496,-0.00029384075224075061,0.00029384075224075061,-2.7860809462241696e-05
614,3892,0.99991321053734139,-8.6793229081946752e-05,8.6793229081946752e-05,0.99990674658130163,-9.3257767068740616e-05,9.3257767068740616e-05,-6.4645379867938647e-06
615,16779,0.9999642605933432,-3.5740045324661416e-05,3.5740045324661416e-05,0.99996172871169409,-3.8272020670332459e-05,3.8272020670332459e-05,-2.5319753456710427e-06
616,323,0.99997158493179983,-2.8415471915830047e-05,2.8415471915830047e-05,0.99996840547213339,-3.1595026984194045e-05,3.1595026984194045e-05,-3.1795550683639981e-06
617,16781,0.9999122150829407,-8.7788770380684017e-05,8.7788770380684017e-05,0.99990054851454102,-9.9456431085834026e-05,9.9456431085834026e-05,-1.166766070515001e-05
618,5674,0.99987713369435116,-0.00012287385433168408,0.00012287385433168408,0.99986426275101847,-0.00013574646211557723,0.00013574646211557723,-1.2872607783893155e-05
619,4028,0.99998918369685585,-1.081636164073202e-05,1.081636164073202e-05,0.99998771992773072,-1.2280147669992778e-05,1.2280147669992778e-05,-1.4637860292607577e-06
620,279,0.99996949277175295,-3.050769360201893e-05,3.050769360201893e-05,0.99996725313714174,-3.2747399048507017e-05,3.2747399048507017e-05,-2.239705446488087e-06
621,26363,0.99950894086349007,-0.00049117974553343057,0.00049117974553343057,0.99951328702403053,-0.00048683145917635353,0.00048683145917635353,4.3482863570770409e-06
622,323,0.99998565208429524,-1.4348018637106058e-05,1.4348018637106058e-05,0.99998367106958863,-1.6329063729749172e-05,1.6329063729749172e-05,-1.9810450926431138e-06
623,5734,0.99997336412456816,-2.6636230173107628e-05,2.6636230173107628e-05,0.99997113672966242,-2.8863686889825395e-05,2.8863686889825395e-05,-2.2274567167177668e-06
624,11,0.9999214717117062,-7.8531371801225506e-05,7.8531371801225506e-05,0.99991403318217686,-8.5970513181755424e-05,8.5970513181755424e-05,-7.4391413805299176e-06
625,323,0.99998101744405854,-1.8982736112494983e-05,1.8982736112494983e-05,0.99997761937672958,-2.2380873720341956e-05,2.2380873720341956e-05,-3.3981376078469722e-06
626,14221,0.99988163335930613,-0.0001183736465775023,0.0001183736465775023,0.99986308694449533,-0.00013692242895262504,0.00013692242895262504,-1.8548782375122735e-05
627,78149,0.99999829503329207,-1.7049681613650949e-06,1.7049681613650949e-06,0.99999837575511352,-1.6242462056122236e-06,1.6242462056122236e-06,8.0721955752871307e-08
628,11583,0.99982337723573944,-0.00017663836389786015,0.00017663836389786015,0.99979326078005659,-0.00020676059344180555,0.00020676059344180555,-3.0122229543945396e-05
629,22530,0.99977423183113545,-0.00022579365833410434,0.00022579365833410434,0.99976594143057296,-0.00023408596540891308,0.00023408596540891308,-8.2923070748087448e-06
630,11,0.99995733607203907,-4.2664838092144577e-05,4.2664838092144577e-05,0.99994851019526387,-5.1491130381602771e-05,5.1491130381602771e-05,-8.826292289458194e-06
631,902,0.99999306960709089,-6.9304169244059233e-06,6.9304169244059233e-06,0.99999094598728455,-9.0540537032507477e-06,9.0540537032507477e-06,-2.1236367788448244e-06
632,6244,0.99992230081300659,-7.7702205731555634e-05,7.7702205731555634e-05,0.99991612826317522,-8.3875254255609831e-05,8.3875254255609831e-05,-6.1730485240541968e-06
633,832,0.99997500945623718,-2.4990856031633012e-05,2.4990856031633012e-05,0.99997008307308677,-2.9917374433379042e-05,2.9917374433379042e-05,-4.9265184017460297e-06
634,315,0.99999389974307618,-6.1002755304493406e-06,6.1002755304493406e-06,0.99999154407963275,-8.4559561187952389e-06,8.4559561187952389e-06,-2.3556805883458982e-06
635,279,0.9999515424287353,-4.8458745370775595e-05,4.8458745370775595e-05,0.99993873824042956,-6.1263636148729464e-05,6.1263636148729464e-05,-1.2804890777953869e-05
636,2853,0.9998702649269765,-0.00012974348934599562,0.00012974348934599562,0.99982769840692776,-0.0001723164386970151,0.0001723164386970151,-4.257294935101948e-05
637,24013,0.99995615488201706,-4.3846079208184309e-05,4.3846079208184309e-05,0.99995016123843328,-4.984000355909613e-05,4.984000355909613e-05,-5.9939243509118207e-06
638,13892,0.99992584934794471,-7.4153401350786515e-05,7.4153401350786515e-05,0.99989451392195217,-0.00010549164209546909,0.00010549164209546909,-3.1338240744682575e-05
639,764,0.99999880783271067,-1.1921680000072101e-06,1.1921680000072101e-06,0.99999814556730959,-1.8544344098581254e-06,1.8544344098581254e-06,-6.6226640985091533e-07
640,29639,0.999998402894129,-1.5971071463595848e-06,1.5971071463595848e-06,0.99999913917348515,-8.6082688541027808e-07,8.6082688541027808e-07,7.3628026094930669e-07
641,304,0.99996476464890227,-3.5235971877313034e-05,3.5235971877313034e-05,0.99995616210426985,-4.3838856638779493e-05,4.3838856638779493e-05,-8.6028847614664597e-06
642,12715,0.99999097938582171,-9.0206548643028808e-06,9.0206548643028808e-06,0.99998986660131062,-1.0133450032663371e-05,1.0133450032663371e-05,-1.1127951683604905e-06
643,3925,0.99995706351403157,-4.2937407765772854e-05,4.2937407765772854e-05,0.99994897553741802,-5.1025764374172065e-05,5.1025764374172065e-05,-8.0883566083992105e-06
644,1306,0.99997322086273666,-2.6779495830791161e-05,2.6779495830791161e-05,0.99996927693914694,-3.0723532815972539e-05,3.0723532815972539e-05,-3.9440369851813782e-06
645,21933,0.99991183978141818,-8.8164104922334159e-05,8.8164104922334159e-05,0.99989591344898798,-0.00010409196839299305,0.00010409196839299305,-1.5927863470658891e-05
646,4987,0.99997152352674479,-2.8476878717707074e-05,2.8476878717707074e-05,0.9999675023763348,-3.2498151724392327e-05,3.2498151724392327e-05,-4.0212730066852527e-06
647,12126,0.99995417406445608,-4.5826985584214439e-05,4.5826985584214439e-05,0.99995391044457105,-4.6090617585151599e-05,4.6090617585151599e-05,-2.6363200093716015e-07
648,382,0.95420738574404185,-0.046874245682714533,0.046874245682714533,0.94608524803684657,-0.055422599786445051,0.055422599786445051,-0.0085483541037305183
649,791,0.9294558469376778,-0.073155974898673454,0.073155974898673454,0.93033106084199357,-0.072214776780476192,0.072214776780476192,0.00094119811819726173
650,3280,0.97607264182721609,-0.024218267237022421,0.024218267237022421,0.97461480169488834,-0.025712961231781635,0.025712961231781635,-0.0014946939947592143
651,574,0.99984649349256349,-0.00015351829076632676,0.00015351829076632676,0.99982534914808219,-0.00017466610515387478,0.00017466610515387478,-2.1147814387548018e-05
652,1101,0.99963992606108376,-0.00036013878110272213,0.00036013878110272213,0.99957513750885851,-0.00042495277078148999,0.00042495277078148999,-6.4813989678767856e-05
653,28289,0.99379642625111753,-0.0062228958647400738,0.0062228958647400738,0.99339151570899709,-0.0066304170047132484,0.0066304170047132484,-0.00040752113997317464
654,369,0.99998931332746022,-1.0686729642685024e-05,1.0686729642685024e-05,0.99998890372831917,-1.1096333244917672e-05,1.1096333244917672e-05,-4.0960360223264819e-07
655,279,0.99995447162203899,-4.5529414409101806e-05,4.5529414409101806e-05,0.99995211555745034,-4.7885589046196782e-05,4.7885589046196782e-05,-2.3561746370949759e-06
656,1396,0.9999480373187174,-5.1964031389507597e-05,5.1964031389507597e-05,0.99994444380966918,-5.5557733633168907e-05,5.5557733633168907e-05,-3.5937022436613106e-06
657,315,0.99998261924124365,-1.7380909803473766e-05,1.7380909803473766e-05,0.99998091262005628,-1.908756211005025e-05,1.908756211005025e-05,-1.7066523065764844e-06
658,35148,0.99996439701732542,-3.560361647575663e-05,3.560361647575663e-05,0.99995986208729881,-4.0138718248743095e-05,4.0138718248743095e-05,-4.5351017729864648e-06
659,32343,0.99974001571674154,-0.00026001808503101981,0.00026001808503101981,0.99971924828440806,-0.00028079113373279168,0.00028079113373279168,-2.0773048701771863e-05
660,3233,0.9999749733329456,-2.5026980226662857e-05,2.5026980226662857e-05,0.99997218770477203,-2.7812681996971318e-05,2.7812681996971318e-05,-2.7857017703084612e-06
661,430,0.99996826641932979,-3.1734084190944667e-05,3.1734084190944667e-05,0.99995757187340184,-4.2429026696580578e-05,4.2429026696580578e-05,-1.0694942505635911e-05
662,11754,0.99951298309079739,-0.00048713554045606513,0.00048713554045606513,0.99949286064588105,-0.00050726799277482127,0.00050726799277482127,-2.0132452318756143e-05
663,279,0.99982696329501142,-0.00017305167756646023,0.00017305167756646023,0.99978901111374585,-0.00021101114754053737,0.00021101114754053737,-3.7959469974077132e-05
664,26363,0.99931900543370078,-0.00068122654842385348,0.00068122654842385348,0.99928101060490526,-0.0007192479919295911,0.0007192479919295911,-3.8021443505737622e-05
665,11,0.99995953128757276,-4.046953130762437e-05,4.046953130762437e-05,0.99994558938372646,-5.4412096584819475e-05,5.4412096584819475e-05,-1.3942565277195105e-05
666,6457,0.9999632475321899,-3.6753143198643432e-05,3.6753143198643432e-05,0.99996051157632959,-3.9489203358721173e-05,3.9489203358721173e-05,-2.736060160077741e-06
667,11,0.99998404283236331,-1.5957294953697689e-05,1.5957294953697689e-05,0.99997964254513028,-2.0357662085490598e-05,2.0357662085490598e-05,-4.4003671317929081e-06
668,5734,0.99997302271573762,-2.6977648155844747e-05,2.6977648155844747e-05,0.99996769503923744,-3.2305482579013083e-05,3.2305482579013083e-05,-5.327834423168336e-06
669,11,0.9999864617074119,-1.3538384231592006e-05,1.3538384231592006e-05,0.99998393315293055,-1.6066976142624341e-05,1.6066976142624341e-05,-2.5285919110323344e-06
670,279,0.99991862011624344,-8.1383195279009587e-05,8.1383195279009587e-05,0.9999112468657988,-8.8757072993726085e-05,8.8757072993726085e-05,-7.3738777147164985e-06
671,16526,0.99973434404548756,-0.00026569124730611366,0.00026569124730611366,0.99972018421993403,-0.00027985493580575473,0.00027985493580575473,-1.4163688499641068e-05
672,50714,0.99971317889445688,-0.00028686224658334671,0.00028686224658334671,0.99969076587695427,-0.00030928194577638869,0.00030928194577638869,-2.2419699193041982e-05
673,11,0.99997773815855373,-2.2262089244793394e-05,2.2262089244793394e-05,0.99997297815157482,-2.7022213521890537e-05,2.7022213521890537e-05,-4.7601242770971431e-06
674,2314,0.99995124113502287,-4.8760053729215244e-05,4.8760053729215244e-05,0.99994117847876252,-5.8823251291038815e-05,5.8823251291038815e-05,-1.0063197561823571e-05
675,5059,0.99997886630188593,-2.1133921433794034e-05,2.1133921433794034e-05,0.99998095201656156,-1.9048164853533813e-05,1.9048164853533813e-05,2.0857565802602213e-06
676,2259,0.99998471520495602,-1.5284911857679918e-05,1.5284911857679918e-05,0.99998266105150946,-1.7339098811897379e-05,1.7339098811897379e-05,-2.0541869542174618e-06
677,11,0.99995934181679547,-4.0659009770850644e-05,4.0659009770850644e-05,0.99995902529007585,-4.0975549410464477e-05,4.0975549410464477e-05,-3.1653963961383267e-07
678,323,0.99980026531456423,-0.00019975463506448563,0.00019975463506448563,0.9998375482961549,-0.00016246490055238765,0.00016246490055238765,3.7289734512097983e-05
679,5370,0.99986200271020376,-0.00013800681229834833,0.00013800681229834833,0.99984485899116871,-0.000155153044442426,0.000155153044442426,-1.7146232144077671e-05
680,30100,0.99976386820208429,-0.00023615968141824453,0.00023615968141824453,0.99973136414657238,-0.00026867194250190812,0.00026867194250190812,-3.2512261083663589e-05
681,304,0.99999072422373725,-9.2758192830479725e-06,9.2758192830479725e-06,0.99999063019250445,-9.3698513924623764e-06,9.3698513924623764e-06,-9.4032109414403858e-08
682,279,0.99998043615879939,-1.9564032575062196e-05,1.9564032575062196e-05,0.99998083342997257,-1.9166753708503832e-05,1.9166753708503832e-05,3.9727886655836474e-07
683,19001,0.99993098303615224,-6.9019345628047745e-05,6.9019345628047745e-05,0.99993632934686827,-6.3672680193794867e-05,6.3672680193794867e-05,5.3466654342528789e-06
684,16867,0.99995885368020387,-4.1147166329201772e-05,4.1147166329201772e-05,0.99995413623887974,-4.5864812894733175e-05,4.5864812894733175e-05,-4.7176465655314028e-06
685,13,0.99978036773635892,-0.00021965638633888478,0.00021965638633888478,0.99976306555275996,-0.00023696252064063443,0.00023696252064063443,-1.7306134301749653e-05
686,578,0.99687955088006452,-0.003125327873201723,0.003125327873201723,0.9969787482935033,-0.0030258249009375844,0.0030258249009375844,9.9502972264138567e-05
687,3280,0.99998330853463491,-1.6691604669175499e-05,1.6691604669175499e-05,0.99998028620758539,-1.9713986733927574e-05,1.9713986733927574e-05,-3.0223820647520748e-06
688,574,0.99992340697162141,-7.6595961774389264e-05,7.6595961774389264e-05,0.99990428270107801,-9.5721880115039212e-05,9.5721880115039212e-05,-1.9125918340649948e-05
689,1101,0.99996178621744969,-3.8214512715472153e-05,3.8214512715472153e-05,0.99995288183474595,-4.7119275349668549e-05,4.7119275349668549e-05,-8.9047626341963961e-06
690,13160,0.9999518560566486,-4.8145102308190742e-05,4.8145102308190742e-05,0.99994516171213288,-5.483979154103572e-05,5.483979154103572e-05,-6.6946892328449784e-06
691,555,0.9999906751662837,-9.3248771928263981e-06,9.3248771928263981e-06,0.9999902821905523,-9.7178566659654113e-06,9.7178566659654113e-06,-3.929794731390132e-07
692,3892,0.99994155581827759,-5.844588965011203e-05,5.844588965011203e-05,0.99993719217195987,-6.2809800534361715e-05,6.2809800534361715e-05,-4.3639108842496858e-06
693,5199,0.9999325569869566,-6.7445287425706718e-05,6.7445287425706718e-05,0.99992628055317512,-7.3722164236836001e-05,7.3722164236836001e-05,-6.2768768111292825e-06
694,44583,0.99988966110718003,-0.00011034498060341884,0.00011034498060341884,0.99988621498109809,-0.00011379149290822993,0.00011379149290822993,-3.4465123048110888e-06
695,11,0.99994147588168303,-5.8525830919960631e-05,5.8525830919960631e-05,0.99993357807576211,-6.6424130271581675e-05,6.6424130271581675e-05,-7.8982993516210447e-06
696,2737,0.99997576786475351,-2.4232428849431482e-05,2.4232428849431482e-05,0.99997253782381779,-2.7462553274665478e-05,2.7462553274665478e-05,-3.230124425233996e-06
697,14221,0.99976028023213515,-0.0002397485052411301,0.0002397485052411301,0.9997308981440669,-0.00026913807033455544,0.00026913807033455544,-2.938956509342534e-05
698,78149,0.99999156303841608,-8.4369971753118126e-06,8.4369971753118126e-06,0.99999175280055497,-8.2472334533239203e-06,8.2472334533239203e-06,1.8976372198789227e-07
699,2417,0.99925395305525466,-0.0007463253762577893,0.0007463253762577893,0.99914014115708805,-0.00086022873357783822,0.00086022873357783822,-0.00011390335732004893
700,65,0.9999682283350857,-3.1772169644305778e-05,3.1772169644305778e-05,0.99996314600021041,-3.6854678914953136e-05,3.6854678914953136e-05,-5.0825092706473576e-06
701,7835,0.99996280045852426,-3.7200233395840526e-05,3.7200233395840526e-05,0.99996123378567159,-3.8766965757484462e-05,3.8766965757484462e-05,-1.5667323616439362e-06
702,11,0.99978526793420419,-0.0002147551240267821,0.0002147551240267821,0.99973474602329482,-0.00026528916276353397,0.00026528916276353397,-5.0534038736751871e-05
703,902,0.99995686154033903,-4.3139390151117327e-05,4.3139390151117327e-05,0.99994137775063308,-5.8623967718195302e-05,5.8623967718195302e-05,-1.5484577567077975e-05
704,9057,0.99972513863899681,-0.00027489914231035377,0.00027489914231035377,0.9997051292232022,-0.00029491425973340429,0.00029491425973340429,-2.0015117423050522e-05
705,3892,0.99990568475342567,-9.4319694536860888e-05,9.4319694536860888e-05,0.99989623585539622,-0.00010376952847508737,0.00010376952847508737,-9.449833938226482e-06
706,16779,0.99996330494868557,-3.6695724594274651e-05,3.6695724594274651e-05,0.99995703860109009,-4.2962321777249892e-05,4.2962321777249892e-05,-6.2665971829752411e-06
707,323,0.99996330577059622,-3.6694902653500819e-05,3.6694902653500819e-05,0.9999590271067601,-4.0973732651778651e-05,4.0973732651778651e-05,-4.2788299982778321e-06
708,16781,0.99991246933140454,-8.7534499627939735e-05,8.7534499627939735e-05,0.99989954952204085,-0.00010045552344632234,0.00010045552344632234,-1.2921023818382603e-05
709,5674,0.99988558743649003,-0.00011441910912662479,0.00011441910912662479,0.99988042337652272,-0.0001195837733316857,0.0001195837733316857,-5.164664205060913e-06
710,4028,0.9999902916529736,-9.7083941527325396e-06,9.7083941527325396e-06,0.99998831839226265,-1.1681675967812422e-05,1.1681675967812422e-05,-1.9732818150798828e-06
711,279,0.99997017576286129,-2.9824681890149192e-05,2.9824681890149192e-05,0.999963451479148,-3.6549188765474489e-05,3.6549188765474489e-05,-6.7245068753252973e-06
712,26363,0.99966882705938509,-0.00033122779048337225,0.00033122779048337225,0.99963492154033096,-0.00036514511703380587,0.00036514511703380587,-3.391732655043362e-05
713,323,0.99998312633490616,-1.6873807455706335e-05,1.6873807455706335e-05,0.99997958273964271,-2.041746879233213e-05,2.041746879233213e-05,-3.5436613366257955e-06
714,5734,0.99997244281820441,-2.7557561501698223e-05,2.7557561501698223e-05,0.99997055247086797,-2.944796271906943e-05,2.944796271906943e-05,-1.8904012173712065e-06
715,11,0.99993940537041892,-6.0596465509825444e-05,6.0596465509825444e-05,0.99992159538840064,-7.8407685401639182e-05,7.8407685401639182e-05,-1.7811219891813738e-05
716,323,0.9999808546065615,-1.9145576713899876e-05,1.9145576713899876e-05,0.99997545925822429,-2.4541042904652139e-05,2.4541042904652139e-05,-5.3954661907522633e-06
717,14221,0.99989433242269155,-0.00010567316052026586,0.00010567316052026586,0.99988361433102502,-0.00011639244231255771,0.00011639244231255771,-1.0719281792291843e-05
718,78149,0.99999890258097723,-1.0974196249711884e-06,1.0974196249711884e-06,0.99999902525046491,-9.7475001014750136e-07,9.7475001014750136e-07,1.2266961482368703e-07
719,11583,0.99982878988558976,-0.00017122477253493268,0.00017122477253493268,0.99976485973940621,-0.00023516791039931558,0.00023516791039931558,-6.3943137864382895e-05
720,22530,0.99976476620414423,-0.00023526146766479167,0.00023526146766479167,0.99976122102103493,-0.00023880749120435592,0.00023880749120435592,-3.5460235395642556e-06
721,11,0.99995950896124242,-4.04918585417893e-05,4.04918585417893e-05,0.99994716680232221,-5.2834593400339441e-05,5.2834593400339441e-05,-1.2342734858550142e-05
722,902,0.99999409930000727,-5.9007174019478316e-06,5.9007174019478316e-06,0.99999198089318253,-8.019138970648749e-06,8.019138970648749e-06,-2.1184215687009174e-06
723,6244,0.99992692844048059,-7.3074229375888345e-05,7.3074229375888345e-05,0.9999188234325872,-8.1179862408678856e-05,8.1179862408678856e-05,-8.1056330327905116e-06
724,832,0.99997407960721307,-2.5920728726150149e-05,2.5920728726150149e-05,0.99996605273810668,-3.3947838114628472e-05,3.3947838114628472e-05,-8.0271093884783233e-06
725,315,0.9999983975973934,-1.60240389047817e-06,1.60240389047817e-06,0.9999973276750681,-2.6723285025106318e-06,2.6723285025106318e-06,-1.0699246120324617e-06
726,279,0.99994399527832034,-5.6006290002682078e-05,5.6006290002682078e-05,0.9999238703786798,-7.6132519326952382e-05,7.6132519326952382e-05,-2.0126229324270304e-05
727,2853,0.99988146369997943,-0.00011854332600299698,0.00011854332600299698,0.99984510242825086,-0.00015490956961702326,0.00015490956961702326,-3.6366243614026274e-05
728,24013,0.99995907793982508,-4.0922897505229999e-05,4.0922897505229999e-05,0.99995471752059173,-4.5283504690699883e-05,4.5283504690699883e-05,-4.3606071854698843e-06
729,13892,0.9999227722695968,-7.7230712617872038e-05,7.7230712617872038e-05,0.99987810993937054,-0.00012189748982658998,0.00012189748982658998,-4.4666777208717939e-05
730,764,0.9999993984916834,-6.01508497515408e-07,6.01508497515408e-07,0.9999990356186369,-9.6438182811747624e-07,9.6438182811747624e-07,-3.6287333060206824e-07
731,29639,0.99999893527576156,-1.0647248052711346e-06,1.0647248052711346e-06,0.99999818653135786,-1.813470286506678e-06,1.813470286506678e-06,-7.487454812355434e-07
732,304,0.99996798715612567,-3.2013356296349215e-05,3.2013356296349215e-05,0.99995971083577739,-4.0289975852804434e-05,4.0289975852804434e-05,-8.2766195564552183e-06
733,12715,0.99999082082712087,-9.1792150079367084e-06,9.1792150079367084e-06,0.99998912881320356,-1.0871245888245472e-05,1.0871245888245472e-05,-1.6920308803087641e-06
734,3925,0.99995668576435537,-4.3315173733251866e-05,4.3315173733251866e-05,0.99994911689580646,-5.0884398782624716e-05,5.0884398782624716e-05,-7.5692250493728495e-06
735,1306,0.99997479322408134,-2.5207093614832209e-05,2.5207093614832209e-05,0.99996493965075472,-3.5060963873738189e-05,3.5060963873738189e-05,-9.8538702589059798e-06
736,21933,0.99992073915789825,-7.9263983408287681e-05,7.9263983408287681e-05,0.9999090835251192,-9.0920608034040059e-05,9.0920608034040059e-05,-1.1656624625752378e-05
737,4987,0.9999792676199476,-2.0732594971165862e-05,2.0732594971165862e-05,0.99997596884406736,-2.4031444685528544e-05,2.4031444685528544e-05,-3.2988497143626819e-06
738,12126,0.99993963339017633,-6.0368431960814884e-05,6.0368431960814884e-05,0.99991766714725061,-8.233624228478351e-05,8.233624228478351e-05,-2.1967810323968626e-05
739,382,0.95366504176772915,-0.047442778445283482,0.047442778445283482,0.94770765922597855,-0.053709200628781803,0.053709200628781803,-0.0062664221834983214
740,791,0.9823898030293915,-0.017767101295620404,0.017767101295620404,0.98345785241994588,-0.016680496753623677,0.016680496753623677,0.0010866045419967267
741,3280,0.9943621137312002,-0.0056538391381542302,0.0056538391381542302,0.99277381976012091,-0.0072524155440693234,0.0072524155440693234,-0.0015985764059150932
742,574,0.99990084839330351,-9.9156522541999427e-05,9.9156522541999427e-05,0.99989072317788874,-0.00010928279325819679,0.00010928279325819679,-1.0126270716197361e-05
743,1101,0.99985768819208709,-0.00014232193519905572,0.00014232193519905572,0.99981255032312144,-0.00018746724776502667,0.00018746724776502667,-4.5145312565970951e-05
744,28289,0.99647244212080499,-0.003533794382227055,0.003533794382227055,0.99648139083563747,-0.0035248140288595175,0.0035248140288595175,8.9803533675375004e-06
745,369,0.99998891566005454,-1.1084401377192531e-05,1.1084401377192531e-05,0.99998687241273199,-1.3127673435543973e-05,1.3127673435543973e-05,-2.0432720583514421e-06
746,279,0.99993134072438672,-6.8661632769277228e-05,6.8661632769277228e-05,0.99992618535280364,-7.3817371631499217e-05,7.3817371631499217e-05,-5.1557388622219889e-06
747,1396,0.99994088972768724,-5.9112019393706299e-05,5.9112019393706299e-05,0.99993315519292092,-6.6847041292712175e-05,6.6847041292712175e-05,-7.7350218990058763e-06
748,315,0.99998233582073259,-1.7664335280854135e-05,1.7664335280854135e-05,0.99997977648152869,-2.0223722969389185e-05,2.0223722969389185e-05,-2.5593876885350502e-06
749,35148,0.99996989245320755,-3.0108000033723784e-05,3.0108000033723784e-05,0.99996754682712208,-3.2453699493523897e-05,3.2453699493523897e-05,-2.3456994598001133e-06
750,32343,0.9997447507897369,-0.00025528179188713551,0.00025528179188713551,0.99977674992685395,-0.00022327499715319146,0.00022327499715319146,3.2006794733944051e-05
751,3233,0.99996739912793309,-3.2601403486856145e-05,3.2601403486856145e-05,0.99996420035119726,-3.5800289625498283e-05,3.5800289625498283e-05,-3.1988861386421385e-06
752,430,0.99997216698227531,-2.7833405070291565e-05,2.7833405070291565e-05,0.99996477537201978,-3.5225248381992128e-05,3.5225248381992128e-05,-7.3918433117005625e-06
753,11754,0.99951383196504462,-0.00048628625295189933,0.00048628625295189933,0.99949126202283545,-0.00050886742823560906,0.00050886742823560906,-2.2581175283709726e-05
754,279,0.99982748159564705,-0.00017253328736457828,0.00017253328736457828,0.99978256854721015,-0.00021745509443523938,0.00021745509443523938,-4.4921807070661101e-05
755,26363,0.9992987935464015,-0.00070145241382973554,0.00070145241382973554,0.99925315423444261,-0.00074712479379221495,0.00074712479379221495,-4.5672379962479414e-05
756,11,0.99996329267817041,-3.6707995559782575e-05,3.6707995559782575e-05,0.9999525718753941,-4.7429249354937953e-05,4.7429249354937953e-05,-1.0721253795155378e-05
757,6457,0.9999643091338779,-3.5691503056265699e-05,3.5691503056265699e-05,0.99996210477310787,-3.7895944934415696e-05,3.7895944934415696e-05,-2.2044418781499978e-06
758,11,0.99998301105092291,-1.6989093390968518e-05,1.6989093390968518e-05,0.99997861977642011,-2.1380452140179594e-05,2.1380452140179594e-05,-4.3913587492110757e-06
759,5734,0.99997337412384979,-2.6626230625101507e-05,2.6626230625101507e-05,0.99997362310558369,-2.637724229269415e-05,2.637724229269415e-05,2.4898833240735772e-07
760,11,0.99998561126127194,-1.4388842246998428e-05,1.4388842246998428e-05,0.99998365323190519,-1.634690170472981e-05,1.634690170472981e-05,-1.9580594577313822e-06
761,279,0.99991364810951777,-8.6355619021321882e-05,8.6355619021321882e-05,0.99989871899968874,-0.00010128612957813119,0.00010128612957813119,-1.4930510556809308e-05
762,16526,0.99970951330784785,-0.00029052889158378507,0.00029052889158378507,0.99970629617414297,-0.00029374696527268633,0.00029374696527268633,-3.2180736889012625e-06
763,50714,0.99970282419018119,-0.00029721997529988902,0.00029721997529988902,0.99966787709712635,-0.0003321780678996363,0.0003321780678996363,-3.4958092599747287e-05
764,11,0.99997423854604195,-2.5761785789961487e-05,2.5761785789961487e-05,0.99996798840012602,-3.2012112256224814e-05,3.2012112256224814e-05,-6.2503264662633275e-06
765,2314,0.99995736518584188,-4.2635723047664982e-05,4.2635723047664982e-05,0.99995425473334687,-4.5746312999701805e-05,4.5746312999701805e-05,-3.1105899520368234e-06
766,5059,0.99997519455885886,-2.4805748801133696e-05,2.4805748801133696e-05,0.99997676164146598,-2.3238628548903237e-05,2.3238628548903237e-05,1.567120252230459e-06
767,2259,0.99997717393583352,-2.2826324685048841e-05,2.2826324685048841e-05,0.9999775932079541,-2.2407043081842141e-05,2.2407043081842141e-05,4.1928160320669957e-07
768,11,0.99995557942834123,-4.4421558281612604e-05,4.4421558281612604e-05,0.99994958534458245,-5.0415926278958853e-05,5.0415926278958853e-05,-5.9943679973462497e-06
769,323,0.9999352270946702,-6.4775003185025068e-05,6.4775003185025068e-05,0.99992855912406842,-7.1443427952532082e-05,7.1443427952532082e-05,-6.6684247675070137e-06
770,5370,0.9998545338616226,-0.00014547671960225136,0.00014547671960225136,0.99986518426356541,-0.00013482482489283418,0.00013482482489283418,1.065189470941718e-05
771,30100,0.99967008398331325,-0.00032997045094861923,0.00032997045094861923,0.99959853066947746,-0.00040154994091003648,0.00040154994091003648,-7.157948996141725e-05
772,304,0.99998983755361925,-1.0162498018775453e-05,1.0162498018775453e-05,0.99998868521571871,-1.1314848293965851e-05,1.1314848293965851e-05,-1.1523502751903972e-06
773,279,0.99998024398783214,-1.9756207320385769e-05,1.9756207320385769e-05,0.99997862116997505,-2.1379058555417327e-05,2.1379058555417327e-05,-1.6228512350315583e-06
774,19001,0.99994117590135656,-5.8825828848567959e-05,5.8825828848567959e-05,0.99993884620953433,-6.1155660435004028e-05,6.1155660435004028e-05,-2.3298315864360688e-06
775,16867,0.99995344167699352,-4.65594068788796e-05,4.65594068788796e-05,0.99995105150246566,-4.8949695551118419e-05,4.8949695551118419e-05,-2.3902886722388186e-06
776,13,0.9998068029114543,-0.00019321575350730852,0.00019321575350730852,0.99982102506762927,-0.00017899095029513674,0.00017899095029513674,1.4224803212171787e-05
777,578,0.99784658277194316,-0.002155739164934032,0.002155739164934032,0.99812282767449045,-0.0018789364214999063,0.0018789364214999063,0.00027680274343412571
778,3280,0.99998471128804589,-1.5288828827612869e-05,1.5288828827612869e-05,0.99998420369485663,-1.5796429906288248e-05,1.5796429906288248e-05,-5.0760107867537909e-07
779,574,0.99992817247781673,-7.1830101903280066e-05,7.1830101903280066e-05,0.99993211049340758,-6.7891811189306906e-05,6.7891811189306906e-05,3.9382907139731601e-06
780,1101,0.99996255868407302,-3.7442016870508501e-05,3.7442016870508501e-05,0.99996275686809744,-3.7243825445231355e-05,3.7243825445231355e-05,1.9819142527714641e-07
781,13160,0.99994606443372969,-5.3937020845264373e-05,5.3937020845264373e-05,0.99993949449964481,-6.0507330886783368e-05,6.0507330886783368e-05,-6.5703100415189948e-06
782,555,0.99998863201881683,-1.1368045799210692e-05,1.1368045799210692e-05,0.99998847104692579,-1.152901953315543e-05,1.152901953315543e-05,-1.6097373394473834e-07
783,3892,0.99993810872818667,-6.1893187157097801e-05,6.1893187157097801e-05,0.99992719855616952,-7.2804093984206461e-05,7.2804093984206461e-05,-1.0910906827108659e-05
784,5199,0.99993301343882979,-6.6988804870047878e-05,6.6988804870047878e-05,0.99992314110591285,-7.6861847883266779e-05,7.6861847883266779e-05,-9.8730430132189007e-06
785,44583,0.99988725769941011,-0.00011274865648080612,0.00011274865648080612,0.99987151449667122,-0.00012849375829818261,0.00012849375829818261,-1.574510181737649e-05
786,11,0.99994802370412361,-5.1977646690877546e-05,5.1977646690877546e-05,0.99993974524356199,-6.0256571828711444e-05,6.0256571828711444e-05,-8.2789251378338985e-06
787,2737,0.99997679188906252,-2.3208380249857082e-05,2.3208380249857082e-05,0.99997487359873327,-2.5126716939992101e-05,2.5126716939992101e-05,-1.9183366901350186e-06
788,14221,0.99981944129467248,-0.00018057500801297826,0.00018057500801297826,0.99978735574201205,-0.00021266686998377905,0.00021266686998377905,-3.2091861970800795e-05
789,78149,0.99999185586445039,-8.1441687132817979e-06,8.1441687132817979e-06,0.99999066750097887,-9.3325425691500321e-06,9.3325425691500321e-06,-1.1883738558682342e-06
790,2417,0.99961105448373211,-0.00038902117519397665,0.00038902117519397665,0.99951146598073737,-0.00048865339088626446,0.00048865339088626446,-9.9632215692287813e-05
791,65,0.99996580705692428,-3.4193527667681213e-05,3.4193527667681213e-05,0.99994264674252964,-5.7354902231336266e-05,5.7354902231336266e-05,-2.3161374563655053e-05
792,7835,0.99995969077727609,-4.0310035162409001e-05,4.0310035162409001e-05,0.99995238556204824,-4.7615571555055296e-05,4.7615571555055296e-05,-7.3055363926462951e-06
793,11,0.99980734938513582,-0.00019266917437754977,0.00019266917437754977,0.99976236321631906,-0.00023766502377547326,0.00023766502377547326,-4.4995849397923483e-05
794,902,0.99996856091104813,-3.143958317042848e-05,3.143958317042848e-05,0.99995825007319206,-4.175079836042858e-05,4.175079836042858e-05,-1.03112151900001e-05
795,9057,0.99974559205445102,-0.00025444031274015965,0.00025444031274015965,0.99972263630811176,-0.00027740216431108904,0.00027740216431108904,-2.2961851570929386e-05
796,3892,0.99991595224132412,-8.4051290886714901e-05,8.4051290886714901e-05,0.99990169332689283,-9.8311505524867519e-05,9.8311505524867519e-05,-1.4260214638152618e-05
797,16779,0.99996496436561721,-3.5036248145012284e-05,3.5036248145012284e-05,0.9999563474055847,-4.365354721755039e-05,4.365354721755039e-05,-8.6172990725381061e-06
798,323,0.99996676412189556,-3.3236430428421975e-05,3.3236430428421975e-05,0.99995898185926857,-4.101898199835689e-05,4.101898199835689e-05,-7.7825515699349158e-06
799,16781,0.99991641502478901,-8.3588468629671798e-05,8.3588468629671798e-05,0.99991635091976194,-8.3652579017435728e-05,8.3652579017435728e-05,-6.4110387763930158e-08
800,5674,0.99988735917468352,-0.00011264716977068261,0.00011264716977068261,0.9998770040488647,-0.00012300351575758774,0.00012300351575758774,-1.0356345986905122e-05
801,4028,0.99999093107853876,-9.0689625841749374e-06,9.0689625841749374e-06,0.99999031875376554,-9.681293098061842e-06,9.681293098061842e-06,-6.1233051388690457e-07
802,279,0.9999721336805204,-2.7866707752666929e-05,2.7866707752666929e-05,0.99995649794631181,-4.3502999930007113e-05,4.3502999930007113e-05,-1.5636292177340184e-05
803,26363,0.99968932304753988,-0.0003107252225424269,0.0003107252225424269,0.99956479178794544,-0.00043530294263451497,0.00043530294263451497,-0.00012457772009208807
804,323,0.99998449510950882,-1.5505010693243045e-05,1.5505010693243045e-05,0.99998182391511159,-1.8176250075436094e-05,1.8176250075436094e-05,-2.6712393821930488e-06
805,5734,0.99997299771270498,-2.7002651863324255e-05,2.7002651863324255e-05,0.99997098584145216,-2.901457946666887e-05,2.901457946666887e-05,-2.011927603344615e-06
806,11,0.99995208222888876,-4.791891920425851e-05,4.791891920425851e-05,0.99994499227329647,-5.5009239683995085e-05,5.5009239683995085e-05,-7.0903204797365747e-06
807,323,0.99998157557037237,-1.8424599359554766e-05,1.8424599359554766e-05,0.99997248890194579,-2.7511476491406984e-05,2.7511476491406984e-05,-9.086877131852218e-06
808,14221,0.999901807530168,-9.8197291028167882e-05,9.8197291028167882e-05,0.99988030050269605,-0.00011970666186048347,0.00011970666186048347,-2.1509370832315593e-05
809,78149,0.99999852345591178,-1.4765451782707636e-06,1.4765451782707636e-06,0.99999842005393003,-1.5799473180819416e-06,1.5799473180819416e-06,-1.0340213981117801e-07
810,11583,0.99985997891993073,-0.00014003088393587743,0.00014003088393587743,0.99973326685873809,-0.00026676872087325374,0.00026676872087325374,-0.00012673783693737631
811,22530,0.99968987430880563,-0.00031017379011128338,0.00031017379011128338,0.99962981720146549,-0.00037025133310069372,0.00037025133310069372,-6.007754298941034e-05
812,11,0.99996186481733396,-3.8135909830632763e-05,3.8135909830632763e-05,0.99995237331705211,-4.7627817134414654e-05,4.7627817134414654e-05,-9.4919073037818907e-06
813,902,0.99999469802780205,-5.3019862534614409e-06,5.3019862534614409e-06,0.99999223153583028,-7.7684943443946132e-06,7.7684943443946132e-06,-2.4665080909331723e-06
814,6244,0.99993155926693023,-6.8443075243664769e-05,6.8443075243664769e-05,0.99991823848661721,-8.1764856037560375e-05,8.1764856037560375e-05,-1.3321780793895606e-05
815,832,0.9999776679965251,-2.2332252837788262e-05,2.2332252837788262e-05,0.99996763154507828,-3.2368978791444798e-05,3.2368978791444798e-05,-1.0036725953656537e-05
816,315,0.99999454820657219,-5.4518082889039659e-06,5.4518082889039659e-06,0.99999371561188832,-6.2844078584861535e-06,6.2844078584861535e-06,-8.3259956958218766e-07
817,279,0.99993761208672338,-6.2389859483407813e-05,6.2389859483407813e-05,0.99991773328258926,-8.2270101502773671e-05,8.2270101502773671e-05,-1.9880242019365858e-05
818,2853,0.99990370943647011,-9.6295199763870863e-05,9.6295199763870863e-05,0.99985273958768439,-0.00014727125619474143,0.00014727125619474143,-5.0976056430870564e-05
819,24013,0.9999582604569498,-4.1740414169216288e-05,4.1740414169216288e-05,0.99994572168147589,-5.4279791645332661e-05,5.4279791645332661e-05,-1.2539377476116374e-05
820,13892,0.99992577299959495,-7.4229755365219914e-05,7.4229755365219914e-05,0.99981655298275818,-0.00018346384570405694,0.00018346384570405694,-0.00010923409033883703
821,764,0.99999920221703087,-7.9778328739248886e-07,7.9778328739248886e-07,0.99999871708764621,-1.2829131767671353e-06,1.2829131767671353e-06,-4.851298893746464e-07
822,29639,0.99999758040904507,-2.4195938821358015e-06,2.4195938821358015e-06,0.99999739524287867,-2.6047605137305746e-06,2.6047605137305746e-06,-1.8516663159477311e-07
823,304,0.99997049320188069,-2.9507233453474336e-05,2.9507233453474336e-05,0.99995448758091365,-4.5513454807896181e-05,4.5513454807896181e-05,-1.6006221354421845e-05
824,12715,0.99998997701298775,-1.0023037242748465e-05,1.0023037242748465e-05,0.99998812001881643,-1.1880051751135713e-05,1.1880051751135713e-05,-1.8570145083872481e-06
825,3925,0.99996079357191558,-3.9207196676487256e-05,3.9207196676487256e-05,0.99995562159704354,-4.4379387706957593e-05,4.4379387706957593e-05,-5.1721910304703363e-06
826,1306,0.99997784517926624,-2.2155066155383211e-05,2.2155066155383211e-05,0.99996747406253594,-3.2526466443855349e-05,3.2526466443855349e-05,-1.0371400288472138e-05
827,21933,0.99991280788964354,-8.7195911809462618e-05,8.7195911809462618e-05,0.99987928069937215,-0.0001207265877891331,0.0001207265877891331,-3.3530675979670486e-05
828,4987,0.99998116781051127,-1.8832366816674212e-05,1.8832366816674212e-05,0.99996787075735283,-3.2129758802394098e-05,3.2129758802394098e-05,-1.3297391985719886e-05
829,12126,0.99993172821682719,-6.8274113797098701e-05,6.8274113797098701e-05,0.99996449803324849,-3.5502596961275341e-05,3.5502596961275341e-05,3.2771516835823361e-05
830,382,0.96681751163253782,-0.033745517333254094,0.033745517333254094,0.9509248844697149,-0.050320205392554156,0.050320205392554156,-0.016574688059300062
831,791,0.99429014082905331,-0.0057262227356518402,0.0057262227356518402,0.9952442001627132,-0.0047671446366878032,0.0047671446366878032,0.00095907809896403698
832,3280,0.99864499952554842,-0.0013559193177102875,0.0013559193177102875,0.99854714003809475,-0.0014539163862881345,0.0014539163862881345,-9.7997068577847018e-05
833,574,0.9998816185332402,-0.00011838847439874295,0.00011838847439874295,0.99985853636297672,-0.00014147364394730057,0.00014147364394730057,-2.3085169548557621e-05
834,1101,0.99990162318466436,-9.8381654651923185e-05,9.8381654651923185e-05,0.99988284237946423,-0.00011716448402588489,0.00011716448402588489,-1.8782829373961704e-05
835,28289,0.99767050807979951,-0.002332209407567174,0.002332209407567174,0.99750839954359416,-0.0024947096584896316,0.0024947096584896316,-0.00016250025092245761
836,369,0.99998630733115412,-1.3692762591375456e-05,1.3692762591375456e-05,0.99998501705833098,-1.4983053914373898e-05,1.4983053914373898e-05,-1.2902913229984424e-06
837,279,0.99990810682805098,-9.1897394385272125e-05,9.1897394385272125e-05,0.99989316989185983,-0.00010683581488264163,0.00010683581488264163,-1.4938420497369507e-05
838,1396,0.99993462665603972,-6.537548089048858e-05,6.537548089048858e-05,0.9999181054277464,-8.1897925797220629e-05,8.1897925797220629e-05,-1.652244490673205e-05
839,315,0.99998167907388724,-1.832109394298936e-05,1.832109394298936e-05,0.99997519494293596,-2.4805364714573027e-05,2.4805364714573027e-05,-6.4842707715836665e-06
840,35148,0.99996370093153697,-3.6299727290153028e-05,3.6299727290153028e-05,0.9999464746951795,-5.3526737350727244e-05,5.3526737350727244e-05,-1.7227010060574216e-05
841,32343,0.99974127298166737,-0.00025876049394180686,0.00025876049394180686,0.99977111680848263,-0.00022890938927261638,0.00022890938927261638,2.9851104669190479e-05
842,3233,0.99996057111889747,-3.9429658441258878e-05,3.9429658441258878e-05,0.99994561816023375,-5.4383318512095121e-05,5.4383318512095121e-05,-1.4953660070836243e-05
843,430,0.99997217400347094,-2.7826383679275448e-05,2.7826383679275448e-05,0.99996764399113824,-3.2356532328714895e-05,3.2356532328714895e-05,-4.5301486494394464e-06
844,11754,0.99951611761485193,-0.00048399949400885649,0.00048399949400885649,0.99946333315024172,-0.000536810906954902,0.000536810906954902,-5.2811412946045515e-05
845,279,0.99981273458561903,-0.00018728295073803345,0.00018728295073803345,0.9997283562197613,-0.00027168068209327764,0.00027168068209327764,-8.4397731355244186e-05
846,26363,0.99929084003506363,-0.00070941153780828604,0.00070941153780828604,0.99884177353326331,-0.0011588977293769977,0.0011588977293769977,-0.00044948619156871166
847,11,0.99995259619234544,-4.7404931250562357e-05,4.7404931250562357e-05,0.99990891678187677,-9.1087366451492391e-05,9.1087366451492391e-05,-4.3682435200930035e-05
848,6457,0.99996124715232171,-3.8753598589318479e-05,3.8753598589318479e-05,0.99995173182022656,-4.8269344719565875e-05,4.8269344719565875e-05,-9.5157461302473959e-06
849,11,0.99997643261732638,-2.3567660388714518e-05,2.3567660388714518e-05,0.99995923025315692,-4.0770577951787276e-05,4.0770577951787276e-05,-1.7202917563072759e-05
850,5734,0.99997068164190051,-2.9318787890919851e-05,2.9318787890919851e-05,0.9999619284897473,-3.8072234991045073e-05,3.8072234991045073e-05,-8.7534471001252221e-06
851,11,0.99998060946191691,-1.9390726081972906e-05,1.9390726081972906e-05,0.9999681163919375,-3.188411635557718e-05,3.188411635557718e-05,-1.2493390273604274e-05
852,279,0.99989529863867022,-0.00010470684289995658,0.00010470684289995658,0.99983999674977164,-0.00016001605211400183,0.00016001605211400183,-5.5309209214045253e-05
853,16526,0.99967113600843749,-0.00032891807918366541,0.00032891807918366541,0.99943189182166414,-0.00056826961293144392,0.00056826961293144392,-0.00023935153374777851
854,50714,0.99967534077532894,-0.00032471193788671099,0.00032471193788671099,0.99943731096395272,-0.0005628474049339747,0.0005628474049339747,-0.00023813546704726371
855,11,0.99996343090566087,-3.6569763004765667e-05,3.6569763004765667e-05,0.99991888292083653,-8.1120369331697626e-05,8.1120369331697626e-05,-4.4550606326931959e-05
856,2314,0.99995198121339191,-4.8019939546913152e-05,4.8019939546913152e-05,0.99994656308680285,-5.3438340999835505e-05,5.3438340999835505e-05,-5.4184014529223522e-06
857,5059,0.99997531101644499,-2.4689288332979932e-05,2.4689288332979932e-05,0.99996660417110428,-3.339638654881145e-05,3.339638654881145e-05,-8.7070982158315179e-06
858,2259,0.99998929851209617,-1.0701545165149279e-05,1.0701545165149279e-05,0.99998126063607773,-1.8739539506318843e-05,1.8739539506318843e-05,-8.0379943411695638e-06
859,11,0.99994002810982074,-5.9973688564910069e-05,5.9973688564910069e-05,0.99989524534278984,-0.0001047601443624383,0.0001047601443624383,-4.4786455797528228e-05
860,323,0.99993670062040119,-6.3301383089111021e-05,6.3301383089111021e-05,0.99987771988270435,-0.00012228759411873677,0.00012228759411873677,-5.8986211029625748e-05
861,5370,0.99983485445478759,-0.0001651591832394975,0.0001651591832394975,0.99980460469457111,-0.000195414397578687,0.000195414397578687,-3.0255214339189491e-05
862,30100,0.99976865175033736,-0.00023137501479706071,0.00023137501479706071,0.9996735052785265,-0.00032654803247926176,0.00032654803247926176,-9.5173017682201045e-05
863,304,0.9999865622804277,-1.3437809859301693e-05,1.3437809859301693e-05,0.99997646931544559,-2.3530961405355114e-05,2.3530961405355114e-05,-1.0093151546053421e-05
864,279,0.99997439935790788,-2.560096979410794e-05,2.560096979410794e-05,0.99996237772121943,-3.7622986516195312e-05,3.7622986516195312e-05,-1.2022016722087373e-05
865,19001,0.99995270598818986,-4.7295130207225136e-05,4.7295130207225136e-05,0.99993687576449375,-6.312622792461468e-05,6.312622792461468e-05,-1.5831097717389544e-05
866,16867,0.99994634658457937,-5.3654854816659072e-05,5.3654854816659072e-05,0.99993741728022401,-6.2584678156129853e-05,6.2584678156129853e-05,-8.9298233394707814e-06
867,13,0.99978556187359768,-0.00021446112154476825,0.00021446112154476825,0.99971763714716311,-0.00028240272473294858,0.00028240272473294858,-6.7941603188180331e-05
868,578,0.99807228191266761,-0.0019295785271646879,0.0019295785271646879,0.99716842879470124,-0.0028355876868048301,0.0028355876868048301,-0.00090600915964014219
869,3280,0.99998460586703375,-1.5394251457142823e-05,1.5394251457142823e-05,0.99997902258752447,-2.0977632504558653e-05,2.0977632504558653e-05,-5.5833810474158298e-06
870,574,0.99993164093957487,-6.8361397012231553e-05,6.8361397012231553e-05,0.99991058388964305,-8.9420108215695147e-05,8.9420108215695147e-05,-2.1058711203463594e-05
871,1101,0.99996234603271639,-3.7654676211989766e-05,3.7654676211989766e-05,0.99994809835196241,-5.1902994974705327e-05,5.1902994974705327e-05,-1.424831876271556e-05
872,13160,0.99994532943141079,-5.4672063079197384e-05,5.4672063079197384e-05,0.99993065859550279,-6.9343808723504305e-05,6.9343808723504305e-05,-1.4671745644306921e-05
873,555,0.99998949503033274,-1.0505024844793473e-05,1.0505024844793473e-05,0.99998708837354999,-1.2911709805723108e-05,1.2911709805723108e-05,-2.4066849609296354e-06
874,3892,0.9999348331958523,-6.5168927596100622e-05,6.5168927596100622e-05,0.99990607724740654,-9.3927163611414737e-05,9.3927163611414737e-05,-2.8758236015314115e-05
875,5199,0.99992414319574785,-7.5859681525029099e-05,7.5859681525029099e-05,0.99989879040560559,-0.00010121471643105253,0.00010121471643105253,-2.5355034906023429e-05
876,44583,0.99987416720313749,-0.00012584071447315143,0.00012584071447315143,0.99985774592286636,-0.00014226419620448578,0.00014226419620448578,-1.642348173133435e-05
877,11,0.99993803373811851,-6.1968181869649237e-05,6.1968181869649237e-05,0.99990421343588964,-9.5791151936244041e-05,9.5791151936244041e-05,-3.3822970066594804e-05
878,2737,0.99997589236237139,-2.410792822238066e-05,2.410792822238066e-05,0.99996628389562559,-3.3716672774991432e-05,3.3716672774991432e-05,-9.6087445526107716e-06
879,14221,0.99982609665702471,-0.00017391846591493143,0.00017391846591493143,0.9997351508576281,-0.00026488422109986417,0.00026488422109986417,-9.0965755184932743e-05
880,78149,0.99998988276162259,-1.0117289557023757e-05,1.0117289557023757e-05,0.99998590831419565,-1.4091785093057627e-05,1.4091785093057627e-05,-3.9744955360338692e-06
881,2417,0.999673799864506,-0.0003262533503310202,0.0003262533503310202,0.99946112968221379,-0.00053901556057630228,0.00053901556057630228,-0.00021276221024528209
882,65,0.99996907034680593,-3.0930131525691553e-05,3.0930131525691553e-05,0.99994513904369597,-5.486246122134904e-05,5.486246122134904e-05,-2.3932329695657488e-05
883,7835,0.99998149620642518,-1.8503964772074495e-05,1.8503964772074495e-05,0.99997862272375404,-2.1377504743138801e-05,2.1377504743138801e-05,-2.8735399710643058e-06
884,11,0.99979736217099657,-0.00020265836282231764,0.00020265836282231764,0.99969861013398964,-0.00030143529306376728,0.00030143529306376728,-9.8776930241449643e-05
885,902,0.99996933375009212,-3.0666720126935941e-05,3.0666720126935941e-05,0.9999455192561777,-5.4482227951920717e-05,5.4482227951920717e-05,-2.3815507824984776e-05
886,9057,0.99972878689925859,-0.00027124988566556757,0.00027124988566556757,0.99966875567898805,-0.00033129919453009588,0.00033129919453009588,-6.0049308864528307e-05
887,3892,0.99989938552597357,-0.00010061953600219976,0.00010061953600219976,0.99986108500942972,-0.00013892464015123555,0.00013892464015123555,-3.8305104149035797e-05
888,16779,0.99995709015061984,-4.2910770034091965e-05,4.2910770034091965e-05,0.99993826677996123,-6.1735125612470435e-05,6.1735125612470435e-05,-1.882435557837847e-05
889,323,0.99996274188857315,-3.7258805527477018e-05,3.7258805527477018e-05,0.99993575853052874,-6.4243533042855652e-05,6.4243533042855652e-05,-2.6984727515378633e-05
890,16781,0.99990123375505591,-9.8771122650821174e-05,9.8771122650821174e-05,0.99989428760242316,-0.00010571798552612786,0.00010571798552612786,-6.9468628753066857e-06
891,5674,0.9998783945644657,-0.00012161283007478255,0.00012161283007478255,0.99985596354802175,-0.00014404682622413414,0.00014404682622413414,-2.2433996149351585e-05
892,4028,0.99999049435233656,-9.5056928423676737e-06,9.5056928423676737e-06,0.99998860038748794,-1.139967748809803e-05,1.139967748809803e-05,-1.8939846457303568e-06
893,279,0.99996412754052177,-3.5873102910267114e-05,3.5873102910267114e-05,0.99992978712911951,-7.0215335919461428e-05,7.0215335919461428e-05,-3.4342233009194314e-05
894,26363,0.9995664418289617,-0.00043365218455663411,0.00043365218455663411,0.99921899600668784,-0.00078130913581965814,0.00078130913581965814,-0.00034765695126302403
895,323,0.99998172049996814,-1.8279667103992664e-05,1.8279667103992664e-05,0.99996411637309057,-3.588427074213376e-05,3.588427074213376e-05,-1.7604603638141096e-05
896,5734,0.99997095223666554,-2.904818522887001e-05,2.904818522887001e-05,0.99995276139209655,-4.7239723681605045e-05,4.7239723681605045e-05,-1.8191538452735035e-05
897,11,0.99994352099585238,-5.6480599146661613e-05,5.6480599146661613e-05,0.99990190316073801,-9.8101651071638959e-05,9.8101651071638959e-05,-4.1621051924977346e-05
898,323,0.99997642101910622,-2.3579258882352593e-05,2.3579258882352593e-05,0.99995102092181609,-4.8980277698133147e-05,4.8980277698133147e-05,-2.5401018815780554e-05
899,14221,0.99989576443727402,-0.00010424099562978535,0.00010424099562978535,0.99984966033047951,-0.00015035097166143748,0.00015035097166143748,-4.6109976031652122e-05
900,78149,0.99999866062824938,-1.3393726475577962e-06,1.3393726475577962e-06,0.99999839240534505,-1.6075959471450721e-06,1.6075959471450721e-06,-2.6822329958727585e-07
901,11583,0.99986120274600587,-0.00013880688722433737,0.00013880688722433737,0.99963545899273598,-0.00036460746848940832,0.00036460746848940832,-0.00022580058126507095
902,22530,0.99959702298336761,-0.00040305823369013666,0.00040305823369013666,0.99949252493606322,-0.0005076038729871546,0.0005076038729871546,-0.00010454563929701793
903,11,0.99995108011747047,-4.892107914604884e-05,4.892107914604884e-05,0.99991389204470171,-8.6111662801065865e-05,8.6111662801065865e-05,-3.7190583655017025e-05
904,902,0.9999940014985077,-5.9985194833624275e-06,5.9985194833624275e-06,0.99998557801665566,-1.4422087342155401e-05,1.4422087342155401e-05,-8.4235678587929747e-06
905,6244,0.99992535339876065,-7.464938743559631e-05,7.464938743559631e-05,0.999911155181895,-8.8848765039618909e-05,8.8848765039618909e-05,-1.4199377604022598e-05
906,832,0.99997199661446934,-2.800377763280515e-05,2.800377763280515e-05,0.99994457264235714,-5.5428893795593017e-05,5.5428893795593017e-05,-2.7425116162787867e-05
907,315,0.99999509868560255,-4.9013264089400144e-06,4.9013264089400144e-06,0.99999026721384343,-9.7328335203941963e-06,9.7328335203941963e-06,-4.8315071114541819e-06
908,279,0.99991501917479308,-8.4984436281791101e-05,8.4984436281791101e-05,0.9998503165727366,-0.00014969463094566843,0.00014969463094566843,-6.4710194663877325e-05
909,2853,0.99987441625534346,-0.00012559163095529608,0.00012559163095529608,0.99978161748403838,-0.00021840636489546929,0.00021840636489546929,-9.2814733940173213e-05
910,24013,0.99995319616492606,-4.6804930407602979e-05,4.6804930407602979e-05,0.99993644705989393,-6.3554959679782766e-05,6.3554959679782766e-05,-1.6750029272179787e-05
911,13892,0.99992108300440152,-7.8920109708390738e-05,7.8920109708390738e-05,0.99979395829155926,-0.0002060629379496862,0.0002060629379496862,-0.00012714282824129546
912,764,0.99999880564668497,-1.1943540283105501e-06,1.1943540283105501e-06,0.9999974493118583,-2.5506913947022266e-06,2.5506913947022266e-06,-1.3563373663916766e-06
913,29639,0.9999992703642907,-7.2963597546317575e-07,7.2963597546317575e-07,0.99999802558534945,-1.9744165997161836e-06,1.9744165997161836e-06,-1.2447806242530078e-06
914,304,0.99996341455883897,-3.6586110424628187e-05,3.6586110424628187e-05,0.99991909483161268,-8.0908441387039635e-05,8.0908441387039635e-05,-4.4322330962411448e-05
915,12715,0.99998890381908745,-1.1096242475644699e-05,1.1096242475644699e-05,0.99998392863921925,-1.6071489926490482e-05,1.6071489926490482e-05,-4.9752474508457829e-06
916,3925,0.99995973174873776,-4.0269062050092437e-05,4.0269062050092437e-05,0.99994057972639838,-5.9422039056016716e-05,5.9422039056016716e-05,-1.9152977005924279e-05
917,1306,0.99997758987162233,-2.2410379488390186e-05,2.2410379488390186e-05,0.99995206829498573,-4.7932853775156558e-05,4.7932853775156558e-05,-2.5522474286766373e-05
918,21933,0.99989952463492526,-0.0001004804130623998,0.0001004804130623998,0.99986524194599302,-0.00013476713468937236,0.00013476713468937236,-3.4286721626972563e-05
919,4987,0.9999795000094327,-2.0500200695024463e-05,2.0500200695024463e-05,0.99996452702774474,-3.5473601436020877e-05,3.5473601436020877e-05,-1.4973400740996414e-05
920,12126,0.99996550917430549,-3.4491420516666125e-05,3.4491420516666125e-05,0.99989265193974652,-0.00010735382246885601,0.00010735382246885601,-7.2862401952189884e-05
921,382,0.97177480189905896,-0.028631186653914741,0.028631186653914741,0.95322093769042004,-0.047908568314339678,0.047908568314339678,-0.019277381660424937
922,791,0.99641830396865083,-0.003588125661825464,0.003588125661825464,0.99618265329370626,-0.0038246513697794658,0.0038246513697794658,-0.00023652570795400186
923,3280,0.99939321212183319,-0.00060697204843664727,0.00060697204843664727,0.99913485895625487,-0.00086551549424184761,0.00086551549424184761,-0.00025854344580520034
924,574,0.99984526943139052,-0.00015474254061885475,0.00015474254061885475,0.99976552281762943,-0.00023450467644296795,0.00023450467644296795,-7.97621358241132e-05
925,1101,0.99991048103576652,-8.9522971295101749e-05,8.9522971295101749e-05,0.9998691183148205,-0.00013089025093468242,0.00013089025093468242,-4.1367279639580669e-05
926,28289,0.99797216518859155,-0.0020298936522165022,0.0020298936522165022,0.99753597990872334,-0.0024670607846951952,0.0024670607846951952,-0.00043716713247869297
927,369,0.99998350777925571,-1.649235674249636e-05,1.649235674249636e-05,0.99997593825580677,-2.40620336815907e-05,2.40620336815907e-05,-7.56967693909434e-06
928,279,0.99990005481009803,-9.9950184755297368e-05,9.9950184755297368e-05,0.99985608130182047,-0.00014392905546911877,0.00014392905546911877,-4.3978870713821402e-05
929,1396,0.99994115744411416,-5.8844287176980636e-05,5.8844287176980636e-05,0.99992439768911012,-7.5605168888626424e-05,7.5605168888626424e-05,-1.6760881711645788e-05
930,315,0.99997782232587529,-2.2177920052933787e-05,2.2177920052933787e-05,0.99996063137934832,-3.9369395616135035e-05,3.9369395616135035e-05,-1.7191475563201247e-05
931,35148,0.99995632583342453,-4.3675120319661438e-05,4.3675120319661438e-05,0.9999367898068714,-6.3212190977002079e-05,6.3212190977002079e-05,-1.9537070657340641e-05
932,32343,0.99973868676993094,-0.00026134737832025993,0.00026134737832025993,0.99971665868555548,-0.00028338146317874783,0.00028338146317874783,-2.2034084858487898e-05
933,3233,0.99993514927552307,-6.4852827376049856e-05,6.4852827376049856e-05,0.9999203690679741,-7.9634102736933209e-05,7.9634102736933209e-05,-1.4781275360883353e-05
934,430,0.99996952774223358,-3.0472722055075113e-05,3.0472722055075113e-05,0.99994553165089184,-5.4469832562571493e-05,5.4469832562571493e-05,-2.399711050749638e-05
935,11754,0.99950341539607668,-0.00049670794289161406,0.00049670794289161406,0.99946077045143444,-0.00053937498510333649,0.00053937498510333649,-4.2667042211722429e-05
936,279,0.9997957964625428,-0.00020422438983840521,0.00020422438983840521,0.99962892903651202,-0.00037113982735407385,0.00037113982735407385,-0.00016691543751566864
937,26363,0.99911430748399643,-0.00088608497336814117,0.00088608497336814117,0.99872880299531785,-0.0012720056609748255,0.0012720056609748255,-0.00038592068760668436
938,11,0.99994405761061178,-5.5943954222064323e-05,5.5943954222064323e-05,0.99988625551778298,-0.00011375095161118446,0.00011375095161118446,-5.7806997389120142e-05
939,6457,0.999959850148744,-4.0150657282822652e-05,4.0150657282822652e-05,0.99995104738528406,-4.895381293427799e-05,4.895381293427799e-05,-8.8031556514553378e-06
940,11,0.99996763988879611,-3.2360634803549457e-05,3.2360634803549457e-05,0.99993860471728957,-6.1397167477946559e-05,6.1397167477946559e-05,-2.9036532674397102e-05
941,5734,0.99996629835804884,-3.3702209864279448e-05,3.3702209864279448e-05,0.99995616348367544,-4.3837477172761042e-05,4.3837477172761042e-05,-1.0135267308481594e-05
942,11,0.99997576697510737,-2.4233318517083209e-05,2.4233318517083209e-05,0.99994930724950937,-5.0694035411500066e-05,5.0694035411500066e-05,-2.6460716894416857e-05
943,279,0.99989178271129397,-0.00010822314461930715,0.00010822314461930715,0.99979363514128661,-0.00020638615487078655,0.00020638615487078655,-9.8163010251479395e-05
944,16526,0.99961375971917377,-0.00038631489081565238,0.00038631489081565238,0.99936001855573575,-0.00064018631980448698,0.00064018631980448698,-0.0002538714289888346
945,50714,0.9995843556915387,-0.00041573071249993926,0.00041573071249993926,0.99931258021825675,-0.0006876561630564243,0.0006876561630564243,-0.00027192545055648503
946,11,0.99995525162972332,-4.4749371514892656e-05,4.4749371514892656e-05,0.99990371138184386,-9.629325420277494e-05,9.629325420277494e-05,-5.1543882687882284e-05
947,2314,0.99995274489854369,-4.7256218013761838e-05,4.7256218013761838e-05,0.99992558840268198,-7.4414365998316516e-05,7.4414365998316516e-05,-2.7158147984554677e-05
948,5059,0.99997174908001163,-2.8251319053099422e-05,2.8251319053099422e-05,0.99996148801473217,-3.8512726873338679e-05,3.8512726873338679e-05,-1.0261407820239258e-05
949,2259,0.9999498130725929,-5.0188186813110941e-05,5.0188186813110941e-05,0.99993488456103996,-6.5117559062217276e-05,6.5117559062217276e-05,-1.4929372249106335e-05
950,11,0.99992700959249925,-7.2993071430187907e-05,7.2993071430187907e-05,0.99985098528083283,-0.00014902582296357939,0.00014902582296357939,-7.6032751533391488e-05
951,323,0.99989976924159429,-0.00010023578184382387,0.00010023578184382387,0.99977725419237995,-0.0002227706191519382,0.0002227706191519382,-0.00012253483730811433
952,5370,0.99982506579290908,-0.00017494950986403335,0.00017494950986403335,0.99979143557342509,-0.00020858617915949656,0.00020858617915949656,-3.363666929546321e-05
953,30100,0.99975056350451785,-0.00024946760993898773,0.00024946760993898773,0.99950282951615244,-0.00049729411407113829,0.00049729411407113829,-0.00024782650413215056
954,304,0.99998267099361537,-1.732915653359903e-05,1.732915653359903e-05,0.99996585192693699,-3.4148656121764747e-05,3.4148656121764747e-05,-1.6819499588165717e-05
955,279,0.99997158988907942,-2.8410514495436794e-05,2.8410514495436794e-05,0.99994969253694166,-5.0308728521249281e-05,5.0308728521249281e-05,-2.1898214025812487e-05
956,19001,0.99992680219986008,-7.3200479229599814e-05,7.3200479229599814e-05,0.99992620312558589,-7.379959753739061e-05,7.379959753739061e-05,-5.9911830779079539e-07
957,16867,0.99994131380277007,-5.8687919332168994e-05,5.8687919332168994e-05,0.99992457359170916,-7.5429253005460385e-05,7.5429253005460385e-05,-1.6741333673291391e-05
958,13,0.99976892823363495,-0.000231098467559053,0.000231098467559053,0.99966899603942994,-0.00033105875447270633,0.00033105875447270633,-9.9960286913653329e-05
959,578,0.99823782145336848,-0.0017637330096760425,0.0017637330096760425,0.99681934068781985,-0.003185728360474501,0.003185728360474501,-0.0014219953507984585
960,3280,0.9999830448301541,-1.6955313586462789e-05,1.6955313586462789e-05,0.99997242072895587,-2.7579651359270335e-05,2.7579651359270335e-05,-1.0624337772807545e-05
961,574,0.99991561563574061,-8.4387924820170088e-05,8.4387924820170088e-05,0.99984530599062038,-0.0001547059757319528,0.0001547059757319528,-7.0318050911782711e-05
962,1101,0.9999542720106005,-4.5729034955836147e-05,4.5729034955836147e-05,0.99992284762524675,-7.7155351150841276e-05,7.7155351150841276e-05,-3.1426316195005129e-05
963,13160,0.99993524259813094,-6.4759498720108282e-05,6.4759498720108282e-05,0.99990787789064273,-9.2126352859398783e-05,9.2126352859398783e-05,-2.73668541392905e-05
964,555,0.99998465613295284,-1.5343984765512355e-05,1.5343984765512355e-05,0.99997478669834372,-2.5213619516885844e-05,2.5213619516885844e-05,-9.8696347513734889e-06
965,3892,0.99991401653762058,-8.5987159169268086e-05,8.5987159169268086e-05,0.99987186890304769,-0.00012813930644254047,0.00012813930644254047,-4.2152147273272379e-05
966,5199,0.99990945960478161,-9.0544494247424162e-05,9.0544494247424162e-05,0.99987450116042065,-0.00012550671521759755,0.00012550671521759755,-3.4962220970173388e-05
967,44583,0.99985099880088701,-0.0001490123008944787,0.0001490123008944787,0.99983468242516915,-0.00016533124128733284,0.00016533124128733284,-1.6318940392854138e-05
968,11,0.99991707763635029,-8.2925801899014933e-05,8.2925801899014933e-05,0.99985182594670896,-0.00014818503215058998,0.00014818503215058998,-6.5259230251575042e-05
969,2737,0.99997154438095304,-2.8456023915745049e-05,2.8456023915745049e-05,0.99995970811920176,-4.0292692537910455e-05,4.0292692537910455e-05,-1.1836668622165406e-05
970,14221,0.99978783770018331,-0.00021218480942123024,0.00021218480942123024,0.99968588267052727,-0.00031416667465479286,0.00031416667465479286,-0.00010198186523356262
971,78149,0.99998611012299954,-1.3889973465670902e-05,1.3889973465670902e-05,0.99998152935311424,-1.8470817470251912e-05,1.8470817470251912e-05,-4.5808440045810106e-06
972,2417,0.9995613559736487,-0.00043874025878442343,0.00043874025878442343,0.99931824765142174,-0.00068198484738769447,0.00068198484738769447,-0.00024324458860327104
973,65,0.99994131515636941,-5.8686565653398362e-05,5.8686565653398362e-05,0.99990584204957733,-9.4162383560767712e-05,9.4162383560767712e-05,-3.547581790736935e-05
974,7835,0.99997593745327851,-2.4062836229181045e-05,2.4062836229181045e-05,0.99997513390714865,-2.4866402017749096e-05,2.4866402017749096e-05,-8.0356578856805101e-07
975,11,0.99973677350568724,-0.00026326114448711041,0.00026326114448711041,0.99956204675733196,-0.00043804917219888398,0.00043804917219888398,-0.00017478802771177357
976,902,0.99996463230583954,-3.5368319612105557e-05,3.5368319612105557e-05,0.99993181894169725,-6.8183382736730419e-05,6.8183382736730419e-05,-3.2815063124624861e-05
977,9057,0.99970817141792434,-0.00029187117232252216,0.00029187117232252216,0.99963251051095603,-0.0003675570298538263,0.0003675570298538263,-7.5685857531304136e-05
978,3892,0.99988164683958158,-0.00011836016470639454,0.00011836016470639454,0.99984456537144084,-0.00015544670977293043,0.00015544670977293043,-3.7086545066535883e-05
979,16779,0.9999501675618655,-4.9833679811652665e-05,4.9833679811652665e-05,0.99992697468809155,-7.3027978386362098e-05,7.3027978386362098e-05,-2.3194298574709433e-05
980,323,0.99995410084665215,-4.5900206746176695e-05,4.5900206746176695e-05,0.99991390745595665,-8.6096250219169247e-05,8.6096250219169247e-05,-4.0196043472992553e-05
981,16781,0.99989153607668801,-0.00010846980594873426,0.00010846980594873426,0.99987743223287717,-0.00012257527916538461,0.00012257527916538461,-1.4105473216650355e-05
982,5674,0.99986404943497853,-0.00013595980713714819,0.00013595980713714819,0.99981235030220983,-0.00018766730619755942,0.00018766730619755942,-5.1707499060411226e-05
983,4028,0.99998978464300203,-1.0215409175132893e-05,1.0215409175132893e-05,0.99998602191520092,-1.3978182493427531e-05,1.3978182493427531e-05,-3.7627733182946376e-06
984,279,0.99996265643451876,-3.7344262769575251e-05,3.7344262769575251e-05,0.99992192393851653,-7.8079109577772646e-05,7.8079109577772646e-05,-4.0734846808197396e-05
985,26363,0.99943272516518888,-0.00056743579605593908,0.00056743579605593908,0.99921641520331916,-0.00078389195971701397,0.00078389195971701397,-0.00021645616366107489
986,323,0.99997833189518748,-2.1668339569337624e-05,2.1668339569337624e-05,0.99995499141471789,-4.5009598198872262e-05,4.5009598198872262e-05,-2.3341258629534637e-05
987,5734,0.99996697942703339,-3.3021118157709428e-05,3.3021118157709428e-05,0.99994742269508441,-5.2578687150585507e-05,5.2578687150585507e-05,-1.9557568992876079e-05
988,11,0.99993376610633478,-6.6236087226420213e-05,6.6236087226420213e-05,0.99986690649930443,-0.00013310235842144532,0.00013310235842144532,-6.6866271195025102e-05
989,323,0.99997088498767472,-2.911543617542048e-05,2.911543617542048e-05,0.99993939692789569,-6.060490854468485e-05,6.060490854468485e-05,-3.1489472369264373e-05
990,14221,0.99987696787187863,-0.00012303969719450124,0.00012303969719450124,0.99981486541883602,-0.00018515172068602653,0.00018515172068602653,-6.2112023491525285e-05
991,78149,0.9999976428924473,-2.3571103307107236e-06,2.3571103307107236e-06,0.99999680364592125,-3.196359187104301e-06,3.196359187104301e-06,-8.3924885639357739e-07
992,11583,0.99981917383520569,-0.00018084251581639815,0.00018084251581639815,0.99960515817576934,-0.0003949197947884766,0.0003949197947884766,-0.00021407727897207845
993,22530,0.99948738822230065,-0.0005127432080337729,0.0005127432080337729,0.99936039561550416,-0.00063980901864143483,0.00063980901864143483,-0.00012706581060766193
994,11,0.99993994834059141,-6.005346258169396e-05,6.005346258169396e-05,0.99988193951269821,-0.00011806745698970574,0.00011806745698970574,-5.801399440801178e-05
995,902,0.9999932585299961,-6.7414927277449673e-06,6.7414927277449673e-06,0.99998396109118237,-1.6039037442355782e-05,1.6039037442355782e-05,-9.2975447146108155e-06
996,6244,0.99992037565588132,-7.9627514305104718e-05,7.9627514305104718e-05,0.9999084673695956,-9.1536819771270993e-05,9.1536819771270993e-05,-1.1909305466166275e-05
997,832,0.999968066567267,-3.1933942615934486e-05,3.1933942615934486e-05,0.99993643947473176,-6.356254532402709e-05,6.356254532402709e-05,-3.1628602708092604e-05
998,315,0.9999983834232794,-1.6165780272887988e-06,1.6165780272887988e-06,0.99999605795214408,-3.9420556258006369e-06,3.9420556258006369e-06,-2.3254775985118381e-06
999,279,0.99991717018873838,-8.2833241839852382e-05,8.2833241839852382e-05,0.99982304498088581,-0.00017697067750086203,0.00017697067750086203,-9.4137435661009652e-05
1000,2853,0.99985976436583035,-0.00014024546810560183,0.00014024546810560183,0.99979640133314462,-0.00020361939587760038,0.00020361939587760038,-6.3373927771998554e-05
1001,24013,0.99994489153230282,-5.510998622456066e-05,5.510998622456066e-05,0.99994390863731508,-5.6092935864235253e-05,5.6092935864235253e-05,-9.8294963967459367e-07
1002,13892,0.99990698153493052,-9.3022791555239003e-05,9.3022791555239003e-05,0.99979619397698971,-0.0002038267942801023,0.0002038267942801023,-0.0001108040027248633
1003,764,0.99999803596429071,-1.9640376380365386e-06,1.9640376380365386e-06,0.99999678868756015,-3.2113175960974676e-06,3.2113175960974676e-06,-1.247279958060929e-06
1004,29639,0.99997308925407269,-2.6911108027888962e-05,2.6911108027888962e-05,0.9999978032739355,-2.1967284772707769e-06,2.1967284772707769e-06,2.4714379550618186e-05
1005,304,0.99995948318335837,-4.0517637469978231e-05,4.0517637469978231e-05,0.99990123118787011,-9.877369009016364e-05,9.877369009016364e-05,-5.825605262018541e-05
1006,12715,0.99998781784132174,-1.2182232881406504e-05,1.2182232881406504e-05,0.99998037239791238,-1.9627794711477273e-05,1.9627794711477273e-05,-7.4455618300707689e-06
1007,3925,0.99994760769675417,-5.2393675770488522e-05,5.2393675770488522e-05,0.9999128668002244,-8.7136996093407316e-05,8.7136996093407316e-05,-3.4743320322918793e-05
1008,1306,0.99997459745629769,-2.5402866352358263e-05,2.5402866352358263e-05,0.99993580744879262,-6.4194611637341498e-05,6.4194611637341498e-05,-3.8791745284983239e-05
1009,21933,0.99988594015447685,-0.00011406635084198524,0.00011406635084198524,0.99985200828929877,-0.00014800266255503007,0.00014800266255503007,-3.3936311713044829e-05
1010,4987,0.99998072433620067,-1.9275849577291595e-05,1.9275849577291595e-05,0.99996368505833844,-3.6315601064969783e-05,3.6315601064969783e-05,-1.7039751487678188e-05
1011,12126,0.99995883439518318,-4.1166452143531225e-05,4.1166452143531225e-05,0.99993092866829081,-6.9073717243509059e-05,6.9073717243509059e-05,-2.7907265099977834e-05
1012,382,0.97421086079559671,-0.02612750924687731,0.02612750924687731,0.95367167792267016,-0.047435819889017503,0.047435819889017503,-0.021308310642140192
1013,791,0.99729158721054434,-0.0027120871753768022,0.0027120871753768022,0.99701367142915387,-0.0029907965474606567,0.0029907965474606567,-0.00027870937208385443
1014,3280,0.99956562843561692,-0.00043446593103886155,0.00043446593103886155,0.99930558903959743,-0.0006946521753682422,0.0006946521753682422,-0.00026018624432938065
1015,574,0.99981969365302825,-0.00018032260411527919,0.00018032260411527919,0.99970742877351149,-0.00029261403379945105,0.00029261403379945105,-0.00011229142968417186
1016,1101,0.99991691610718136,-8.3087344476395324e-05,8.3087344476395324e-05,0.99986250246976016,-0.00013750698389187563,0.00013750698389187563,-5.4419639415480303e-05
1017,28289,0.99835850631278533,-0.0016428424141304969,0.0016428424141304969,0.99765095140560411,-0.0023518119373780988,0.0023518119373780988,-0.00070896952324760198
1018,369,0.99998245710431999,-1.7543049558414299e-05,1.7543049558414299e-05,0.99997041861922042,-2.9581818317278604e-05,2.9581818317278604e-05,-1.2038768758864305e-05
1019,279,0.99989357977418714,-0.00010642588884691877,0.00010642588884691877,0.99983931439542328,-0.00016069851589157542,0.00016069851589157542,-5.4272627044656648e-05
1020,1396,0.99993706104832125,-6.2940932417671506e-05,6.2940932417671506e-05,0.9999005240265878,-9.9480921475009743e-05,9.9480921475009743e-05,-3.6539989057338238e-05
1021,315,0.99997987551413325,-2.0124688366877723e-05,2.0124688366877723e-05,0.99995881405718978,-4.1186790974423629e-05,4.1186790974423629e-05,-2.1062102607545906e-05
1022,35148,0.99995281370665201,-4.7187406656111861e-05,4.7187406656111861e-05,0.99991971666693247,-8.0286555946866285e-05,8.0286555946866285e-05,-3.3099149290754424e-05
1023,32343,0.9997189211458497,-0.0002811183642151871,0.0002811183642151871,0.99964917826173294,-0.00035088329060946924,0.00035088329060946924,-6.9764926394282132e-05
