token_index,token_id,probability,logprob,nll,reference_probability,reference_logprob,reference_nll,nll_drift
0,791,0.9842369444241198,-0.015888613737887618,0.015888613737887618,0.9842369444241198,-0.015888613737887618,0.015888613737887618,0
1,220,0.99977519364377565,-0.00022483162896092809,0.00022483162896092809,0.99977519364377565,-0.00022483162896092809,0.00022483162896092809,0
2,1049,0.99999995981852907,-4.0181471786383544e-08,4.0181471786383544e-08,0.99999995981852907,-4.0181471786383544e-08,4.0181471786383544e-08,0
3,18,0.99999991348123352,-8.6518770180212237e-08,8.6518770180212237e-08,0.99999991348123352,-8.6518770180212237e-08,8.6518770180212237e-08,0
4,16867,0.99999963763276323,-3.6236730245686553e-07,3.6236730245686553e-07,0.99999963763276323,-3.6236730245686553e-07,3.6236730245686553e-07,0
5,13892,0.99733811657569138,-0.0026654325356036479,0.0026654325356036479,0.99733811657569138,-0.0026654325356036479,0.0026654325356036479,0
6,78149,0.99999929128454546,-7.0871570567073394e-07,7.0871570567073394e-07,0.99999929128454546,-7.0871570567073394e-07,7.0871570567073394e-07,0
7,3280,0.99999936894428065,-6.3105591846791122e-07,6.3105591846791122e-07,0.99999936894428065,-6.3105591846791122e-07,6.3105591846791122e-07,0
8,574,0.99966049727812423,-0.00033956036597208053,0.00033956036597208053,0.99966049727812423,-0.00033956036597208053,0.00033956036597208053,0
9,264,0.99982712069979918,-0.00017289424554954856,0.00017289424554954856,0.99982712069979918,-0.00017289424554954856,0.00017289424554954856,0
10,10284,0.9783197317817407,-0.021918738263153745,0.021918738263153745,0.9783197317817407,-0.021918738263153745,0.021918738263153745,0
11,3770,0.9999714065781492,-2.8593830650529797e-05,2.8593830650529797e-05,0.9999714065781492,-2.8593830650529797e-05,2.8593830650529797e-05,0
12,5578,0.81842985696440507,-0.20036758289335713,0.20036758289335713,0.81842985696440507,-0.20036758289335713,0.20036758289335713,0
13,1060,0.99994536466840001,-5.4636824164079163e-05,5.4636824164079163e-05,0.99994536466840001,-5.4636824164079163e-05,5.4636824164079163e-05,0
14,4930,0.78466066312977589,-0.24250393092585007,0.24250393092585007,0.78466066312977589,-0.24250393092585007,0.24250393092585007,0
15,4261,0.99999667971904738,-3.320286464758763e-06,3.320286464758763e-06,0.99999667971904738,-3.320286464758763e-06,3.320286464758763e-06,0
16,315,0.99998853698804646,-1.1463077654324318e-05,1.1463077654324318e-05,0.99998853698804646,-1.1463077654324318e-05,1.1463077654324318e-05,0
17,35148,0.99999750513242192,-2.4948706902463775e-06,2.4948706902463775e-06,0.99999750513242192,-2.4948706902463775e-06,2.4948706902463775e-06,0
18,44448,0.99125179318601175,-0.0087866970198234948,0.0087866970198234948,0.99125179318601175,-0.0087866970198234948,0.0087866970198234948,0
19,86945,0.99981065687790793,-0.00018936104976408519,0.00018936104976408519,0.99981065687790793,-0.00018936104976408519,0.00018936104976408519,0
20,14093,0.99999919842675011,-8.0157357111260586e-07,8.0157357111260586e-07,0.99999919842675011,-8.0157357111260586e-07,8.0157357111260586e-07,0
21,11,0.66782995860025718,-0.40372169084323073,0.40372169084323073,0.66782995860025718,-0.40372169084323073,0.40372169084323073,0
22,449,0.90347779446973475,-0.10150374648515545,0.10150374648515545,0.90347779446973475,-0.10150374648515545,0.10150374648515545,0
23,220,0.83227762269437411,-0.18358921269704737,0.18358921269704737,0.83227762269437411,-0.18358921269704737,0.18358921269704737,0
24,2148,0.99986396182960857,-0.00013604742442263108,0.00013604742442263108,0.99986396182960857,-0.00013604742442263108,0.00013604742442263108,0
25,35148,0.99995691840465428,-4.3082523384305403e-05,4.3082523384305403e-05,0.99995691840465428,-4.3082523384305403e-05,4.3082523384305403e-05,0
26,39300,0.99995229699553967,-4.7704142284837832e-05,4.7704142284837832e-05,0.99995229699553967,-4.7704142284837832e-05,4.7704142284837832e-05,0
27,919,0.99999845465346815,-1.5453477258897694e-06,1.5453477258897694e-06,0.99999845465346815,-1.5453477258897694e-06,1.5453477258897694e-06,0
28,11,0.51666268318233699,-0.66036506773634684,0.66036506773634684,0.51666268318233699,-0.66036506773634684,0.66036506773634684,0
29,220,0.95568217391674992,-0.045329875267815845,0.045329875267815845,0.95568217391674992,-0.045329875267815845,0.045329875267815845,0
30,1691,0.99998081103331804,-1.9189150792591045e-05,1.9189150792591045e-05,0.99998081103331804,-1.9189150792591045e-05,1.9189150792591045e-05,0
31,7086,0.9907545020688463,-0.0092885028201292342,0.0092885028201292342,0.9907545020688463,-0.0092885028201292342,0.0092885028201292342,0
32,44583,0.9999747451844041,-2.5255134504099944e-05,2.5255134504099944e-05,0.9999747451844041,-2.5255134504099944e-05,2.5255134504099944e-05,0
33,11,0.9998462722691227,-0.0001537395481960277,0.0001537395481960277,0.9998462722691227,-0.0001537395481960277,0.0001537395481960277,0
34,323,0.99998819243871517,-1.1807630994619615e-05,1.1807630994619615e-05,0.99998819243871517,-1.1807630994619615e-05,1.1807630994619615e-05,0
35,220,0.99999831405772843,-1.685943692756719e-06,1.685943692756719e-06,0.99999831405772843,-1.685943692756719e-06,1.685943692756719e-06,0
36,975,0.99999316468241328,-6.8353409475699659e-06,6.8353409475699659e-06,0.99999316468241328,-6.8353409475699659e-06,6.8353409475699659e-06,0
37,13892,0.99987894527736432,-0.00012106205035000601,0.00012106205035000601,0.99987894527736432,-0.00012106205035000601,0.00012106205035000601,0
38,764,0.99999715389999888,-2.8461040512595217e-06,2.8461040512595217e-06,0.99999715389999888,-2.8461040512595217e-06,2.8461040512595217e-06,0
39,29639,0.99999035374347289,-9.646303052498627e-06,9.646303052498627e-06,0.99999035374347289,-9.646303052498627e-06,9.646303052498627e-06,0
40,13,0.98573052406352446,-0.014372263900155842,0.014372263900155842,0.98573052406352446,-0.014372263900155842,0.014372263900155842,0
41,578,0.99645579520139416,-0.0035505003720358009,0.0035505003720358009,0.99645579520139416,-0.0035505003720358009,0.0035505003720358009,0
42,3280,0.99936083760990679,-0.00063936674145407559,0.00063936674145407559,0.99936083760990679,-0.00063936674145407559,0.00063936674145407559,0
43,6137,0.38570835681080884,-0.9526737473944048,0.9526737473944048,0.38570835681080884,-0.9526737473944048,0.9526737473944048,0
44,449,0.61646779875412339,-0.48374919009530387,0.48374919009530387,0.61646779875412339,-0.48374919009530387,0.48374919009530387,0
45,279,0.9990500057692735,-0.00095044576123592451,0.00095044576123592451,0.9990500057692735,-0.00095044576123592451,0.00095044576123592451,0
46,18488,0.99861411876601991,-0.0013868424555727452,0.0013868424555727452,0.99861411876601991,-0.0013868424555727452,0.0013868424555727452,0
47,315,0.99999907229606877,-9.2770436155760345e-07,9.2770436155760345e-07,0.99999907229606877,-9.2770436155760345e-07,9.2770436155760345e-07,0
48,71343,0.99952514395129444,-0.00047496882854330247,0.00047496882854330247,0.99952514395129444,-0.00047496882854330247,0.00047496882854330247,0
49,22620,0.99999320757678345,-6.7924462851512933e-06,6.7924462851512933e-06,0.99999320757678345,-6.7924462851512933e-06,6.7924462851512933e-06,0
50,816,0.99999710407031106,-2.895933882121813e-06,2.895933882121813e-06,0.99999710407031106,-2.895933882121813e-06,2.895933882121813e-06,0
51,3852,0.99999938719165027,-6.1280853755268977e-07,6.1280853755268977e-07,0.99999938719165027,-6.1280853755268977e-07,6.1280853755268977e-07,0
52,276,0.99999950020100448,-4.9979912042412755e-07,4.9979912042412755e-07,0.99999950020100448,-4.9979912042412755e-07,4.9979912042412755e-07,0
53,389,0.99893996267402196,-0.0010605995629074407,0.0010605995629074407,0.99893996267402196,-0.0010605995629074407,0.0010605995629074407,0
54,6186,0.99999415203939712,-5.8479777022893138e-06,5.8479777022893138e-06,0.99999415203939712,-5.8479777022893138e-06,5.8479777022893138e-06,0
55,220,0.99999961356513178,-3.8643494287488379e-07,3.8643494287488379e-07,0.99999961356513178,-3.8643494287488379e-07,3.8643494287488379e-07,0
56,868,0.99945230783600558,-0.00054784220213335041,0.00054784220213335041,0.99945230783600558,-0.00054784220213335041,0.00054784220213335041,0
57,323,0.85849242672846271,-0.15257742019957637,0.15257742019957637,0.85849242672846271,-0.15257742019957637,0.15257742019957637,0
58,9670,0.95328285251517952,-0.047843617145504509,0.047843617145504509,0.95328285251517952,-0.047843617145504509,0.047843617145504509,0
59,449,0.99979067955244438,-0.00020934235813806502,0.00020934235813806502,0.99979067955244438,-0.00020934235813806502,0.00020934235813806502,0
60,279,0.9999124369541077,-8.7566879759665327e-05,8.7566879759665327e-05,0.9999124369541077,-8.7566879759665327e-05,8.7566879759665327e-05,0
61,14091,0.99974672000837939,-0.00025331207241475578,0.00025331207241475578,0.99974672000837939,-0.00025331207241475578,0.00025331207241475578,0
62,49686,0.99999882906973547,-1.1709309501123821e-06,1.1709309501123821e-06,0.99999882906973547,-1.1709309501123821e-06,1.1709309501123821e-06,0
63,315,0.99999811631127788,-1.8836904962419254e-06,1.8836904962419254e-06,0.99999811631127788,-1.8836904962419254e-06,1.8836904962419254e-06,0
64,264,0.99905970642060593,-0.00094073593271821847,0.00094073593271821847,0.99905970642060593,-0.00094073593271821847,0.00094073593271821847,0
65,35148,0.99998151684532199,-1.8483325493570355e-05,1.8483325493570355e-05,0.99998151684532199,-1.8483325493570355e-05,1.8483325493570355e-05,0
66,18710,0.99998081675842632,-1.9183425574448304e-05,1.9183425574448304e-05,0.99998081675842632,-1.9183425574448304e-05,1.9183425574448304e-05,0
67,11226,0.83302348834580098,-0.18269343991895179,0.18269343991895179,0.83302348834580098,-0.18269343991895179,0.18269343991895179,0
68,315,0.9999997483009383,-2.5169909342159562e-07,2.5169909342159562e-07,0.9999997483009383,-2.5169909342159562e-07,2.5169909342159562e-07,0
69,279,0.99999962772074213,-3.7227932712519172e-07,3.7227932712519172e-07,0.99999962772074213,-3.7227932712519172e-07,3.7227932712519172e-07,0
70,26363,0.99999843368267061,-1.5663185560866749e-06,1.5663185560866749e-06,0.99999843368267061,-1.5663185560866749e-06,1.5663185560866749e-06,0
71,389,0.99999925841827497,-7.4158199994927157e-07,7.4158199994927157e-07,0.99999925841827497,-7.4158199994927157e-07,7.4158199994927157e-07,0
72,6790,0.99998994583507217,-1.005421547128665e-05,1.005421547128665e-05,0.99998994583507217,-1.005421547128665e-05,1.005421547128665e-05,0
73,220,0.99999845997360115,-1.5400275846649833e-06,1.5400275846649833e-06,0.99999845997360115,-1.5400275846649833e-06,1.5400275846649833e-06,0
74,1544,0.99999778750090607,-2.2125015415463032e-06,2.2125015415463032e-06,0.99999778750090607,-2.2125015415463032e-06,2.2125015415463032e-06,0
75,13,0.6232611775151562,-0.47278962249916406,0.47278962249916406,0.6232611775151562,-0.47278962249916406,0.47278962249916406,0
76,578,0.90276901481478999,-0.10228855583422236,0.10228855583422236,0.90276901481478999,-0.10228855583422236,0.10228855583422236,0
77,3280,0.91323371450230428,-0.090763445929688241,0.090763445929688241,0.91323371450230428,-0.090763445929688241,0.090763445929688241,0
78,574,0.85729156234600778,-0.15397720547112878,0.15397720547112878,0.85729156234600778,-0.15397720547112878,0.15397720547112878,0
79,13160,0.47579268802506369,-0.74277304898028518,0.74277304898028518,0.47579268802506369,-0.74277304898028518,0.74277304898028518,0
80,555,0.99999930875183285,-6.9124840607835964e-07,6.9124840607835964e-07,0.99999930875183285,-6.9124840607835964e-07,6.9124840607835964e-07,0
81,3892,0.76235143369277347,-0.27134763054321315,0.27134763054321315,0.76235143369277347,-0.27134763054321315,0.27134763054321315,0
82,5199,0.63216974284663929,-0.45859734044300976,0.45859734044300976,0.63216974284663929,-0.45859734044300976,0.45859734044300976,0
83,44583,0.89348875716069975,-0.11262152738213357,0.11262152738213357,0.89348875716069975,-0.11262152738213357,0.11262152738213357,0
84,11,0.99999865434238178,-1.3456585235984996e-06,1.3456585235984996e-06,0.99999865434238178,-1.3456585235984996e-06,1.3456585235984996e-06,0
85,2737,0.99998899265185659,-1.1007408724744183e-05,1.1007408724744183e-05,0.99998899265185659,-1.1007408724744183e-05,1.1007408724744183e-05,0
86,14221,0.9972518947140655,-0.0027518882595284292,0.0027518882595284292,0.9972518947140655,-0.0027518882595284292,0.0027518882595284292,0
87,78149,0.99617564510735523,-0.0038316864360692484,0.0038316864360692484,0.99617564510735523,-0.0038316864360692484,0.0038316864360692484,0
88,735,0.97497604411188632,-0.02534237842779578,0.02534237842779578,0.97497604411188632,-0.02534237842779578,0.02534237842779578,0
89,9832,0.99999944882535119,-5.5117480067087622e-07,5.5117480067087622e-07,0.99999944882535119,-5.5117480067087622e-07,5.5117480067087622e-07,0
90,9008,0.99999953469968861,-4.6530041963314686e-07,4.6530041963314686e-07,0.99999953469968861,-4.6530041963314686e-07,4.6530041963314686e-07,0
91,11,0.9998834449061097,-0.00011656188696305365,0.00011656188696305365,0.9998834449061097,-0.00011656188696305365,0.00011656188696305365,0
92,902,0.9928252610207674,-0.0072006011962929793,0.0072006011962929793,0.9928252610207674,-0.0072006011962929793,0.0072006011962929793,0
93,6244,0.96438908626940789,-0.036260449340763709,0.036260449340763709,0.96438908626940789,-0.036260449340763709,0.036260449340763709,0
94,832,0.99996687913070359,-3.3121417804552677e-05,3.3121417804552677e-05,0.99996687913070359,-3.3121417804552677e-05,3.3121417804552677e-05,0
95,315,0.99999685077920386,-3.1492257549448639e-06,3.1492257549448639e-06,0.99999685077920386,-3.1492257549448639e-06,3.1492257549448639e-06,0
96,279,0.99999927901547503,-7.209847848679854e-07,7.209847848679854e-07,0.99999927901547503,-7.209847848679854e-07,7.209847848679854e-07,0
97,22807,0.99999756239927007,-2.437603700887356e-06,2.437603700887356e-06,0.99999756239927007,-2.437603700887356e-06,2.437603700887356e-06,0
98,65265,0.84014282323027789,-0.17418337394274847,0.17418337394274847,0.84014282323027789,-0.17418337394274847,0.17418337394274847,0
99,16867,0.99995774267942972,-4.2258213436057505e-05,4.2258213436057505e-05,0.99995774267942972,-4.2258213436057505e-05,4.2258213436057505e-05,0
100,13892,0.97638980719299795,-0.023893379689268846,0.023893379689268846,0.97638980719299795,-0.023893379689268846,0.023893379689268846,0
101,764,0.99999894377471177,-1.0562258460881955e-06,1.0562258460881955e-06,0.99999894377471177,-1.0562258460881955e-06,1.0562258460881955e-06,0
102,29639,0.99998733469661283,-1.2665383592768125e-05,1.2665383592768125e-05,0.99998733469661283,-1.2665383592768125e-05,1.2665383592768125e-05,0
103,304,0.99418260982927575,-0.0058343770966776875,0.0058343770966776875,0.99418260982927575,-0.0058343770966776875,0.0058343770966776875,0
104,3925,0.99998039960063867,-1.9600591451612376e-05,1.9600591451612376e-05,0.99998039960063867,-1.9600591451612376e-05,1.9600591451612376e-05,0
105,323,0.78341484063186029,-0.24409291405460251,0.24409291405460251,0.78341484063186029,-0.24409291405460251,0.24409291405460251,0
106,63260,0.93938386322047651,-0.062531083288030809,0.062531083288030809,0.93938386322047651,-0.062531083288030809,0.062531083288030809,0
107,11323,0.99282850061572836,-0.0071973381954380505,0.0071973381954380505,0.99282850061572836,-0.0071973381954380505,0.0071973381954380505,0
108,266,0.99998808685289198,-1.1913218070163543e-05,1.1913218070163543e-05,0.99998808685289198,-1.1913218070163543e-05,1.1913218070163543e-05,0
109,5848,0.99998712510484211,-1.2874978040071178e-05,1.2874978040071178e-05,0.99998712510484211,-1.2874978040071178e-05,1.2874978040071178e-05,0
110,7576,0.99999803821423094,-1.9617876933370811e-06,1.9617876933370811e-06,0.99999803821423094,-1.9617876933370811e-06,1.9617876933370811e-06,0
111,369,0.99999018327227107,-9.8167759133610537e-06,9.8167759133610537e-06,0.99999018327227107,-9.8167759133610537e-06,9.8167759133610537e-06,0
112,1202,0.99999717978319125,-2.8202207855634777e-06,2.8202207855634777e-06,0.99999717978319125,-2.8202207855634777e-06,2.8202207855634777e-06,0
113,57899,0.99766999632449671,-0.0023327223579149375,0.0023327223579149375,0.99766999632449671,-0.0023327223579149375,0.0023327223579149375,0
114,4216,0.99999685328393029,-3.1467210206382795e-06,3.1467210206382795e-06,0.99999685328393029,-3.1467210206382795e-06,3.1467210206382795e-06,0
115,25949,0.99995508905892727,-4.4911949599188925e-05,4.4911949599188925e-05,0.99995508905892727,-4.4911949599188925e-05,4.4911949599188925e-05,0
116,13,0.86766563807853758,-0.14194884812099687,0.14194884812099687,0.86766563807853758,-0.14194884812099687,0.14194884812099687,0
117,14221,0.92283349546202231,-0.080306455701465773,0.080306455701465773,0.92283349546202231,-0.080306455701465773,0.080306455701465773,0
118,78149,0.99993258582088163,-6.7416451556285412e-05,6.7416451556285412e-05,0.99993258582088163,-6.7416451556285412e-05,6.7416451556285412e-05,0
119,2417,0.99835628596736414,-0.0016450664127002591,0.0016450664127002591,0.99835628596736414,-0.0016450664127002591,0.0016450664127002591,0
120,65,0.99999973973800604,-2.6026202781167453e-07,2.6026202781167453e-07,0.99999973973800604,-2.6026202781167453e-07,2.6026202781167453e-07,0
121,7835,0.99961157159283076,-0.00038850386502363779,0.00038850386502363779,0.99961157159283076,-0.00038850386502363779,0.00038850386502363779,0
122,9057,0.9594789981110462,-0.041364852141788026,0.041364852141788026,0.9594789981110462,-0.041364852141788026,0.041364852141788026,0
123,3892,0.9989415097146882,-0.00105905088177934,0.00105905088177934,0.9989415097146882,-0.00105905088177934,0.00105905088177934,0
124,16779,0.99999487689704969,-5.1231160734675837e-06,5.1231160734675837e-06,0.99999487689704969,-5.1231160734675837e-06,5.1231160734675837e-06,0
125,323,0.99999949045247638,-5.0954765348116248e-07,5.0954765348116248e-07,0.99999949045247638,-5.0954765348116248e-07,5.0954765348116248e-07,0
126,16781,0.9999938140466913,-6.185972441813698e-06,6.185972441813698e-06,0.9999938140466913,-6.185972441813698e-06,6.185972441813698e-06,0
127,5674,0.99995224967194063,-4.7751468142561572e-05,4.7751468142561572e-05,0.99995224967194063,-4.7751468142561572e-05,4.7751468142561572e-05,0
128,4028,0.99994860963888232,-5.1391681647472784e-05,5.1391681647472784e-05,0.99994860963888232,-5.1391681647472784e-05,5.1391681647472784e-05,0
129,279,0.99999950745611932,-4.9254400196523163e-07,4.9254400196523163e-07,0.99999950745611932,-4.9254400196523163e-07,4.9254400196523163e-07,0
130,26363,0.99999213992698421,-7.8601039063354258e-06,7.8601039063354258e-06,0.99999213992698421,-7.8601039063354258e-06,7.8601039063354258e-06,0
131,323,0.99999936031554615,-6.3968465848136229e-07,6.3968465848136229e-07,0.99999936031554615,-6.3968465848136229e-07,6.3968465848136229e-07,0
132,5734,0.99999299438969347,-7.0056348459779194e-06,7.0056348459779194e-06,0.99999299438969347,-7.0056348459779194e-06,7.0056348459779194e-06,0
133,11,0.99270457906140164,-0.0073221626627370364,0.0073221626627370364,0.99270457906140164,-0.0073221626627370364,0.0073221626627370364,0
134,1418,0.99902889878274459,-0.00097157304152668204,0.00097157304152668204,0.99902889878274459,-0.00097157304152668204,0.00097157304152668204,0
135,14221,0.99995034229506441,-4.9658937920185607e-05,4.9658937920185607e-05,0.99995034229506441,-4.9658937920185607e-05,4.9658937920185607e-05,0
136,78149,0.99999980314107428,-1.9685894508625251e-07,1.9685894508625251e-07,0.99999980314107428,-1.9685894508625251e-07,1.9685894508625251e-07,0
137,11583,0.99999045153894572,-9.5485066410988411e-06,9.5485066410988411e-06,0.99999045153894572,-9.5485066410988411e-06,9.5485066410988411e-06,0
138,22530,0.9999566132934059,-4.3387647824433661e-05,4.3387647824433661e-05,0.9999566132934059,-4.3387647824433661e-05,4.3387647824433661e-05,0
139,6244,0.99652805935007882,-0.0034779818229755078,0.0034779818229755078,0.99652805935007882,-0.0034779818229755078,0.0034779818229755078,0
140,832,0.99996874385623402,-3.1256632249414112e-05,3.1256632249414112e-05,0.99996874385623402,-3.1256632249414112e-05,3.1256632249414112e-05,0
141,315,0.99999969777504882,-3.0222499687775344e-07,3.0222499687775344e-07,0.99999969777504882,-3.0222499687775344e-07,3.0222499687775344e-07,0
142,279,0.99999921926174906,-7.8073855567439926e-07,7.8073855567439926e-07,0.99999921926174906,-7.8073855567439926e-07,7.8073855567439926e-07,0
143,2853,0.99997779120957542,-2.22090370434304e-05,2.22090370434304e-05,0.99997779120957542,-2.22090370434304e-05,2.22090370434304e-05,0
144,24013,0.99999796182960277,-2.0381724742804252e-06,2.0381724742804252e-06,0.99999796182960277,-2.0381724742804252e-06,2.0381724742804252e-06,0
145,13892,0.99998746402047112,-1.2536058104913152e-05,1.2536058104913152e-05,0.99998746402047112,-1.2536058104913152e-05,1.2536058104913152e-05,0
146,764,0.99999874351443951,-1.2564863498435795e-06,1.2564863498435795e-06,0.99999874351443951,-1.2564863498435795e-06,1.2564863498435795e-06,0
147,29639,0.99999876463670967,-1.2353640533806655e-06,1.2353640533806655e-06,0.99999876463670967,-1.2353640533806655e-06,1.2353640533806655e-06,0
148,304,0.99999859244270606,-1.4075582845244017e-06,1.4075582845244017e-06,0.99999859244270606,-1.4075582845244017e-06,1.4075582845244017e-06,0
149,12715,0.99999938851729153,-6.1148289543541389e-07,6.1148289543541389e-07,0.99999938851729153,-6.1148289543541389e-07,6.1148289543541389e-07,0
150,3925,0.99998900759561815,-1.0992464798717742e-05,1.0992464798717742e-05,0.99998900759561815,-1.0992464798717742e-05,1.0992464798717742e-05,0
151,1306,0.99979749573500998,-0.00020252477174715624,0.00020252477174715624,0.99979749573500998,-0.00020252477174715624,0.00020252477174715624,0
152,21933,0.99997625141401969,-2.3748867982440876e-05,2.3748867982440876e-05,0.99997625141401969,-2.3748867982440876e-05,2.3748867982440876e-05,0
153,4987,0.99999437609723207,-5.6239185821439849e-06,5.6239185821439849e-06,0.99999437609723207,-5.6239185821439849e-06,5.6239185821439849e-06,0
154,12126,0.9999990657108444,-9.3428959200503131e-07,9.3428959200503131e-07,0.9999990657108444,-9.3428959200503131e-07,9.3428959200503131e-07,0
155,13,0.76210862437297944,-0.27166618178443797,0.27166618178443797,0.76210862437297944,-0.27166618178443797,0.27166618178443797,0
156,578,0.77545845065301,-0.25430087529537554,0.25430087529537554,0.77545845065301,-0.25430087529537554,0.25430087529537554,0
157,3280,0.99965704067188998,-0.00034301815211023305,0.00034301815211023305,0.99965704067188998,-0.00034301815211023305,0.00034301815211023305,0
158,8036,0.3772581703355728,-0.97482552395286903,0.97482552395286903,0.3772581703355728,-0.97482552395286903,0.97482552395286903,0
159,449,0.99998734342252238,-1.2656657572764283e-05,1.2656657572764283e-05,0.99998734342252238,-1.2656657572764283e-05,1.2656657572764283e-05,0
160,279,0.99847244026232174,-0.0015287276465729982,0.0015287276465729982,0.99847244026232174,-0.0015287276465729982,0.0015287276465729982,0
161,14091,0.99962069854486901,-0.00037937340812313063,0.00037937340812313063,0.99962069854486901,-0.00037937340812313063,0.00037937340812313063,0
162,49686,0.9999967502246232,-3.2497806573659303e-06,3.2497806573659303e-06,0.9999967502246232,-3.2497806573659303e-06,3.2497806573659303e-06,0
163,315,0.99999865676881494,-1.3432320871448936e-06,1.3432320871448936e-06,0.99999865676881494,-1.3432320871448936e-06,1.3432320871448936e-06,0
164,264,0.99981826590370271,-0.00018175061193913646,0.00018175061193913646,0.99981826590370271,-0.00018175061193913646,0.00018175061193913646,0
165,35148,0.99999342131571511,-6.5787059245326441e-06,6.5787059245326441e-06,0.99999342131571511,-6.5787059245326441e-06,6.5787059245326441e-06,0
166,18710,0.99996540710188586,-3.4593496462193396e-05,3.4593496462193396e-05,0.99996540710188586,-3.4593496462193396e-05,3.4593496462193396e-05,0
167,11226,0.99994017854805228,-5.982324132217264e-05,5.982324132217264e-05,0.99994017854805228,-5.982324132217264e-05,5.982324132217264e-05,0
168,315,0.99999858749698378,-1.4125040138157362e-06,1.4125040138157362e-06,0.99999858749698378,-1.4125040138157362e-06,1.4125040138157362e-06,0
169,279,0.99999889167382894,-1.1083267852184423e-06,1.1083267852184423e-06,0.99999889167382894,-1.1083267852184423e-06,1.1083267852184423e-06,0
170,26363,0.99996469430579193,-3.5306317468800194e-05,3.5306317468800194e-05,0.99996469430579193,-3.5306317468800194e-05,3.5306317468800194e-05,0
171,389,0.99975465948891318,-0.00024537061199338004,0.00024537061199338004,0.99975465948891318,-0.00024537061199338004,0.00024537061199338004,0
172,6790,0.99997085079353565,-2.914963131069707e-05,2.914963131069707e-05,0.99997085079353565,-2.914963131069707e-05,2.914963131069707e-05,0
173,220,0.99998973569087835,-1.0264361800080384e-05,1.0264361800080384e-05,0.99998973569087835,-1.0264361800080384e-05,1.0264361800080384e-05,0
174,1544,0.99999773616411747,-2.2638384450595458e-06,2.2638384450595458e-06,0.99999773616411747,-2.2638384450595458e-06,2.2638384450595458e-06,0
175,382,0.88173756831247829,-0.1258608088454585,0.1258608088454585,0.88173756831247829,-0.1258608088454585,0.1258608088454585,0
176,791,0.99134900849649465,-0.0086886285529103966,0.0086886285529103966,0.99134900849649465,-0.0086886285529103966,0.0086886285529103966,0
177,3280,0.6781426515113449,-0.38839761271360318,0.38839761271360318,0.6781426515113449,-0.38839761271360318,0.38839761271360318,0
178,574,0.77476784370387652,-0.255191851015931,0.255191851015931,0.77476784370387652,-0.255191851015931,0.255191851015931,0
179,1101,0.40763074485318251,-0.89739355149589717,0.89739355149589717,0.40763074485318251,-0.89739355149589717,0.89739355149589717,0
180,13160,0.5385493617363194,-0.61887612133819192,0.61887612133819192,0.5385493617363194,-0.61887612133819192,0.61887612133819192,0
181,555,0.99999990505436942,-9.4945635065348587e-08,9.4945635065348587e-08,0.99999990505436942,-9.4945635065348587e-08,9.4945635065348587e-08,0
182,3892,0.73592567659165198,-0.30662614824415352,0.30662614824415352,0.73592567659165198,-0.30662614824415352,0.30662614824415352,0
183,5199,0.27678339738468749,-1.2845200375841768,1.2845200375841768,0.27678339738468749,-1.2845200375841768,1.2845200375841768,0
184,44583,0.84379061456259841,-0.16985090217599247,0.16985090217599247,0.84379061456259841,-0.16985090217599247,0.16985090217599247,0
185,11,0.95465208263594814,-0.046408316254888511,0.046408316254888511,0.95465208263594814,-0.046408316254888511,0.046408316254888511,0
186,2737,0.99998148812569299,-1.8512045653911703e-05,1.8512045653911703e-05,0.99998148812569299,-1.8512045653911703e-05,1.8512045653911703e-05,0
187,14221,0.68738504225835084,-0.37486067468335266,0.37486067468335266,0.68738504225835084,-0.37486067468335266,0.37486067468335266,0
188,78149,0.99766102332289175,-0.0023417163559199192,0.0023417163559199192,0.99766102332289175,-0.0023417163559199192,0.0023417163559199192,0
189,42402,0.56164265883628062,-0.57688946968899824,0.57688946968899824,0.56164265883628062,-0.57688946968899824,0.57688946968899824,0
190,2902,0.93018567981611455,-0.072371057047133244,0.072371057047133244,0.93018567981611455,-0.072371057047133244,0.072371057047133244,0
191,316,0.99987442675401195,-0.00012558113096820933,0.00012558113096820933,0.99987442675401195,-0.00012558113096820933,0.00012558113096820933,0
192,11,0.99996482854426871,-3.5172074261406765e-05,3.5172074261406765e-05,0.99996482854426871,-3.5172074261406765e-05,3.5172074261406765e-05,0
193,902,0.99997529471012991,-2.4705595050783538e-05,2.4705595050783538e-05,0.99997529471012991,-2.4705595050783538e-05,2.4705595050783538e-05,0
194,8813,0.46891047679157694,-0.75734340979737602,0.75734340979737602,0.46891047679157694,-0.75734340979737602,0.75734340979737602,0
195,1202,0.98956169429581109,-0.010493166923242352,0.010493166923242352,0.98956169429581109,-0.010493166923242352,0.010493166923242352,0
196,16557,0.99997611638615869,-2.3883899059309217e-05,2.3883899059309217e-05,0.99997611638615869,-2.3883899059309217e-05,2.3883899059309217e-05,0
197,21261,0.99999884860060473,-1.1514000581276586e-06,1.1514000581276586e-06,0.99999884860060473,-1.1514000581276586e-06,1.1514000581276586e-06,0
198,449,0.99719594503885844,-0.0028079936879147733,0.0028079936879147733,0.99719594503885844,-0.0028079936879147733,0.0028079936879147733,0
199,7340,0.99982673344872586,-0.00017328156365717742,0.00017328156365717742,0.99982673344872586,-0.00017328156365717742,0.00017328156365717742,0
200,29759,0.99999337191521809,-6.6281067477113045e-06,6.6281067477113045e-06,0.99999337191521809,-6.6281067477113045e-06,6.6281067477113045e-06,0
201,29592,0.99995587511377304,-4.4125859758378086e-05,4.4125859758378086e-05,0.99995587511377304,-4.4125859758378086e-05,4.4125859758378086e-05,0
202,315,0.99999902599815182,-9.7400232252035719e-07,9.7400232252035719e-07,0.99999902599815182,-9.7400232252035719e-07,9.7400232252035719e-07,0
203,220,0.99999870899178855,-1.2910090447601678e-06,1.2910090447601678e-06,0.99999870899178855,-1.2910090447601678e-06,1.2910090447601678e-06,0
204,9992,0.99997455686788794,-2.5443455794082134e-05,2.5443455794082134e-05,0.99997455686788794,-2.5443455794082134e-05,2.5443455794082134e-05,0
205,13437,0.99994311765904098,-5.6883958820707005e-05,5.6883958820707005e-05,0.99994311765904098,-5.6883958820707005e-05,5.6883958820707005e-05,0
206,7682,0.99998115487607209,-1.8845301499460831e-05,1.8845301499460831e-05,0.99998115487607209,-1.8845301499460831e-05,1.8845301499460831e-05,0
207,320,0.99632258822748299,-0.0036841900740290623,0.0036841900740290623,0.99632258822748299,-0.0036841900740290623,0.0036841900740290623,0
208,1041,0.99972233278646905,-0.000277705770209156,0.000277705770209156,0.99972233278646905,-0.000277705770209156,0.000277705770209156,0
209,35061,0.99999159280433803,-8.4072310026807758e-06,8.4072310026807758e-06,0.99999159280433803,-8.4072310026807758e-06,8.4072310026807758e-06,0
210,8,0.99998989764674184,-1.0102404287282557e-05,1.0102404287282557e-05,0.99998989764674184,-1.0102404287282557e-05,1.0102404287282557e-05,0
211,323,0.99987903419480872,-0.00012097312214434384,0.00012097312214434384,0.99987903419480872,-0.00012097312214434384,0.00012097312214434384,0
212,264,0.99999256362740085,-7.4364002491504983e-06,7.4364002491504983e-06,0.99999256362740085,-7.4364002491504983e-06,7.4364002491504983e-06,0
213,8187,0.99998973309421324,-1.0266958491819357e-05,1.0266958491819357e-05,0.99998973309421324,-1.0266958491819357e-05,1.0266958491819357e-05,0
214,7410,0.99991923853366349,-8.076472771938043e-05,8.076472771938043e-05,0.99991923853366349,-8.076472771938043e-05,8.076472771938043e-05,0
215,315,0.99999764690871162,-2.3530940568635399e-06,2.3530940568635399e-06,0.99999764690871162,-2.3530940568635399e-06,2.3530940568635399e-06,0
216,220,0.99999839949202929,-1.6005092515135092e-06,1.6005092515135092e-06,0.99999839949202929,-1.6005092515135092e-06,1.6005092515135092e-06,0
217,21251,0.99999009241113512,-9.907637945326951e-06,9.907637945326951e-06,0.99999009241113512,-9.907637945326951e-06,9.907637945326951e-06,0
218,296,0.99982028618537466,-0.00017972996508787328,0.00017972996508787328,0.99982028618537466,-0.00017972996508787328,0.00017972996508787328,0
219,2308,0.99999773135152337,-2.2686510500143751e-06,2.2686510500143751e-06,0.99999773135152337,-2.2686510500143751e-06,2.2686510500143751e-06,0
220,320,0.99992142494513403,-7.857814204734839e-05,7.857814204734839e-05,0.99992142494513403,-7.857814204734839e-05,7.857814204734839e-05,0
221,120751,0.83856971963506821,-0.1760575531312728,0.1760575531312728,0.83856971963506821,-0.1760575531312728,0.1760575531312728,0
222,26,0.99033896668467281,-0.0097080038652048988,0.0097080038652048988,0.99033896668467281,-0.0097080038652048988,0.0097080038652048988,0
223,220,0.99995627268898368,-4.3728267083028279e-05,4.3728267083028279e-05,0.99995627268898368,-4.3728267083028279e-05,4.3728267083028279e-05,0
224,1544,0.999980191529666,-1.9808666524310852e-05,1.9808666524310852e-05,0.999980191529666,-1.9808666524310852e-05,1.9808666524310852e-05,0
225,13,0.99981232483748028,-0.000187692775706781,0.000187692775706781,0.99981232483748028,-0.000187692775706781,0.000187692775706781,0
226,4767,0.99455826140486503,-0.0054565987893169902,0.0054565987893169902,0.99455826140486503,-0.0054565987893169902,0.0054565987893169902,0
227,304,0.9999802246703251,-1.9775525209308034e-05,1.9775525209308034e-05,0.9999802246703251,-1.9775525209308034e-05,1.9775525209308034e-05,0
228,39,0.99998923072698742,-1.076933100157436e-05,1.076933100157436e-05,0.99998923072698742,-1.076933100157436e-05,1.076933100157436e-05,0
229,70,0.99999987224247799,-1.2775753016528497e-07,1.2775753016528497e-07,0.99999987224247799,-1.2775753016528497e-07,1.2775753016528497e-07,0
230,570,0.79707464292125296,-0.22680694971998336,0.22680694971998336,0.79707464292125296,-0.22680694971998336,0.22680694971998336,0
231,578,0.96461228202825022,-0.036029038660080427,0.036029038660080427,0.96461228202825022,-0.036029038660080427,0.036029038660080427,0
232,13766,0.8922608639438816,-0.11399674078923575,0.11399674078923575,0.8922608639438816,-0.11399674078923575,0.11399674078923575,0
233,9057,0.92266848084230257,-0.080485284683800354,0.080485284683800354,0.92266848084230257,-0.080485284683800354,0.080485284683800354,0
234,1063,0.84002806031481103,-0.17431998256603712,0.17431998256603712,0.84002806031481103,-0.17431998256603712,0.17431998256603712,0
235,5674,0.99999772585389601,-2.2741486898603977e-06,2.2741486898603977e-06,0.99999772585389601,-2.2741486898603977e-06,2.2741486898603977e-06,0
236,311,0.99999804883012466,-1.9511717788649366e-06,1.9511717788649366e-06,0.99999804883012466,-1.9511717788649366e-06,1.9511717788649366e-06,0
237,10632,0.99999085425499568,-9.1457868269122689e-06,9.1457868269122689e-06,0.99999085425499568,-9.1457868269122689e-06,9.1457868269122689e-06,0
238,323,0.9999998190962015,-1.8090381488526185e-07,1.8090381488526185e-07,0.9999998190962015,-1.8090381488526185e-07,1.8090381488526185e-07,0
239,31665,0.99999935122024153,-6.4877996889977473e-07,6.4877996889977473e-07,0.99999935122024153,-6.4877996889977473e-07,6.4877996889977473e-07,0
240,389,0.9999960758182147,-3.9241894848933326e-06,3.9241894848933326e-06,0.9999960758182147,-3.9241894848933326e-06,3.9241894848933326e-06,0
241,62111,0.99998640300115527,-1.3597091284757453e-05,1.3597091284757453e-05,0.99998640300115527,-1.3597091284757453e-05,1.3597091284757453e-05,0
242,3178,0.99983294894623098,-0.00016706500835039857,0.00016706500835039857,0.99983294894623098,-0.00016706500835039857,0.00016706500835039857,0
243,11,0.88760757817460378,-0.11922555013386785,0.11922555013386785,0.88760757817460378,-0.11922555013386785,0.11922555013386785,0
244,10213,0.98276349595830892,-0.017386781924491172,0.017386781924491172,0.98276349595830892,-0.017386781924491172,0.017386781924491172,0
245,4245,0.99999906863043952,-9.3136999416720747e-07,9.3136999416720747e-07,0.99999906863043952,-9.3136999416720747e-07,9.3136999416720747e-07,0
246,311,0.99999987370703214,-1.2629297587362779e-07,1.2629297587362779e-07,0.99999987370703214,-1.2629297587362779e-07,1.2629297587362779e-07,0
247,8987,0.99999215233434779,-7.8476964452466145e-06,7.8476964452466145e-06,0.99999215233434779,-7.8476964452466145e-06,7.8476964452466145e-06,0
248,62555,0.99992475154449856,-7.5251286808488866e-05,7.5251286808488866e-05,0.99992475154449856,-7.5251286808488866e-05,7.5251286808488866e-05,0
249,7263,0.99990077202823535,-9.9232895185566111e-05,9.9232895185566111e-05,0.99990077202823535,-9.9232895185566111e-05,9.9232895185566111e-05,0
250,13544,0.99996038924923814,-3.9611535288401675e-05,3.9611535288401675e-05,0.99996038924923814,-3.9611535288401675e-05,3.9611535288401675e-05,0
251,555,0.999998964689787,-1.0353107489904863e-06,1.0353107489904863e-06,0.999998964689787,-1.0353107489904863e-06,1.0353107489904863e-06,0
252,279,0.99999919366617718,-8.0633414788171704e-07,8.0633414788171704e-07,0.99999919366617718,-8.0633414788171704e-07,8.0633414788171704e-07,0
253,13766,0.99998700946805164,-1.2990616326063296e-05,1.2990616326063296e-05,0.99998700946805164,-1.2990616326063296e-05,1.2990616326063296e-05,0
254,13,0.66499615704724357,-0.40797401721930615,0.40797401721930615,0.66499615704724357,-0.40797401721930615,0.40797401721930615,0
255,4206,0.95174894189993597,-0.049453995461744296,0.049453995461744296,0.95174894189993597,-0.049453995461744296,0.049453995461744296,0
256,29526,0.99999951673139464,-4.8326872217232328e-07,4.8326872217232328e-07,0.99999951673139464,-4.8326872217232328e-07,4.8326872217232328e-07,0
257,11,0.99999682051221905,-3.1794928354896144e-06,3.1794928354896144e-06,0.99999682051221905,-3.1794928354896144e-06,3.1794928354896144e-06,0
258,264,0.9999848393566011,-1.5160758322611142e-05,1.5160758322611142e-05,0.9999848393566011,-1.5160758322611142e-05,1.5160758322611142e-05,0
259,220,0.96218429553352358,-0.038549271265980734,0.038549271265980734,0.96218429553352358,-0.038549271265980734,0.038549271265980734,0
260,16,0.95186080696604169,-0.049336466050791124,0.049336466050791124,0.95186080696604169,-0.049336466050791124,0.049336466050791124,0
261,11,0.99752470052871212,-0.0024783680899034596,0.0024783680899034596,0.99752470052871212,-0.0024783680899034596,0.0024783680899034596,0
262,12505,0.9995599060835072,-0.00044019078624275815,0.00044019078624275815,0.9995599060835072,-0.00044019078624275815,0.00044019078624275815,0
263,75735,0.98290743532732727,-0.017240328754751868,0.017240328754751868,0.98290743532732727,-0.017240328754751868,0.017240328754751868,0
264,20543,0.99999438994597944,-5.6100697570196352e-06,5.6100697570196352e-06,0.99999438994597944,-5.6100697570196352e-06,5.6100697570196352e-06,0
265,27274,0.99999591154967327,-4.0884586844928118e-06,4.0884586844928118e-06,0.99999591154967327,-4.0884586844928118e-06,4.0884586844928118e-06,0
266,11,0.99478430261761952,-0.0052293466128288607,0.0052293466128288607,0.99478430261761952,-0.0052293466128288607,0.0052293466128288607,0
267,279,0.99999406319449202,-5.9368231309257929e-06,5.9368231309257929e-06,0.99999406319449202,-5.9368231309257929e-06,5.9368231309257929e-06,0
268,452,0.99989420393736561,-0.00010580165943260241,0.00010580165943260241,0.99989420393736561,-0.00010580165943260241,0.00010580165943260241,0
269,3675,0.99999649222341891,-3.5077827333046295e-06,3.5077827333046295e-06,0.99999649222341891,-3.5077827333046295e-06,3.5077827333046295e-06,0
270,3926,0.99991246187904725,-8.7541952637619879e-05,8.7541952637619879e-05,0.99991246187904725,-8.7541952637619879e-05,8.7541952637619879e-05,0
271,822,0.9973869341450079,-0.0026164858706899776,0.0026164858706899776,0.9973869341450079,-0.0026164858706899776,0.0026164858706899776,0
272,331,0.99997228495766,-2.7715426408906358e-05,2.7715426408906358e-05,0.99997228495766,-2.7715426408906358e-05,2.7715426408906358e-05,0
273,11,0.99986179066374381,-0.00013821888804658178,0.00013821888804658178,0.99986179066374381,-0.00013821888804658178,0.00013821888804658178,0
274,65330,0.99934731880178951,-0.00065289428730826746,0.00065289428730826746,0.99934731880178951,-0.00065289428730826746,0.00065289428730826746,0
275,2391,0.99999572797785152,-4.2720312736286782e-06,4.2720312736286782e-06,0.99999572797785152,-4.2720312736286782e-06,4.2720312736286782e-06,0
276,279,0.99999908209849953,-9.1790192175070499e-07,9.1790192175070499e-07,0.99999908209849953,-9.1790192175070499e-07,9.1790192175070499e-07,0
277,13766,0.99999020097440994,-9.7990736008412205e-06,9.7990736008412205e-06,0.99999020097440994,-9.7990736008412205e-06,9.7990736008412205e-06,0
278,11,0.58342237931231578,-0.53884386213286661,0.53884386213286661,0.58342237931231578,-0.53884386213286661,0.53884386213286661,0
279,33647,0.56298213284229714,-0.57450738697250281,0.57450738697250281,0.56298213284229714,-0.57450738697250281,0.57450738697250281,0
280,520,0.99999975330123547,-2.4669879493783559e-07,2.4669879493783559e-07,0.99999975330123547,-2.4669879493783559e-07,2.4669879493783559e-07,0
281,400,0.99989751816694861,-0.00010248708467325559,0.00010248708467325559,0.99989751816694861,-0.00010248708467325559,0.00010248708467325559,0
282,845,0.999990304418648,-9.6956283544898571e-06,9.6956283544898571e-06,0.999990304418648,-9.6956283544898571e-06,9.6956283544898571e-06,0
283,3610,0.99999500317613876,-4.9968363453895312e-06,4.9968363453895312e-06,0.99999500317613876,-4.9968363453895312e-06,4.9968363453895312e-06,0
284,382,0.99487294030676054,-0.0051402481618118435,0.0051402481618118435,0.99487294030676054,-0.0051402481618118435,0.0051402481618118435,0
285,791,0.92736235080179164,-0.075410904353266944,0.075410904353266944,0.92736235080179164,-0.075410904353266944,0.075410904353266944,0
286,3280,0.59618412808232935,-0.51720571989338893,0.51720571989338893,0.59618412808232935,-0.51720571989338893,0.51720571989338893,0
287,574,0.92000223682086257,-0.083379177614982231,0.083379177614982231,0.92000223682086257,-0.083379177614982231,0.083379177614982231,0
288,1101,0.81088886819199435,-0.20962426484567592,0.20962426484567592,0.81088886819199435,-0.20962426484567592,0.20962426484567592,0
289,28289,0.62283420335310558,-0.47347492185155127,0.47347492185155127,0.62283420335310558,-0.47347492185155127,0.47347492185155127,0
290,369,0.99999969889421736,-3.0110582801361042e-07,3.0110582801361042e-07,0.99999969889421736,-3.0110582801361042e-07,3.0110582801361042e-07,0
291,279,0.77934446106026967,-0.24930214719972152,0.24930214719972152,0.77934446106026967,-0.24930214719972152,0.24930214719972152,0
292,1396,0.37938766735030321,-0.96919672767558707,0.96919672767558707,0.37938766735030321,-0.96919672767558707,0.96919672767558707,0
293,315,0.9999984862311968,-1.5137699489463292e-06,1.5137699489463292e-06,0.9999984862311968,-1.5137699489463292e-06,1.5137699489463292e-06,0
294,35148,0.88088676483269546,-0.12682619157603864,0.12682619157603864,0.88088676483269546,-0.12682619157603864,0.12682619157603864,0
295,32343,0.67009069815315114,-0.40034220538103049,0.40034220538103049,0.67009069815315114,-0.40034220538103049,0.40034220538103049,0
296,3233,0.99997333560184154,-2.666475365989697e-05,2.666475365989697e-05,0.99997333560184154,-2.666475365989697e-05,2.666475365989697e-05,0
297,430,0.99939475752832485,-0.0006054257048372536,0.0006054257048372536,0.99939475752832485,-0.0006054257048372536,0.0006054257048372536,0
298,11754,0.86189884263390881,-0.14861736713754115,0.14861736713754115,0.86189884263390881,-0.14861736713754115,0.14861736713754115,0
299,279,0.97447996257402381,-0.025851321996534175,0.025851321996534175,0.97447996257402381,-0.025851321996534175,0.025851321996534175,0
300,26363,0.97387236179872205,-0.026475029307986946,0.026475029307986946,0.97387236179872205,-0.026475029307986946,0.026475029307986946,0
301,11,0.97311863854011882,-0.027249273560912647,0.027249273560912647,0.97311863854011882,-0.027249273560912647,0.027249273560912647,0
302,6457,0.75662197825873945,-0.27889151848883131,0.27889151848883131,0.75662197825873945,-0.27889151848883131,0.27889151848883131,0
303,11,0.99999898919394503,-1.0108065658416256e-06,1.0108065658416256e-06,0.99999898919394503,-1.0108065658416256e-06,1.0108065658416256e-06,0
304,5734,0.99965169547928678,-0.00034836519282149602,0.00034836519282149602,0.99965169547928678,-0.00034836519282149602,0.00034836519282149602,0
305,11,0.99999701741687319,-2.9825875747746104e-06,2.9825875747746104e-06,0.99999701741687319,-2.9825875747746104e-06,2.9825875747746104e-06,0
306,279,0.99029081598774404,-0.0097566254676462079,0.0097566254676462079,0.99029081598774404,-0.0097566254676462079,0.0097566254676462079,0
307,16526,0.99999706804968602,-2.9319546121407042e-06,2.9319546121407042e-06,0.99999706804968602,-2.9319546121407042e-06,2.9319546121407042e-06,0
308,50714,0.99999765495677517,-2.3450459744725619e-06,2.3450459744725619e-06,0.99999765495677517,-2.3450459744725619e-06,2.3450459744725619e-06,0
309,11,0.99999938824329371,-6.1175689342532735e-07,6.1175689342532735e-07,0.99999938824329371,-6.1175689342532735e-07,6.1175689342532735e-07,0
310,2314,0.98712196404494224,-0.012961676721921564,0.012961676721921564,0.98712196404494224,-0.012961676721921564,0.012961676721921564,0
311,5059,0.99999855697914453,-1.4430218966515826e-06,1.4430218966515826e-06,0.99999855697914453,-1.4430218966515826e-06,1.4430218966515826e-06,0
312,2259,0.99999984897818572,-1.5102182563217302e-07,1.5102182563217302e-07,0.99999984897818572,-1.5102182563217302e-07,1.5102182563217302e-07,0
313,11,0.99999341537962505,-6.5846420536864893e-06,6.5846420536864893e-06,0.99999341537962505,-6.5846420536864893e-06,6.5846420536864893e-06,0
314,323,0.99999993330508907,-6.669491314415367e-08,6.669491314415367e-08,0.99999993330508907,-6.669491314415367e-08,6.669491314415367e-08,0
315,5370,0.99992783774313199,-7.2164860688923475e-05,7.2164860688923475e-05,0.99992783774313199,-7.2164860688923475e-05,7.2164860688923475e-05,0
316,30100,0.99996707780647309,-3.2922735474224472e-05,3.2922735474224472e-05,0.99996707780647309,-3.2922735474224472e-05,3.2922735474224472e-05,0
317,304,0.99999993289069466,-6.7109307635129429e-08,6.7109307635129429e-08,0.99999993289069466,-6.7109307635129429e-08,6.7109307635129429e-08,0
318,279,0.99999951602870962,-4.8397140751990531e-07,4.8397140751990531e-07,0.99999951602870962,-4.8397140751990531e-07,4.8397140751990531e-07,0
319,19001,0.99994947114979305,-5.0530126832279955e-05,5.0530126832279955e-05,0.99994947114979305,-5.0530126832279955e-05,5.0530126832279955e-05,0
320,16867,0.99999744210787134,-2.557895400122987e-06,2.557895400122987e-06,0.99999744210787134,-2.557895400122987e-06,2.557895400122987e-06,0
321,13,0.99888168751003459,-0.0011189382679651263,0.0011189382679651263,0.99888168751003459,-0.0011189382679651263,0.0011189382679651263,0
322,578,0.99169753572447328,-0.0083371216933433405,0.0083371216933433405,0.99169753572447328,-0.0083371216933433405,0.0083371216933433405,0
323,3280,0.45643289701459772,-0.78431358424343423,0.78431358424343423,0.45643289701459772,-0.78431358424343423,0.78431358424343423,0
324,574,0.61866494065723365,-0.48019144419392956,0.48019144419392956,0.61866494065723365,-0.48019144419392956,0.48019144419392956,0
325,1101,0.86612944214531995,-0.14372091028997791,0.14372091028997791,0.86612944214531995,-0.14372091028997791,0.14372091028997791,0
326,13160,0.94314962238030098,-0.058530342571864132,0.058530342571864132,0.94314962238030098,-0.058530342571864132,0.058530342571864132,0
327,555,0.99999994252294244,-5.7477059236738226e-08,5.7477059236738226e-08,0.99999994252294244,-5.7477059236738226e-08,5.7477059236738226e-08,0
328,3892,0.81430978939830467,-0.20541440872412964,0.20541440872412964,0.81430978939830467,-0.20541440872412964,0.20541440872412964,0
329,5199,0.62114215319584765,-0.47619531310634539,0.47619531310634539,0.62114215319584765,-0.47619531310634539,0.47619531310634539,0
330,44583,0.85063193318393926,-0.16177575491579313,0.16177575491579313,0.85063193318393926,-0.16177575491579313,0.16177575491579313,0
331,11,0.55396141300178436,-0.59066024628196789,0.59066024628196789,0.55396141300178436,-0.59066024628196789,0.59066024628196789,0
332,2737,0.99997745617883804,-2.2544075277725754e-05,2.2544075277725754e-05,0.99997745617883804,-2.2544075277725754e-05,2.2544075277725754e-05,0
333,14221,0.99367860133756025,-0.0063414633053969528,0.0063414633053969528,0.99367860133756025,-0.0063414633053969528,0.0063414633053969528,0
334,78149,0.99528062624740987,-0.004730545158783849,0.004730545158783849,0.99528062624740987,-0.004730545158783849,0.004730545158783849,0
335,2417,0.4131535525504495,-0.88393595717785567,0.88393595717785567,0.4131535525504495,-0.88393595717785567,0.88393595717785567,0
336,65,0.99999277731907232,-7.2227070113579913e-06,7.2227070113579913e-06,0.99999277731907232,-7.2227070113579913e-06,7.2227070113579913e-06,0
337,7835,0.99986299641738619,-0.00013701296846186804,0.00013701296846186804,0.99986299641738619,-0.00013701296846186804,0.00013701296846186804,0
338,11,0.99382311451574934,-0.0061960413645845433,0.0061960413645845433,0.99382311451574934,-0.0061960413645845433,0.0061960413645845433,0
339,902,0.98986159745864855,-0.010190146173328411,0.010190146173328411,0.98986159745864855,-0.010190146173328411,0.010190146173328411,0
340,9057,0.99993352113683875,-6.6481072978765191e-05,6.6481072978765191e-05,0.99993352113683875,-6.6481072978765191e-05,6.6481072978765191e-05,0
341,3892,0.99968459065832882,-0.00031545909365933558,0.00031545909365933558,0.99968459065832882,-0.00031545909365933558,0.00031545909365933558,0
342,16779,0.99999660563306569,-3.3943726952001821e-06,3.3943726952001821e-06,0.99999660563306569,-3.3943726952001821e-06,3.3943726952001821e-06,0
343,323,0.99999905863662519,-9.4136381790372998e-07,9.4136381790372998e-07,0.99999905863662519,-9.4136381790372998e-07,9.4136381790372998e-07,0
344,16781,0.99999521785285617,-4.78215857833506e-06,4.78215857833506e-06,0.99999521785285617,-4.78215857833506e-06,4.78215857833506e-06,0
345,5674,0.99998132188566546,-1.8678288772695873e-05,1.8678288772695873e-05,0.99998132188566546,-1.8678288772695873e-05,1.8678288772695873e-05,0
346,4028,0.99999289416162263,-7.1058636239422791e-06,7.1058636239422791e-06,0.99999289416162263,-7.1058636239422791e-06,7.1058636239422791e-06,0
347,279,0.99999882502138171,-1.174979308564063e-06,1.174979308564063e-06,0.99999882502138171,-1.174979308564063e-06,1.174979308564063e-06,0
348,26363,0.99999355607773632,-6.4439430258820475e-06,6.4439430258820475e-06,0.99999355607773632,-6.4439430258820475e-06,6.4439430258820475e-06,0
349,323,0.99999805854030333,-1.9414615813553539e-06,1.9414615813553539e-06,0.99999805854030333,-1.9414615813553539e-06,1.9414615813553539e-06,0
350,5734,0.99999537439372654,-4.6256169716026801e-06,4.6256169716026801e-06,0.99999537439372654,-4.6256169716026801e-06,4.6256169716026801e-06,0
351,11,0.47311028336045163,-0.74842676045686507,0.74842676045686507,0.47311028336045163,-0.74842676045686507,0.74842676045686507,0
352,323,0.99993452694563112,-6.5475197822864608e-05,6.5475197822864608e-05,0.99993452694563112,-6.5475197822864608e-05,6.5475197822864608e-05,0
353,14221,0.99994326612367601,-5.6735485751235403e-05,5.6735485751235403e-05,0.99994326612367601,-5.6735485751235403e-05,5.6735485751235403e-05,0
354,78149,0.99999935799883999,-6.4200136604353933e-07,6.4200136604353933e-07,0.99999935799883999,-6.4200136604353933e-07,6.4200136604353933e-07,0
355,11583,0.9970066148570923,-0.0029978742809322703,0.0029978742809322703,0.9970066148570923,-0.0029978742809322703,0.0029978742809322703,0
356,22530,0.99996230082417059,-3.7699886461184588e-05,3.7699886461184588e-05,0.99996230082417059,-3.7699886461184588e-05,3.7699886461184588e-05,0
357,11,0.99999149367771079,-8.5063584681642686e-06,8.5063584681642686e-06,0.99999149367771079,-8.5063584681642686e-06,8.5063584681642686e-06,0
358,902,0.99999501275279701,-4.9872596393626312e-06,4.9872596393626312e-06,0.99999501275279701,-4.9872596393626312e-06,4.9872596393626312e-06,0
359,6244,0.99965680110524924,-0.00034325780096957574,0.00034325780096957574,0.99965680110524924,-0.00034325780096957574,0.00034325780096957574,0
360,832,0.99999714133435569,-2.8586697303303301e-06,2.8586697303303301e-06,0.99999714133435569,-2.8586697303303301e-06,2.8586697303303301e-06,0
361,315,0.99999970997885068,-2.9002119141717562e-07,2.9002119141717562e-07,0.99999970997885068,-2.9002119141717562e-07,2.9002119141717562e-07,0
362,279,0.99999904154954899,-9.584509102894873e-07,9.584509102894873e-07,0.99999904154954899,-9.584509102894873e-07,9.584509102894873e-07,0
363,2853,0.99998894347178191,-1.1056589341992007e-05,1.1056589341992007e-05,0.99998894347178191,-1.1056589341992007e-05,1.1056589341992007e-05,0
364,24013,0.99999503818406088,-4.9618282489801328e-06,4.9618282489801328e-06,0.99999503818406088,-4.9618282489801328e-06,4.9618282489801328e-06,0
365,13892,0.999993155208588,-6.8448148377214735e-06,6.8448148377214735e-06,0.999993155208588,-6.8448148377214735e-06,6.8448148377214735e-06,0
366,764,0.99999949556985679,-5.0443027044925674e-07,5.0443027044925674e-07,0.99999949556985679,-5.0443027044925674e-07,5.0443027044925674e-07,0
367,29639,0.99999945049092243,-5.4950922857466729e-07,5.4950922857466729e-07,0.99999945049092243,-5.4950922857466729e-07,5.4950922857466729e-07,0
368,304,0.99999951327791359,-4.8672220488474964e-07,4.8672220488474964e-07,0.99999951327791359,-4.8672220488474964e-07,4.8672220488474964e-07,0
369,12715,0.99999976829663195,-2.3170339493923616e-07,2.3170339493923616e-07,0.99999976829663195,-2.3170339493923616e-07,2.3170339493923616e-07,0
370,3925,0.99999178366558872,-8.2163681655017411e-06,8.2163681655017411e-06,0.99999178366558872,-8.2163681655017411e-06,8.2163681655017411e-06,0
371,1306,0.9998803252027586,-0.0001196819588413175,0.0001196819588413175,0.9998803252027586,-0.0001196819588413175,0.0001196819588413175,0
372,21933,0.99998306790564317,-1.6932237706342443e-05,1.6932237706342443e-05,0.99998306790564317,-1.6932237706342443e-05,1.6932237706342443e-05,0
373,4987,0.99999608347882052,-3.9165288490464077e-06,3.9165288490464077e-06,0.99999608347882052,-3.9165288490464077e-06,3.9165288490464077e-06,0
374,12126,0.99999769335665412,-2.3066460062069194e-06,2.3066460062069194e-06,0.99999769335665412,-2.3066460062069194e-06,2.3066460062069194e-06,0
375,382,0.9897467791982214,-0.010306147158078469,0.010306147158078469,0.9897467791982214,-0.010306147158078469,0.010306147158078469,0
376,791,0.47339550534972458,-0.74782407635010428,0.74782407635010428,0.47339550534972458,-0.74782407635010428,0.74782407635010428,0
377,3280,0.85512948831451263,-0.15650237319144858,0.15650237319144858,0.85512948831451263,-0.15650237319144858,0.15650237319144858,0
378,574,0.99595900331814458,-0.0040491835718535858,0.0040491835718535858,0.99595900331814458,-0.0040491835718535858,0.0040491835718535858,0
379,1101,0.99130050650457646,-0.0087375549935756764,0.0087375549935756764,0.99130050650457646,-0.0087375549935756764,0.0087375549935756764,0
380,28289,0.70316122904097156,-0.35216906916959823,0.35216906916959823,0.70316122904097156,-0.35216906916959823,0.35216906916959823,0
381,369,0.99999995519546481,-4.4804536187744126e-08,4.4804536187744126e-08,0.99999995519546481,-4.4804536187744126e-08,4.4804536187744126e-08,0
382,279,0.99992657235692539,-7.343033901599718e-05,7.343033901599718e-05,0.99992657235692539,-7.343033901599718e-05,7.343033901599718e-05,0
383,1396,0.9012132827614332,-0.1040133315608131,0.1040133315608131,0.9012132827614332,-0.1040133315608131,0.1040133315608131,0
384,315,0.99999940890216255,-5.9109801214331197e-07,5.9109801214331197e-07,0.99999940890216255,-5.9109801214331197e-07,5.9109801214331197e-07,0
385,35148,0.99039942380999102,-0.0096469588270241286,0.0096469588270241286,0.99039942380999102,-0.0096469588270241286,0.0096469588270241286,0
386,32343,0.99548227268561884,-0.0045279630843371946,0.0045279630843371946,0.99548227268561884,-0.0045279630843371946,0.0045279630843371946,0
387,3233,0.99999379403415101,-6.2059851061306975e-06,6.2059851061306975e-06,0.99999379403415101,-6.2059851061306975e-06,6.2059851061306975e-06,0
388,430,0.99999880164823829,-1.1983524797597656e-06,1.1983524797597656e-06,0.99999880164823829,-1.1983524797597656e-06,1.1983524797597656e-06,0
389,11754,0.53611391985862944,-0.62340860344445226,0.62340860344445226,0.53611391985862944,-0.62340860344445226,0.62340860344445226,0
390,279,0.98950476947188093,-0.010550693868383393,0.010550693868383393,0.98950476947188093,-0.010550693868383393,0.010550693868383393,0
391,26363,0.71253652577232751,-0.33892410391143463,0.33892410391143463,0.71253652577232751,-0.33892410391143463,0.33892410391143463,0
392,11,0.99803315834426309,-0.0019687784287534859,0.0019687784287534859,0.99803315834426309,-0.0019687784287534859,0.0019687784287534859,0
393,6457,0.92594608271574985,-0.076939272040066994,0.076939272040066994,0.92594608271574985,-0.076939272040066994,0.076939272040066994,0
394,11,0.99999797196116846,-2.0280408879922547e-06,2.0280408879922547e-06,0.99999797196116846,-2.0280408879922547e-06,2.0280408879922547e-06,0
395,5734,0.99884119189698539,-0.001159480040272093,0.001159480040272093,0.99884119189698539,-0.001159480040272093,0.001159480040272093,0
396,11,0.99999874561318369,-1.2543876030819301e-06,1.2543876030819301e-06,0.99999874561318369,-1.2543876030819301e-06,1.2543876030819301e-06,0
397,279,0.99923240682837366,-0.00076788792210683401,0.00076788792210683401,0.99923240682837366,-0.00076788792210683401,0.00076788792210683401,0
398,16526,0.99999528348660338,-4.7165245194492241e-06,4.7165245194492241e-06,0.99999528348660338,-4.7165245194492241e-06,4.7165245194492241e-06,0
399,50714,0.99999412138407595,-5.8786332032068507e-06,5.8786332032068507e-06,0.99999412138407595,-5.8786332032068507e-06,5.8786332032068507e-06,0
400,11,0.99999957634084102,-4.2365924875626775e-07,4.2365924875626775e-07,0.99999957634084102,-4.2365924875626775e-07,4.2365924875626775e-07,0
401,2314,0.99979827737930704,-0.00020174296943738788,0.00020174296943738788,0.99979827737930704,-0.00020174296943738788,0.00020174296943738788,0
402,5059,0.99997779485196014,-2.2205394577833658e-05,2.2205394577833658e-05,0.99997779485196014,-2.2205394577833658e-05,2.2205394577833658e-05,0
403,2259,0.99999984086958693,-1.5913042572064679e-07,1.5913042572064679e-07,0.99999984086958693,-1.5913042572064679e-07,1.5913042572064679e-07,0
404,11,0.9999984807829646,-1.5192181894251453e-06,1.5192181894251453e-06,0.9999984807829646,-1.5192181894251453e-06,1.5192181894251453e-06,0
405,323,0.99999973186662716,-2.6813340883295032e-07,2.6813340883295032e-07,0.99999973186662716,-2.6813340883295032e-07,2.6813340883295032e-07,0
406,5370,0.99999399765769859,-6.0023603155051277e-06,6.0023603155051277e-06,0.99999399765769859,-6.0023603155051277e-06,6.0023603155051277e-06,0
407,30100,0.9999889658118033,-1.1034249073757495e-05,1.1034249073757495e-05,0.9999889658118033,-1.1034249073757495e-05,1.1034249073757495e-05,0
408,304,0.99999971369015461,-2.8630988633535764e-07,2.8630988633535764e-07,0.99999971369015461,-2.8630988633535764e-07,2.8630988633535764e-07,0
409,279,0.99999930592580777,-6.9407443308727526e-07,6.9407443308727526e-07,0.99999930592580777,-6.9407443308727526e-07,6.9407443308727526e-07,0
410,19001,0.999985067526586,-1.4932584904474058e-05,1.4932584904474058e-05,0.999985067526586,-1.4932584904474058e-05,1.4932584904474058e-05,0
411,16867,0.99999791526254522,-2.0847396278961253e-06,2.0847396278961253e-06,0.99999791526254522,-2.0847396278961253e-06,2.0847396278961253e-06,0
412,13,0.99955382190703668,-0.00044627766002618504,0.00044627766002618504,0.99955382190703668,-0.00044627766002618504,0.00044627766002618504,0
413,578,0.99866511714510331,-0.0013357746046908461,0.0013357746046908461,0.99866511714510331,-0.0013357746046908461,0.0013357746046908461,0
414,3280,0.99925808378907455,-0.00074219156695999188,0.00074219156695999188,0.99925808378907455,-0.00074219156695999188,0.00074219156695999188,0
415,574,0.99992989200860627,-7.0110449073784457e-05,7.0110449073784457e-05,0.99992989200860627,-7.0110449073784457e-05,7.0110449073784457e-05,0
416,1101,0.99896867793261812,-0.0010318542459150253,0.0010318542459150253,0.99896867793261812,-0.0010318542459150253,0.0010318542459150253,0
417,13160,0.99998099547144503,-1.9004709143313488e-05,1.9004709143313488e-05,0.99998099547144503,-1.9004709143313488e-05,1.9004709143313488e-05,0
418,555,0.99999956820368385,-4.3179640932945567e-07,4.3179640932945567e-07,0.99999956820368385,-4.3179640932945567e-07,4.3179640932945567e-07,0
419,3892,0.99993761556220906,-6.2386383780926982e-05,6.2386383780926982e-05,0.99993761556220906,-6.2386383780926982e-05,6.2386383780926982e-05,0
420,5199,0.99998835266742092,-1.1647400409773538e-05,1.1647400409773538e-05,0.99998835266742092,-1.1647400409773538e-05,1.1647400409773538e-05,0
421,44583,0.99998642916960889,-1.3570922475624085e-05,1.3570922475624085e-05,0.99998642916960889,-1.3570922475624085e-05,1.3570922475624085e-05,0
422,11,0.9999668229839912,-3.3177566378193441e-05,3.3177566378193441e-05,0.9999668229839912,-3.3177566378193441e-05,3.3177566378193441e-05,0
423,2737,0.99997166888028644,-2.8331521047269872e-05,2.8331521047269872e-05,0.99997166888028644,-2.8331521047269872e-05,2.8331521047269872e-05,0
424,14221,0.99849594436083289,-0.0015051878662807393,0.0015051878662807393,0.99849594436083289,-0.0015051878662807393,0.0015051878662807393,0
425,78149,0.99993050100131575,-6.9501413851516368e-05,6.9501413851516368e-05,0.99993050100131575,-6.9501413851516368e-05,6.9501413851516368e-05,0
426,2417,0.69983961412465845,-0.35690409287040287,0.35690409287040287,0.69983961412465845,-0.35690409287040287,0.35690409287040287,0
427,65,0.99999958922819832,-4.1077188607147902e-07,4.1077188607147902e-07,0.99999958922819832,-4.1077188607147902e-07,4.1077188607147902e-07,0
428,7835,0.99993709653562501,-6.2905442880889116e-05,6.2905442880889116e-05,0.99993709653562501,-6.2905442880889116e-05,6.2905442880889116e-05,0
429,11,0.99357084339243751,-0.006449912645276429,0.006449912645276429,0.99357084339243751,-0.006449912645276429,0.006449912645276429,0
430,902,0.99665487326635471,-0.0033507341786456687,0.0033507341786456687,0.99665487326635471,-0.0033507341786456687,0.0033507341786456687,0
431,9057,0.99995693529020024,-4.3065637110995066e-05,4.3065637110995066e-05,0.99995693529020024,-4.3065637110995066e-05,4.3065637110995066e-05,0
432,3892,0.99997001090750037,-2.9989542181499089e-05,2.9989542181499089e-05,0.99997001090750037,-2.9989542181499089e-05,2.9989542181499089e-05,0
433,16779,0.99999375078955344,-6.2492299729565366e-06,6.2492299729565366e-06,0.99999375078955344,-6.2492299729565366e-06,6.2492299729565366e-06,0
434,323,0.99999697143002364,-3.0285745624418886e-06,3.0285745624418886e-06,0.99999697143002364,-3.0285745624418886e-06,3.0285745624418886e-06,0
435,16781,0.99997515338169951,-2.4846926982864223e-05,2.4846926982864223e-05,0.99997515338169951,-2.4846926982864223e-05,2.4846926982864223e-05,0
436,5674,0.99995058562495398,-4.9415595976470954e-05,4.9415595976470954e-05,0.99995058562495398,-4.9415595976470954e-05,4.9415595976470954e-05,0
437,4028,0.99999594893681987,-4.051071385737669e-06,4.051071385737669e-06,0.99999594893681987,-4.051071385737669e-06,4.051071385737669e-06,0
438,279,0.99999630231781789,-3.6976890186044986e-06,3.6976890186044986e-06,0.99999630231781789,-3.6976890186044986e-06,3.6976890186044986e-06,0
439,26363,0.99992732698186082,-7.2675658950870599e-05,7.2675658950870599e-05,0.99992732698186082,-7.2675658950870599e-05,7.2675658950870599e-05,0
440,323,0.99999639222879533,-3.6077777126671185e-06,3.6077777126671185e-06,0.99999639222879533,-3.6077777126671185e-06,3.6077777126671185e-06,0
441,5734,0.99999153221949111,-8.4678163606986545e-06,8.4678163606986545e-06,0.99999153221949111,-8.4678163606986545e-06,8.4678163606986545e-06,0
442,11,0.99889323383290551,-0.0011073790850484792,0.0011073790850484792,0.99889323383290551,-0.0011073790850484792,0.0011073790850484792,0
443,323,0.99999927437729796,-7.256229653501727e-07,7.256229653501727e-07,0.99999927437729796,-7.256229653501727e-07,7.256229653501727e-07,0
444,14221,0.99993909679722692,-6.0905057448399974e-05,6.0905057448399974e-05,0.99993909679722692,-6.0905057448399974e-05,6.0905057448399974e-05,0
445,78149,0.9999999011738081,-9.8826196783259887e-08,9.8826196783259887e-08,0.9999999011738081,-9.8826196783259887e-08,9.8826196783259887e-08,0
446,11583,0.99978546211191388,-0.00021456090463079384,0.00021456090463079384,0.99978546211191388,-0.00021456090463079384,0.00021456090463079384,0
447,22530,0.99997405016346275,-2.5950173240033054e-05,2.5950173240033054e-05,0.99997405016346275,-2.5950173240033054e-05,2.5950173240033054e-05,0
448,11,0.99998077226562465,-1.9227919230652023e-05,1.9227919230652023e-05,0.99998077226562465,-1.9227919230652023e-05,1.9227919230652023e-05,0
449,902,0.99999711449731665,-2.8855068463861071e-06,2.8855068463861071e-06,0.99999711449731665,-2.8855068463861071e-06,2.8855068463861071e-06,0
450,6244,0.99996878358510832,-3.121690213404676e-05,3.121690213404676e-05,0.99996878358510832,-3.121690213404676e-05,3.121690213404676e-05,0
451,832,0.99999617802280716,-3.8219844965869588e-06,3.8219844965869588e-06,0.99999617802280716,-3.8219844965869588e-06,3.8219844965869588e-06,0
452,315,0.99999918590650383,-8.1409382759957356e-07,8.1409382759957356e-07,0.99999918590650383,-8.1409382759957356e-07,8.1409382759957356e-07,0
453,279,0.99999419515022503,-5.8048666231899402e-06,5.8048666231899402e-06,0.99999419515022503,-5.8048666231899402e-06,5.8048666231899402e-06,0
454,2853,0.99998006876973833,-1.9931428891313204e-05,1.9931428891313204e-05,0.99998006876973833,-1.9931428891313204e-05,1.9931428891313204e-05,0
455,24013,0.99998829572952919,-1.1704338966300361e-05,1.1704338966300361e-05,0.99998829572952919,-1.1704338966300361e-05,1.1704338966300361e-05,0
456,13892,0.99999167116395116,-8.3288707337682593e-06,8.3288707337682593e-06,0.99999167116395116,-8.3288707337682593e-06,8.3288707337682593e-06,0
457,764,0.99999961802256787,-3.8197750505886602e-07,3.8197750505886602e-07,0.99999961802256787,-3.8197750505886602e-07,3.8197750505886602e-07,0
458,29639,0.99999938913483277,-6.1086535379531697e-07,6.1086535379531697e-07,0.99999938913483277,-6.1086535379531697e-07,6.1086535379531697e-07,0
459,304,0.99999550107464974,-4.4989354705109086e-06,4.4989354705109086e-06,0.99999550107464974,-4.4989354705109086e-06,4.4989354705109086e-06,0
460,12715,0.99999838402816421,-1.6159731414591524e-06,1.6159731414591524e-06,0.99999838402816421,-1.6159731414591524e-06,1.6159731414591524e-06,0
461,3925,0.99998322992204225,-1.6770218577102317e-05,1.6770218577102317e-05,0.99998322992204225,-1.6770218577102317e-05,1.6770218577102317e-05,0
462,1306,0.99998447553287451,-1.552458763133609e-05,1.552458763133609e-05,0.99998447553287451,-1.552458763133609e-05,1.552458763133609e-05,0
463,21933,0.99996996134830596,-3.0039102863426075e-05,3.0039102863426075e-05,0.99996996134830596,-3.0039102863426075e-05,3.0039102863426075e-05,0
464,4987,0.99999042452444176,-9.5755214034470046e-06,9.5755214034470046e-06,0.99999042452444176,-9.5755214034470046e-06,9.5755214034470046e-06,0
465,12126,0.99998647413090169,-1.3525960573744224e-05,1.3525960573744224e-05,0.99998647413090169,-1.3525960573744224e-05,1.3525960573744224e-05,0
466,382,0.98659612222508442,-0.013494520633073128,0.013494520633073128,0.98659612222508442,-0.013494520633073128,0.013494520633073128,0
467,791,0.50502423092549298,-0.68314886882719883,0.68314886882719883,0.50502423092549298,-0.68314886882719883,0.68314886882719883,0
468,3280,0.81540730120307148,-0.20406753450036436,0.20406753450036436,0.81540730120307148,-0.20406753450036436,0.20406753450036436,0
469,574,0.99810230669859124,-0.0018994962026053007,0.0018994962026053007,0.99810230669859124,-0.0018994962026053007,0.0018994962026053007,0
470,1101,0.99648666564249344,-0.0035195206104940229,0.0035195206104940229,0.99648666564249344,-0.0035195206104940229,0.0035195206104940229,0
471,28289,0.93740395689741318,-0.06464097236161126,0.06464097236161126,0.93740395689741318,-0.06464097236161126,0.06464097236161126,0
472,369,0.9999986311431347,-1.3688578021396556e-06,1.3688578021396556e-06,0.9999986311431347,-1.3688578021396556e-06,1.3688578021396556e-06,0
473,279,0.99998822955162237,-1.1770517649884501e-05,1.1770517649884501e-05,0.99998822955162237,-1.1770517649884501e-05,1.1770517649884501e-05,0
474,1396,0.98662050853298733,-0.013469803318690059,0.013469803318690059,0.98662050853298733,-0.013469803318690059,0.013469803318690059,0
475,315,0.99999484586368437,-5.1541495982863124e-06,5.1541495982863124e-06,0.99999484586368437,-5.1541495982863124e-06,5.1541495982863124e-06,0
476,35148,0.99979609593281782,-0.00020392485844283667,0.00020392485844283667,0.99979609593281782,-0.00020392485844283667,0.00020392485844283667,0
477,32343,0.99989118094668195,-0.00010882497454083158,0.00010882497454083158,0.99989118094668195,-0.00010882497454083158,0.00010882497454083158,0
478,3233,0.99999637997044322,-3.620036109073293e-06,3.620036109073293e-06,0.99999637997044322,-3.620036109073293e-06,3.620036109073293e-06,0
479,430,0.99999176208459162,-8.2379493402100838e-06,8.2379493402100838e-06,0.99999176208459162,-8.2379493402100838e-06,8.2379493402100838e-06,0
480,11754,0.99698202844363937,-0.0030225348160228616,0.0030225348160228616,0.99698202844363937,-0.0030225348160228616,0.0030225348160228616,0
481,279,0.99974843454582341,-0.00025159710207328374,0.00025159710207328374,0.99974843454582341,-0.00025159710207328374,0.00025159710207328374,0
482,26363,0.99406499554185423,-0.0059526865941878764,0.0059526865941878764,0.99406499554185423,-0.0059526865941878764,0.0059526865941878764,0
483,11,0.99995166407974878,-4.8337088469460166e-05,4.8337088469460166e-05,0.99995166407974878,-4.8337088469460166e-05,4.8337088469460166e-05,0
484,6457,0.99995236055611447,-4.7640578679848321e-05,4.7640578679848321e-05,0.99995236055611447,-4.7640578679848321e-05,4.7640578679848321e-05,0
485,11,0.99999645255433811,-3.5474519540517756e-06,3.5474519540517756e-06,0.99999645255433811,-3.5474519540517756e-06,3.5474519540517756e-06,0
486,5734,0.99997862772692592,-2.1372501464379296e-05,2.1372501464379296e-05,0.99997862772692592,-2.1372501464379296e-05,2.1372501464379296e-05,0
487,11,0.99999673992098503,-3.2600843290504901e-06,3.2600843290504901e-06,0.99999673992098503,-3.2600843290504901e-06,3.2600843290504901e-06,0
488,279,0.99997140533962481,-2.8595069210339736e-05,2.8595069210339736e-05,0.99997140533962481,-2.8595069210339736e-05,2.8595069210339736e-05,0
489,16526,0.99993072273030248,-6.9279669478457669e-05,6.9279669478457669e-05,0.99993072273030248,-6.9279669478457669e-05,6.9279669478457669e-05,0
490,50714,0.99994563209280818,-5.4369385180099602e-05,5.4369385180099602e-05,0.99994563209280818,-5.4369385180099602e-05,5.4369385180099602e-05,0
491,11,0.99999766282387592,-2.337178855282363e-06,2.337178855282363e-06,0.99999766282387592,-2.337178855282363e-06,2.337178855282363e-06,0
492,2314,0.99994308672155319,-5.6914898068875475e-05,5.6914898068875475e-05,0.99994308672155319,-5.6914898068875475e-05,5.6914898068875475e-05,0
493,5059,0.9999504148234194,-4.9586405966162748e-05,4.9586405966162748e-05,0.9999504148234194,-4.9586405966162748e-05,4.9586405966162748e-05,0
494,2259,0.99999862200039047,-1.3780005590131438e-06,1.3780005590131438e-06,0.99999862200039047,-1.3780005590131438e-06,1.3780005590131438e-06,0
495,11,0.9999934132738868,-6.5867478058246133e-06,6.5867478058246133e-06,0.9999934132738868,-6.5867478058246133e-06,6.5867478058246133e-06,0
496,323,0.99998338559518418,-1.6614542836613944e-05,1.6614542836613944e-05,0.99998338559518418,-1.6614542836613944e-05,1.6614542836613944e-05,0
497,5370,0.99995310053230357,-4.6900567510844757e-05,4.6900567510844757e-05,0.99995310053230357,-4.6900567510844757e-05,4.6900567510844757e-05,0
498,30100,0.99996239549819133,-3.7605208875628609e-05,3.7605208875628609e-05,0.99996239549819133,-3.7605208875628609e-05,3.7605208875628609e-05,0
499,304,0.99999798132836315,-2.0186736744003059e-06,2.0186736744003059e-06,0.99999798132836315,-2.0186736744003059e-06,2.0186736744003059e-06,0
500,279,0.99999618522431555,-3.8147829607395787e-06,3.8147829607395787e-06,0.99999618522431555,-3.8147829607395787e-06,3.8147829607395787e-06,0
501,19001,0.99998365128725319,-1.6348846388437852e-05,1.6348846388437852e-05,0.99998365128725319,-1.6348846388437852e-05,1.6348846388437852e-05,0
502,16867,0.99998833830897771,-1.1661759020373414e-05,1.1661759020373414e-05,0.99998833830897771,-1.1661759020373414e-05,1.1661759020373414e-05,0
503,13,0.99963455176496641,-0.00036551502751315621,0.00036551502751315621,0.99963455176496641,-0.00036551502751315621,0.00036551502751315621,0
504,578,0.99524290542972205,-0.0047684455574398387,0.0047684455574398387,0.99524290542972205,-0.0047684455574398387,0.0047684455574398387,0
505,3280,0.99998738398766696,-1.2616091915613695e-05,1.2616091915613695e-05,0.99998738398766696,-1.2616091915613695e-05,1.2616091915613695e-05,0
506,574,0.99997731661175893,-2.2683645512979301e-05,2.2683645512979301e-05,0.99997731661175893,-2.2683645512979301e-05,2.2683645512979301e-05,0
507,1101,0.99996536453385509,-3.4636065966487798e-05,3.4636065966487798e-05,0.99996536453385509,-3.4636065966487798e-05,3.4636065966487798e-05,0
508,13160,0.99998985433534193,-1.0145716125664828e-05,1.0145716125664828e-05,0.99998985433534193,-1.0145716125664828e-05,1.0145716125664828e-05,0
509,555,0.99999716748569534,-2.8325183162164973e-06,2.8325183162164973e-06,0.99999716748569534,-2.8325183162164973e-06,2.8325183162164973e-06,0
510,3892,0.99997690276696594,-2.3097499779233023e-05,2.3097499779233023e-05,0.99997690276696594,-2.3097499779233023e-05,2.3097499779233023e-05,0
511,5199,0.99998307967300959,-1.6920470140763472e-05,1.6920470140763472e-05,0.99998307967300959,-1.6920470140763472e-05,1.6920470140763472e-05,0
512,44583,0.99996232256993256,-3.767813987959404e-05,3.767813987959404e-05,0.99996232256993256,-3.767813987959404e-05,3.767813987959404e-05,0
513,11,0.99996873287533117,-3.1267613495527272e-05,3.1267613495527272e-05,0.99996873287533117,-3.1267613495527272e-05,3.1267613495527272e-05,0
514,2737,0.99998527933651959,-1.4720771830413545e-05,1.4720771830413545e-05,0.99998527933651959,-1.4720771830413545e-05,1.4720771830413545e-05,0
515,14221,0.99969054274661806,-0.00030950514515831886,0.00030950514515831886,0.99969054274661806,-0.00030950514515831886,0.00030950514515831886,0
516,78149,0.9999950837698609,-4.9162422238015413e-06,4.9162422238015413e-06,0.9999950837698609,-4.9162422238015413e-06,4.9162422238015413e-06,0
517,2417,0.98898405624252206,-0.011077068578833156,0.011077068578833156,0.98898405624252206,-0.011077068578833156,0.011077068578833156,0
518,65,0.99999365164698151,-6.3483731694020396e-06,6.3483731694020396e-06,0.99999365164698151,-6.3483731694020396e-06,6.3483731694020396e-06,0
519,7835,0.99997003925985983,-2.9961188972086978e-05,2.9961188972086978e-05,0.99997003925985983,-2.9961188972086978e-05,2.9961188972086978e-05,0
520,11,0.99987913996743238,-0.00012086733672985188,0.00012086733672985188,0.99987913996743238,-0.00012086733672985188,0.00012086733672985188,0
521,902,0.99995822779552812,-4.1773076954681486e-05,4.1773076954681486e-05,0.99995822779552812,-4.1773076954681486e-05,4.1773076954681486e-05,0
522,9057,0.9998480444620369,-0.00015196708437561728,0.00015196708437561728,0.9998480444620369,-0.00015196708437561728,0.00015196708437561728,0
523,3892,0.9999552638292416,-4.4737171450697873e-05,4.4737171450697873e-05,0.9999552638292416,-4.4737171450697873e-05,4.4737171450697873e-05,0
524,16779,0.99997741325100531,-2.2587004079186417e-05,2.2587004079186417e-05,0.99997741325100531,-2.2587004079186417e-05,2.2587004079186417e-05,0
525,323,0.99998693671316108,-1.3063372164418608e-05,1.3063372164418608e-05,0.99998693671316108,-1.3063372164418608e-05,1.3063372164418608e-05,0
526,16781,0.99994444923879344,-5.5552304207252683e-05,5.5552304207252683e-05,0.99994444923879344,-5.5552304207252683e-05,5.5552304207252683e-05,0
527,5674,0.99992321269403306,-7.679025426310081e-05,7.679025426310081e-05,0.99992321269403306,-7.679025426310081e-05,7.679025426310081e-05,0
528,4028,0.99999256367030298,-7.4363573466771085e-06,7.4363573466771085e-06,0.99999256367030298,-7.4363573466771085e-06,7.4363573466771085e-06,0
529,279,0.99998663667130394,-1.3363417986118774e-05,1.3363417986118774e-05,0.99998663667130394,-1.3363417986118774e-05,1.3363417986118774e-05,0
530,26363,0.99982413280401472,-0.00017588266243396926,0.00017588266243396926,0.99982413280401472,-0.00017588266243396926,0.00017588266243396926,0
531,323,0.99998941216484982,-1.0587891201697353e-05,1.0587891201697353e-05,0.99998941216484982,-1.0587891201697353e-05,1.0587891201697353e-05,0
532,5734,0.99998270875148731,-1.7291398008098485e-05,1.7291398008098485e-05,0.99998270875148731,-1.7291398008098485e-05,1.7291398008098485e-05,0
533,11,0.99985900107846792,-0.00014100886281447449,0.00014100886281447449,0.99985900107846792,-0.00014100886281447449,0.00014100886281447449,0
534,323,0.99998867481173759,-1.1325252392789632e-05,1.1325252392789632e-05,0.99998867481173759,-1.1325252392789632e-05,1.1325252392789632e-05,0
535,14221,0.99988287762745764,-0.00011712923190299612,0.00011712923190299612,0.99988287762745764,-0.00011712923190299612,0.00011712923190299612,0
536,78149,0.99999965197647323,-3.480235873401039e-07,3.480235873401039e-07,0.99999965197647323,-3.480235873401039e-07,3.480235873401039e-07,0
537,11583,0.99985428092644091,-0.00014572969161479442,0.00014572969161479442,0.99985428092644091,-0.00014572969161479442,0.00014572969161479442,0
538,22530,0.99990289796614895,-9.7106748558793173e-05,9.7106748558793173e-05,0.99990289796614895,-9.7106748558793173e-05,9.7106748558793173e-05,0
539,11,0.99996207400256121,-3.7926716647596893e-05,3.7926716647596893e-05,0.99996207400256121,-3.7926716647596893e-05,3.7926716647596893e-05,0
540,902,0.99999461261086608,-5.3874036459464821e-06,5.3874036459464821e-06,0.99999461261086608,-5.3874036459464821e-06,5.3874036459464821e-06,0
541,6244,0.99993763105647915,-6.237088854431934e-05,6.237088854431934e-05,0.99993763105647915,-6.237088854431934e-05,6.237088854431934e-05,0
542,832,0.99998564010785818,-1.4359995246092866e-05,1.4359995246092866e-05,0.99998564010785818,-1.4359995246092866e-05,1.4359995246092866e-05,0
543,315,0.99999245152684335,-7.5485016465038915e-06,7.5485016465038915e-06,0.99999245152684335,-7.5485016465038915e-06,7.5485016465038915e-06,0
544,279,0.99997819817188571,-2.1802065777632641e-05,2.1802065777632641e-05,0.99997819817188571,-2.1802065777632641e-05,2.1802065777632641e-05,0
545,2853,0.99992326592772141,-7.6737016488174603e-05,7.6737016488174603e-05,0.99992326592772141,-7.6737016488174603e-05,7.6737016488174603e-05,0
546,24013,0.99995580799073935,-4.4192985756234079e-05,4.4192985756234079e-05,0.99995580799073935,-4.4192985756234079e-05,4.4192985756234079e-05,0
547,13892,0.99996456343448437,-3.543719340556931e-05,3.543719340556931e-05,0.99996456343448437,-3.543719340556931e-05,3.543719340556931e-05,0
548,764,0.99999902735938362,-9.7264108938679006e-07,9.7264108938679006e-07,0.99999902735938362,-9.7264108938679006e-07,9.7264108938679006e-07,0
549,29639,0.99999915742222389,-8.4257813112420623e-07,8.4257813112420623e-07,0.99999915742222389,-8.4257813112420623e-07,8.4257813112420623e-07,0
550,304,0.99997866651749689,-2.1333710065052641e-05,2.1333710065052641e-05,0.99997866651749689,-2.1333710065052641e-05,2.1333710065052641e-05,0
551,12715,0.99999423546638311,-5.7645502319258445e-06,5.7645502319258445e-06,0.99999423546638311,-5.7645502319258445e-06,5.7645502319258445e-06,0
552,3925,0.99996965775685254,-3.0342703482623441e-05,3.0342703482623441e-05,0.99996965775685254,-3.0342703482623441e-05,3.0342703482623441e-05,0
553,1306,0.99997318188788742,-2.6818471724606357e-05,2.6818471724606357e-05,0.99997318188788742,-2.6818471724606357e-05,2.6818471724606357e-05,0
554,21933,0.9999332481577845,-6.6754070218900849e-05,6.6754070218900849e-05,0.9999332481577845,-6.6754070218900849e-05,6.6754070218900849e-05,0
555,4987,0.99997669772036601,-2.3302551136291899e-05,2.3302551136291899e-05,0.99997669772036601,-2.3302551136291899e-05,2.3302551136291899e-05,0
556,12126,0.99996338578662869,-3.6614883687978247e-05,3.6614883687978247e-05,0.99996338578662869,-3.6614883687978247e-05,3.6614883687978247e-05,0
557,382,0.96831417160334632,-0.032198686921459746,0.032198686921459746,0.96831417160334632,-0.032198686921459746,0.032198686921459746,0
558,791,0.65702946134391993,-0.42002641927472062,0.42002641927472062,0.65702946134391993,-0.42002641927472062,0.42002641927472062,0
559,3280,0.89352041496301704,-0.11258609633587548,0.11258609633587548,0.89352041496301704,-0.11258609633587548,0.11258609633587548,0
560,574,0.99954986355863062,-0.00045023778319023617,0.00045023778319023617,0.99954986355863062,-0.00045023778319023617,0.00045023778319023617,0
561,1101,0.99831569242577001,-0.0016857276149798734,0.0016857276149798734,0.99831569242577001,-0.0016857276149798734,0.0016857276149798734,0
562,28289,0.97493022124349815,-0.025389378500784692,0.025389378500784692,0.97493022124349815,-0.025389378500784692,0.025389378500784692,0
563,369,0.9999903370608374,-9.6629858491133596e-06,9.6629858491133596e-06,0.9999903370608374,-9.6629858491133596e-06,9.6629858491133596e-06,0
564,279,0.99996793597885913,-3.2064535202628238e-05,3.2064535202628238e-05,0.99996793597885913,-3.2064535202628238e-05,3.2064535202628238e-05,0
565,1396,0.99980037581971692,-0.00019964410784185666,0.00019964410784185666,0.99980037581971692,-0.00019964410784185666,0.00019964410784185666,0
566,315,0.99998712580051219,-1.2874282361076155e-05,1.2874282361076155e-05,0.99998712580051219,-1.2874282361076155e-05,1.2874282361076155e-05,0
567,35148,0.99995623366065522,-4.3767297118906352e-05,4.3767297118906352e-05,0.99995623366065522,-4.3767297118906352e-05,4.3767297118906352e-05,0
568,32343,0.99984721437767354,-0.0001527972952385915,0.0001527972952385915,0.99984721437767354,-0.0001527972952385915,0.0001527972952385915,0
569,3233,0.99998959268217691,-1.0407371979565879e-05,1.0407371979565879e-05,0.99998959268217691,-1.0407371979565879e-05,1.0407371979565879e-05,0
570,430,0.99996207673145765,-3.7923987647709421e-05,3.7923987647709421e-05,0.99996207673145765,-3.7923987647709421e-05,3.7923987647709421e-05,0
571,11754,0.99961677949846972,-0.00038329394927170008,0.00038329394927170008,0.99961677949846972,-0.00038329394927170008,0.00038329394927170008,0
572,279,0.99988331279516174,-0.000116694013319835,0.000116694013319835,0.99988331279516174,-0.000116694013319835,0.000116694013319835,0
573,26363,0.99935945474551813,-0.00064075049124032049,0.00064075049124032049,0.99935945474551813,-0.00064075049124032049,0.00064075049124032049,0
574,11,0.99995687031306302,-4.3130617048722565e-05,4.3130617048722565e-05,0.99995687031306302,-4.3130617048722565e-05,4.3130617048722565e-05,0
575,6457,0.99996437555102125,-3.5625083544496142e-05,3.5625083544496142e-05,0.99996437555102125,-3.5625083544496142e-05,3.5625083544496142e-05,0
576,11,0.99998952075438674,-1.0479300520910212e-05,1.0479300520910212e-05,0.99998952075438674,-1.0479300520910212e-05,1.0479300520910212e-05,0
577,5734,0.99997773444143756,-2.2265806443626604e-05,2.2265806443626604e-05,0.99997773444143756,-2.2265806443626604e-05,2.2265806443626604e-05,0
578,11,0.99999133196621148,-8.6680713561313434e-06,8.6680713561313434e-06,0.99999133196621148,-8.6680713561313434e-06,8.6680713561313434e-06,0
579,279,0.99994113568346787,-5.8866049104043546e-05,5.8866049104043546e-05,0.99994113568346787,-5.8866049104043546e-05,5.8866049104043546e-05,0
580,16526,0.99977930716471464,-0.00022071719153270354,0.00022071719153270354,0.99977930716471464,-0.00022071719153270354,0.00022071719153270354,0
581,50714,0.99983382482418959,-0.00016618898443471493,0.00016618898443471493,0.99983382482418959,-0.00016618898443471493,0.00016618898443471493,0
582,11,0.99998882550765622,-1.1174554778879084e-05,1.1174554778879084e-05,0.99998882550765622,-1.1174554778879084e-05,1.1174554778879084e-05,0
583,2314,0.99996188376963524,-3.8116956806685509e-05,3.8116956806685509e-05,0.99996188376963524,-3.8116956806685509e-05,3.8116956806685509e-05,0
584,5059,0.99998933681180735,-1.0663245044873811e-05,1.0663245044873811e-05,0.99998933681180735,-1.0663245044873811e-05,1.0663245044873811e-05,0
585,2259,0.99999012683073008,-9.8732180100157833e-06,9.8732180100157833e-06,0.99999012683073008,-9.8732180100157833e-06,9.8732180100157833e-06,0
586,11,0.99998276566302158,-1.7234485491337678e-05,1.7234485491337678e-05,0.99998006945422679,-1.9930744389178818e-05,1.9930744389178818e-05,-2.6962588978411395e-06
587,323,0.99992292240015457,-7.7080570476290678e-05,7.7080570476290678e-05,0.9998801554143838,-0.00011985176755235498,0.00011985176755235498,-4.2771197076064304e-05
588,5370,0.9998841966745633,-0.00011581003115948136,0.00011581003115948136,0.99988646634636968,-0.00011354009906340867,0.00011354009906340867,2.2699320960726903e-06
589,30100,0.99978278378596985,-0.00021723980888880006,0.00021723980888880006,0.99987312043859589,-0.00012688761129662181,0.00012688761129662181,9.0352197592178247e-05
590,304,0.99999292307156806,-7.0769534735137486e-06,7.0769534735137486e-06,0.99999290219486514,-7.0978303243471822e-06,7.0978303243471822e-06,-2.0876850833433589e-08
591,279,0.99998894666622362,-1.1053394864874763e-05,1.1053394864874763e-05,0.99998672326243132,-1.3276825705345265e-05,1.3276825705345265e-05,-2.2234308404705021e-06
592,19001,0.99997300507501452,-2.6995289354996427e-05,2.6995289354996427e-05,0.99997029155768047,-2.9708883624034783e-05,2.9708883624034783e-05,-2.7135942690383562e-06
593,16867,0.99996860804037258,-3.1392452365261989e-05,3.1392452365261989e-05,0.99996759784740363,-3.2402677557413813e-05,3.2402677557413813e-05,-1.0102251921518239e-06
594,13,0.9997196149492078,-0.0002804243660296662,0.0002804243660296662,0.99973316490845454,-0.00026687069836270376,0.00026687069836270376,1.3553667666962432e-05
595,578,0.99694796943309749,-0.0030566975103816659,0.0030566975103816659,0.99553767485620326,-0.0044723110345754151,0.0044723110345754151,-0.0014156135241937492
596,3280,0.99997591170268918,-2.4088587438530501e-05,2.4088587438530501e-05,0.99998069875627216,-1.9301429999261252e-05,1.9301429999261252e-05,4.7871574392692497e-06
597,574,0.99992211030444633,-7.7892729113512003e-05,7.7892729113512003e-05,0.99993218649263116,-6.7815806808671576e-05,6.7815806808671576e-05,1.0076922304840427e-05
598,1101,0.99995753670228749,-4.2464199303889919e-05,4.2464199303889919e-05,0.99996450403300685,-3.5496596989926312e-05,3.5496596989926312e-05,6.9676023139636069e-06
599,13160,0.99995725808075031,-4.274283271150273e-05,4.274283271150273e-05,0.99995873250498468,-4.126834654184852e-05,4.126834654184852e-05,1.4744861696542103e-06
600,555,0.99999062251415327,-9.3775298156598995e-06,9.3775298156598995e-06,0.99999194988747075,-8.0501449315698811e-06,8.0501449315698811e-06,1.3273848840900184e-06
601,3892,0.99994011252168302,-5.9889271643553282e-05,5.9889271643553282e-05,0.9999460234742038,-5.3977982581246898e-05,5.3977982581246898e-05,5.9112890623063836e-06
602,5199,0.99994365290946841,-5.6348678088581823e-05,5.6348678088581823e-05,0.99994343420479193,-5.6567395112957694e-05,5.6567395112957694e-05,-2.1871702437587176e-07
603,44583,0.99986987661581783,-0.00013013185096418653,0.00013013185096418653,0.99990712403687176,-9.2880276367583703e-05,9.2880276367583703e-05,3.7251574596602828e-05
604,11,0.99994531740261006,-5.4684092537668256e-05,5.4684092537668256e-05,0.99994759187094928,-5.2409502404688001e-05,5.2409502404688001e-05,2.2745901329802556e-06
605,2737,0.99996724465191211,-3.2755884555995847e-05,3.2755884555995847e-05,0.99997845676800734,-2.1543464051424783e-05,2.1543464051424783e-05,1.1212420504571065e-05
606,14221,0.99966142213287468,-0.00033863519755229055,0.00033863519755229055,0.99974325557088251,-0.00025677739361082517,0.00025677739361082517,8.1857803941465387e-05
607,78149,0.99998555644501841,-1.4443659290786295e-05,1.4443659290786295e-05,0.99999057944176128,-9.4206026124860002e-06,9.4206026124860002e-06,5.0230566783002952e-06
608,2417,0.99647329633078396,-0.0035329371486732247,0.0035329371486732247,0.99800430514849447,-0.0019976889039308235,0.0019976889039308235,0.0015352482447424012
609,65,0.99995371376088915,-4.6287310351824446e-05,4.6287310351824446e-05,0.99996586855775182,-3.4132024739091992e-05,3.4132024739091992e-05,1.2155285612732454e-05
610,7835,0.99984658984403485,-0.00015342192450677208,0.00015342192450677208,0.99993582137307357,-6.4180686462673826e-05,6.4180686462673826e-05,8.9241238044098249e-05
611,11,0.99964074914320611,-0.00035931540284220173,0.00035931540284220173,0.99978506340023898,-0.0002149597019424217,0.0002149597019424217,0.00014435570089978004
612,902,0.99989838726914826,-0.00010161789377502381,0.00010161789377502381,0.99993429564592207,-6.5706512703561353e-05,6.5706512703561353e-05,3.591138107146246e-05
613,9057,0.99964688396115808,-0.00035317839899101465,0.00035317839899101465,0.99970620241472496,-0.00029384075224075061,0.00029384075224075061,5.9337646750264039e-05
614,3892,0.99981062712985458,-0.00018939080345148126,0.00018939080345148126,0.99990674658130163,-9.3257767068740616e-05,9.3257767068740616e-05,9.6133036382740647e-05
615,16779,0.99993978509982195,-6.0216713167950992e-05,6.0216713167950992e-05,0.99996172871169409,-3.8272020670332459e-05,3.8272020670332459e-05,2.1944692497618533e-05
616,323,0.99992255182042111,-7.7451178844003613e-05,7.7451178844003613e-05,0.99996840547213339,-3.1595026984194045e-05,3.1595026984194045e-05,4.5856151859809568e-05
617,16781,0.9998515552321493,-0.00014845578686568383,0.00014845578686568383,0.99990054851454102,-9.9456431085834026e-05,9.9456431085834026e-05,4.8999355779849805e-05
618,5674,0.99946539692657677,-0.00053474602459670792,0.00053474602459670792,0.99986426275101847,-0.00013574646211557723,0.00013574646211557723,0.00039899956248113072
619,4028,0.999950671105728,-4.9330110981950847e-05,4.9330110981950847e-05,0.99998771992773072,-1.2280147669992778e-05,1.2280147669992778e-05,3.7049963311958065e-05
620,279,0.99989760218458468,-0.00010240305842958309,0.00010240305842958309,0.99996725313714174,-3.2747399048507017e-05,3.2747399048507017e-05,6.9655659381076063e-05
621,26363,0.99919263353431031,-0.00080769256152567355,0.00080769256152567355,0.99951328702403053,-0.00048683145917635353,0.00048683145917635353,0.00032086110234932002
622,323,0.99986872988444075,-0.00013127873223497301,0.00013127873223497301,0.99998367106958863,-1.6329063729749172e-05,1.6329063729749172e-05,0.00011494966850522385
623,5734,0.99991430001762438,-8.5703654828878936e-05,8.5703654828878936e-05,0.99997113672966242,-2.8863686889825395e-05,2.8863686889825395e-05,5.6839967939053537e-05
624,11,0.99970122065438594,-0.00029882398905533365,0.00029882398905533365,0.99991403318217686,-8.5970513181755424e-05,8.5970513181755424e-05,0.00021285347587357822
625,323,0.99993904884930696,-6.0953008289895128e-05,6.0953008289895128e-05,0.99997761937672958,-2.2380873720341956e-05,2.2380873720341956e-05,3.8572134569553169e-05
626,14221,0.9997918209053287,-0.00020820076694692041,0.00020820076694692041,0.99986308694449533,-0.00013692242895262504,0.00013692242895262504,7.1278337994295371e-05
627,78149,0.99999655939608678,-3.4406098320666355e-06,3.4406098320666355e-06,0.99999837575511352,-1.6242462056122236e-06,1.6242462056122236e-06,1.8163636264544119e-06
628,11583,0.99973503270142472,-0.00026500240861211693,0.00026500240861211693,0.99979326078005659,-0.00020676059344180555,0.00020676059344180555,5.824181517031138e-05
629,22530,0.99976597075189866,-0.00023405663721910827,0.00023405663721910827,0.99976594143057296,-0.00023408596540891308,0.00023408596540891308,-2.9328189804809579e-08
630,11,0.99983628040679595,-0.00016373299671965154,0.00016373299671965154,0.99994851019526387,-5.1491130381602771e-05,5.1491130381602771e-05,0.00011224186633804877
631,902,0.99996984058465843,-3.0159870145827036e-05,3.0159870145827036e-05,0.99999094598728455,-9.0540537032507477e-06,9.0540537032507477e-06,2.1105816442576288e-05
632,6244,0.99988564693358606,-0.00011435960522437786,0.00011435960522437786,0.99991612826317522,-8.3875254255609831e-05,8.3875254255609831e-05,3.0484350968768033e-05
633,832,0.99993999964723201,-6.0002152861121282e-05,6.0002152861121282e-05,0.99997008307308677,-2.9917374433379042e-05,2.9917374433379042e-05,3.008477842774224e-05
634,315,0.99993629508246573,-6.3706946778672297e-05,6.3706946778672297e-05,0.99999154407963275,-8.4559561187952389e-06,8.4559561187952389e-06,5.5250990659877056e-05
635,279,0.99982122733543455,-0.00017878864630299871,0.00017878864630299871,0.99993873824042956,-6.1263636148729464e-05,6.1263636148729464e-05,0.00011752501015426924
636,2853,0.99978006961576604,-0.00021995457246742355,0.00021995457246742355,0.99982769840692776,-0.0001723164386970151,0.0001723164386970151,4.7638133770408454e-05
637,24013,0.99994996348283194,-5.0037769036311576e-05,5.0037769036311576e-05,0.99995016123843328,-4.984000355909613e-05,4.984000355909613e-05,1.9776547721544628e-07
638,13892,0.99984275311508053,-0.00015725924950704448,0.00015725924950704448,0.99989451392195217,-0.00010549164209546909,0.00010549164209546909,5.1767607411575391e-05
639,764,0.99999719819972144,-2.8018042035592375e-06,2.8018042035592375e-06,0.99999814556730959,-1.8544344098581254e-06,1.8544344098581254e-06,9.4736979370111208e-07
640,29639,0.99999867798767106,-1.3220132027947147e-06,1.3220132027947147e-06,0.99999913917348515,-8.6082688541027808e-07,8.6082688541027808e-07,4.6118631738443665e-07
641,304,0.99985263393375434,-0.0001473769256912979,0.0001473769256912979,0.99995616210426985,-4.3838856638779493e-05,4.3838856638779493e-05,0.00010353806905251841
642,12715,0.9999756014977691,-2.439879987924078e-05,2.439879987924078e-05,0.99998986660131062,-1.0133450032663371e-05,1.0133450032663371e-05,1.4265349846577409e-05
643,3925,0.9998929833185477,-0.00010702240814598025,0.00010702240814598025,0.99994897553741802,-5.1025764374172065e-05,5.1025764374172065e-05,5.5996643771808184e-05
644,1306,0.99978138720651832,-0.00021863669274157349,0.00021863669274157349,0.99996927693914694,-3.0723532815972539e-05,3.0723532815972539e-05,0.00018791315992560095
645,21933,0.99991124031700951,-8.8763622364290058e-05,8.8763622364290058e-05,0.99989591344898798,-0.00010409196839299305,0.00010409196839299305,-1.5328346028702992e-05
646,4987,0.99988368009319739,-0.00011632667248759768,0.00011632667248759768,0.9999675023763348,-3.2498151724392327e-05,3.2498151724392327e-05,8.3828520763205356e-05
647,12126,0.99991655986438488,-8.3443616936876294e-05,8.3443616936876294e-05,0.99995391044457105,-4.6090617585151599e-05,4.6090617585151599e-05,3.7352999351724695e-05
648,382,0.93875041503774725,-0.063205633786449777,0.063205633786449777,0.94608524803684657,-0.055422599786445051,0.055422599786445051,0.0077830340000047266
649,791,0.86219964347522704,-0.1482684301750721,0.1482684301750721,0.93033106084199357,-0.072214776780476192,0.072214776780476192,0.07605365339459591
650,3280,0.94751993309478777,-0.05390730467978383,0.05390730467978383,0.97461480169488834,-0.025712961231781635,0.025712961231781635,0.028194343448002195
651,574,0.99942135403867682,-0.00057881344150836965,0.00057881344150836965,0.99982534914808219,-0.00017466610515387478,0.00017466610515387478,0.00040414733635449487
652,1101,0.99801415876779442,-0.0019878156292310288,0.0019878156292310288,0.99957513750885851,-0.00042495277078148999,0.00042495277078148999,0.0015628628584495388
653,28289,0.98973875039038772,-0.010314259172754772,0.010314259172754772,0.99339151570899709,-0.0066304170047132484,0.0066304170047132484,0.0036838421680415231
654,369,0.99997624269339813,-2.3757588811184024e-05,2.3757588811184024e-05,0.99998890372831917,-1.1096333244917672e-05,1.1096333244917672e-05,1.2661255566266352e-05
655,279,0.99991763785059828,-8.2365541349790721e-05,8.2365541349790721e-05,0.99995211555745034,-4.7885589046196782e-05,4.7885589046196782e-05,3.4479952303593939e-05
656,1396,0.99985672678433302,-0.00014328348025463466,0.00014328348025463466,0.99994444380966918,-5.5557733633168907e-05,5.5557733633168907e-05,8.7725746621465748e-05
657,315,0.99997231864400338,-2.7681739132453801e-05,2.7681739132453801e-05,0.99998091262005628,-1.908756211005025e-05,1.908756211005025e-05,8.5941770224035507e-06
658,35148,0.99993775959151254,-6.2242345502069586e-05,6.2242345502069586e-05,0.99995986208729881,-4.0138718248743095e-05,4.0138718248743095e-05,2.2103627253326491e-05
659,32343,0.99986986017873725,-0.00013014829018403114,0.00013014829018403114,0.99971924828440806,-0.00028079113373279168,0.00028079113373279168,-0.00015064284354876053
660,3233,0.9999812911043422,-1.8709070671388788e-05,1.8709070671388788e-05,0.99997218770477203,-2.7812681996971318e-05,2.7812681996971318e-05,-9.1036113255825298e-06
661,430,0.99992049618039447,-7.9506980201693434e-05,7.9506980201693434e-05,0.99995757187340184,-4.2429026696580578e-05,4.2429026696580578e-05,3.7077953505112856e-05
662,11754,0.99975930595115314,-0.0002407230203083181,0.0002407230203083181,0.99949286064588105,-0.00050726799277482127,0.00050726799277482127,-0.00026654497246650317
663,279,0.99982846385122082,-0.00017155086278700441,0.00017155086278700441,0.99978901111374585,-0.00021101114754053737,0.00021101114754053737,-3.946028475353296e-05
664,26363,0.9995680340930363,-0.00043205923111229249,0.00043205923111229249,0.99928101060490526,-0.0007192479919295911,0.0007192479919295911,-0.00028718876081729861
665,11,0.99987738802208115,-0.00012261949538194472,0.00012261949538194472,0.99994558938372646,-5.4412096584819475e-05,5.4412096584819475e-05,6.8207398797125239e-05
666,6457,0.99993279520902634,-6.7207049316829289e-05,6.7207049316829289e-05,0.99996051157632959,-3.9489203358721173e-05,3.9489203358721173e-05,2.7717845958108115e-05
667,11,0.99995563491413009,-4.4366070029424346e-05,4.4366070029424346e-05,0.99997964254513028,-2.0357662085490598e-05,2.0357662085490598e-05,2.4008407943933748e-05
668,5734,0.99993139086721039,-6.8611486503764667e-05,6.8611486503764667e-05,0.99996769503923744,-3.2305482579013083e-05,3.2305482579013083e-05,3.6306003924751584e-05
669,11,0.99993188320191684,-6.8119118137564906e-05,6.8119118137564906e-05,0.99998393315293055,-1.6066976142624341e-05,1.6066976142624341e-05,5.2052141994940568e-05
670,279,0.99984144323296831,-0.0001585693384847332,0.0001585693384847332,0.9999112468657988,-8.8757072993726085e-05,8.8757072993726085e-05,6.981226549100711e-05
671,16526,0.99974923701712659,-0.00025079442916736477,0.00025079442916736477,0.99972018421993403,-0.00027985493580575473,0.00027985493580575473,-2.9060506638389956e-05
672,50714,0.99986690084033458,-0.00013310801814458861,0.00013310801814458861,0.99969076587695427,-0.00030928194577638869,0.00030928194577638869,-0.00017617392763180008
673,11,0.99993387935077183,-6.6122835294671879e-05,6.6122835294671879e-05,0.99997297815157482,-2.7022213521890537e-05,2.7022213521890537e-05,3.9100621772781342e-05
674,2314,0.99995512397546527,-4.4877031493701619e-05,4.4877031493701619e-05,0.99994117847876252,-5.8823251291038815e-05,5.8823251291038815e-05,-1.3946219797337196e-05
675,5059,0.99997751856492323,-2.2481687787990715e-05,2.2481687787990715e-05,0.99998095201656156,-1.9048164853533813e-05,1.9048164853533813e-05,3.4335229344569021e-06
676,2259,0.99998376141977863,-1.6238712068506111e-05,1.6238712068506111e-05,0.99998266105150946,-1.7339098811897379e-05,1.7339098811897379e-05,-1.1003867433912686e-06
677,11,0.99991538773655608,-8.4615843263419218e-05,8.4615843263419218e-05,0.99995902529007585,-4.0975549410464477e-05,4.0975549410464477e-05,4.3640293852954741e-05
678,323,0.99989754893495286,-0.00010245631351593458,0.00010245631351593458,0.9998375482961549,-0.00016246490055238765,0.00016246490055238765,-6.000858703645307e-05
679,5370,0.99980086858458928,-0.00019915124470351627,0.00019915124470351627,0.99984485899116871,-0.000155153044442426,0.000155153044442426,4.3998200261090271e-05
680,30100,0.99987429185455023,-0.00012571604738090142,0.00012571604738090142,0.99973136414657238,-0.00026867194250190812,0.00026867194250190812,-0.0001429558951210067
681,304,0.99994657872704518,-5.3422699921804526e-05,5.3422699921804526e-05,0.99999063019250445,-9.3698513924623764e-06,9.3698513924623764e-06,4.4052848529342152e-05
682,279,0.9998858463445266,-0.00011416017149787306,0.00011416017149787306,0.99998083342997257,-1.9166753708503832e-05,1.9166753708503832e-05,9.4993417789369239e-05
683,19001,0.99993151558729343,-6.8486757871068915e-05,6.8486757871068915e-05,0.99993632934686827,-6.3672680193794867e-05,6.3672680193794867e-05,4.8140776772740486e-06
684,16867,0.99996447608480943,-3.5524546179807748e-05,3.5524546179807748e-05,0.99995413623887974,-4.5864812894733175e-05,4.5864812894733175e-05,-1.0340266714925427e-05
685,13,0.99955228596120205,-0.00044781429265270084,0.00044781429265270084,0.99976306555275996,-0.00023696252064063443,0.00023696252064063443,0.00021085177201206641
686,578,0.99329380210207707,-0.0067287854842331173,0.0067287854842331173,0.9969787482935033,-0.0030258249009375844,0.0030258249009375844,0.0037029605832955329
687,3280,0.99994174369498745,-5.825800197694922e-05,5.825800197694922e-05,0.99998028620758539,-1.9713986733927574e-05,1.9713986733927574e-05,3.854401524302165e-05
688,574,0.99979012906329323,-0.00020989296269358917,0.00020989296269358917,0.99990428270107801,-9.5721880115039212e-05,9.5721880115039212e-05,0.00011417108257854996
689,1101,0.99988758247328391,-0.00011242384603987609,0.00011242384603987609,0.99995288183474595,-4.7119275349668549e-05,4.7119275349668549e-05,6.5304570690207544e-05
690,13160,0.99991716090769167,-8.2842523655413442e-05,8.2842523655413442e-05,0.99994516171213288,-5.483979154103572e-05,5.483979154103572e-05,2.8002732114377721e-05
691,555,0.99994635194871351,-5.3649490394692174e-05,5.3649490394692174e-05,0.9999902821905523,-9.7178566659654113e-06,9.7178566659654113e-06,4.3931633728726759e-05
692,3892,0.999885579847129,-0.00011442669935605144,0.00011442669935605144,0.99993719217195987,-6.2809800534361715e-05,6.2809800534361715e-05,5.1616898821689726e-05
693,5199,0.99985176829177247,-0.00014824269563302545,0.00014824269563302545,0.99992628055317512,-7.3722164236836001e-05,7.3722164236836001e-05,7.4520531396189446e-05
694,44583,0.99986293297086204,-0.00013707642368163725,0.00013707642368163725,0.99988621498109809,-0.00011379149290822993,0.00011379149290822993,2.3284930773407312e-05
695,11,0.999728576511273,-0.00027146033074881116,0.00027146033074881116,0.99993357807576211,-6.6424130271581675e-05,6.6424130271581675e-05,0.00020503620047722948
696,2737,0.99990148069123719,-9.8524162108681561e-05,9.8524162108681561e-05,0.99997253782381779,-2.7462553274665478e-05,2.7462553274665478e-05,7.1061608834016083e-05
697,14221,0.99950049481616243,-0.00049962997811058398,0.00049962997811058398,0.9997308981440669,-0.00026913807033455544,0.00026913807033455544,0.00023049190777602854
698,78149,0.99998201432382383,-1.7985837920361814e-05,1.7985837920361814e-05,0.99999175280055497,-8.2472334533239203e-06,8.2472334533239203e-06,9.7386044670378933e-06
699,2417,0.99745612621605728,-0.0025471149287326529,0.0025471149287326529,0.99914014115708805,-0.00086022873357783822,0.00086022873357783822,0.0016868861951548147
700,65,0.99993280889369729,-6.7193363726165227e-05,6.7193363726165227e-05,0.99996314600021041,-3.6854678914953136e-05,3.6854678914953136e-05,3.0338684811212091e-05
701,7835,0.99992375593924754,-7.6246967478603038e-05,7.6246967478603038e-05,0.99996123378567159,-3.8766965757484462e-05,3.8766965757484462e-05,3.7480001721118575e-05
702,11,0.99910587026918207,-0.00089452970324167922,0.00089452970324167922,0.99973474602329482,-0.00026528916276353397,0.00026528916276353397,0.00062924054047814519
703,902,0.99980804587437566,-0.00019197255117544285,0.00019197255117544285,0.99994137775063308,-5.8623967718195302e-05,5.8623967718195302e-05,0.00013334858345724756
704,9057,0.99967054444270242,-0.00032950983970249484,0.00032950983970249484,0.9997051292232022,-0.00029491425973340429,0.00029491425973340429,3.4595579969090551e-05
705,3892,0.99986510923677085,-0.00013489986180641834,0.00013489986180641834,0.99989623585539622,-0.00010376952847508737,0.00010376952847508737,3.113033333133097e-05
706,16779,0.99994760795325033,-5.2393419260903282e-05,5.2393419260903282e-05,0.99995703860109009,-4.2962321777249892e-05,4.2962321777249892e-05,9.4310974836533907e-06
707,323,0.99974492376700874,-0.00025510877046670886,0.00025510877046670886,0.9999590271067601,-4.0973732651778651e-05,4.0973732651778651e-05,0.00021413503781493021
708,16781,0.99976897901213968,-0.00023104767731937424,0.00023104767731937424,0.99989954952204085,-0.00010045552344632234,0.00010045552344632234,0.0001305921538730519
709,5674,0.99943064967862838,-0.00056951246281229195,0.00056951246281229195,0.99988042337652272,-0.0001195837733316857,0.0001195837733316857,0.00044992868948060623
710,4028,0.99994605333627062,-5.39481189030288e-05,5.39481189030288e-05,0.99998831839226265,-1.1681675967812422e-05,1.1681675967812422e-05,4.2266442935216376e-05
711,279,0.9998296805138206,-0.00017033399219016444,0.00017033399219016444,0.999963451479148,-3.6549188765474489e-05,3.6549188765474489e-05,0.00013378480342468997
712,26363,0.99916884499160641,-0.00083150060922938568,0.00083150060922938568,0.99963492154033096,-0.00036514511703380587,0.00036514511703380587,0.00046635549219557981
713,323,0.99983395540751452,-0.00016605837941499502,0.00016605837941499502,0.99997958273964271,-2.041746879233213e-05,2.041746879233213e-05,0.00014564091062266288
714,5734,0.99987983061488672,-0.00012017660603238405,0.00012017660603238405,0.99997055247086797,-2.944796271906943e-05,2.944796271906943e-05,9.0728643313314622e-05
715,11,0.99965803746736059,-0.00034202101515923923,0.00034202101515923923,0.99992159538840064,-7.8407685401639182e-05,7.8407685401639182e-05,0.00026361332975760002
716,323,0.9999246563193056,-7.5346519172029511e-05,7.5346519172029511e-05,0.99997545925822429,-2.4541042904652139e-05,2.4541042904652139e-05,5.0805476267377369e-05
717,14221,0.99977038202481427,-0.00022964434142920797,0.00022964434142920797,0.99988361433102502,-0.00011639244231255771,0.00011639244231255771,0.00011325189911665026
718,78149,0.99999728659574916,-2.7134079321029214e-06,2.7134079321029214e-06,0.99999902525046491,-9.7475001014750136e-07,9.7475001014750136e-07,1.73865792195542e-06
719,11583,0.99970983833256133,-0.00029020377248035388,0.00029020377248035388,0.99976485973940621,-0.00023516791039931558,0.00023516791039931558,5.50358620810383e-05
720,22530,0.99977995371505457,-0.00022007049868139907,0.00022007049868139907,0.99976122102103493,-0.00023880749120435592,0.00023880749120435592,-1.8736992522956853e-05
721,11,0.99980922346609979,-0.00019079473405799399,0.00019079473405799399,0.99994716680232221,-5.2834593400339441e-05,5.2834593400339441e-05,0.00013796014065765454
722,902,0.99996980690347803,-3.0193552342723409e-05,3.0193552342723409e-05,0.99999198089318253,-8.019138970648749e-06,8.019138970648749e-06,2.217441337207466e-05
723,6244,0.99989780140801421,-0.00010220381461769793,0.00010220381461769793,0.9999188234325872,-8.1179862408678856e-05,8.1179862408678856e-05,2.1023952209019077e-05
724,832,0.99992717717340063,-7.2825478310119086e-05,7.2825478310119086e-05,0.99996605273810668,-3.3947838114628472e-05,3.3947838114628472e-05,3.8877640195490615e-05
725,315,0.99998806986559308,-1.1930205571552471e-05,1.1930205571552471e-05,0.9999973276750681,-2.6723285025106318e-06,2.6723285025106318e-06,9.2578770690418388e-06
726,279,0.9997983528966129,-0.00020166743689775164,0.00020166743689775164,0.9999238703786798,-7.6132519326952382e-05,7.6132519326952382e-05,0.00012553491757079924
727,2853,0.99981379220013911,-0.00018622513868569215,0.00018622513868569215,0.99984510242825086,-0.00015490956961702326,0.00015490956961702326,3.1315569068668891e-05
728,24013,0.99995359526122629,-4.6405815506908212e-05,4.6405815506908212e-05,0.99995471752059173,-4.5283504690699883e-05,4.5283504690699883e-05,1.1223108162083291e-06
729,13892,0.99983520453555652,-0.00016480904470804719,0.00016480904470804719,0.99987810993937054,-0.00012189748982658998,0.00012189748982658998,4.2911554881457212e-05
730,764,0.99999866089714406,-1.3391037525674806e-06,1.3391037525674806e-06,0.9999990356186369,-9.6438182811747624e-07,9.6438182811747624e-07,3.7472192445000436e-07
731,29639,0.99999795257423307,-2.0474278629249749e-06,2.0474278629249749e-06,0.99999818653135786,-1.813470286506678e-06,1.813470286506678e-06,2.339575764182969e-07
732,304,0.99987431130676929,-0.00012569659271648414,0.00012569659271648414,0.99995971083577739,-4.0289975852804434e-05,4.0289975852804434e-05,8.5406616863679713e-05
733,12715,0.99997100655900906,-2.8993861308882918e-05,2.8993861308882918e-05,0.99998912881320356,-1.0871245888245472e-05,1.0871245888245472e-05,1.8122615420637445e-05
734,3925,0.99988328093405399,-0.00011672587814625605,0.00011672587814625605,0.99994911689580646,-5.0884398782624716e-05,5.0884398782624716e-05,6.5841479363631331e-05
735,1306,0.99977729696481987,-0.00022272783718341719,0.00022272783718341719,0.99996493965075472,-3.5060963873738189e-05,3.5060963873738189e-05,0.00018766687330967901
736,21933,0.99991272834940603,-8.7275458985991013e-05,8.7275458985991013e-05,0.9999090835251192,-9.0920608034040059e-05,9.0920608034040059e-05,-3.6451490480490458e-06
737,4987,0.99989714055261503,-0.00010286473778071057,0.00010286473778071057,0.99997596884406736,-2.4031444685528544e-05,2.4031444685528544e-05,7.8833293095182031e-05
738,12126,0.99992529346660985,-7.47093240621485e-05,7.47093240621485e-05,0.99991766714725061,-8.233624228478351e-05,8.233624228478351e-05,-7.6269182226350096e-06
739,382,0.92232283772935975,-0.080859967332447241,0.080859967332447241,0.94770765922597855,-0.053709200628781803,0.053709200628781803,0.027150766703665438
740,791,0.9537840168328916,-0.047318030615421072,0.047318030615421072,0.98345785241994588,-0.016680496753623677,0.016680496753623677,0.030637533861797395
741,3280,0.97978201683185462,-0.020425163863372165,0.020425163863372165,0.99277381976012091,-0.0072524155440693234,0.0072524155440693234,0.013172748319302843
742,574,0.99974945059030396,-0.00025058080244307458,0.00025058080244307458,0.99989072317788874,-0.00010928279325819679,0.00010928279325819679,0.00014129800918487778
743,1101,0.99900654883805906,-0.00099394496161748776,0.00099394496161748776,0.99981255032312144,-0.00018746724776502667,0.00018746724776502667,0.00080647771385246108
744,28289,0.99375842344685028,-0.0062611366250166492,0.0062611366250166492,0.99648139083563747,-0.0035248140288595175,0.0035248140288595175,0.0027363225961571317
745,369,0.99996772563243808,-3.2274888390528686e-05,3.2274888390528686e-05,0.99998687241273199,-1.3127673435543973e-05,1.3127673435543973e-05,1.9147214954984711e-05
746,279,0.99989908818646966,-0.00010091690546993224,0.00010091690546993224,0.99992618535280364,-7.3817371631499217e-05,7.3817371631499217e-05,2.7099533838433019e-05
747,1396,0.99987365183518484,-0.00012635614741698879,0.00012635614741698879,0.99993315519292092,-6.6847041292712175e-05,6.6847041292712175e-05,5.9509106124276619e-05
748,315,0.99996906166071764,-3.0938817882620524e-05,3.0938817882620524e-05,0.99997977648152869,-2.0223722969389185e-05,2.0223722969389185e-05,1.0715094913231339e-05
749,35148,0.99994076765122786,-5.9234103077033355e-05,5.9234103077033355e-05,0.99996754682712208,-3.2453699493523897e-05,3.2453699493523897e-05,2.6780403583509458e-05
750,32343,0.99983797489928583,-0.00016203822819886056,0.00016203822819886056,0.99977674992685395,-0.00022327499715319146,0.00022327499715319146,-6.1236768954330895e-05
751,3233,0.99997924159077145,-2.0758624687330686e-05,2.0758624687330686e-05,0.99996420035119726,-3.5800289625498283e-05,3.5800289625498283e-05,-1.5041664938167597e-05
752,430,0.99992258647437071,-7.7416522210954104e-05,7.7416522210954104e-05,0.99996477537201978,-3.5225248381992128e-05,3.5225248381992128e-05,4.2191273828961977e-05
753,11754,0.99969530314775268,-0.00030474328176470234,0.00030474328176470234,0.99949126202283545,-0.00050886742823560906,0.00050886742823560906,-0.00020412414647090672
754,279,0.99980412438756416,-0.00019589479856906746,0.00019589479856906746,0.99978256854721015,-0.00021745509443523938,0.00021745509443523938,-2.1560295866171925e-05
755,26363,0.9993135805185851,-0.00068665517512985093,0.00068665517512985093,0.99925315423444261,-0.00074712479379221495,0.00074712479379221495,-6.0469618662364021e-05
756,11,0.99986144270818877,-0.00013856689175955068,0.00013856689175955068,0.9999525718753941,-4.7429249354937953e-05,4.7429249354937953e-05,9.1137642404612732e-05
757,6457,0.99993131522874967,-6.8687130157222255e-05,6.8687130157222255e-05,0.99996210477310787,-3.7895944934415696e-05,3.7895944934415696e-05,3.0791185222806558e-05
758,11,0.99993985957276699,-6.0142235741013503e-05,6.0142235741013503e-05,0.99997861977642011,-2.1380452140179594e-05,2.1380452140179594e-05,3.8761783600833909e-05
759,5734,0.9999299587179975,-7.0043735007655522e-05,7.0043735007655522e-05,0.99997362310558369,-2.637724229269415e-05,2.637724229269415e-05,4.3666492714961372e-05
760,11,0.9999200812203981,-7.9921973277748091e-05,7.9921973277748091e-05,0.99998365323190519,-1.634690170472981e-05,1.634690170472981e-05,6.3575071573018278e-05
761,279,0.99982400059586851,-0.00017601489384406525,0.00017601489384406525,0.99989871899968874,-0.00010128612957813119,0.00010128612957813119,7.4728764265934061e-05
762,16526,0.99959385644726195,-0.00040622605136905369,0.00040622605136905369,0.99970629617414297,-0.00029374696527268633,0.00029374696527268633,0.00011247908609636736
763,50714,0.99983968815172064,-0.0001603246995972159,0.0001603246995972159,0.99966787709712635,-0.0003321780678996363,0.0003321780678996363,-0.0001718533683024204
764,11,0.99989937279862717,-0.00010063226462932234,0.00010063226462932234,0.99996798840012602,-3.2012112256224814e-05,3.2012112256224814e-05,6.8620152373097528e-05
765,2314,0.99994898487031214,-5.1016431003798489e-05,5.1016431003798489e-05,0.99995425473334687,-4.5746312999701805e-05,4.5746312999701805e-05,5.2701180040966831e-06
766,5059,0.99997222611203296,-2.7774273668601112e-05,2.7774273668601112e-05,0.99997676164146598,-2.3238628548903237e-05,2.3238628548903237e-05,4.5356451196978756e-06
767,2259,0.9999812854344069,-1.8714740712753182e-05,1.8714740712753182e-05,0.9999775932079541,-2.2407043081842141e-05,2.2407043081842141e-05,-3.6923023690889594e-06
768,11,0.99989667291537199,-0.00010333242323897333,0.00010333242323897333,0.99994958534458245,-5.0415926278958853e-05,5.0415926278958853e-05,5.2916496960014481e-05
769,323,0.99992840005486239,-7.1602508536036289e-05,7.1602508536036289e-05,0.99992855912406842,-7.1443427952532082e-05,7.1443427952532082e-05,1.5908058350420765e-07
770,5370,0.99973036624342904,-0.00026967011428798371,0.00026967011428798371,0.99986518426356541,-0.00013482482489283418,0.00013482482489283418,0.00013484528939514953
771,30100,0.99974132658344739,-0.00025870687829139956,0.00025870687829139956,0.99959853066947746,-0.00040154994091003648,0.00040154994091003648,-0.00014284306261863692
772,304,0.99992843288957622,-7.1569671471610307e-05,7.1569671471610307e-05,0.99998868521571871,-1.1314848293965851e-05,1.1314848293965851e-05,6.0254823177644453e-05
773,279,0.99985133434175155,-0.00014867671008275343,0.00014867671008275343,0.99997862116997505,-2.1379058555417327e-05,2.1379058555417327e-05,0.00012729765152733611
774,19001,0.99992427885403423,-7.5724012956502958e-05,7.5724012956502958e-05,0.99993884620953433,-6.1155660435004028e-05,6.1155660435004028e-05,1.4568352521498931e-05
775,16867,0.99994283515624705,-5.7166477724928899e-05,5.7166477724928899e-05,0.99995105150246566,-4.8949695551118419e-05,4.8949695551118419e-05,8.2167821738104795e-06
776,13,0.99955318955090311,-0.00044691029862928007,0.00044691029862928007,0.99982102506762927,-0.00017899095029513674,0.00017899095029513674,0.00026791934833414336
777,578,0.99432785637085663,-0.0056882913261392873,0.0056882913261392873,0.99812282767449045,-0.0018789364214999063,0.0018789364214999063,0.0038093549046393808
778,3280,0.99993968318977455,-6.0318629357422142e-05,6.0318629357422142e-05,0.99998420369485663,-1.5796429906288248e-05,1.5796429906288248e-05,4.4522199451133891e-05
779,574,0.99975608921547143,-0.00024394053560183198,0.00024394053560183198,0.99993211049340758,-6.7891811189306906e-05,6.7891811189306906e-05,0.00017604872441252508
780,1101,0.99987649069992035,-0.00012351692798138203,0.00012351692798138203,0.99996275686809744,-3.7243825445231355e-05,3.7243825445231355e-05,8.6273102536150678e-05
781,13160,0.99988904637035891,-0.00011095978545042244,0.00011095978545042244,0.99993949449964481,-6.0507330886783368e-05,6.0507330886783368e-05,5.0452454563639073e-05
782,555,0.99989851590553702,-0.00010148924432208118,0.00010148924432208118,0.99998847104692579,-1.152901953315543e-05,1.152901953315543e-05,8.9960224788925754e-05
783,3892,0.99985937924051183,-0.0001406306475141612,0.0001406306475141612,0.99992719855616952,-7.2804093984206461e-05,7.2804093984206461e-05,6.7826553529954739e-05
784,5199,0.99982177053050703,-0.00017824535425231964,0.00017824535425231964,0.99992314110591285,-7.6861847883266779e-05,7.6861847883266779e-05,0.00010138350636905286
785,44583,0.99982135872352507,-0.00017865723472830519,0.00017865723472830519,0.99987151449667122,-0.00012849375829818261,0.00012849375829818261,5.0163476430122581e-05
786,11,0.99971357368096314,-0.00028646734688948046,0.00028646734688948046,0.99993974524356199,-6.0256571828711444e-05,6.0256571828711444e-05,0.000226210775060769
787,2737,0.99988824798731579,-0.00011175825740561789,0.00011175825740561789,0.99997487359873327,-2.5126716939992101e-05,2.5126716939992101e-05,8.663154046562579e-05
788,14221,0.99956975058341868,-0.00043034200041858298,0.00043034200041858298,0.99978735574201205,-0.00021266686998377905,0.00021266686998377905,0.00021767513043480393
789,78149,0.99997810597288395,-2.1894266793731415e-05,2.1894266793731415e-05,0.99999066750097887,-9.3325425691500321e-06,9.3325425691500321e-06,1.2561724224581383e-05
790,2417,0.99843883056374716,-0.0015623893310641769,0.0015623893310641769,0.99951146598073737,-0.00048865339088626446,0.00048865339088626446,0.0010737359401779124
791,65,0.99991900479344253,-8.0998486846288218e-05,8.0998486846288218e-05,0.99994264674252964,-5.7354902231336266e-05,5.7354902231336266e-05,2.3643584614951952e-05
792,7835,0.99994513286596942,-5.4868639286831497e-05,5.4868639286831497e-05,0.99995238556204824,-4.7615571555055296e-05,4.7615571555055296e-05,7.2530677317762015e-06
793,11,0.99897551873044077,-0.0010250064091895091,0.0010250064091895091,0.99976236321631906,-0.00023766502377547326,0.00023766502377547326,0.00078734138541403575
794,902,0.99983341543490756,-0.00016659844184227268,0.00016659844184227268,0.99995825007319206,-4.175079836042858e-05,4.175079836042858e-05,0.0001248476434818441
795,9057,0.99964188664370279,-0.00035817749419807623,0.00035817749419807623,0.99972263630811176,-0.00027740216431108904,0.00027740216431108904,8.0775329886987191e-05
796,3892,0.99985300549915157,-0.00014700530559889243,0.00014700530559889243,0.99990169332689283,-9.8311505524867519e-05,9.8311505524867519e-05,4.8693800074024911e-05
797,16779,0.99993772046609186,-6.2281473358824504e-05,6.2281473358824504e-05,0.9999563474055847,-4.365354721755039e-05,4.365354721755039e-05,1.8627926141274114e-05
798,323,0.99971879364293659,-0.00028124590298493184,0.00028124590298493184,0.99995898185926857,-4.101898199835689e-05,4.101898199835689e-05,0.00024022692098657494
799,16781,0.99970114979182967,-0.0002988948727927148,0.0002988948727927148,0.99991635091976194,-8.3652579017435728e-05,8.3652579017435728e-05,0.00021524229377527907
800,5674,0.99929548995203143,-0.00070475833179154779,0.00070475833179154779,0.9998770040488647,-0.00012300351575758774,0.00012300351575758774,0.0005817548160339601
801,4028,0.99993345891046603,-6.6543303490528217e-05,6.6543303490528217e-05,0.99999031875376554,-9.681293098061842e-06,9.681293098061842e-06,5.6862010392466373e-05
802,279,0.99978888966528934,-0.00021113262163411533,0.00021113262163411533,0.99995649794631181,-4.3502999930007113e-05,4.3502999930007113e-05,0.0001676296217041082
803,26363,0.99928861036740357,-0.00071164279027073683,0.00071164279027073683,0.99956479178794544,-0.00043530294263451497,0.00043530294263451497,0.00027633984763622186
804,323,0.99981601471443393,-0.00018400221293501313,0.00018400221293501313,0.99998182391511159,-1.8176250075436094e-05,1.8176250075436094e-05,0.00016582596285957704
805,5734,0.99986820805353527,-0.00013180063178639165,0.00013180063178639165,0.99997098584145216,-2.901457946666887e-05,2.901457946666887e-05,0.00010278605231972279
806,11,0.99967513125891894,-0.00032492152236219748,0.00032492152236219748,0.99994499227329647,-5.5009239683995085e-05,5.5009239683995085e-05,0.00026991228267820238
807,323,0.99991726456342112,-8.2738859343939371e-05,8.2738859343939371e-05,0.99997248890194579,-2.7511476491406984e-05,2.7511476491406984e-05,5.5227382852532383e-05
808,14221,0.99975267894547815,-0.00024735164341746594,0.00024735164341746594,0.99988030050269605,-0.00011970666186048347,0.00011970666186048347,0.00012764498155698245
809,78149,0.99999589811756351,-4.1018908492665323e-06,4.1018908492665323e-06,0.99999842005393003,-1.5799473180819416e-06,1.5799473180819416e-06,2.5219435311845905e-06
810,11583,0.99965403673617592,-0.00034602312292043321,0.00034602312292043321,0.99973326685873809,-0.00026676872087325374,0.00026676872087325374,7.9254402047179468e-05
811,22530,0.99970078208145519,-0.00029926269315804025,0.00029926269315804025,0.99962981720146549,-0.00037025133310069372,0.00037025133310069372,-7.0988639942653467e-05
812,11,0.99980378632642186,-0.00019623292599946202,0.00019623292599946202,0.99995237331705211,-4.7627817134414654e-05,4.7627817134414654e-05,0.00014860510886504735
813,902,0.99996746074467435,-3.2539784738682925e-05,3.2539784738682925e-05,0.99999223153583028,-7.7684943443946132e-06,7.7684943443946132e-06,2.4771290394288311e-05
814,6244,0.99989191627650231,-0.00010808956496424169,0.00010808956496424169,0.99991823848661721,-8.1764856037560375e-05,8.1764856037560375e-05,2.6324708926681316e-05
815,832,0.99992111491807056,-7.8888193521131229e-05,7.8888193521131229e-05,0.99996763154507828,-3.2368978791444798e-05,3.2368978791444798e-05,4.6519214729686431e-05
816,315,0.99992164917337534,-7.835389621100363e-05,7.835389621100363e-05,0.99999371561188832,-6.2844078584861535e-06,6.2844078584861535e-06,7.2069488352517473e-05
817,279,0.99973152769239104,-0.00026850835275047833,0.00026850835275047833,0.99991773328258926,-8.2270101502773671e-05,8.2270101502773671e-05,0.00018623825124770466
818,2853,0.99983175857704376,-0.00016825557713198513,0.00016825557713198513,0.99985273958768439,-0.00014727125619474143,0.00014727125619474143,2.0984320937243701e-05
819,24013,0.99995090829934319,-4.9092905693838723e-05,4.9092905693838723e-05,0.99994572168147589,-5.4279791645332661e-05,5.4279791645332661e-05,-5.1868859514939378e-06
820,13892,0.99979843148005321,-0.0002015888376112205,0.0002015888376112205,0.99981655298275818,-0.00018346384570405694,0.00018346384570405694,1.8124991907163561e-05
821,764,0.9999977647985453,-2.2352039527477672e-06,2.2352039527477672e-06,0.99999871708764621,-1.2829131767671353e-06,1.2829131767671353e-06,9.5229077598063193e-07
822,29639,0.99999845422953437,-1.5457716603437925e-06,1.5457716603437925e-06,0.99999739524287867,-2.6047605137305746e-06,2.6047605137305746e-06,-1.0589888533867822e-06
823,304,0.99984624242641362,-0.0001537693954939258,0.0001537693954939258,0.99995448758091365,-4.5513454807896181e-05,4.5513454807896181e-05,0.00010825594068602961
824,12715,0.99996396980120039,-3.6030847902786109e-05,3.6030847902786109e-05,0.99998812001881643,-1.1880051751135713e-05,1.1880051751135713e-05,2.4150796151650395e-05
825,3925,0.99986255409674185,-0.00013745534981196645,0.00013745534981196645,0.99995562159704354,-4.4379387706957593e-05,4.4379387706957593e-05,9.307596210500886e-05
826,1306,0.99977418083402614,-0.00022584466696085233,0.00022584466696085233,0.99996747406253594,-3.2526466443855349e-05,3.2526466443855349e-05,0.00019331820051699699
827,21933,0.99989022334214317,-0.00010978268375512931,0.00010978268375512931,0.99987928069937215,-0.0001207265877891331,0.0001207265877891331,-1.0943904034003792e-05
828,4987,0.99988072149514118,-0.00011928561910539483,0.00011928561910539483,0.99996787075735283,-3.2129758802394098e-05,3.2129758802394098e-05,8.7155860303000742e-05
829,12126,0.99990883370896544,-9.1170446933440394e-05,9.1170446933440394e-05,0.99996449803324849,-3.5502596961275341e-05,3.5502596961275341e-05,5.5667849972165053e-05
830,382,0.92811905076738554,-0.074595266959214521,0.074595266959214521,0.9509248844697149,-0.050320205392554156,0.050320205392554156,0.024275061566660365
831,791,0.98195577885630358,-0.018209003356187744,0.018209003356187744,0.9952442001627132,-0.0047671446366878032,0.0047671446366878032,0.01344185871949994
832,3280,0.99391940094632703,-0.0060991611802507263,0.0060991611802507263,0.99854714003809475,-0.0014539163862881345,0.0014539163862881345,0.0046452447939625916
833,574,0.99975758476353482,-0.00024244462378801218,0.00024244462378801218,0.99985853636297672,-0.00014147364394730057,0.00014147364394730057,0.00010097097984071161
834,1101,0.99938624193921433,-0.00061394648736710065,0.00061394648736710065,0.99988284237946423,-0.00011716448402588489,0.00011716448402588489,0.00049678200334121573
835,28289,0.99568405125930626,-0.0043252893328262227,0.0043252893328262227,0.99750839954359416,-0.0024947096584896316,0.0024947096584896316,0.0018305796743365911
836,369,0.99995101985966117,-4.8981339905051585e-05,4.8981339905051585e-05,0.99998501705833098,-1.4983053914373898e-05,1.4983053914373898e-05,3.3998285990677689e-05
837,279,0.99985227585543135,-0.000147735056854784,0.000147735056854784,0.99989316989185983,-0.00010683581488264163,0.00010683581488264163,4.0899241972142372e-05
838,1396,0.99986609504259727,-0.00013391392347193403,0.00013391392347193403,0.9999181054277464,-8.1897925797220629e-05,8.1897925797220629e-05,5.2015997674713401e-05
839,315,0.99995575561582772,-4.4245362983918538e-05,4.4245362983918538e-05,0.99997519494293596,-2.4805364714573027e-05,2.4805364714573027e-05,1.9439998269345511e-05
840,35148,0.99991438159228285,-8.5622073182292462e-05,8.5622073182292462e-05,0.9999464746951795,-5.3526737350727244e-05,5.3526737350727244e-05,3.2095335831565218e-05
841,32343,0.99975347440651485,-0.00024655598591436472,0.00024655598591436472,0.99977111680848263,-0.00022890938927261638,0.00022890938927261638,1.7646596641748336e-05
842,3233,0.9999747097364452,-2.5290583358885192e-05,2.5290583358885192e-05,0.99994561816023375,-5.4383318512095121e-05,5.4383318512095121e-05,-2.909273515320993e-05
843,430,0.99991000130424768,-9.0002745877953378e-05,9.0002745877953378e-05,0.99996764399113824,-3.2356532328714895e-05,3.2356532328714895e-05,5.7646213549238483e-05
844,11754,0.9996475333398166,-0.00035252879115644825,0.00035252879115644825,0.99946333315024172,-0.000536810906954902,0.000536810906954902,-0.00018428211579845375
845,279,0.99971286822239125,-0.00028717300783018946,0.00028717300783018946,0.9997283562197613,-0.00027168068209327764,0.00027168068209327764,1.5492325736911816e-05
846,26363,0.99909275498481576,-0.00090765681102832204,0.00090765681102832204,0.99884177353326331,-0.0011588977293769977,0.0011588977293769977,-0.00025124091834867566
847,11,0.99980677662862982,-0.00019324204141080327,0.00019324204141080327,0.99990891678187677,-9.1087366451492391e-05,9.1087366451492391e-05,0.00010215467495931088
848,6457,0.99991459398701821,-8.5409660283003466e-05,8.5409660283003466e-05,0.99995173182022656,-4.8269344719565875e-05,4.8269344719565875e-05,3.7140315563437591e-05
849,11,0.99990320233675334,-9.6802348442806386e-05,9.6802348442806386e-05,0.99995923025315692,-4.0770577951787276e-05,4.0770577951787276e-05,5.603177049101911e-05
850,5734,0.99992120845230592,-7.8794651911150623e-05,7.8794651911150623e-05,0.9999619284897473,-3.8072234991045073e-05,3.8072234991045073e-05,4.072241692010555e-05
851,11,0.999887741097787,-0.0001122652037151211,0.0001122652037151211,0.9999681163919375,-3.188411635557718e-05,3.188411635557718e-05,8.0381087359543917e-05
852,279,0.99976199138032062,-0.00023803694822593205,0.00023803694822593205,0.99983999674977164,-0.00016001605211400183,0.00016001605211400183,7.8020896111930226e-05
853,16526,0.99951124932895452,-0.00048887014858607137,0.00048887014858607137,0.99943189182166414,-0.00056826961293144392,0.00056826961293144392,-7.9399464345372554e-05
854,50714,0.99980394622613367,-0.00019607299491976633,0.00019607299491976633,0.99943731096395272,-0.0005628474049339747,0.0005628474049339747,-0.0003667744100142084
855,11,0.99984247406880122,-0.00015753833971137501,0.00015753833971137501,0.99991888292083653,-8.1120369331697626e-05,8.1120369331697626e-05,7.6417970379677379e-05
856,2314,0.99993360203087234,-6.6400173570411585e-05,6.6400173570411585e-05,0.99994656308680285,-5.3438340999835505e-05,5.3438340999835505e-05,1.296183257057608e-05
857,5059,0.99996447254526843,-3.5528085846513345e-05,3.5528085846513345e-05,0.99996660417110428,-3.339638654881145e-05,3.339638654881145e-05,2.1316992977018953e-06
858,2259,0.99997651912391294,-2.3481151767164057e-05,2.3481151767164057e-05,0.99998126063607773,-1.8739539506318843e-05,1.8739539506318843e-05,4.741612260845214e-06
859,11,0.99986713403955907,-0.00013287478790462688,0.00013287478790462688,0.99989524534278984,-0.0001047601443624383,0.0001047601443624383,2.8114643542188582e-05
860,323,0.99991936485399935,-8.0638397188759851e-05,8.0638397188759851e-05,0.99987771988270435,-0.00012228759411873677,0.00012228759411873677,-4.1649196929976917e-05
861,5370,0.99969815780836058,-0.00030188775516269543,0.00030188775516269543,0.99980460469457111,-0.000195414397578687,0.000195414397578687,0.00010647335758400843
862,30100,0.99977281689273689,-0.00022720891725432665,0.00022720891725432665,0.9996735052785265,-0.00032654803247926176,0.00032654803247926176,-9.9339115224935108e-05
863,304,0.99991634031716359,-8.3663182502824731e-05,8.3663182502824731e-05,0.99997646931544559,-2.3530961405355114e-05,2.3530961405355114e-05,6.0132221097469617e-05
864,279,0.99981536081004951,-0.00018465623786420788,0.00018465623786420788,0.99996237772121943,-3.7622986516195312e-05,3.7622986516195312e-05,0.00014703325134801258
865,19001,0.99993625114442364,-6.3750887621005401e-05,6.3750887621005401e-05,0.99993687576449375,-6.312622792461468e-05,6.312622792461468e-05,6.2465969639072152e-07
866,16867,0.99993266922290946,-6.7333043909083659e-05,6.7333043909083659e-05,0.99993741728022401,-6.2584678156129853e-05,6.2584678156129853e-05,4.7483657529538053e-06
867,13,0.99953118809573771,-0.00046892183092099772,0.00046892183092099772,0.99971763714716311,-0.00028240272473294858,0.00028240272473294858,0.00018651910618804914
868,578,0.9950135424099904,-0.0049989314538639029,0.0049989314538639029,0.99716842879470124,-0.0028355876868048301,0.0028355876868048301,0.0021633437670590728
869,3280,0.99993322867005652,-6.6773559247934114e-05,6.6773559247934114e-05,0.99997902258752447,-2.0977632504558653e-05,2.0977632504558653e-05,4.5795926743375458e-05
870,574,0.99974402126426909,-0.00025601150387956318,0.00025601150387956318,0.99991058388964305,-8.9420108215695147e-05,8.9420108215695147e-05,0.00016659139566386805
871,1101,0.99987140156950838,-0.00012860669997874163,0.00012860669997874163,0.99994809835196241,-5.1902994974705327e-05,5.1902994974705327e-05,7.6703705004036311e-05
872,13160,0.99989274777308046,-0.00010725797885095645,0.00010725797885095645,0.99993065859550279,-6.9343808723504305e-05,6.9343808723504305e-05,3.7914170127452141e-05
873,555,0.99990623714511351,-9.37672508977482e-05,9.37672508977482e-05,0.99998708837354999,-1.2911709805723108e-05,1.2911709805723108e-05,8.0855541092025092e-05
874,3892,0.99985816775682435,-0.00014184230231936715,0.00014184230231936715,0.99990607724740654,-9.3927163611414737e-05,9.3927163611414737e-05,4.7915138707952409e-05
875,5199,0.99978856321019804,-0.00021145914571132538,0.00021145914571132538,0.99989879040560559,-0.00010121471643105253,0.00010121471643105253,0.00011024442928027285
876,44583,0.99979138716662519,-0.00020863459605858462,0.00020863459605858462,0.99985774592286636,-0.00014226419620448578,0.00014226419620448578,6.6370399854098836e-05
877,11,0.99967785135642973,-0.00032220054459140113,0.00032220054459140113,0.99990421343588964,-9.5791151936244041e-05,9.5791151936244041e-05,0.00022640939265515709
878,2737,0.99988015386066253,-0.00011985332145984664,0.00011985332145984664,0.99996628389562559,-3.3716672774991432e-05,3.3716672774991432e-05,8.6136648684855211e-05
879,14221,0.99956550005365752,-0.00043459436879621048,0.00043459436879621048,0.9997351508576281,-0.00026488422109986417,0.00026488422109986417,0.00016971014769634631
880,78149,0.99997445008304875,-2.5550243355916267e-05,2.5550243355916267e-05,0.99998590831419565,-1.4091785093057627e-05,1.4091785093057627e-05,1.1458458262858641e-05
881,2417,0.99873271134062547,-0.001268092348723686,0.001268092348723686,0.99946112968221379,-0.00053901556057630228,0.00053901556057630228,0.00072907678814738367
882,65,0.99994660246198208,-5.3398963717176698e-05,5.3398963717176698e-05,0.99994513904369597,-5.486246122134904e-05,5.486246122134904e-05,-1.4634975041723423e-06
883,7835,0.99997477706364746,-2.5223254456112321e-05,2.5223254456112321e-05,0.99997862272375404,-2.1377504743138801e-05,2.1377504743138801e-05,3.8457497129735206e-06
884,11,0.99897244125237195,-0.0010280870480554925,0.0010280870480554925,0.99969861013398964,-0.00030143529306376728,0.00030143529306376728,0.0007266517549917252
885,902,0.99986539031141386,-0.00013461874928343359,0.00013461874928343359,0.9999455192561777,-5.4482227951920717e-05,5.4482227951920717e-05,8.0136521331512865e-05
886,9057,0.99962948385011086,-0.00037058480795760005,0.00037058480795760005,0.99966875567898805,-0.00033129919453009588,0.00033129919453009588,3.9285613427504174e-05
887,3892,0.99981831270090193,-0.00018170380623482721,0.00018170380623482721,0.99986108500942972,-0.00013892464015123555,0.00013892464015123555,4.2779166083591654e-05
888,16779,0.99992634854627604,-7.3654166125432255e-05,7.3654166125432255e-05,0.99993826677996123,-6.1735125612470435e-05,6.1735125612470435e-05,1.191904051296182e-05
889,323,0.99969236660872918,-0.00030768072012946529,0.00030768072012946529,0.99993575853052874,-6.4243533042855652e-05,6.4243533042855652e-05,0.00024343718708660965
890,16781,0.99965815482456755,-0.00034190361781362395,0.00034190361781362395,0.99989428760242316,-0.00010571798552612786,0.00010571798552612786,0.0002361856322874961
891,5674,0.99925171827178727,-0.00074856183072417415,0.00074856183072417415,0.99985596354802175,-0.00014404682622413414,0.00014404682622413414,0.00060451500450004001
892,4028,0.99993294690630952,-6.7055341849699658e-05,6.7055341849699658e-05,0.99998860038748794,-1.139967748809803e-05,1.139967748809803e-05,5.5655664361601629e-05
893,279,0.9997848742854536,-0.00021514885740210867,0.00021514885740210867,0.99992978712911951,-7.0215335919461428e-05,7.0215335919461428e-05,0.00014493352148264724
894,26363,0.99905912633369176,-0.00094131656576626076,0.00094131656576626076,0.99921899600668784,-0.00078130913581965814,0.00078130913581965814,0.00016000742994660261
895,323,0.99980622359766991,-0.00019379517940283717,0.00019379517940283717,0.99996411637309057,-3.588427074213376e-05,3.588427074213376e-05,0.00015791090866070341
896,5734,0.99986696575697687,-0.00013304309286289227,0.00013304309286289227,0.99995276139209655,-4.7239723681605045e-05,4.7239723681605045e-05,8.580336918128723e-05
897,11,0.99967207956197968,-0.0003279742156840195,0.0003279742156840195,0.99990190316073801,-9.8101651071638959e-05,9.8101651071638959e-05,0.00022987256461238056
898,323,0.99992173768154746,-7.826538110760325e-05,7.826538110760325e-05,0.99995102092181609,-4.8980277698133147e-05,4.8980277698133147e-05,2.9285103409470103e-05
899,14221,0.99976693548752071,-0.00023309167623346817,0.00023309167623346817,0.99984966033047951,-0.00015035097166143748,0.00015035097166143748,8.2740704572030694e-05
900,78149,0.99999471623376479,-5.2837801943521405e-06,5.2837801943521405e-06,0.99999839240534505,-1.6075959471450721e-06,1.6075959471450721e-06,3.6761842472070684e-06
901,11583,0.99951474832460807,-0.00048536944808735659,0.00048536944808735659,0.99963545899273598,-0.00036460746848940832,0.00036460746848940832,0.00012076197959794827
902,22530,0.99951791479783858,-0.00048220144259255307,0.00048220144259255307,0.99949252493606322,-0.0005076038729871546,0.0005076038729871546,-2.5402430394601521e-05
903,11,0.99978415351218874,-0.00021586978601704083,0.00021586978601704083,0.99991389204470171,-8.6111662801065865e-05,8.6111662801065865e-05,0.00012975812321597497
904,902,0.99997086065269447,-2.9139771864577757e-05,2.9139771864577757e-05,0.99998557801665566,-1.4422087342155401e-05,1.4422087342155401e-05,1.4717684522422355e-05
905,6244,0.99988054674058557,-0.00011946039452324171,0.00011946039452324171,0.999911155181895,-8.8848765039618909e-05,8.8848765039618909e-05,3.0611629483622802e-05
906,832,0.99990784812284261,-9.2156123402458543e-05,9.2156123402458543e-05,0.99994457264235714,-5.5428893795593017e-05,5.5428893795593017e-05,3.6727229606865526e-05
907,315,0.99989231793431355,-0.00010768786381636883,0.00010768786381636883,0.99999026721384343,-9.7328335203941963e-06,9.7328335203941963e-06,9.7955030295974639e-05
908,279,0.99967220114153343,-0.00032785259625613318,0.00032785259625613318,0.9998503165727366,-0.00014969463094566843,0.00014969463094566843,0.00017815796531046475
909,2853,0.99981064370022343,-0.00018937422994423316,0.00018937422994423316,0.99978161748403838,-0.00021840636489546929,0.00021840636489546929,-2.9032134951236129e-05
910,24013,0.99995272261528811,-4.727850232263875e-05,4.727850232263875e-05,0.99993644705989393,-6.3554959679782766e-05,6.3554959679782766e-05,-1.6276457357144017e-05
911,13892,0.99978644623115687,-0.00021357657469618394,0.00021357657469618394,0.99979395829155926,-0.0002060629379496862,0.0002060629379496862,7.5136367464977399e-06
912,764,0.99999781443848434,-2.1855639040432218e-06,2.1855639040432218e-06,0.9999974493118583,-2.5506913947022266e-06,2.5506913947022266e-06,-3.6512749065900486e-07
913,29639,0.99999857326474173,-1.426736276074982e-06,1.426736276074982e-06,0.99999802558534945,-1.9744165997161836e-06,1.9744165997161836e-06,-5.4768032364120156e-07
914,304,0.99984529517288367,-0.00015471679514241025,0.00015471679514241025,0.99991909483161268,-8.0908441387039635e-05,8.0908441387039635e-05,7.3808353755370614e-05
915,12715,0.99996069573129187,-3.9305041141098087e-05,3.9305041141098087e-05,0.99998392863921925,-1.6071489926490482e-05,1.6071489926490482e-05,2.3233551214607605e-05
916,3925,0.99984653147934643,-0.00015348029815200241,0.00015348029815200241,0.99994057972639838,-5.9422039056016716e-05,5.9422039056016716e-05,9.4058259095985687e-05
917,1306,0.99976891470617313,-0.00023111199814740554,0.00023111199814740554,0.99995206829498573,-4.7932853775156558e-05,4.7932853775156558e-05,0.00018317914437224897
918,21933,0.99988812465925869,-0.00011188159925402731,0.00011188159925402731,0.99986524194599302,-0.00013476713468937236,0.00013476713468937236,-2.288553543534505e-05
919,4987,0.99988955369071519,-0.00011045240892756635,0.00011045240892756635,0.99996452702774474,-3.5473601436020877e-05,3.5473601436020877e-05,7.4978807491545471e-05
920,12126,0.999878901254313,-0.0001211060787321121,0.0001211060787321121,0.99989265193974652,-0.00010735382246885601,0.00010735382246885601,1.3752256263256085e-05
921,382,0.93345795790839392,-0.068859354070376397,0.068859354070376397,0.95322093769042004,-0.047908568314339678,0.047908568314339678,0.020950785756036719
922,791,0.98825957657331298,-0.011809886416358866,0.011809886416358866,0.99618265329370626,-0.0038246513697794658,0.0038246513697794658,0.0079852350465794003
923,3280,0.99669351676014872,-0.0033119617352611735,0.0033119617352611735,0.99913485895625487,-0.00086551549424184761,0.00086551549424184761,0.0024464462410193257
924,574,0.99978512501233174,-0.00021489807660600587,0.00021489807660600587,0.99976552281762943,-0.00023450467644296795,0.00023450467644296795,-1.9606599836962085e-05
925,1101,0.99941819234439677,-0.00058197697135325402,0.00058197697135325402,0.9998691183148205,-0.00013089025093468242,0.00013089025093468242,0.0004510867204185716
926,28289,0.99640040095489779,-0.0036060931906420741,0.0036060931906420741,0.99753597990872334,-0.0024670607846951952,0.0024670607846951952,0.0011390324059468789
927,369,0.99992921689159087,-7.0785613651624151e-05,7.0785613651624151e-05,0.99997593825580677,-2.40620336815907e-05,2.40620336815907e-05,4.6723579970033451e-05
928,279,0.99979242764255938,-0.00020759390356403582,0.00020759390356403582,0.99985608130182047,-0.00014392905546911877,0.00014392905546911877,6.3664848094917054e-05
929,1396,0.99981019875945587,-0.00018981925507905047,0.00018981925507905047,0.99992439768911012,-7.5605168888626424e-05,7.5605168888626424e-05,0.00011421408619042405
930,315,0.99994431159030894,-5.5689960348143966e-05,5.5689960348143966e-05,0.99996063137934832,-3.9369395616135035e-05,3.9369395616135035e-05,1.6320564732008932e-05
931,35148,0.99988663046375847,-0.00011337596305312773,0.00011337596305312773,0.9999367898068714,-6.3212190977002079e-05,6.3212190977002079e-05,5.0163772076125649e-05
932,32343,0.99968012805038675,-0.00031992311955747742,0.00031992311955747742,0.99971665868555548,-0.00028338146317874783,0.00028338146317874783,3.6541656378729595e-05
933,3233,0.99995434470201772,-4.5656340217069629e-05,4.5656340217069629e-05,0.9999203690679741,-7.9634102736933209e-05,7.9634102736933209e-05,-3.3977762519863579e-05
934,430,0.9998842939634659,-0.00011571273099393179,0.00011571273099393179,0.99994553165089184,-5.4469832562571493e-05,5.4469832562571493e-05,6.1242898431360294e-05
935,11754,0.99956600583889976,-0.0004340883638227598,0.0004340883638227598,0.99946077045143444,-0.00053937498510333649,0.00053937498510333649,-0.00010528662128057669
936,279,0.99954315093403023,-0.0004569534532983579,0.0004569534532983579,0.99962892903651202,-0.00037113982735407385,0.00037113982735407385,8.5813625944284049e-05
937,26363,0.99877483417823509,-0.001225916950978263,0.001225916950978263,0.99872880299531785,-0.0012720056609748255,0.0012720056609748255,-4.6088709996562529e-05
938,11,0.99973080628420785,-0.00026922995492417951,0.00026922995492417951,0.99988625551778298,-0.00011375095161118446,0.00011375095161118446,0.00015547900331299504
939,6457,0.99990862887035648,-9.1375304239499532e-05,9.1375304239499532e-05,0.99995104738528406,-4.895381293427799e-05,4.895381293427799e-05,4.2421491305221542e-05
940,11,0.99986050456375253,-0.00013950516664078708,0.00013950516664078708,0.99993860471728957,-6.1397167477946559e-05,6.1397167477946559e-05,7.8107999162840521e-05
941,5734,0.9999091433266295,-9.086080108802432e-05,9.086080108802432e-05,0.99995616348367544,-4.3837477172761042e-05,4.3837477172761042e-05,4.7023323915263278e-05
942,11,0.9998514166082767,-0.00014859443132896283,0.00014859443132896283,0.99994930724950937,-5.0694035411500066e-05,5.0694035411500066e-05,9.7900395917462763e-05
943,279,0.99968819154767041,-0.00031185707469259176,0.00031185707469259176,0.99979363514128661,-0.00020638615487078655,0.00020638615487078655,0.00010547091982180521
944,16526,0.99936538212128423,-0.00063481933387766283,0.00063481933387766283,0.99936001855573575,-0.00064018631980448698,0.00064018631980448698,-5.3669859268241525e-06
945,50714,0.99972285571488684,-0.00027718269668773935,0.00027718269668773935,0.99931258021825675,-0.0006876561630564243,0.0006876561630564243,-0.00041047346636868495
946,11,0.9998159633982151,-0.00018405353859828782,0.00018405353859828782,0.99990371138184386,-9.629325420277494e-05,9.629325420277494e-05,8.7760284395512877e-05
947,2314,0.99992996469910322,-7.0037753483013498e-05,7.0037753483013498e-05,0.99992558840268198,-7.4414365998316516e-05,7.4414365998316516e-05,-4.3766125153030179e-06
948,5059,0.99995705593253115,-4.2944989591766429e-05,4.2944989591766429e-05,0.99996148801473217,-3.8512726873338679e-05,3.8512726873338679e-05,4.4322627184277495e-06
949,2259,0.99997758464428199,-2.2415606945821328e-05,2.2415606945821328e-05,0.99993488456103996,-6.5117559062217276e-05,6.5117559062217276e-05,-4.2701952116395948e-05
950,11,0.99983583039965052,-0.00016418307765337026,0.00016418307765337026,0.99985098528083283,-0.00014902582296357939,0.00014902582296357939,1.5157254689790868e-05
951,323,0.99988877015547806,-0.00011123603101983654,0.00011123603101983654,0.99977725419237995,-0.0002227706191519382,0.0002227706191519382,-0.00011153458813210166
952,5370,0.99969499687176677,-0.00030504965114731592,0.00030504965114731592,0.99979143557342509,-0.00020858617915949656,0.00020858617915949656,9.6463471987819354e-05
953,30100,0.99971123894720482,-0.00028880275229561253,0.00028880275229561253,0.99950282951615244,-0.00049729411407113829,0.00049729411407113829,-0.00020849136177552576
954,304,0.99989184751210403,-0.00010815833679801441,0.00010815833679801441,0.99996585192693699,-3.4148656121764747e-05,3.4148656121764747e-05,7.4009680676249661e-05
955,279,0.99978237168197548,-0.00021765200250322173,0.00021765200250322173,0.99994969253694166,-5.0308728521249281e-05,5.0308728521249281e-05,0.00016734327398197245
956,19001,0.99990173789034364,-9.8266937693698917e-05,9.8266937693698917e-05,0.99992620312558589,-7.379959753739061e-05,7.379959753739061e-05,2.4467340156308307e-05
957,16867,0.99991251352413679,-8.7490303028129205e-05,8.7490303028129205e-05,0.99992457359170916,-7.5429253005460385e-05,7.5429253005460385e-05,1.206105002266882e-05
958,13,0.99953542304470466,-0.00046468490460416711,0.00046468490460416711,0.99966899603942994,-0.00033105875447270633,0.00033105875447270633,0.00013362615013146078
959,578,0.99461954556168353,-0.0053949812138310025,0.0053949812138310025,0.99681934068781985,-0.003185728360474501,0.003185728360474501,0.0022092528533565014
960,3280,0.9999092439623426,-9.0760156235794408e-05,9.0760156235794408e-05,0.99997242072895587,-2.7579651359270335e-05,2.7579651359270335e-05,6.318050487652408e-05
961,574,0.99959242332553933,-0.00040765975640901414,0.00040765975640901414,0.99984530599062038,-0.0001547059757319528,0.0001547059757319528,0.00025295378067706134
962,1101,0.99982481349330787,-0.00017520185364054984,0.00017520185364054984,0.99992284762524675,-7.7155351150841276e-05,7.7155351150841276e-05,9.8046502489708564e-05
963,13160,0.99984396807256393,-0.00015604410168370314,0.00015604410168370314,0.99990787789064273,-9.2126352859398783e-05,9.2126352859398783e-05,6.3917748824304354e-05
964,555,0.99983854188442478,-0.00016147115133997511,0.00016147115133997511,0.99997478669834372,-2.5213619516885844e-05,2.5213619516885844e-05,0.00013625753182308926
965,3892,0.99977822697729157,-0.00022179761798163405,0.00022179761798163405,0.99987186890304769,-0.00012813930644254047,0.00012813930644254047,9.3658311539093585e-05
966,5199,0.99969964140812329,-0.0003004037085529119,0.0003004037085529119,0.99987450116042065,-0.00012550671521759755,0.00012550671521759755,0.00017489699333531435
967,44583,0.99971786594167544,-0.00028217386562544669,0.00028217386562544669,0.99983468242516915,-0.00016533124128733284,0.00016533124128733284,0.00011684262433811385
968,11,0.99950526210847901,-0.00049486031469151012,0.00049486031469151012,0.99985182594670896,-0.00014818503215058998,0.00014818503215058998,0.00034667528254092014
969,2737,0.99983826329476866,-0.00016174978602269109,0.00016174978602269109,0.99995970811920176,-4.0292692537910455e-05,4.0292692537910455e-05,0.00012145709348478064
970,14221,0.99941144126188763,-0.00058873200679567059,0.00058873200679567059,0.99968588267052727,-0.00031416667465479286,0.00031416667465479286,0.00027456533214087773
971,78149,0.99996249211698507,-3.7508586453152798e-05,3.7508586453152798e-05,0.99998152935311424,-1.8470817470251912e-05,1.8470817470251912e-05,1.9037768982900886e-05
972,2417,0.99850746323849615,-0.0014936517040293183,0.0014936517040293183,0.99931824765142174,-0.00068198484738769447,0.00068198484738769447,0.0008116668566416238
973,65,0.99990597953224269,-9.4024887958505396e-05,9.4024887958505396e-05,0.99990584204957733,-9.4162383560767712e-05,9.4162383560767712e-05,-1.3749560226231582e-07
974,7835,0.99995975366891743,-4.0247140987906587e-05,4.0247140987906587e-05,0.99997513390714865,-2.4866402017749096e-05,2.4866402017749096e-05,1.5380738970157491e-05
975,11,0.99854503134341444,-0.0014560281512937874,0.0014560281512937874,0.99956204675733196,-0.00043804917219888398,0.00043804917219888398,0.0010179789790949034
976,902,0.9997979989635245,-0.00020202144143277153,0.00020202144143277153,0.99993181894169725,-6.8183382736730419e-05,6.8183382736730419e-05,0.00013383805869604111
977,9057,0.9995277560330752,-0.00047235550922512012,0.00047235550922512012,0.99963251051095603,-0.0003675570298538263,0.0003675570298538263,0.00010479847937129382
978,3892,0.99976727501883167,-0.00023275206582907881,0.00023275206582907881,0.99984456537144084,-0.00015544670977293043,0.00015544670977293043,7.7305356056148384e-05
979,16779,0.99989393467217103,-0.00010607095315361042,0.00010607095315361042,0.99992697468809155,-7.3027978386362098e-05,7.3027978386362098e-05,3.3042974767248323e-05
980,323,0.99955081228380227,-0.00044928863122086529,0.00044928863122086529,0.99991390745595665,-8.6096250219169247e-05,8.6096250219169247e-05,0.00036319238100169604
981,16781,0.99952180888970887,-0.00047830548012200974,0.00047830548012200974,0.99987743223287717,-0.00012257527916538461,0.00012257527916538461,0.0003557302009566251
982,5674,0.99895248692842742,-0.0010480620968310169,0.0010480620968310169,0.99981235030220983,-0.00018766730619755942,0.00018766730619755942,0.00086039479063345758
983,4028,0.99990586601950182,-9.4138411379429869e-05,9.4138411379429869e-05,0.99998602191520092,-1.3978182493427531e-05,1.3978182493427531e-05,8.0160228886002333e-05
984,279,0.99971141531901886,-0.00028862632955311266,0.00028862632955311266,0.99992192393851653,-7.8079109577772646e-05,7.8079109577772646e-05,0.00021054721997534003
985,26363,0.99881069834697078,-0.0011900094334720863,0.0011900094334720863,0.99921641520331916,-0.00078389195971701397,0.00078389195971701397,0.00040611747375507228
986,323,0.99974952838588782,-0.00025050298736578039,0.00025050298736578039,0.99995499141471789,-4.5009598198872262e-05,4.5009598198872262e-05,0.00020549338916690812
987,5734,0.99982952296232808,-0.0001704915705338481,0.0001704915705338481,0.99994742269508441,-5.2578687150585507e-05,5.2578687150585507e-05,0.0001179128833832626
988,11,0.99958154556878753,-0.00041854200770002892,0.00041854200770002892,0.99986690649930443,-0.00013310235842144532,0.00013310235842144532,0.0002854396492785836
989,323,0.99988915740115503,-0.00011084874233984925,0.00011084874233984925,0.99993939692789569,-6.060490854468485e-05,6.060490854468485e-05,5.0243833795164402e-05
990,14221,0.99967309131009197,-0.00032696213620215749,0.00032696213620215749,0.99981486541883602,-0.00018515172068602653,0.00018515172068602653,0.00014181041551613097
991,78149,0.99999527953638334,-4.7204747580424127e-06,4.7204747580424127e-06,0.99999680364592125,-3.196359187104301e-06,3.196359187104301e-06,1.5241155709381117e-06
992,11583,0.99935586037920832,-0.00064434716784819951,0.00064434716784819951,0.99960515817576934,-0.0003949197947884766,0.0003949197947884766,0.00024942737305972291
993,22530,0.9993157834357953,-0.00068445074718542418,0.00068445074718542418,0.99936039561550416,-0.00063980901864143483,0.00063980901864143483,4.4641728543989346e-05
994,11,0.99970429247222758,-0.00029575125786452788,0.00029575125786452788,0.99988193951269821,-0.00011806745698970574,0.00011806745698970574,0.00017768380087482212
995,902,0.99996331563009555,-3.6685042792405069e-05,3.6685042792405069e-05,0.99998396109118237,-1.6039037442355782e-05,1.6039037442355782e-05,2.0646005350049287e-05
996,6244,0.99986315143522841,-0.0001368579293908465,0.0001368579293908465,0.9999084673695956,-9.1536819771270993e-05,9.1536819771270993e-05,4.5321109619575511e-05
997,832,0.99987766405823408,-0.00012234342541762863,0.00012234342541762863,0.99993643947473176,-6.356254532402709e-05,6.356254532402709e-05,5.8780880093601542e-05
998,315,0.99993516067367882,-6.4841428481133859e-05,6.4841428481133859e-05,0.99999605795214408,-3.9420556258006369e-06,3.9420556258006369e-06,6.0899372855333225e-05
999,279,0.99956992781480292,-0.00043016469276357597,0.00043016469276357597,0.99982304498088581,-0.00017697067750086203,0.00017697067750086203,0.00025319401526271393
1000,2853,0.99979843300321303,-0.00020158731414436835,0.00020158731414436835,0.99979640133314462,-0.00020361939587760038,0.00020361939587760038,-2.0320817332320363e-06
1001,24013,0.99994254763406332,-5.7454016387020968e-05,5.7454016387020968e-05,0.99994390863731508,-5.6092935864235253e-05,5.6092935864235253e-05,1.3610805227857144e-06
1002,13892,0.99976010335509702,-0.00023992542470601265,0.00023992542470601265,0.99979619397698971,-0.0002038267942801023,0.0002038267942801023,3.6098630425910347e-05
1003,764,0.99999575141551411,-4.2485935111634597e-06,4.2485935111634597e-06,0.99999678868756015,-3.2113175960974676e-06,3.2113175960974676e-06,1.0372759150659921e-06
1004,29639,0.99999717796597332,-2.8220380085825885e-06,2.8220380085825885e-06,0.9999978032739355,-2.1967284772707769e-06,2.1967284772707769e-06,6.2530953131181159e-07
1005,304,0.99981113090923357,-0.00018888692877925571,0.00018888692877925571,0.99990123118787011,-9.877369009016364e-05,9.877369009016364e-05,9.0113238689092074e-05
1006,12715,0.99994899551722949,-5.1005783543361131e-05,5.1005783543361131e-05,0.99998037239791238,-1.9627794711477273e-05,1.9627794711477273e-05,3.1377988831883855e-05
1007,3925,0.99982756293441288,-0.00017245193456727235,0.00017245193456727235,0.9999128668002244,-8.7136996093407316e-05,8.7136996093407316e-05,8.5314938473865029e-05
1008,1306,0.99969368804971981,-0.00030635887336797398,0.00030635887336797398,0.99993580744879262,-6.4194611637341498e-05,6.4194611637341498e-05,0.00024216426173063248
1009,21933,0.99986350426225734,-0.00013650505413367306,0.00013650505413367306,0.99985200828929877,-0.00014800266255503007,0.00014800266255503007,-1.1497608421357012e-05
1010,4987,0.99988435451167168,-0.00011565217578338139,0.00011565217578338139,0.99996368505833844,-3.6315601064969783e-05,3.6315601064969783e-05,7.9336574718411615e-05
1011,12126,0.99991912741365352,-8.0875856710364651e-05,8.0875856710364651e-05,0.99993092866829081,-6.9073717243509059e-05,6.9073717243509059e-05,1.1802139466855592e-05
1012,382,0.93757629460869907,-0.064457143532872574,0.064457143532872574,0.95367167792267016,-0.047435819889017503,0.047435819889017503,0.017021323643855071
1013,791,0.99090890092075945,-0.0091326752946345405,0.0091326752946345405,0.99701367142915387,-0.0029907965474606567,0.0029907965474606567,0.0061418787471738834
1014,3280,0.99726411411665128,-0.0027396352592699209,0.0027396352592699209,0.99930558903959743,-0.0006946521753682422,0.0006946521753682422,0.0020449830839016788
1015,574,0.99972923018131488,-0.00027080648345110479,0.00027080648345110479,0.99970742877351149,-0.00029261403379945105,0.00029261403379945105,-2.1807550348346258e-05
1016,1101,0.99939488836134305,-0.00060529479259401314,0.00060529479259401314,0.99986250246976016,-0.00013750698389187563,0.00013750698389187563,0.00046778780870213748
1017,28289,0.997142758971719,-0.0028613307334678759,0.0028613307334678759,0.99765095140560411,-0.0023518119373780988,0.0023518119373780988,0.00050951879608977704
1018,369,0.99991161327894917,-8.8390627387211843e-05,8.8390627387211843e-05,0.99997041861922042,-2.9581818317278604e-05,2.9581818317278604e-05,5.8808809069933239e-05
1019,279,0.99971646214015542,-0.0002835780643034219,0.0002835780643034219,0.99983931439542328,-0.00016069851589157542,0.00016069851589157542,0.00012287954841184648
1020,1396,0.99974410925432733,-0.00025592349129583184,0.00025592349129583184,0.9999005240265878,-9.9480921475009743e-05,9.9480921475009743e-05,0.00015644256982082211
1021,315,0.99994767273235841,-5.2328636760863904e-05,5.2328636760863904e-05,0.99995881405718978,-4.1186790974423629e-05,4.1186790974423629e-05,1.1141845786440275e-05
1022,35148,0.99985378193905095,-0.00014622875185190729,0.00014622875185190729,0.99991971666693247,-8.0286555946866285e-05,8.0286555946866285e-05,6.5942195905041009e-05
1023,32343,0.99961978729780188,-0.00038028500137415281,0.00038028500137415281,0.99964917826173294,-0.00035088329060946924,0.00035088329060946924,2.9401710764683571e-05
