token_index,token_id,probability,logprob,nll,reference_probability,reference_logprob,reference_nll,nll_drift
0,1692,0.68149109085317183,-0.38347210078034449,0.38347210078034449,0.68149109085317183,-0.38347210078034449,0.38347210078034449,0
1,10746,0.99985389912084421,-0.00014611155292883736,0.00014611155292883736,0.99985389912084421,-0.00014611155292883736,0.00014611155292883736,0
2,374,0.50814011649621138,-0.67699804956053178,0.67699804956053178,0.50814011649621138,-0.67699804956053178,0.67699804956053178,0
3,279,0.83926685128786027,-0.17522656433893147,0.17522656433893147,0.83926685128786027,-0.17522656433893147,0.17522656433893147,0
4,6864,0.99994012703615798,-5.9874756299444874e-05,5.9874756299444874e-05,0.99994012703615798,-5.9874756299444874e-05,5.9874756299444874e-05,0
5,3363,0.9987246464428241,-0.0012761675126514503,0.0012761675126514503,0.9987246464428241,-0.0012761675126514503,0.0012761675126514503,0
6,315,0.99998608375436393,-1.3916342467966598e-05,1.3916342467966598e-05,0.99998608375436393,-1.3916342467966598e-05,1.3916342467966598e-05,0
7,279,0.99999220844905534,-7.7915812989809359e-06,7.7915812989809359e-06,0.99999220844905534,-7.7915812989809359e-06,7.7915812989809359e-06,0
8,26363,0.99999554125235379,-4.4587575864749598e-06,4.4587575864749598e-06,0.99999554125235379,-4.4587575864749598e-06,4.4587575864749598e-06,0
9,11,0.96319633101754754,-0.037498013594358275,0.037498013594358275,0.96319633101754754,-0.037498013594358275,0.037498013594358275,0
10,18538,0.99551855869077777,-0.0044915130692582449,0.0044915130692582449,0.99551855869077777,-0.0044915130692582449,0.0044915130692582449,0
11,389,0.96700646786862032,-0.033550094959049585,0.033550094959049585,0.96700646786862032,-0.033550094959049585,0.033550094959049585,0
12,5651,0.99998789945358968,-1.2100619622511085e-05,1.2100619622511085e-05,0.99998789945358968,-1.2100619622511085e-05,1.2100619622511085e-05,0
13,220,0.99999814364137241,-1.8563603505776721e-06,1.8563603505776721e-06,0.99999814364137241,-1.8563603505776721e-06,1.8563603505776721e-06,0
14,1187,0.99999090167715687,-9.0983642331120143e-06,9.0983642331120143e-06,0.99999090167715687,-9.0983642331120143e-06,9.0983642331120143e-06,0
15,11,0.99999655320736125,-3.4467985789189908e-06,3.4467985789189908e-06,0.99999655320736125,-3.4467985789189908e-06,3.4467985789189908e-06,0
16,220,0.99999347698287766,-6.5230383973529513e-06,6.5230383973529513e-06,0.99999347698287766,-6.5230383973529513e-06,6.5230383973529513e-06,0
17,10895,0.9999998661034234,-1.338965855144515e-07,1.338965855144515e-07,0.9999998661034234,-1.338965855144515e-07,1.338965855144515e-07,0
18,16,0.99999975651087381,-2.4348915583729612e-07,2.4348915583729612e-07,0.99999975651087381,-2.4348915583729612e-07,2.4348915583729612e-07,0
19,11,0.96607675751152278,-0.0345119888046687,0.0345119888046687,0.96607675751152278,-0.0345119888046687,0.0345119888046687,0
20,555,0.99999201625182943,-7.9837800409039749e-06,7.9837800409039749e-06,0.99999201625182943,-7.9837800409039749e-06,7.9837800409039749e-06,0
21,15506,0.99976594028929278,-0.00023408710695630377,0.00023408710695630377,0.99976594028929278,-0.00023408710695630377,0.00023408710695630377,0
22,39879,0.99928380646989823,-0.00071645011920704906,0.00071645011920704906,0.99928380646989823,-0.00071645011920704906,0.00071645011920704906,0
23,380,0.99999879715361883,-1.2028471045870782e-06,1.2028471045870782e-06,0.99999879715361883,-1.2028471045870782e-06,1.2028471045870782e-06,0
24,5477,0.99998486614941184,-1.5133965106028905e-05,1.5133965106028905e-05,0.99998486614941184,-1.5133965106028905e-05,1.5133965106028905e-05,0
25,46991,0.99999485769317487,-5.1423200467870181e-06,5.1423200467870181e-06,0.99999485769317487,-5.1423200467870181e-06,5.1423200467870181e-06,0
26,92075,0.9998823555709393,-0.00011765134970935153,0.00011765134970935153,0.9998823555709393,-0.00011765134970935153,0.00011765134970935153,0
27,409,0.99999789048574306,-2.1095164820182148e-06,2.1095164820182148e-06,0.99999789048574306,-2.1095164820182148e-06,2.1095164820182148e-06,0
28,7765,0.99999384247121048,-6.1575477472313251e-06,6.1575477472313251e-06,0.99999384247121048,-6.1575477472313251e-06,6.1575477472313251e-06,0
29,1394,0.99995547767487414,-4.4523316274053822e-05,4.4523316274053822e-05,0.99995547767487414,-4.4523316274053822e-05,4.4523316274053822e-05,0
30,2554,0.99999874738452255,-1.2526162620080453e-06,1.2526162620080453e-06,0.99999874738452255,-1.2526162620080453e-06,1.2526162620080453e-06,0
31,13,0.99980762272795165,-0.0001923957789292828,0.0001923957789292828,0.99980762272795165,-0.0001923957789292828,0.0001923957789292828,0
32,1102,0.99505394308990203,-0.004958329132373227,0.004958329132373227,0.99505394308990203,-0.004958329132373227,0.004958329132373227,0
33,374,0.99646411101826515,-0.0035421550121996497,0.0035421550121996497,0.99646411101826515,-0.0035421550121996497,0.0035421550121996497,0
34,832,0.99967575220989358,-0.0003243003697873479,0.0003243003697873479,0.99967575220989358,-0.0003243003697873479,0.0003243003697873479,0
35,315,0.99999755513706401,-2.4448659246333889e-06,2.4448659246333889e-06,0.99999755513706401,-2.4448659246333889e-06,2.4448659246333889e-06,0
36,279,0.99999900993940416,-9.9006108594543957e-07,9.9006108594543957e-07,0.99999900993940416,-9.9006108594543957e-07,9.9006108594543957e-07,0
37,24417,0.99999200145571732,-7.9985762712549958e-06,7.9985762712549958e-06,0.99999200145571732,-7.9985762712549958e-06,7.9985762712549958e-06,0
38,9919,0.99999283106313963,-7.1689625572955873e-06,7.1689625572955873e-06,0.99999283106313963,-7.1689625572955873e-06,7.1689625572955873e-06,0
39,304,0.99999910299486305,-8.970055392151644e-07,8.970055392151644e-07,0.99999910299486305,-8.970055392151644e-07,8.970055392151644e-07,0
40,279,0.99999884163322839,-1.1583674425219058e-06,1.1583674425219058e-06,0.99999884163322839,-1.1583674425219058e-06,1.1583674425219058e-06,0
41,3224,0.99951496816769669,-0.00048514949829188918,0.00048514949829188918,0.99951496816769669,-0.00048514949829188918,0.00048514949829188918,0
42,323,0.99856947402100549,-0.001431550158142611,0.001431550158142611,0.99856947402100549,-0.001431550158142611,0.001431550158142611,0
43,574,0.999056279248551,-0.00094416633623781903,0.00094416633623781903,0.999056279248551,-0.00094416633623781903,0.00094416633623781903,0
44,279,0.99992843888490712,-7.1563675711621455e-05,7.1563675711621455e-05,0.99992843888490712,-7.1563675711621455e-05,7.1563675711621455e-05,0
45,10954,0.9999937306625849,-6.2693570675316367e-06,6.2693570675316367e-06,0.9999937306625849,-6.2693570675316367e-06,6.2693570675316367e-06,0
46,315,0.99999913041087185,-8.6958950622944381e-07,8.6958950622944381e-07,0.99999913041087185,-8.6958950622944381e-07,8.6958950622944381e-07,0
47,2410,0.99999600042015102,-3.9995878472652309e-06,3.9995878472652309e-06,0.99999600042015102,-3.9995878472652309e-06,3.9995878472652309e-06,0
48,369,0.99999259392467632,-7.4061027487791368e-06,7.4061027487791368e-06,0.99999259392467632,-7.4061027487791368e-06,7.4061027487791368e-06,0
49,1455,0.99999161138596415,-8.3886492205197647e-06,8.3886492205197647e-06,0.99999161138596415,-8.3886492205197647e-06,8.3886492205197647e-06,0
50,315,0.9999961122690556,-3.8877385015964296e-06,3.8877385015964296e-06,0.9999961122690556,-3.8877385015964296e-06,3.8877385015964296e-06,0
51,279,0.99999312430198972,-6.8757216479665547e-06,6.8757216479665547e-06,0.99999312430198972,-6.8757216479665547e-06,6.8757216479665547e-06,0
52,37683,0.99993138308055241,-6.8619273696110915e-05,6.8619273696110915e-05,0.99993138308055241,-6.8619273696110915e-05,6.8619273696110915e-05,0
53,5718,0.99335221470551827,-0.0066699802386444617,0.0066699802386444617,0.99335221470551827,-0.0066699802386444617,0.0066699802386444617,0
54,315,0.99995432865764533,-4.5672385322132998e-05,4.5672385322132998e-05,0.99995432865764533,-4.5672385322132998e-05,4.5672385322132998e-05,0
55,279,0.99999796000826557,-2.0399938151972262e-06,2.0399938151972262e-06,0.99999796000826557,-2.0399938151972262e-06,2.0399938151972262e-06,0
56,26363,0.9999890332526733,-1.0966807461953225e-05,1.0966807461953225e-05,0.9999890332526733,-1.0966807461953225e-05,1.0966807461953225e-05,0
57,13,0.97493779411252801,-0.02538161092988225,0.02538161092988225,0.97493779411252801,-0.02538161092988225,0.02538161092988225,0
58,57664,0.83436845869737919,-0.18108017718769442,0.18108017718769442,0.83436845869737919,-0.18108017718769442,0.18108017718769442,0
59,374,0.99643698144057335,-0.0035693812280877544,0.0035693812280877544,0.99643698144057335,-0.0035693812280877544,0.0035693812280877544,0
60,31183,0.92415651400037835,-0.07887383423858961,0.07887383423858961,0.92415651400037835,-0.07887383423858961,0.07887383423858961,0
61,389,0.99999514120519928,-4.858806604706222e-06,4.858806604706222e-06,0.99999514120519928,-4.858806604706222e-06,4.858806604706222e-06,0
62,279,0.9999989331949023,-1.066805666756992e-06,1.066805666756992e-06,0.9999989331949023,-1.066805666756992e-06,1.066805666756992e-06,0
63,24024,0.99997427630223246,-2.5724028627556244e-05,2.5724028627556244e-05,0.99997427630223246,-2.5724028627556244e-05,2.5724028627556244e-05,0
64,31284,0.99999430806484124,-5.6919513578784938e-06,5.6919513578784938e-06,0.99999430806484124,-5.6919513578784938e-06,5.6919513578784938e-06,0
65,315,0.99999935403646911,-6.459637394747192e-07,6.459637394747192e-07,0.99999935403646911,-6.459637394747192e-07,6.459637394747192e-07,0
66,57664,0.99999626617180115,-3.7338351695919957e-06,3.7338351695919957e-06,0.99999626617180115,-3.7338351695919957e-06,3.7338351695919957e-06,0
67,9332,0.99999745741509438,-2.5425881379558967e-06,2.5425881379558967e-06,0.99999745741509438,-2.5425881379558967e-06,2.5425881379558967e-06,0
68,323,0.99993006497681269,-6.9937468755040377e-05,6.9937468755040377e-05,0.99993006497681269,-6.9937468755040377e-05,6.9937468755040377e-05,0
69,5727,0.99990166250830426,-9.8342327143845367e-05,9.8342327143845367e-05,0.99990166250830426,-9.8342327143845367e-05,9.8342327143845367e-05,0
70,264,0.99994760669459115,-5.2394677986023226e-05,5.2394677986023226e-05,0.99994760669459115,-5.2394677986023226e-05,5.2394677986023226e-05,0
71,49068,0.99993169701748985,-6.8305315265102521e-05,6.8305315265102521e-05,0.99993169701748985,-6.8305315265102521e-05,6.8305315265102521e-05,0
72,315,0.99999660900313925,-3.3910026102096984e-06,3.3910026102096984e-06,0.99999660900313925,-3.3910026102096984e-06,3.3910026102096984e-06,0
73,61024,0.99991689118314064,-8.3112270588471551e-05,8.3112270588471551e-05,0.99991689118314064,-8.3112270588471551e-05,8.3112270588471551e-05,0
74,11,0.99993598225131797,-6.4019797905550495e-05,6.4019797905550495e-05,0.99993598225131797,-6.4019797905550495e-05,6.4019797905550495e-05,0
75,1063,0.99987818704508968,-0.00012182037471088589,0.00012182037471088589,0.99987818704508968,-0.00012182037471088589,0.00012182037471088589,0
76,315,0.99997988213523137,-2.0118067135539613e-05,2.0118067135539613e-05,0.99997988213523137,-2.0118067135539613e-05,2.0118067135539613e-05,0
77,902,0.99999773597905584,-2.2640235070504185e-06,2.2640235070504185e-06,0.99999773597905584,-2.2640235070504185e-06,2.2640235070504185e-06,0
78,2457,0.99999712631558979,-2.8736885392235567e-06,2.8736885392235567e-06,0.99999712631558979,-2.8736885392235567e-06,2.8736885392235567e-06,0
79,1203,0.99999933039187783,-6.6960834640378781e-07,6.6960834640378781e-07,0.99999933039187783,-6.6960834640378781e-07,6.6960834640378781e-07,0
80,311,0.99999938345851325,-6.1654167683166875e-07,6.1654167683166875e-07,0.99999938345851325,-6.1654167683166875e-07,6.1654167683166875e-07,0
81,279,0.99999837506555822,-1.6249357620141688e-06,1.6249357620141688e-06,0.99999837506555822,-1.6249357620141688e-06,1.6249357620141688e-06,0
82,220,0.99999767832620523,-2.3216764898093894e-06,2.3216764898093894e-06,0.99999767832620523,-2.3216764898093894e-06,2.3216764898093894e-06,0
83,845,0.99999673422889934,-3.2657764332506465e-06,3.2657764332506465e-06,0.99999673422889934,-3.2657764332506465e-06,3.2657764332506465e-06,0
84,339,0.99999777640470755,-2.223597764632763e-06,2.223597764632763e-06,0.99999777640470755,-2.223597764632763e-06,2.223597764632763e-06,0
85,9478,0.99998456997545859,-1.5430143585455608e-05,1.5430143585455608e-05,0.99998456997545859,-1.5430143585455608e-05,1.5430143585455608e-05,0
86,11,0.99725328471624231,-0.002750494427924347,0.002750494427924347,0.99725328471624231,-0.002750494427924347,0.002750494427924347,0
87,1778,0.99999116939484733,-8.8306441427015635e-06,8.8306441427015635e-06,0.99999116939484733,-8.8306441427015635e-06,8.8306441427015635e-06,0
88,439,0.99999971888100814,-2.8111903139670396e-07,2.8111903139670396e-07,0.99999971888100814,-2.8111903139670396e-07,2.8111903139670396e-07,0
89,279,0.99999795679145453,-2.0432106327701526e-06,2.0432106327701526e-06,0.99999795679145453,-2.0432106327701526e-06,2.0432106327701526e-06,0
90,15506,0.99988904970266468,-0.00011095645277483513,0.00011095645277483513,0.99988904970266468,-0.00011095645277483513,0.00011095645277483513,0
91,37683,0.999933039008989,-6.6963232998224083e-05,6.6963232998224083e-05,0.999933039008989,-6.6963232998224083e-05,6.6963232998224083e-05,0
92,11639,0.99441824388626687,-0.0055973923265528278,0.0055973923265528278,0.99441824388626687,-0.0055973923265528278,0.0055973923265528278,0
93,468,0.9999924653298895,-7.5346984962847993e-06,7.5346984962847993e-06,0.9999924653298895,-7.5346984962847993e-06,7.5346984962847993e-06,0
94,4841,0.99999783867997738,-2.1613223582245645e-06,2.1613223582245645e-06,0.99999783867997738,-2.1613223582245645e-06,2.1613223582245645e-06,0
95,4409,0.99999806626629961,-1.9337355700620776e-06,1.9337355700620776e-06,0.99999806626629961,-1.9337355700620776e-06,1.9337355700620776e-06,0
96,315,0.99999957750817314,-4.224919161310813e-07,4.224919161310813e-07,0.99999957750817314,-4.224919161310813e-07,4.224919161310813e-07,0
97,61894,0.99999719149940103,-2.8085045428098999e-06,2.8085045428098999e-06,0.99999719149940103,-2.8085045428098999e-06,2.8085045428098999e-06,0
98,309,0.99999996965314253,-3.0346857899098624e-08,3.0346857899098624e-08,0.99999996965314253,-3.0346857899098624e-08,3.0346857899098624e-08,0
99,44486,0.99973431757124176,-0.00026571772858718907,0.00026571772858718907,0.99973431757124176,-0.00026571772858718907,0.00026571772858718907,0
100,382,0.98371199741624626,-0.016422110323254639,0.016422110323254639,0.98371199741624626,-0.016422110323254639,0.016422110323254639,0
101,1692,0.99490833324573791,-0.0051046734587512424,0.0051046734587512424,0.99490833324573791,-0.0051046734587512424,0.0051046734587512424,0
102,10746,0.99994424012517991,-5.576142945969896e-05,5.576142945969896e-05,0.99994424012517991,-5.576142945969896e-05,5.576142945969896e-05,0
103,374,0.87030507979452654,-0.13891146237212049,0.13891146237212049,0.87030507979452654,-0.13891146237212049,0.13891146237212049,0
104,279,0.99981811933662235,-0.00018189720567140882,0.00018189720567140882,0.99981811933662235,-0.00018189720567140882,0.00018189720567140882,0
105,2132,0.9999939729875239,-6.0270306385637009e-06,6.0270306385637009e-06,0.9999939729875239,-6.0270306385637009e-06,6.0270306385637009e-06,0
106,1455,0.9972823432617175,-0.0027213562715840299,0.0027213562715840299,0.9972823432617175,-0.0027213562715840299,0.0027213562715840299,0
107,95551,0.99997736532828374,-2.2634927884294821e-05,2.2634927884294821e-05,0.99997736532828374,-2.2634927884294821e-05,2.2634927884294821e-05,0
108,3363,0.99999759177312342,-2.408229776377756e-06,2.408229776377756e-06,0.99999759177312342,-2.408229776377756e-06,2.408229776377756e-06,0
109,304,0.99999941581256757,-5.8418760307355346e-07,5.8418760307355346e-07,0.99999941581256757,-5.8418760307355346e-07,5.8418760307355346e-07,0
110,279,0.9999997995501666,-2.0044985349850856e-07,2.0044985349850856e-07,0.9999997995501666,-2.0044985349850856e-07,2.0044985349850856e-07,0
111,26363,0.99998505958716599,-1.4940524443037774e-05,1.4940524443037774e-05,0.99998505958716599,-1.4940524443037774e-05,1.4940524443037774e-05,0
112,1306,0.93672842075389939,-0.065361877865220325,0.065361877865220325,0.93672842075389939,-0.065361877865220325,0.065361877865220325,0
113,279,0.93284567057928514,-0.069515503843360985,0.069515503843360985,0.93284567057928514,-0.069515503843360985,0.069515503843360985,0
114,4846,0.99999939631273949,-6.036874427811032e-07,6.036874427811032e-07,0.99999939631273949,-6.036874427811032e-07,6.036874427811032e-07,0
115,6864,0.99999761444970592,-2.3855531395397658e-06,2.3855531395397658e-06,0.99999761444970592,-2.3855531395397658e-06,2.3855531395397658e-06,0
116,9605,0.99993112317875499,-6.887919336215905e-05,6.887919336215905e-05,0.99993112317875499,-6.887919336215905e-05,6.887919336215905e-05,0
117,52719,0.99999935863133438,-6.4136887128204997e-07,6.4136887128204997e-07,0.99999935863133438,-6.4136887128204997e-07,6.4136887128204997e-07,0
118,4409,0.99999596547345226,-4.0345346864137908e-06,4.0345346864137908e-06,0.99999596547345226,-4.0345346864137908e-06,4.0345346864137908e-06,0
119,11,0.7035581041962049,-0.35160481280887856,0.35160481280887856,0.7035581041962049,-0.35160481280887856,0.35160481280887856,0
120,449,0.99993142270458846,-6.8579646941763678e-05,6.8579646941763678e-05,0.99993142270458846,-6.8579646941763678e-05,6.8579646941763678e-05,0
121,264,0.99996596758192158,-3.4032997194347958e-05,3.4032997194347958e-05,0.99996596758192158,-3.4032997194347958e-05,3.4032997194347958e-05,0
122,7187,0.99999116395671306,-8.8360823249744282e-06,8.8360823249744282e-06,0.99999116395671306,-8.8360823249744282e-06,8.8360823249744282e-06,0
123,315,0.99998796763006037,-1.2032442329137821e-05,1.2032442329137821e-05,0.99998796763006037,-1.2032442329137821e-05,1.2032442329137821e-05,0
124,220,0.99701346839472893,-0.0029910001900499178,0.0029910001900499178,0.99701346839472893,-0.0029910001900499178,0.0029910001900499178,0
125,16,0.99936204098242865,-0.00063816260001480992,0.00063816260001480992,0.99936204098242865,-0.00063816260001480992,0.00063816260001480992,0
126,11,0.98510796972069503,-0.015004029887576372,0.015004029887576372,0.98510796972069503,-0.015004029887576372,0.015004029887576372,0
127,19423,0.99922954926152463,-0.00077074768817878188,0.00077074768817878188,0.99922954926152463,-0.00077074768817878188,0.00077074768817878188,0
128,11,0.99999017681234093,-9.8232359068574005e-06,9.8232359068574005e-06,0.99999017681234093,-9.8232359068574005e-06,9.8232359068574005e-06,0
129,10410,0.99744133478171459,-0.0025619441965343266,0.0025619441965343266,0.99744133478171459,-0.0025619441965343266,0.0025619441965343266,0
130,304,0.9995941166955109,-0.00040596569741294482,0.00040596569741294482,0.9995941166955109,-0.00040596569741294482,0.00040596569741294482,0
131,220,0.99999256744994602,-7.4325776755567804e-06,7.4325776755567804e-06,0.99999256744994602,-7.4325776755567804e-06,7.4325776755567804e-06,0
132,679,0.99999488561271921,-5.1144003592999681e-06,5.1144003592999681e-06,0.99999488561271921,-5.1144003592999681e-06,5.1144003592999681e-06,0
133,20,0.99999495090092638,-5.0491118203270536e-06,5.0491118203270536e-06,0.99999495090092638,-5.0491118203270536e-06,5.0491118203270536e-06,0
134,13,0.99915588811553346,-0.00084446834751389648,0.00084446834751389648,0.99915588811553346,-0.00084446834751389648,0.00084446834751389648,0
135,24586,0.87569518282890368,-0.13273721340673417,0.13273721340673417,0.87569518282890368,-0.13273721340673417,0.13273721340673417,0
136,311,0.99999895470309097,-1.0452974553881386e-06,1.0452974553881386e-06,0.99999895470309097,-1.0452974553881386e-06,1.0452974553881386e-06,0
137,1202,0.99998952068753522,-1.0479367373177248e-05,1.0479367373177248e-05,0.99998952068753522,-1.0479367373177248e-05,1.0479367373177248e-05,0
138,2678,0.99998391746685722,-1.60826624680599e-05,1.60826624680599e-05,0.99998391746685722,-1.60826624680599e-05,1.60826624680599e-05,0
139,4363,0.99999711649051015,-2.8835136472010827e-06,2.8835136472010827e-06,0.99999711649051015,-2.8835136472010827e-06,2.8835136472010827e-06,0
140,3158,0.99999889885638538,-1.1011442208385906e-06,1.1011442208385906e-06,0.99999889885638538,-1.1011442208385906e-06,1.1011442208385906e-06,0
141,323,0.99976991155593276,-0.00023011491847437404,0.00023011491847437404,0.99976991155593276,-0.00023011491847437404,0.00023011491847437404,0
142,6908,0.99935284821792292,-0.00064736127517908324,0.00064736127517908324,0.99935284821792292,-0.00064736127517908324,0.00064736127517908324,0
143,7187,0.99999674199249711,-3.2580128101839731e-06,3.2580128101839731e-06,0.99999670829798193,-3.2917074357289288e-06,3.2917074357289288e-06,-3.3694625544955668e-08
144,11,0.99997360858825035,-2.6391760009035742e-05,2.6391760009035742e-05,0.99997373246708987,-2.6267877907792813e-05,2.6267877907792813e-05,1.2388210124292902e-07
145,57664,0.99992911279357222,-7.088971904452022e-05,7.088971904452022e-05,0.99992931831093212,-7.068418713615842e-05,7.068418713615842e-05,2.0553190836180007e-07
146,374,0.99999081867181416,-9.1813703344959328e-06,9.1813703344959328e-06,0.99999069462546697,-9.3054178283415395e-06,9.3054178283415395e-06,-1.2404749384560677e-07
147,27458,0.99881417853115395,-0.0011865251114419845,0.0011865251114419845,0.99868101300693657,-0.0013198576220571307,0.0013198576220571307,-0.0001333325106151462
148,439,0.9999975164829239,-2.4835201600069943e-06,2.4835201600069943e-06,0.99999744792986689,-2.5520733896918506e-06,2.5520733896918506e-06,-6.8553229684856342e-08
149,832,0.99999944598012702,-5.5402002648563853e-07,5.5402002648563853e-07,0.99999950576764784,-4.9423247427124221e-07,4.9423247427124221e-07,5.9787552214396316e-08
150,315,0.99999827266428898,-1.7273372028980739e-06,1.7273372028980739e-06,0.99999793050259655,-2.0694995448258769e-06,2.0694995448258769e-06,-3.42162341927803e-07
151,279,0.99999897286485007,-1.0271356774744875e-06,1.0271356774744875e-06,0.99999909223965355,-9.0776075843951329e-07,9.0776075843951329e-07,1.1937491903497425e-07
152,1455,0.99999818733584467,-1.8126657981571676e-06,1.8126657981571676e-06,0.99999840592920397,-1.5940720665742636e-06,1.5940720665742636e-06,2.1859373158290407e-07
153,97617,0.99999451422155605,-5.4857934908824313e-06,5.4857934908824313e-06,0.99999557643802339,-4.4235717606134258e-06,4.4235717606134258e-06,1.0622217302690054e-06
154,35459,0.99999832043834191,-1.679563068584425e-06,1.679563068584425e-06,0.99999833863412324,-1.6613672568135848e-06,1.6613672568135848e-06,1.8195811770840258e-08
155,9919,0.99999581403975013,-4.1859690110059281e-06,4.1859690110059281e-06,0.99999600857282356,-3.9914351422433884e-06,3.9914351422433884e-06,1.9453386876253975e-07
156,304,0.99999921189804986,-7.8810226065042936e-07,7.8810226065042936e-07,0.99999934434629889,-6.556539160465949e-07,6.556539160465949e-07,1.3244834460383446e-07
157,279,0.99999945320323846,-5.4679691102539724e-07,5.4679691102539724e-07,0.99999952526535441,-4.7473475828337632e-07,4.7473475828337632e-07,7.2062152742020922e-08
158,1917,0.99999719886840044,-2.8011355227677342e-06,2.8011355227677342e-06,0.99999718405126592,-2.8159526988280284e-06,2.8159526988280284e-06,-1.4817176060294237e-08
159,11,0.97270557339701147,-0.027673839302029435,0.027673839302029435,0.96777493666313696,-0.032755722185849358,0.032755722185849358,-0.0050818828838199229
160,449,0.99998706122295156,-1.2938860755106235e-05,1.2938860755106235e-05,0.99998896630646006,-1.1033754411575447e-05,1.1033754411575447e-05,1.9051063435307877e-06
161,220,0.99981235763799869,-0.00018765996903194536,0.00018765996903194536,0.99978127190047128,-0.0002187520240082102,0.0002187520240082102,-3.1092054976264839e-05
162,2983,0.99966633528984217,-0.00033372038861284348,0.00033372038861284348,0.99950708776100017,-0.0004930337601720331,0.0004930337601720331,-0.00015931337155918962
163,11,0.99999174245152189,-8.2575825718566958e-06,8.2575825718566958e-06,0.99999102684767716,-8.9731925817789679e-06,8.9731925817789679e-06,-7.156100099222721e-07
164,20907,0.99998594813163377,-1.4051967094702986e-05,1.4051967094702986e-05,0.99998548771880102,-1.4512386503092429e-05,1.4512386503092429e-05,-4.6041940838944284e-07
165,1274,0.99999251529422772,-7.4847337827739065e-06,7.4847337827739065e-06,0.99999311099374344,-6.8890299858428175e-06,6.8890299858428175e-06,5.9570379693108898e-07
166,824,0.99999941730263342,-5.8269753631807909e-07,5.8269753631807909e-07,0.99999944734320023,-5.5265695247570877e-07,5.5265695247570877e-07,3.0040583842370316e-08
167,9518,0.99999835915665491,-1.6408446913008778e-06,1.6408446913008778e-06,0.99999832564401092,-1.6743573907656543e-06,1.6743573907656543e-06,-3.3512699464776491e-08
168,15395,0.99998233983162155,-1.7660324321078897e-05,1.7660324321078897e-05,0.99998023085064258,-1.9769344769671488e-05,1.9769344769671488e-05,-2.1090204485925903e-06
169,21037,0.99999926083077095,-7.3916950220194966e-07,7.3916950220194966e-07,0.9999992961061982,-7.0389404956019769e-07,7.0389404956019769e-07,3.5275452641751973e-08
170,382,0.95367514820877031,-0.047432181026852906,0.047432181026852906,0.94742438723645916,-0.054008147598897056,0.054008147598897056,-0.0065759665720441507
171,1692,0.97833814002648845,-0.02189992225549749,0.02189992225549749,0.97716205250562682,-0.023102773236699022,0.023102773236699022,-0.0012028509812015316
172,10746,0.99995907086177727,-4.0929975842772861e-05,4.0929975842772861e-05,0.99995620110151029,-4.3799857689467366e-05,4.3799857689467366e-05,-2.8698818466945059e-06
173,706,0.96583338053098977,-0.034763943569052387,0.034763943569052387,0.95107191972272032,-0.050165593930564002,0.050165593930564002,-0.015401650361511615
174,4848,0.79322016782354854,-0.23165445676014668,0.23165445676014668,0.76119866911787437,-0.27286089196173097,0.27286089196173097,-0.041206435201584291
175,18740,0.99999364987810757,-6.3501420545336162e-06,6.3501420545336162e-06,0.99999348391770471,-6.5161035250363692e-06,6.5161035250363692e-06,-1.6596147050275299e-07
176,27536,0.99999851089502456,-1.4891060841678473e-06,1.4891060841678473e-06,0.999998716121968,-1.2838788561743438e-06,1.2838788561743438e-06,2.0522722799350352e-07
177,369,0.9999834977969061,-1.650233925671572e-05,1.650233925671572e-05,0.99998252334196092,-1.7476810757633518e-05,1.7476810757633518e-05,-9.7447150091779843e-07
178,279,0.99999961159929496,-3.8840078049425143e-07,3.8840078049425143e-07,0.99999964799284391,-3.5200721803663635e-07,3.5200721803663635e-07,3.6393562457615083e-08
179,4827,0.99997931236095428,-2.068785303792936e-05,2.068785303792936e-05,0.99997958146044008,-2.0418748021136643e-05,2.0418748021136643e-05,2.6910501679271704e-07
180,3838,0.99999331633993283,-6.6836824029196715e-06,6.6836824029196715e-06,0.99999398778134185,-6.012236731589652e-06,6.012236731589652e-06,6.7144567133001951e-07
181,315,0.99999922233902649,-7.7766127586538488e-07,7.7766127586538488e-07,0.99999923171737504,-7.6828292013949627e-07,7.6828292013949627e-07,9.3783557258886113e-09
182,279,0.99999787908876747,-2.1209134816802623e-06,2.1209134816802623e-06,0.99999791520676673,-2.0847954064948201e-06,2.0847954064948201e-06,3.6118075185442181e-08
183,57281,0.99993740197356806,-6.2599985770148291e-05,6.2599985770148291e-05,0.99994010443887393,-5.9897354936828795e-05,5.9897354936828795e-05,2.7026308333194963e-06
184,8151,0.9999915105010363,-8.489534999736935e-06,8.489534999736935e-06,0.99999229436884507,-7.705660843419688e-06,7.705660843419688e-06,7.8387415631724696e-07
185,13,0.53699871869680638,-0.62175957051558572,0.62175957051558572,0.55455845286102579,-0.58958306230835134,0.58958306230835134,0.032176508207234389
186,578,0.73602321849936458,-0.30649361387671631,0.30649361387671631,0.78555783487642561,-0.2413611958919431,0.2413611958919431,0.065132417984773205
187,3363,0.99999656138371606,-3.4386221959642248e-06,3.4386221959642248e-06,0.99999678576298623,-3.2142421794915754e-06,3.2142421794915754e-06,2.2438001647264931e-07
188,374,0.9999758091313824,-2.4191161221424695e-05,2.4191161221424695e-05,0.99997443434437894,-2.5565982428040632e-05,2.5565982428040632e-05,-1.374821206615937e-06
189,24306,0.99580503921531915,-0.0042037843175686323,0.0042037843175686323,0.99566371722752423,-0.0043457117141948018,0.0043457117141948018,-0.00014192739662616943
190,315,0.9999989933964063,-1.0066041003751162e-06,1.0066041003751162e-06,0.99999902881202662,-9.7118844501719585e-07,9.7118844501719585e-07,3.5415655357920386e-08
191,220,0.99997350999415058,-2.6490356715824717e-05,2.6490356715824717e-05,0.99997674478800402,-2.3255482402650961e-05,2.3255482402650961e-05,3.2348743131737566e-06
192,845,0.99999945231095899,-5.4768919100883459e-07,5.4768919100883459e-07,0.99999954631076982,-4.5368933310262312e-07,4.5368933310262312e-07,9.3999857906211465e-08
193,27536,0.99994771133485605,-5.2290032243881118e-05,5.2290032243881118e-05,0.99994694135556539,-5.3060052094309799e-05,5.3060052094309799e-05,-7.7001985042868173e-07
194,11,0.99231164265899008,-0.0077180651276582656,0.0077180651276582656,0.99178019718306265,-0.0082537716690242197,0.0082537716690242197,-0.00053570654136595418
195,32125,0.99870986932567374,-0.001290963609378449,0.001290963609378449,0.99833506608498102,-0.0016663214578148777,0.0016663214578148777,-0.00037535784843642874
196,25,0.85435130570245499,-0.15741280478978334,0.15741280478978334,0.83694968388627777,-0.17799132513083998,0.17799132513083998,-0.020578520341056644
197,30444,0.99916485081694228,-0.00083549811442333263,0.00083549811442333263,0.99905871128260304,-0.00094173200781967311,0.00094173200781967311,-0.00010623389339634048
198,36071,0.99999900327010827,-9.9673038842515806e-07,9.9673038842515806e-07,0.99999893130897199,-1.0686915990409078e-06,1.0686915990409078e-06,-7.1961210615749766e-08
199,11,0.99999648261887109,-3.517387314892948e-06,3.517387314892948e-06,0.99999650749157454,-3.4925145243135794e-06,3.4925145243135794e-06,2.487279057936857e-08
200,9939,0.99997356853248442,-2.6431816832949836e-05,2.6431816832949836e-05,0.99997251882884786,-2.7481548766464151e-05,2.7481548766464151e-05,-1.0497319335143159e-06
201,1800,0.9999995517633431,-4.4823675739478023e-07,4.4823675739478023e-07,0.99999949310037328,-5.0689975514958817e-07,5.0689975514958817e-07,-5.8662997754807937e-08
202,64,0.99999992828240414,-7.1717598397316439e-08,7.1717598397316439e-08,0.99999990940821792,-9.0591786188147166e-08,9.0591786188147166e-08,-1.8874187790830727e-08
203,11,0.99999901517992185,-9.8482056310860744e-07,9.8482056310860744e-07,0.99999901788589529,-9.8211458699546198e-07,9.8211458699546198e-07,2.7059761131454602e-09
204,61894,0.99999510902254163,-4.8909894192168541e-06,4.8909894192168541e-06,0.99999623248518366,-3.767521913425848e-06,3.767521913425848e-06,1.123467505791006e-06
205,309,0.99999996976384375,-3.0236156676488134e-08,3.0236156676488134e-08,0.99999997629880821,-2.3701192061200542e-08,2.3701192061200542e-08,6.534964615287592e-09
206,44486,0.99998866760536198,-1.1332458850069422e-05,1.1332458850069422e-05,0.99998690590260753,-1.3094183120910136e-05,1.3094183120910136e-05,-1.7617242708407138e-06
207,11,0.99999609051123539,-3.909496406624782e-06,3.909496406624782e-06,0.99999619901810388,-3.8009891199041828e-06,3.8009891199041828e-06,1.0850728672059916e-07
208,8560,0.99999921430990701,-7.8569040161511952e-07,7.8569040161511952e-07,0.99999916212513529,-8.3787521568846683e-07,8.3787521568846683e-07,-5.218481407334731e-08
209,349,0.99999973746694903,-2.6253308544838862e-07,2.6253308544838862e-07,0.9999997003156883,-2.9968435661148078e-07,2.9968435661148078e-07,-3.7151271163092161e-08
210,11,0.99999569826535684,-4.3017438956257586e-06,4.3017438956257586e-06,0.99999594221418353,-4.0577940493294749e-06,4.0577940493294749e-06,2.4394984629628374e-07
211,12925,0.99999748638399777,-2.5136191613669316e-06,2.5136191613669316e-06,0.99999668282681786,-3.3171786839371255e-06,3.3171786839371255e-06,-8.0355952257019393e-07
212,78,0.99999990252184601,-9.7478158790002376e-08,9.7478158790002376e-08,0.99999989428181857,-1.0571818705632061e-07,1.0571818705632061e-07,-8.2400282663182316e-09
213,11,0.9999945719176957,-5.4280970363675035e-06,5.4280970363675035e-06,0.99999476161008116,-5.2384036392050471e-06,5.2384036392050471e-06,1.8969339716245641e-07
214,34606,0.99999778804416861,-2.2119582777595784e-06,2.2119582777595784e-06,0.99999707454477216,-2.9254595069467487e-06,2.9254595069467487e-06,-7.1350122918717029e-07
215,582,0.99999626396974395,-3.7360372350019558e-06,3.7360372350019558e-06,0.99999601335485921,-3.9866530874712341e-06,3.9866530874712341e-06,-2.5061585246927837e-07
216,276,0.99999928912286773,-7.1087738497071475e-07,7.1087738497071475e-07,0.99999984697536848,-1.5302464323921543e-07,1.5302464323921543e-07,5.5785274173149932e-07
217,11,0.99999902845070388,-9.7154976808184969e-07,9.7154976808184969e-07,0.99999908866426612,-9.1133614916840213e-07,9.1133614916840213e-07,6.021361891344756e-08
218,5896,0.99999794801195674,-2.0519901485598509e-06,2.0519901485598509e-06,0.99999791254648362,-2.0874556951522646e-06,2.0874556951522646e-06,-3.5465546592413654e-08
219,12299,0.99999702895539899,-2.9710490145985623e-06,2.9710490145985623e-06,0.99999667489629418,-3.3251092340163748e-06,3.3251092340163748e-06,-3.5406021941781248e-07
220,11,0.99999817028443772,-1.829717236228767e-06,1.829717236228767e-06,0.99999809133604345,-1.9086657780224411e-06,1.9086657780224411e-06,-7.894854179367411e-08
221,42215,0.99994599485439717,-5.4006603933258334e-05,5.4006603933258334e-05,0.99994357578056003,-5.6425811346095922e-05,5.6425811346095922e-05,-2.4192074128375884e-06
222,66652,0.99999752278933529,-2.4772137329478799e-06,2.4772137329478799e-06,0.99999737498457586,-2.6250188694854642e-06,2.6250188694854642e-06,-1.4780513653758437e-07
223,11,0.99999346426158764,-6.5357597704005125e-06,6.5357597704005125e-06,0.99999344088537945,-6.5591361316243636e-06,6.5591361316243636e-06,-2.3376361223851084e-08
224,91274,0.99999494111770404,-5.0588950921464625e-06,5.0588950921464625e-06,0.99999456525626851,-5.4347584997603268e-06,5.4347584997603268e-06,-3.7586340761386426e-07
225,278,0.99999851390201067,-1.4860990935436923e-06,1.4860990935436923e-06,0.99999812939989186,-1.8706018577689539e-06,1.8706018577689539e-06,-3.8450276422526159e-07
226,511,0.99999989870290396,-1.0129710112806169e-07,1.0129710112806169e-07,0.99999990179061149,-9.8209393346859475e-08,9.8209393346859475e-08,3.0877077812022118e-09
227,11,0.9999972762517092,-2.7237520002279353e-06,2.7237520002279353e-06,0.99999703864524281,-2.9613591420149734e-06,2.9613591420149734e-06,-2.3760714178703805e-07
228,5960,0.99999902304111299,-9.7695936424499359e-07,9.7695936424499359e-07,0.99999895491253299,-1.0450880131436737e-06,1.0450880131436737e-06,-6.8128648898680127e-08
229,96446,0.99988208567584436,-0.00011792127659608361,0.00011792127659608361,0.99985847791600102,-0.00014153209919404497,0.00014153209919404497,-2.3610822597961359e-05
230,11,0.99999834351868799,-1.6564826839548034e-06,1.6564826839548034e-06,0.99999807713498068,-1.9228668679875426e-06,1.9228668679875426e-06,-2.6638418403273922e-07
231,5960,0.99999912952482195,-8.704755569129801e-07,8.704755569129801e-07,0.99999912195562413,-8.7804476133125283e-07,8.7804476133125283e-07,-7.5692044182727362e-09
232,46991,0.9999982755344351,-1.7244670517389007e-06,1.7244670517389007e-06,0.99999753348038289,-2.4665226589254604e-06,2.4665226589254604e-06,-7.4205560718655971e-07
233,11,0.99999894753519258,-1.0524653612438137e-06,1.0524653612438137e-06,0.99999878892569349,-1.2110750398703201e-06,1.2110750398703201e-06,-1.5860967862650645e-07
234,5960,0.99999876065751081,-1.2393432571972702e-06,1.2393432571972702e-06,0.9999986899918295,-1.3100090285059511e-06,1.3100090285059511e-06,-7.0665771308680877e-08
235,52836,0.99998608211001527,-1.3917986839479876e-05,1.3917986839479876e-05,0.99998463397717008,-1.5366140888409742e-05,1.5366140888409742e-05,-1.4481540489298661e-06
236,11,0.99999930191264153,-6.9808760208866451e-07,6.9808760208866451e-07,0.99999915322837718,-8.4677198129052012e-07,8.4677198129052012e-07,-1.4868437920185561e-07
237,16376,0.99999168374970016,-8.3162848800178179e-06,8.3162848800178179e-06,0.99999099104938849,-9.0089911923939879e-06,9.0089911923939879e-06,-6.9270631237617006e-07
238,33238,0.99998744758829305,-1.2552490489179042e-05,1.2552490489179042e-05,0.99998560508687673,-1.4395016730988062e-05,1.4395016730988062e-05,-1.8425262418090202e-06
239,11,0.99999895627861646,-1.0437219282152726e-06,1.0437219282152726e-06,0.99999882280383656,-1.1771968563215875e-06,1.1771968563215875e-06,-1.3347492810631489e-07
240,16376,0.9999626882897148,-3.7312406384386941e-05,3.7312406384386941e-05,0.99995672451371798,-4.3276422692899837e-05,4.3276422692899837e-05,-5.9640163085128957e-06
241,21510,0.99999934951723091,-6.5048298063530261e-07,6.5048298063530261e-07,0.9999991978540439,-8.0214627786836035e-07,8.0214627786836035e-07,-1.5166329723305775e-07
242,11,0.99999873104419268,-1.268956612462585e-06,1.268956612462585e-06,0.99999873809542972,-1.261905366472163e-06,1.261905366472163e-06,7.0512459904220364e-09
243,16376,0.99969161035218312,-0.00030843720968295481,0.00030843720968295481,0.99959685528560516,-0.00040322599907224074,0.00040322599907224074,-9.4788789389285927e-05
244,55965,0.99995134460356139,-4.8656580150799101e-05,4.8656580150799101e-05,0.99994648890466309,-5.3512527106679321e-05,5.3512527106679321e-05,-4.8559469558802194e-06
245,11,0.9998623377509116,-0.00013767172540549128,0.00013767172540549128,0.9998616183829544,-0.00013839119266495712,0.00013839119266495712,-7.1946725946583803e-07
246,323,0.99999853004081263,-1.4699602678073095e-06,1.4699602678073095e-06,0.99999834401719112,-1.6559841799874424e-06,1.6559841799874424e-06,-1.8602391218013291e-07
247,350,0.99999854880392236,-1.4511971306347616e-06,1.4511971306347616e-06,0.99999866835723861,-1.3316436480033892e-06,1.3316436480033892e-06,1.1955348263137234e-07
248,36071,0.99999897653249425,-1.023468029497065e-06,1.023468029497065e-06,0.99999902504497751,-9.7495549779613983e-07,9.7495549779613983e-07,4.8512531700925136e-08
249,382,0.9999023774696979,-9.762729569149934e-05,9.762729569149934e-05,0.99989105029235281,-0.0001089556430976654,0.0001089556430976654,-1.1328347406166061e-05
250,791,0.99292994279897695,-0.0070951684842394721,0.0070951684842394721,0.99080583377645126,-0.0092366934387160711,0.0092366934387160711,-0.002141524954476599
251,15422,0.98275903727619374,-0.017391318816884646,0.017391318816884646,0.9743123963734488,-0.0260232912678817,0.0260232912678817,-0.0086319724509970538
252,315,0.99999992545234728,-7.4547655489965645e-08,7.4547655489965645e-08,0.99999993406956589,-6.5930436268641001e-08,6.5930436268641001e-08,8.6172192213246441e-09
253,350,0.99999783367088713,-2.1663314593997896e-06,2.1663314593997896e-06,0.99999823795778164,-1.7620437708058595e-06,1.7620437708058595e-06,4.0428768859393009e-07
254,36071,0.99999573221317117,-4.2677959358694253e-06,4.2677959358694253e-06,0.9999960740047984,-3.9260029082923188e-06,3.9260029082923188e-06,3.4179302757710648e-07
255,3131,0.99994973034466772,-5.0270918893717659e-05,5.0270918893717659e-05,0.99994609907212706,-5.3902380580167431e-05,5.3902380580167431e-05,-3.631461686449772e-06
256,21989,0.9999890616006426,-1.0938459182079195e-05,1.0938459182079195e-05,0.99998986023399417,-1.0139817413579023e-05,1.0139817413579023e-05,7.9864176850017228e-07
257,304,0.99962849445462842,-0.00037157457065278908,0.00037157457065278908,0.99964821430746575,-0.00035184758363638328,0.00035184758363638328,1.9726987016405802e-05
258,279,0.99999973621682592,-2.6378320890167884e-07,2.6378320890167884e-07,0.99999978403628664,-2.1596373666616786e-07,2.1596373666616786e-07,4.7819472235510977e-08
259,53851,0.99998273665280202,-1.7263496211242679e-05,1.7263496211242679e-05,0.99998154372017278,-1.8456450146408932e-05,1.8456450146408932e-05,-1.1929539351662528e-06
260,315,0.99999986452835399,-1.3547165515463664e-07,1.3547165515463664e-07,0.9999998717350409,-1.2826496730369483e-07,1.2826496730369483e-07,7.2066878509418148e-09
261,57664,0.99999956133823986,-4.386618563277055e-07,4.386618563277055e-07,0.99999960486421458,-3.9513586345599887e-07,3.9513586345599887e-07,4.3525992871706633e-08
262,1603,0.995238614350758,-0.0047727571563382773,0.0047727571563382773,0.9952481348359935,-0.0047631911692857121,0.0047631911692857121,9.5659870525651239e-06
263,433,0.99999915721823185,-8.427821233308506e-07,8.427821233308506e-07,0.99999920732847014,-7.9267184396975762e-07,7.9267184396975762e-07,5.0110279361092974e-08
264,27851,0.99961436161582329,-0.00038571276178086866,0.00038571276178086866,0.99960318631890277,-0.00039689243247977734,0.00039689243247977734,-1.1179670698908679e-05
265,6244,0.99999554271410251,-4.4572958311688224e-06,4.4572958311688224e-06,0.99999575274203301,-4.2472669865794521e-06,4.2472669865794521e-06,2.1002884458937031e-07
266,264,0.99999860966452314,-1.3903364433496647e-06,1.3903364433496647e-06,0.99999867803932363,-1.3219615501808674e-06,1.3219615501808674e-06,6.8374893168797292e-08
267,17271,0.99999396758704617,-6.0324311489017461e-06,6.0324311489017461e-06,0.99999450314749505,-5.4968676127525817e-06,5.4968676127525817e-06,5.3556353614916449e-07
268,315,0.99999876182748249,-1.2381732840849082e-06,1.2381732840849082e-06,0.99999891268895758,-1.087311633577756e-06,1.087311633577756e-06,1.5086165050715221e-07
269,279,0.99999909286995936,-9.0713045209371191e-07,9.0713045209371191e-07,0.99999923802874346,-7.6197154688168102e-07,7.6197154688168102e-07,1.4515890521203088e-07
270,36142,0.99999596372002064,-4.036288125170904e-06,4.036288125170904e-06,0.99999594781997336,-4.0521882367095672e-06,4.0521882367095672e-06,-1.59001115386632e-08
271,31779,0.99999168460373256,-8.3154308405087103e-06,8.3154308405087103e-06,0.9999896630954157,-1.0336958010510362e-05,1.0336958010510362e-05,-2.0215271700016518e-06
272,391,0.99998210791844855,-1.7892241616706986e-05,1.7892241616706986e-05,0.99997655014892073,-2.3450126031368749e-05,2.3450126031368749e-05,-5.5578844146617633e-06
273,1494,0.99999998529086453,-1.4709135579061524e-08,1.4709135579061524e-08,0.99999998368750243,-1.6312497663939831e-08,1.6312497663939831e-08,-1.6033620848783071e-09
274,275,0.99999984445286128,-1.5554715083030179e-07,1.5554715083030179e-07,0.99999982576429536,-1.7423571977196763e-07,1.7423571977196763e-07,-1.8688568941665835e-08
275,21080,0.99999942708042688,-5.729197371797194e-07,5.729197371797194e-07,0.99999944004379504,-5.5995636171102235e-07,5.5995636171102235e-07,1.2963375468697044e-08
276,13,0.99991421448415352,-8.578919563431768e-05,8.578919563431768e-05,0.99991131342621575,-8.8690506670941835e-05,8.8690506670941835e-05,-2.9013110366241552e-06
277,12220,0.99992438093558067,-7.562192368489257e-05,7.562192368489257e-05,0.99991105270507297,-8.8951250972221286e-05,8.8951250972221286e-05,-1.3329327287328716e-05
278,279,0.99999974036802108,-2.5963201260224095e-07,2.5963201260224095e-07,0.99999977713114563,-2.2286887916320387e-07,2.2286887916320387e-07,3.6763133439037084e-08
279,3320,0.99999192954215288,-8.0704904134129251e-06,8.0704904134129251e-06,0.99999308173828594,-6.9182856453822039e-06,6.9182856453822039e-06,1.1522047680307211e-06
280,96323,0.99997410536808407,-2.589496718766072e-05,2.589496718766072e-05,0.99997376002381444,-2.6240320459775726e-05,2.6240320459775726e-05,-3.4535327211500591e-07
281,30215,0.99996915384182428,-3.084663392828623e-05,3.084663392828623e-05,0.99996722742561706,-3.2773111415489037e-05,3.2773111415489037e-05,-1.9264774872028071e-06
282,315,0.99998599373246988,-1.4006365618818967e-05,1.4006365618818967e-05,0.99998396911905574,-1.6031009440259229e-05,1.6031009440259229e-05,-2.024643821440262e-06
283,279,0.99999970705483887,-2.9294520404066627e-07,2.9294520404066627e-07,0.99999978417525459,-2.1582476874791029e-07,2.1582476874791029e-07,7.7120435292755982e-08
284,26363,0.99999875598913535,-1.2440116384109409e-06,1.2440116384109409e-06,0.99999901369143207,-9.863090543040626e-07,9.863090543040626e-07,2.5770258410687834e-07
285,11,0.99999459754151465,-5.4024730787286359e-06,5.4024730787286359e-06,0.99999583562140359,-4.1643872674602125e-06,4.1643872674602125e-06,1.2380858112684234e-06
286,76086,0.99999067089150495,-9.3291520114221283e-06,9.3291520114221283e-06,0.99999077286914306,-9.2271734272245872e-06,9.2271734272245872e-06,1.0197858419754107e-07
287,426,0.99999689124470048,-3.1087601316996608e-06,3.1087601316996608e-06,0.99999685408775152,-3.1459171968285455e-06,3.1459171968285455e-06,-3.7157065128884789e-08
288,23427,0.99999997822250863,-2.1777491572741638e-08,2.1777491572741638e-08,0.9999999793066976,-2.0693302634933309e-08,2.0693302634933309e-08,1.0841889378083287e-09
289,19870,0.99999912030999694,-8.7969038996161458e-07,8.7969038996161458e-07,0.99999916622425933,-8.3377608830206141e-07,8.3377608830206141e-07,4.5914301659553166e-08
290,315,0.99999927001173106,-7.2998853540912699e-07,7.2998853540912699e-07,0.9999990527833692,-9.4721707935876274e-07,9.4721707935876274e-07,-2.1722854394963574e-07
291,3320,0.99999639463009382,-3.6053764055147725e-06,3.6053764055147725e-06,0.9999969227858474,-3.0772188872738614e-06,3.0772188872738614e-06,5.2815751824091113e-07
292,96323,0.99999950444060026,-4.9555952252969183e-07,4.9555952252969183e-07,0.99999944950108222,-5.5049906935027107e-07,5.5049906935027107e-07,-5.4939546820579243e-08
293,17439,0.99999102141342555,-8.9786268821938272e-06,8.9786268821938272e-06,0.99999165194346029,-8.3480913848835001e-06,8.3480913848835001e-06,6.3053549731032709e-07
294,24082,0.99996244124764977,-3.7559457697848315e-05,3.7559457697848315e-05,0.99994995412442556,-5.004712791103718e-05,5.004712791103718e-05,-1.2487670213188866e-05
295,664,0.99999946433213827,-5.3566800525661074e-07,5.3566800525661074e-07,0.99999944780542238,-5.521947300264966e-07,5.521947300264966e-07,-1.6526724769885853e-08
296,647,0.99999998934365786,-1.065634219627819e-08,1.065634219627819e-08,0.99999998780499666,-1.2195003377150425e-08,1.2195003377150425e-08,-1.5386611808722351e-09
297,320,0.9918344438314497,-0.0081990769241085948,0.0081990769241085948,0.99239422430629487,-0.0076348471065630667,0.0076348471065630667,0.0005642298175455281
298,64,0.99996994233416969,-3.0058117570958976e-05,3.0058117570958976e-05,0.99995270528176328,-4.7295836667120283e-05,4.7295836667120283e-05,-1.7237719096161307e-05
299,14458,0.99999933925061635,-6.6074960189653103e-07,6.6074960189653103e-07,0.99999931560587052,-6.8439436368506654e-07,6.8439436368506654e-07,-2.3644761788535506e-08
300,304,0.99999991818662082,-8.1813382497072632e-08,8.1813382497072632e-08,0.99999991630825613,-8.3691747360714342e-08,8.3691747360714342e-08,-1.8783648636417105e-09
301,6617,0.99999554919411571,-4.4508157891070576e-06,4.4508157891070576e-06,0.99999521713626538,-4.7828751725780192e-06,4.7828751725780192e-06,-3.3205938347096166e-07
302,11477,0.99984474441081983,-0.00015526764257676049,0.00015526764257676049,0.99981561851911926,-0.00018439848123575546,0.00018439848123575546,-2.9130838658994966e-05
303,57664,0.99999796217473669,-2.0378273397301004e-06,2.0378273397301004e-06,0.99999843848598247,-1.561515236751293e-06,1.561515236751293e-06,4.7631210297880741e-07
304,8,0.99999310487508963,-6.8951486818548648e-06,6.8951486818548648e-06,0.99999355959641867,-6.4404243207966492e-06,6.4404243207966492e-06,4.5472436105821554e-07
305,323,0.99999823127947796,-1.7687220862406278e-06,1.7687220862406278e-06,0.99999831827680175,-1.6817246123371632e-06,1.6817246123371632e-06,8.6997473903464628e-08
306,28379,0.9999505020459567,-4.949917910745287e-05,4.949917910745287e-05,0.99995334487230303,-4.665621608131008e-05,4.665621608131008e-05,2.8429630261427895e-06
307,433,0.99999943270450486,-5.6729565607667752e-07,5.6729565607667752e-07,0.9999995615364452,-4.3846365096257992e-07,4.3846365096257992e-07,1.288320051140976e-07
308,3297,0.99999761542565102,-2.3845771921020199e-06,2.3845771921020199e-06,0.99999789691766872,-2.1030845428176391e-06,2.1030845428176391e-06,2.8149264928438082e-07
309,8551,0.99868499982515802,-0.001315865546297535,0.001315865546297535,0.99837180990911789,-0.00162951703290634,0.00162951703290634,-0.00031365148660880498
310,6496,0.9997256448978038,-0.00027439274444231491,0.00027439274444231491,0.9997397839627471,-0.00026024989932036443,0.00026024989932036443,1.4142845121950477e-05
311,11,0.99995786646205465,-4.2134425587765868e-05,4.2134425587765868e-05,0.99995998637716199,-4.0014423404388488e-05,4.0014423404388488e-05,2.1200021833773803e-06
312,264,0.99997839927322385,-2.1600960075156003e-05,2.1600960075156003e-05,0.99997860399732907,-2.1396231568618539e-05,2.1396231568618539e-05,2.047285065374642e-07
313,12633,0.9999800172918607,-1.9982907796246804e-05,1.9982907796246804e-05,0.999982474626677,-1.7525526894146192e-05,1.7525526894146192e-05,2.4573809021006122e-06
314,32051,0.99999975010787256,-2.4989215860668874e-07,2.4989215860668874e-07,0.99999976253044398,-2.3746958422264652e-07,2.3746958422264652e-07,1.2422574384042218e-08
315,4751,0.99999941730292319,-5.8269724655003843e-07,5.8269724655003843e-07,0.99999946860448052,-5.3139566061535698e-07,5.3139566061535698e-07,5.130158593468145e-08
316,22797,0.99999160476014792,-8.3952750922778028e-06,8.3952750922778028e-06,0.99999146546123663,-8.5345751827384403e-06,8.5345751827384403e-06,-1.3930009046063747e-07
317,311,0.99999968059582145,-3.1940422957032391e-07,3.1940422957032391e-07,0.99999966711430099,-3.3288575439970269e-07,3.3288575439970269e-07,-1.3481524829378777e-08
318,279,0.99999967397538125,-3.2602467184871765e-07,3.2602467184871765e-07,0.99999970426140172,-2.9573864203203772e-07,2.9573864203203772e-07,3.0286029816679929e-08
319,9546,0.99999960021621459,-3.9978386536825953e-07,3.9978386536825953e-07,0.99999966442439314,-3.3557566312902518e-07,3.3557566312902518e-07,6.4208202239234351e-08
320,315,0.99999955165607168,-4.4834402887168759e-07,4.4834402887168759e-07,0.99999951446932223,-4.8553079560426765e-07,4.8553079560426765e-07,-3.7186766732580054e-08
321,279,0.9999996190460344,-3.8095403813838259e-07,3.8095403813838259e-07,0.99999964151230203,-3.5848776227827998e-07,3.5848776227827998e-07,2.2466275860102615e-08
322,452,0.99998608164732072,-1.3918449540467786e-05,1.3918449540467786e-05,0.99998657944260205,-1.3420647454468171e-05,1.3420647454468171e-05,4.9780208599961531e-07
323,10746,0.99999725710941167,-2.7428943500135103e-06,2.7428943500135103e-06,0.99999728343350369,-2.7165701861913634e-06,2.7165701861913634e-06,2.6324163822146855e-08
324,14362,0.99999770656310039,-2.2934395295833182e-06,2.2934395295833182e-06,0.99999747583638887,-2.52416679687562e-06,2.52416679687562e-06,-2.3072726729230185e-07
325,392,0.9999997163030373,-2.8369700294875738e-07,2.8369700294875738e-07,0.99999961709503415,-3.8290503919779409e-07,3.8290503919779409e-07,-9.9208036249036708e-08
326,13,0.66286280919471341,-0.41118723449959282,0.41118723449959282,0.61051547815520602,-0.49345163250918495,0.49345163250918495,-0.082264398009592121
327,3297,0.99996792251877809,-3.2077995715284805e-05,3.2077995715284805e-05,0.99995618260313168,-4.3818356878548949e-05,4.3818356878548949e-05,-1.1740361163264144e-05
328,121513,0.99955480388841011,-0.00044529524080120277,0.00044529524080120277,0.9995246323483703,-0.00047548067465154543,0.00047548067465154543,-3.0185433850342652e-05
329,574,0.99999930119496216,-6.9880528194698885e-07,6.9880528194698885e-07,0.99999932003194314,-6.7996828808972599e-07,6.7996828808972599e-07,1.8836993857262855e-08
330,264,0.99999817721603235,-1.8227856289429417e-06,1.8227856289429417e-06,0.99999798479468394,-2.015207346616919e-06,2.015207346616919e-06,-1.9242171767397729e-07
331,348,0.99999987981786598,-1.20182141233454e-07,1.20182141233454e-07,0.99999988810151808,-1.1189848820971665e-07,1.1189848820971665e-07,8.2836530237373524e-09
332,395,0.99999969477151429,-3.0522853227405376e-07,3.0522853227405376e-07,0.9999997445718114,-2.5542822125957146e-07,2.5542822125957146e-07,4.9800311014482304e-08
333,278,0.99999993586446323,-6.4135538821457056e-08,6.4135538821457056e-08,0.99999993457896574,-6.5421036446465732e-08,6.5421036446465732e-08,-1.2854976250086753e-09
334,1614,0.99999965991281337,-3.4008724448992923e-07,3.4008724448992923e-07,0.99999965154535042,-3.4845471032716003e-07,3.4845471032716003e-07,-8.3674658372307949e-09
335,315,0.99999995496539418,-4.5034606806624108e-08,4.5034606806624108e-08,0.9999999556698469,-4.4330154119719911e-08,4.4330154119719911e-08,7.0445268690419691e-10
336,3320,0.99999839848388872,-1.6015173936901295e-06,1.6015173936901295e-06,0.99999848577597295,-1.5142251734479961e-06,1.5142251734479961e-06,8.729222024213341e-08
337,96323,0.99998953558472514,-1.0464470027283101e-05,1.0464470027283101e-05,0.99999010261409849,-9.8974348809400073e-06,9.8974348809400073e-06,5.6703514634309413e-07
338,11,0.99995261636966304,-4.7384752976644387e-05,4.7384752976644387e-05,0.99994883519864486,-5.1166110318233394e-05,5.1166110318233394e-05,-3.7813573415890073e-06
339,9749,0.9999973905370555,-2.6094663491734177e-06,2.6094663491734177e-06,0.99999731505654332,-2.6849470611032489e-06,2.6849470611032489e-06,-7.5480711929831235e-08
340,311,0.99999946266250717,-5.3733763723724808e-07,5.3733763723724808e-07,0.99999945653452871,-5.4346561893399546e-07,5.4346561893399546e-07,-6.127981696747383e-09
341,98887,0.99984173427311229,-0.00015827825222938934,0.00015827825222938934,0.99981393697371201,-0.00018608033816032028,0.00018608033816032028,-2.7802085930930939e-05
342,350,0.99999775181854045,-2.2481839866748854e-06,2.2481839866748854e-06,0.99999828291312165,-1.7170883525722755e-06,1.7170883525722755e-06,5.3109563410260992e-07
343,36071,0.99999856616125893,-1.4338397690339886e-06,1.4338397690339886e-06,0.99999911995973911,-8.8004064814231361e-07,8.8004064814231361e-07,5.5379912089167495e-07
344,382,0.74192049940193705,-0.29851318521820658,0.29851318521820658,0.78078380983819173,-0.24745697944891129,0.24745697944891129,0.051056205769295288
345,644,0.98097711873150517,-0.019206144121509207,0.019206144121509207,0.98969927288344195,-0.010354146763562716,0.010354146763562716,0.0088519973579464905
346,220,0.9999878141595564,-1.2185914691589853e-05,1.2185914691589853e-05,0.99996985473305211,-3.01457213255747e-05,3.01457213255747e-05,-1.7959806633984849e-05
347,10895,0.99999975347772596,-2.4652230438144764e-07,2.4652230438144764e-07,0.99999971939252175,-2.8060751759805546e-07,2.8060751759805546e-07,-3.4085213216607827e-08
348,16,0.99999986888881465,-1.3111119396641171e-07,1.3111119396641171e-07,0.99999984693025346,-1.5306975825513935e-07,1.5306975825513935e-07,-2.1958564288727643e-08
349,11,0.99769448934592964,-0.0023081724357227038,0.0023081724357227038,0.99860656875557963,-0.0013944029725325691,0.0013944029725325691,0.00091376946319013472
350,15506,0.99996291155657691,-3.7089131216394883e-05,3.7089131216394883e-05,0.99994845144533595,-5.1549883336400456e-05,5.1549883336400456e-05,-1.4460752120005572e-05
351,1221,0.98288028914234105,-0.017267947387882988,0.017267947387882988,0.97986797233393896,-0.020337438501583351,0.020337438501583351,-0.0030694911137003622
352,56409,0.99998713227575475,-1.286780703510104e-05,1.286780703510104e-05,0.99998732103459498,-1.2679045783765729e-05,1.2679045783765729e-05,1.8876125133531148e-07
353,67987,0.99997615644673199,-2.384383753001451e-05,2.384383753001451e-05,0.99997726115132457,-2.2739107206916772e-05,2.2739107206916772e-05,1.104730323097738e-06
354,11721,0.99999608679620067,-3.9132114559060184e-06,3.9132114559060184e-06,0.99999540766371353,-4.5923468313133033e-06,4.5923468313133033e-06,-6.7913537540728487e-07
355,505,0.99998786675075402,-1.2133322854494484e-05,1.2133322854494484e-05,0.99998375892916946,-1.6241202718156351e-05,1.6241202718156351e-05,-4.1078798636618669e-06
356,12550,0.99999884709376596,-1.1529068985981127e-06,1.1529068985981127e-06,0.99999891434856192,-1.0856520273743123e-06,1.0856520273743123e-06,6.7254871223800356e-08
357,11,0.98699716068472443,-0.013088116265331838,0.013088116265331838,0.98285988706693983,-0.017288705040037499,0.017288705040037499,-0.0042005887747056606
358,505,0.9973334481969075,-0.0026701133851894892,0.0026701133851894892,0.99761399455829092,-0.0023888564886715546,0.0023888564886715546,0.00028125689651793467
359,4028,0.99999952305447082,-4.7694564292808893e-07,4.7694564292808893e-07,0.99999944745511371,-5.5254503894804555e-07,5.5254503894804555e-07,-7.559939601995662e-08
360,279,0.99999987450394356,-1.2549606432617221e-07,1.2549606432617221e-07,0.99999983824404981,-1.6175596330862374e-07,1.6175596330862374e-07,-3.6259898982451528e-08
361,16867,0.99999948371388891,-5.1628624437401122e-07,5.1628624437401122e-07,0.99999936132598699,-6.3867421695283973e-07,6.3867421695283973e-07,-1.2238797257882852e-07
362,11,0.99999144079473024,-8.5592418999690571e-06,8.5592418999690571e-06,0.99999172708444961,-8.2729497711425415e-06,8.2729497711425415e-06,2.8629212882651563e-07
363,323,0.99999970502702684,-2.9497301669522123e-07,2.9497301669522123e-07,0.99999960814371625,-3.9185636052272975e-07,3.9185636052272975e-07,-9.6883343827508528e-08
364,18538,0.99998235753742015,-1.7642618209959954e-05,1.7642618209959954e-05,0.99998232575285462,-1.7674403336758595e-05,1.7674403336758595e-05,-3.1785126798640999e-08
365,3118,0.99997575312556519,-2.4247168394997369e-05,2.4247168394997369e-05,0.99997044033986693,-2.9560097028464719e-05,2.9560097028464719e-05,-5.31292863346735e-06
366,11477,0.99999962753147886,-3.7246859054848112e-07,3.7246859054848112e-07,0.99999965566918525,-3.4433087403987482e-07,3.4433087403987482e-07,2.8137716508606292e-08
367,57664,0.99999968415879026,-3.1584125967267933e-07,3.1584125967267933e-07,0.99999970980838071,-2.9019166145021566e-07,2.9019166145021566e-07,2.5649598222463667e-08
368,304,0.99999710226383465,-2.8977403638487433e-06,2.8977403638487433e-06,0.99999681074174829,-3.1892633374258839e-06,3.1892633374258839e-06,-2.9152297357714061e-07
369,1148,0.99999980319214965,-1.9680786973014716e-07,1.9680786973014716e-07,0.99999976846014971,-2.3153987711119613e-07,2.3153987711119613e-07,-3.4732007381048963e-08
370,3432,0.99980426119094246,-0.00019575796839844614,0.00019575796839844614,0.99969841230234446,-0.00030163318437092276,0.00030163318437092276,-0.00010587521597247662
371,374,0.99999988936165662,-1.1063834946779935e-07,1.1063834946779935e-07,0.99999990301332276,-9.6986681978579719e-08,9.6986681978579719e-08,1.3651667489219633e-08
372,61894,0.99994204137785481,-5.7960301810986624e-05,5.7960301810986624e-05,0.9999641647384544,-3.5835903643896362e-05,3.5835903643896362e-05,2.2124398167090262e-05
373,309,0.99999998719633287,-1.2803667155581719e-08,1.2803667155581719e-08,0.99999999102529757,-8.9747024964177724e-09,8.9747024964177724e-09,3.8289646591639471e-09
374,44486,0.9999939046827564,-6.0953358201763207e-06,6.0953358201763207e-06,0.99999704723426186,-2.9527700975136147e-06,2.9527700975136147e-06,3.142565722662706e-06
375,13,0.99998730904574529,-1.2691034785575683e-05,1.2691034785575683e-05,0.99998473612291561,-1.5263993578566555e-05,1.5263993578566555e-05,-2.572958792990872e-06
376,15506,0.99998108713485245,-1.8913043998002964e-05,1.8913043998002964e-05,0.99997706411585507,-2.2936147176347737e-05,2.2936147176347737e-05,-4.0231031783447729e-06
377,86316,0.99999303197721179,-6.9680470650321127e-06,6.9680470650321127e-06,0.9999917821841533,-8.2178496131721635e-06,8.2178496131721635e-06,-1.2498025481400508e-06
378,5246,0.99999748352840545,-2.5164747608249956e-06,2.5164747608249956e-06,0.99999719510287099,-2.8049010627508908e-06,2.8049010627508908e-06,-2.8842630192589518e-07
379,9052,0.99998561208711367,-1.4388016393283119e-05,1.4388016393283119e-05,0.99998354877853479,-1.6451356788067111e-05,1.6451356788067111e-05,-2.0633403947839917e-06
380,1534,0.99999978108155996,-2.1891846404150079e-07,2.1891846404150079e-07,0.99999978538145362,-2.1461856942285258e-07,2.1461856942285258e-07,4.2998946186482128e-09
381,279,0.9999991538068238,-8.4619353426805405e-07,8.4619353426805405e-07,0.9999990307692902,-9.6923117945693689e-07,9.6923117945693689e-07,-1.2303764518888284e-07
382,3363,0.99999871154609699,-1.2884547330727964e-06,1.2884547330727964e-06,0.99999844268033533,-1.5573208773263984e-06,1.5573208773263984e-06,-2.6886614425360197e-07
383,323,0.99986076965276705,-0.00013924004067747897,0.00013924004067747897,0.99988197156153491,-0.00011803540436936695,0.00011803540436936695,2.1204636308112018e-05
384,32762,0.99999510849454254,-4.8915174209412007e-06,4.8915174209412007e-06,0.99999506462002041,-4.9353921585902404e-06,4.9353921585902404e-06,-4.3874737649039697e-08
385,350,0.99999869465228741,-1.3053485645904353e-06,1.3053485645904353e-06,0.99999862147544116,-1.3785255090391604e-06,1.3785255090391604e-06,-7.3176944448725024e-08
386,36071,0.99999858920953522,-1.4107914599142829e-06,1.4107914599142829e-06,0.9999989810876958,-1.0189128232736324e-06,1.0189128232736324e-06,3.9187863664065042e-07
387,1234,0.99999987266423673,-1.2733577136901232e-07,1.2733577136901232e-07,0.99999984238005024,-1.5761996220579372e-07,1.5761996220579372e-07,-3.0284190836781396e-08
388,57664,0.99999959106599379,-4.0893408979903324e-07,4.0893408979903324e-07,0.99999962441918455,-3.7558088602703207e-07,3.7558088602703207e-07,3.335320377200117e-08
389,323,0.99827299832640959,-0.0017284946601551293,0.0017284946601551293,0.99824062190603291,-0.0017609276173376008,0.0017609276173376008,-3.2432957182471512e-05
390,1243,0.9999955402789138,-4.4597310307891416e-06,4.4597310307891416e-06,0.9999961217876483,-3.8782198720354852e-06,3.8782198720354852e-06,5.8151115875365634e-07
391,5918,0.9999955304748952,-4.469535093211058e-06,4.469535093211058e-06,0.99999504786368132,-4.9521485806004676e-06,4.9521485806004676e-06,-4.8261348738940958e-07
392,1063,0.99999952856511132,-4.7143499982366178e-07,4.7143499982366178e-07,0.99999947730819028,-5.2269194634584619e-07,5.2269194634584619e-07,-5.1256946522184413e-08
393,315,0.99999980499085861,-1.9500916045684084e-07,1.9500916045684084e-07,0.99999973391266583,-2.6608736959742442e-07,2.6608736959742442e-07,-7.107820914058358e-08
394,279,0.99999989688783275,-1.0311217259108952e-07,1.0311217259108952e-07,0.99999987548091895,-1.2451908883677967e-07,1.2451908883677967e-07,-2.1406916245690152e-08
395,24417,0.99999976792588197,-2.3207414495055275e-07,2.3207414495055275e-07,0.99999974964181571,-2.5035821568295447e-07,2.5035821568295447e-07,-1.8284070732401725e-08
396,31012,0.99999430772509001,-5.6922911110575044e-06,5.6922911110575044e-06,0.99999349401156379,-6.5060096002263866e-06,6.5060096002263866e-06,-8.1371848916888226e-07
397,304,0.9999997332142988,-2.6678573677529208e-07,2.6678573677529208e-07,0.9999996764361877,-3.2356386464615983e-07,3.2356386464615983e-07,-5.6778127870867758e-08
398,279,0.99999966278217256,-3.372178842685537e-07,3.372178842685537e-07,0.99999956164016413,-4.3835993197468963e-07,4.3835993197468963e-07,-1.0114204770613593e-07
399,3224,0.99999884608355039,-1.1539171153422411e-06,1.1539171153422411e-06,0.99999762030404205,-2.379698789383902e-06,2.379698789383902e-06,-1.2257816740416609e-06
400,11,0.99999832104794195,-1.6789534674615639e-06,1.6789534674615639e-06,0.99999834325407566,-1.656747296736666e-06,1.656747296736666e-06,2.2206170724897905e-08
401,2737,0.99999702932718848,-2.970677223994572e-06,2.970677223994572e-06,0.99999613414848565,-3.8658589867314907e-06,3.8658589867314907e-06,-8.951817627369187e-07
402,5960,0.99999145956310498,-8.5404733647293328e-06,8.5404733647293328e-06,0.99998820018424617,-1.1799885372199512e-05,1.1799885372199512e-05,-3.2594120074701792e-06
403,4701,0.99999495637280522,-5.0436399139234105e-06,5.0436399139234105e-06,0.99999384907266164,-6.1509462554268449e-06,6.1509462554268449e-06,-1.1073063415034345e-06
404,45335,0.99999827869305202,-1.7213084293771005e-06,1.7213084293771005e-06,0.99999836801219555,-1.631989136181326e-06,1.631989136181326e-06,8.9319293195774445e-08
405,9441,0.99999637532578045,-3.6246807886538332e-06,3.6246807886538332e-06,0.99999558411373668,-4.4158960134164422e-06,4.4158960134164422e-06,-7.9121522476260907e-07
406,13,0.96481020724811761,-0.035823873413316956,0.035823873413316956,0.96141658911326977,-0.039347468508601359,0.039347468508601359,-0.0035235950952844028
407,578,0.9999665066886394,-3.3493872274107232e-05,3.3493872274107232e-05,0.99995915651945533,-4.0844314662382756e-05,4.0844314662382756e-05,-7.3504423882755237e-06
408,1221,0.99998891120209921,-1.1088859381916066e-05,1.1088859381916066e-05,0.99998943905264559,-1.0561003121601557e-05,1.0561003121601557e-05,5.2785626031450905e-07
409,56409,0.99995930288380386,-4.0697944346204913e-05,4.0697944346204913e-05,0.99995684511461314,-4.3155816585764064e-05,4.3155816585764064e-05,-2.4578722395591514e-06
410,67987,0.99998404168423372,-1.595844310160431e-05,1.595844310160431e-05,0.99998368638645363,-1.6313746614816065e-05,1.6313746614816065e-05,-3.55303513211755e-07
411,28379,0.99992058714064769,-7.9416012720405295e-05,7.9416012720405295e-05,0.99992140725177148,-7.8595836800377921e-05,7.8595836800377921e-05,8.2017592002737452e-07
412,279,0.99999980869587035,-1.9130414798734854e-07,1.9130414798734854e-07,0.9999997640745405,-2.3592548729366024e-07,2.3592548729366024e-07,-4.4621339306311703e-08
413,3158,0.99999964091160043,-3.590884639953957e-07,3.590884639953957e-07,0.99999959225391732,-4.0774616585861617e-07,4.0774616585861617e-07,-4.8657701863220473e-08
414,88858,0.99986212014266085,-0.0001378893636405565,0.0001378893636405565,0.99984324385975654,-0.00015676842777129628,0.00015676842777129628,-1.8879064130739774e-05
415,1050,0.99999725841151033,-2.7415922478276449e-06,2.7415922478276449e-06,0.99999758772175595,-2.4122811536165463e-06,2.4122811536165463e-06,3.2931109421109858e-07
416,3394,0.99999947273723322,-5.2726290577745779e-07,5.2726290577745779e-07,0.99999947636215669,-5.2363798043491815e-07,5.2363798043491815e-07,3.6249253425396477e-09
417,409,0.99999998591294714,-1.4087052980369706e-08,1.4087052980369706e-08,0.99999998571939819,-1.4280601932265628e-08,1.4280601932265628e-08,-1.9354895189592205e-10
418,11514,0.99996295346373365,-3.7047222506199229e-05,3.7047222506199229e-05,0.99996426013318795,-3.5740505496324297e-05,3.5740505496324297e-05,1.3067170098749324e-06
419,6374,0.99999780830139173,-2.1917010100906145e-06,2.1917010100906145e-06,0.99999810700567793,-1.8929961138210435e-06,1.8929961138210435e-06,2.9870489626957096e-07
420,320,0.99999873088628621,-1.2691145190609437e-06,1.2691145190609437e-06,0.9999989652418757,-1.0347586596325895e-06,1.0347586596325895e-06,2.343558594283542e-07
421,3648,0.99999950857472875,-4.9142539197803915e-07,4.9142539197803915e-07,0.99999944298840682,-5.5701174835926158e-07,5.5701174835926158e-07,-6.5586356381222435e-08
422,15422,0.99999929979430768,-7.0020593744691081e-07,7.0020593744691081e-07,0.99999919761929112,-8.023810307858698e-07,8.023810307858698e-07,-1.0217509333895899e-07
423,315,0.99999994079315702,-5.9206844783871645e-08,5.9206844783871645e-08,0.99999993598061787,-6.4019384187439195e-08,6.4019384187439195e-08,-4.8125394035675508e-09
424,11514,0.99999166987625754,-8.3301584380879683e-06,8.3301584380879683e-06,0.99999201747354904,-7.9825583115029975e-06,7.9825583115029975e-06,3.476001265849708e-07
425,4618,0.9999811213172114,-1.8878860993130624e-05,1.8878860993130624e-05,0.99998235738001451,-1.7642775618378011e-05,1.7642775618378011e-05,1.2360853747526129e-06
426,8,0.9999971972062125,-2.8027977153790345e-06,2.8027977153790345e-06,0.99999714150691288,-2.8584971726336418e-06,2.8584971726336418e-06,-5.5699457254607296e-08
427,323,0.99999892615589736,-1.0738446792564726e-06,1.0738446792564726e-06,0.99999860863363332,-1.3913673346203811e-06,1.3913673346203811e-06,-3.1752265536390849e-07
428,66663,0.99999598458848116,-4.0154195805818295e-06,4.0154195805818295e-06,0.99999578213725382,-4.217871641383549e-06,4.217871641383549e-06,-2.0245206080171957e-07
429,279,0.99999958359242935,-4.1640765736613749e-07,4.1640765736613749e-07,0.99999952841641837,-4.7158369281141811e-07,4.7158369281141811e-07,-5.5176035445280626e-08
430,836,0.99999970401890426,-2.9598113953786633e-07,2.9598113953786633e-07,0.99999966921090389,-3.3078915087186732e-07,3.3078915087186732e-07,-3.4808011334000989e-08
431,311,0.99999998014348601,-1.9856514235562841e-08,1.9856514235562841e-08,0.99999997705926547,-2.2940734826210913e-08,2.2940734826210913e-08,-3.0842205906480719e-09
432,57664,0.99999917719195386,-8.2280838464852083e-07,8.2280838464852083e-07,0.99999923747679487,-7.6252349583605297e-07,7.6252349583605297e-07,6.0284888812467866e-08
433,382,0.99990416971669682,-9.5834875318115994e-05,9.5834875318115994e-05,0.99990509790996362,-9.4906593524641926e-05,9.4906593524641926e-05,9.2828179347406866e-07
434,1692,0.99997436564706732,-2.5634681498324772e-05,2.5634681498324772e-05,0.99996237122901188,-3.7629478968062703e-05,3.7629478968062703e-05,-1.1994797469737931e-05
435,10746,0.99998616276920449,-1.3837326530882358e-05,1.3837326530882358e-05,0.99998685424242073,-1.3145843985491792e-05,1.3145843985491792e-05,6.9148254539056664e-07
436,6244,0.99999751399661585,-2.4860064743119148e-06,2.4860064743119148e-06,0.99999710464584846,-2.8953583430621845e-06,2.8953583430621845e-06,-4.0935186875026975e-07
437,279,0.99999968008237516,-3.1991767602475031e-07,3.1991767602475031e-07,0.99999960664013265,-3.9335994474462267e-07,3.9335994474462267e-07,-7.344226871987236e-08
438,4219,0.99999939130861015,-6.086915750759846e-07,6.086915750759846e-07,0.9999992336197705,-7.6638052313828189e-07,7.6638052313828189e-07,-1.5768894806229729e-07
439,315,0.99999986306643296,-1.3693357642828648e-07,1.3693357642828648e-07,0.99999983085995736,-1.6914005697803417e-07,1.6914005697803417e-07,-3.2206480549747688e-08
440,15506,0.99999955766219917,-4.4233789862212296e-07,4.4233789862212296e-07,0.99999952903042955,-4.7096968137043868e-07,4.7096968137043868e-07,-2.8631782748315722e-08
441,5820,0.99999889739680192,-1.1026038059040573e-06,1.1026038059040573e-06,0.99999862825889341,-1.3717420474712238e-06,1.3717420474712238e-06,-2.691382415671665e-07
442,304,0.99999985930426005,-1.4069574981178303e-07,1.4069574981178303e-07,0.99999983874720999,-1.6125280298765425e-07,1.6125280298765425e-07,-2.0557053175871221e-08
443,279,0.99999984220214988,-1.5779786253884636e-07,1.5779786253884636e-07,0.9999998277994161,-1.7220059871975663e-07,1.7220059871975663e-07,-1.4402736180910272e-08
444,13759,0.9999988549438843,-1.1450567712990061e-06,1.1450567712990061e-06,0.99999882309516508,-1.1769055274814969e-06,1.1769055274814969e-06,-3.1848756182490811e-08
445,6460,0.99999854108211939,-1.4589189448003845e-06,1.4589189448003845e-06,0.99999824115181513,-1.7588497316223798e-06,1.7588497316223798e-06,-2.9993078682199524e-07
446,323,0.99998773186249512,-1.2268212759098088e-05,1.2268212759098088e-05,0.9999904925331935,-9.5075120027709272e-06,9.5075120027709272e-06,2.7607007563271608e-06
447,832,0.99999947716772075,-5.2283241590833701e-07,5.2283241590833701e-07,0.99999946749562585,-5.3250451592149376e-07,5.3250451592149376e-07,-9.672100013156752e-09
448,842,0.99999971039188773,-2.8960815415480558e-07,2.8960815415480558e-07,0.99999969573737113,-3.0426267517433046e-07,3.0426267517433046e-07,-1.4654521019524881e-08
449,315,0.99999985961871274,-1.4038129716986365e-07,1.4038129716986365e-07,0.99999980746422379,-1.9253579475757631e-07,1.9253579475757631e-07,-5.2154497587712654e-08
450,279,0.99999990411652762,-9.5883477002125492e-08,9.5883477002125492e-08,0.99999989182974558,-1.0817026022727563e-07,1.0817026022727563e-07,-1.2286783225150135e-08
451,57664,0.99999959018982276,-4.0981026124213097e-07,4.0981026124213097e-07,0.99999961810116988,-3.8189890307510052e-07,3.8189890307510052e-07,2.7911358167030443e-08
452,6830,0.99983966460440898,-0.00016034825068465201,0.00016034825068465201,0.99984174342623422,-0.00015826909765871138,0.00015826909765871138,2.0791530259406247e-06
453,11600,0.99990902493726053,-9.0979201221458547e-05,9.0979201221458547e-05,0.99989428067328812,-0.00010572491539376934,0.00010572491539376934,-1.4745714172310789e-05
454,360,0.99999996350263909,-3.6497361577508458e-08,3.6497361577508458e-08,0.99999997360262194,-2.6397378378927808e-08,2.6397378378927808e-08,1.009998319858065e-08
455,1030,0.99999972305927309,-2.7694076527485199e-07,2.7694076527485199e-07,0.99999957309339549,-4.2690669568544535e-07,4.2690669568544535e-07,-1.4996593041059336e-07
456,480,0.99996147200331464,-3.8528738907736485e-05,3.8528738907736485e-05,0.99996112429173412,-3.8876463945832773e-05,3.8876463945832773e-05,-3.477250380962878e-07
457,5164,0.99999912867700913,-8.713233704378579e-07,8.713233704378579e-07,0.99999922386669682,-7.761336043971855e-07,7.761336043971855e-07,9.5189766040672397e-08
458,263,0.99999975851673228,-2.4148329684517382e-07,2.4148329684517382e-07,0.99999966150319253,-3.3849686475761171e-07,3.3849686475761171e-07,-9.7013567912437882e-08
459,6696,0.99999940440080548,-5.9559937186637358e-07,5.9559937186637358e-07,0.99999926077828438,-7.3922198884481932e-07,7.3922198884481932e-07,-1.4362261697844574e-07
460,6149,0.99999975809972275,-2.4190030650444244e-07,2.4190030650444244e-07,0.99999970605150534,-2.9394853782872438e-07,2.9394853782872438e-07,-5.204823132428194e-08
461,11,0.99999960998464443,-3.9001543161145661e-07,3.9001543161145661e-07,0.99999954050646256,-4.594936430385458e-07,4.594936430385458e-07,-6.9478211427089185e-08
462,31799,0.99999497608517696,-5.0239274429091727e-06,5.0239274429091727e-06,0.99999474133361621,-5.2586802106746162e-06,5.2586802106746162e-06,-2.3475276776544349e-07
463,15506,0.99999704890008401,-2.9511042705141859e-06,2.9511042705141859e-06,0.99999651413693569,-3.4858691399430703e-06,3.4858691399430703e-06,-5.3476486942888442e-07
464,5270,0.99999842360675018,-1.576394492326471e-06,1.576394492326471e-06,0.99999803638340135,-1.9636185265591821e-06,1.9636185265591821e-06,-3.872240342327111e-07
465,449,0.99999979469468347,-2.0530533763851657e-07,2.0530533763851657e-07,0.9999997896495193,-2.1035050287473531e-07,2.1035050287473531e-07,-5.0451652362187413e-09
466,13936,0.99999469877328984,-5.3012407617485604e-06,5.3012407617485604e-06,0.99999382237045487,-6.1776486267851334e-06,6.1776486267851334e-06,-8.7640786503657301e-07
467,11,0.99999384593057083,-6.1540883655404198e-06,6.1540883655404198e-06,0.99999359479455263,-6.4052259608244496e-06,6.4052259608244496e-06,-2.5113759528402976e-07
468,832,0.99999966522321315,-3.3477684283151993e-07,3.3477684283151993e-07,0.99999947221438268,-5.2778575659739344e-07,5.2778575659739344e-07,-1.9300891376587351e-07
469,315,0.99999997660256434,-2.3397435936994765e-08,2.3397435936994765e-08,0.99999996467604257,-3.5323958023135632e-08,3.5323958023135632e-08,-1.1926522086140866e-08
470,279,0.99999997225274806,-2.7747252332747498e-08,2.7747252332747498e-08,0.99999996610137831,-3.3898622223120664e-08,3.3898622223120664e-08,-6.1513698903731666e-09
471,30758,0.99999967924135469,-3.2075869678593456e-07,3.2075869678593456e-07,0.99999964236289118,-3.5763717276204423e-07,3.5763717276204423e-07,-3.6878475976109675e-08
472,10507,0.9999971504430889,-2.8495609710462194e-06,2.8495609710462194e-06,0.99999674534835481,-3.2546569415375935e-06,3.2546569415375935e-06,-4.0509597049137412e-07
473,315,0.99999990319140242,-9.6808602222685361e-08,9.6808602222685361e-08,0.99999985523963753,-1.4476037298033686e-07,1.4476037298033686e-07,-4.7951770757651494e-08
474,81069,0.99997326335158832,-2.6737005842257117e-05,2.6737005842257117e-05,0.99996896565822047,-3.1034823354640423e-05,3.1034823354640423e-05,-4.2978175123833059e-06
475,13,0.99999487095592809,-5.129057225447556e-06,5.129057225447556e-06,0.99999188833044494,-8.1117024548070847e-06,8.1117024548070847e-06,-2.9826452293595287e-06
476,24586,0.99997702293748036,-2.2977326496413954e-05,2.2977326496413954e-05,0.99997206507424863,-2.7935315938670231e-05,2.7935315938670231e-05,-4.9579894422562768e-06
477,311,0.9999999602531171,-3.9746883660501579e-08,3.9746883660501579e-08,0.99999992659095926,-7.3409043480699644e-08,7.3409043480699644e-08,-3.3662159820198065e-08
478,279,0.98408326531560641,-0.016044766286710897,0.016044766286710897,0.98135778348862812,-0.018818172872088829,0.018818172872088829,-0.0027734065853779327
479,8792,0.99999760392165626,-2.396081214316427e-06,2.396081214316427e-06,0.9999972637236002,-2.7362801434102528e-06,2.7362801434102528e-06,-3.4019892909382581e-07
480,3813,0.99999902902754556,-9.7097292584636256e-07,9.7097292584636256e-07,0.99999871665487061,-1.28334595291519e-06,1.28334595291519e-06,-3.1237302706882742e-07
481,304,0.99999931922340157,-6.8077683010584897e-07,6.8077683010584897e-07,0.99999919438849871,-8.0561182581774877e-07,8.0561182581774877e-07,-1.248349957118998e-07
482,279,0.99999966682008901,-3.3317996651187049e-07,3.3317996651187049e-07,0.99999962155406608,-3.7844600553207033e-07,3.7844600553207033e-07,-4.5266039020199842e-08
483,16867,0.99999923533058277,-7.6466970962481161e-07,7.6466970962481161e-07,0.99999893813492591,-1.0618656378553264e-06,1.0618656378553264e-06,-2.9719592823051476e-07
484,9581,0.99997466324645279,-2.5337074528195926e-05,2.5337074528195926e-05,0.99996802741832735,-3.1973092806572425e-05,3.1973092806572425e-05,-6.6360182783764986e-06
485,6696,0.99999720271264381,-2.7972912686222321e-06,2.7972912686222321e-06,0.99999701583180367,-2.9841726490027028e-06,2.9841726490027028e-06,-1.8688138038047076e-07
486,11543,0.99999956047899086,-4.39521105732853e-07,4.39521105732853e-07,0.99999942132031672,-5.7867985069100368e-07,5.7867985069100368e-07,-1.3915874495815068e-07
487,11,0.99999983921733915,-1.6078267379450536e-07,1.6078267379450536e-07,0.99999980204950434,-1.9795051526040441e-07,1.9795051526040441e-07,-3.7167841465899049e-08
488,57664,0.99999918199227522,-8.1800805934153518e-07,8.1800805934153518e-07,0.99999900724565094,-9.9275484182438183e-07,9.9275484182438183e-07,-1.7474678248284666e-07
489,4036,0.99999845838632218,-1.5416148660791698e-06,1.5416148660791698e-06,0.99999807359570347,-1.9264061520360889e-06,1.9264061520360889e-06,-3.8479128595691911e-07
490,279,0.99999983114311519,-1.6885689908434888e-07,1.6885689908434888e-07,0.99999975283798181,-2.4716204870314531e-07,2.4716204870314531e-07,-7.8305149618796422e-08
491,1647,0.99999546396968608,-4.5360406017220393e-06,4.5360406017220393e-06,0.99999402210659194,-5.977911275727511e-06,5.977911275727511e-06,-1.4418706740054717e-06
492,25840,0.9999920188634599,-7.9811683895396696e-06,7.9811683895396696e-06,0.99999246353327398,-7.5364951253585378e-06,7.5364951253585378e-06,4.4467326418113181e-07
493,315,0.99999558148201528,-4.4185277463915179e-06,4.4185277463915179e-06,0.99999498437938517,-5.015633193068726e-06,5.015633193068726e-06,-5.9710544667720816e-07
494,279,0.99999864591414289,-1.3540867738655828e-06,1.3540867738655828e-06,0.99999833217646972,-1.6678249211255286e-06,1.6678249211255286e-06,-3.1373814725994579e-07
495,330,0.99959304546727301,-0.00040703736119526409,0.00040703736119526409,0.99958317370467986,-0.00041691319154826692,0.00041691319154826692,-9.8758303530028374e-06
496,92140,0.99986394644034371,-0.00013606281578137222,0.00013606281578137222,0.99985062440403005,-0.00014938675361539009,0.00014938675361539009,-1.3323937834017863e-05
497,75,0.99999998376667665,-1.6233323442494714e-08,1.6233323442494714e-08,0.99999998134037693,-1.8659623227882365e-08,1.8659623227882365e-08,-2.4262997853876503e-09
498,315,0.99999998287075187,-1.7129248317381681e-08,1.7129248317381681e-08,0.9999999709649523,-2.903504816612748e-08,2.903504816612748e-08,-1.19057998487458e-08
499,279,0.99999956026155479,-4.3973854192845594e-07,4.3973854192845594e-07,0.9999994987765336,-5.0122359202904232e-07,5.0122359202904232e-07,-6.1485050100586374e-08
500,62574,0.99999460251509553,-5.3974994709708535e-06,5.3974994709708535e-06,0.9999936837106792,-6.3163092686257339e-06,6.3163092686257339e-06,-9.1880979765488041e-07
501,2266,0.29518800951065693,-1.2201428052695922,1.2201428052695922,0.31624167982505802,-1.1512485481400625,1.1512485481400625,0.068894257129529679
502,62897,0.99993944314052619,-6.0558693114451696e-05,6.0558693114451696e-05,0.99992370507341966,-7.6297837186287137e-05,7.6297837186287137e-05,-1.5739144071835441e-05
503,6037,0.99999846871595999,-1.5312852123860213e-06,1.5312852123860213e-06,0.99999821126665422,-1.7887349455399898e-06,1.7887349455399898e-06,-2.5744973315396852e-07
504,315,0.99999970244595404,-2.9755409017376725e-07,2.9755409017376725e-07,0.99999971281188194,-2.8718815931543275e-07,2.8718815931543275e-07,1.0365930858334497e-08
505,57664,0.9999997692325171,-2.3076750956439937e-07,2.3076750956439937e-07,0.99999975622637371,-2.4377365596915825e-07,2.4377365596915825e-07,-1.300614640475888e-08
506,323,0.99999975832929189,-2.4167073730745225e-07,2.4167073730745225e-07,0.99999972566733697,-2.7433270067446544e-07,2.7433270067446544e-07,-3.2661963367013185e-08
507,279,0.9999999144812044,-8.5518799271331399e-08,8.5518799271331399e-08,0.9999999037861117,-9.6213892887238831e-08,9.6213892887238831e-08,-1.0695093615907432e-08
508,4553,0.99999976483320285,-2.351668247841331e-07,2.351668247841331e-07,0.99999971856905534,-2.8143098421690922e-07,2.8143098421690922e-07,-4.6264159432776123e-08
509,57281,0.99999030976932535,-9.6902776252029837e-06,9.6902776252029837e-06,0.99999200455297077,-7.9954789929434354e-06,7.9954789929434354e-06,1.6947986322595482e-06
510,5438,0.99999974708228767,-2.5291774429408808e-07,2.5291774429408808e-07,0.99999977600374601,-2.2399627908452353e-07,2.2399627908452353e-07,2.8921465209564545e-08
511,82179,0.99999991845486758,-8.1545135760843421e-08,8.1545135760843421e-08,0.99999992607277155,-7.3927231157485317e-08,7.3927231157485317e-08,7.6179046033581036e-09
512,6438,0.99999982723798186,-1.7276203307740212e-07,1.7276203307740212e-07,0.99999982322044023,-1.7677957534022655e-07,1.7677957534022655e-07,-4.0175422628244333e-09
513,36513,0.99998694666903831,-1.3053416157180954e-05,1.3053416157180954e-05,0.99998605550699304,-1.3944590232272209e-05,1.3944590232272209e-05,-8.9117407509125437e-07
514,369,0.99999984576081857,-1.5423919329078172e-07,1.5423919329078172e-07,0.99999978036810377,-2.1963192029012344e-07,2.1963192029012344e-07,-6.5392726999341721e-08
515,927,0.99999999341812118,-6.5818787980841381e-09,6.5818787980841381e-09,0.99999999129397177,-8.7060283047890575e-09,8.7060283047890575e-09,-2.1241495067049195e-09
516,2380,0.99999960703761415,-3.9296246307566538e-07,3.9296246307566538e-07,0.99999962806816822,-3.7193190094452753e-07,3.7193190094452753e-07,2.103056213113785e-08
517,24552,0.99999903208114571,-9.6791932277197003e-07,9.6791932277197003e-07,0.99999906616213996,-9.3383829609293409e-07,9.3383829609293409e-07,3.4081026679035941e-08
518,11,0.99954063004762916,-0.00045947549507075077,0.00045947549507075077,0.99962055373563807,-0.00037951827231169784,0.00037951827231169784,7.9957222759052923e-05
519,3156,0.99999755896488896,-2.4410380903869677e-06,2.4410380903869677e-06,0.9999966891390798,-3.3108664010654294e-06,3.3108664010654294e-06,-8.6982831067846165e-07
520,220,0.99999841635717057,-1.5836440833458595e-06,1.5836440833458595e-06,0.99999812445865643,-1.8755431023641682e-06,1.8755431023641682e-06,-2.9189901901830867e-07
521,9378,0.99999999165173137,-8.3482687081168878e-09,8.3482687081168878e-09,0.99999996508655753,-3.4913443082190011e-08,3.4913443082190011e-08,-2.6565174374073125e-08
522,23,0.9999999817657147,-1.8234285470719801e-08,1.8234285470719801e-08,0.99999996886786324,-3.1132137272023716e-08,3.1132137272023716e-08,-1.2897851801303914e-08
523,13,0.99999663547552653,-3.3645301334885001e-06,3.3645301334885001e-06,0.99999581032265827,-4.189686118493094e-06,4.189686118493094e-06,-8.2515598500459394e-07
524,2468,0.99728754626090632,-0.0027161391075064796,0.0027161391075064796,0.99751910419593537,-0.0024839783253915622,0.0024839783253915622,0.00023216078211491745
525,2204,0.99999798082115843,-2.0191808800973611e-06,2.0191808800973611e-06,0.99999758672026562,-2.4132826463092252e-06,2.4132826463092252e-06,-3.9410176621186413e-07
526,3115,0.99999950135344662,-4.9864667774751409e-07,4.9864667774751409e-07,0.99999940099947815,-5.9900070127348259e-07,5.9900070127348259e-07,-1.003540235259685e-07
527,2391,0.99999719768478001,-2.8023191464257493e-06,2.8023191464257493e-06,0.99999592474768229,-4.0752606215439069e-06,4.0752606215439069e-06,-1.2729414751181576e-06
528,279,0.99999944940406527,-5.5059608635791002e-07,5.5059608635791002e-07,0.99999938773037356,-6.122698139283439e-07,6.122698139283439e-07,-6.1673727570433878e-08
529,1317,0.99999932002215297,-6.799780782517447e-07,6.799780782517447e-07,0.99999912335263685,-8.7664774738670578e-07,8.7664774738670578e-07,-1.9666966913496109e-07
530,15506,0.99999830636293807,-1.6936384960937628e-06,1.6936384960937628e-06,0.99999736413288964,-2.6358705842223386e-06,2.6358705842223386e-06,-9.4223208812857578e-07
531,4261,0.99999972569777196,-2.7430226569495101e-07,2.7430226569495101e-07,0.99999958589080207,-4.141092837188066e-07,4.141092837188066e-07,-1.3980701802385559e-07
532,11,0.99372113555768038,-0.0062986594151307022,0.0062986594151307022,0.992781416346186,-0.0072447636934162571,0.0072447636934162571,-0.00094610427828555489
533,1070,0.99999141415607296,-8.5858807856303809e-06,8.5858807856303809e-06,0.99998913046173632,-1.0869597337551058e-05,1.0869597337551058e-05,-2.2837165519206768e-06
534,1051,0.99999973317952129,-2.6682051428021514e-07,2.6682051428021514e-07,0.99999968722741472,-3.1277263417312754e-07,3.1277263417312754e-07,-4.5952119892912402e-08
535,2254,0.99999917245664127,-8.2754370109910089e-07,8.2754370109910089e-07,0.99999886377120273,-1.1362294427300142e-06,1.1362294427300142e-06,-3.0868574163091329e-07
536,5891,0.99998751888009529,-1.2481197794510225e-05,1.2481197794510225e-05,0.99998362376234728,-1.6376371744792556e-05,1.6376371744792556e-05,-3.8951739502823306e-06
537,337,0.99999918415525901,-8.1584507376374696e-07,8.1584507376374696e-07,0.99999898371723062,-1.0162832858082602e-06,1.0162832858082602e-06,-2.0043821204451321e-07
538,2641,0.99999998420902436,-1.5790975735564014e-08,1.5790975735564014e-08,0.99999991687437673,-8.3125626702064363e-08,8.3125626702064363e-08,-6.7334650966500342e-08
539,11,0.99999991750839323,-8.249161013758148e-08,8.249161013758148e-08,0.99999991364521146,-8.6354792252050278e-08,8.6354792252050278e-08,-3.8631821144687982e-09
540,8620,0.99999621106131542,-3.7889458625865258e-06,3.7889458625865258e-06,0.99999512205989538,-4.8779520018031799e-06,4.8779520018031799e-06,-1.0890061392166541e-06
541,1672,0.99999882450497712,-1.175495713764169e-06,1.175495713764169e-06,0.9999982043212966,-1.7956803155837858e-06,1.7956803155837858e-06,-6.2018460181961677e-07
542,852,0.9999934975934488,-6.5024276918837929e-06,6.5024276918837929e-06,0.99999349035134422,-6.509669843606477e-06,6.509669843606477e-06,-7.2421517226840882e-09
543,5247,0.99999668905414152,-3.3109513397289713e-06,3.3109513397289713e-06,0.99999616386541001,-3.8361419479893677e-06,3.8361419479893677e-06,-5.2519060826039645e-07
544,11,0.99999954999604279,-4.5000405846146046e-07,4.5000405846146046e-07,0.99999916838575797,-8.3161458779146206e-07,8.3161458779146206e-07,-3.816105293300016e-07
545,11191,0.99999936445083959,-6.3554936234801779e-07,6.3554936234801779e-07,0.99999919061946996,-8.0938085763625711e-07,8.0938085763625711e-07,-1.7383149528823932e-07
546,55066,0.99999795104395339,-2.0489581456886567e-06,2.0489581456886567e-06,0.99999742084355181,-2.5791597741671342e-06,2.5791597741671342e-06,-5.3020162847847748e-07
547,8951,0.99999938770942831,-6.1229075916105748e-07,6.1229075916105748e-07,0.99999914188296668,-8.58117401548039e-07,8.58117401548039e-07,-2.4582664238698153e-07
548,11,0.99999969940639155,-3.0059365364268438e-07,3.0059365364268438e-07,0.99999952776830703,-4.7223180451407469e-07,4.7223180451407469e-07,-1.7163815087139031e-07
549,2294,0.99999947791477639,-5.2208535988191544e-07,5.2208535988191544e-07,0.99999936018929414,-6.3981091052046244e-07,6.3981091052046244e-07,-1.17725550638547e-07
550,66579,0.99999805930619479,-1.940695688383049e-06,1.940695688383049e-06,0.99999677054105307,-3.2294641616395917e-06,3.2294641616395917e-06,-1.2887684732565427e-06
551,11,0.99999958644153419,-4.1355855137605954e-07,4.1355855137605954e-07,0.99999904473049772,-9.5526995850034475e-07,9.5526995850034475e-07,-5.4171140712428516e-07
552,24113,0.99999971415597644,-2.8584406442101693e-07,2.8584406442101693e-07,0.99999962788463737,-3.7211543184445047e-07,3.7211543184445047e-07,-8.6271367423433544e-08
553,52581,0.99999104437761033,-8.9556624914510358e-06,8.9556624914510358e-06,0.99998747292576651,-1.2527152697968076e-05,1.2527152697968076e-05,-3.5714902065170398e-06
554,323,0.76588725615308495,-0.26672030525308743,0.26672030525308743,0.82071134705000592,-0.19758381837892613,0.19758381837892613,0.069136486874161296
555,30215,0.99999555031296838,-4.449696931528114e-06,4.449696931528114e-06,0.99999360688534678,-6.393135089287618e-06,6.393135089287618e-06,-1.9434381577595041e-06
556,13865,0.99999866389006087,-1.3361108317739507e-06,1.3361108317739507e-06,0.99999822319477527,-1.7768068032371666e-06,1.7768068032371666e-06,-4.4069597146321581e-07
557,11,0.99999923263698776,-7.6736330668299923e-07,7.6736330668299923e-07,0.99999901192441509,-9.8807607308957081e-07,9.8807607308957081e-07,-2.2071276640657158e-07
558,323,0.99999995162217481,-4.8377826351554615e-08,4.8377826351554615e-08,0.99999989225257468,-1.0774743116786146e-07,1.0774743116786146e-07,-5.9369604816306848e-08
559,264,0.99999953788725604,-4.6211285068141399e-07,4.6211285068141399e-07,0.99999954239988642,-4.5760021826827065e-07,4.5760021826827065e-07,4.5126324131433349e-09
560,8013,0.99999878230620287,-1.2176945385522368e-06,1.2176945385522368e-06,0.99999770032638413,-2.2996762601585917e-06,2.2996762601585917e-06,-1.0819817216063549e-06
561,30747,0.99997845382096584,-2.1546411156438143e-05,2.1546411156438143e-05,0.9999651942950506,-3.4806310681993964e-05,3.4806310681993964e-05,-1.3259899525555821e-05
562,315,0.99999991391182885,-8.608817488020995e-08,8.608817488020995e-08,0.99999982914129648,-1.7085871812125315e-07,1.7085871812125315e-07,-8.4770543241043205e-08
563,279,0.99999990055610477,-9.9443900165974129e-08,9.9443900165974129e-08,0.9999997975395708,-2.0246044967158054e-07,2.0246044967158054e-07,-1.0301654950560641e-07
564,3363,0.99999941989883478,-5.8010133346490656e-07,5.8010133346490656e-07,0.99999888408599902,-1.1159146235751771e-06,1.1159146235751771e-06,-5.3581329011027051e-07
565,2391,0.99999741622768379,-2.5837756541423093e-06,2.5837756541423093e-06,0.99999556011637214,-4.4398934841945704e-06,4.4398934841945704e-06,-1.8561178300522611e-06
566,872,0.99999872702126891,-1.2729795413355042e-06,1.2729795413355042e-06,0.99999767504422032,-2.3249584824114146e-06,2.3249584824114146e-06,-1.0519789410759105e-06
567,46025,0.99999850139128565,-1.4986098372992463e-06,1.4986098372992463e-06,0.99999796199490143,-2.0380071752875403e-06,2.0380071752875403e-06,-5.3939733798829396e-07
568,4879,0.99999063978971114,-9.3602540959008568e-06,9.3602540959008568e-06,0.99998736504519292,-1.2635034628767619e-05,1.2635034628767619e-05,-3.2747805328667617e-06
569,311,0.9999997758744541,-2.2412557096606541e-07,2.2412557096606541e-07,0.99999952419814708,-4.7580196609788053e-07,4.7580196609788053e-07,-2.5167639513181515e-07
570,51630,0.99993473052565662,-6.5271604488233048e-05,6.5271604488233048e-05,0.99992271255024467,-7.7290436584133808e-05,7.7290436584133808e-05,-1.201883209590076e-05
571,279,0.99999980392700927,-1.960730099238349e-07,1.960730099238349e-07,0.99999971436067925,-2.8563936155822867e-07,2.8563936155822867e-07,-8.9566351634393769e-08
572,26363,0.99999948161249219,-5.1838764211960152e-07,5.1838764211960152e-07,0.99999908574594609,-9.1425447186371652e-07,9.1425447186371652e-07,-3.95866829744115e-07
573,13,0.96882055241235909,-0.031675872669803207,0.031675872669803207,0.96712085999859609,-0.033431806852097186,0.033431806852097186,-0.0017559341822939792
574,7365,0.99990033245493748,-9.9672512202328013e-05,9.9672512202328013e-05,0.99986120918983312,-0.0001388004425026875,0.0001388004425026875,-3.9127930300359486e-05
575,574,0.99999943214206599,-5.6785809518581428e-07,5.6785809518581428e-07,0.99999921625311738,-7.8374718977200084e-07,7.8374718977200084e-07,-2.1588909458618656e-07
576,6118,0.99999278180245543,-7.2182235958952409e-06,7.2182235958952409e-06,0.99998828585432731,-1.1714214283804768e-05,1.1714214283804768e-05,-4.4959906879095266e-06
577,6288,0.99999541787889512,-4.5821316028807828e-06,4.5821316028807828e-06,0.99999341292671151,-6.5870949833782071e-06,6.5870949833782071e-06,-2.0049633804974243e-06
578,28101,0.99999316124698923,-6.8387763951003053e-06,6.8387763951003053e-06,0.9999913160899524,-8.6839477529184764e-06,8.6839477529184764e-06,-1.845171357818171e-06
579,11,0.95782085985598853,-0.043094512384090386,0.043094512384090386,0.9473883107434028,-0.054046226817068971,0.054046226817068971,-0.010951714432978585
580,323,0.99999984406983289,-1.5593017926845739e-07,1.5593017926845739e-07,0.9999997842650693,-2.1573495394504438e-07,2.1573495394504438e-07,-5.9804774676586995e-08
581,279,0.99999978925340294,-2.1074661926428957e-07,2.1074661926428957e-07,0.99999962149420485,-3.7850586673650061e-07,3.7850586673650061e-07,-1.6775924747221103e-07
582,3363,0.99999842956408713,-1.5704371459800182e-06,1.5704371459800182e-06,0.99999726810351952,-2.7319002120884573e-06,2.7319002120884573e-06,-1.1614630661084391e-06
583,6052,0.99999746028015224,-2.5397230728349346e-06,2.5397230728349346e-06,0.99999630412691509,-3.6958799146533057e-06,3.6958799146533057e-06,-1.1561568418183711e-06
584,311,0.99999986284239462,-1.3715761474101568e-07,1.3715761474101568e-07,0.99999977711983223,-2.2288019255534794e-07,2.2288019255534794e-07,-8.5722577814332268e-08
585,279,0.99999026268404101,-9.7373633669802581e-06,9.7373633669802581e-06,0.99999278907548195,-7.21095051693724e-06,7.21095051693724e-06,2.5264128500430181e-06
586,2626,0.99999796888361081,-2.0311184519447713e-06,2.0311184519447713e-06,0.99999656782551205,-3.432180377922093e-06,3.432180377922093e-06,-1.4010619259773217e-06
587,315,0.99999990544058981,-9.4559414712940233e-08,9.4559414712940233e-08,0.9999998611257459,-1.3887426377127123e-07,1.3887426377127123e-07,-4.4314849058330995e-08
588,6696,0.99999905402383638,-9.4597661102809375e-07,9.4597661102809375e-07,0.99999816355130833,-1.8364503779206645e-06,1.8364503779206645e-06,-8.9047376689257072e-07
589,382,0.99915211546842986,-0.00084824418897263155,0.00084824418897263155,0.99886638255111948,-0.0011342604791535595,0.0011342604791535595,-0.00028601629018092795
590,644,0.99999081909992138,-9.180942223327579e-06,9.180942223327579e-06,0.99998610633697049,-1.3893759547369764e-05,1.3893759547369764e-05,-4.7128173240421845e-06
591,279,0.99999938616367667,-6.1383651173859086e-07,6.1383651173859086e-07,0.99999757267748723,-2.4273254587625506e-06,2.4273254587625506e-06,-1.8134889470239597e-06
592,220,0.9999998245090197,-1.7549099565774893e-07,1.7549099565774893e-07,0.99999977343172053,-2.2656830509679883e-07,2.2656830509679883e-07,-5.1077309439049904e-08
593,777,0.9999999862942619,-1.3705738228121505e-08,1.3705738228121505e-08,0.99999997961195231,-2.0388047930805785e-08,2.0388047930805785e-08,-6.6823097026842798e-09
594,339,0.99999984518737683,-1.5481263516275304e-07,1.5481263516275304e-07,0.99999983652642321,-1.634735901809328e-07,1.634735901809328e-07,-8.6609550181797584e-09
595,9478,0.99999657617290261,-3.4238329586930915e-06,3.4238329586930915e-06,0.99999650320241107,-3.4968037027691989e-06,3.4968037027691989e-06,-7.2970744076107336e-08
596,11,0.99981190624111971,-0.00018811145072984974,0.00018811145072984974,0.99979854659255363,-0.00020147370190970394,0.00020147370190970394,-1.3362251179854204e-05
597,57664,0.99999972532838699,-2.7467165078266253e-07,2.7467165078266253e-07,0.99999959047735631,-4.0952272758535606e-07,4.0952272758535606e-07,-1.3485107680269353e-07
598,574,0.99999958100651709,-4.1899357065752203e-07,4.1899357065752203e-07,0.99999920249340268,-7.9750691535452371e-07,7.9750691535452371e-07,-3.7851334469700168e-07
599,832,0.99999992356165868,-7.6438344285975651e-08,7.6438344285975651e-08,0.99999984833527644,-1.5166473503828517e-07,1.5166473503828517e-07,-7.5226390752309517e-08
600,315,0.99999998346753327,-1.6532466814330191e-08,1.6532466814330191e-08,0.99999996570665528,-3.4293345352722296e-08,3.4293345352722296e-08,-1.7760878538392105e-08
601,279,0.99999996818308368,-3.1816916816855068e-08,3.1816916816855068e-08,0.99999993440281842,-6.5597183753879695e-08,6.5597183753879695e-08,-3.3780266937024627e-08
602,1455,0.99999992822430772,-7.1775694809714617e-08,7.1775694809714617e-08,0.99999991714462366,-8.285537978855171e-08,8.285537978855171e-08,-1.1079684978837093e-08
603,6617,0.99999947391184241,-5.2608829598715806e-07,5.2608829598715806e-07,0.99999917509758818,-8.2490275204563778e-07,8.2490275204563778e-07,-2.9881445605847972e-07
604,9919,0.99999963589102947,-3.6410903680266753e-07,3.6410903680266753e-07,0.99999945959539649,-5.4040474948066273e-07,5.4040474948066273e-07,-1.7629571267799521e-07
605,304,0.9999999676889274,-3.2311073072468212e-08,3.2311073072468212e-08,0.99999994889891708,-5.1101084279598511e-08,5.1101084279598511e-08,-1.8790011207130299e-08
606,13936,0.99999866833432327,-1.3316665634201913e-06,1.3316665634201913e-06,0.99999818861503798,-1.8113866026163554e-06,1.8113866026163554e-06,-4.7972003919616414e-07
607,13,0.99999755924759426,-2.4407553843301234e-06,2.4407553843301234e-06,0.99999726731552774,-2.7326882060482283e-06,2.7326882060482283e-06,-2.9193282171810485e-07
608,13538,0.99999499738252717,-5.0026299859669203e-06,5.0026299859669203e-06,0.9999926954252284,-7.3046014501463642e-06,7.3046014501463642e-06,-2.3019714641794439e-06
609,279,0.99999993137232557,-6.8627676740222199e-08,6.8627676740222199e-08,0.99999987880266517,-1.2119734214527858e-07,1.2119734214527858e-07,-5.2569665405056386e-08
610,15506,0.99999438159664134,-5.6184191419566197e-06,5.6184191419566197e-06,0.99999296404328741,-7.0359814650776823e-06,7.0359814650776823e-06,-1.4175623231210626e-06
611,24145,0.99451053827182467,-0.0055045841913878429,0.0055045841913878429,0.99442489959722291,-0.005590699278910637,0.005590699278910637,-8.6115087522794023e-05
612,5111,0.99999695158802737,-3.0484166189902711e-06,3.0484166189902711e-06,0.99999662595732053,-3.3740483715907865e-06,3.3740483715907865e-06,-3.2563175260051532e-07
613,11,0.99999981614210176,-1.838579150882937e-07,1.838579150882937e-07,0.9999997514680925,-2.4853193834285247e-07,2.4853193834285247e-07,-6.4674023254558777e-08
614,57664,0.99999947787423371,-5.2212590254107193e-07,5.2212590254107193e-07,0.99999925888195873,-7.4111831586883381e-07,7.4111831586883381e-07,-2.1899241332776188e-07
615,5602,0.99999962516541974,-3.7483465056715749e-07,3.7483465056715749e-07,0.99999964051419066,-3.5948587395743571e-07,3.5948587395743571e-07,1.5348776609721786e-08
616,279,0.99999988675057216,-1.1324943430139638e-07,1.1324943430139638e-07,0.99999980732915716,-1.9267086135611345e-07,1.9267086135611345e-07,-7.9421427054717065e-08
617,10205,0.99999986441229449,-1.3558771474527695e-07,1.3558771474527695e-07,0.99999982464192316,-1.7535809221505321e-07,1.7535809221505321e-07,-3.9770377469776261e-08
618,315,0.99999994222492128,-5.777508038286746e-08,5.777508038286746e-08,0.99999983165325002,-1.6834676412504121e-07,1.6834676412504121e-07,-1.1057168374217374e-07
619,279,0.9999998971875933,-1.0281241196121556e-07,1.0281241196121556e-07,0.99999979993546162,-2.0006455844653171e-07,2.0006455844653171e-07,-9.7252146485316146e-08
620,57281,0.99999862423148289,-1.3757694634459363e-06,1.3757694634459363e-06,0.99999848619164788,-1.5138094979171773e-06,1.5138094979171773e-06,-1.3804003447124101e-07
621,22910,0.99999959449551168,-4.055045705281472e-07,4.055045705281472e-07,0.999999535970992,-4.6402911560674296e-07,4.6402911560674296e-07,-5.8524545078595757e-08
622,13,0.9999533281077525,-4.6672981414107178e-05,4.6672981414107178e-05,0.99994532144300252,-5.46800519242896e-05,5.46800519242896e-05,-8.0070705101824229e-06
623,9636,0.99999615047279466,-3.8495346147911395e-06,3.8495346147911395e-06,0.99999530865658115,-4.6913544232688491e-06,4.6913544232688491e-06,-8.4181980847770964e-07
624,279,0.9997444161941309,-0.00025561647297622227,0.00025561647297622227,0.99985786170211788,-0.00014214840048736179,0.00014214840048736179,0.00011346807248886049
625,3778,0.99999950299476958,-4.9700535393284544e-07,4.9700535393284544e-07,0.9999993374622167,-6.6253800280632995e-07,6.6253800280632995e-07,-1.6553264887348451e-07
626,6037,0.99999934226595133,-6.5773426501688344e-07,6.5773426501688344e-07,0.99999914096584253,-8.5903452646932766e-07,8.5903452646932766e-07,-2.0130026145244421e-07
627,2768,0.99997481005713917,-2.5190260132750086e-05,2.5190260132750086e-05,0.99997568774969525,-2.4312545852245338e-05,2.4312545852245338e-05,8.7771428050474715e-07
628,279,0.99999977896374692,-2.210362774998592e-07,2.210362774998592e-07,0.99999967970871739,-3.2029133389857621e-07,3.2029133389857621e-07,-9.9255056398717006e-08
629,15506,0.99999640913891419,-3.5908675329912413e-06,3.5908675329912413e-06,0.9999946393411645,-5.3606732038524189e-06,5.3606732038524189e-06,-1.7698056708611776e-06
630,24145,0.9999866999727326,-1.3300115713529068e-05,1.3300115713529068e-05,0.99998497905810868,-1.5021054706780876e-05,1.5021054706780876e-05,-1.7209389932518079e-06
631,5111,0.999997995782414,-2.0042195944531562e-06,2.0042195944531562e-06,0.9999977576591571,-2.2423433569304084e-06,2.2423433569304084e-06,-2.3812376247725214e-07
632,11,0.99999943388984136,-5.6611031892052038e-07,5.6611031892052038e-07,0.99999885269498012,-1.1473056780023718e-06,1.1473056780023718e-06,-5.8119535908185138e-07
633,279,0.99999881352691466,-1.1864737892375287e-06,1.1864737892375287e-06,0.99999879883917975,-1.2011615415922412e-06,1.2011615415922412e-06,-1.4687752354712496e-08
634,3723,0.9999987388971755,-1.2611036197042933e-06,1.2611036197042933e-06,0.99999789371323344,-2.1062889847796696e-06,2.1062889847796696e-06,-8.4518536507537633e-07
635,4273,0.99999814723560909,-1.8527661072346983e-06,1.8527661072346983e-06,0.99999559041737485,-4.4095923474437906e-06,4.4095923474437906e-06,-2.5568262402090923e-06
636,5614,0.99999001767033979,-9.9823794839371739e-06,9.9823794839371739e-06,0.99998328053914998,-1.6719600621775494e-05,1.6719600621775494e-05,-6.7372211378383199e-06
637,279,0.99999984608270809,-1.5391730371431308e-07,1.5391730371431308e-07,0.99999974224607024,-2.5775396292824786e-07,2.5775396292824786e-07,-1.0383665921393478e-07
638,4033,0.99999971503444207,-2.8496559848305464e-07,2.8496559848305464e-07,0.9999995393182799,-4.6068182626546989e-07,4.6068182626546989e-07,-1.7571622778241525e-07
639,4221,0.99999921119358115,-7.8880672991080259e-07,7.8880672991080259e-07,0.99999866425328221,-1.3357476099180967e-06,1.3357476099180967e-06,-5.4694088000729408e-07
640,505,0.99999982565695889,-1.7434305633732535e-07,1.7434305633732535e-07,0.99999969845498493,-3.0154506053150965e-07,3.0154506053150965e-07,-1.2720200419418431e-07
641,15506,0.99999837451101403,-1.6254903070776179e-06,1.6254903070776179e-06,0.99999743558262222,-2.5644206659472576e-06,2.5644206659472576e-06,-9.3893035886963965e-07
642,311,0.99999997856922507,-2.1430775146890647e-08,2.1430775146890647e-08,0.99999994663111402,-5.3368887439639355e-08,5.3368887439639355e-08,-3.1938112292748709e-08
643,6498,0.99999933929976859,-6.6070044969117171e-07,6.6070044969117171e-07,0.99999857239253387,-1.4276084851341701e-06,1.4276084851341701e-06,-7.6690803544299839e-07
644,323,0.99999359790772868,-6.4021127648531005e-06,6.4021127648531005e-06,0.99999393370953382,-6.0663088662075752e-06,6.0663088662075752e-06,3.3580389864552527e-07
645,1903,0.99999938772711772,-6.1227306976639242e-07,6.1227306976639242e-07,0.9999992721098574,-7.2789040749057754e-07,7.2789040749057754e-07,-1.1561733772418511e-07
646,1063,0.99999833827412621,-1.661727254468861e-06,1.661727254468861e-06,0.99999901215116882,-9.8784931914259986e-07,9.8784931914259986e-07,6.7387793532626113e-07
647,4442,0.99999944378794503,-5.5621220970270202e-07,5.5621220970270202e-07,0.99999908295086082,-9.1704955968575646e-07,9.1704955968575646e-07,-3.6083734998305443e-07
648,304,0.99999987298650994,-1.2701349809085517e-07,1.2701349809085517e-07,0.99999979318347887,-2.0681654248812513e-07,2.0681654248812513e-07,-7.9803044397269957e-08
649,6873,0.99999941750324028,-5.8249692934845423e-07,5.8249692934845423e-07,0.99999910702792971,-8.9297246894985442e-07,8.9297246894985442e-07,-3.104755396014002e-07
650,11,0.99999993189283587,-6.8107166474281033e-08,6.8107166474281033e-08,0.99999989786344501,-1.0213656021151889e-07,1.0213656021151889e-07,-3.4029393737237853e-08
651,2254,0.99999890996477658,-1.0900358174880866e-06,1.0900358174880866e-06,0.99999840535372897,-1.5946475424340896e-06,1.5946475424340896e-06,-5.04611724946003e-07
652,7016,0.99999910179084239,-8.9820956101582066e-07,8.9820956101582066e-07,0.99999827524129381,-1.7247601936325874e-06,1.7247601936325874e-06,-8.2655063261676674e-07
653,11,0.99978754096784628,-0.00021248160477113385,0.00021248160477113385,0.99952484560691157,-0.00047526731470864117,0.00047526731470864117,-0.0002627857099375073
654,323,0.99999999629728187,-3.7027181252485943e-09,3.7027181252485943e-09,0.99999999039159981,-9.6084002514619872e-09,9.6084002514619872e-09,-5.905682126213393e-09
655,16036,0.99999897757263834,-1.0224278843696798e-06,1.0224278843696798e-06,0.99999859245140998,-1.4075495806101845e-06,1.4075495806101845e-06,-3.8512169624050469e-07
656,9293,0.99999947256150112,-5.274386380023719e-07,5.274386380023719e-07,0.99999926230887759,-7.3769139454691876e-07,7.3769139454691876e-07,-2.1025275654454685e-07
657,382,0.99340297128585775,-0.006618885286726525,0.006618885286726525,0.99263564457078268,-0.0073916061665013936,0.0073916061665013936,-0.00077272087977486859
658,92459,0.99967029844660471,-0.00032975591690193208,0.00032975591690193208,0.99970725974188468,-0.00029278311490881675,0.00029278311490881675,3.6972801993115335e-05
659,279,0.99999998615956653,-1.3840433592238327e-08,1.3840433592238327e-08,0.99999996387778567,-3.6122215010663063e-08,3.6122215010663063e-08,-2.2281781418424734e-08
660,842,0.99999984945722131,-1.5054279000440693e-07,1.5054279000440693e-07,0.99999977844226651,-2.2155775802090774e-07,2.2155775802090774e-07,-7.1014968016500805e-08
661,315,0.99999999650944438,-3.4905556162288231e-09,3.4905556162288231e-09,0.9999999945287732,-5.4712267899756688e-09,5.4712267899756688e-09,-1.9806711737468457e-09
662,4435,0.99999901688326998,-9.8311721332477068e-07,9.8311721332477068e-07,0.99999854701561919,-1.4529854364282368e-06,1.4529854364282368e-06,-4.698682231034661e-07
663,5111,0.99999973309036227,-2.6690967338094945e-07,2.6690967338094945e-07,0.99999965422999326,-3.4577006653028792e-07,3.4577006653028792e-07,-7.8860393149338475e-08
664,8105,0.9999977954185949,-2.2045838352229898e-06,2.2045838352229898e-06,0.99999554840634319,-4.4516035652198093e-06,4.4516035652198093e-06,-2.2470197299968194e-06
665,11,0.99999929421075284,-7.0578949624496838e-07,7.0578949624496838e-07,0.99999934739316365,-6.5260704928234907e-07,6.5260704928234907e-07,5.3182446962619311e-08
666,2391,0.99999812398744892,-1.8760143107740911e-06,1.8760143107740911e-06,0.99999759747859807,-2.4025242880308268e-06,2.4025242880308268e-06,-5.2650997725673573e-07
667,279,0.99999992614481303,-7.3855189678919042e-08,7.3855189678919042e-08,0.99999989846952386,-1.0153048130844478e-07,1.0153048130844478e-07,-2.7675291629525737e-08
668,16506,0.99999192965582884,-8.070376736596457e-06,8.070376736596457e-06,0.99998973166452887,-1.0268388190820377e-05,1.0268388190820377e-05,-2.1980114542239202e-06
669,315,0.999999973378493,-2.6621507310617739e-08,2.6621507310617739e-08,0.99999995835519395,-4.1644806957280828e-08,4.1644806957280828e-08,-1.5023299646663089e-08
670,57664,0.99999827080591086,-1.7291955842436448e-06,1.7291955842436448e-06,0.99999813605605903,-1.8639456781558879e-06,1.8639456781558879e-06,-1.3475009391224313e-07
671,11,0.99921871137171925,-0.00078159399330357819,0.00078159399330357819,0.99934312238603717,-0.00065709345258756538,0.00065709345258756538,0.00012450054071601281
672,1455,0.99999778436964382,-2.2156328107407322e-06,2.2156328107407322e-06,0.99999682219288066,-3.1778121685638558e-06,3.1778121685638558e-06,-9.6217935782312359e-07
673,315,0.9999999849720751,-1.5027925013612461e-08,1.5027925013612461e-08,0.99999996344173603,-3.6558264635656458e-08,3.6558264635656458e-08,-2.1530339622043997e-08
674,279,0.99999995923674223,-4.0763258603762506e-08,4.0763258603762506e-08,0.99999993265752096,-6.7342481322022597e-08,6.7342481322022597e-08,-2.6579222718260091e-08
675,3363,0.99999935013773089,-6.4986248027685205e-07,6.4986248027685205e-07,0.99999910571408634,-8.9428631347466643e-07,8.9428631347466643e-07,-2.4442383319781438e-07
676,574,0.99999964929128637,-3.507087751400174e-07,3.507087751400174e-07,0.99999937223962898,-6.2776056810665961e-07,6.2776056810665961e-07,-2.770517929666422e-07
677,68461,0.99997521318992399,-2.4787117274072125e-05,2.4787117274072125e-05,0.99996668147247436,-3.3319082600137278e-05,3.3319082600137278e-05,-8.5319653260651534e-06
678,555,0.99999990479691192,-9.5203092651657067e-08,9.5203092651657067e-08,0.99999979752472179,-2.0247529867948386e-07,2.0247529867948386e-07,-1.0727220602782679e-07
679,37295,0.99987564344527513,-0.00012436428764235922,0.00012436428764235922,0.99988261584417815,-0.00011739104588101321,0.00011739104588101321,6.9732417613460119e-06
680,41884,0.99999957765900482,-4.2234108440329401e-07,4.2234108440329401e-07,0.9999994144938682,-5.8550630322854933e-07,5.8550630322854933e-07,-1.6316521882525532e-07
681,86562,0.99998547042590191,-1.452967965335377e-05,1.452967965335377e-05,0.99998473548801592,-1.5264628487881287e-05,1.5264628487881287e-05,-7.3494883452751714e-07
682,479,0.9999995412951711,-4.5870493408056517e-07,4.5870493408056517e-07,0.99999934648802047,-6.5351219309510925e-07,6.5351219309510925e-07,-1.9480725901454408e-07
683,555,0.99999985627512045,-1.4372488987500107e-07,1.4372488987500107e-07,0.99999970346818512,-2.9653185884473927e-07,2.9653185884473927e-07,-1.5280696896973821e-07
684,279,0.99999990764851787,-9.2351486412590907e-08,9.2351486412590907e-08,0.99999983214989285,-1.6785012125953778e-07,1.6785012125953778e-07,-7.549863484694687e-08
685,3723,0.99999924006013452,-7.5994015426348896e-07,7.5994015426348896e-07,0.99999867472183657,-1.3252790416233647e-06,1.3252790416233647e-06,-5.6533888735987576e-07
686,4273,0.99999789068177136,-2.1093204532388441e-06,2.1093204532388441e-06,0.99999679000462371,-3.2100005283191179e-06,3.2100005283191179e-06,-1.1006800750802739e-06
687,6690,0.99999974748454701,-2.5251548483674988e-07,2.5251548483674988e-07,0.99999963251375257,-3.6748631491234055e-07,3.6748631491234055e-07,-1.1497083007559067e-07
688,11994,0.99999929957585254,-7.0042439276985413e-07,7.0042439276985413e-07,0.9999992588675638,-7.4113271078785812e-07,7.4113271078785812e-07,-4.0708318018003988e-08
689,13,0.99999571533491904,-4.2846742601518409e-06,4.2846742601518409e-06,0.99999436952976617,-5.6304860850325057e-06,5.6304860850325057e-06,-1.3458118248806648e-06
690,1666,0.9999964789694763,-3.5210367225934248e-06,3.5210367225934248e-06,0.99999509753787186,-4.9024741452154307e-06,4.9024741452154307e-06,-1.381437422622006e-06
691,264,0.99999998646125565,-1.3538744478236551e-08,1.3538744478236551e-08,0.99999997986102795,-2.013897228685814e-08,2.013897228685814e-08,-6.6002278086215887e-09
692,1121,0.99999864321627074,-1.3567846496841606e-06,1.3567846496841606e-06,0.99999720028396455,-2.7997199546279562e-06,2.7997199546279562e-06,-1.4429353049437956e-06
693,11,0.99999993249034913,-6.7509653142683797e-08,6.7509653142683797e-08,0.99999992162861029,-7.8371392746418205e-08,7.8371392746418205e-08,-1.0861739603734407e-08
694,12309,0.99999436570777356,-5.6343080990822616e-06,5.6343080990822616e-06,0.99999435921455138,-5.640801357932934e-06,5.640801357932934e-06,-6.4932588506723965e-09
695,2697,0.99999896803544774,-1.0319650847058446e-06,1.0319650847058446e-06,0.99999829445898791,-1.7055424665439424e-06,1.7055424665439424e-06,-6.7357738183809781e-07
696,8625,0.99999934585923378,-6.5414098015053037e-07,6.5414098015053037e-07,0.99999936091792729,-6.3908227694439391e-07,6.3908227694439391e-07,1.5058703206136463e-08
697,315,0.9999999633176444,-3.6682356256975977e-08,3.6682356256975977e-08,0.99999993787019725,-6.2129804702726093e-08,6.2129804702726093e-08,-2.5447448445750116e-08
698,57664,0.99999918273538624,-8.1726494771072015e-07,8.1726494771072015e-07,0.99999912997536233,-8.7002501614512813e-07,8.7002501614512813e-07,-5.276006843440798e-08
699,596,0.9999344846154804,-6.5517530746181179e-05,6.5517530746181179e-05,0.99991129440549809,-8.8709529075880824e-05,8.8709529075880824e-05,-2.3191998329699645e-05
700,864,0.99998009609110816,-1.9904106977214326e-05,1.9904106977214326e-05,0.99997792332669755,-2.2076916995765237e-05,2.2076916995765237e-05,-2.1728100185509105e-06
701,11710,0.99131656365724619,-0.008721357057109063,0.008721357057109063,0.98941132671969589,-0.010645132184827804,0.010645132184827804,-0.0019237751277187409
702,323,0.9999998536624447,-1.4633756601565694e-07,1.4633756601565694e-07,0.99999978188228311,-2.181177407289582e-07,2.181177407289582e-07,-7.1780174713301262e-08
703,37683,0.99999936038941384,-6.3961079072784657e-07,6.3961079072784657e-07,0.99999926190384503,-7.380964273662034e-07,7.380964273662034e-07,-9.8485636638356827e-08
704,18112,0.99999903281157732,-9.6718889043132312e-07,9.6718889043132312e-07,0.99999848631157784,-1.5136895678107987e-06,1.5136895678107987e-06,-5.4650067737947563e-07
705,11,0.99998326831773232,-1.6731822243798245e-05,1.6731822243798245e-05,0.99999135943471051,-8.6406026194276748e-06,8.6406026194276748e-06,8.0912196243705707e-06
706,8051,0.99999001343283334,-9.986617032794019e-06,9.986617032794019e-06,0.99998491901107722,-1.5081102642000216e-05,1.5081102642000216e-05,-5.0944856092061965e-06
707,1070,0.99999975802244723,-2.4197758200506332e-07,2.4197758200506332e-07,0.99999964875574532,-3.5124431634106787e-07,3.5124431634106787e-07,-1.0926673433600456e-07
708,527,0.99999973283229482,-2.6716774087935126e-07,2.6716774087935126e-07,0.99999963075308607,-3.6924698209751939e-07,3.6924698209751939e-07,-1.0207924121816813e-07
709,14529,0.99999994575176088,-5.4248240649200006e-08,5.4248240649200006e-08,0.99999991123051279,-8.8769491147947777e-08,8.8769491147947777e-08,-3.4521250498747772e-08
710,35093,0.99999815328283703,-1.8467188681644409e-06,1.8467188681644409e-06,0.999997603598894,-2.396403977358682e-06,2.396403977358682e-06,-5.4968510919424105e-07
711,7224,0.9999971497814053,-2.8502226565320458e-06,2.8502226565320458e-06,0.99999570968535045,-4.2903238529256164e-06,4.2903238529256164e-06,-1.4401011963935706e-06
712,11,0.99999987566925996,-1.2433074773973673e-07,1.2433074773973673e-07,0.99999987599413787,-1.2400586987771834e-07,1.2400586987771834e-07,3.2487786201839121e-10
713,5423,0.99999514147756652,-4.8585342361251663e-06,4.8585342361251663e-06,0.99999368332775707,-6.3166921932304065e-06,6.3166921932304065e-06,-1.4581579571052402e-06
714,2949,0.99999977891979985,-2.2108022455835108e-07,2.2108022455835108e-07,0.99999966639801241,-3.3360204318909473e-07,3.3360204318909473e-07,-1.1252181863074365e-07
715,279,0.9999999860356874,-1.3964312719692999e-08,1.3964312719692999e-08,0.99999997578847621,-2.4211524047856798e-08,2.4211524047856798e-08,-1.0247211328163799e-08
716,2362,0.99999988776627247,-1.1223373378119805e-07,1.1223373378119805e-07,0.99999983806502835,-1.6193498474396928e-07,1.6193498474396928e-07,-4.9701250962771234e-08
717,289,0.99999686130890875,-3.1386960169949101e-06,3.1386960169949101e-06,0.99999003994463964,-9.9601049619936792e-06,9.9601049619936792e-06,-6.8214089449987694e-06
718,4841,0.99999897848060881,-1.0215199129336418e-06,1.0215199129336418e-06,0.99999925818127389,-7.4181900130300024e-07,7.4181900130300024e-07,2.7970091163064151e-07
719,3363,0.9999992127225571,-7.8727775283838066e-07,7.8727775283838066e-07,0.99999902731337498,-9.7268709809440248e-07,9.7268709809440248e-07,-1.8540934525602182e-07
720,11,0.99999986644396677,-1.3355604218871111e-07,1.3355604218871111e-07,0.99999987870673401,-1.2129327339658076e-07,1.2129327339658076e-07,1.226276879213035e-08
721,61894,0.99999968764696734,-3.1235308146734748e-07,3.1235308146734748e-07,0.99999932832466065,-6.716755649681982e-07,6.716755649681982e-07,-3.5932248350085071e-07
722,309,0.99999985942374514,-1.405762647400969e-07,1.405762647400969e-07,0.99999997322342571,-2.677657459881764e-08,2.677657459881764e-08,1.1379969014127926e-07
723,44486,0.99999616965051175,-3.8303568240253185e-06,3.8303568240253185e-06,0.99998556164261265,-1.443846162138963e-05,1.443846162138963e-05,-1.0608104797364313e-05
724,13,0.98777896749881633,-0.012296323369135265,0.012296323369135265,0.97606866008824511,-0.024222346592309974,0.024222346592309974,-0.011926023223174709
725,4815,5.4541341816303342e-06,-12.119136671417708,12.119136671417708,2.3589586912582307e-05,-10.654705175822119,10.654705175822119,1.4644314955955888
726,2028,0.27676769353426983,-1.2845767761605411,1.2845767761605411,0.21822222277941625,-1.5222413648506121,1.5222413648506121,-0.23766458869007101
727,374,0.61742671116045245,-0.48219490390362457,0.48219490390362457,0.43234352470187531,-0.83853481066975444,0.83853481066975444,-0.35633990676612987
728,264,0.68773885822906478,-0.37434607962992322,0.37434607962992322,0.65507270890545188,-0.42300904354506913,0.42300904354506913,-0.048662963915145907
729,10015,0.60218230243816839,-0.5071950515460717,0.5071950515460717,0.39711124216204668,-0.92353883058828767,0.92353883058828767,-0.41634377904221598
730,3925,0.64931459851522721,-0.43183793625328498,0.43183793625328498,0.72215183812304995,-0.32551986009021211,0.32551986009021211,0.10631807616307287
731,315,0.99802481411436172,-0.0019771391377274589,0.0019771391377274589,0.99822731090535821,-0.0017742621672755775,0.0017742621672755775,0.00020287697045188145
732,57664,0.98407981719133708,-0.016048270187683275,0.016048270187683275,0.98421646979381305,-0.015909416496194765,0.015909416496194765,0.00013885369148851009
733,11,0.86631883440948898,-0.14350226911322639,0.14350226911322639,0.8372979889861647,-0.17757525155874518,0.17757525155874518,-0.03407298244551879
734,505,0.27157563991054656,-1.3035145783710855,1.3035145783710855,0.40363360769193946,-0.90724772416778665,0.90724772416778665,0.39626685420329888
735,1202,0.99953329208562702,-0.00046681685640909099,0.00046681685640909099,0.99671420619333784,-0.0032912038813093071,0.0032912038813093071,-0.0028243870249002163
736,36330,0.99265346183516756,-0.0073736568770725857,0.0073736568770725857,0.98175362845564029,-0.018414889624924449,0.018414889624924449,-0.011041232747851864
737,555,0.70745957659940362,-0.34607478664558816,0.34607478664558816,0.83570260581352074,-0.17948246385884598,0.17948246385884598,0.16659232278674219
738,15506,0.94777754690856786,-0.053635459422683454,0.053635459422683454,0.88939315193225033,-0.11721590058410368,0.11721590058410368,-0.063580441161420226
739,39879,0.98342104478241621,-0.016717924210480618,0.016717924210480618,0.91466617197865363,-0.089196119644281494,0.089196119644281494,-0.072478195433800879
740,380,0.99999976232856069,-2.3767146757357202e-07,2.3767146757357202e-07,0.99999961367748202,-3.8632259256704903e-07,3.8632259256704903e-07,-1.48651124993477e-07
741,67987,0.54239402101362155,-0.61176256562168219,0.61176256562168219,0.95592625963442768,-0.045074503179348066,0.045074503179348066,0.56668806244233416
742,304,0.38676712656909168,-0.94993250720215527,0.94993250720215527,0.68959136484368655,-0.37165608168946712,0.37165608168946712,0.57827642551268821
743,220,0.9885413050326306,-0.011524851677810885,0.011524851677810885,0.99348168605123222,-0.0065396509284309451,0.0065396509284309451,0.0049852007493799396
744,10895,0.99999956419346214,-4.358066328527879e-07,4.358066328527879e-07,0.9999997939507268,-2.0604929438158917e-07,2.0604929438158917e-07,2.2975733847119873e-07
745,16,0.99999975131660424,-2.4868342668258919e-07,2.4868342668258919e-07,0.99999985105487443,-1.4894513667864614e-07,1.4894513667864614e-07,9.9738290003943053e-08
746,311,0.99887278845105776,-0.0011278473296981657,0.0011278473296981657,0.99782939054692144,-0.0021729686403117246,0.0021729686403117246,-0.0010451213106135589
747,279,0.44498500058576973,-0.80971470393280742,0.80971470393280742,0.51118701037743652,-0.67101978630144077,0.67101978630144077,0.13869491763136665
748,3118,0.98085897349113049,-0.019326587660075788,0.019326587660075788,0.99395512915644946,-0.0060632150381928103,0.0060632150381928103,0.013263372621882978
749,1938,0.99978721711530505,-0.00021280552618481566,0.00021280552618481566,0.99980653203207959,-0.00019348668526193778,0.00019348668526193778,1.9318840922877875e-05
750,13,0.96172487395452244,-0.039026863030727062,0.039026863030727062,0.97673252854734571,-0.023542432540087369,0.023542432540087369,0.015484430490639692
751,578,0.13714306883937005,-1.9867305999563531,1.9867305999563531,0.10993044097059707,-2.2079074680231066,2.2079074680231066,-0.22117686806675341
752,3363,0.99999155510918891,-8.4449264693262877e-06,8.4449264693262877e-06,0.99998606252917621,-1.3937567951270467e-05,1.3937567951270467e-05,-5.4926414819441789e-06
753,706,0.99870929737813641,-0.0012915362959200734,0.0012915362959200734,0.9993220925128895,-0.00067813737028992913,0.00067813737028992913,0.00061339892563014428
754,264,0.70166958437922566,-0.35429266328223136,0.35429266328223136,0.76354627136036934,-0.26978155188952063,0.26978155188952063,0.084511111392710725
755,9257,0.99567266480567185,-0.0043367252082198299,0.0043367252082198299,0.99557724037039708,-0.0044325689645456964,0.0044325689645456964,-9.5843756325866489e-05
756,323,0.99387572158015469,-0.0061431087336826099,0.0061431087336826099,0.99399916263846955,-0.0060189147419444132,0.0060189147419444132,0.00012419399173819665
757,6485,0.94372895347249186,-0.0579162796238726,0.0579162796238726,0.8936521905962419,-0.11243862805770941,0.11243862805770941,-0.054522348433836805
758,3925,0.98376458418558899,-0.01636865426705867,0.01636865426705867,0.98997127950854258,-0.010079346871748667,0.010079346871748667,0.0062893073953100027
759,11,0.999235316268417,-0.00076497625132056679,0.00076497625132056679,0.99986636550707864,-0.00013364342280576842,0.00013364342280576842,0.0006313328285147984
760,449,0.63137176938886352,-0.45986041499360636,0.45986041499360636,0.83999813703052917,-0.17435560496803579,0.17435560496803579,0.2855048100255706
761,5370,0.54826794785963351,-0.600991155585893,0.600991155585893,0.57851845442194949,-0.54728483238712078,0.54728483238712078,0.053706323198772221
762,27833,0.44991145895189966,-0.79870447346181106,0.79870447346181106,0.63955294210792213,-0.44698587466911716,0.44698587466911716,0.3517185987926939
763,323,0.99935283224302829,-0.00064737726041867597,0.00064737726041867597,0.99957367526135144,-0.00042641564087684078,0.00042641564087684078,0.00022096161954183519
764,991,0.95864884870190492,-0.042230435176153588,0.042230435176153588,0.98250844919794844,-0.017646335583129457,0.017646335583129457,0.024584099593024131
765,19505,0.99999858283636933,-1.417164634883304e-06,1.417164634883304e-06,0.99999840487765801,-1.5951236141895525e-06,1.5951236141895525e-06,-1.7795897930624856e-07
766,9564,0.8793840824247926,-0.1285335228941345,0.1285335228941345,0.79427339167852251,-0.23032755498696936,0.23032755498696936,-0.10179403209283486
767,872,0.99998713408714734,-1.2865995619187656e-05,1.2865995619187656e-05,0.99999128499155787,-8.7150464180234527e-06,8.7150464180234527e-06,4.1509492011642028e-06
768,1906,0.99854000755907169,-0.0014610592683918378,0.0014610592683918378,0.9988334124601973,-0.0011672685327234283,0.0011672685327234283,0.00029379073566840959
769,389,0.99728803987172132,-0.0027156441542758813,0.0027156441542758813,0.99812668766486401,-0.0018750691791096436,0.0018750691791096436,0.00084057497516623766
770,279,0.49621433729681452,-0.70074731395239642,0.70074731395239642,0.73502436798946957,-0.30785162659170351,0.30785162659170351,0.39289568736069291
771,3363,0.99803738370278239,-0.001964544752207263,0.001964544752207263,0.99831177048759034,-0.0016896561777714717,0.0016896561777714717,0.00027488857443579129
772,13,0.80317098527495179,-0.21918765460782405,0.21918765460782405,0.8928339054370682,-0.11335471155616669,0.11335471155616669,0.10583294305165736
773,5659,0.40039415249892968,-0.91530583579624036,0.91530583579624036,0.56674782940080615,-0.56784081950777698,0.56784081950777698,0.34746501628846338
774,1202,0.65082669691340089,-0.42951188279238706,0.42951188279238706,0.72993912993655463,-0.31479413196486522,0.31479413196486522,0.11471775082752184
775,4216,0.55787394516061239,-0.58362224685122854,0.58362224685122854,0.8096209633566066,-0.21118908731009678,0.21118908731009678,0.37243315954113176
776,2919,0.9945290511214131,-0.0054859693285287132,0.0054859693285287132,0.99528832065152406,-0.0047228142995978254,0.0047228142995978254,0.0007631550289308878
777,439,0.99999478312961754,-5.2168839903961341e-06,5.2168839903961341e-06,0.99999665791451353,-3.3420910712967246e-06,3.3420910712967246e-06,1.8747929190994096e-06
778,264,0.9950147732350122,-0.0049976944613928645,0.0049976944613928645,0.99898520171463989,-0.001015313541757182,0.001015313541757182,0.0039823809196356825
779,348,0.004421726442480226,-5.4212250613098059,5.4212250613098059,0.50042456124602042,-0.69229841836846251,0.69229841836846251,4.7289266429413432
780,395,0.99996031477353076,-3.9686013948676868e-05,3.9686013948676868e-05,0.999993848837051,-6.1511818675062632e-06,6.1511818675062632e-06,3.3534832081170602e-05
781,278,0.99999997619774617,-2.3802254106419537e-08,2.3802254106419537e-08,0.99999998273791035,-1.7262089830662856e-08,1.7262089830662856e-08,6.5401642757566817e-09
782,1614,0.99999559517651992,-4.4048331813740385e-06,4.4048331813740385e-06,0.99999838192913537,-1.6180721736769578e-06,1.6180721736769578e-06,2.7867610076970809e-06
783,315,0.99959753581040067,-0.00040254520004791744,0.00040254520004791744,0.99997452053131475,-2.5479793292462127e-05,2.5479793292462127e-05,0.00037706540675545532
784,3320,0.92322250118645277,-0.079885010489733774,0.079885010489733774,0.98895108819226329,-0.011110404404180685,0.011110404404180685,0.068774606085553094
785,96323,0.99999856806137377,-1.4319396514733116e-06,1.4319396514733116e-06,0.99999801865320559,-1.9813487572866242e-06,1.9813487572866242e-06,-5.4940910581331265e-07
786,311,0.9992099882047456,-0.00079032401902390497,0.00079032401902390497,0.99919983150421021,-0.00080048880147769587,0.00080048880147769587,-1.0164782453790894e-05
787,1202,0.99990450094265049,-9.5503617674836961e-05,9.5503617674836961e-05,0.99992903820943846,-7.0964308468554946e-05,7.0964308468554946e-05,2.4539309206282015e-05
788,1510,0.9235944793003249,-0.079482178890465854,0.079482178890465854,0.85733611877396965,-0.15392523333926311,0.15392523333926311,-0.074443054448797258
789,2704,0.99992256887825304,-7.7434119691016258e-05,7.7434119691016258e-05,0.99993772375959078,-6.2278179654816769e-05,6.2278179654816769e-05,1.5155940036199489e-05
790,439,0.99999955755448344,-4.4244561441072095e-07,4.4244561441072095e-07,0.99999953733261315,-4.6266749386723776e-07,4.6266749386723776e-07,-2.0221879456516816e-08
791,279,0.98626760987381812,-0.013827551596091626,0.013827551596091626,0.72432630718935376,-0.32251328759361991,0.32251328759361991,-0.3086857359975283
792,6864,0.99904637602259783,-0.00095407896602897873,0.00095407896602897873,0.99940620958403747,-0.00059396677931028365,0.00059396677931028365,0.00036011218671869508
793,315,0.98059311312254016,-0.019597672915772728,0.019597672915772728,0.96048948043407012,-0.040312249010419389,0.040312249010419389,-0.02071457609464666
794,279,0.99999206949264696,-7.9305387997000519e-06,7.9305387997000519e-06,0.99999526128321037,-4.7387280174353744e-06,4.7387280174353744e-06,3.1918107822646775e-06
795,26363,0.99994566333847157,-5.4338137818329069e-05,5.4338137818329069e-05,0.99995190239161036,-4.8098765116668467e-05,4.8098765116668467e-05,6.2393727016606026e-06
796,11,0.99990120025245599,-9.8804628560523385e-05,9.8804628560523385e-05,0.9999367818338144,-6.3220164538114017e-05,6.3220164538114017e-05,3.5584464022409367e-05
797,57664,0.99998358580859359,-1.6414326120767644e-05,1.6414326120767644e-05,0.99998725179551584,-1.2748285743194911e-05,1.2748285743194911e-05,3.6660403775727336e-06
798,706,0.99964321137678946,-0.00035685228741490313,0.00035685228741490313,0.99979112172967755,-0.00020890008842663392,0.00020890008842663392,0.00014795219898826922
799,64238,0.45297165902468262,-0.79192571831566061,0.79192571831566061,0.45093987730316248,-0.79642125811507847,0.79642125811507847,-0.0044955397994178581
800,1690,0.43164937447080032,-0.84014165346000058,0.84014165346000058,0.57303665925532155,-0.55680558655590873,0.55680558655590873,0.28333606690409185
801,54070,0.91190250924582217,-0.092222192378552004,0.092222192378552004,0.85985340961834245,-0.15099335819566614,0.15099335819566614,-0.05877116581711414
802,323,0.65529387404849537,-0.42267148129642723,0.42267148129642723,0.76078632862447759,-0.27340273764890527,0.27340273764890527,0.14926874364752196
803,706,0.86880715244044793,-0.14063409728519324,0.14063409728519324,0.85034036768653076,-0.16211857707711216,0.16211857707711216,-0.02148447979191892
804,1027,0.46211417178292952,-0.77194329335949285,0.77194329335949285,0.51700067278403894,-0.65971110315146198,0.65971110315146198,0.11223219020803088
805,27367,0.9899507723987806,-0.010100061939539365,0.010100061939539365,0.98227194601366075,-0.01788707819844302,0.01788707819844302,-0.0077870162589036545
806,555,0.99999985199346819,-1.4800654272666712e-07,1.4800654272666712e-07,0.9999998877316385,-1.1226836785069734e-07,1.1226836785069734e-07,3.5738174875969784e-08
807,5370,0.88418818881869177,-0.12308535572186043,0.12308535572186043,0.92274857640254504,-0.080398479850195576,0.080398479850195576,0.042686875871664851
808,13970,0.78826078352725393,-0.23792630031149473,0.23792630031149473,0.68125292550477323,-0.3838216386949706,0.3838216386949706,-0.14589533838347588
809,4455,0.99994044515295466,-5.9556620505642843e-05,5.9556620505642843e-05,0.99996104588380297,-3.8954874928290238e-05,3.8954874928290238e-05,2.0601745577352605e-05
810,13,0.97252682881758412,-0.027857616396968821,0.027857616396968821,0.98375938116981543,-0.016373943164032904,0.016373943164032904,0.011483673232935917
811,11450,0.036992030552178118,-3.2970527800194462,3.2970527800194462,0.027414929139765259,-3.5966675548544242,3.5966675548544242,-0.299614774834978
812,11,0.9999990899670036,-9.1003341043884431e-07,9.1003341043884431e-07,0.99999927322598814,-7.2677427600468032e-07,7.2677427600468032e-07,1.8325913443416399e-07
813,57664,0.94465572257947539,-0.056934732597841951,0.056934732597841951,0.97413354862672474,-0.026206871159010117,0.026206871159010117,0.030727861438831834
814,374,0.96091998296995362,-0.039864137817790316,0.039864137817790316,0.98208379025336912,-0.018078648144143949,0.018078648144143949,0.021785489673646366
815,264,0.99996009427956434,-3.9906516690140774e-05,3.9906516690140774e-05,0.99964489368358944,-0.00035516938158891939,0.00035516938158891939,-0.00031526286489877859
816,90256,0.62089726758783303,-0.47658964134921761,0.47658964134921761,0.70446589177162044,-0.35031536361796256,0.35031536361796256,0.12627427773125505
817,2322,0.99301549859914295,-0.0070090072046439904,0.0070090072046439904,0.99151402126664301,-0.0085221896531454122,0.0085221896531454122,-0.0015131824485014218
818,55422,0.99999978842486625,-2.1157515610610766e-07,2.1157515610610766e-07,0.99999975847152711,-2.4152850200719479e-07,2.4152850200719479e-07,-2.9953345901087133e-08
819,449,0.98310867687604331,-0.017035608612155063,0.017035608612155063,0.97511584889885405,-0.02519899565931363,0.02519899565931363,-0.0081633870471585664
820,264,0.9999971300275563,-2.8699765620555234e-06,2.8699765620555234e-06,0.99999050601805872,-9.4940270094254199e-06,9.4940270094254199e-06,-6.6240504473698969e-06
821,9257,0.32157139834028214,-1.1345356811413956,1.1345356811413956,0.3545339071602201,-1.0369512897412663,1.0369512897412663,0.097584391400129311
822,13042,0.93459398578525543,-0.067643083804721532,0.067643083804721532,0.90606915339842098,-0.098639647597682914,0.098639647597682914,-0.030996563792961382
823,28948,0.9997622827832281,-0.00023774547598799057,0.00023774547598799057,0.99978872003476671,-0.00021130228798946395,0.00021130228798946395,2.6443187998526622e-05
824,323,0.97774699563407053,-0.022504338085501358,0.022504338085501358,0.98369839182651864,-0.016435941285825879,0.016435941285825879,0.0060683967996754788
825,264,0.99996049021435995,-3.95105661721635e-05,3.95105661721635e-05,0.99996940868671336,-3.0591781210391182e-05,3.0591781210391182e-05,8.9187849617723179e-06
826,20955,0.37922725627244314,-0.9696196328287966,0.9696196328287966,0.30741096583843297,-1.1795697756497749,1.1795697756497749,-0.20995014282097835
827,315,0.99999982712985591,-1.7287015901135207e-07,1.7287015901135207e-07,0.99999983525465708,-1.6474535644213635e-07,1.6474535644213635e-07,8.1248025692157207e-09
828,2362,0.65952413387513775,-0.41623671329395873,0.41623671329395873,0.58754537341300317,-0.53180180460472759,0.53180180460472759,-0.11556509131076886
829,323,0.9999995357215421,-4.64278565729203e-07,4.64278565729203e-07,0.99999952667784808,-4.7332226394309417e-07,4.7332226394309417e-07,-9.0436982138911728e-09
830,502,0.99975335098392837,-0.00024667943894279414,0.00024667943894279414,0.99975253123870278,-0.00024749938674380266,0.00024749938674380266,-8.1994780100851485e-07
831,18112,0.97125826580729813,-0.029162866852789231,0.029162866852789231,0.97332718121309336,-0.027034993079374299,0.027034993079374299,0.0021278737734149317
832,13,0.99934733304535373,-0.00065288003444160083,0.00065288003444160083,0.9993515425094005,-0.00064866783009376501,0.00064866783009376501,4.212204347835819e-06
833,4815,0.0048648344334356174,-5.3257225961050612,5.3257225961050612,0.0058715147123654596,-5.1376426354370865,5.1376426354370865,0.18807996066797461
834,32812,0.1694263475187967,-1.7753369745089467,1.7753369745089467,0.16636763748036978,-1.7935552558057957,1.7935552558057957,-0.018218281296848993
835,512,0.58136662998804811,-0.54237368846596234,0.54237368846596234,0.48718366943692459,-0.71911408236636642,0.71911408236636642,-0.17674039390040408
836,16,0.56405312328678325,-0.57260684169490583,0.57260684169490583,0.55205966086156444,-0.59409915727445139,0.59409915727445139,-0.021492315579545562
837,13,0.99974494068957287,-0.00025509184358509272,0.00025509184358509272,0.9992581865950444,-0.00074208868466538104,0.00074208868466538104,-0.00048699684108028833
838,330,0.70136333244247795,-0.35472922031227649,0.35472922031227649,0.5870733787130098,-0.53260546064128023,0.53260546064128023,-0.17787624032900373
839,1692,0.93955199621950558,-0.062352117094338598,0.062352117094338598,0.95480228558190672,-0.046250990739528229,0.046250990739528229,0.016101126354810369
840,10746,0.99986530148913566,-0.0001347075835234334,0.0001347075835234334,0.99980875613338505,-0.00019126215605513224,0.00019126215605513224,-5.6554572531698836e-05
841,3343,0.4163447294254487,-0.87624168538019753,0.87624168538019753,0.45764301179115635,-0.78166584903488057,0.78166584903488057,0.094575836345316966
842,27685,0.36020227422027279,-1.0210895324893281,1.0210895324893281,0.54843522208702022,-0.60068610635604158,0.60068610635604158,0.42040342613328652
843,13,0.77492274317997845,-0.25499194081717408,0.25499194081717408,0.77469784973114986,-0.25528219696301557,0.25528219696301557,-0.00029025614584149428
844,58891,0.60847239747939408,-0.49680372916206839,0.49680372916206839,0.6114796169493254,-0.49187365728155757,0.49187365728155757,0.0049300718805108112
845,220,0.96787838539031923,-0.032648834525644724,0.032648834525644724,0.96297393199109349,-0.037728937133895142,0.037728937133895142,-0.0050801026082504183
846,2366,0.94917397400281067,-0.052163173672527742,0.052163173672527742,0.97150484128250014,-0.028909026870316601,0.028909026870316601,0.023254146802211141
847,18,0.97410661034963875,-0.026234525118367824,0.026234525118367824,0.94418645173320925,-0.057431619910401056,0.057431619910401056,-0.031197094792033232
848,12,0.99993391375017615,-6.608843361631612e-05,6.608843361631612e-05,0.99992568278194749,-7.4319979713756632e-05,7.4319979713756632e-05,-8.2315460974405119e-06
849,2437,0.77225750387964609,-0.25843723032596577,0.25843723032596577,0.84779754720923139,-0.16511341319207015,0.16511341319207015,0.09332381713389562
850,12,0.99998686176154095,-1.3138324766475604e-05,1.3138324766475604e-05,0.99998714975742653,-1.2850325138597202e-05,1.2850325138597202e-05,2.8799962787840203e-07
851,508,0.85622570438740553,-0.15522126424633048,0.15522126424633048,0.93039854876574501,-0.072142237574959703,0.072142237574959703,0.083079026671370779
852,627,0.9941770722747143,-0.0058399470693655149,0.0058399470693655149,0.99132228324166682,-0.0087155873886395861,0.0087155873886395861,-0.0028756403192740712
853,17,0.99992500546072827,-7.4997351502844206e-05,7.4997351502844206e-05,0.99992960774970052,-7.0394727950219029e-05,7.0394727950219029e-05,4.6026235526251777e-06
854,13,0.99997728442566869,-2.2715832333851596e-05,2.2715832333851596e-05,0.99997677757910564,-2.3222690538986797e-05,2.3222690538986797e-05,-5.0685820513520009e-07
855,330,0.99706785227561789,-0.0029364548910807038,0.0029364548910807038,0.9988737139790137,-0.0011269207577283694,0.0011269207577283694,0.0018095341333523344
856,13730,0.6053073096035495,-0.50201900015617151,0.50201900015617151,0.82040697281038399,-0.19795475353872349,0.19795475353872349,0.30406424661744802
857,315,0.99998134165904395,-1.8658515025055149e-05,1.8658515025055149e-05,0.99998988055384685,-1.0119497355055244e-05,1.0119497355055244e-05,8.5390176699999041e-06
858,57664,0.99976587863132282,-0.0002341487793631823,0.0002341487793631823,0.99990629784860863,-9.370654171224578e-05,9.370654171224578e-05,0.00014044223765093654
859,3343,0.99965529036811784,-0.00034476905790422219,0.00034476905790422219,0.99977837342498033,-0.00022165113781833079,0.00022165113781833079,0.00012311792008589141
860,57664,0.3054409175718682,-1.1859989149106387,1.1859989149106387,0.37745898392447436,-0.97429336805179512,0.97429336805179512,0.21170554685884357
861,52652,0.25237971331221026,-1.3768205266950559,1.3768205266950559,0.27043987439799388,-1.3077054811955247,1.3077054811955247,0.069115045499531291
862,13,0.76246131366610104,-0.2712035079632989,0.2712035079632989,0.73223588060831257,-0.31165257566120524,0.31165257566120524,-0.040449067697906349
863,58891,0.99671935524850652,-0.0032860378649761366,0.0032860378649761366,0.99771169901203161,-0.0022909231496347003,0.0022909231496347003,0.00099511471534143633
864,220,0.99998378508134622,-1.621505011704451e-05,1.621505011704451e-05,0.99998346629410273,-1.6533842580536686e-05,1.6533842580536686e-05,-3.187924634921758e-07
865,2366,0.99998877646550255,-1.1223597481769115e-05,1.1223597481769115e-05,0.99999209057762706,-7.9094536525336581e-06,7.9094536525336581e-06,3.3141438292354572e-06
866,18,0.9999297602039422,-7.0242262987846069e-05,7.0242262987846069e-05,0.99993274531329779,-6.7256948400083112e-05,6.7256948400083112e-05,2.985314587762957e-06
867,12,0.99999875310808428,-1.2468926931035578e-06,1.2468926931035578e-06,0.99999805468133252,-1.9453205596534207e-06,1.9453205596534207e-06,-6.984278665498629e-07
868,2437,0.99995019328646351,-4.9807953932078694e-05,4.9807953932078694e-05,0.99996937889920379,-3.0621569631653042e-05,3.0621569631653042e-05,1.9186384300425652e-05
869,12,0.99999952335644005,-4.7664367351159858e-07,4.7664367351159858e-07,0.99999810294209424,-1.8970597051332553e-06,1.8970597051332553e-06,-1.4204160316216568e-06
870,508,0.9999494634863868,-5.0537790625833866e-05,5.0537790625833866e-05,0.99997644106976069,-2.3559207755233887e-05,2.3559207755233887e-05,2.6978582870599979e-05
871,627,0.98522988165209091,-0.0148802826515716,0.0148802826515716,0.98262337174645698,-0.017529373914283945,0.017529373914283945,-0.0026490912627123442
872,18,0.99989402140787287,-0.00010598420825487655,0.00010598420825487655,0.99993722893527082,-6.2773034914964031e-05,6.2773034914964031e-05,4.3211173339912523e-05
873,13,0.99997365466062815,-2.6345686416428738e-05,2.6345686416428738e-05,0.99997995788383531,-2.0042317010564953e-05,2.0042317010564953e-05,6.3033694058637851e-06
874,330,0.99975850430234625,-0.00024152486243524685,0.00024152486243524685,0.99985970492469245,-0.00014030491758217824,0.00014030491758217824,0.00010121994485306861
875,1692,0.92602401851537897,-0.076855106750764166,0.076855106750764166,0.96205875353540171,-0.038679755820268974,0.038679755820268974,0.038175350930495192
876,10746,0.99994742836157391,-5.2573020363061965e-05,5.2573020363061965e-05,0.99994533631870386,-5.4665175409613598e-05,5.4665175409613598e-05,-2.0921550465516334e-06
877,25,0.78997984810316868,-0.23574784257658929,0.23574784257658929,0.76151166905442591,-0.27244978298963907,0.27244978298963907,-0.036701940413049777
878,362,0.94417284272125168,-0.05744603349366123,0.05744603349366123,0.86274020164070508,-0.14764167419317056,0.14764167419317056,-0.090195640699509333
879,37618,0.56180525157048333,-0.57660001659761451,0.57660001659761451,0.53325863137136409,-0.62874873541124976,0.62874873541124976,-0.052148718813635253
880,11346,0.99995517744066087,-4.4823563900025301e-05,4.4823563900025301e-05,0.99995664108306492,-4.33598569600972e-05,4.33598569600972e-05,1.4637069399281016e-06
881,3343,0.99918119894395929,-0.00081913645672216826,0.00081913645672216826,0.99972744197059538,-0.00027259518009492876,0.00027259518009492876,0.00054654127662723956
882,57281,0.62379889120264842,-0.47192725229855437,0.47192725229855437,0.69902300686186813,-0.35807162332450287,0.35807162332450287,0.11385562897405149
883,11346,0.26396633958543808,-1.3319336855351473,1.3319336855351473,0.24310503422370841,-1.4142616894264779,1.4142616894264779,-0.082328003891330548
884,13,0.98928740380743707,-0.01077038916357744,0.01077038916357744,0.99071562440590721,-0.0093277440505920607,0.0093277440505920607,0.0014426451129853791
885,58891,0.99930765493424945,-0.00069258484727629664,0.00069258484727629664,0.9994237747726562,-0.00057639130890342616,0.00057639130890342616,0.00011619353837287049
886,220,0.9999768971711489,-2.3103095725566412e-05,2.3103095725566412e-05,0.9999779612092714,-2.2039033586331426e-05,2.2039033586331426e-05,1.0640621392349861e-06
887,2366,0.99999492186439687,-5.078148496907907e-06,5.078148496907907e-06,0.99999828980881666,-1.7101926457263012e-06,1.7101926457263012e-06,3.3679558511816058e-06
888,18,0.9999936233627732,-6.3766575576847206e-06,6.3766575576847206e-06,0.99999460603575641,-5.3939787911240016e-06,5.3939787911240016e-06,9.8267876656071906e-07
889,12,0.99999744729440709,-2.5527088510854438e-06,2.5527088510854438e-06,0.99999436415271081,-5.6358631706060391e-06,5.6358631706060391e-06,-3.0831543195205953e-06
890,2437,0.99997971622797466,-2.0283977743846013e-05,2.0283977743846013e-05,0.9999900679890813,-9.9320602414962997e-06,9.9320602414962997e-06,1.0351917502349713e-05
891,12,0.99999872571426707,-1.2742865448416191e-06,1.2742865448416191e-06,0.99999868894654731,-1.3110543121057647e-06,1.3110543121057647e-06,-3.6767767264145614e-08
892,508,0.99995277069599564,-4.7230419343047361e-05,4.7230419343047361e-05,0.99997810336547222,-2.1896874262611692e-05,2.1896874262611692e-05,2.5333545080435669e-05
893,627,0.4087405727465519,-0.89467462065364156,0.89467462065364156,0.51161278076898464,-0.67018722763291649,0.67018722763291649,0.22448739302072507
894,19,0.99781008425936168,-0.0021923171126226326,0.0021923171126226326,0.99947994785593131,-0.00052018741808665847,0.00052018741808665847,0.0016721296945359742
895,13,0.99994935400243956,-5.064728011227807e-05,5.064728011227807e-05,0.99996048609155641,-3.9514689138644507e-05,3.9514689138644507e-05,1.1132590973633563e-05
896,330,0.99970186337855926,-0.00029818107299852764,0.00029818107299852764,0.99988710571855743,-0.00011290065448162815,0.00011290065448162815,0.00018528041851689948
897,791,0.72934104057983729,-0.31561383664158205,0.31561383664158205,0.73517519759829264,-0.30764644409419417,0.30764644409419417,0.0079673925473878748
898,11346,0.15876289869802895,-1.8403433928689445,1.8403433928689445,0.30488365773661602,-1.1878250251891815,1.1878250251891815,0.65251836767976301
899,315,0.9999846865548957,-1.5313562356302049e-05,1.5313562356302049e-05,0.99999272909917547,-7.2709272576520309e-06,7.2709272576520309e-06,8.0426350986500181e-06
900,57664,0.9110041181451265,-0.093207861265736838,0.093207861265736838,0.98112334782267485,-0.019057090498687156,0.019057090498687156,0.074150770767049679
901,3343,0.88187461988399451,-0.12570538740676657,0.12570538740676657,0.973906627434177,-0.026439844992263414,0.026439844992263414,0.099265542414503152
902,57664,0.54089995056011075,-0.61452095150777197,0.61452095150777197,0.66922858364661841,-0.40162959762172934,0.40162959762172934,0.21289135388604263
903,41143,0.24479164567270392,-1.4073478560802979,1.4073478560802979,0.22380301072264505,-1.4969890304573328,1.4969890304573328,-0.089641174377034893
904,13581,0.87984636862622934,-0.12800796785749771,0.12800796785749771,0.88013019607754206,-0.12768543236530386,0.12768543236530386,0.00032253549219385391
905,13,0.99994964151650356,-5.0359751527412781e-05,5.0359751527412781e-05,0.99996956881151089,-3.043165152713678e-05,3.043165152713678e-05,1.9928100000276e-05
906,58891,0.99937917881951543,-0.00062101396974954056,0.00062101396974954056,0.99952867743202067,-0.00047143367537387358,0.00047143367537387358,0.00014958029437566698
907,220,0.99997567573105495,-2.4324564784907349e-05,2.4324564784907349e-05,0.99997747780573798,-2.2522447890464462e-05,2.2522447890464462e-05,1.802116894442887e-06
908,2366,0.99999239701362963,-7.6030152732470411e-06,7.6030152732470411e-06,0.99999803906788076,-1.9609340418632319e-06,1.9609340418632319e-06,5.6420812313838092e-06
909,18,0.99999231114154041,-7.6888880190546387e-06,7.6888880190546387e-06,0.99999623626496059,-3.763742122301582e-06,3.763742122301582e-06,3.9251458967530567e-06
910,12,0.99999169953739409,-8.3004970549141282e-06,8.3004970549141282e-06,0.99999390391696785,-6.0961016133778087e-06,6.0961016133778087e-06,2.2043954415363196e-06
911,2437,0.99998324076131462,-1.6759379122969533e-05,1.6759379122969533e-05,0.99998915590594051,-1.0844152857054064e-05,1.0844152857054064e-05,5.9152262659154686e-06
912,12,0.999944546981408,-5.5454556167432388e-05,5.5454556167432388e-05,0.99999539829984996,-4.6017107378827606e-06,4.6017107378827606e-06,5.085284542954963e-05
913,508,0.99998092402318561,-1.9076158763112295e-05,1.9076158763112295e-05,0.99998610944174815,-1.3890654726581355e-05,1.3890654726581355e-05,5.1855040365309393e-06
914,13,0.47893122733468146,-0.73619826738087968,0.73619826738087968,0.54978416912706651,-0.59822949754137722,0.59822949754137722,0.13796876983950246
915,4815,0.13732885442228823,-1.9853768322624898,1.9853768322624898,0.050298280044320201,-2.9897843964109665,2.9897843964109665,-1.0044075641484767
916,9290,0.56348186850141557,-0.57362012259244888,0.57362012259244888,0.6374711798896,-0.45024621098778267,0.45024621098778267,0.12337391160466621
917,25,0.98378672408548218,-0.016346149237785934,0.016346149237785934,0.98965822123529379,-0.010395626534928978,0.010395626534928978,0.0059505227028569564
918,578,0.89896765786980903,-0.10650822083083918,0.10650822083083918,0.91126240373791145,-0.092924383968192373,0.092924383968192373,0.013583836862646803
919,15407,0.81161754211212223,-0.20872605703029837,0.20872605703029837,0.68791919610219587,-0.37408389547217219,0.37408389547217219,-0.16535783844187382
920,3984,0.95126143910589811,-0.049966344537259531,0.049966344537259531,0.96797814646865055,-0.032545767922538715,0.032545767922538715,0.017420576614720816
921,527,0.99579512292169947,-0.0042137424344721019,0.0042137424344721019,0.99742807220076157,-0.0025752408874423214,0.0025752408874423214,0.0016385015470297805
922,264,0.5479254260439681,-0.60161608515574239,0.60161608515574239,0.55249135461742915,-0.59331749346391605,0.59331749346391605,0.0082985916918263403
923,6727,0.67032043210829151,-0.3999994240474482,0.3999994240474482,0.75141680444337444,-0.2857947819143094,0.2857947819143094,0.1142046421331388
924,315,0.99994230035981235,-5.7701304875947881e-05,5.7701304875947881e-05,0.99993979178766967,-6.0210024917498337e-05,6.0210024917498337e-05,-2.5087200415504558e-06
925,8336,0.4331998893453351,-0.83655601929084866,0.83655601929084866,0.43501174944826909,-0.83238223803231659,0.83238223803231659,0.0041737812585320722
926,430,0.72006940714840417,-0.32840767280087541,0.32840767280087541,0.72838693072042837,-0.3169228737382675,0.3169228737382675,0.011484799062607909
927,649,0.55431542532713529,-0.59002139446237201,0.59002139446237201,0.51746583512012623,-0.65881177511351263,0.65881177511351263,-0.068790380651140626
928,387,0.99838765549891018,-0.0016136457273564079,0.0016136457273564079,0.99843825697425992,-0.0015629638175869761,0.0015629638175869761,5.0681909769431785e-05
929,1511,0.99826415399669832,-0.0017373543297095517,0.0017373543297095517,0.99833608572350818,-0.0016653001193474288,0.0016653001193474288,7.2054210362122902e-05
930,311,0.77616072202513198,-0.25339566423271043,0.25339566423271043,0.78150712297222091,-0.2465310146743358,0.2465310146743358,0.0068646495583746248
931,4726,0.51862826685571617,-0.65656790127790787,0.65656790127790787,0.6214756679370711,-0.47565851934150488,0.47565851934150488,0.18090938193640299
932,3495,0.88540561717443766,-0.12170941448190591,0.12170941448190591,0.88503768071050914,-0.1221250578065638,0.1221250578065638,-0.00041564332465789111
933,279,0.84562450535561795,-0.16767986500257076,0.16767986500257076,0.86667006973503147,-0.14309691703103852,0.14309691703103852,0.024582947971532237
934,3925,0.98619925166213818,-0.013896864001831141,0.013896864001831141,0.99444392475140053,-0.0055715676459489917,0.0055715676459489917,0.0083252963558821495
935,315,0.99992641023180451,-7.3592476055341573e-05,7.3592476055341573e-05,0.99993349009282761,-6.6512119054297145e-05,6.6512119054297145e-05,7.0803570010444288e-06
936,57664,0.99999759888581852,-2.4011170641870925e-06,2.4011170641870925e-06,0.99999868511580459,-1.3148850599021674e-06,1.3148850599021674e-06,1.0862320042849251e-06
937,13,0.99944791607481132,-0.0005522363796333045,0.0005522363796333045,0.99944273453116783,-0.00055742079894296722,0.00055742079894296722,-5.1844193096627121e-06
938,2435,0.88118298747707735,-0.1264899703262452,0.1264899703262452,0.80712784996121745,-0.21427319703821832,0.21427319703821832,-0.087783226711973111
939,527,0.83667297776430971,-0.17832199240827321,0.17832199240827321,0.83231524987669692,-0.18354400382591829,0.18354400382591829,-0.0052220114176450838
940,539,0.87749989893255231,-0.13067843881870134,0.13067843881870134,0.87464453000758624,-0.13393772658688827,0.13393772658688827,-0.0032592877681869303
941,459,0.65771085759586456,-0.4189898703788843,0.4189898703788843,0.69509644682910787,-0.36370467062936329,0.36370467062936329,0.055285199749521008
942,73603,0.99997833695169203,-2.1663282955188027e-05,2.1663282955188027e-05,0.99997796097149139,-2.2039271371544777e-05,2.2039271371544777e-05,-3.7598841635674973e-07
943,1160,0.99999675725089066,-3.2427543670882747e-06,3.2427543670882747e-06,0.99999706080289896,-2.9392014204479663e-06,2.9392014204479663e-06,3.0355294664030834e-07
944,323,0.45129299727050276,-0.79563848906437706,0.79563848906437706,0.54645621974276026,-0.60430108483481615,0.60430108483481615,0.19133740422956091
945,527,0.89431911601629133,-0.11169261446284513,0.11169261446284513,0.88736861057129623,-0.11949481301893253,0.11949481301893253,-0.0078021985560873947
946,10825,0.59833682337626359,-0.51360143380404844,0.51360143380404844,0.56427494031794545,-0.57221366343199687,0.57221366343199687,-0.058612229627948431
947,311,0.99937662743102285,-0.00062356694644091998,0.00062356694644091998,0.99956702691195309,-0.00043306684795899487,0.00043306684795899487,0.00019050009848192511
948,3493,0.97012973163726701,-0.030325472471688639,0.030325472471688639,0.96918678122087065,-0.03129792898866722,0.03129792898866722,-0.00097245651697858149
949,264,0.99855867231177009,-0.0014423674001461347,0.0014423674001461347,0.99882433683769822,-0.0011763547963763138,0.0011763547963763138,0.00026601260376982096
950,6041,0.99929533906909362,-0.00070490932111420422,0.00070490932111420422,0.9993533098245817,-0.00064689936970395315,0.00064689936970395315,5.8009951410251072e-05
951,1486,0.99999796200352142,-2.0379985553114999e-06,2.0379985553114999e-06,0.99999770297604773,-2.2970265904363764e-06,2.2970265904363764e-06,-2.5902803512487651e-07
952,369,0.99999985142834846,-1.4857166259370096e-07,1.4857166259370096e-07,0.99999987678744928,-1.2321255833717623e-07,1.2321255833717623e-07,2.5359104256524738e-08
953,4726,0.9831690113659477,-0.0169742393658028,0.0169742393658028,0.9889177081664392,-0.011144157933119157,0.011144157933119157,0.0058300814326836432
954,3495,0.45117649704111806,-0.79589667004615239,0.79589667004615239,0.44678570408885376,-0.80567620851909383,0.80567620851909383,-0.0097795384729414403
955,13,0.99745361430562274,-0.0025496332486180441,0.0025496332486180441,0.99803601856914492,-0.0019659125712823667,0.0019659125712823667,0.00058372067733567738
956,4815,0.31007475341765928,-1.1709418705155701,1.1709418705155701,0.11016713901186558,-2.2057566208167239,2.2057566208167239,-1.0348147503011538
957,2028,0.15942524998815052,-1.8361801187208706,1.8361801187208706,0.17623733732137536,-1.7359236848558379,1.7359236848558379,0.10025643386503269
958,2077,0.56214451692419942,-0.57599631459325451,0.57599631459325451,0.38193316435986646,-0.96250964809199624,0.96250964809199624,-0.38651333349874173
959,374,0.48031132079107114,-0.73332080033914038,0.73332080033914038,0.48272133598596639,-0.72831573595430443,0.72831573595430443,0.0050050643848359444
960,3196,0.67663720628697122,-0.39062003406913764,0.39062003406913764,0.79696906186831784,-0.22693941917834554,0.22693941917834554,0.16368061489079211
961,389,0.99900650377286193,-0.00099399007163026112,0.00099399007163026112,0.99866259906849997,-0.0013382960503033339,0.0013382960503033339,-0.00034430597867307275
962,279,0.52682686928533617,-0.64088330569590901,0.64088330569590901,0.8240845360958059,-0.19348216198562151,0.19348216198562151,0.4474011437102875
963,3984,0.092359416963214203,-2.3820676071704425,2.3820676071704425,0.45218209038737728,-0.79367032543479965,0.79367032543479965,1.5883972817356429
964,1495,0.42124729237190511,-0.86453522494000878,0.86453522494000878,0.9386769102522915,-0.06328393752103717,0.06328393752103717,0.80125128741897167
965,323,0.88872315839414096,-0.11796949984634142,0.11796949984634142,0.93940448454615022,-0.062509131559727801,0.062509131559727801,0.055460368286613618
966,1587,0.46534005024332398,-0.76498684981178333,0.76498684981178333,0.48245031569521879,-0.72887733615754025,0.72887733615754025,0.036109513654243086
967,539,0.99991634531154705,-8.3658187701583488e-05,8.3658187701583488e-05,0.9999747092043012,-2.529111551640026e-05,2.529111551640026e-05,5.8367072185183224e-05
968,2997,0.69192942224563447,-0.36827131954041725,0.36827131954041725,0.81013248605218613,-0.21055748166323585,0.21055748166323585,0.15771383787718141
969,904,0.85637032715939554,-0.1550523712094791,0.1550523712094791,0.7976417449091483,-0.2260957235532137,0.2260957235532137,-0.0710433523437346
970,5217,0.49900627892328303,-0.6951366002971926,0.6951366002971926,0.47171003460389693,-0.75139081564302557,0.75139081564302557,-0.05625421534583297
971,2038,0.94380291643658432,-0.057837909594407801,0.057837909594407801,0.90076107532781746,-0.10451523375612297,0.10451523375612297,-0.046677324161715168
972,477,0.60787758475025189,-0.49778175815906067,0.49778175815906067,0.69352795169346759,-0.36596373478574723,0.36596373478574723,0.13181802337331344
973,8336,0.1337039782999917,-2.0121270398943976,2.0121270398943976,0.22116789350100813,-1.5088331667900925,1.5088331667900925,0.50329387310430507
974,430,0.40379296352693606,-0.9068529988943167,0.9068529988943167,0.41426351162801267,-0.88125300612105928,0.88125300612105928,0.025599992773257418
975,1253,0.85965552220518948,-0.15122352555375798,0.15122352555375798,0.91326801626022847,-0.090725885868998976,0.090725885868998976,0.060497639684759005
976,387,0.62592716971108697,-0.46852125696488811,0.46852125696488811,0.69058387026156975,-0.37021785042183919,0.37021785042183919,0.098303406543048921
977,2561,0.61187377555939682,-0.49122926682803159,0.49122926682803159,0.82853069574852067,-0.18810139301485651,0.18810139301485651,0.30312787381317507
978,13,0.93333088337519721,-0.068995496445542454,0.068995496445542454,0.93502997639243113,-0.067176689894610356,0.067176689894610356,0.0018188065509320978
979,1442,0.49837292102375214,-0.69640664479922165,0.69640664479922165,0.45769304079292567,-0.78155653617283849,0.78155653617283849,-0.085149891373616837
980,499,0.99703744602441191,-0.0029669510250955691,0.0029669510250955691,0.99858130246784904,-0.0014197048363142086,0.0014197048363142086,0.0015472461887813605
981,617,0.49247759471537811,-0.70830631236852903,0.70830631236852903,0.67208547399158813,-0.39736975310752387,0.39736975310752387,0.31093655926100516
982,904,0.99879814563238833,-0.0012025771737686399,0.0012025771737686399,0.99904084049823427,-0.00095961978959042808,0.00095961978959042808,0.00024295738417821184
983,3230,0.81590389136662422,-0.2034587111426216,0.2034587111426216,0.86658408321585223,-0.14319613677801374,0.14319613677801374,0.060262574364607857
984,4860,0.99279701323081526,-0.0072290535261447528,0.0072290535261447528,0.99810676083592276,-0.0018950336065736567,0.0018950336065736567,0.0053340199195710961
985,477,0.9972418961155437,-0.0027619144612322328,0.0027619144612322328,0.99922411232374309,-0.00077618883288592226,0.00077618883288592226,0.0019857256283463106
986,1053,0.39660203465096633,-0.92482193267519275,0.92482193267519275,0.44941031091222106,-0.79981897576420269,0.79981897576420269,0.12500295691099006
987,1093,0.99999855620439537,-1.4437966469074664e-06,1.4437966469074664e-06,0.99999901874560526,-9.8125487620421227e-07,9.8125487620421227e-07,4.6254177070325411e-07
988,4726,0.36615589917961217,-1.0046960822307849,1.0046960822307849,0.55582226881680152,-0.58730669623526743,0.58730669623526743,0.41738938599551745
989,64784,0.8164455344546222,-0.20279507491460705,0.20279507491460705,0.88292468500054666,-0.12451537646607248,0.12451537646607248,0.078279698448534565
990,389,0.82999171716930209,-0.18633955755538095,0.18633955755538095,0.92407087341731076,-0.078966507449377304,0.078966507449377304,0.10737305010600365
991,904,0.99637283167604274,-0.0036337624491461504,0.0036337624491461504,0.99829748108038796,-0.0017039698520082418,0.0017039698520082418,0.0019297925971379086
992,315,0.76951255160088228,-0.2619980144640654,0.2619980144640654,0.76729394002182238,-0.26488531762480189,0.26488531762480189,-0.0028873031607364874
993,279,0.99998477865170987,-1.5221464136053777e-05,1.5221464136053777e-05,0.9999978775953724,-2.1224068799143169e-06,2.1224068799143169e-06,1.309905725613946e-05
994,3585,0.99086821668977565,-0.0091737336261977376,0.0091737336261977376,0.99146231025295251,-0.0085743446011195979,0.0085743446011195979,0.00059938902507813974
995,9932,0.92726145356395295,-0.075519710503280504,0.075519710503280504,0.91170528208419999,-0.092438496743261142,0.092438496743261142,-0.016918786239980638
996,11,0.96219489521709256,-0.038538255055017706,0.038538255055017706,0.97907995103910983,-0.021141973760466549,0.021141973760466549,0.017396281294551157
997,4587,0.92885884465512825,-0.073798495033491313,0.073798495033491313,0.93642815788518396,-0.065682473457400178,0.065682473457400178,0.0081160215760911342
998,1095,0.87366252699588309,-0.13506110261061499,0.13506110261061499,0.87730989471870746,-0.1308949913080649,0.1308949913080649,0.0041661113025500962
999,757,0.99999252727822197,-7.4727496989687085e-06,7.4727496989687085e-06,0.99999813702927376,-1.8629724615746769e-06,1.8629724615746769e-06,5.6097772373940316e-06
1000,1440,0.99996889026854296,-3.1110215374736964e-05,3.1110215374736964e-05,0.99997766738963012,-2.233285974630245e-05,2.233285974630245e-05,8.7773556284345148e-06
1001,13,0.64569629520593896,-0.43742601700604145,0.43742601700604145,0.75445929136587253,-0.28175395668195119,0.28175395668195119,0.15567206032409026
1002,4815,0.47834638671501517,-0.73742015052918819,0.73742015052918819,0.35075672655462803,-1.0476623825508735,1.0476623825508735,-0.31024223202168533
1003,13699,0.33324391630879951,-1.098880575727466,1.098880575727466,0.43408405575498915,-0.83451708677985925,0.83451708677985925,0.26436348894760675
1004,11,0.98157851977285726,-0.018593268696856159,0.018593268696856159,0.98323418122099071,-0.016907956056954894,0.016907956056954894,0.0016853126399012652
1005,4587,0.72343223998994322,-0.32374839315015025,0.32374839315015025,0.71393044647718218,-0.33696973528509849,0.33696973528509849,-0.013221342134948244
1006,5296,0.98715517556058063,-0.012928032493383137,0.012928032493383137,0.99294299785902018,-0.0070820205533964299,0.0070820205533964299,0.0058460119399867073
1007,430,0.99996666626603659,-3.3334289544630002e-05,3.3334289544630002e-05,0.99997309289532721,-2.6907466675401991e-05,2.6907466675401991e-05,6.4268228692280101e-06
1008,279,0.93275845888415043,-0.069608998163855754,0.069608998163855754,0.91031582237196773,-0.093963682130169937,0.093963682130169937,-0.024354683966314183
1009,1495,0.057581273445206485,-2.8545578779397385,2.8545578779397385,0.25146216638374697,-1.3804627326321219,1.3804627326321219,1.4740951453076165
1010,3984,0.33212109072932783,-1.1022556454514387,1.1022556454514387,0.36515453062032144,-1.0074346434335735,1.0074346434335735,0.094821002017865252
1011,374,0.58088072299556903,-0.54320983925527877,0.54320983925527877,0.50370711849476479,-0.68576029392069593,0.68576029392069593,-0.14255045466541716
1012,264,0.77961089917151916,-0.24896033098016782,0.24896033098016782,0.87893206369461307,-0.12904767245834653,0.12904767245834653,0.11991265852182129
1013,4689,0.68976937389138959,-0.37139797799883362,0.37139797799883362,0.37635241347877735,-0.97722930466503777,0.97722930466503777,-0.6058313266662041
1014,24131,0.85723548473315814,-0.15404262014389838,0.15404262014389838,0.85597833409269652,-0.15551021380008778,0.15551021380008778,-0.0014675936561893976
1015,315,0.99594890780090983,-0.0040593201019396268,0.0040593201019396268,0.99931745547366946,-0.00068277756589175682,0.00068277756589175682,0.0033765425360478699
1016,279,0.93603937742653687,-0.066097733489312263,0.066097733489312263,0.95113489674644658,-0.050099379233819165,0.050099379233819165,0.015998354255493098
1017,3925,0.99911320488686228,-0.00088718854853901718,0.00088718854853901718,0.99969553207773021,-0.00030451428203786613,0.00030451428203786613,0.00058267426650115105
1018,315,0.99999466592736252,-5.3340868636710743e-06,5.3340868636710743e-06,0.99999691700720406,-3.0829975483436836e-06,3.0829975483436836e-06,2.2510893153273908e-06
1019,57664,0.99996696303746679,-3.3037508265628752e-05,3.3037508265628752e-05,0.99999332708174915,-6.6729405148914491e-06,6.6729405148914491e-06,2.6364567750737303e-05
1020,323,0.71840930530440983,-0.33071580926009186,0.33071580926009186,0.69198315453445214,-0.36819366681907312,0.36819366681907312,-0.037477857558981253
1021,1253,0.91178125370561713,-0.092355171070194794,0.092355171070194794,0.95202513397221478,-0.049163843307960066,0.049163843307960066,0.043191327762234728
1022,539,0.997213278684425,-0.0027906114522523715,0.0027906114522523715,0.99205145754671709,-0.0079803005156646838,0.0079803005156646838,-0.0051896890634123127
1023,387,0.51252493720422443,-0.6684059111938716,0.6684059111938716,0.53995979967463903,-0.61626058724195176,0.61626058724195176,0.052145323951919842
