token_index,token_id,probability,logprob,nll,reference_probability,reference_logprob,reference_nll,nll_drift
0,1692,0.68149109085317183,-0.38347210078034449,0.38347210078034449,0.68149109085317183,-0.38347210078034449,0.38347210078034449,0
1,10746,0.99985389912084421,-0.00014611155292883736,0.00014611155292883736,0.99985389912084421,-0.00014611155292883736,0.00014611155292883736,0
2,374,0.50814011649621138,-0.67699804956053178,0.67699804956053178,0.50814011649621138,-0.67699804956053178,0.67699804956053178,0
3,279,0.83926685128786027,-0.17522656433893147,0.17522656433893147,0.83926685128786027,-0.17522656433893147,0.17522656433893147,0
4,6864,0.99994012703615798,-5.9874756299444874e-05,5.9874756299444874e-05,0.99994012703615798,-5.9874756299444874e-05,5.9874756299444874e-05,0
5,3363,0.9987246464428241,-0.0012761675126514503,0.0012761675126514503,0.9987246464428241,-0.0012761675126514503,0.0012761675126514503,0
6,315,0.99998608375436393,-1.3916342467966598e-05,1.3916342467966598e-05,0.99998608375436393,-1.3916342467966598e-05,1.3916342467966598e-05,0
7,279,0.99999220844905534,-7.7915812989809359e-06,7.7915812989809359e-06,0.99999220844905534,-7.7915812989809359e-06,7.7915812989809359e-06,0
8,26363,0.99999554125235379,-4.4587575864749598e-06,4.4587575864749598e-06,0.99999554125235379,-4.4587575864749598e-06,4.4587575864749598e-06,0
9,11,0.96319633101754754,-0.037498013594358275,0.037498013594358275,0.96319633101754754,-0.037498013594358275,0.037498013594358275,0
10,18538,0.99551855869077777,-0.0044915130692582449,0.0044915130692582449,0.99551855869077777,-0.0044915130692582449,0.0044915130692582449,0
11,389,0.96700646786862032,-0.033550094959049585,0.033550094959049585,0.96700646786862032,-0.033550094959049585,0.033550094959049585,0
12,5651,0.99998789945358968,-1.2100619622511085e-05,1.2100619622511085e-05,0.99998789945358968,-1.2100619622511085e-05,1.2100619622511085e-05,0
13,220,0.99999814364137241,-1.8563603505776721e-06,1.8563603505776721e-06,0.99999814364137241,-1.8563603505776721e-06,1.8563603505776721e-06,0
14,1187,0.99999090167715687,-9.0983642331120143e-06,9.0983642331120143e-06,0.99999090167715687,-9.0983642331120143e-06,9.0983642331120143e-06,0
15,11,0.99999655320736125,-3.4467985789189908e-06,3.4467985789189908e-06,0.99999655320736125,-3.4467985789189908e-06,3.4467985789189908e-06,0
16,220,0.99999347698287766,-6.5230383973529513e-06,6.5230383973529513e-06,0.99999347698287766,-6.5230383973529513e-06,6.5230383973529513e-06,0
17,10895,0.9999998661034234,-1.338965855144515e-07,1.338965855144515e-07,0.9999998661034234,-1.338965855144515e-07,1.338965855144515e-07,0
18,16,0.99999975651087381,-2.4348915583729612e-07,2.4348915583729612e-07,0.99999975651087381,-2.4348915583729612e-07,2.4348915583729612e-07,0
19,11,0.96607675751152278,-0.0345119888046687,0.0345119888046687,0.96607675751152278,-0.0345119888046687,0.0345119888046687,0
20,555,0.99999201625182943,-7.9837800409039749e-06,7.9837800409039749e-06,0.99999201625182943,-7.9837800409039749e-06,7.9837800409039749e-06,0
21,15506,0.99976594028929278,-0.00023408710695630377,0.00023408710695630377,0.99976594028929278,-0.00023408710695630377,0.00023408710695630377,0
22,39879,0.99928380646989823,-0.00071645011920704906,0.00071645011920704906,0.99928380646989823,-0.00071645011920704906,0.00071645011920704906,0
23,380,0.99999879715361883,-1.2028471045870782e-06,1.2028471045870782e-06,0.99999879715361883,-1.2028471045870782e-06,1.2028471045870782e-06,0
24,5477,0.99998486614941184,-1.5133965106028905e-05,1.5133965106028905e-05,0.99998486614941184,-1.5133965106028905e-05,1.5133965106028905e-05,0
25,46991,0.99999485769317487,-5.1423200467870181e-06,5.1423200467870181e-06,0.99999485769317487,-5.1423200467870181e-06,5.1423200467870181e-06,0
26,92075,0.9998823555709393,-0.00011765134970935153,0.00011765134970935153,0.9998823555709393,-0.00011765134970935153,0.00011765134970935153,0
27,409,0.99999789048574306,-2.1095164820182148e-06,2.1095164820182148e-06,0.99999789048574306,-2.1095164820182148e-06,2.1095164820182148e-06,0
28,7765,0.99999384247121048,-6.1575477472313251e-06,6.1575477472313251e-06,0.99999384247121048,-6.1575477472313251e-06,6.1575477472313251e-06,0
29,1394,0.99995547767487414,-4.4523316274053822e-05,4.4523316274053822e-05,0.99995547767487414,-4.4523316274053822e-05,4.4523316274053822e-05,0
30,2554,0.99999874738452255,-1.2526162620080453e-06,1.2526162620080453e-06,0.99999874738452255,-1.2526162620080453e-06,1.2526162620080453e-06,0
31,13,0.99980762272795165,-0.0001923957789292828,0.0001923957789292828,0.99980762272795165,-0.0001923957789292828,0.0001923957789292828,0
32,1102,0.99505394308990203,-0.004958329132373227,0.004958329132373227,0.99505394308990203,-0.004958329132373227,0.004958329132373227,0
33,374,0.99646411101826515,-0.0035421550121996497,0.0035421550121996497,0.99646411101826515,-0.0035421550121996497,0.0035421550121996497,0
34,832,0.99967575220989358,-0.0003243003697873479,0.0003243003697873479,0.99967575220989358,-0.0003243003697873479,0.0003243003697873479,0
35,315,0.99999755513706401,-2.4448659246333889e-06,2.4448659246333889e-06,0.99999755513706401,-2.4448659246333889e-06,2.4448659246333889e-06,0
36,279,0.99999900993940416,-9.9006108594543957e-07,9.9006108594543957e-07,0.99999900993940416,-9.9006108594543957e-07,9.9006108594543957e-07,0
37,24417,0.99999200145571732,-7.9985762712549958e-06,7.9985762712549958e-06,0.99999200145571732,-7.9985762712549958e-06,7.9985762712549958e-06,0
38,9919,0.99999283106313963,-7.1689625572955873e-06,7.1689625572955873e-06,0.99999283106313963,-7.1689625572955873e-06,7.1689625572955873e-06,0
39,304,0.99999910299486305,-8.970055392151644e-07,8.970055392151644e-07,0.99999910299486305,-8.970055392151644e-07,8.970055392151644e-07,0
40,279,0.99999884163322839,-1.1583674425219058e-06,1.1583674425219058e-06,0.99999884163322839,-1.1583674425219058e-06,1.1583674425219058e-06,0
41,3224,0.99951496816769669,-0.00048514949829188918,0.00048514949829188918,0.99951496816769669,-0.00048514949829188918,0.00048514949829188918,0
42,323,0.99856947402100549,-0.001431550158142611,0.001431550158142611,0.99856947402100549,-0.001431550158142611,0.001431550158142611,0
43,574,0.999056279248551,-0.00094416633623781903,0.00094416633623781903,0.999056279248551,-0.00094416633623781903,0.00094416633623781903,0
44,279,0.99992843888490712,-7.1563675711621455e-05,7.1563675711621455e-05,0.99992843888490712,-7.1563675711621455e-05,7.1563675711621455e-05,0
45,10954,0.9999937306625849,-6.2693570675316367e-06,6.2693570675316367e-06,0.9999937306625849,-6.2693570675316367e-06,6.2693570675316367e-06,0
46,315,0.99999913041087185,-8.6958950622944381e-07,8.6958950622944381e-07,0.99999913041087185,-8.6958950622944381e-07,8.6958950622944381e-07,0
47,2410,0.99999600042015102,-3.9995878472652309e-06,3.9995878472652309e-06,0.99999600042015102,-3.9995878472652309e-06,3.9995878472652309e-06,0
48,369,0.99999259392467632,-7.4061027487791368e-06,7.4061027487791368e-06,0.99999259392467632,-7.4061027487791368e-06,7.4061027487791368e-06,0
49,1455,0.99999161138596415,-8.3886492205197647e-06,8.3886492205197647e-06,0.99999161138596415,-8.3886492205197647e-06,8.3886492205197647e-06,0
50,315,0.9999961122690556,-3.8877385015964296e-06,3.8877385015964296e-06,0.9999961122690556,-3.8877385015964296e-06,3.8877385015964296e-06,0
51,279,0.99999312430198972,-6.8757216479665547e-06,6.8757216479665547e-06,0.99999312430198972,-6.8757216479665547e-06,6.8757216479665547e-06,0
52,37683,0.99993138308055241,-6.8619273696110915e-05,6.8619273696110915e-05,0.99993138308055241,-6.8619273696110915e-05,6.8619273696110915e-05,0
53,5718,0.99335221470551827,-0.0066699802386444617,0.0066699802386444617,0.99335221470551827,-0.0066699802386444617,0.0066699802386444617,0
54,315,0.99995432865764533,-4.5672385322132998e-05,4.5672385322132998e-05,0.99995432865764533,-4.5672385322132998e-05,4.5672385322132998e-05,0
55,279,0.99999796000826557,-2.0399938151972262e-06,2.0399938151972262e-06,0.99999796000826557,-2.0399938151972262e-06,2.0399938151972262e-06,0
56,26363,0.9999890332526733,-1.0966807461953225e-05,1.0966807461953225e-05,0.9999890332526733,-1.0966807461953225e-05,1.0966807461953225e-05,0
57,13,0.97493779411252801,-0.02538161092988225,0.02538161092988225,0.97493779411252801,-0.02538161092988225,0.02538161092988225,0
58,57664,0.83436845869737919,-0.18108017718769442,0.18108017718769442,0.83436845869737919,-0.18108017718769442,0.18108017718769442,0
59,374,0.99643698144057335,-0.0035693812280877544,0.0035693812280877544,0.99643698144057335,-0.0035693812280877544,0.0035693812280877544,0
60,31183,0.92415651400037835,-0.07887383423858961,0.07887383423858961,0.92415651400037835,-0.07887383423858961,0.07887383423858961,0
61,389,0.99999514120519928,-4.858806604706222e-06,4.858806604706222e-06,0.99999514120519928,-4.858806604706222e-06,4.858806604706222e-06,0
62,279,0.9999989331949023,-1.066805666756992e-06,1.066805666756992e-06,0.9999989331949023,-1.066805666756992e-06,1.066805666756992e-06,0
63,24024,0.99997427630223246,-2.5724028627556244e-05,2.5724028627556244e-05,0.99997427630223246,-2.5724028627556244e-05,2.5724028627556244e-05,0
64,31284,0.99999430806484124,-5.6919513578784938e-06,5.6919513578784938e-06,0.99999430806484124,-5.6919513578784938e-06,5.6919513578784938e-06,0
65,315,0.99999935403646911,-6.459637394747192e-07,6.459637394747192e-07,0.99999935403646911,-6.459637394747192e-07,6.459637394747192e-07,0
66,57664,0.99999626617180115,-3.7338351695919957e-06,3.7338351695919957e-06,0.99999626617180115,-3.7338351695919957e-06,3.7338351695919957e-06,0
67,9332,0.99999745741509438,-2.5425881379558967e-06,2.5425881379558967e-06,0.99999745741509438,-2.5425881379558967e-06,2.5425881379558967e-06,0
68,323,0.99993006497681269,-6.9937468755040377e-05,6.9937468755040377e-05,0.99993006497681269,-6.9937468755040377e-05,6.9937468755040377e-05,0
69,5727,0.99990166250830426,-9.8342327143845367e-05,9.8342327143845367e-05,0.99990166250830426,-9.8342327143845367e-05,9.8342327143845367e-05,0
70,264,0.99994760669459115,-5.2394677986023226e-05,5.2394677986023226e-05,0.99994760669459115,-5.2394677986023226e-05,5.2394677986023226e-05,0
71,49068,0.99993169701748985,-6.8305315265102521e-05,6.8305315265102521e-05,0.99993169701748985,-6.8305315265102521e-05,6.8305315265102521e-05,0
72,315,0.99999660900313925,-3.3910026102096984e-06,3.3910026102096984e-06,0.99999660900313925,-3.3910026102096984e-06,3.3910026102096984e-06,0
73,61024,0.99991689118314064,-8.3112270588471551e-05,8.3112270588471551e-05,0.99991689118314064,-8.3112270588471551e-05,8.3112270588471551e-05,0
74,11,0.99993598225131797,-6.4019797905550495e-05,6.4019797905550495e-05,0.99993598225131797,-6.4019797905550495e-05,6.4019797905550495e-05,0
75,1063,0.99987818704508968,-0.00012182037471088589,0.00012182037471088589,0.99987818704508968,-0.00012182037471088589,0.00012182037471088589,0
76,315,0.99997988213523137,-2.0118067135539613e-05,2.0118067135539613e-05,0.99997988213523137,-2.0118067135539613e-05,2.0118067135539613e-05,0
77,902,0.99999773597905584,-2.2640235070504185e-06,2.2640235070504185e-06,0.99999773597905584,-2.2640235070504185e-06,2.2640235070504185e-06,0
78,2457,0.99999712631558979,-2.8736885392235567e-06,2.8736885392235567e-06,0.99999712631558979,-2.8736885392235567e-06,2.8736885392235567e-06,0
79,1203,0.99999933039187783,-6.6960834640378781e-07,6.6960834640378781e-07,0.99999933039187783,-6.6960834640378781e-07,6.6960834640378781e-07,0
80,311,0.99999938345851325,-6.1654167683166875e-07,6.1654167683166875e-07,0.99999938345851325,-6.1654167683166875e-07,6.1654167683166875e-07,0
81,279,0.99999837506555822,-1.6249357620141688e-06,1.6249357620141688e-06,0.99999837506555822,-1.6249357620141688e-06,1.6249357620141688e-06,0
82,220,0.99999767832620523,-2.3216764898093894e-06,2.3216764898093894e-06,0.99999767832620523,-2.3216764898093894e-06,2.3216764898093894e-06,0
83,845,0.99999673422889934,-3.2657764332506465e-06,3.2657764332506465e-06,0.99999673422889934,-3.2657764332506465e-06,3.2657764332506465e-06,0
84,339,0.99999777640470755,-2.223597764632763e-06,2.223597764632763e-06,0.99999777640470755,-2.223597764632763e-06,2.223597764632763e-06,0
85,9478,0.99998456997545859,-1.5430143585455608e-05,1.5430143585455608e-05,0.99998456997545859,-1.5430143585455608e-05,1.5430143585455608e-05,0
86,11,0.99725328471624231,-0.002750494427924347,0.002750494427924347,0.99725328471624231,-0.002750494427924347,0.002750494427924347,0
87,1778,0.99999116939484733,-8.8306441427015635e-06,8.8306441427015635e-06,0.99999116939484733,-8.8306441427015635e-06,8.8306441427015635e-06,0
88,439,0.99999971888100814,-2.8111903139670396e-07,2.8111903139670396e-07,0.99999971888100814,-2.8111903139670396e-07,2.8111903139670396e-07,0
89,279,0.99999795679145453,-2.0432106327701526e-06,2.0432106327701526e-06,0.99999795679145453,-2.0432106327701526e-06,2.0432106327701526e-06,0
90,15506,0.99988904970266468,-0.00011095645277483513,0.00011095645277483513,0.99988904970266468,-0.00011095645277483513,0.00011095645277483513,0
91,37683,0.999933039008989,-6.6963232998224083e-05,6.6963232998224083e-05,0.999933039008989,-6.6963232998224083e-05,6.6963232998224083e-05,0
92,11639,0.99441824388626687,-0.0055973923265528278,0.0055973923265528278,0.99441824388626687,-0.0055973923265528278,0.0055973923265528278,0
93,468,0.9999924653298895,-7.5346984962847993e-06,7.5346984962847993e-06,0.9999924653298895,-7.5346984962847993e-06,7.5346984962847993e-06,0
94,4841,0.99999783867997738,-2.1613223582245645e-06,2.1613223582245645e-06,0.99999783867997738,-2.1613223582245645e-06,2.1613223582245645e-06,0
95,4409,0.99999806626629961,-1.9337355700620776e-06,1.9337355700620776e-06,0.99999806626629961,-1.9337355700620776e-06,1.9337355700620776e-06,0
96,315,0.99999957750817314,-4.224919161310813e-07,4.224919161310813e-07,0.99999957750817314,-4.224919161310813e-07,4.224919161310813e-07,0
97,61894,0.99999719149940103,-2.8085045428098999e-06,2.8085045428098999e-06,0.99999719149940103,-2.8085045428098999e-06,2.8085045428098999e-06,0
98,309,0.99999996965314253,-3.0346857899098624e-08,3.0346857899098624e-08,0.99999996965314253,-3.0346857899098624e-08,3.0346857899098624e-08,0
99,44486,0.99973431757124176,-0.00026571772858718907,0.00026571772858718907,0.99973431757124176,-0.00026571772858718907,0.00026571772858718907,0
100,382,0.98371199741624626,-0.016422110323254639,0.016422110323254639,0.98371199741624626,-0.016422110323254639,0.016422110323254639,0
101,1692,0.99490833324573791,-0.0051046734587512424,0.0051046734587512424,0.99490833324573791,-0.0051046734587512424,0.0051046734587512424,0
102,10746,0.99994424012517991,-5.576142945969896e-05,5.576142945969896e-05,0.99994424012517991,-5.576142945969896e-05,5.576142945969896e-05,0
103,374,0.87030507979452654,-0.13891146237212049,0.13891146237212049,0.87030507979452654,-0.13891146237212049,0.13891146237212049,0
104,279,0.99981811933662235,-0.00018189720567140882,0.00018189720567140882,0.99981811933662235,-0.00018189720567140882,0.00018189720567140882,0
105,2132,0.9999939729875239,-6.0270306385637009e-06,6.0270306385637009e-06,0.9999939729875239,-6.0270306385637009e-06,6.0270306385637009e-06,0
106,1455,0.9972823432617175,-0.0027213562715840299,0.0027213562715840299,0.9972823432617175,-0.0027213562715840299,0.0027213562715840299,0
107,95551,0.99997736532828374,-2.2634927884294821e-05,2.2634927884294821e-05,0.99997736532828374,-2.2634927884294821e-05,2.2634927884294821e-05,0
108,3363,0.99999759177312342,-2.408229776377756e-06,2.408229776377756e-06,0.99999759177312342,-2.408229776377756e-06,2.408229776377756e-06,0
109,304,0.99999941581256757,-5.8418760307355346e-07,5.8418760307355346e-07,0.99999941581256757,-5.8418760307355346e-07,5.8418760307355346e-07,0
110,279,0.9999997995501666,-2.0044985349850856e-07,2.0044985349850856e-07,0.9999997995501666,-2.0044985349850856e-07,2.0044985349850856e-07,0
111,26363,0.99998505958716599,-1.4940524443037774e-05,1.4940524443037774e-05,0.99998505958716599,-1.4940524443037774e-05,1.4940524443037774e-05,0
112,1306,0.93672842075389939,-0.065361877865220325,0.065361877865220325,0.93672842075389939,-0.065361877865220325,0.065361877865220325,0
113,279,0.93284567057928514,-0.069515503843360985,0.069515503843360985,0.93284567057928514,-0.069515503843360985,0.069515503843360985,0
114,4846,0.99999939631273949,-6.036874427811032e-07,6.036874427811032e-07,0.99999939631273949,-6.036874427811032e-07,6.036874427811032e-07,0
115,6864,0.99999761444970592,-2.3855531395397658e-06,2.3855531395397658e-06,0.99999761444970592,-2.3855531395397658e-06,2.3855531395397658e-06,0
116,9605,0.99993112317875499,-6.887919336215905e-05,6.887919336215905e-05,0.99993112317875499,-6.887919336215905e-05,6.887919336215905e-05,0
117,52719,0.99999935863133438,-6.4136887128204997e-07,6.4136887128204997e-07,0.99999935863133438,-6.4136887128204997e-07,6.4136887128204997e-07,0
118,4409,0.99999596547345226,-4.0345346864137908e-06,4.0345346864137908e-06,0.99999596547345226,-4.0345346864137908e-06,4.0345346864137908e-06,0
119,11,0.7035581041962049,-0.35160481280887856,0.35160481280887856,0.7035581041962049,-0.35160481280887856,0.35160481280887856,0
120,449,0.99993142270458846,-6.8579646941763678e-05,6.8579646941763678e-05,0.99993142270458846,-6.8579646941763678e-05,6.8579646941763678e-05,0
121,264,0.99996596758192158,-3.4032997194347958e-05,3.4032997194347958e-05,0.99996596758192158,-3.4032997194347958e-05,3.4032997194347958e-05,0
122,7187,0.99999116395671306,-8.8360823249744282e-06,8.8360823249744282e-06,0.99999116395671306,-8.8360823249744282e-06,8.8360823249744282e-06,0
123,315,0.99998796763006037,-1.2032442329137821e-05,1.2032442329137821e-05,0.99998796763006037,-1.2032442329137821e-05,1.2032442329137821e-05,0
124,220,0.99701346839472893,-0.0029910001900499178,0.0029910001900499178,0.99701346839472893,-0.0029910001900499178,0.0029910001900499178,0
125,16,0.99936204098242865,-0.00063816260001480992,0.00063816260001480992,0.99936204098242865,-0.00063816260001480992,0.00063816260001480992,0
126,11,0.98510796972069503,-0.015004029887576372,0.015004029887576372,0.98510796972069503,-0.015004029887576372,0.015004029887576372,0
127,19423,0.99922954926152463,-0.00077074768817878188,0.00077074768817878188,0.99922954926152463,-0.00077074768817878188,0.00077074768817878188,0
128,11,0.99999017681234093,-9.8232359068574005e-06,9.8232359068574005e-06,0.99999017681234093,-9.8232359068574005e-06,9.8232359068574005e-06,0
129,10410,0.99744133478171459,-0.0025619441965343266,0.0025619441965343266,0.99744133478171459,-0.0025619441965343266,0.0025619441965343266,0
130,304,0.9995941166955109,-0.00040596569741294482,0.00040596569741294482,0.9995941166955109,-0.00040596569741294482,0.00040596569741294482,0
131,220,0.99999256744994602,-7.4325776755567804e-06,7.4325776755567804e-06,0.99999256744994602,-7.4325776755567804e-06,7.4325776755567804e-06,0
132,679,0.99999488561271921,-5.1144003592999681e-06,5.1144003592999681e-06,0.99999488561271921,-5.1144003592999681e-06,5.1144003592999681e-06,0
133,20,0.99999495090092638,-5.0491118203270536e-06,5.0491118203270536e-06,0.99999495090092638,-5.0491118203270536e-06,5.0491118203270536e-06,0
134,13,0.99915588811553346,-0.00084446834751389648,0.00084446834751389648,0.99915588811553346,-0.00084446834751389648,0.00084446834751389648,0
135,24586,0.87569518282890368,-0.13273721340673417,0.13273721340673417,0.87569518282890368,-0.13273721340673417,0.13273721340673417,0
136,311,0.99999895470309097,-1.0452974553881386e-06,1.0452974553881386e-06,0.99999895470309097,-1.0452974553881386e-06,1.0452974553881386e-06,0
137,1202,0.99998952068753522,-1.0479367373177248e-05,1.0479367373177248e-05,0.99998952068753522,-1.0479367373177248e-05,1.0479367373177248e-05,0
138,2678,0.99998391746685722,-1.60826624680599e-05,1.60826624680599e-05,0.99998391746685722,-1.60826624680599e-05,1.60826624680599e-05,0
139,4363,0.99999711649051015,-2.8835136472010827e-06,2.8835136472010827e-06,0.99999711649051015,-2.8835136472010827e-06,2.8835136472010827e-06,0
140,3158,0.99999889885638538,-1.1011442208385906e-06,1.1011442208385906e-06,0.99999889885638538,-1.1011442208385906e-06,1.1011442208385906e-06,0
141,323,0.99976991155593276,-0.00023011491847437404,0.00023011491847437404,0.99976991155593276,-0.00023011491847437404,0.00023011491847437404,0
142,6908,0.99935284821792292,-0.00064736127517908324,0.00064736127517908324,0.99935284821792292,-0.00064736127517908324,0.00064736127517908324,0
143,7187,0.99999671541516344,-3.2845902307691773e-06,3.2845902307691773e-06,0.99999670829798193,-3.2917074357289288e-06,3.2917074357289288e-06,-7.1172049597514818e-09
144,11,0.99997322818888068,-2.6772169490696083e-05,2.6772169490696083e-05,0.99997373246708987,-2.6267877907792813e-05,2.6267877907792813e-05,5.0429158290326973e-07
145,57664,0.99992305372635215,-7.6949234164243359e-05,7.6949234164243359e-05,0.99992931831093212,-7.068418713615842e-05,7.068418713615842e-05,6.2650470280849397e-06
146,374,0.99999065507879714,-9.3449648669050222e-06,9.3449648669050222e-06,0.99999069462546697,-9.3054178283415395e-06,9.3054178283415395e-06,3.9547038563482695e-08
147,27458,0.99875754986664944,-0.0012432226144298989,0.0012432226144298989,0.99868101300693657,-0.0013198576220571307,0.0013198576220571307,-7.6635007627231773e-05
148,439,0.99999735752960395,-2.6424738873520806e-06,2.6424738873520806e-06,0.99999744792986689,-2.5520733896918506e-06,2.5520733896918506e-06,9.0400497660230013e-08
149,832,0.999999481780807,-5.1821932728928058e-07,5.1821932728928058e-07,0.99999950576764784,-4.9423247427124221e-07,4.9423247427124221e-07,2.3986853018038372e-08
150,315,0.99999781141367405,-2.1885887209304935e-06,2.1885887209304935e-06,0.99999793050259655,-2.0694995448258769e-06,2.0694995448258769e-06,1.1908917610461658e-07
151,279,0.99999900905758332,-9.9094290768692171e-07,9.9094290768692171e-07,0.99999909223965355,-9.0776075843951329e-07,9.0776075843951329e-07,8.3182149247408419e-08
152,1455,0.99999826403265879,-1.7359688480044286e-06,1.7359688480044286e-06,0.99999840592920397,-1.5940720665742636e-06,1.5940720665742636e-06,1.4189678143016498e-07
153,97617,0.99999530046570817,-4.6995453347270744e-06,4.6995453347270744e-06,0.99999557643802339,-4.4235717606134258e-06,4.4235717606134258e-06,2.7597357411364858e-07
154,35459,0.99999828815412106,-1.7118473441599737e-06,1.7118473441599737e-06,0.99999833863412324,-1.6613672568135848e-06,1.6613672568135848e-06,5.0480087346388893e-08
155,9919,0.99999586039610999,-4.1396124582036024e-06,4.1396124582036024e-06,0.99999600857282356,-3.9914351422433884e-06,3.9914351422433884e-06,1.4817731596021401e-07
156,304,0.99999925599914952,-7.4400112727161006e-07,7.4400112727161006e-07,0.99999934434629889,-6.556539160465949e-07,6.556539160465949e-07,8.8347211225015164e-08
157,279,0.9999994681518225,-5.3184831895200169e-07,5.3184831895200169e-07,0.99999952526535441,-4.7473475828337632e-07,4.7473475828337632e-07,5.7113560668625372e-08
158,1917,0.9999970959474066,-2.9040568102099766e-06,2.9040568102099766e-06,0.99999718405126592,-2.8159526988280284e-06,2.8159526988280284e-06,8.8104111381948158e-08
159,11,0.96752264015961253,-0.033016453670221851,0.033016453670221851,0.96777493666313696,-0.032755722185849358,0.032755722185849358,0.00026073148437249366
160,449,0.99998762232314831,-1.2377753455766291e-05,1.2377753455766291e-05,0.99998896630646006,-1.1033754411575447e-05,1.1033754411575447e-05,1.3439990441908438e-06
161,220,0.99980048940112276,-0.00019953050376426751,0.00019953050376426751,0.99978127190047128,-0.0002187520240082102,0.0002187520240082102,-1.922152024394269e-05
162,2983,0.99931263162518424,-0.00068760472076774928,0.00068760472076774928,0.99950708776100017,-0.0004930337601720331,0.0004930337601720331,0.00019457096059571617
163,11,0.99999019906107844,-9.800986951109017e-06,9.800986951109017e-06,0.99999102684767716,-8.9731925817789679e-06,8.9731925817789679e-06,8.2779436933004908e-07
164,20907,0.99998584821594183,-1.4151884195579949e-05,1.4151884195579949e-05,0.99998548771880102,-1.4512386503092429e-05,1.4512386503092429e-05,-3.6050230751248054e-07
165,1274,0.99999362308090489,-6.3769394277464739e-06,6.3769394277464739e-06,0.99999311099374344,-6.8890299858428175e-06,6.8890299858428175e-06,-5.1209055809634363e-07
166,824,0.9999994546110279,-5.453891207992924e-07,5.453891207992924e-07,0.99999944734320023,-5.5265695247570877e-07,5.5265695247570877e-07,-7.2678316764163762e-09
167,9518,0.99999845909455687,-1.5409066303682085e-06,1.5409066303682085e-06,0.99999832564401092,-1.6743573907656543e-06,1.6743573907656543e-06,-1.3345076039744583e-07
168,15395,0.99998109579942096,-1.89043792657095e-05,1.89043792657095e-05,0.99998023085064258,-1.9769344769671488e-05,1.9769344769671488e-05,-8.6496550396198812e-07
169,21037,0.99999918769209628,-8.1230823360234371e-07,8.1230823360234371e-07,0.9999992961061982,-7.0389404956019769e-07,7.0389404956019769e-07,1.0841418404214602e-07
170,382,0.95057690314586574,-0.050686212229886791,0.050686212229886791,0.94742438723645916,-0.054008147598897056,0.054008147598897056,-0.0033219353690102649
171,1692,0.98062788195337791,-0.019562216604700478,0.019562216604700478,0.97716205250562682,-0.023102773236699022,0.023102773236699022,-0.003540556631998544
172,10746,0.99995415321762382,-4.5847833371982313e-05,4.5847833371982313e-05,0.99995620110151029,-4.3799857689467366e-05,4.3799857689467366e-05,2.0479756825149471e-06
173,706,0.87150408069286756,-0.13753473165451821,0.13753473165451821,0.95107191972272032,-0.050165593930564002,0.050165593930564002,0.087369137723954216
174,4848,0.7589699620939746,-0.2757930780034053,0.2757930780034053,0.76119866911787437,-0.27286089196173097,0.27286089196173097,0.0029321860416743339
175,18740,0.99999241398954641,-7.5860392274843631e-06,7.5860392274843631e-06,0.99999348391770471,-6.5161035250363692e-06,6.5161035250363692e-06,1.0699357024479939e-06
176,27536,0.99999858429089261,-1.415710109556126e-06,1.415710109556126e-06,0.999998716121968,-1.2838788561743438e-06,1.2838788561743438e-06,1.3183125338178224e-07
177,369,0.99998388155105866,-1.6118578844967073e-05,1.6118578844967073e-05,0.99998252334196092,-1.7476810757633518e-05,1.7476810757633518e-05,-1.3582319126664452e-06
178,279,0.99999961939893434,-3.8060113811921502e-07,3.8060113811921502e-07,0.99999964799284391,-3.5200721803663635e-07,3.5200721803663635e-07,2.859392008257867e-08
179,4827,0.99998048444015641,-1.9515750274654787e-05,1.9515750274654787e-05,0.99997958146044008,-2.0418748021136643e-05,2.0418748021136643e-05,-9.0299774648185561e-07
180,3838,0.99999462019768615,-5.3798167850178012e-06,5.3798167850178012e-06,0.99999398778134185,-6.012236731589652e-06,6.012236731589652e-06,-6.324199465718508e-07
181,315,0.99999922256025275,-7.7744004944479921e-07,7.7744004944479921e-07,0.99999923171737504,-7.6828292013949627e-07,7.6828292013949627e-07,9.1571293053029395e-09
182,279,0.99999791952734418,-2.0804748200560549e-06,2.0804748200560549e-06,0.99999791520676673,-2.0847954064948201e-06,2.0847954064948201e-06,-4.3205864387652205e-09
183,57281,0.9999386981260473,-6.1303752989362031e-05,6.1303752989362031e-05,0.99994010443887393,-5.9897354936828795e-05,5.9897354936828795e-05,1.406398052533236e-06
184,8151,0.99999209637649011,-7.9036547437334213e-06,7.9036547437334213e-06,0.99999229436884507,-7.705660843419688e-06,7.705660843419688e-06,1.9799390031373333e-07
185,13,0.49857472572056888,-0.69600179966972653,0.69600179966972653,0.55455845286102579,-0.58958306230835134,0.58958306230835134,0.10641873736137519
186,578,0.80177015755148517,-0.22093329878356627,0.22093329878356627,0.78555783487642561,-0.2413611958919431,0.2413611958919431,-0.020427897108376836
187,3363,0.99999657566685818,-3.4243390048306175e-06,3.4243390048306175e-06,0.99999678576298623,-3.2142421794915754e-06,3.2142421794915754e-06,2.1009682533904202e-07
188,374,0.99997297096425664,-2.7029401034291677e-05,2.7029401034291677e-05,0.99997443434437894,-2.5565982428040632e-05,2.5565982428040632e-05,1.4634186062510447e-06
189,24306,0.99613676779120264,-0.0038707137652228647,0.0038707137652228647,0.99566371722752423,-0.0043457117141948018,0.0043457117141948018,-0.00047499794897193706
190,315,0.99999902443620758,-9.7556426823601345e-07,9.7556426823601345e-07,0.99999902881202662,-9.7118844501719585e-07,9.7118844501719585e-07,4.3758232188176001e-09
191,220,0.9999738260143235,-2.6174328221210333e-05,2.6174328221210333e-05,0.99997674478800402,-2.3255482402650961e-05,2.3255482402650961e-05,2.918845818559372e-06
192,845,0.99999960980317282,-3.9019690326719811e-07,3.9019690326719811e-07,0.99999954631076982,-4.5368933310262312e-07,4.5368933310262312e-07,-6.3492429835425014e-08
193,27536,0.99995883364561855,-4.1167201739033106e-05,4.1167201739033106e-05,0.99994694135556539,-5.3060052094309799e-05,5.3060052094309799e-05,-1.1892850355276693e-05
194,11,0.99181435258007944,-0.0082193337875284649,0.0082193337875284649,0.99178019718306265,-0.0082537716690242197,0.0082537716690242197,-3.4437881495754871e-05
195,32125,0.99888784765790295,-0.0011127712424299555,0.0011127712424299555,0.99833506608498102,-0.0016663214578148777,0.0016663214578148777,-0.00055355021538492223
196,25,0.89830427147700165,-0.10724643569093012,0.10724643569093012,0.83694968388627777,-0.17799132513083998,0.17799132513083998,-0.070744889439909864
197,30444,0.99949572228608929,-0.00050440490467854905,0.00050440490467854905,0.99905871128260304,-0.00094173200781967311,0.00094173200781967311,-0.00043732710314112406
198,36071,0.99999907356205064,-9.2643837852490507e-07,9.2643837852490507e-07,0.99999893130897199,-1.0686915990409078e-06,1.0686915990409078e-06,-1.4225322051600276e-07
199,11,0.99999682821404112,-3.1717909890291516e-06,3.1717909890291516e-06,0.99999650749157454,-3.4925145243135794e-06,3.4925145243135794e-06,-3.2072353528442783e-07
200,9939,0.99997842400455994,-2.1576228205185409e-05,2.1576228205185409e-05,0.99997251882884786,-2.7481548766464151e-05,2.7481548766464151e-05,-5.9053205612787428e-06
201,1800,0.99999951043514035,-4.8956497951165592e-07,4.8956497951165592e-07,0.99999949310037328,-5.0689975514958817e-07,5.0689975514958817e-07,-1.7334775637932244e-08
202,64,0.99999992470707622,-7.52929266122339e-08,7.52929266122339e-08,0.99999990940821792,-9.0591786188147166e-08,9.0591786188147166e-08,-1.5298859575913267e-08
203,11,0.99999914214416041,-8.5785620759474221e-07,8.5785620759474221e-07,0.99999901788589529,-9.8211458699546198e-07,9.8211458699546198e-07,-1.2425837940071977e-07
204,61894,0.99999656389471869,-3.4361111847590016e-06,3.4361111847590016e-06,0.99999623248518366,-3.767521913425848e-06,3.767521913425848e-06,-3.3141072866684646e-07
205,309,0.99999997980616384,-2.0193836399004236e-08,2.0193836399004236e-08,0.99999997629880821,-2.3701192061200542e-08,2.3701192061200542e-08,-3.5073556621963063e-09
206,44486,0.99998929049956675,-1.0709557780316545e-05,1.0709557780316545e-05,0.99998690590260753,-1.3094183120910136e-05,1.3094183120910136e-05,-2.3846253405935905e-06
207,11,0.99999633678363187,-3.6632230776775405e-06,3.6632230776775405e-06,0.99999619901810388,-3.8009891199041828e-06,3.8009891199041828e-06,-1.3776604222664234e-07
208,8560,0.99999915860972444,-8.4139062958331961e-07,8.4139062958331961e-07,0.99999916212513529,-8.3787521568846683e-07,8.3787521568846683e-07,3.5154138948527793e-09
209,349,0.99999972384063185,-2.7615940629137269e-07,2.7615940629137269e-07,0.9999997003156883,-2.9968435661148078e-07,2.9968435661148078e-07,-2.3524950320108095e-08
210,11,0.99999593562824041,-4.0643800192201668e-06,4.0643800192201668e-06,0.99999594221418353,-4.0577940493294749e-06,4.0577940493294749e-06,6.585969890691881e-09
211,12925,0.9999973206357794,-2.6793678101295601e-06,2.6793678101295601e-06,0.99999668282681786,-3.3171786839371255e-06,3.3171786839371255e-06,-6.3781087380756546e-07
212,78,0.99999992674128046,-7.3258722180768906e-08,7.3258722180768906e-08,0.99999989428181857,-1.0571818705632061e-07,1.0571818705632061e-07,-3.2459464875551702e-08
213,11,0.99999421041025027,-5.7896065094437006e-06,5.7896065094437006e-06,0.99999476161008116,-5.2384036392050471e-06,5.2384036392050471e-06,5.5120287023865359e-07
214,34606,0.99999854984514247,-1.4501559090375044e-06,1.4501559090375044e-06,0.99999707454477216,-2.9254595069467487e-06,2.9254595069467487e-06,-1.4753035979092442e-06
215,582,0.75609275671850795,-0.27959121625680566,0.27959121625680566,0.99999601335485921,-3.9866530874712341e-06,3.9866530874712341e-06,0.27958722960371818
216,276,0.99999347658359405,-6.5234376835725304e-06,6.5234376835725304e-06,0.99999984697536848,-1.5302464323921543e-07,1.5302464323921543e-07,6.370413040333315e-06
217,11,0.99999867320371694,-1.3267971632370853e-06,1.3267971632370853e-06,0.99999908866426612,-9.1133614916840213e-07,9.1133614916840213e-07,4.1546101406868316e-07
218,5896,0.00035248395079930052,-7.950505466395831,7.950505466395831,0.99999791254648362,-2.0874556951522646e-06,2.0874556951522646e-06,7.9505033789401356
219,12299,0.99996927185254547,-3.0728619573675169e-05,3.0728619573675169e-05,0.99999667489629418,-3.3251092340163748e-06,3.3251092340163748e-06,2.7403510339658792e-05
220,11,0.99987891156575093,-0.00012109576604535811,0.00012109576604535811,0.99999809133604345,-1.9086657780224411e-06,1.9086657780224411e-06,0.00011918710026733566
221,42215,0.99975064455387053,-0.000249386540367799,0.000249386540367799,0.99994357578056003,-5.6425811346095922e-05,5.6425811346095922e-05,0.00019296072902170308
222,66652,0.9999976463887853,-2.3536139844066721e-06,2.3536139844066721e-06,0.99999737498457586,-2.6250188694854642e-06,2.6250188694854642e-06,-2.7140488507879216e-07
223,11,0.99983040629284869,-0.00016960808979021857,0.00016960808979021857,0.99999344088537945,-6.5591361316243636e-06,6.5591361316243636e-06,0.00016304895365859421
224,91274,0.9995440373046357,-0.00045606667796337607,0.00045606667796337607,0.99999456525626851,-5.4347584997603268e-06,5.4347584997603268e-06,0.00045063191946361576
225,278,0.98514239445972029,-0.014969085354988438,0.014969085354988438,0.99999812939989186,-1.8706018577689539e-06,1.8706018577689539e-06,0.014967214753130668
226,511,0.99999436062869929,-5.6393872020118336e-06,5.6393872020118336e-06,0.99999990179061149,-9.8209393346859475e-08,9.8209393346859475e-08,5.5411778086649738e-06
227,11,0.99989067220966887,-0.0001093337670496542,0.0001093337670496542,0.99999703864524281,-2.9613591420149734e-06,2.9613591420149734e-06,0.00010637240790763923
228,5960,0.99995128765807484,-4.8713528409870885e-05,4.8713528409870885e-05,0.99999895491253299,-1.0450880131436737e-06,1.0450880131436737e-06,4.7668440396727209e-05
229,96446,0.99388197439703285,-0.0061368174066351675,0.0061368174066351675,0.99985847791600102,-0.00014153209919404497,0.00014153209919404497,0.0059952853074411224
230,11,0.99915834088311228,-0.00084201351078879566,0.00084201351078879566,0.99999807713498068,-1.9228668679875426e-06,1.9228668679875426e-06,0.0008400906439208081
231,5960,0.99995785016367333,-4.215072465596789e-05,4.215072465596789e-05,0.99999912195562413,-8.7804476133125283e-07,8.7804476133125283e-07,4.1272679894636637e-05
232,46991,0.99991239088147432,-8.761295642866645e-05,8.761295642866645e-05,0.99999753348038289,-2.4665226589254604e-06,2.4665226589254604e-06,8.5146433769740993e-05
233,11,0.99998265246506346,-1.7347685406735882e-05,1.7347685406735882e-05,0.99999878892569349,-1.2110750398703201e-06,1.2110750398703201e-06,1.6136610366865563e-05
234,5960,0.99953500008033291,-0.00046510806565625446,0.00046510806565625446,0.9999986899918295,-1.3100090285059511e-06,1.3100090285059511e-06,0.00046379805662774852
235,52836,0.99678239051969975,-0.0032227971165313014,0.0032227971165313014,0.99998463397717008,-1.5366140888409742e-05,1.5366140888409742e-05,0.0032074309756428918
236,11,0.99998203578833356,-1.7964373024868863e-05,1.7964373024868863e-05,0.99999915322837718,-8.4677198129052012e-07,8.4677198129052012e-07,1.7117601043578344e-05
237,16376,0.99415983477190573,-0.0058572856831063235,0.0058572856831063235,0.99999099104938849,-9.0089911923939879e-06,9.0089911923939879e-06,0.0058482766919139293
238,33238,0.9788914153272873,-0.021334556466877746,0.021334556466877746,0.99998560508687673,-1.4395016730988062e-05,1.4395016730988062e-05,0.021320161450146757
239,11,0.99994718024101836,-5.2821153994202313e-05,5.2821153994202313e-05,0.99999882280383656,-1.1771968563215875e-06,1.1771968563215875e-06,5.1643957137880726e-05
240,16376,0.99822391796441057,-0.0017776611393101555,0.0017776611393101555,0.99995672451371798,-4.3276422692899837e-05,4.3276422692899837e-05,0.0017343847166172556
241,21510,0.9909812916799291,-0.0090596230544326781,0.0090596230544326781,0.9999991978540439,-8.0214627786836035e-07,8.0214627786836035e-07,0.0090588209081548104
242,11,0.9997423494791805,-0.00025768371841731845,0.00025768371841731845,0.99999873809542972,-1.261905366472163e-06,1.261905366472163e-06,0.00025642181305084627
243,16376,0.46374357118332327,-0.76842352783404999,0.76842352783404999,0.99959685528560516,-0.00040322599907224074,0.00040322599907224074,0.76802030183497771
244,55965,0.99783953932604852,-0.0021627978359511735,0.0021627978359511735,0.99994648890466309,-5.3512527106679321e-05,5.3512527106679321e-05,0.0021092853088444941
245,11,0.99921595533763308,-0.00078435218613532546,0.00078435218613532546,0.9998616183829544,-0.00013839119266495712,0.00013839119266495712,0.00064596099347036836
246,323,0.99995406382768093,-4.5937227417364695e-05,4.5937227417364695e-05,0.99999834401719112,-1.6559841799874424e-06,1.6559841799874424e-06,4.4281243237377253e-05
247,350,0.99999421333457383,-5.7866821689473705e-06,5.7866821689473705e-06,0.99999866835723861,-1.3316436480033892e-06,1.3316436480033892e-06,4.4550385209439815e-06
248,36071,0.99997373086270425,-2.6269482335536341e-05,2.6269482335536341e-05,0.99999902504497751,-9.7495549779613983e-07,9.7495549779613983e-07,2.5294526837740201e-05
249,382,0.99970378167931828,-0.00029626220199435721,0.00029626220199435721,0.99989105029235281,-0.0001089556430976654,0.0001089556430976654,0.00018730655889669182
250,791,0.98403460252145292,-0.016094217384085317,0.016094217384085317,0.99080583377645126,-0.0092366934387160711,0.0092366934387160711,0.0068575239453692455
251,15422,0.92825645386029432,-0.074447233231321464,0.074447233231321464,0.9743123963734488,-0.0260232912678817,0.0260232912678817,0.048423941963439764
252,315,0.99999983442859353,-1.6557142018966797e-07,1.6557142018966797e-07,0.99999993406956589,-6.5930436268641001e-08,6.5930436268641001e-08,9.9640983921026969e-08
253,350,0.99999317944578292,-6.8205774771202786e-06,6.8205774771202786e-06,0.99999823795778164,-1.7620437708058595e-06,1.7620437708058595e-06,5.0585337063144195e-06
254,36071,0.99998738346524096,-1.2616614348225469e-05,1.2616614348225469e-05,0.9999960740047984,-3.9260029082923188e-06,3.9260029082923188e-06,8.690611439933149e-06
255,3131,0.99989940439180525,-0.00010060066827227516,0.00010060066827227516,0.99994609907212706,-5.3902380580167431e-05,5.3902380580167431e-05,4.6698287692107725e-05
256,21989,0.99998666605705289,-1.333403184496003e-05,1.333403184496003e-05,0.99998986023399417,-1.0139817413579023e-05,1.0139817413579023e-05,3.1942144313810075e-06
257,304,0.99924037881446626,-0.00075990984389642975,0.00075990984389642975,0.99964821430746575,-0.00035184758363638328,0.00035184758363638328,0.00040806226026004648
258,279,0.99999964283088183,-3.5716918195000305e-07,3.5716918195000305e-07,0.99999978403628664,-2.1596373666616786e-07,2.1596373666616786e-07,1.4120544528383518e-07
259,53851,0.99993129500676681,-6.8707353529305824e-05,6.8707353529305824e-05,0.99998154372017278,-1.8456450146408932e-05,1.8456450146408932e-05,5.0250903382896892e-05
260,315,0.99999974700713345,-2.5299289860228333e-07,2.5299289860228333e-07,0.9999998717350409,-1.2826496730369483e-07,1.2826496730369483e-07,1.247279312985885e-07
261,57664,0.99999914610861074,-8.5389175378085462e-07,8.5389175378085462e-07,0.99999960486421458,-3.9513586345599887e-07,3.9513586345599887e-07,4.5875589032485575e-07
262,1603,0.99530112337598176,-0.0047099510499747409,0.0047099510499747409,0.9952481348359935,-0.0047631911692857121,0.0047631911692857121,-5.324011931097123e-05
263,433,0.99999840437914034,-1.595622132620129e-06,1.595622132620129e-06,0.99999920732847014,-7.9267184396975762e-07,7.9267184396975762e-07,8.0295028865037134e-07
264,27851,0.99909621996592146,-0.00090418868949515671,0.00090418868949515671,0.99960318631890277,-0.00039689243247977734,0.00039689243247977734,0.00050729625701537943
265,6244,0.99999425436291567,-5.7456535905136114e-06,5.7456535905136114e-06,0.99999575274203301,-4.2472669865794521e-06,4.2472669865794521e-06,1.4983866039341593e-06
266,264,0.99999622872530025,-3.7712818109685632e-06,3.7712818109685632e-06,0.99999867803932363,-1.3219615501808674e-06,1.3219615501808674e-06,2.4493202607876955e-06
267,17271,0.99999058790874984,-9.4121355441216443e-06,9.4121355441216443e-06,0.99999450314749505,-5.4968676127525817e-06,5.4968676127525817e-06,3.9152679313690627e-06
268,315,0.99999732540286479,-2.6746007119627964e-06,2.6746007119627964e-06,0.99999891268895758,-1.087311633577756e-06,1.087311633577756e-06,1.5872890783850404e-06
269,279,0.99998310635374787,-1.6893788951417e-05,1.6893788951417e-05,0.99999923802874346,-7.6197154688168102e-07,7.6197154688168102e-07,1.6131817404535319e-05
270,36142,0.99999318908739698,-6.8109357974337669e-06,6.8109357974337669e-06,0.99999594781997336,-4.0521882367095672e-06,4.0521882367095672e-06,2.7587475607241997e-06
271,31779,0.99995076090945867,-4.9240302825125181e-05,4.9240302825125181e-05,0.9999896630954157,-1.0336958010510362e-05,1.0336958010510362e-05,3.8903344814614819e-05
272,391,0.92780268307244262,-0.074936194803572095,0.074936194803572095,0.99997655014892073,-2.3450126031368749e-05,2.3450126031368749e-05,0.074912744677540721
273,1494,0.99999964731779367,-3.5268226848080552e-07,3.5268226848080552e-07,0.99999998368750243,-1.6312497663939831e-08,1.6312497663939831e-08,3.3636977081686571e-07
274,275,0.99999989611054241,-1.0388946296486291e-07,1.0388946296486291e-07,0.99999982576429536,-1.7423571977196763e-07,1.7423571977196763e-07,-7.0346256807104716e-08
275,21080,0.99999824994095232,-1.7500605789825482e-06,1.7500605789825482e-06,0.99999944004379504,-5.5995636171102235e-07,5.5995636171102235e-07,1.1901042172715259e-06
276,13,0.99980027379158765,-0.00019974615634768585,0.00019974615634768585,0.99991131342621575,-8.8690506670941835e-05,8.8690506670941835e-05,0.00011105564967674402
277,12220,0.99962297079906604,-0.00037710029431319269,0.00037710029431319269,0.99991105270507297,-8.8951250972221286e-05,8.8951250972221286e-05,0.0002881490433409714
278,279,0.99999960587881864,-3.9412125901180616e-07,3.9412125901180616e-07,0.99999977713114563,-2.2286887916320387e-07,2.2286887916320387e-07,1.7125237984860229e-07
279,3320,0.99997564999130206,-2.435030516421627e-05,2.435030516421627e-05,0.99999308173828594,-6.9182856453822039e-06,6.9182856453822039e-06,1.7432019518834064e-05
280,96323,0.99995617016778393,-4.3830792771196772e-05,4.3830792771196772e-05,0.99997376002381444,-2.6240320459775726e-05,2.6240320459775726e-05,1.7590472311421045e-05
281,30215,0.99992271937987076,-7.7283606430238503e-05,7.7283606430238503e-05,0.99996722742561706,-3.2773111415489037e-05,3.2773111415489037e-05,4.4510495014749466e-05
282,315,0.99991141109431969,-8.8592829909137378e-05,8.8592829909137378e-05,0.99998396911905574,-1.6031009440259229e-05,1.6031009440259229e-05,7.2561820468878153e-05
283,279,0.99998906691556522,-1.0933144201349605e-05,1.0933144201349605e-05,0.99999978417525459,-2.1582476874791029e-07,2.1582476874791029e-07,1.0717319432601695e-05
284,26363,0.99999911018862409,-8.8981177184326647e-07,8.8981177184326647e-07,0.99999901369143207,-9.863090543040626e-07,9.863090543040626e-07,-9.6497282460796125e-08
285,11,0.99999477548647553,-5.2245271723264478e-06,5.2245271723264478e-06,0.99999583562140359,-4.1643872674602125e-06,4.1643872674602125e-06,1.0601399048662353e-06
286,76086,0.99998093607098293,-1.9064110736035334e-05,1.9064110736035334e-05,0.99999077286914306,-9.2271734272245872e-06,9.2271734272245872e-06,9.8369373088107469e-06
287,426,0.99999049389098704,-9.5061541962669662e-06,9.5061541962669662e-06,0.99999685408775152,-3.1459171968285455e-06,3.1459171968285455e-06,6.3602369994384206e-06
288,23427,0.98372755534206457,-0.016406294919120143,0.016406294919120143,0.9999999793066976,-2.0693302634933309e-08,2.0693302634933309e-08,0.016406274225817509
289,19870,0.99667659819516252,-0.0033289365708521097,0.0033289365708521097,0.99999916622425933,-8.3377608830206141e-07,8.3377608830206141e-07,0.0033281027947638076
290,315,0.99690249784647156,-0.0031023093427432649,0.0031023093427432649,0.9999990527833692,-9.4721707935876274e-07,9.4721707935876274e-07,0.0031013621256639062
291,3320,0.99997614796908318,-2.3852315380980068e-05,2.3852315380980068e-05,0.9999969227858474,-3.0772188872738614e-06,3.0772188872738614e-06,2.0775096493706207e-05
292,96323,0.9999956859884459,-4.3140208594744901e-06,4.3140208594744901e-06,0.99999944950108222,-5.5049906935027107e-07,5.5049906935027107e-07,3.7635217901242192e-06
293,17439,0.99996966170289592,-3.033875731949868e-05,3.033875731949868e-05,0.99999165194346029,-8.3480913848835001e-06,8.3480913848835001e-06,2.1990665934615182e-05
294,24082,0.99519192441748305,-0.0048196715624169075,0.0048196715624169075,0.99994995412442556,-5.004712791103718e-05,5.004712791103718e-05,0.0047696244345058706
295,664,0.38992308642118007,-0.94180577361240958,0.94180577361240958,0.99999944780542238,-5.521947300264966e-07,5.521947300264966e-07,0.94180522141767953
296,647,0.99999207435031856,-7.9256810895648834e-06,7.9256810895648834e-06,0.99999998780499666,-1.2195003377150425e-08,1.2195003377150425e-08,7.9134860861877333e-06
297,320,0.98939879850850365,-0.010657794553018348,0.010657794553018348,0.99239422430629487,-0.0076348471065630667,0.0076348471065630667,0.0030229474464552814
298,64,0.99982448187273543,-0.00017553353237366193,0.00017553353237366193,0.99995270528176328,-4.7295836667120283e-05,4.7295836667120283e-05,0.00012823769570654165
299,14458,0.99999492527113421,-5.0747417422265202e-06,5.0747417422265202e-06,0.99999931560587052,-6.8439436368506654e-07,6.8439436368506654e-07,4.3903473785414538e-06
300,304,0.9999995582134642,-4.4178663338810589e-07,4.4178663338810589e-07,0.99999991630825613,-8.3691747360714342e-08,8.3691747360714342e-08,3.5809488602739155e-07
301,6617,0.99968824562123282,-0.00031180298426582013,0.00031180298426582013,0.99999521713626538,-4.7828751725780192e-06,4.7828751725780192e-06,0.00030702010909324211
302,11477,0.99993695738697463,-6.3044600294420795e-05,6.3044600294420795e-05,0.99981561851911926,-0.00018439848123575546,0.00018439848123575546,-0.00012135388094133467
303,57664,0.99999702768395426,-2.9723204630970091e-06,2.9723204630970091e-06,0.99999843848598247,-1.561515236751293e-06,1.561515236751293e-06,1.4108052263457161e-06
304,8,0.99996516572462102,-3.4834882106422017e-05,3.4834882106422017e-05,0.99999355959641867,-6.4404243207966492e-06,6.4404243207966492e-06,2.8394457785625369e-05
305,323,0.99999413113133495,-5.8688858868854583e-06,5.8688858868854583e-06,0.99999831827680175,-1.6817246123371632e-06,1.6817246123371632e-06,4.1871612745482948e-06
306,28379,0.99995808041869139,-4.1920459958806264e-05,4.1920459958806264e-05,0.99995334487230303,-4.665621608131008e-05,4.665621608131008e-05,-4.7357561225038164e-06
307,433,0.99999867829702949,-1.3217038439987239e-06,1.3217038439987239e-06,0.9999995615364452,-4.3846365096257992e-07,4.3846365096257992e-07,8.8324019303614403e-07
308,3297,0.99983506240008191,-0.00016495120361993806,0.00016495120361993806,0.99999789691766872,-2.1030845428176391e-06,2.1030845428176391e-06,0.00016284811907712042
309,8551,0.82247900388522899,-0.19543232385964537,0.19543232385964537,0.99837180990911789,-0.00162951703290634,0.00162951703290634,0.19380280682673903
310,6496,0.99572703287754671,-0.0042821223357260522,0.0042821223357260522,0.9997397839627471,-0.00026024989932036443,0.00026024989932036443,0.0040218724364056877
311,11,0.99987117435549699,-0.00012883394323906486,0.00012883394323906486,0.99995998637716199,-4.0014423404388488e-05,4.0014423404388488e-05,8.8819519834676381e-05
312,264,0.99974061044843909,-0.0002594231988492648,0.0002594231988492648,0.99997860399732907,-2.1396231568618539e-05,2.1396231568618539e-05,0.00023802696728064627
313,12633,0.99992608896024704,-7.3913771308497142e-05,7.3913771308497142e-05,0.999982474626677,-1.7525526894146192e-05,1.7525526894146192e-05,5.6388244414350951e-05
314,32051,0.99999970631048873,-2.9368955440350749e-07,2.9368955440350749e-07,0.99999976253044398,-2.3746958422264652e-07,2.3746958422264652e-07,5.621997018086097e-08
315,4751,0.99999482554624419,-5.1744671433668467e-06,5.1744671433668467e-06,0.99999946860448052,-5.3139566061535698e-07,5.3139566061535698e-07,4.6430714827514895e-06
316,22797,0.99991190244393269,-8.8101436884899733e-05,8.8101436884899733e-05,0.99999146546123663,-8.5345751827384403e-06,8.5345751827384403e-06,7.9566861702161289e-05
317,311,0.99999940254500086,-5.9745517760086763e-07,5.9745517760086763e-07,0.99999966711430099,-3.3288575439970269e-07,3.3288575439970269e-07,2.6456942320116494e-07
318,279,0.99998720017035392,-1.2799911564585457e-05,1.2799911564585457e-05,0.99999970426140172,-2.9573864203203772e-07,2.9573864203203772e-07,1.2504172922553419e-05
319,9546,0.99990592785394938,-9.4076571112417705e-05,9.4076571112417705e-05,0.99999966442439314,-3.3557566312902518e-07,3.3557566312902518e-07,9.374099544928868e-05
320,315,0.9999978865901874,-2.1134120458799939e-06,2.1134120458799939e-06,0.99999951446932223,-4.8553079560426765e-07,4.8553079560426765e-07,1.6278812502757262e-06
321,279,0.99203541416549934,-0.0079964725708774036,0.0079964725708774036,0.99999964151230203,-3.5848776227827998e-07,3.5848776227827998e-07,0.0079961140831151245
322,452,0.86540942400487031,-0.14455256148305812,0.14455256148305812,0.99998657944260205,-1.3420647454468171e-05,1.3420647454468171e-05,0.14453914083560365
323,10746,0.99977666116377473,-0.00022336378005720047,0.00022336378005720047,0.99999728343350369,-2.7165701861913634e-06,2.7165701861913634e-06,0.00022064720987100911
324,14362,4.3103630685244069e-07,-14.657073511753785,14.657073511753785,0.99999747583638887,-2.52416679687562e-06,2.52416679687562e-06,14.657070987586987
325,392,0.99470519798174961,-0.005308869159580374,0.005308869159580374,0.99999961709503415,-3.8290503919779409e-07,3.8290503919779409e-07,0.0053084862545411766
326,13,0.50934683137926784,-0.67462609687585073,0.67462609687585073,0.61051547815520602,-0.49345163250918495,0.49345163250918495,0.18117446436666579
327,3297,0.99959107677274328,-0.00040900685915968855,0.00040900685915968855,0.99995618260313168,-4.3818356878548949e-05,4.3818356878548949e-05,0.0003651885022811396
328,121513,0.99158975817038775,-0.0084458074642081663,0.0084458074642081663,0.9995246323483703,-0.00047548067465154543,0.00047548067465154543,0.0079703267895566213
329,574,0.99994461935796175,-5.5382175602645353e-05,5.5382175602645353e-05,0.99999932003194314,-6.7996828808972599e-07,6.7996828808972599e-07,5.4702207314555624e-05
330,264,0.99739928694454949,-0.0026041007845979086,0.0026041007845979086,0.99999798479468394,-2.015207346616919e-06,2.015207346616919e-06,0.0026020855772512915
331,348,0.99996382529466532,-3.6175359655093642e-05,3.6175359655093642e-05,0.99999988810151808,-1.1189848820971665e-07,1.1189848820971665e-07,3.6063461166883927e-05
332,395,0.9999991384349276,-8.6156544354393167e-07,8.6156544354393167e-07,0.9999997445718114,-2.5542822125957146e-07,2.5542822125957146e-07,6.0613722228436022e-07
333,278,0.99999980618776219,-1.938122565581698e-07,1.938122565581698e-07,0.99999993457896574,-6.5421036446465732e-08,6.5421036446465732e-08,1.2839122011170406e-07
334,1614,0.9999975806008059,-2.4194021208821519e-06,2.4194021208821519e-06,0.99999965154535042,-3.4845471032716003e-07,3.4845471032716003e-07,2.0709474105549918e-06
335,315,0.99489075061757626,-0.0051223462261222544,0.0051223462261222544,0.9999999556698469,-4.4330154119719911e-08,4.4330154119719911e-08,0.0051223018959681349
336,3320,0.99971624288722383,-0.00028379737944319032,0.00028379737944319032,0.99999848577597295,-1.5142251734479961e-06,1.5142251734479961e-06,0.00028228315426974231
337,96323,0.99999704621656915,-2.9537877933221805e-06,2.9537877933221805e-06,0.99999010261409849,-9.8974348809400073e-06,9.8974348809400073e-06,-6.9436470876178268e-06
338,11,0.99760870336837548,-0.0023941603476552542,0.0023941603476552542,0.99994883519864486,-5.1166110318233394e-05,5.1166110318233394e-05,0.0023429942373370208
339,9749,0.9999925930454775,-7.4069819540817056e-06,7.4069819540817056e-06,0.99999731505654332,-2.6849470611032489e-06,2.6849470611032489e-06,4.7220348929784567e-06
340,311,0.99999843620051354,-1.5638007092105284e-06,1.5638007092105284e-06,0.99999945653452871,-5.4346561893399546e-07,5.4346561893399546e-07,1.020335090276533e-06
341,98887,0.99455177083290791,-0.0054631248958188112,0.0054631248958188112,0.99981393697371201,-0.00018608033816032028,0.00018608033816032028,0.0052770445576584913
342,350,0.99963875492959742,-0.00036131033512120297,0.00036131033512120297,0.99999828291312165,-1.7170883525722755e-06,1.7170883525722755e-06,0.00035959324676863071
343,36071,0.99999615627023608,-3.8437371510451273e-06,3.8437371510451273e-06,0.99999911995973911,-8.8004064814231361e-07,8.8004064814231361e-07,2.9636965029028138e-06
344,382,0.83994936847013346,-0.17441366459222005,0.17441366459222005,0.78078380983819173,-0.24745697944891129,0.24745697944891129,-0.073043314856691244
345,644,0.99475064535839586,-0.0052631809109004663,0.0052631809109004663,0.98969927288344195,-0.010354146763562716,0.010354146763562716,-0.0050909658526622501
346,220,0.99969243980643274,-0.00030760749990350769,0.00030760749990350769,0.99996985473305211,-3.01457213255747e-05,3.01457213255747e-05,0.00027746177857793298
347,10895,0.99994994234008783,-5.0058912838602044e-05,5.0058912838602044e-05,0.99999971939252175,-2.8060751759805546e-07,2.8060751759805546e-07,4.977830532100399e-05
348,16,0.9999962623321319,-3.737674853140823e-06,3.737674853140823e-06,0.99999984693025346,-1.5306975825513935e-07,1.5306975825513935e-07,3.5846050948856835e-06
349,11,0.99934555311571971,-0.00065466112812169258,0.00065466112812169258,0.99860656875557963,-0.0013944029725325691,0.0013944029725325691,-0.00073974184441087654
350,15506,0.99987974527756296,-0.00012026195361591256,0.00012026195361591256,0.99994845144533595,-5.1549883336400456e-05,5.1549883336400456e-05,6.8712070279512098e-05
351,1221,3.2872544818630416e-05,-10.322872752578238,10.322872752578238,0.97986797233393896,-0.020337438501583351,0.020337438501583351,10.302535314076655
352,56409,0.99988660670818974,-0.00011339972131561255,0.00011339972131561255,0.99998732103459498,-1.2679045783765729e-05,1.2679045783765729e-05,0.00010072067553184682
353,67987,0.99979558694374981,-0.0002044339514465139,0.0002044339514465139,0.99997726115132457,-2.2739107206916772e-05,2.2739107206916772e-05,0.00018169484423959713
354,11721,0.99981235368174326,-0.00018766392602987745,0.00018766392602987745,0.99999540766371353,-4.5923468313133033e-06,4.5923468313133033e-06,0.00018307157919856415
355,505,0.9996560292129304,-0.0003440299585900663,0.0003440299585900663,0.99998375892916946,-1.6241202718156351e-05,1.6241202718156351e-05,0.00032778875587190996
356,12550,0.99999630230184766,-3.6977049888816098e-06,3.6977049888816098e-06,0.99999891434856192,-1.0856520273743123e-06,1.0856520273743123e-06,2.6120529615072972e-06
357,11,0.034237281320962397,-3.3744401315338233,3.3744401315338233,0.98285988706693983,-0.017288705040037499,0.017288705040037499,3.3571514264937856
358,505,9.331121156703208e-06,-11.582155383475261,11.582155383475261,0.99761399455829092,-0.0023888564886715546,0.0023888564886715546,11.579766526986589
359,4028,0.00021156679184077811,-8.4609698086668583,8.4609698086668583,0.99999944745511371,-5.5254503894804555e-07,5.5254503894804555e-07,8.4609692561218193
360,279,0.98509595878014022,-0.015016222473715543,0.015016222473715543,0.99999983824404981,-1.6175596330862374e-07,1.6175596330862374e-07,0.015016060717752236
361,16867,0.91818550173583713,-0.085355837167698234,0.085355837167698234,0.99999936132598699,-6.3867421695283973e-07,6.3867421695283973e-07,0.085355198493481277
362,11,0.24565002563388461,-1.4038474160162351,1.4038474160162351,0.99999172708444961,-8.2729497711425415e-06,8.2729497711425415e-06,1.4038391430664638
363,323,0.85310352290717029,-0.15887437554000436,0.15887437554000436,0.99999960814371625,-3.9185636052272975e-07,3.9185636052272975e-07,0.15887398368364383
364,18538,0.99490190116223809,-0.0051111384807805997,0.0051111384807805997,0.99998232575285462,-1.7674403336758595e-05,1.7674403336758595e-05,0.0050934640774438411
365,3118,0.88994045887418438,-0.11660071863523168,0.11660071863523168,0.99997044033986693,-2.9560097028464719e-05,2.9560097028464719e-05,0.11657115853820321
366,11477,0.99859887043918438,-0.0014021120606857375,0.0014021120606857375,0.99999965566918525,-3.4433087403987482e-07,3.4433087403987482e-07,0.0014017677298116976
367,57664,0.99993741009447823,-6.2591864351623096e-05,6.2591864351623096e-05,0.99999970980838071,-2.9019166145021566e-07,2.9019166145021566e-07,6.2301672690172878e-05
368,304,0.98309919985445127,-0.017045248510056302,0.017045248510056302,0.99999681074174829,-3.1892633374258839e-06,3.1892633374258839e-06,0.017042059246718876
369,1148,0.9893039236268788,-0.010753690597063978,0.010753690597063978,0.99999976846014971,-2.3153987711119613e-07,2.3153987711119613e-07,0.010753459057186866
370,3432,2.83412713973393e-05,-10.471191462416586,10.471191462416586,0.99969841230234446,-0.00030163318437092276,0.00030163318437092276,10.470889829232215
371,374,0.98175394053671172,-0.018414571743724229,0.018414571743724229,0.99999990301332276,-9.6986681978579719e-08,9.6986681978579719e-08,0.018414474757042252
372,61894,0.4281781734335946,-0.84821587695711331,0.84821587695711331,0.9999641647384544,-3.5835903643896362e-05,3.5835903643896362e-05,0.84818004105346945
373,309,0.99998816372830823,-1.183634174093066e-05,1.183634174093066e-05,0.99999999102529757,-8.9747024964177724e-09,8.9747024964177724e-09,1.1827367038434243e-05
374,44486,0.99996525749558729,-3.4743107947489925e-05,3.4743107947489925e-05,0.99999704723426186,-2.9527700975136147e-06,2.9527700975136147e-06,3.1790337849976313e-05
375,13,0.91720086671793799,-0.086428783038151671,0.086428783038151671,0.99998473612291561,-1.5263993578566555e-05,1.5263993578566555e-05,0.086413519044573103
376,15506,0.88024653933115526,-0.12755325241604362,0.12755325241604362,0.99997706411585507,-2.2936147176347737e-05,2.2936147176347737e-05,0.12753031626886727
377,86316,0.99005349061220727,-0.0099963063916976395,0.0099963063916976395,0.9999917821841533,-8.2178496131721635e-06,8.2178496131721635e-06,0.0099880885420844667
378,5246,0.98034628040941807,-0.019849422373445828,0.019849422373445828,0.99999719510287099,-2.8049010627508908e-06,2.8049010627508908e-06,0.019846617472383078
379,9052,0.99797672179973396,-0.0020253277926676437,0.0020253277926676437,0.99998354877853479,-1.6451356788067111e-05,1.6451356788067111e-05,0.0020088764358795765
380,1534,0.99743742575008321,-0.0025658632634056704,0.0025658632634056704,0.99999978538145362,-2.1461856942285258e-07,2.1461856942285258e-07,0.0025656486448362476
381,279,0.99963718315420214,-0.00036288267975393215,0.00036288267975393215,0.9999990307692902,-9.6923117945693689e-07,9.6923117945693689e-07,0.0003619134485744752
382,3363,0.99933686138269084,-0.00066335859097614179,0.00066335859097614179,0.99999844268033533,-1.5573208773263984e-06,1.5573208773263984e-06,0.00066180127009881544
383,323,0.95394641188576268,-0.04714778113906043,0.04714778113906043,0.99988197156153491,-0.00011803540436936695,0.00011803540436936695,0.047029745734691063
384,32762,0.99885625941084311,-0.0011443951595779989,0.0011443951595779989,0.99999506462002041,-4.9353921585902404e-06,4.9353921585902404e-06,0.0011394597674194086
385,350,0.99924680402341926,-0.0007534797711812567,0.0007534797711812567,0.99999862147544116,-1.3785255090391604e-06,1.3785255090391604e-06,0.00075210124567221752
386,36071,0.99998488432655641,-1.5115787686501433e-05,1.5115787686501433e-05,0.9999989810876958,-1.0189128232736324e-06,1.0189128232736324e-06,1.40968748632278e-05
387,1234,0.9931527710888447,-0.0068707787453383944,0.0068707787453383944,0.99999984238005024,-1.5761996220579372e-07,1.5761996220579372e-07,0.006870621125376189
388,57664,0.99766716305054237,-0.0023355622528579414,0.0023355622528579414,0.99999962441918455,-3.7558088602703207e-07,3.7558088602703207e-07,0.0023351866719719143
389,323,0.76637009109667498,-0.26609007827399939,0.26609007827399939,0.99824062190603291,-0.0017609276173376008,0.0017609276173376008,0.26432915065666179
390,1243,0.0020544803960193224,-6.187732311657947,6.187732311657947,0.9999961217876483,-3.8782198720354852e-06,3.8782198720354852e-06,6.1877284334380747
391,5918,0.98901210611311463,-0.011048706672851454,0.011048706672851454,0.99999504786368132,-4.9521485806004676e-06,4.9521485806004676e-06,0.011043754524270854
392,1063,0.44967102911847417,-0.79923900996588648,0.79923900996588648,0.99999947730819028,-5.2269194634584619e-07,5.2269194634584619e-07,0.79923848727394009
393,315,0.99721103869036565,-0.0027928577085176982,0.0027928577085176982,0.99999973391266583,-2.6608736959742442e-07,2.6608736959742442e-07,0.0027925916211481009
394,279,0.99809816229594073,-0.0019036484936350571,0.0019036484936350571,0.99999987548091895,-1.2451908883677967e-07,1.2451908883677967e-07,0.0019035239745462203
395,24417,0.9943230636056436,-0.005693111443300005,0.005693111443300005,0.99999974964181571,-2.5035821568295447e-07,2.5035821568295447e-07,0.005692861085084322
396,31012,0.99102324802516661,-0.0090172857697259044,0.0090172857697259044,0.99999349401156379,-6.5060096002263866e-06,6.5060096002263866e-06,0.0090107797601256777
397,304,0.97286629817222248,-0.027508618188458355,0.027508618188458355,0.9999996764361877,-3.2356386464615983e-07,3.2356386464615983e-07,0.027508294624593709
398,279,0.99827973357818356,-0.0017217477792274662,0.0017217477792274662,0.99999956164016413,-4.3835993197468963e-07,4.3835993197468963e-07,0.0017213094192954916
399,3224,0.92500963002509495,-0.077951130685963821,0.077951130685963821,0.99999762030404205,-2.379698789383902e-06,2.379698789383902e-06,0.077948750987174437
400,11,0.25611921459954412,-1.3621122608693308,1.3621122608693308,0.99999834325407566,-1.656747296736666e-06,1.656747296736666e-06,1.3621106041220341
401,2737,0.28502306117802034,-1.2551851855729366,1.2551851855729366,0.99999613414848565,-3.8658589867314907e-06,3.8658589867314907e-06,1.2551813197139499
402,5960,0.29681228665730508,-1.2146553714524018,1.2146553714524018,0.99998820018424617,-1.1799885372199512e-05,1.1799885372199512e-05,1.2146435715670296
403,4701,0.9915769681442218,-0.0084587060531128751,0.0084587060531128751,0.99999384907266164,-6.1509462554268449e-06,6.1509462554268449e-06,0.0084525551068574487
404,45335,0.99434389886407526,-0.0056721574486637682,0.0056721574486637682,0.99999836801219555,-1.631989136181326e-06,1.631989136181326e-06,0.005670525459527587
405,9441,0.86793017516127191,-0.14164401092011766,0.14164401092011766,0.99999558411373668,-4.4158960134164422e-06,4.4158960134164422e-06,0.14163959502410425
406,13,0.47711798465232119,-0.73999147139959143,0.73999147139959143,0.96141658911326977,-0.039347468508601359,0.039347468508601359,0.70064400289099005
407,578,0.91356169892803174,-0.090404364199090037,0.090404364199090037,0.99995915651945533,-4.0844314662382756e-05,4.0844314662382756e-05,0.090363519884427659
408,1221,0.0046701679822490133,-5.3665602374452535,5.3665602374452535,0.99998943905264559,-1.0561003121601557e-05,1.0561003121601557e-05,5.3665496764421317
409,56409,0.99917734024326377,-0.00082299832697201297,0.00082299832697201297,0.99995684511461314,-4.3155816585764064e-05,4.3155816585764064e-05,0.00077984251038624888
410,67987,0.98727973828168758,-0.01280185692750461,0.01280185692750461,0.99998368638645363,-1.6313746614816065e-05,1.6313746614816065e-05,0.012785543180889794
411,28379,0.95223809881210186,-0.048940171667287209,0.048940171667287209,0.99992140725177148,-7.8595836800377921e-05,7.8595836800377921e-05,0.048861575830486829
412,279,0.99483009153702628,-0.0051833186794269116,0.0051833186794269116,0.9999997640745405,-2.3592548729366024e-07,2.3592548729366024e-07,0.0051830827539396176
413,3158,0.99323947311601246,-0.0067834827669374974,0.0067834827669374974,0.99999959225391732,-4.0774616585861617e-07,4.0774616585861617e-07,0.0067830750207716391
414,88858,0.80239735073205065,-0.22015134401975886,0.22015134401975886,0.99984324385975654,-0.00015676842777129628,0.00015676842777129628,0.21999457559198757
415,1050,0.88787200929923249,-0.11892768005025835,0.11892768005025835,0.99999758772175595,-2.4122811536165463e-06,2.4122811536165463e-06,0.11892526776910473
416,3394,0.99956795389395359,-0.00043213946485642961,0.00043213946485642961,0.99999947636215669,-5.2363798043491815e-07,5.2363798043491815e-07,0.0004316158268759947
417,409,0.99207294173332083,-0.0079586444273545536,0.0079586444273545536,0.99999998571939819,-1.4280601932265628e-08,1.4280601932265628e-08,0.0079586301467526217
418,11514,0.1542925574912079,-1.8689047547931186,1.8689047547931186,0.99996426013318795,-3.5740505496324297e-05,3.5740505496324297e-05,1.8688690142876223
419,6374,0.99950600695921876,-0.00049411509554124174,0.00049411509554124174,0.99999810700567793,-1.8929961138210435e-06,1.8929961138210435e-06,0.00049222209942742067
420,320,0.77077881426485284,-0.26035382820516073,0.26035382820516073,0.9999989652418757,-1.0347586596325895e-06,1.0347586596325895e-06,0.26035279344650109
421,3648,0.94413151235509563,-0.057489808604438808,0.057489808604438808,0.99999944298840682,-5.5701174835926158e-07,5.5701174835926158e-07,0.05748925159269045
422,15422,0.99434019794802952,-0.0056758794234628264,0.0056758794234628264,0.99999919761929112,-8.023810307858698e-07,8.023810307858698e-07,0.0056750770424320402
423,315,0.99997032778837214,-2.9672651856629519e-05,2.9672651856629519e-05,0.99999993598061787,-6.4019384187439195e-08,6.4019384187439195e-08,2.960863247244208e-05
424,11514,0.95311599174469108,-0.04801867051528276,0.04801867051528276,0.99999201747354904,-7.9825583115029975e-06,7.9825583115029975e-06,0.048010687956971256
425,4618,0.11423882764698205,-2.169464042637304,2.169464042637304,0.99998235738001451,-1.7642775618378011e-05,1.7642775618378011e-05,2.1694463998616857
426,8,0.61765626496302684,-0.48182318182558559,0.48182318182558559,0.99999714150691288,-2.8584971726336418e-06,2.8584971726336418e-06,0.48182032332841296
427,323,0.83034769370375283,-0.18591075783217506,0.18591075783217506,0.99999860863363332,-1.3913673346203811e-06,1.3913673346203811e-06,0.18590936646484044
428,66663,0.76651125433810918,-0.2659058980147071,0.2659058980147071,0.99999578213725382,-4.217871641383549e-06,4.217871641383549e-06,0.2659016801430657
429,279,0.46509057829718192,-0.76552310032733584,0.76552310032733584,0.99999952841641837,-4.7158369281141811e-07,4.7158369281141811e-07,0.76552262874364307
430,836,0.96406579125600778,-0.036595738509513802,0.036595738509513802,0.99999966921090389,-3.3078915087186732e-07,3.3078915087186732e-07,0.036595407720362932
431,311,0.91216062166796585,-0.091939184165193616,0.091939184165193616,0.99999997705926547,-2.2940734826210913e-08,2.2940734826210913e-08,0.09193916122445879
432,57664,0.99441174403336341,-0.0056039286850580496,0.0056039286850580496,0.99999923747679487,-7.6252349583605297e-07,7.6252349583605297e-07,0.0056031661615622138
433,382,0.92377415251774353,-0.079287660898885198,0.079287660898885198,0.99990509790996362,-9.4906593524641926e-05,9.4906593524641926e-05,0.07919275430536056
434,1692,0.9750925833120353,-0.025222855249330399,0.025222855249330399,0.99996237122901188,-3.7629478968062703e-05,3.7629478968062703e-05,0.025185225770362335
435,10746,0.9998349456149348,-0.0001650680080392146,0.0001650680080392146,0.99998685424242073,-1.3145843985491792e-05,1.3145843985491792e-05,0.00015192216405372281
436,6244,0.98651982856170117,-0.013571853810974635,0.013571853810974635,0.99999710464584846,-2.8953583430621845e-06,2.8953583430621845e-06,0.013568958452631572
437,279,0.9906057640689292,-0.0094386400796054645,0.0094386400796054645,0.99999960664013265,-3.9335994474462267e-07,3.9335994474462267e-07,0.009438246719660719
438,4219,0.98928157617842949,-0.010776279914990722,0.010776279914990722,0.9999992336197705,-7.6638052313828189e-07,7.6638052313828189e-07,0.010775513534467583
439,315,0.99748362331883311,-0.0025195480783714108,0.0025195480783714108,0.99999983085995736,-1.6914005697803417e-07,1.6914005697803417e-07,0.0025193789383144327
440,15506,0.99912592397278499,-0.00087445825441238943,0.00087445825441238943,0.99999952903042955,-4.7096968137043868e-07,4.7096968137043868e-07,0.00087398728473101893
441,5820,0.9967480647732837,-0.003257234259268054,0.003257234259268054,0.99999862825889341,-1.3717420474712238e-06,1.3717420474712238e-06,0.0032558625172205828
442,304,0.99732206419363978,-0.0026815278907992338,0.0026815278907992338,0.99999983874720999,-1.6125280298765425e-07,1.6125280298765425e-07,0.0026813666379962462
443,279,0.99019138649466576,-0.0098570348457634807,0.0098570348457634807,0.9999998277994161,-1.7220059871975663e-07,1.7220059871975663e-07,0.0098568626451647611
444,13759,0.99396542787575459,-0.0060528537395293349,0.0060528537395293349,0.99999882309516508,-1.1769055274814969e-06,1.1769055274814969e-06,0.0060516768340018534
445,6460,0.99949282636348624,-0.00050730229256505275,0.00050730229256505275,0.99999824115181513,-1.7588497316223798e-06,1.7588497316223798e-06,0.00050554344283343041
446,323,0.96628317886269033,-0.034298341907869428,0.034298341907869428,0.9999904925331935,-9.5075120027709272e-06,9.5075120027709272e-06,0.034288834395866656
447,832,0.94421431920695842,-0.057402105546522399,0.057402105546522399,0.99999946749562585,-5.3250451592149376e-07,5.3250451592149376e-07,0.057401573042006479
448,842,0.92045358707730607,-0.082888701006273574,0.082888701006273574,0.99999969573737113,-3.0426267517433046e-07,3.0426267517433046e-07,0.082888396743598394
449,315,0.99952043547027403,-0.00047967955757208166,0.00047967955757208166,0.99999980746422379,-1.9253579475757631e-07,1.9253579475757631e-07,0.0004794870217773241
450,279,0.99985851818483307,-0.00014149182466306967,0.00014149182466306967,0.99999989182974558,-1.0817026022727563e-07,1.0817026022727563e-07,0.00014138365440284241
451,57664,0.99280054491171899,-0.0072254962283537913,0.0072254962283537913,0.99999961810116988,-3.8189890307510052e-07,3.8189890307510052e-07,0.0072251143294507162
452,6830,0.97887645988991046,-0.021349834516504022,0.021349834516504022,0.99984174342623422,-0.00015826909765871138,0.00015826909765871138,0.021191565418845312
453,11600,0.99981540111204981,-0.00018461592842208675,0.00018461592842208675,0.99989428067328812,-0.00010572491539376934,0.00010572491539376934,7.8891013028317412e-05
454,360,0.9999191277367393,-8.0875533598536762e-05,8.0875533598536762e-05,0.99999997360262194,-2.6397378378927808e-08,2.6397378378927808e-08,8.0849136220157832e-05
455,1030,0.99998860740707007,-1.1392657825974815e-05,1.1392657825974815e-05,0.99999957309339549,-4.2690669568544535e-07,4.2690669568544535e-07,1.096575113028937e-05
456,480,0.77687421467075701,-0.25247682760004481,0.25247682760004481,0.99996112429173412,-3.8876463945832773e-05,3.8876463945832773e-05,0.25243795113609896
457,5164,0.99999574555197701,-4.2544570731836419e-06,4.2544570731836419e-06,0.99999922386669682,-7.761336043971855e-07,7.761336043971855e-07,3.4783234687864563e-06
458,263,0.99992280260401467,-7.7200375857646323e-05,7.7200375857646323e-05,0.99999966150319253,-3.3849686475761171e-07,3.3849686475761171e-07,7.686187899288871e-05
459,6696,0.98869262018419335,-0.011371794267730762,0.011371794267730762,0.99999926077828438,-7.3922198884481932e-07,7.3922198884481932e-07,0.011371055045741917
460,6149,0.99847577765714679,-0.0015253851514645024,0.0015253851514645024,0.99999970605150534,-2.9394853782872438e-07,2.9394853782872438e-07,0.0015250912029266736
461,11,0.94097450645046976,-0.06083923173987308,0.06083923173987308,0.99999954050646256,-4.594936430385458e-07,4.594936430385458e-07,0.060838772246230043
462,31799,0.7599785205643198,-0.27446510851651862,0.27446510851651862,0.99999474133361621,-5.2586802106746162e-06,5.2586802106746162e-06,0.27445984983630795
463,15506,0.33066558138479518,-1.106647742473194,1.106647742473194,0.99999651413693569,-3.4858691399430703e-06,3.4858691399430703e-06,1.106644256604054
464,5270,0.99915486521591823,-0.00084549211182432409,0.00084549211182432409,0.99999803638340135,-1.9636185265591821e-06,1.9636185265591821e-06,0.00084352849329776491
465,449,0.46912737054082732,-0.75688096842844321,0.75688096842844321,0.9999997896495193,-2.1035050287473531e-07,2.1035050287473531e-07,0.75688075807794031
466,13936,0.95712435296269838,-0.043821955570811498,0.043821955570811498,0.99999382237045487,-6.1776486267851334e-06,6.1776486267851334e-06,0.043815777922184711
467,11,0.31934830511117679,-1.1414729062966646,1.1414729062966646,0.99999359479455263,-6.4052259608244496e-06,6.4052259608244496e-06,1.1414665010707039
468,832,0.057314458286199625,-2.8592023609786361,2.8592023609786361,0.99999947221438268,-5.2778575659739344e-07,5.2778575659739344e-07,2.8592018331928797
469,315,0.99893879270374264,-0.0010617707754009078,0.0010617707754009078,0.99999996467604257,-3.5323958023135632e-08,3.5323958023135632e-08,0.0010617354514428847
470,279,0.99930283888744986,-0.0006974042423655895,0.0006974042423655895,0.99999996610137831,-3.3898622223120664e-08,3.3898622223120664e-08,0.00069737034374336634
471,30758,0.39929133718584647,-0.91806396014993807,0.91806396014993807,0.99999964236289118,-3.5763717276204423e-07,3.5763717276204423e-07,0.91806360251276531
472,10507,0.44683273469779727,-0.80557094970404342,0.80557094970404342,0.99999674534835481,-3.2546569415375935e-06,3.2546569415375935e-06,0.80556769504710191
473,315,0.9994972977905533,-0.00050282860656420552,0.00050282860656420552,0.99999985523963753,-1.4476037298033686e-07,1.4476037298033686e-07,0.00050268384619122513
474,81069,0.96984560755093641,-0.030618387626456498,0.030618387626456498,0.99996896565822047,-3.1034823354640423e-05,3.1034823354640423e-05,0.030587352803101858
475,13,0.97474251540014689,-0.025581929630421357,0.025581929630421357,0.99999188833044494,-8.1117024548070847e-06,8.1117024548070847e-06,0.02557381792796655
476,24586,0.81883871369459937,-0.19986814529830399,0.19986814529830399,0.99997206507424863,-2.7935315938670231e-05,2.7935315938670231e-05,0.19984020998236532
477,311,0.99965527649671315,-0.00034478293409225848,0.00034478293409225848,0.99999992659095926,-7.3409043480699644e-08,7.3409043480699644e-08,0.00034470952504877779
478,279,0.0105771832207737,-4.5490561242209058,4.5490561242209058,0.98135778348862812,-0.018818172872088829,0.018818172872088829,4.5302379513488171
479,8792,0.052679591294328434,-2.9435271604073034,2.9435271604073034,0.9999972637236002,-2.7362801434102528e-06,2.7362801434102528e-06,2.9435244241271601
480,3813,0.99109548774709277,-0.0089443943524213781,0.0089443943524213781,0.99999871665487061,-1.28334595291519e-06,1.28334595291519e-06,0.008943111006468463
481,304,0.27245446010360458,-1.3002837977306101,1.3002837977306101,0.99999919438849871,-8.0561182581774877e-07,8.0561182581774877e-07,1.3002829921187842
482,279,0.96023673299867707,-0.040575428046644664,0.040575428046644664,0.99999962155406608,-3.7844600553207033e-07,3.7844600553207033e-07,0.040575049600639131
483,16867,0.98782773237781818,-0.012246956378210605,0.012246956378210605,0.99999893813492591,-1.0618656378553264e-06,1.0618656378553264e-06,0.01224589451257275
484,9581,0.00034578931274692774,-7.9696808910720103,7.9696808910720103,0.99996802741832735,-3.1973092806572425e-05,3.1973092806572425e-05,7.9696489179792041
485,6696,0.026317298338165804,-3.6375288245197797,3.6375288245197797,0.99999701583180367,-2.9841726490027028e-06,2.9841726490027028e-06,3.6375258403471307
486,11543,0.11278827033190225,-2.1822429317444474,2.1822429317444474,0.99999942132031672,-5.7867985069100368e-07,5.7867985069100368e-07,2.1822423530645967
487,11,0.95202853112021479,-0.049160274975761968,0.049160274975761968,0.99999980204950434,-1.9795051526040441e-07,1.9795051526040441e-07,0.049160077025246711
488,57664,0.94080595499929143,-0.061018372139172612,0.061018372139172612,0.99999900724565094,-9.9275484182438183e-07,9.9275484182438183e-07,0.061017379384330786
489,4036,0.54084011624698003,-0.61463157755376541,0.61463157755376541,0.99999807359570347,-1.9264061520360889e-06,1.9264061520360889e-06,0.61462965114761337
490,279,0.99358733610010752,-0.0064333133550532034,0.0064333133550532034,0.99999975283798181,-2.4716204870314531e-07,2.4716204870314531e-07,0.0064330661930044998
491,1647,0.10811191735364528,-2.2245883166238714,2.2245883166238714,0.99999402210659194,-5.977911275727511e-06,5.977911275727511e-06,2.2245823387125956
492,25840,0.99348953726782196,-0.0065317482305985728,0.0065317482305985728,0.99999246353327398,-7.5364951253585378e-06,7.5364951253585378e-06,0.0065242117354732138
493,315,0.024949863651486187,-3.690886921669835,3.690886921669835,0.99999498437938517,-5.015633193068726e-06,5.015633193068726e-06,3.6908819060366418
494,279,0.69874754243056258,-0.35846577161302018,0.35846577161302018,0.99999833217646972,-1.6678249211255286e-06,1.6678249211255286e-06,0.35846410378809906
495,330,0.65896828668361584,-0.41707986903120015,0.41707986903120015,0.99958317370467986,-0.00041691319154826692,0.00041691319154826692,0.41666295583965191
496,92140,0.98638702828069413,-0.013706477785489226,0.013706477785489226,0.99985062440403005,-0.00014938675361539009,0.00014938675361539009,0.013557091031873835
497,75,0.99997732353019941,-2.267672691565996e-05,2.267672691565996e-05,0.99999998134037693,-1.8659623227882365e-08,1.8659623227882365e-08,2.2658067292432079e-05
498,315,0.99941278135149936,-0.00058739112889698948,0.00058739112889698948,0.9999999709649523,-2.903504816612748e-08,2.903504816612748e-08,0.00058736209384882337
499,279,0.9960648006360745,-0.003942962634313184,0.003942962634313184,0.9999994987765336,-5.0122359202904232e-07,5.0122359202904232e-07,0.0039424614107211545
500,62574,0.99865640649931386,-0.0013444969317537138,0.0013444969317537138,0.9999936837106792,-6.3163092686257339e-06,6.3163092686257339e-06,0.001338180622485088
501,2266,0.11936443561533039,-2.1255739815605752,2.1255739815605752,0.31624167982505802,-1.1512485481400625,1.1512485481400625,0.9743254334205127
502,62897,0.78928873120401544,-0.23662307931887283,0.23662307931887283,0.99992370507341966,-7.6297837186287137e-05,7.6297837186287137e-05,0.23654678148168654
503,6037,0.98320611613419728,-0.016936500108694633,0.016936500108694633,0.99999821126665422,-1.7887349455399898e-06,1.7887349455399898e-06,0.016934711373749092
504,315,0.88793912090902816,-0.11885209587502037,0.11885209587502037,0.99999971281188194,-2.8718815931543275e-07,2.8718815931543275e-07,0.11885180868686106
505,57664,0.99579487198426286,-0.0042139944315570665,0.0042139944315570665,0.99999975622637371,-2.4377365596915825e-07,2.4377365596915825e-07,0.0042137506579010978
506,323,0.71496352234519045,-0.33552375528861084,0.33552375528861084,0.99999972566733697,-2.7433270067446544e-07,2.7433270067446544e-07,0.33552348095591017
507,279,0.99322778604830186,-0.0067952494524007269,0.0067952494524007269,0.9999999037861117,-9.6213892887238831e-08,9.6213892887238831e-08,0.0067951532385078393
508,4553,0.01613767402132384,-4.1265987392068633,4.1265987392068633,0.99999971856905534,-2.8143098421690922e-07,2.8143098421690922e-07,4.126598457775879
509,57281,0.34956152147838965,-1.0510757056793718,1.0510757056793718,0.99999200455297077,-7.9954789929434354e-06,7.9954789929434354e-06,1.0510677102003789
510,5438,0.69490382417102392,-0.36398182548082009,0.36398182548082009,0.99999977600374601,-2.2399627908452353e-07,2.2399627908452353e-07,0.36398160148454101
511,82179,0.99994889562333955,-5.1105682533592618e-05,5.1105682533592618e-05,0.99999992607277155,-7.3927231157485317e-08,7.3927231157485317e-08,5.1031755302435132e-05
512,6438,0.99966262941306561,-0.00033742750919378664,0.00033742750919378664,0.99999982322044023,-1.7677957534022655e-07,1.7677957534022655e-07,0.00033725072961844643
513,36513,0.97414283859217066,-0.026197334559883951,0.026197334559883951,0.99998605550699304,-1.3944590232272209e-05,1.3944590232272209e-05,0.02618338996965168
514,369,0.97702970774375331,-0.023238220294421682,0.023238220294421682,0.99999978036810377,-2.1963192029012344e-07,2.1963192029012344e-07,0.023238000662501392
515,927,0.35363461137334667,-1.0394910701656865,1.0394910701656865,0.99999999129397177,-8.7060283047890575e-09,8.7060283047890575e-09,1.0394910614596582
516,2380,0.45203737538049477,-0.79399041367354417,0.79399041367354417,0.99999962806816822,-3.7193190094452753e-07,3.7193190094452753e-07,0.79399004174164323
517,24552,0.95876954306512374,-0.042104542607378233,0.042104542607378233,0.99999906616213996,-9.3383829609293409e-07,9.3383829609293409e-07,0.042103608769082139
518,11,0.56000549483609707,-0.57980868309376532,0.57980868309376532,0.99962055373563807,-0.00037951827231169784,0.00037951827231169784,0.57942916482145357
519,3156,0.94921526362203512,-0.052119674037771513,0.052119674037771513,0.9999966891390798,-3.3108664010654294e-06,3.3108664010654294e-06,0.052116363171370444
520,220,0.85159652784684003,-0.16064242318244426,0.16064242318244426,0.99999812445865643,-1.8755431023641682e-06,1.8755431023641682e-06,0.16064054763934191
521,9378,0.99998833861897252,-1.1661449021964463e-05,1.1661449021964463e-05,0.99999996508655753,-3.4913443082190011e-08,3.4913443082190011e-08,1.1626535578882273e-05
522,23,0.99994298861164943,-5.7013013561595888e-05,5.7013013561595888e-05,0.99999996886786324,-3.1132137272023716e-08,3.1132137272023716e-08,5.6981881424323864e-05
523,13,0.82272435110942954,-0.19513406623055102,0.19513406623055102,0.99999581032265827,-4.189686118493094e-06,4.189686118493094e-06,0.19512987654443253
524,2468,0.065865131969636101,-2.720146082664062,2.720146082664062,0.99751910419593537,-0.0024839783253915622,0.0024839783253915622,2.7176621043386704
525,2204,0.84032207900755818,-0.17397003324432458,0.17397003324432458,0.99999758672026562,-2.4132826463092252e-06,2.4132826463092252e-06,0.17396761996167828
526,3115,0.97598667879257062,-0.02430634144029381,0.02430634144029381,0.99999940099947815,-5.9900070127348259e-07,5.9900070127348259e-07,0.024305742439592538
527,2391,0.38987662464486805,-0.94192493697117374,0.94192493697117374,0.99999592474768229,-4.0752606215439069e-06,4.0752606215439069e-06,0.94192086171055223
528,279,0.86123103245658761,-0.14939248016925172,0.14939248016925172,0.99999938773037356,-6.122698139283439e-07,6.122698139283439e-07,0.14939186789943779
529,1317,0.055563850344694368,-2.8902224628367281,2.8902224628367281,0.99999912335263685,-8.7664774738670578e-07,8.7664774738670578e-07,2.8902215861889808
530,15506,0.9062771149909058,-0.098410153270881484,0.098410153270881484,0.99999736413288964,-2.6358705842223386e-06,2.6358705842223386e-06,0.098407517400297267
531,4261,0.91767414310641915,-0.085912915312619562,0.085912915312619562,0.99999958589080207,-4.141092837188066e-07,4.141092837188066e-07,0.085912501203335837
532,11,0.73889075123096803,-0.30260520220866877,0.30260520220866877,0.992781416346186,-0.0072447636934162571,0.0072447636934162571,0.29536043851525251
533,1070,0.72808706284873126,-0.31733464611080303,0.31733464611080303,0.99998913046173632,-1.0869597337551058e-05,1.0869597337551058e-05,0.31732377651346549
534,1051,0.99508965669169613,-0.0049224386551214262,0.0049224386551214262,0.99999968722741472,-3.1277263417312754e-07,3.1277263417312754e-07,0.0049221258824872528
535,2254,0.9239140670643603,-0.079136212677912349,0.079136212677912349,0.99999886377120273,-1.1362294427300142e-06,1.1362294427300142e-06,0.079135076448469621
536,5891,0.51520693322652333,-0.66318664693292417,0.66318664693292417,0.99998362376234728,-1.6376371744792556e-05,1.6376371744792556e-05,0.66317027056117939
537,337,0.99999750251335295,-2.497489765771023e-06,2.497489765771023e-06,0.99999898371723062,-1.0162832858082602e-06,1.0162832858082602e-06,1.4812064799627628e-06
538,2641,0.99999724321972761,-2.7567840722718665e-06,2.7567840722718665e-06,0.99999991687437673,-8.3125626702064363e-08,8.3125626702064363e-08,2.6736584455698023e-06
539,11,0.96927717680230241,-0.031204663822582367,0.031204663822582367,0.99999991364521146,-8.6354792252050278e-08,8.6354792252050278e-08,0.031204577467790116
540,8620,0.90820408949269127,-0.096286157473666076,0.096286157473666076,0.99999512205989538,-4.8779520018031799e-06,4.8779520018031799e-06,0.096281279521664279
541,1672,0.086929021086092323,-2.4426633428990954,2.4426633428990954,0.9999982043212966,-1.7956803155837858e-06,1.7956803155837858e-06,2.4426615472187798
542,852,0.99583844765654583,-0.0041702357016140746,0.0041702357016140746,0.99999349035134422,-6.509669843606477e-06,6.509669843606477e-06,0.0041637260317704677
543,5247,0.99993455291292876,-6.5449228825315836e-05,6.5449228825315836e-05,0.99999616386541001,-3.8361419479893677e-06,3.8361419479893677e-06,6.1613086877326467e-05
544,11,0.9950033845837164,-0.0050091402376549621,0.0050091402376549621,0.99999916838575797,-8.3161458779146206e-07,8.3161458779146206e-07,0.0050083086230671703
545,11191,8.0178004531895262e-05,-9.4312613384143695,9.4312613384143695,0.99999919061946996,-8.0938085763625711e-07,8.0938085763625711e-07,9.4312605290335121
546,55066,0.93045473152160718,-0.072081853710767529,0.072081853710767529,0.99999742084355181,-2.5791597741671342e-06,2.5791597741671342e-06,0.072079274550993361
547,8951,0.68825396841881181,-0.37359736902063218,0.37359736902063218,0.99999914188296668,-8.58117401548039e-07,8.58117401548039e-07,0.37359651090323065
548,11,0.94930211265362452,-0.052028182611108469,0.052028182611108469,0.99999952776830703,-4.7223180451407469e-07,4.7223180451407469e-07,0.052027710379303954
549,2294,0.0036711419678249289,-5.6072525024217157,5.6072525024217157,0.99999936018929414,-6.3981091052046244e-07,6.3981091052046244e-07,5.6072518626108048
550,66579,0.99495256767528673,-0.0050602136379310179,0.0050602136379310179,0.99999677054105307,-3.2294641616395917e-06,3.2294641616395917e-06,0.0050569841737693787
551,11,0.974991619502102,-0.02532640340368985,0.02532640340368985,0.99999904473049772,-9.5526995850034475e-07,9.5526995850034475e-07,0.025325448133731349
552,24113,0.72921966939711791,-0.31578026260132336,0.31578026260132336,0.99999962788463737,-3.7211543184445047e-07,3.7211543184445047e-07,0.3157798904858915
553,52581,0.0061289968127255512,-5.0947241945104036,5.0947241945104036,0.99998747292576651,-1.2527152697968076e-05,1.2527152697968076e-05,5.0947116673577053
554,323,0.29263283793666739,-1.2288365686116431,1.2288365686116431,0.82071134705000592,-0.19758381837892613,0.19758381837892613,1.0312527502327171
555,30215,0.00029672492135134022,-8.1227050390774647,8.1227050390774647,0.99999360688534678,-6.393135089287618e-06,6.393135089287618e-06,8.1226986459423749
556,13865,0.11174734060980755,-2.1915148434467282,2.1915148434467282,0.99999822319477527,-1.7768068032371666e-06,1.7768068032371666e-06,2.1915130666399252
557,11,0.69867249241750395,-0.35857318386024606,0.35857318386024606,0.99999901192441509,-9.8807607308957081e-07,9.8807607308957081e-07,0.35857219578417299
558,323,0.90972354930906241,-0.094614517593432229,0.094614517593432229,0.99999989225257468,-1.0774743116786146e-07,1.0774743116786146e-07,0.094614409846001057
559,264,0.58578305776610506,-0.53480576653950662,0.53480576653950662,0.99999954239988642,-4.5760021826827065e-07,4.5760021826827065e-07,0.53480530893928835
560,8013,0.43334407260535368,-0.8362232415722789,0.8362232415722789,0.99999770032638413,-2.2996762601585917e-06,2.2996762601585917e-06,0.8362209418960187
561,30747,0.99155117939970683,-0.0084847142004415236,0.0084847142004415236,0.9999651942950506,-3.4806310681993964e-05,3.4806310681993964e-05,0.0084499078897595295
562,315,0.74021650465651812,-0.30081256171514753,0.30081256171514753,0.99999982914129648,-1.7085871812125315e-07,1.7085871812125315e-07,0.30081239085642941
563,279,0.93613882541264082,-0.065991495753986898,0.065991495753986898,0.9999997975395708,-2.0246044967158054e-07,2.0246044967158054e-07,0.065991293293537229
564,3363,0.99437345933011012,-0.0056424292764675112,0.0056424292764675112,0.99999888408599902,-1.1159146235751771e-06,1.1159146235751771e-06,0.0056413133618439361
565,2391,0.0012560923750531553,-6.6797496666237359,6.6797496666237359,0.99999556011637214,-4.4398934841945704e-06,4.4398934841945704e-06,6.679745226730252
566,872,0.0038031241888476348,-5.5719323950741542,5.5719323950741542,0.99999767504422032,-2.3249584824114146e-06,2.3249584824114146e-06,5.5719300701156715
567,46025,0.00099245955298403899,-6.9153242988942587,6.9153242988942587,0.99999796199490143,-2.0380071752875403e-06,2.0380071752875403e-06,6.9153222608870832
568,4879,0.52324846467067043,-0.64769885187787624,0.64769885187787624,0.99998736504519292,-1.2635034628767619e-05,1.2635034628767619e-05,0.64768621684324745
569,311,0.96182357678967545,-0.038924237245344405,0.038924237245344405,0.99999952419814708,-4.7580196609788053e-07,4.7580196609788053e-07,0.038923761443378307
570,51630,0.24366423832375353,-1.4119640737897163,1.4119640737897163,0.99992271255024467,-7.7290436584133808e-05,7.7290436584133808e-05,1.4118867833531321
571,279,0.89593509295024842,-0.10988730953491622,0.10988730953491622,0.99999971436067925,-2.8563936155822867e-07,2.8563936155822867e-07,0.10988702389555467
572,26363,0.38139980166091886,-0.96390710584500738,0.96390710584500738,0.99999908574594609,-9.1425447186371652e-07,9.1425447186371652e-07,0.96390619159053548
573,13,0.6533771153238328,-0.42560080442020692,0.42560080442020692,0.96712085999859609,-0.033431806852097186,0.033431806852097186,0.39216899756810975
574,7365,0.63931705996272337,-0.44735476618661596,0.44735476618661596,0.99986120918983312,-0.0001388004425026875,0.0001388004425026875,0.44721596574411326
575,574,0.96843184758983969,-0.032077167645858294,0.032077167645858294,0.99999921625311738,-7.8374718977200084e-07,7.8374718977200084e-07,0.032076383898668522
576,6118,0.051406372210462611,-2.9679931412388321,2.9679931412388321,0.99998828585432731,-1.1714214283804768e-05,1.1714214283804768e-05,2.9679814270245481
577,6288,0.095107039639691929,-2.3527522886194863,2.3527522886194863,0.99999341292671151,-6.5870949833782071e-06,6.5870949833782071e-06,2.352745701524503
578,28101,0.84026479442167556,-0.17403820536539788,0.17403820536539788,0.9999913160899524,-8.6839477529184764e-06,8.6839477529184764e-06,0.17402952141764497
579,11,0.17005981729976505,-1.7716050373531576,1.7716050373531576,0.9473883107434028,-0.054046226817068971,0.054046226817068971,1.7175588105360886
580,323,0.76011293669790669,-0.27428825582348471,0.27428825582348471,0.9999997842650693,-2.1573495394504438e-07,2.1573495394504438e-07,0.27428804008853075
581,279,0.23170287004082898,-1.4622994607373598,1.4622994607373598,0.99999962149420485,-3.7850586673650061e-07,3.7850586673650061e-07,1.4622990822314932
582,3363,0.56627285867230392,-0.56867923448346991,0.56867923448346991,0.99999726810351952,-2.7319002120884573e-06,2.7319002120884573e-06,0.56867650258325786
583,6052,0.033682831070612949,-3.3907670352246182,3.3907670352246182,0.99999630412691509,-3.6958799146533057e-06,3.6958799146533057e-06,3.3907633393447036
584,311,0.9977667418737286,-0.0022357555661788259,0.0022357555661788259,0.99999977711983223,-2.2288019255534794e-07,2.2288019255534794e-07,0.0022355326859862705
585,279,0.033125440080905962,-3.4074537093026898,3.4074537093026898,0.99999278907548195,-7.21095051693724e-06,7.21095051693724e-06,3.4074464983521726
586,2626,0.0036606113057497469,-5.6101251220868296,5.6101251220868296,0.99999656782551205,-3.432180377922093e-06,3.432180377922093e-06,5.6101216899064514
587,315,0.93506590038711723,-0.067138270479716627,0.067138270479716627,0.9999998611257459,-1.3887426377127123e-07,1.3887426377127123e-07,0.067138131605452858
588,6696,0.34410800846190759,-1.0667996928026025,1.0667996928026025,0.99999816355130833,-1.8364503779206645e-06,1.8364503779206645e-06,1.0667978563522245
589,382,0.25109324045155068,-1.3819309329278515,1.3819309329278515,0.99886638255111948,-0.0011342604791535595,0.0011342604791535595,1.380796672448698
590,644,0.60212421022623108,-0.50729152567682068,0.50729152567682068,0.99998610633697049,-1.3893759547369764e-05,1.3893759547369764e-05,0.50727763191727326
591,279,0.99635670425215173,-0.0036499487138655067,0.0036499487138655067,0.99999757267748723,-2.4273254587625506e-06,2.4273254587625506e-06,0.0036475213884067442
592,220,0.95522332256110765,-0.045810120225305305,0.045810120225305305,0.99999977343172053,-2.2656830509679883e-07,2.2656830509679883e-07,0.045809893657000209
593,777,0.99779749957585018,-0.0022049294955516462,0.0022049294955516462,0.99999997961195231,-2.0388047930805785e-08,2.0388047930805785e-08,0.0022049091075037153
594,339,0.9998581647985515,-0.00014184526101195376,0.00014184526101195376,0.99999983652642321,-1.634735901809328e-07,1.634735901809328e-07,0.00014168178742177283
595,9478,0.98519614285167034,-0.014914527835104796,0.014914527835104796,0.99999650320241107,-3.4968037027691989e-06,3.4968037027691989e-06,0.014911031031402027
596,11,0.92696662388852136,-0.075837718499709231,0.075837718499709231,0.99979854659255363,-0.00020147370190970394,0.00020147370190970394,0.075636244797799526
597,57664,0.99387283384695602,-0.0061460142653614307,0.0061460142653614307,0.99999959047735631,-4.0952272758535606e-07,4.0952272758535606e-07,0.0061456047426338457
598,574,0.69675427037123561,-0.36132248365251707,0.36132248365251707,0.99999920249340268,-7.9750691535452371e-07,7.9750691535452371e-07,0.36132168614560173
599,832,0.37613380562460896,-0.97781033287464114,0.97781033287464114,0.99999984833527644,-1.5166473503828517e-07,1.5166473503828517e-07,0.97781018120990615
600,315,0.99948039852329951,-0.00051973651632771466,0.00051973651632771466,0.99999996570665528,-3.4293345352722296e-08,3.4293345352722296e-08,0.00051970222298236188
601,279,0.99918945989090946,-0.00081086877433433717,0.00081086877433433717,0.99999993440281842,-6.5597183753879695e-08,6.5597183753879695e-08,0.00081080317715058329
602,1455,0.90114946638975502,-0.1040841456871424,0.1040841456871424,0.99999991714462366,-8.285537978855171e-08,8.285537978855171e-08,0.10408406283176261
603,6617,0.98911172171780704,-0.01094798941402758,0.01094798941402758,0.99999917509758818,-8.2490275204563778e-07,8.2490275204563778e-07,0.010947164511275535
604,9919,0.96635187794672739,-0.034227248212426037,0.034227248212426037,0.99999945959539649,-5.4040474948066273e-07,5.4040474948066273e-07,0.03422670780767656
605,304,0.99533183443554152,-0.0046790954776888705,0.0046790954776888705,0.99999994889891708,-5.1101084279598511e-08,5.1101084279598511e-08,0.0046790443766045907
606,13936,0.79776542170205023,-0.22594068251323593,0.22594068251323593,0.99999818861503798,-1.8113866026163554e-06,1.8113866026163554e-06,0.2259388711266333
607,13,0.79548080286425282,-0.22880856365858224,0.22880856365858224,0.99999726731552774,-2.7326882060482283e-06,2.7326882060482283e-06,0.22880583097037618
608,13538,0.85220699865165506,-0.15992582549797627,0.15992582549797627,0.9999926954252284,-7.3046014501463642e-06,7.3046014501463642e-06,0.15991852089652611
609,279,0.99769770017841641,-0.0023049541886996667,0.0023049541886996667,0.99999987880266517,-1.2119734214527858e-07,1.2119734214527858e-07,0.0023048329913575214
610,15506,0.87066820886450136,-0.13849430597161011,0.13849430597161011,0.99999296404328741,-7.0359814650776823e-06,7.0359814650776823e-06,0.13848726999014505
611,24145,0.97763386995443446,-0.022620045139562391,0.022620045139562391,0.99442489959722291,-0.005590699278910637,0.005590699278910637,0.017029345860651753
612,5111,0.92910827942598606,-0.073529992142214631,0.073529992142214631,0.99999662595732053,-3.3740483715907865e-06,3.3740483715907865e-06,0.073526618093843046
613,11,0.9434269366746979,-0.058236355778629345,0.058236355778629345,0.9999997514680925,-2.4853193834285247e-07,2.4853193834285247e-07,0.058236107246691003
614,57664,0.95115018119459005,-0.050083309667463362,0.050083309667463362,0.99999925888195873,-7.4111831586883381e-07,7.4111831586883381e-07,0.050082568549147492
615,5602,0.41264905466954049,-0.88515779382322646,0.88515779382322646,0.99999964051419066,-3.5948587395743571e-07,3.5948587395743571e-07,0.8851574343373525
616,279,0.67387714917374197,-0.39470745593882989,0.39470745593882989,0.99999980732915716,-1.9267086135611345e-07,1.9267086135611345e-07,0.39470726326796851
617,10205,0.58368313845010888,-0.53839701454597155,0.53839701454597155,0.99999982464192316,-1.7535809221505321e-07,1.7535809221505321e-07,0.53839683918787928
618,315,0.99615481066878431,-0.0038526010775247026,0.0038526010775247026,0.99999983165325002,-1.6834676412504121e-07,1.6834676412504121e-07,0.0038524327307605777
619,279,0.52219827077775038,-0.64970793414015082,0.64970793414015082,0.99999979993546162,-2.0006455844653171e-07,2.0006455844653171e-07,0.64970773407559235
620,57281,0.78602370046067838,-0.24076833374967027,0.24076833374967027,0.99999848619164788,-1.5138094979171773e-06,1.5138094979171773e-06,0.24076681994017235
621,22910,0.96188978509284517,-0.038855403390459606,0.038855403390459606,0.999999535970992,-4.6402911560674296e-07,4.6402911560674296e-07,0.038854939361344001
622,13,0.41120374231328433,-0.88866646392616444,0.88866646392616444,0.99994532144300252,-5.46800519242896e-05,5.46800519242896e-05,0.88861178387424011
623,9636,0.6045623557591393,-0.50325046162657761,0.50325046162657761,0.99999530865658115,-4.6913544232688491e-06,4.6913544232688491e-06,0.50324577027215434
624,279,0.41086478348222605,-0.8894911125768088,0.8894911125768088,0.99985786170211788,-0.00014214840048736179,0.00014214840048736179,0.88934896417632148
625,3778,0.76661357536710339,-0.26577241765203391,0.26577241765203391,0.9999993374622167,-6.6253800280632995e-07,6.6253800280632995e-07,0.26577175511403112
626,6037,0.62979568606475356,-0.46235982002944126,0.46235982002944126,0.99999914096584253,-8.5903452646932766e-07,8.5903452646932766e-07,0.4623589609949148
627,2768,0.040507373501446856,-3.2062712596767553,3.2062712596767553,0.99997568774969525,-2.4312545852245338e-05,2.4312545852245338e-05,3.2062469471309032
628,279,0.94614495171650304,-0.055359495752185219,0.055359495752185219,0.99999967970871739,-3.2029133389857621e-07,3.2029133389857621e-07,0.055359175460851319
629,15506,0.79037875781343525,-0.23524300814566307,0.23524300814566307,0.9999946393411645,-5.3606732038524189e-06,5.3606732038524189e-06,0.2352376474724592
630,24145,0.9882841658727135,-0.011785005308115475,0.011785005308115475,0.99998497905810868,-1.5021054706780876e-05,1.5021054706780876e-05,0.011769984253408694
631,5111,0.91594817231833769,-0.087795496347236185,0.087795496347236185,0.9999977576591571,-2.2423433569304084e-06,2.2423433569304084e-06,0.087793254003879259
632,11,0.96152197083445501,-0.039237863632516697,0.039237863632516697,0.99999885269498012,-1.1473056780023718e-06,1.1473056780023718e-06,0.039236716326838693
633,279,0.98832276651497131,-0.011745947828724738,0.011745947828724738,0.99999879883917975,-1.2011615415922412e-06,1.2011615415922412e-06,0.011744746667183146
634,3723,0.80582466977375322,-0.21588909143694621,0.21588909143694621,0.99999789371323344,-2.1062889847796696e-06,2.1062889847796696e-06,0.21588698514796142
635,4273,0.99975507668452845,-0.00024495331408511378,0.00024495331408511378,0.99999559041737485,-4.4095923474437906e-06,4.4095923474437906e-06,0.00024054372173767
636,5614,0.55394875247945763,-0.59068310106337851,0.59068310106337851,0.99998328053914998,-1.6719600621775494e-05,1.6719600621775494e-05,0.59066638146275674
637,279,0.98876157498412987,-0.011302053284467532,0.011302053284467532,0.99999974224607024,-2.5775396292824786e-07,2.5775396292824786e-07,0.011301795530504604
638,4033,0.78237630047273143,-0.24541945152714131,0.24541945152714131,0.9999995393182799,-4.6068182626546989e-07,4.6068182626546989e-07,0.24541899084531504
639,4221,0.98867530378608348,-0.011389308861651612,0.011389308861651612,0.99999866425328221,-1.3357476099180967e-06,1.3357476099180967e-06,0.011387973114041694
640,505,0.12605460779195354,-2.0710400707449867,2.0710400707449867,0.99999969845498493,-3.0154506053150965e-07,3.0154506053150965e-07,2.0710397691999263
641,15506,0.99829642759065362,-0.0017050251389444547,0.0017050251389444547,0.99999743558262222,-2.5644206659472576e-06,2.5644206659472576e-06,0.0017024607182785075
642,311,0.99573133847549666,-0.004277798270496392,0.004277798270496392,0.99999994663111402,-5.3368887439639355e-08,5.3368887439639355e-08,0.0042777449016089524
643,6498,0.99666618765503034,-0.0033393818793120661,0.0033393818793120661,0.99999857239253387,-1.4276084851341701e-06,1.4276084851341701e-06,0.0033379542708269318
644,323,0.30326018780727976,-1.1931641363149377,1.1931641363149377,0.99999393370953382,-6.0663088662075752e-06,6.0663088662075752e-06,1.1931580700060715
645,1903,0.053826744654338524,-2.9219848227997272,2.9219848227997272,0.9999992721098574,-7.2789040749057754e-07,7.2789040749057754e-07,2.9219840949093197
646,1063,0.029424744871626125,-3.5259192963363888,3.5259192963363888,0.99999901215116882,-9.8784931914259986e-07,9.8784931914259986e-07,3.5259183084870696
647,4442,0.12538357753382223,-2.0763776200147372,2.0763776200147372,0.99999908295086082,-9.1704955968575646e-07,9.1704955968575646e-07,2.0763767029651774
648,304,0.24651640764270269,-1.4003267252695322,1.4003267252695322,0.99999979318347887,-2.0681654248812513e-07,2.0681654248812513e-07,1.4003265184529896
649,6873,0.0026312683934192962,-5.940289270184886,5.940289270184886,0.99999910702792971,-8.9297246894985442e-07,8.9297246894985442e-07,5.9402883772124166
650,11,0.24556047527532013,-1.4042120269493923,1.4042120269493923,0.99999989786344501,-1.0213656021151889e-07,1.0213656021151889e-07,1.404211924812832
651,2254,0.0031893571324801847,-5.7479359083627308,5.7479359083627308,0.99999840535372897,-1.5946475424340896e-06,1.5946475424340896e-06,5.7479343137151888
652,7016,0.00077987605892177185,-7.1563755497246326,7.1563755497246326,0.99999827524129381,-1.7247601936325874e-06,1.7247601936325874e-06,7.1563738249644393
653,11,0.63461695500191584,-0.45473368256953528,0.45473368256953528,0.99952484560691157,-0.00047526731470864117,0.00047526731470864117,0.45425841525482663
654,323,0.95824680078710878,-0.042649913326462584,0.042649913326462584,0.99999999039159981,-9.6084002514619872e-09,9.6084002514619872e-09,0.042649903718062335
655,16036,0.0069432213877432692,-4.9699894352519474,4.9699894352519474,0.99999859245140998,-1.4075495806101845e-06,1.4075495806101845e-06,4.9699880277023665
656,9293,0.6203879416251239,-0.47741028432073268,0.47741028432073268,0.99999926230887759,-7.3769139454691876e-07,7.3769139454691876e-07,0.47740954662933816
657,382,0.61740046624231215,-0.48223741174378965,0.48223741174378965,0.99263564457078268,-0.0073916061665013936,0.0073916061665013936,0.47484580557728823
658,92459,0.12026655297379141,-2.1180447248020968,2.1180447248020968,0.99970725974188468,-0.00029278311490881675,0.00029278311490881675,2.1177519416871879
659,279,0.99991305984406331,-8.6943935451085406e-05,8.6943935451085406e-05,0.99999996387778567,-3.6122215010663063e-08,3.6122215010663063e-08,8.6907813236074741e-05
660,842,0.99061610604836547,-0.0094282000783190469,0.0094282000783190469,0.99999977844226651,-2.2155775802090774e-07,2.2155775802090774e-07,0.0094279785205610266
661,315,0.99961299020515537,-0.00038708470246256001,0.00038708470246256001,0.9999999945287732,-5.4712267899756688e-09,5.4712267899756688e-09,0.00038707923123577003
662,4435,0.9350521891740009,-0.067152933952780783,0.067152933952780783,0.99999854701561919,-1.4529854364282368e-06,1.4529854364282368e-06,0.067151480967344357
663,5111,0.99965366995679827,-0.00034639002930157898,0.00034639002930157898,0.99999965422999326,-3.4577006653028792e-07,3.4577006653028792e-07,0.00034604425923504868
664,8105,0.98004420981790674,-0.020157596275949263,0.020157596275949263,0.99999554840634319,-4.4516035652198093e-06,4.4516035652198093e-06,0.020153144672384042
665,11,0.98640632645199067,-0.013686913474558455,0.013686913474558455,0.99999934739316365,-6.5260704928234907e-07,6.5260704928234907e-07,0.013686260867509173
666,2391,0.089273183964279551,-2.416054127749641,2.416054127749641,0.99999759747859807,-2.4025242880308268e-06,2.4025242880308268e-06,2.4160517252253531
667,279,0.95679009787256397,-0.044171245052780597,0.044171245052780597,0.99999989846952386,-1.0153048130844478e-07,1.0153048130844478e-07,0.04417114352229929
668,16506,0.075763887369730928,-2.5801335197822355,2.5801335197822355,0.99998973166452887,-1.0268388190820377e-05,1.0268388190820377e-05,2.5801232513940446
669,315,0.98648128868295359,-0.013610921075980904,0.013610921075980904,0.99999995835519395,-4.1644806957280828e-08,4.1644806957280828e-08,0.013610879431173947
670,57664,0.99775476465208357,-0.0022477596679697331,0.0022477596679697331,0.99999813605605903,-1.8639456781558879e-06,1.8639456781558879e-06,0.0022458957222915772
671,11,0.88261844107748677,-0.12486228832747975,0.12486228832747975,0.99934312238603717,-0.00065709345258756538,0.00065709345258756538,0.12420519487489219
672,1455,0.48880066714499704,-0.71580050626275937,0.71580050626275937,0.99999682219288066,-3.1778121685638558e-06,3.1778121685638558e-06,0.71579732845059085
673,315,0.9971173720155061,-0.0028867907582859178,0.0028867907582859178,0.99999996344173603,-3.6558264635656458e-08,3.6558264635656458e-08,0.0028867542000212821
674,279,0.89554206308011808,-0.11032608697074674,0.11032608697074674,0.99999993265752096,-6.7342481322022597e-08,6.7342481322022597e-08,0.11032601962826541
675,3363,0.98384625448712137,-0.016285639577391282,0.016285639577391282,0.99999910571408634,-8.9428631347466643e-07,8.9428631347466643e-07,0.016284745291077807
676,574,0.90533590758886462,-0.099449235541757802,0.099449235541757802,0.99999937223962898,-6.2776056810665961e-07,6.2776056810665961e-07,0.099448607781189691
677,68461,0.24410062616022032,-1.4101747364074044,1.4101747364074044,0.99996668147247436,-3.3319082600137278e-05,3.3319082600137278e-05,1.4101414173248044
678,555,0.65289315749353372,-0.42634178101978648,0.42634178101978648,0.99999979752472179,-2.0247529867948386e-07,2.0247529867948386e-07,0.42634157854448779
679,37295,0.0033821577158983959,-5.6892413956787067,5.6892413956787067,0.99988261584417815,-0.00011739104588101321,0.00011739104588101321,5.6891240046328253
680,41884,0.12441282490240285,-2.084150009920124,2.084150009920124,0.9999994144938682,-5.8550630322854933e-07,5.8550630322854933e-07,2.0841494244138206
681,86562,0.17373416582031659,-1.7502289306594068,1.7502289306594068,0.99998473548801592,-1.5264628487881287e-05,1.5264628487881287e-05,1.7502136660309189
682,479,0.73949927690113593,-0.30178197465307777,0.30178197465307777,0.99999934648802047,-6.5351219309510925e-07,6.5351219309510925e-07,0.30178132114088468
683,555,0.45780919246040075,-0.78130279202262376,0.78130279202262376,0.99999970346818512,-2.9653185884473927e-07,2.9653185884473927e-07,0.78130249549076491
684,279,0.75697407851213105,-0.27842626851917429,0.27842626851917429,0.99999983214989285,-1.6785012125953778e-07,1.6785012125953778e-07,0.27842610066905304
685,3723,0.35648643397245566,-1.0314590932250303,1.0314590932250303,0.99999867472183657,-1.3252790416233647e-06,1.3252790416233647e-06,1.0314577679459886
686,4273,0.99937486849993706,-0.00062532697622893943,0.00062532697622893943,0.99999679000462371,-3.2100005283191179e-06,3.2100005283191179e-06,0.00062211697570062026
687,6690,0.16232260383949271,-1.8181695421966606,1.8181695421966606,0.99999963251375257,-3.6748631491234055e-07,3.6748631491234055e-07,1.8181691747103457
688,11994,0.88861400561801251,-0.11809232716180619,0.11809232716180619,0.9999992588675638,-7.4113271078785812e-07,7.4113271078785812e-07,0.11809158602909541
689,13,0.30130242523437739,-1.1996407836437015,1.1996407836437015,0.99999436952976617,-5.6304860850325057e-06,5.6304860850325057e-06,1.1996351531576166
690,1666,0.033654838403369185,-3.3915984470948217,3.3915984470948217,0.99999509753787186,-4.9024741452154307e-06,4.9024741452154307e-06,3.3915935446206764
691,264,0.955559165823745,-0.045458595896254547,0.045458595896254547,0.99999997986102795,-2.013897228685814e-08,2.013897228685814e-08,0.045458575757282259
692,1121,0.98323171299629886,-0.016910466372235842,0.016910466372235842,0.99999720028396455,-2.7997199546279562e-06,2.7997199546279562e-06,0.016907666652281213
693,11,0.96306804490728326,-0.037631210378825893,0.037631210378825893,0.99999992162861029,-7.8371392746418205e-08,7.8371392746418205e-08,0.037631132007433149
694,12309,0.0078125075981593291,-4.8520292913556959,4.8520292913556959,0.99999435921455138,-5.640801357932934e-06,5.640801357932934e-06,4.8520236505543384
695,2697,0.7559888557396669,-0.27972864399635161,0.27972864399635161,0.99999829445898791,-1.7055424665439424e-06,1.7055424665439424e-06,0.27972693845388508
696,8625,0.39327680323186603,-0.93324158111628175,0.93324158111628175,0.99999936091792729,-6.3908227694439391e-07,6.3908227694439391e-07,0.93324094203400476
697,315,0.90937111254054581,-0.095002003500919835,0.095002003500919835,0.99999993787019725,-6.2129804702726093e-08,6.2129804702726093e-08,0.095001941371115131
698,57664,0.62338411908510272,-0.47259238665239933,0.47259238665239933,0.99999912997536233,-8.7002501614512813e-07,8.7002501614512813e-07,0.47259151662738319
699,596,0.97028612499168743,-0.030164276762815422,0.030164276762815422,0.99991129440549809,-8.8709529075880824e-05,8.8709529075880824e-05,0.030075567233739543
700,864,0.39120309125014302,-0.93852843888402693,0.93852843888402693,0.99997792332669755,-2.2076916995765237e-05,2.2076916995765237e-05,0.93850636196703119
701,11710,0.0081435214828300129,-4.8105325779201218,4.8105325779201218,0.98941132671969589,-0.010645132184827804,0.010645132184827804,4.799887445735294
702,323,0.0034650357835289925,-5.6650323192568006,5.6650323192568006,0.99999978188228311,-2.181177407289582e-07,2.181177407289582e-07,5.6650321011390599
703,37683,0.36970453997311559,-0.99505113296045955,0.99505113296045955,0.99999926190384503,-7.380964273662034e-07,7.380964273662034e-07,0.99505039486403224
704,18112,0.74150588706472798,-0.29907217803616881,0.29907217803616881,0.99999848631157784,-1.5136895678107987e-06,1.5136895678107987e-06,0.29907066434660101
705,11,0.075216465901417229,-2.5873851105398873,2.5873851105398873,0.99999135943471051,-8.6406026194276748e-06,8.6406026194276748e-06,2.5873764699372677
706,8051,0.15528020206510024,-1.8625240388271476,1.8625240388271476,0.99998491901107722,-1.5081102642000216e-05,1.5081102642000216e-05,1.8625089577245055
707,1070,0.066529787508077351,-2.7101054991598303,2.7101054991598303,0.99999964875574532,-3.5124431634106787e-07,3.5124431634106787e-07,2.710105147915514
708,527,0.87001869860764913,-0.13924057491200117,0.13924057491200117,0.99999963075308607,-3.6924698209751939e-07,3.6924698209751939e-07,0.13924020566501907
709,14529,0.15576181234446748,-1.8594272824923852,1.8594272824923852,0.99999991123051279,-8.8769491147947777e-08,8.8769491147947777e-08,1.8594271937228941
710,35093,0.098863044301869485,-2.314019777506346,2.314019777506346,0.999997603598894,-2.396403977358682e-06,2.396403977358682e-06,2.3140173811023685
711,7224,0.10941079829283978,-2.2126456891774939,2.2126456891774939,0.99999570968535045,-4.2903238529256164e-06,4.2903238529256164e-06,2.2126413988536409
712,11,0.021993205712024743,-3.8170217045936217,3.8170217045936217,0.99999987599413787,-1.2400586987771834e-07,1.2400586987771834e-07,3.8170215805877517
713,5423,0.29447045728590832,-1.2225765957410111,1.2225765957410111,0.99999368332775707,-6.3166921932304065e-06,6.3166921932304065e-06,1.2225702790488178
714,2949,0.13796679419726171,-1.9807422445379657,1.9807422445379657,0.99999966639801241,-3.3360204318909473e-07,3.3360204318909473e-07,1.9807419109359226
715,279,0.80077723048631966,-0.22217248484400642,0.22217248484400642,0.99999997578847621,-2.4211524047856798e-08,2.4211524047856798e-08,0.22217246063248239
716,2362,0.048147037726349436,-3.0334956644093727,3.0334956644093727,0.99999983806502835,-1.6193498474396928e-07,1.6193498474396928e-07,3.0334955024743882
717,289,0.8850701181646885,-0.12208840754808396,0.12208840754808396,0.99999003994463964,-9.9601049619936792e-06,9.9601049619936792e-06,0.12207844744312198
718,4841,0.99999995478548032,-4.5214520660092125e-08,4.5214520660092125e-08,0.99999925818127389,-7.4181900130300024e-07,7.4181900130300024e-07,-6.9660448064290815e-07
719,3363,0.9728798335858625,-0.027494705362505058,0.027494705362505058,0.99999902731337498,-9.7268709809440248e-07,9.7268709809440248e-07,0.027493732675406963
720,11,0.047278564372762462,-3.0516982707115772,3.0516982707115772,0.99999987870673401,-1.2129327339658076e-07,1.2129327339658076e-07,3.051698149418304
721,61894,0.87609561845280892,-0.13228004051761211,0.13228004051761211,0.99999932832466065,-6.716755649681982e-07,6.716755649681982e-07,0.13227936884204713
722,309,0.99998689642201555,-1.3103663837057176e-05,1.3103663837057176e-05,0.99999997322342571,-2.677657459881764e-08,2.677657459881764e-08,1.3076887262458359e-05
723,44486,0.99994362191237296,-5.6379676931181252e-05,5.6379676931181252e-05,0.99998556164261265,-1.443846162138963e-05,1.443846162138963e-05,4.194121530979162e-05
724,13,0.86931490392622945,-0.14004984429977699,0.14004984429977699,0.97606866008824511,-0.024222346592309974,0.024222346592309974,0.11582749770746702
725,4815,0.0015854236749354756,-6.4469036045735137,6.4469036045735137,2.3589586912582307e-05,-10.654705175822119,10.654705175822119,-4.2078015712486057
726,2028,0.073621809084718548,-2.6088139780552861,2.6088139780552861,0.21822222277941625,-1.5222413648506121,1.5222413648506121,1.086572613204674
727,374,0.31326661161602753,-1.1607006567124656,1.1607006567124656,0.43234352470187531,-0.83853481066975444,0.83853481066975444,0.32216584604271115
728,264,0.67536576586794916,-0.39250085951112024,0.39250085951112024,0.65507270890545188,-0.42300904354506913,0.42300904354506913,-0.030508184033948893
729,10015,0.44317947102432409,-0.81378046451282782,0.81378046451282782,0.39711124216204668,-0.92353883058828767,0.92353883058828767,-0.10975836607545986
730,3925,0.49861643436143216,-0.69591814742217917,0.69591814742217917,0.72215183812304995,-0.32551986009021211,0.32551986009021211,0.37039828733196706
731,315,0.98881706559086169,-0.011245933537209075,0.011245933537209075,0.99822731090535821,-0.0017742621672755775,0.0017742621672755775,0.009471671369933498
732,57664,0.9188429096917452,-0.084640107372902743,0.084640107372902743,0.98421646979381305,-0.015909416496194765,0.015909416496194765,0.068730690876707981
733,11,0.55989314132801049,-0.58000933251833886,0.58000933251833886,0.8372979889861647,-0.17757525155874518,0.17757525155874518,0.40243408095959365
734,505,0.22149603199117329,-1.5073506039184776,1.5073506039184776,0.40363360769193946,-0.90724772416778665,0.90724772416778665,0.60010287975069099
735,1202,0.63948197657975014,-0.44709684197299293,0.44709684197299293,0.99671420619333784,-0.0032912038813093071,0.0032912038813093071,0.44380563809168361
736,36330,0.47639236457050077,-0.74151346897934578,0.74151346897934578,0.98175362845564029,-0.018414889624924449,0.018414889624924449,0.72309857935442134
737,555,0.39406458447687887,-0.93124046312553876,0.93124046312553876,0.83570260581352074,-0.17948246385884598,0.17948246385884598,0.75175799926669273
738,15506,0.43030835377083099,-0.8432532254965357,0.8432532254965357,0.88939315193225033,-0.11721590058410368,0.11721590058410368,0.726037324912432
739,39879,0.74575756739634225,-0.29335470827524707,0.29335470827524707,0.91466617197865363,-0.089196119644281494,0.089196119644281494,0.20415858863096559
740,380,0.99996616825383033,-3.3832318476052297e-05,3.3832318476052297e-05,0.99999961367748202,-3.8632259256704903e-07,3.8632259256704903e-07,3.3445995883485245e-05
741,67987,0.96526247103362073,-0.035355223917502773,0.035355223917502773,0.95592625963442768,-0.045074503179348066,0.045074503179348066,-0.0097192792618452928
742,304,0.70404932505079887,-0.35090686128584953,0.35090686128584953,0.68959136484368655,-0.37165608168946712,0.37165608168946712,-0.020749220403617596
743,220,0.80444565887903818,-0.21760186128347098,0.21760186128347098,0.99348168605123222,-0.0065396509284309451,0.0065396509284309451,0.21106221035504003
744,10895,0.9994272693220253,-0.00057289475083886017,0.00057289475083886017,0.9999997939507268,-2.0604929438158917e-07,2.0604929438158917e-07,0.00057268870154447856
745,16,0.99966311721753232,-0.00033693954021970319,0.00033693954021970319,0.99999985105487443,-1.4894513667864614e-07,1.4894513667864614e-07,0.00033679059508302453
746,311,0.64833244946341073,-0.43335167489413978,0.43335167489413978,0.99782939054692144,-0.0021729686403117246,0.0021729686403117246,0.43117870625382804
747,279,0.69380340485072056,-0.36556663691929558,0.36556663691929558,0.51118701037743652,-0.67101978630144077,0.67101978630144077,-0.30545314938214518
748,3118,0.4436630424349744,-0.81268991810523694,0.81268991810523694,0.99395512915644946,-0.0060632150381928103,0.0060632150381928103,0.80662670306704409
749,1938,0.87302994903294762,-0.13578541785130296,0.13578541785130296,0.99980653203207959,-0.00019348668526193778,0.00019348668526193778,0.13559193116604101
750,13,0.94858127548526017,-0.052787804838196992,0.052787804838196992,0.97673252854734571,-0.023542432540087369,0.023542432540087369,0.029245372298109622
751,578,0.047370064109556,-3.0497648086685452,3.0497648086685452,0.10993044097059707,-2.2079074680231066,2.2079074680231066,0.8418573406454386
752,3363,0.99399782437809614,-0.00602026108238883,0.00602026108238883,0.99998606252917621,-1.3937567951270467e-05,1.3937567951270467e-05,0.0060063235144375594
753,706,0.95700706734800123,-0.043944502657808165,0.043944502657808165,0.9993220925128895,-0.00067813737028992913,0.00067813737028992913,0.043266365287518239
754,264,0.70555849288326589,-0.34876560129864831,0.34876560129864831,0.76354627136036934,-0.26978155188952063,0.26978155188952063,0.078984049409127677
755,9257,0.97481619568256495,-0.025506343004551263,0.025506343004551263,0.99557724037039708,-0.0044325689645456964,0.0044325689645456964,0.021073774040005565
756,323,0.96293253313613703,-0.03777192868692484,0.03777192868692484,0.99399916263846955,-0.0060189147419444132,0.0060189147419444132,0.031753013944980424
757,6485,0.76412508072352414,-0.2690237849914745,0.2690237849914745,0.8936521905962419,-0.11243862805770941,0.11243862805770941,0.1565851569337651
758,3925,0.95225245604325315,-0.048925094426693926,0.048925094426693926,0.98997127950854258,-0.010079346871748667,0.010079346871748667,0.038845747554945256
759,11,0.96162670773395931,-0.039128941321127014,0.039128941321127014,0.99986636550707864,-0.00013364342280576842,0.00013364342280576842,0.038995297898321249
760,449,0.58421389692930392,-0.5374881013461672,0.5374881013461672,0.83999813703052917,-0.17435560496803579,0.17435560496803579,0.36313249637813139
761,5370,0.2935933392482144,-1.2255596689834021,1.2255596689834021,0.57851845442194949,-0.54728483238712078,0.54728483238712078,0.67827483659628129
762,27833,0.66561394380749916,-0.40704544046455354,0.40704544046455354,0.63955294210792213,-0.44698587466911716,0.44698587466911716,-0.039940434204563613
763,323,0.98257898633344398,-0.017574545255380804,0.017574545255380804,0.99957367526135144,-0.00042641564087684078,0.00042641564087684078,0.017148129614503963
764,991,0.96378847816436508,-0.03688342943922162,0.03688342943922162,0.98250844919794844,-0.017646335583129457,0.017646335583129457,0.019237093856092163
765,19505,0.99999642681194889,-3.5731944349181442e-06,3.5731944349181442e-06,0.99999840487765801,-1.5951236141895525e-06,1.5951236141895525e-06,1.9780708207285917e-06
766,9564,0.75497142020560937,-0.28107538448189978,0.28107538448189978,0.79427339167852251,-0.23032755498696936,0.23032755498696936,0.050747829494930424
767,872,0.99993345782294119,-6.6544391087662924e-05,6.6544391087662924e-05,0.99999128499155787,-8.7150464180234527e-06,8.7150464180234527e-06,5.7829344669639473e-05
768,1906,0.99628951987868986,-0.003717381028416645,0.003717381028416645,0.9988334124601973,-0.0011672685327234283,0.0011672685327234283,0.0025501124956932167
769,389,0.99488365078609631,-0.0051294825441641117,0.0051294825441641117,0.99812668766486401,-0.0018750691791096436,0.0018750691791096436,0.0032544133650544678
770,279,0.62241112705412938,-0.47415442862009577,0.47415442862009577,0.73502436798946957,-0.30785162659170351,0.30785162659170351,0.16630280202839226
771,3363,0.99221315486350015,-0.0078173209250096132,0.0078173209250096132,0.99831177048759034,-0.0016896561777714717,0.0016896561777714717,0.0061276647472381417
772,13,0.70244172652900483,-0.35319283277504271,0.35319283277504271,0.8928339054370682,-0.11335471155616669,0.11335471155616669,0.23983812121887602
773,5659,0.5259071291603209,-0.64263064236478218,0.64263064236478218,0.56674782940080615,-0.56784081950777698,0.56784081950777698,0.074789822857005195
774,1202,0.82791775528020284,-0.18884145890210186,0.18884145890210186,0.72993912993655463,-0.31479413196486522,0.31479413196486522,-0.12595267306276337
775,4216,0.82115735029468639,-0.19704053101816213,0.19704053101816213,0.8096209633566066,-0.21118908731009678,0.21118908731009678,-0.01414855629193465
776,2919,0.98827069152294145,-0.011798639485504409,0.011798639485504409,0.99528832065152406,-0.0047228142995978254,0.0047228142995978254,0.0070758251859065835
777,439,0.99997741841430521,-2.2581840662643908e-05,2.2581840662643908e-05,0.99999665791451353,-3.3420910712967246e-06,3.3420910712967246e-06,1.9239749591347184e-05
778,264,0.9982258738308788,-0.0017757017948015024,0.0017757017948015024,0.99898520171463989,-0.001015313541757182,0.001015313541757182,0.00076038825304432039
779,348,0.50670399547077372,-0.67982828125255035,0.67982828125255035,0.50042456124602042,-0.69229841836846251,0.69229841836846251,-0.012470137115912161
780,395,0.99999048883980735,-9.5112054240782801e-06,9.5112054240782801e-06,0.999993848837051,-6.1511818675062632e-06,6.1511818675062632e-06,3.3600235565720169e-06
781,278,0.9999998464475548,-1.5355245695097991e-07,1.5355245695097991e-07,0.99999998273791035,-1.7262089830662856e-08,1.7262089830662856e-08,1.3629036712031705e-07
782,1614,0.99997761233709781,-2.2387913509606475e-05,2.2387913509606475e-05,0.99999838192913537,-1.6180721736769578e-06,1.6180721736769578e-06,2.0769841335929517e-05
783,315,0.99842788277153416,-0.0015733543014750041,0.0015733543014750041,0.99997452053131475,-2.5479793292462127e-05,2.5479793292462127e-05,0.0015478745081825419
784,3320,0.79956715801072609,-0.22368475022251572,0.22368475022251572,0.98895108819226329,-0.011110404404180685,0.011110404404180685,0.21257434581833504
785,96323,0.99999677510349139,-3.2249017086265398e-06,3.2249017086265398e-06,0.99999801865320559,-1.9813487572866242e-06,1.9813487572866242e-06,1.2435529513399155e-06
786,311,0.98581494942675074,-0.014286620059409505,0.014286620059409505,0.99919983150421021,-0.00080048880147769587,0.00080048880147769587,0.01348613125793181
787,1202,0.99979544357369488,-0.0002045773508244432,0.0002045773508244432,0.99992903820943846,-7.0964308468554946e-05,7.0964308468554946e-05,0.00013361304235588826
788,1510,0.88968308948673547,-0.11688995889560054,0.11688995889560054,0.85733611877396965,-0.15392523333926311,0.15392523333926311,-0.037035274443662572
789,2704,0.99986695624700461,-0.00013305260410058793,0.00013305260410058793,0.99993772375959078,-6.2278179654816769e-05,6.2278179654816769e-05,7.0774424445771157e-05
790,439,0.99999635369222717,-3.6463144206053833e-06,3.6463144206053833e-06,0.99999953733261315,-4.6266749386723776e-07,4.6266749386723776e-07,3.1836469267381457e-06
791,279,0.83501308540558217,-0.18030788310966292,0.18030788310966292,0.72432630718935376,-0.32251328759361991,0.32251328759361991,-0.14220540448395699
792,6864,0.99490283430706272,-0.0051102005547540262,0.0051102005547540262,0.99940620958403747,-0.00059396677931028365,0.00059396677931028365,0.0045162337754437428
793,315,0.98968407576852069,-0.010369502166983608,0.010369502166983608,0.96048948043407012,-0.040312249010419389,0.040312249010419389,-0.029942746843435779
794,279,0.9999532324248841,-4.6768668752998667e-05,4.6768668752998667e-05,0.99999526128321037,-4.7387280174353744e-06,4.7387280174353744e-06,4.2029940735563294e-05
795,26363,0.99938965994288786,-0.00061052639042644455,0.00061052639042644455,0.99995190239161036,-4.8098765116668467e-05,4.8098765116668467e-05,0.00056242762530977607
796,11,0.99975735260098164,-0.00024267684266151236,0.00024267684266151236,0.9999367818338144,-6.3220164538114017e-05,6.3220164538114017e-05,0.00017945667812339835
797,57664,0.99996462862986579,-3.5371995715840743e-05,3.5371995715840743e-05,0.99998725179551584,-1.2748285743194911e-05,1.2748285743194911e-05,2.2623709972645832e-05
798,706,0.99906807230109285,-0.00093236221350360222,0.00093236221350360222,0.99979112172967755,-0.00020890008842663392,0.00020890008842663392,0.00072346212507696833
799,64238,0.40645422586187457,-0.90028396184059134,0.90028396184059134,0.45093987730316248,-0.79642125811507847,0.79642125811507847,0.10386270372551287
800,1690,0.5504892932613521,-0.59694777212506545,0.59694777212506545,0.57303665925532155,-0.55680558655590873,0.55680558655590873,0.040142185569156719
801,54070,0.91595690828135967,-0.087785958775541476,0.087785958775541476,0.85985340961834245,-0.15099335819566614,0.15099335819566614,-0.063207399420124669
802,323,0.75773975245072356,-0.27741528679027433,0.27741528679027433,0.76078632862447759,-0.27340273764890527,0.27340273764890527,0.0040125491413690595
803,706,0.88495170665484646,-0.12222220421472199,0.12222220421472199,0.85034036768653076,-0.16211857707711216,0.16211857707711216,-0.039896372862390173
804,1027,0.27896767653861554,-1.2766593585727484,1.2766593585727484,0.51700067278403894,-0.65971110315146198,0.65971110315146198,0.6169482554212864
805,27367,0.96668114189291676,-0.033886577415813295,0.033886577415813295,0.98227194601366075,-0.01788707819844302,0.01788707819844302,0.015999499217370275
806,555,0.99999978031167036,-2.1968835380224736e-07,2.1968835380224736e-07,0.9999998877316385,-1.1226836785069734e-07,1.1226836785069734e-07,1.0741998595155003e-07
807,5370,0.78533974011482177,-0.24163886487110148,0.24163886487110148,0.92274857640254504,-0.080398479850195576,0.080398479850195576,0.1612403850209059
808,13970,0.72379950151424832,-0.32324085655921414,0.32324085655921414,0.68125292550477323,-0.3838216386949706,0.3838216386949706,-0.060580782135756461
809,4455,0.99973804643956499,-0.00026198787626180084,0.00026198787626180084,0.99996104588380297,-3.8954874928290238e-05,3.8954874928290238e-05,0.00022303300133351059
810,13,0.95458130047931,-0.046482463456898042,0.046482463456898042,0.98375938116981543,-0.016373943164032904,0.016373943164032904,0.030108520292865138
811,11450,0.01755846421748326,-4.0422191537409846,4.0422191537409846,0.027414929139765259,-3.5966675548544242,3.5966675548544242,0.44555159888656037
812,11,0.99999245601565023,-7.5440128057726091e-06,7.5440128057726091e-06,0.99999927322598814,-7.2677427600468032e-07,7.2677427600468032e-07,6.8172385297679286e-06
813,57664,0.99486661571187818,-0.005146605370586475,0.005146605370586475,0.97413354862672474,-0.026206871159010117,0.026206871159010117,-0.02106026578842364
814,374,0.98403274885952796,-0.016096101122386956,0.016096101122386956,0.98208379025336912,-0.018078648144143949,0.018078648144143949,-0.0019825470217569932
815,264,0.99940939961543884,-0.00059077485766759403,0.00059077485766759403,0.99964489368358944,-0.00035516938158891939,0.00035516938158891939,0.00023560547607867464
816,90256,0.73382113078829636,-0.30948997108922327,0.30948997108922327,0.70446589177162044,-0.35031536361796256,0.35031536361796256,-0.04082539252873929
817,2322,0.99229607143434118,-0.0077337571201248363,0.0077337571201248363,0.99151402126664301,-0.0085221896531454122,0.0085221896531454122,-0.00078843253302057596
818,55422,0.99999963813146941,-3.6186859600590963e-07,3.6186859600590963e-07,0.99999975847152711,-2.4152850200719479e-07,2.4152850200719479e-07,1.2034009399871484e-07
819,449,0.98290466331201809,-0.017243148978832341,0.017243148978832341,0.97511584889885405,-0.02519899565931363,0.02519899565931363,-0.0079558466804812884
820,264,0.9999290201357196,-7.0982383470135344e-05,7.0982383470135344e-05,0.99999050601805872,-9.4940270094254199e-06,9.4940270094254199e-06,6.1488356460709926e-05
821,9257,0.33285996607471735,-1.1000333997441369,1.1000333997441369,0.3545339071602201,-1.0369512897412663,1.0369512897412663,0.063082110002870673
822,13042,0.85374039554758574,-0.15812811788505918,0.15812811788505918,0.90606915339842098,-0.098639647597682914,0.098639647597682914,0.059488470287376263
823,28948,0.99983868891371419,-0.00016132409831845927,0.00016132409831845927,0.99978872003476671,-0.00021130228798946395,0.00021130228798946395,-4.997818967100468e-05
824,323,0.98478736174993753,-0.015329537510713831,0.015329537510713831,0.98369839182651864,-0.016435941285825879,0.016435941285825879,-0.0011064037751120481
825,264,0.99989027375477246,-0.00010973226559242967,0.00010973226559242967,0.99996940868671336,-3.0591781210391182e-05,3.0591781210391182e-05,7.9140484382038485e-05
826,20955,0.34562064719841906,-1.0624135007858004,1.0624135007858004,0.30741096583843297,-1.1795697756497749,1.1795697756497749,-0.11715627486397451
827,315,0.99999942313845469,-5.7686171165853959e-07,5.7686171165853959e-07,0.99999983525465708,-1.6474535644213635e-07,1.6474535644213635e-07,4.1211635521640323e-07
828,2362,0.54858133234602169,-0.6004197288628762,0.6004197288628762,0.58754537341300317,-0.53180180460472759,0.53180180460472759,0.06861792425814861
829,323,0.99999891779161698,-1.0822089686045773e-06,1.0822089686045773e-06,0.99999952667784808,-4.7332226394309417e-07,4.7332226394309417e-07,6.0888670466148313e-07
830,502,0.99943640250224297,-0.0005637563785261141,0.0005637563785261141,0.99975253123870278,-0.00024749938674380266,0.00024749938674380266,0.00031625699178231144
831,18112,0.95502407519654353,-0.04601872918927568,0.04601872918927568,0.97332718121309336,-0.027034993079374299,0.027034993079374299,0.018983736109901381
832,13,0.99870910620275466,-0.0012917277183895767,0.0012917277183895767,0.9993515425094005,-0.00064866783009376501,0.00064866783009376501,0.00064305988829581166
833,4815,0.0022573436824474282,-6.0935665187262105,6.0935665187262105,0.0058715147123654596,-5.1376426354370865,5.1376426354370865,0.95592388328912392
834,32812,0.19442766015755805,-1.6376951123162138,1.6376951123162138,0.16636763748036978,-1.7935552558057957,1.7935552558057957,-0.15586014348958188
835,512,0.44293440106077409,-0.81433359877134415,0.81433359877134415,0.48718366943692459,-0.71911408236636642,0.71911408236636642,0.095219516404977722
836,16,0.46042581395837845,-0.77560353516062597,0.77560353516062597,0.55205966086156444,-0.59409915727445139,0.59409915727445139,0.18150437788617457
837,13,0.9954531025489185,-0.0045572660311483876,0.0045572660311483876,0.9992581865950444,-0.00074208868466538104,0.00074208868466538104,0.0038151773464830067
838,330,0.28578061887827561,-1.2525308293677757,1.2525308293677757,0.5870733787130098,-0.53260546064128023,0.53260546064128023,0.71992536872649548
839,1692,0.85524328935295524,-0.15636930157092654,0.15636930157092654,0.95480228558190672,-0.046250990739528229,0.046250990739528229,0.11011831083139831
840,10746,0.99909739142569765,-0.00090301617070663337,0.00090301617070663337,0.99980875613338505,-0.00019126215605513224,0.00019126215605513224,0.00071175401465150114
841,3343,0.30559672710226765,-1.18548893149101,1.18548893149101,0.45764301179115635,-0.78166584903488057,0.78166584903488057,0.40382308245612941
842,27685,0.43422261537640716,-0.83419793773447981,0.83419793773447981,0.54843522208702022,-0.60068610635604158,0.60068610635604158,0.23351183137843823
843,13,0.71340893021277618,-0.3377004883157097,0.3377004883157097,0.77469784973114986,-0.25528219696301557,0.25528219696301557,0.082418291352694129
844,58891,0.32351742297037583,-1.1285023087777752,1.1285023087777752,0.6114796169493254,-0.49187365728155757,0.49187365728155757,0.63662865149621761
845,220,0.92574613650684301,-0.07715523256267251,0.07715523256267251,0.96297393199109349,-0.037728937133895142,0.037728937133895142,0.039426295428777368
846,2366,0.76677078018917966,-0.2655673747062684,0.2655673747062684,0.97150484128250014,-0.028909026870316601,0.028909026870316601,0.2366583478359518
847,18,0.92922472558849456,-0.073404668895684852,0.073404668895684852,0.94418645173320925,-0.057431619910401056,0.057431619910401056,0.015973048985283796
848,12,0.99988756655358757,-0.00011243976752616914,0.00011243976752616914,0.99992568278194749,-7.4319979713756632e-05,7.4319979713756632e-05,3.8119787812412507e-05
849,2437,0.44222180926196608,-0.81594369187003402,0.81594369187003402,0.84779754720923139,-0.16511341319207015,0.16511341319207015,0.65083027867796384
850,12,0.99989733373446765,-0.0001026715360741825,0.0001026715360741825,0.99998714975742653,-1.2850325138597202e-05,1.2850325138597202e-05,8.9821210935585303e-05
851,508,0.73718002079519007,-0.30492315502524764,0.30492315502524764,0.93039854876574501,-0.072142237574959703,0.072142237574959703,0.23278091745028795
852,627,0.97276361473538298,-0.02761417108549561,0.02761417108549561,0.99132228324166682,-0.0087155873886395861,0.0087155873886395861,0.018898583696856024
853,17,0.99854656718466339,-0.0014544900733707694,0.0014544900733707694,0.99992960774970052,-7.0394727950219029e-05,7.0394727950219029e-05,0.0013840953454205504
854,13,0.9998807333251396,-0.00011927378769578073,0.00011927378769578073,0.99997677757910564,-2.3222690538986797e-05,2.3222690538986797e-05,9.6051097156793941e-05
855,330,0.97962564140186814,-0.020584778867081446,0.020584778867081446,0.9988737139790137,-0.0011269207577283694,0.0011269207577283694,0.019457858109353077
856,13730,0.74956437070718107,-0.28826308026122649,0.28826308026122649,0.82040697281038399,-0.19795475353872349,0.19795475353872349,0.090308326722502996
857,315,0.99990529773192627,-9.4706752616681634e-05,9.4706752616681634e-05,0.99998988055384685,-1.0119497355055244e-05,1.0119497355055244e-05,8.4587255261626393e-05
858,57664,0.99913379523526302,-0.00086658013686591025,0.00086658013686591025,0.99990629784860863,-9.370654171224578e-05,9.370654171224578e-05,0.00077287359515366451
859,3343,0.99725340823233954,-0.0027503705716368171,0.0027503705716368171,0.99977837342498033,-0.00022165113781833079,0.00022165113781833079,0.0025287194338184864
860,57664,0.4029037566183869,-0.90905756288095418,0.90905756288095418,0.37745898392447436,-0.97429336805179512,0.97429336805179512,-0.065235805170840933
861,52652,0.18430238969984536,-1.691177448032064,1.691177448032064,0.27043987439799388,-1.3077054811955247,1.3077054811955247,0.38347196683653939
862,13,0.64925042406331357,-0.43193677528075003,0.43193677528075003,0.73223588060831257,-0.31165257566120524,0.31165257566120524,0.12028419961954478
863,58891,0.98632812920514568,-0.01376619150071319,0.01376619150071319,0.99771169901203161,-0.0022909231496347003,0.0022909231496347003,0.011475268351078489
864,220,0.9999194974229495,-8.0505817556905017e-05,8.0505817556905017e-05,0.99998346629410273,-1.6533842580536686e-05,1.6533842580536686e-05,6.3971974976368331e-05
865,2366,0.99981621891668637,-0.00018379797312627992,0.00018379797312627992,0.99999209057762706,-7.9094536525336581e-06,7.9094536525336581e-06,0.00017588851947374627
866,18,0.99943766305652271,-0.00056249511419587388,0.00056249511419587388,0.99993274531329779,-6.7256948400083112e-05,6.7256948400083112e-05,0.00049523816579579078
867,12,0.99999028618339758,-9.713863781878679e-06,9.713863781878679e-06,0.99999805468133252,-1.9453205596534207e-06,1.9453205596534207e-06,7.7685432222252579e-06
868,2437,0.99921019078421047,-0.00079012127941287139,0.00079012127941287139,0.99996937889920379,-3.0621569631653042e-05,3.0621569631653042e-05,0.00075949970978121835
869,12,0.99996642682788639,-3.3573735705219245e-05,3.3573735705219245e-05,0.99999810294209424,-1.8970597051332553e-06,1.8970597051332553e-06,3.1676676000085986e-05
870,508,0.99939175715570316,-0.00060842789901824747,0.00060842789901824747,0.99997644106976069,-2.3559207755233887e-05,2.3559207755233887e-05,0.00058486869126301363
871,627,0.93027778384305493,-0.07227204513014078,0.07227204513014078,0.98262337174645698,-0.017529373914283945,0.017529373914283945,0.054742671215856839
872,18,0.99974220127126734,-0.00025783196453715889,0.00025783196453715889,0.99993722893527082,-6.2773034914964031e-05,6.2773034914964031e-05,0.00019505892962219486
873,13,0.99995630931225954,-4.3691642206306382e-05,4.3691642206306382e-05,0.99997995788383531,-2.0042317010564953e-05,2.0042317010564953e-05,2.3649325195741429e-05
874,330,0.99906648033443524,-0.00093395566641241449,0.00093395566641241449,0.99985970492469245,-0.00014030491758217824,0.00014030491758217824,0.00079365074883023623
875,1692,0.95917270478794869,-0.041684131899793773,0.041684131899793773,0.96205875353540171,-0.038679755820268974,0.038679755820268974,0.0030043760795247995
876,10746,0.99985239908349399,-0.00014761181059324546,0.00014761181059324546,0.99994533631870386,-5.4665175409613598e-05,5.4665175409613598e-05,9.2946635183631862e-05
877,25,0.48982307598151015,-0.71371102250421448,0.71371102250421448,0.76151166905442591,-0.27244978298963907,0.27244978298963907,0.44126123951457541
878,362,0.90492584715327462,-0.099902275486428105,0.099902275486428105,0.86274020164070508,-0.14764167419317056,0.14764167419317056,-0.047739398706742459
879,37618,0.63031854232747075,-0.46152996463864837,0.46152996463864837,0.53325863137136409,-0.62874873541124976,0.62874873541124976,-0.16721877077260139
880,11346,0.99993798476900664,-6.2017154017327347e-05,6.2017154017327347e-05,0.99995664108306492,-4.33598569600972e-05,4.33598569600972e-05,1.8657297057230147e-05
881,3343,0.99909391457429475,-0.00090649616923579488,0.00090649616923579488,0.99972744197059538,-0.00027259518009492876,0.00027259518009492876,0.00063390098914086618
882,57281,0.72442210252504013,-0.32238104194601991,0.32238104194601991,0.69902300686186813,-0.35807162332450287,0.35807162332450287,-0.035690581378482966
883,11346,0.22496130847615514,-1.4918268538931327,1.4918268538931327,0.24310503422370841,-1.4142616894264779,1.4142616894264779,0.077565164466654846
884,13,0.99061975946635172,-0.0094245120590883795,0.0094245120590883795,0.99071562440590721,-0.0093277440505920607,0.0093277440505920607,9.676800849631878e-05
885,58891,0.99866958899341751,-0.0013312967890292946,0.0013312967890292946,0.9994237747726562,-0.00057639130890342616,0.00057639130890342616,0.00075490548012586848
886,220,0.99996496395571621,-3.5036658060295838e-05,3.5036658060295838e-05,0.9999779612092714,-2.2039033586331426e-05,2.2039033586331426e-05,1.2997624473964412e-05
887,2366,0.99999284561278812,-7.1544128046218661e-06,7.1544128046218661e-06,0.99999828980881666,-1.7101926457263012e-06,1.7101926457263012e-06,5.4442201588955654e-06
888,18,0.9999808193960118,-1.9180787938308512e-05,1.9180787938308512e-05,0.99999460603575641,-5.3939787911240016e-06,5.3939787911240016e-06,1.378680914718451e-05
889,12,0.99999041762306751,-9.5824228438154012e-06,9.5824228438154012e-06,0.99999436415271081,-5.6358631706060391e-06,5.6358631706060391e-06,3.9465596732093622e-06
890,2437,0.99997157988662078,-2.8420517238272984e-05,2.8420517238272984e-05,0.9999900679890813,-9.9320602414962997e-06,9.9320602414962997e-06,1.8488456996776684e-05
891,12,0.99999888787677138,-1.1121238469978052e-06,1.1121238469978052e-06,0.99999868894654731,-1.3110543121057647e-06,1.3110543121057647e-06,-1.9893046510795942e-07
892,508,0.99992685413451121,-7.31485407780325e-05,7.31485407780325e-05,0.99997810336547222,-2.1896874262611692e-05,2.1896874262611692e-05,5.1251666515420805e-05
893,627,0.51023870646283909,-0.67287661087796369,0.67287661087796369,0.51161278076898464,-0.67018722763291649,0.67018722763291649,0.0026893832450471944
894,19,0.99891197723407099,-0.0010886150923806309,0.0010886150923806309,0.99947994785593131,-0.00052018741808665847,0.00052018741808665847,0.00056842767429397248
895,13,0.99994324708881754,-5.6754521689860547e-05,5.6754521689860547e-05,0.99996048609155641,-3.9514689138644507e-05,3.9514689138644507e-05,1.723983255121604e-05
896,330,0.99925888033311572,-0.00074139443182878035,0.00074139443182878035,0.99988710571855743,-0.00011290065448162815,0.00011290065448162815,0.00062849377734715218
897,791,0.73412483024289044,-0.3090761963768166,0.3090761963768166,0.73517519759829264,-0.30764644409419417,0.30764644409419417,0.0014297522826224318
898,11346,0.31674649576225883,-1.1496535229446618,1.1496535229446618,0.30488365773661602,-1.1878250251891815,1.1878250251891815,-0.038171502244519706
899,315,0.99998567486214962,-1.4325240456146108e-05,1.4325240456146108e-05,0.99999272909917547,-7.2709272576520309e-06,7.2709272576520309e-06,7.054313198494077e-06
900,57664,0.98639464141298694,-0.013698759615344301,0.013698759615344301,0.98112334782267485,-0.019057090498687156,0.019057090498687156,-0.0053583308833428551
901,3343,0.97256343037245085,-0.027819981583161964,0.027819981583161964,0.973906627434177,-0.026439844992263414,0.026439844992263414,0.0013801365908985494
902,57664,0.65811054039713057,-0.41838236724180522,0.41838236724180522,0.66922858364661841,-0.40162959762172934,0.40162959762172934,0.01675276962007588
903,41143,0.19756137102866839,-1.6217060035247814,1.6217060035247814,0.22380301072264505,-1.4969890304573328,1.4969890304573328,0.12471697306744867
904,13581,0.85342063172455196,-0.15850273260700409,0.15850273260700409,0.88013019607754206,-0.12768543236530386,0.12768543236530386,0.030817300241700235
905,13,0.99994580873428573,-5.4192734113951309e-05,5.4192734113951309e-05,0.99996956881151089,-3.043165152713678e-05,3.043165152713678e-05,2.3761082586814528e-05
906,58891,0.99923456005996125,-0.00076573303876550827,0.00076573303876550827,0.99952867743202067,-0.00047143367537387358,0.00047143367537387358,0.00029429936339163469
907,220,0.99996857426275221,-3.1426231046615834e-05,3.1426231046615834e-05,0.99997747780573798,-2.2522447890464462e-05,2.2522447890464462e-05,8.9037831561513721e-06
908,2366,0.99999937871334332,-6.2128684970265357e-07,6.2128684970265357e-07,0.99999803906788076,-1.9609340418632319e-06,1.9609340418632319e-06,-1.3396471921605783e-06
909,18,0.99999247847856754,-7.5215497192827738e-06,7.5215497192827738e-06,0.99999623626496059,-3.763742122301582e-06,3.763742122301582e-06,3.7578075969811918e-06
910,12,0.99999187468540118,-8.1253476093901783e-06,8.1253476093901783e-06,0.99999390391696785,-6.0961016133778087e-06,6.0961016133778087e-06,2.0292459960123696e-06
911,2437,0.99998428498472869,-1.5715138753430713e-05,1.5715138753430713e-05,0.99998915590594051,-1.0844152857054064e-05,1.0844152857054064e-05,4.8709858963766486e-06
912,12,0.99996518686163272,-3.4813744358690171e-05,3.4813744358690171e-05,0.99999539829984996,-4.6017107378827606e-06,4.6017107378827606e-06,3.021203362080741e-05
913,508,0.99998791124278141,-1.2088830288150463e-05,1.2088830288150463e-05,0.99998610944174815,-1.3890654726581355e-05,1.3890654726581355e-05,-1.8018244384308918e-06
914,13,0.55802337717227857,-0.58335442290440342,0.58335442290440342,0.54978416912706651,-0.59822949754137722,0.59822949754137722,-0.014875074636973795
915,4815,0.030395990886492585,-3.4934445580005224,3.4934445580005224,0.050298280044320201,-2.9897843964109665,2.9897843964109665,0.50366016158955595
916,9290,0.46871460941277676,-0.75776120446718842,0.75776120446718842,0.6374711798896,-0.45024621098778267,0.45024621098778267,0.30751499347940575
917,25,0.96099582059046285,-0.039785219042672203,0.039785219042672203,0.98965822123529379,-0.010395626534928978,0.010395626534928978,0.029389592507743225
918,578,0.79170251942541736,-0.23356956451169786,0.23356956451169786,0.91126240373791145,-0.092924383968192373,0.092924383968192373,0.1406451805435055
919,15407,0.45767534562868206,-0.7815951985616828,0.7815951985616828,0.68791919610219587,-0.37408389547217219,0.37408389547217219,0.40751130308951061
920,3984,0.90640168515354558,-0.098272710098019314,0.098272710098019314,0.96797814646865055,-0.032545767922538715,0.032545767922538715,0.065726942175480599
921,527,0.99369283603996217,-0.0063271381499333474,0.0063271381499333474,0.99742807220076157,-0.0025752408874423214,0.0025752408874423214,0.003751897262491026
922,264,0.53177114154082672,-0.63154206727027062,0.63154206727027062,0.55249135461742915,-0.59331749346391605,0.59331749346391605,0.038224573806354578
923,6727,0.6258773325386493,-0.4686008814947159,0.4686008814947159,0.75141680444337444,-0.2857947819143094,0.2857947819143094,0.1828060995804065
924,315,0.99977552510260537,-0.00022450009565540204,0.00022450009565540204,0.99993979178766967,-6.0210024917498337e-05,6.0210024917498337e-05,0.00016429007073790369
925,8336,0.29481150899290082,-1.221419079425941,1.221419079425941,0.43501174944826909,-0.83238223803231659,0.83238223803231659,0.38903684139362438
926,430,0.65612087217091386,-0.42141025065306542,0.42141025065306542,0.72838693072042837,-0.3169228737382675,0.3169228737382675,0.10448737691479792
927,649,0.56443438469325524,-0.57193113829848874,0.57193113829848874,0.51746583512012623,-0.65881177511351263,0.65881177511351263,-0.086880636815023893
928,387,0.99720837306290211,-0.0027955307946778423,0.0027955307946778423,0.99843825697425992,-0.0015629638175869761,0.0015629638175869761,0.0012325669770908662
929,1511,0.9964936059395858,-0.003512555868101628,0.003512555868101628,0.99833608572350818,-0.0016653001193474288,0.0016653001193474288,0.0018472557487541992
930,311,0.6225564101462937,-0.47392103603999608,0.47392103603999608,0.78150712297222091,-0.2465310146743358,0.2465310146743358,0.22739002136566028
931,4726,0.59211273986829294,-0.52405822326261842,0.52405822326261842,0.6214756679370711,-0.47565851934150488,0.47565851934150488,0.048399703921113535
932,3495,0.88761602756303493,-0.1192160308953856,0.1192160308953856,0.88503768071050914,-0.1221250578065638,0.1221250578065638,-0.0029090269111781974
933,279,0.86485907094469461,-0.14518870908713469,0.14518870908713469,0.86667006973503147,-0.14309691703103852,0.14309691703103852,0.0020917920560961645
934,3925,0.9892287456280956,-0.010829684286718474,0.010829684286718474,0.99444392475140053,-0.0055715676459489917,0.0055715676459489917,0.0052581166407694828
935,315,0.99983952798663911,-0.0001604848903720979,0.0001604848903720979,0.99993349009282761,-6.6512119054297145e-05,6.6512119054297145e-05,9.3972771317800755e-05
936,57664,0.99999826007045223,-1.7399310614479059e-06,1.7399310614479059e-06,0.99999868511580459,-1.3148850599021674e-06,1.3148850599021674e-06,4.2504600154573852e-07
937,13,0.99888823726534137,-0.0011123812012823352,0.0011123812012823352,0.99944273453116783,-0.00055742079894296722,0.00055742079894296722,0.00055496040233936794
938,2435,0.87750495131189044,-0.13067268113736222,0.13067268113736222,0.80712784996121745,-0.21427319703821832,0.21427319703821832,-0.083600515900856098
939,527,0.76520960850733011,-0.26760548463741363,0.26760548463741363,0.83231524987669692,-0.18354400382591829,0.18354400382591829,0.084061480811495337
940,539,0.77557254481532589,-0.25415375487952951,0.25415375487952951,0.87464453000758624,-0.13393772658688827,0.13393772658688827,0.12021602829264125
941,459,0.67612778516392891,-0.39137318949575217,0.39137318949575217,0.69509644682910787,-0.36370467062936329,0.36370467062936329,0.02766851886638888
942,73603,0.99997484360695243,-2.515670947488249e-05,2.515670947488249e-05,0.99997796097149139,-2.2039271371544777e-05,2.2039271371544777e-05,3.1174381033377136e-06
943,1160,0.99999398048849664,-6.0195296206405814e-06,6.0195296206405814e-06,0.99999706080289896,-2.9392014204479663e-06,2.9392014204479663e-06,3.0803282001926151e-06
944,323,0.64609404268380188,-0.43681020888491529,0.43681020888491529,0.54645621974276026,-0.60430108483481615,0.60430108483481615,-0.16749087594990086
945,527,0.90380340094092804,-0.10114341907673328,0.10114341907673328,0.88736861057129623,-0.11949481301893253,0.11949481301893253,-0.018351393942199243
946,10825,0.38556415939143041,-0.95304766820197762,0.95304766820197762,0.56427494031794545,-0.57221366343199687,0.57221366343199687,0.38083400476998075
947,311,0.99961522761387023,-0.00038484643001829197,0.00038484643001829197,0.99956702691195309,-0.00043306684795899487,0.00043306684795899487,-4.8220417940702902e-05
948,3493,0.94990447254752308,-0.05139385465669849,0.05139385465669849,0.96918678122087065,-0.03129792898866722,0.03129792898866722,0.02009592566803127
949,264,0.99936796490113333,-0.0006322349172489727,0.0006322349172489727,0.99882433683769822,-0.0011763547963763138,0.0011763547963763138,-0.00054411987912734105
950,6041,0.99945195986389379,-0.00054819036499180061,0.00054819036499180061,0.9993533098245817,-0.00064689936970395315,0.00064689936970395315,-9.8709004712152536e-05
951,1486,0.99999795829826399,-2.0417038202865421e-06,2.0417038202865421e-06,0.99999770297604773,-2.2970265904363764e-06,2.2970265904363764e-06,-2.5532277014983433e-07
952,369,0.99999991742131067,-8.2578692693776625e-08,8.2578692693776625e-08,0.99999987678744928,-1.2321255833717623e-07,1.2321255833717623e-07,-4.0633865643399601e-08
953,4726,0.97624431971452852,-0.024042396319403275,0.024042396319403275,0.9889177081664392,-0.011144157933119157,0.011144157933119157,0.012898238386284119
954,3495,0.18920599065771163,-1.664918959769897,1.664918959769897,0.44678570408885376,-0.80567620851909383,0.80567620851909383,0.85924275125080318
955,13,0.99806301298974265,-0.0019388653955936133,0.0019388653955936133,0.99803601856914492,-0.0019659125712823667,0.0019659125712823667,-2.7047175688753354e-05
956,4815,0.086428539939641294,-2.4484373343414041,2.4484373343414041,0.11016713901186558,-2.2057566208167239,2.2057566208167239,0.24268071352468024
957,2028,0.18398635643812555,-1.6928936739151792,1.6928936739151792,0.17623733732137536,-1.7359236848558379,1.7359236848558379,-0.043030010940658725
958,2077,0.27348459615394299,-1.2965099798983637,1.2965099798983637,0.38193316435986646,-0.96250964809199624,0.96250964809199624,0.33400033180636746
959,374,0.40521601299480231,-0.90333498864511141,0.90333498864511141,0.48272133598596639,-0.72831573595430443,0.72831573595430443,0.17501925269080698
960,3196,0.66858817094707823,-0.40258699742444332,0.40258699742444332,0.79696906186831784,-0.22693941917834554,0.22693941917834554,0.17564757824609778
961,389,0.99644303127315359,-0.0035633097811951578,0.0035633097811951578,0.99866259906849997,-0.0013382960503033339,0.0013382960503033339,0.0022250137308918241
962,279,0.77504966549385423,-0.25482816717391538,0.25482816717391538,0.8240845360958059,-0.19348216198562151,0.19348216198562151,0.061346005188293862
963,3984,0.39929044947041215,-0.91806618337979162,0.91806618337979162,0.45218209038737728,-0.79367032543479965,0.79367032543479965,0.12439585794499197
964,1495,0.9354423124368646,-0.066735800121930672,0.066735800121930672,0.9386769102522915,-0.06328393752103717,0.06328393752103717,0.0034518626008935016
965,323,0.83986477153338746,-0.17451438637423497,0.17451438637423497,0.93940448454615022,-0.062509131559727801,0.062509131559727801,0.11200525481450717
966,1587,0.45164494384869674,-0.79485893029297083,0.79485893029297083,0.48245031569521879,-0.72887733615754025,0.72887733615754025,0.065981594135430588
967,539,0.99998458965588488,-1.5410462855693206e-05,1.5410462855693206e-05,0.9999747092043012,-2.529111551640026e-05,2.529111551640026e-05,-9.8806526607070547e-06
968,2997,0.7816840271219565,-0.24630467747881096,0.24630467747881096,0.81013248605218613,-0.21055748166323585,0.21055748166323585,0.035747195815575117
969,904,0.7630094465739341,-0.27048486694347773,0.27048486694347773,0.7976417449091483,-0.2260957235532137,0.2260957235532137,0.044389143390264035
970,5217,0.531696334435102,-0.6316827525428117,0.6316827525428117,0.47171003460389693,-0.75139081564302557,0.75139081564302557,-0.11970806310021387
971,2038,0.85473029856691585,-0.1569693000797375,0.1569693000797375,0.90076107532781746,-0.10451523375612297,0.10451523375612297,0.052454066323614532
972,477,0.66264817483099059,-0.41151108600770614,0.41151108600770614,0.69352795169346759,-0.36596373478574723,0.36596373478574723,0.045547351221958909
973,8336,0.17096467149408018,-1.766298343273907,1.766298343273907,0.22116789350100813,-1.5088331667900925,1.5088331667900925,0.25746517648381451
974,430,0.35464866801954731,-1.0366276471015698,1.0366276471015698,0.41426351162801267,-0.88125300612105928,0.88125300612105928,0.15537464098051057
975,1253,0.90868764649986655,-0.095753867069110501,0.095753867069110501,0.91326801626022847,-0.090725885868998976,0.090725885868998976,0.0050279812001115254
976,387,0.68814026345349544,-0.37376259052903732,0.37376259052903732,0.69058387026156975,-0.37021785042183919,0.37021785042183919,0.0035447401071981299
977,2561,0.8772979822223379,-0.1309085698363803,0.1309085698363803,0.82853069574852067,-0.18810139301485651,0.18810139301485651,-0.05719282317847621
978,13,0.92968655481625084,-0.072907787476838931,0.072907787476838931,0.93502997639243113,-0.067176689894610356,0.067176689894610356,0.0057310975822285753
979,1442,0.59208210163592712,-0.52410996851821123,0.52410996851821123,0.45769304079292567,-0.78155653617283849,0.78155653617283849,-0.25744656765462726
980,499,0.99899430908075149,-0.0010061969656736636,0.0010061969656736636,0.99858130246784904,-0.0014197048363142086,0.0014197048363142086,-0.00041350787064054493
981,617,0.64108501103500848,-0.44459320833554189,0.44459320833554189,0.67208547399158813,-0.39736975310752387,0.39736975310752387,0.047223455228018019
982,904,0.99828810853499528,-0.0017133584256227015,0.0017133584256227015,0.99904084049823427,-0.00095961978959042808,0.00095961978959042808,0.0007537386360322734
983,3230,0.92857794500393231,-0.074100954481803274,0.074100954481803274,0.86658408321585223,-0.14319613677801374,0.14319613677801374,-0.069095182296210464
984,4860,0.99880032905553917,-0.0012003911256929247,0.0012003911256929247,0.99810676083592276,-0.0018950336065736567,0.0018950336065736567,-0.00069464248088073203
985,477,0.99814603883916364,-0.0018556818739149641,0.0018556818739149641,0.99922411232374309,-0.00077618883288592226,0.00077618883288592226,0.0010794930410290419
986,1053,0.43739801917308158,-0.82691169938922648,0.82691169938922648,0.44941031091222106,-0.79981897576420269,0.79981897576420269,0.027092723625023796
987,1093,0.99999891530941765,-1.0846911705792677e-06,1.0846911705792677e-06,0.99999901874560526,-9.8125487620421227e-07,9.8125487620421227e-07,1.0343629437505548e-07
988,4726,0.52615944001449544,-0.64215099427709554,0.64215099427709554,0.55582226881680152,-0.58730669623526743,0.58730669623526743,0.05484429804182811
989,64784,0.83020675705363711,-0.18608050432906334,0.18608050432906334,0.88292468500054666,-0.12451537646607248,0.12451537646607248,0.061565127862990857
990,389,0.95348492304306853,-0.047631666292091077,0.047631666292091077,0.92407087341731076,-0.078966507449377304,0.078966507449377304,-0.031334841157286228
991,904,0.99791366689714867,-0.0020885125276243937,0.0020885125276243937,0.99829748108038796,-0.0017039698520082418,0.0017039698520082418,0.00038454267561615187
992,315,0.73260404593895634,-0.31114990594047504,0.31114990594047504,0.76729394002182238,-0.26488531762480189,0.26488531762480189,0.04626458831567315
993,279,0.99999794686370713,-2.0531384005834548e-06,2.0531384005834548e-06,0.9999978775953724,-2.1224068799143169e-06,2.1224068799143169e-06,-6.9268479330862106e-08
994,3585,0.99219885257387597,-0.0078317355622632718,0.0078317355622632718,0.99146231025295251,-0.0085743446011195979,0.0085743446011195979,-0.00074260903885632612
995,9932,0.90550608711345237,-0.099261279303072547,0.099261279303072547,0.91170528208419999,-0.092438496743261142,0.092438496743261142,0.006822782559811405
996,11,0.98824815181115067,-0.01182144697035864,0.01182144697035864,0.97907995103910983,-0.021141973760466549,0.021141973760466549,-0.0093205267901079088
997,4587,0.83232167681964753,-0.18353628209050846,0.18353628209050846,0.93642815788518396,-0.065682473457400178,0.065682473457400178,0.11785380863310828
998,1095,0.87462655347654972,-0.13395827975466984,0.13395827975466984,0.87730989471870746,-0.1308949913080649,0.1308949913080649,0.0030632884466049448
999,757,0.99999836876375703,-1.6312375734853791e-06,1.6312375734853791e-06,0.99999813702927376,-1.8629724615746769e-06,1.8629724615746769e-06,-2.3173488808929778e-07
1000,1440,0.99997822531654657,-2.1774920525298187e-05,2.1774920525298187e-05,0.99997766738963012,-2.233285974630245e-05,2.233285974630245e-05,-5.5793922100426233e-07
1001,13,0.78933352309130567,-0.2365663312435427,0.2365663312435427,0.75445929136587253,-0.28175395668195119,0.28175395668195119,-0.045187625438408485
1002,4815,0.23068946975313565,-1.4666827596073575,1.4666827596073575,0.35075672655462803,-1.0476623825508735,1.0476623825508735,0.41902037705648398
1003,13699,0.43971101575543181,-0.82163755021987595,0.82163755021987595,0.43408405575498915,-0.83451708677985925,0.83451708677985925,-0.012879536559983307
1004,11,0.96377954631620544,-0.036892696918289794,0.036892696918289794,0.98323418122099071,-0.016907956056954894,0.016907956056954894,0.0199847408613349
1005,4587,0.62593510466716762,-0.46850857992166517,0.46850857992166517,0.71393044647718218,-0.33696973528509849,0.33696973528509849,0.13153884463656668
1006,5296,0.98630558405317503,-0.013789049420883638,0.013789049420883638,0.99294299785902018,-0.0070820205533964299,0.0070820205533964299,0.0067070288674872082
1007,430,0.99995409084103637,-4.5910212821325076e-05,4.5910212821325076e-05,0.99997309289532721,-2.6907466675401991e-05,2.6907466675401991e-05,1.9002746145923085e-05
1008,279,0.91995141190555263,-0.08343442347985279,0.08343442347985279,0.91031582237196773,-0.093963682130169937,0.093963682130169937,-0.010529258650317147
1009,1495,0.32801782138177477,-1.1146873385929827,1.1146873385929827,0.25146216638374697,-1.3804627326321219,1.3804627326321219,-0.26577539403913919
1010,3984,0.34519692568795063,-1.0636402256991075,1.0636402256991075,0.36515453062032144,-1.0074346434335735,1.0074346434335735,0.056205582265534071
1011,374,0.42413559805798967,-0.85770206813691297,0.85770206813691297,0.50370711849476479,-0.68576029392069593,0.68576029392069593,0.17194177421621704
1012,264,0.85863804397156851,-0.15240781486563165,0.15240781486563165,0.87893206369461307,-0.12904767245834653,0.12904767245834653,0.023360142407285123
1013,4689,0.36678102679439761,-1.0029902662343042,1.0029902662343042,0.37635241347877735,-0.97722930466503777,0.97722930466503777,0.025760961569266438
1014,24131,0.84636434943634875,-0.1668053389963409,0.1668053389963409,0.85597833409269652,-0.15551021380008778,0.15551021380008778,0.011295125196253114
1015,315,0.99892260411423295,-0.0010779766939253679,0.0010779766939253679,0.99931745547366946,-0.00068277756589175682,0.00068277756589175682,0.00039519912803361111
1016,279,0.94586194645377442,-0.055658654560869311,0.055658654560869311,0.95113489674644658,-0.050099379233819165,0.050099379233819165,0.0055592753270501463
1017,3925,0.99929192716709481,-0.00070832363487128506,0.00070832363487128506,0.99969553207773021,-0.00030451428203786613,0.00030451428203786613,0.00040380935283341893
1018,315,0.99999681765225945,-3.1823528042023923e-06,3.1823528042023923e-06,0.99999691700720406,-3.0829975483436836e-06,3.0829975483436836e-06,9.9355255858708718e-08
1019,57664,0.99999364567083737,-6.3543493514083727e-06,6.3543493514083727e-06,0.99999332708174915,-6.6729405148914491e-06,6.6729405148914491e-06,-3.1859116348307647e-07
1020,323,0.8077648757776249,-0.21348425813311822,0.21348425813311822,0.69198315453445214,-0.36819366681907312,0.36819366681907312,-0.1547094086859549
1021,1253,0.95113069760853231,-0.050103794114608448,0.050103794114608448,0.95202513397221478,-0.049163843307960066,0.049163843307960066,0.00093995080664838193
1022,539,0.99535063397344681,-0.0046602079472020542,0.0046602079472020542,0.99205145754671709,-0.0079803005156646838,0.0079803005156646838,-0.0033200925684626296
1023,387,0.51540540930247236,-0.66280148547072848,0.66280148547072848,0.53995979967463903,-0.61626058724195176,0.61626058724195176,0.046540898228776717
