token_index,token_id,probability,logprob,nll,reference_probability,reference_logprob,reference_nll,nll_drift
0,1692,0.68149109085317183,-0.38347210078034449,0.38347210078034449,0.68149109085317183,-0.38347210078034449,0.38347210078034449,0
1,10746,0.99985389912084421,-0.00014611155292883736,0.00014611155292883736,0.99985389912084421,-0.00014611155292883736,0.00014611155292883736,0
2,374,0.50814011649621138,-0.67699804956053178,0.67699804956053178,0.50814011649621138,-0.67699804956053178,0.67699804956053178,0
3,279,0.83926685128786027,-0.17522656433893147,0.17522656433893147,0.83926685128786027,-0.17522656433893147,0.17522656433893147,0
4,6864,0.99994012703615798,-5.9874756299444874e-05,5.9874756299444874e-05,0.99994012703615798,-5.9874756299444874e-05,5.9874756299444874e-05,0
5,3363,0.9987246464428241,-0.0012761675126514503,0.0012761675126514503,0.9987246464428241,-0.0012761675126514503,0.0012761675126514503,0
6,315,0.99998608375436393,-1.3916342467966598e-05,1.3916342467966598e-05,0.99998608375436393,-1.3916342467966598e-05,1.3916342467966598e-05,0
7,279,0.99999220844905534,-7.7915812989809359e-06,7.7915812989809359e-06,0.99999220844905534,-7.7915812989809359e-06,7.7915812989809359e-06,0
8,26363,0.99999554125235379,-4.4587575864749598e-06,4.4587575864749598e-06,0.99999554125235379,-4.4587575864749598e-06,4.4587575864749598e-06,0
9,11,0.96319633101754754,-0.037498013594358275,0.037498013594358275,0.96319633101754754,-0.037498013594358275,0.037498013594358275,0
10,18538,0.99551855869077777,-0.0044915130692582449,0.0044915130692582449,0.99551855869077777,-0.0044915130692582449,0.0044915130692582449,0
11,389,0.96700646786862032,-0.033550094959049585,0.033550094959049585,0.96700646786862032,-0.033550094959049585,0.033550094959049585,0
12,5651,0.99998789945358968,-1.2100619622511085e-05,1.2100619622511085e-05,0.99998789945358968,-1.2100619622511085e-05,1.2100619622511085e-05,0
13,220,0.99999814364137241,-1.8563603505776721e-06,1.8563603505776721e-06,0.99999814364137241,-1.8563603505776721e-06,1.8563603505776721e-06,0
14,1187,0.99999090167715687,-9.0983642331120143e-06,9.0983642331120143e-06,0.99999090167715687,-9.0983642331120143e-06,9.0983642331120143e-06,0
15,11,0.99999655320736125,-3.4467985789189908e-06,3.4467985789189908e-06,0.99999655320736125,-3.4467985789189908e-06,3.4467985789189908e-06,0
16,220,0.99999347698287766,-6.5230383973529513e-06,6.5230383973529513e-06,0.99999347698287766,-6.5230383973529513e-06,6.5230383973529513e-06,0
17,10895,0.9999998661034234,-1.338965855144515e-07,1.338965855144515e-07,0.9999998661034234,-1.338965855144515e-07,1.338965855144515e-07,0
18,16,0.99999975651087381,-2.4348915583729612e-07,2.4348915583729612e-07,0.99999975651087381,-2.4348915583729612e-07,2.4348915583729612e-07,0
19,11,0.96607675751152278,-0.0345119888046687,0.0345119888046687,0.96607675751152278,-0.0345119888046687,0.0345119888046687,0
20,555,0.99999201625182943,-7.9837800409039749e-06,7.9837800409039749e-06,0.99999201625182943,-7.9837800409039749e-06,7.9837800409039749e-06,0
21,15506,0.99976594028929278,-0.00023408710695630377,0.00023408710695630377,0.99976594028929278,-0.00023408710695630377,0.00023408710695630377,0
22,39879,0.99928380646989823,-0.00071645011920704906,0.00071645011920704906,0.99928380646989823,-0.00071645011920704906,0.00071645011920704906,0
23,380,0.99999879715361883,-1.2028471045870782e-06,1.2028471045870782e-06,0.99999879715361883,-1.2028471045870782e-06,1.2028471045870782e-06,0
24,5477,0.99998486614941184,-1.5133965106028905e-05,1.5133965106028905e-05,0.99998486614941184,-1.5133965106028905e-05,1.5133965106028905e-05,0
25,46991,0.99999485769317487,-5.1423200467870181e-06,5.1423200467870181e-06,0.99999485769317487,-5.1423200467870181e-06,5.1423200467870181e-06,0
26,92075,0.9998823555709393,-0.00011765134970935153,0.00011765134970935153,0.9998823555709393,-0.00011765134970935153,0.00011765134970935153,0
27,409,0.99999789048574306,-2.1095164820182148e-06,2.1095164820182148e-06,0.99999789048574306,-2.1095164820182148e-06,2.1095164820182148e-06,0
28,7765,0.99999384247121048,-6.1575477472313251e-06,6.1575477472313251e-06,0.99999384247121048,-6.1575477472313251e-06,6.1575477472313251e-06,0
29,1394,0.99995547767487414,-4.4523316274053822e-05,4.4523316274053822e-05,0.99995547767487414,-4.4523316274053822e-05,4.4523316274053822e-05,0
30,2554,0.99999874738452255,-1.2526162620080453e-06,1.2526162620080453e-06,0.99999874738452255,-1.2526162620080453e-06,1.2526162620080453e-06,0
31,13,0.99980762272795165,-0.0001923957789292828,0.0001923957789292828,0.99980762272795165,-0.0001923957789292828,0.0001923957789292828,0
32,1102,0.99505394308990203,-0.004958329132373227,0.004958329132373227,0.99505394308990203,-0.004958329132373227,0.004958329132373227,0
33,374,0.99646411101826515,-0.0035421550121996497,0.0035421550121996497,0.99646411101826515,-0.0035421550121996497,0.0035421550121996497,0
34,832,0.99967575220989358,-0.0003243003697873479,0.0003243003697873479,0.99967575220989358,-0.0003243003697873479,0.0003243003697873479,0
35,315,0.99999755513706401,-2.4448659246333889e-06,2.4448659246333889e-06,0.99999755513706401,-2.4448659246333889e-06,2.4448659246333889e-06,0
36,279,0.99999900993940416,-9.9006108594543957e-07,9.9006108594543957e-07,0.99999900993940416,-9.9006108594543957e-07,9.9006108594543957e-07,0
37,24417,0.99999200145571732,-7.9985762712549958e-06,7.9985762712549958e-06,0.99999200145571732,-7.9985762712549958e-06,7.9985762712549958e-06,0
38,9919,0.99999283106313963,-7.1689625572955873e-06,7.1689625572955873e-06,0.99999283106313963,-7.1689625572955873e-06,7.1689625572955873e-06,0
39,304,0.99999910299486305,-8.970055392151644e-07,8.970055392151644e-07,0.99999910299486305,-8.970055392151644e-07,8.970055392151644e-07,0
40,279,0.99999884163322839,-1.1583674425219058e-06,1.1583674425219058e-06,0.99999884163322839,-1.1583674425219058e-06,1.1583674425219058e-06,0
41,3224,0.99951496816769669,-0.00048514949829188918,0.00048514949829188918,0.99951496816769669,-0.00048514949829188918,0.00048514949829188918,0
42,323,0.99856947402100549,-0.001431550158142611,0.001431550158142611,0.99856947402100549,-0.001431550158142611,0.001431550158142611,0
43,574,0.999056279248551,-0.00094416633623781903,0.00094416633623781903,0.999056279248551,-0.00094416633623781903,0.00094416633623781903,0
44,279,0.99992843888490712,-7.1563675711621455e-05,7.1563675711621455e-05,0.99992843888490712,-7.1563675711621455e-05,7.1563675711621455e-05,0
45,10954,0.9999937306625849,-6.2693570675316367e-06,6.2693570675316367e-06,0.9999937306625849,-6.2693570675316367e-06,6.2693570675316367e-06,0
46,315,0.99999913041087185,-8.6958950622944381e-07,8.6958950622944381e-07,0.99999913041087185,-8.6958950622944381e-07,8.6958950622944381e-07,0
47,2410,0.99999600042015102,-3.9995878472652309e-06,3.9995878472652309e-06,0.99999600042015102,-3.9995878472652309e-06,3.9995878472652309e-06,0
48,369,0.99999259392467632,-7.4061027487791368e-06,7.4061027487791368e-06,0.99999259392467632,-7.4061027487791368e-06,7.4061027487791368e-06,0
49,1455,0.99999161138596415,-8.3886492205197647e-06,8.3886492205197647e-06,0.99999161138596415,-8.3886492205197647e-06,8.3886492205197647e-06,0
50,315,0.9999961122690556,-3.8877385015964296e-06,3.8877385015964296e-06,0.9999961122690556,-3.8877385015964296e-06,3.8877385015964296e-06,0
51,279,0.99999312430198972,-6.8757216479665547e-06,6.8757216479665547e-06,0.99999312430198972,-6.8757216479665547e-06,6.8757216479665547e-06,0
52,37683,0.99993138308055241,-6.8619273696110915e-05,6.8619273696110915e-05,0.99993138308055241,-6.8619273696110915e-05,6.8619273696110915e-05,0
53,5718,0.99335221470551827,-0.0066699802386444617,0.0066699802386444617,0.99335221470551827,-0.0066699802386444617,0.0066699802386444617,0
54,315,0.99995432865764533,-4.5672385322132998e-05,4.5672385322132998e-05,0.99995432865764533,-4.5672385322132998e-05,4.5672385322132998e-05,0
55,279,0.99999796000826557,-2.0399938151972262e-06,2.0399938151972262e-06,0.99999796000826557,-2.0399938151972262e-06,2.0399938151972262e-06,0
56,26363,0.9999890332526733,-1.0966807461953225e-05,1.0966807461953225e-05,0.9999890332526733,-1.0966807461953225e-05,1.0966807461953225e-05,0
57,13,0.97493779411252801,-0.02538161092988225,0.02538161092988225,0.97493779411252801,-0.02538161092988225,0.02538161092988225,0
58,57664,0.83436845869737919,-0.18108017718769442,0.18108017718769442,0.83436845869737919,-0.18108017718769442,0.18108017718769442,0
59,374,0.99643698144057335,-0.0035693812280877544,0.0035693812280877544,0.99643698144057335,-0.0035693812280877544,0.0035693812280877544,0
60,31183,0.92415651400037835,-0.07887383423858961,0.07887383423858961,0.92415651400037835,-0.07887383423858961,0.07887383423858961,0
61,389,0.99999514120519928,-4.858806604706222e-06,4.858806604706222e-06,0.99999514120519928,-4.858806604706222e-06,4.858806604706222e-06,0
62,279,0.9999989331949023,-1.066805666756992e-06,1.066805666756992e-06,0.9999989331949023,-1.066805666756992e-06,1.066805666756992e-06,0
63,24024,0.99997427630223246,-2.5724028627556244e-05,2.5724028627556244e-05,0.99997427630223246,-2.5724028627556244e-05,2.5724028627556244e-05,0
64,31284,0.99999430806484124,-5.6919513578784938e-06,5.6919513578784938e-06,0.99999430806484124,-5.6919513578784938e-06,5.6919513578784938e-06,0
65,315,0.99999935403646911,-6.459637394747192e-07,6.459637394747192e-07,0.99999935403646911,-6.459637394747192e-07,6.459637394747192e-07,0
66,57664,0.99999626617180115,-3.7338351695919957e-06,3.7338351695919957e-06,0.99999626617180115,-3.7338351695919957e-06,3.7338351695919957e-06,0
67,9332,0.99999745741509438,-2.5425881379558967e-06,2.5425881379558967e-06,0.99999745741509438,-2.5425881379558967e-06,2.5425881379558967e-06,0
68,323,0.99993006497681269,-6.9937468755040377e-05,6.9937468755040377e-05,0.99993006497681269,-6.9937468755040377e-05,6.9937468755040377e-05,0
69,5727,0.99990166250830426,-9.8342327143845367e-05,9.8342327143845367e-05,0.99990166250830426,-9.8342327143845367e-05,9.8342327143845367e-05,0
70,264,0.99994760669459115,-5.2394677986023226e-05,5.2394677986023226e-05,0.99994760669459115,-5.2394677986023226e-05,5.2394677986023226e-05,0
71,49068,0.99993169701748985,-6.8305315265102521e-05,6.8305315265102521e-05,0.99993169701748985,-6.8305315265102521e-05,6.8305315265102521e-05,0
72,315,0.99999660900313925,-3.3910026102096984e-06,3.3910026102096984e-06,0.99999660900313925,-3.3910026102096984e-06,3.3910026102096984e-06,0
73,61024,0.99991689118314064,-8.3112270588471551e-05,8.3112270588471551e-05,0.99991689118314064,-8.3112270588471551e-05,8.3112270588471551e-05,0
74,11,0.99993598225131797,-6.4019797905550495e-05,6.4019797905550495e-05,0.99993598225131797,-6.4019797905550495e-05,6.4019797905550495e-05,0
75,1063,0.99987818704508968,-0.00012182037471088589,0.00012182037471088589,0.99987818704508968,-0.00012182037471088589,0.00012182037471088589,0
76,315,0.99997988213523137,-2.0118067135539613e-05,2.0118067135539613e-05,0.99997988213523137,-2.0118067135539613e-05,2.0118067135539613e-05,0
77,902,0.99999773597905584,-2.2640235070504185e-06,2.2640235070504185e-06,0.99999773597905584,-2.2640235070504185e-06,2.2640235070504185e-06,0
78,2457,0.99999712631558979,-2.8736885392235567e-06,2.8736885392235567e-06,0.99999712631558979,-2.8736885392235567e-06,2.8736885392235567e-06,0
79,1203,0.99999933039187783,-6.6960834640378781e-07,6.6960834640378781e-07,0.99999933039187783,-6.6960834640378781e-07,6.6960834640378781e-07,0
80,311,0.99999938345851325,-6.1654167683166875e-07,6.1654167683166875e-07,0.99999938345851325,-6.1654167683166875e-07,6.1654167683166875e-07,0
81,279,0.99999837506555822,-1.6249357620141688e-06,1.6249357620141688e-06,0.99999837506555822,-1.6249357620141688e-06,1.6249357620141688e-06,0
82,220,0.99999767832620523,-2.3216764898093894e-06,2.3216764898093894e-06,0.99999767832620523,-2.3216764898093894e-06,2.3216764898093894e-06,0
83,845,0.99999673422889934,-3.2657764332506465e-06,3.2657764332506465e-06,0.99999673422889934,-3.2657764332506465e-06,3.2657764332506465e-06,0
84,339,0.99999777640470755,-2.223597764632763e-06,2.223597764632763e-06,0.99999777640470755,-2.223597764632763e-06,2.223597764632763e-06,0
85,9478,0.99998456997545859,-1.5430143585455608e-05,1.5430143585455608e-05,0.99998456997545859,-1.5430143585455608e-05,1.5430143585455608e-05,0
86,11,0.99725328471624231,-0.002750494427924347,0.002750494427924347,0.99725328471624231,-0.002750494427924347,0.002750494427924347,0
87,1778,0.99999116939484733,-8.8306441427015635e-06,8.8306441427015635e-06,0.99999116939484733,-8.8306441427015635e-06,8.8306441427015635e-06,0
88,439,0.99999971888100814,-2.8111903139670396e-07,2.8111903139670396e-07,0.99999971888100814,-2.8111903139670396e-07,2.8111903139670396e-07,0
89,279,0.99999795679145453,-2.0432106327701526e-06,2.0432106327701526e-06,0.99999795679145453,-2.0432106327701526e-06,2.0432106327701526e-06,0
90,15506,0.99988904970266468,-0.00011095645277483513,0.00011095645277483513,0.99988904970266468,-0.00011095645277483513,0.00011095645277483513,0
91,37683,0.999933039008989,-6.6963232998224083e-05,6.6963232998224083e-05,0.999933039008989,-6.6963232998224083e-05,6.6963232998224083e-05,0
92,11639,0.99441824388626687,-0.0055973923265528278,0.0055973923265528278,0.99441824388626687,-0.0055973923265528278,0.0055973923265528278,0
93,468,0.9999924653298895,-7.5346984962847993e-06,7.5346984962847993e-06,0.9999924653298895,-7.5346984962847993e-06,7.5346984962847993e-06,0
94,4841,0.99999783867997738,-2.1613223582245645e-06,2.1613223582245645e-06,0.99999783867997738,-2.1613223582245645e-06,2.1613223582245645e-06,0
95,4409,0.99999806626629961,-1.9337355700620776e-06,1.9337355700620776e-06,0.99999806626629961,-1.9337355700620776e-06,1.9337355700620776e-06,0
96,315,0.99999957750817314,-4.224919161310813e-07,4.224919161310813e-07,0.99999957750817314,-4.224919161310813e-07,4.224919161310813e-07,0
97,61894,0.99999719149940103,-2.8085045428098999e-06,2.8085045428098999e-06,0.99999719149940103,-2.8085045428098999e-06,2.8085045428098999e-06,0
98,309,0.99999996965314253,-3.0346857899098624e-08,3.0346857899098624e-08,0.99999996965314253,-3.0346857899098624e-08,3.0346857899098624e-08,0
99,44486,0.99973431757124176,-0.00026571772858718907,0.00026571772858718907,0.99973431757124176,-0.00026571772858718907,0.00026571772858718907,0
100,382,0.98371199741624626,-0.016422110323254639,0.016422110323254639,0.98371199741624626,-0.016422110323254639,0.016422110323254639,0
101,1692,0.99490833324573791,-0.0051046734587512424,0.0051046734587512424,0.99490833324573791,-0.0051046734587512424,0.0051046734587512424,0
102,10746,0.99994424012517991,-5.576142945969896e-05,5.576142945969896e-05,0.99994424012517991,-5.576142945969896e-05,5.576142945969896e-05,0
103,374,0.87030507979452654,-0.13891146237212049,0.13891146237212049,0.87030507979452654,-0.13891146237212049,0.13891146237212049,0
104,279,0.99981811933662235,-0.00018189720567140882,0.00018189720567140882,0.99981811933662235,-0.00018189720567140882,0.00018189720567140882,0
105,2132,0.9999939729875239,-6.0270306385637009e-06,6.0270306385637009e-06,0.9999939729875239,-6.0270306385637009e-06,6.0270306385637009e-06,0
106,1455,0.9972823432617175,-0.0027213562715840299,0.0027213562715840299,0.9972823432617175,-0.0027213562715840299,0.0027213562715840299,0
107,95551,0.99997736532828374,-2.2634927884294821e-05,2.2634927884294821e-05,0.99997736532828374,-2.2634927884294821e-05,2.2634927884294821e-05,0
108,3363,0.99999759177312342,-2.408229776377756e-06,2.408229776377756e-06,0.99999759177312342,-2.408229776377756e-06,2.408229776377756e-06,0
109,304,0.99999941581256757,-5.8418760307355346e-07,5.8418760307355346e-07,0.99999941581256757,-5.8418760307355346e-07,5.8418760307355346e-07,0
110,279,0.9999997995501666,-2.0044985349850856e-07,2.0044985349850856e-07,0.9999997995501666,-2.0044985349850856e-07,2.0044985349850856e-07,0
111,26363,0.99998505958716599,-1.4940524443037774e-05,1.4940524443037774e-05,0.99998505958716599,-1.4940524443037774e-05,1.4940524443037774e-05,0
112,1306,0.93672842075389939,-0.065361877865220325,0.065361877865220325,0.93672842075389939,-0.065361877865220325,0.065361877865220325,0
113,279,0.93284567057928514,-0.069515503843360985,0.069515503843360985,0.93284567057928514,-0.069515503843360985,0.069515503843360985,0
114,4846,0.99999939631273949,-6.036874427811032e-07,6.036874427811032e-07,0.99999939631273949,-6.036874427811032e-07,6.036874427811032e-07,0
115,6864,0.99999761444970592,-2.3855531395397658e-06,2.3855531395397658e-06,0.99999761444970592,-2.3855531395397658e-06,2.3855531395397658e-06,0
116,9605,0.99993112317875499,-6.887919336215905e-05,6.887919336215905e-05,0.99993112317875499,-6.887919336215905e-05,6.887919336215905e-05,0
117,52719,0.99999935863133438,-6.4136887128204997e-07,6.4136887128204997e-07,0.99999935863133438,-6.4136887128204997e-07,6.4136887128204997e-07,0
118,4409,0.99999596547345226,-4.0345346864137908e-06,4.0345346864137908e-06,0.99999596547345226,-4.0345346864137908e-06,4.0345346864137908e-06,0
119,11,0.7035581041962049,-0.35160481280887856,0.35160481280887856,0.7035581041962049,-0.35160481280887856,0.35160481280887856,0
120,449,0.99993142270458846,-6.8579646941763678e-05,6.8579646941763678e-05,0.99993142270458846,-6.8579646941763678e-05,6.8579646941763678e-05,0
121,264,0.99996596758192158,-3.4032997194347958e-05,3.4032997194347958e-05,0.99996596758192158,-3.4032997194347958e-05,3.4032997194347958e-05,0
122,7187,0.99999116395671306,-8.8360823249744282e-06,8.8360823249744282e-06,0.99999116395671306,-8.8360823249744282e-06,8.8360823249744282e-06,0
123,315,0.99998796763006037,-1.2032442329137821e-05,1.2032442329137821e-05,0.99998796763006037,-1.2032442329137821e-05,1.2032442329137821e-05,0
124,220,0.99701346839472893,-0.0029910001900499178,0.0029910001900499178,0.99701346839472893,-0.0029910001900499178,0.0029910001900499178,0
125,16,0.99936204098242865,-0.00063816260001480992,0.00063816260001480992,0.99936204098242865,-0.00063816260001480992,0.00063816260001480992,0
126,11,0.98510796972069503,-0.015004029887576372,0.015004029887576372,0.98510796972069503,-0.015004029887576372,0.015004029887576372,0
127,19423,0.99922954926152463,-0.00077074768817878188,0.00077074768817878188,0.99922954926152463,-0.00077074768817878188,0.00077074768817878188,0
128,11,0.99999017681234093,-9.8232359068574005e-06,9.8232359068574005e-06,0.99999017681234093,-9.8232359068574005e-06,9.8232359068574005e-06,0
129,10410,0.99744133478171459,-0.0025619441965343266,0.0025619441965343266,0.99744133478171459,-0.0025619441965343266,0.0025619441965343266,0
130,304,0.9995941166955109,-0.00040596569741294482,0.00040596569741294482,0.9995941166955109,-0.00040596569741294482,0.00040596569741294482,0
131,220,0.99999256744994602,-7.4325776755567804e-06,7.4325776755567804e-06,0.99999256744994602,-7.4325776755567804e-06,7.4325776755567804e-06,0
132,679,0.99999488561271921,-5.1144003592999681e-06,5.1144003592999681e-06,0.99999488561271921,-5.1144003592999681e-06,5.1144003592999681e-06,0
133,20,0.99999495090092638,-5.0491118203270536e-06,5.0491118203270536e-06,0.99999495090092638,-5.0491118203270536e-06,5.0491118203270536e-06,0
134,13,0.99915588811553346,-0.00084446834751389648,0.00084446834751389648,0.99915588811553346,-0.00084446834751389648,0.00084446834751389648,0
135,24586,0.87569518282890368,-0.13273721340673417,0.13273721340673417,0.87569518282890368,-0.13273721340673417,0.13273721340673417,0
136,311,0.99999895470309097,-1.0452974553881386e-06,1.0452974553881386e-06,0.99999895470309097,-1.0452974553881386e-06,1.0452974553881386e-06,0
137,1202,0.99998952068753522,-1.0479367373177248e-05,1.0479367373177248e-05,0.99998952068753522,-1.0479367373177248e-05,1.0479367373177248e-05,0
138,2678,0.99998391746685722,-1.60826624680599e-05,1.60826624680599e-05,0.99998391746685722,-1.60826624680599e-05,1.60826624680599e-05,0
139,4363,0.99999711649051015,-2.8835136472010827e-06,2.8835136472010827e-06,0.99999711649051015,-2.8835136472010827e-06,2.8835136472010827e-06,0
140,3158,0.99999889885638538,-1.1011442208385906e-06,1.1011442208385906e-06,0.99999889885638538,-1.1011442208385906e-06,1.1011442208385906e-06,0
141,323,0.99976991155593276,-0.00023011491847437404,0.00023011491847437404,0.99976991155593276,-0.00023011491847437404,0.00023011491847437404,0
142,6908,0.99935284821792292,-0.00064736127517908324,0.00064736127517908324,0.99935284821792292,-0.00064736127517908324,0.00064736127517908324,0
143,7187,0.99999671564478321,-3.2843606103124271e-06,3.2843606103124271e-06,0.99999670829798193,-3.2917074357289288e-06,3.2917074357289288e-06,-7.3468254165016048e-09
144,11,0.99997346449506275,-2.6535857010021931e-05,2.6535857010021931e-05,0.99997373246708987,-2.6267877907792813e-05,2.6267877907792813e-05,2.6797910222911862e-07
145,57664,0.99992725105948554,-7.2751586847009161e-05,7.2751586847009161e-05,0.99992931831093212,-7.068418713615842e-05,7.068418713615842e-05,2.0673997108507412e-06
146,374,0.99999071043035082,-9.2896127974565657e-06,9.2896127974565657e-06,0.99999069462546697,-9.3054178283415395e-06,9.3054178283415395e-06,-1.5805030884973834e-08
147,27458,0.99867105661228683,-0.0013298272161024474,0.0013298272161024474,0.99868101300693657,-0.0013198576220571307,0.0013198576220571307,9.969594045316707e-06
148,439,0.99999740750348809,-2.5924998724480729e-06,2.5924998724480729e-06,0.99999744792986689,-2.5520733896918506e-06,2.5520733896918506e-06,4.0426482756222329e-08
149,832,0.99999947980179338,-5.2019834187980616e-07,5.2019834187980616e-07,0.99999950576764784,-4.9423247427124221e-07,4.9423247427124221e-07,2.5965867608563953e-08
150,315,0.99999776399270113,-2.2360097987791179e-06,2.2360097987791179e-06,0.99999793050259655,-2.0694995448258769e-06,2.0694995448258769e-06,1.6651025395324097e-07
151,279,0.9999989646924361,-1.0353080997790477e-06,1.0353080997790477e-06,0.99999909223965355,-9.0776075843951329e-07,9.0776075843951329e-07,1.2754734133953436e-07
152,1455,0.99999822312954834,-1.7768720302782775e-06,1.7768720302782775e-06,0.99999840592920397,-1.5940720665742636e-06,1.5940720665742636e-06,1.8279996370401392e-07
153,97617,0.99999538561200041,-4.6143986458713118e-06,4.6143986458713118e-06,0.99999557643802339,-4.4235717606134258e-06,4.4235717606134258e-06,1.908268852578859e-07
154,35459,0.99999823939225907,-1.760609290799691e-06,1.760609290799691e-06,0.99999833863412324,-1.6613672568135848e-06,1.6613672568135848e-06,9.9242033986106172e-08
155,9919,0.99999574013144166,-4.2598776316465516e-06,4.2598776316465516e-06,0.99999600857282356,-3.9914351422433884e-06,3.9914351422433884e-06,2.6844248940316324e-07
156,304,0.99999924339354496,-7.5660674124753477e-07,7.5660674124753477e-07,0.99999934434629889,-6.556539160465949e-07,6.556539160465949e-07,1.0095282520093987e-07
157,279,0.99999942665311814,-5.733470462338701e-07,5.733470462338701e-07,0.99999952526535441,-4.7473475828337632e-07,4.7473475828337632e-07,9.8612287950493779e-08
158,1917,0.99999685231309654,-3.1476918574358048e-06,3.1476918574358048e-06,0.99999718405126592,-2.8159526988280284e-06,2.8159526988280284e-06,3.3173915860777631e-07
159,11,0.96817520340013086,-0.032342212835154677,0.032342212835154677,0.96777493666313696,-0.032755722185849358,0.032755722185849358,-0.00041350935069468103
160,449,0.99998799172300834,-1.2008349091576448e-05,1.2008349091576448e-05,0.99998896630646006,-1.1033754411575447e-05,1.1033754411575447e-05,9.7459468000100048e-07
161,220,0.99978179633084496,-0.00021822747903932403,0.00021822747903932403,0.99978127190047128,-0.0002187520240082102,0.0002187520240082102,-5.2454496888616363e-07
162,2983,0.99949902218278464,-0.00050110334852936306,0.00050110334852936306,0.99950708776100017,-0.0004930337601720331,0.0004930337601720331,8.0695883573299581e-06
163,11,0.99999167088186802,-8.3291528193273434e-06,8.3291528193273434e-06,0.99999102684767716,-8.9731925817789679e-06,8.9731925817789679e-06,-6.4403976245162455e-07
164,20907,0.99998551368750122,-1.4486417426376737e-05,1.4486417426376737e-05,0.99998548771880102,-1.4512386503092429e-05,1.4512386503092429e-05,-2.5969076715692333e-08
165,1274,0.99999345073363932,-6.5492878071793749e-06,6.5492878071793749e-06,0.99999311099374344,-6.8890299858428175e-06,6.8890299858428175e-06,-3.3974217866344259e-07
166,824,0.99999948101732805,-5.1898280661722573e-07,5.1898280661722573e-07,0.99999944734320023,-5.5265695247570877e-07,5.5265695247570877e-07,-3.3674145858483044e-08
167,9518,0.99999822594644661,-1.7740551270173867e-06,1.7740551270173867e-06,0.99999832564401092,-1.6743573907656543e-06,1.6743573907656543e-06,9.9697736251732387e-08
168,15395,0.99998064023017141,-1.9359957231367399e-05,1.9359957231367399e-05,0.99998023085064258,-1.9769344769671488e-05,1.9769344769671488e-05,-4.0938753830408923e-07
169,21037,0.9999992804047797,-7.1959547919898093e-07,7.1959547919898093e-07,0.9999992961061982,-7.0389404956019769e-07,7.0389404956019769e-07,1.5701429638783237e-08
170,382,0.94497322676828632,-0.056598683351868573,0.056598683351868573,0.94742438723645916,-0.054008147598897056,0.054008147598897056,0.0025905357529715164
171,1692,0.98018305674142114,-0.020015932167796811,0.020015932167796811,0.97716205250562682,-0.023102773236699022,0.023102773236699022,-0.0030868410689022102
172,10746,0.99995771361110719,-4.2287282987409219e-05,4.2287282987409219e-05,0.99995620110151029,-4.3799857689467366e-05,4.3799857689467366e-05,-1.5125747020581476e-06
173,706,0.95279986417671025,-0.048350403492788331,0.048350403492788331,0.95107191972272032,-0.050165593930564002,0.050165593930564002,-0.0018151904377756711
174,4848,0.79054107150811836,-0.23503766731528949,0.23503766731528949,0.76119866911787437,-0.27286089196173097,0.27286089196173097,-0.037823224646441472
175,18740,0.99999380216066691,-6.1978585398182821e-06,6.1978585398182821e-06,0.99999348391770471,-6.5161035250363692e-06,6.5161035250363692e-06,-3.1824498521808706e-07
176,27536,0.9999987104930198,-1.2895078115609448e-06,1.2895078115609448e-06,0.999998716121968,-1.2838788561743438e-06,1.2838788561743438e-06,5.628955386600977e-09
177,369,0.99998342212761093,-1.6578009803484287e-05,1.6578009803484287e-05,0.99998252334196092,-1.7476810757633518e-05,1.7476810757633518e-05,-8.9880095414923074e-07
178,279,0.99999963913843726,-3.6086162786121608e-07,3.6086162786121608e-07,0.99999964799284391,-3.5200721803663635e-07,3.5200721803663635e-07,8.8544098245797275e-09
179,4827,0.99997991160627819,-2.0088595496257504e-05,2.0088595496257504e-05,0.99997958146044008,-2.0418748021136643e-05,2.0418748021136643e-05,-3.3015252487913886e-07
180,3838,0.99999432054438753,-5.6794717406624475e-06,5.6794717406624475e-06,0.99999398778134185,-6.012236731589652e-06,6.012236731589652e-06,-3.3276499092720448e-07
181,315,0.99999929190405257,-7.0809619810914233e-07,7.0809619810914233e-07,0.99999923171737504,-7.6828292013949627e-07,7.6828292013949627e-07,-6.0186722030353934e-08
182,279,0.99999799472643958,-2.0052755709740529e-06,2.0052755709740529e-06,0.99999791520676673,-2.0847954064948201e-06,2.0847954064948201e-06,-7.9519835520767182e-08
183,57281,0.99993986400740908,-6.0137800832176876e-05,6.0137800832176876e-05,0.99994010443887393,-5.9897354936828795e-05,5.9897354936828795e-05,2.4044589534808099e-07
184,8151,0.99999194997015883,-8.0500622428246614e-06,8.0500622428246614e-06,0.99999229436884507,-7.705660843419688e-06,7.705660843419688e-06,3.4440139940497337e-07
185,13,0.55924793340786882,-0.581162373910869,0.581162373910869,0.55455845286102579,-0.58958306230835134,0.58958306230835134,-0.0084206883974823343
186,578,0.7832532186841904,-0.24429923976256882,0.24429923976256882,0.78555783487642561,-0.2413611958919431,0.2413611958919431,0.0029380438706257117
187,3363,0.99999687699926898,-3.1230056076312802e-06,3.1230056076312802e-06,0.99999678576298623,-3.2142421794915754e-06,3.2142421794915754e-06,-9.1236571860295224e-08
188,374,0.99997538262406604,-2.4617678946525288e-05,2.4617678946525288e-05,0.99997443434437894,-2.5565982428040632e-05,2.5565982428040632e-05,-9.4830348151534428e-07
189,24306,0.99571489671870106,-0.0042943106487925388,0.0042943106487925388,0.99566371722752423,-0.0043457117141948018,0.0043457117141948018,-5.1401065402262996e-05
190,315,0.99999910199227204,-8.9800813121292288e-07,8.9800813121292288e-07,0.99999902881202662,-9.7118844501719585e-07,9.7118844501719585e-07,-7.3180313804272972e-08
191,220,0.99997713881134409,-2.2861449976896954e-05,2.2861449976896954e-05,0.99997674478800402,-2.3255482402650961e-05,2.3255482402650961e-05,-3.9403242575400686e-07
192,845,0.99999957830559949,-4.2169448945435932e-07,4.2169448945435932e-07,0.99999954631076982,-4.5368933310262312e-07,4.5368933310262312e-07,-3.1994843648263804e-08
193,27536,0.99995032329857203,-4.9677935356125458e-05,4.9677935356125458e-05,0.99994694135556539,-5.3060052094309799e-05,5.3060052094309799e-05,-3.3821167381843412e-06
194,11,0.99253650456780484,-0.0074914866762126565,0.0074914866762126565,0.99178019718306265,-0.0082537716690242197,0.0082537716690242197,-0.00076228499281156322
195,32125,0.99841110958150936,-0.0015901540435568429,0.0015901540435568429,0.99833506608498102,-0.0016663214578148777,0.0016663214578148777,-7.6167414258034808e-05
196,25,0.8483600262504194,-0.16445017403244461,0.16445017403244461,0.83694968388627777,-0.17799132513083998,0.17799132513083998,-0.013541151098395376
197,30444,0.99913057868324762,-0.00086979948267156817,0.00086979948267156817,0.99905871128260304,-0.00094173200781967311,0.00094173200781967311,-7.1932525148104935e-05
198,36071,0.99999898453750324,-1.0154630123486203e-06,1.0154630123486203e-06,0.99999893130897199,-1.0686915990409078e-06,1.0686915990409078e-06,-5.3228586692287559e-08
199,11,0.99999671065622286,-3.2893491870098406e-06,3.2893491870098406e-06,0.99999650749157454,-3.4925145243135794e-06,3.4925145243135794e-06,-2.0316533730373877e-07
200,9939,0.99997422772465105,-2.5772607459784324e-05,2.5772607459784324e-05,0.99997251882884786,-2.7481548766464151e-05,2.7481548766464151e-05,-1.7089413066798273e-06
201,1800,0.99999953741803471,-4.6258207223701824e-07,4.6258207223701824e-07,0.99999949310037328,-5.0689975514958817e-07,5.0689975514958817e-07,-4.4317682912569923e-08
202,64,0.99999992891734713,-7.1082655455574786e-08,7.1082655455574786e-08,0.99999990940821792,-9.0591786188147166e-08,9.0591786188147166e-08,-1.9509130732572381e-08
203,11,0.99999908424092521,-9.1575949414786242e-07,9.1575949414786242e-07,0.99999901788589529,-9.8211458699546198e-07,9.8211458699546198e-07,-6.6355092847599563e-08
204,61894,0.99999658513123224,-3.4148745984069791e-06,3.4148745984069791e-06,0.99999623248518366,-3.767521913425848e-06,3.767521913425848e-06,-3.5264731501886895e-07
205,309,0.99999996866943153,-3.1330568981329914e-08,3.1330568981329914e-08,0.99999997629880821,-2.3701192061200542e-08,2.3701192061200542e-08,7.6293769201293718e-09
206,44486,0.99998882359956542,-1.1176462890983882e-05,1.1176462890983882e-05,0.99998690590260753,-1.3094183120910136e-05,1.3094183120910136e-05,-1.9177202299262533e-06
207,11,0.9999964050764828,-3.5949299789854061e-06,3.5949299789854061e-06,0.99999619901810388,-3.8009891199041828e-06,3.8009891199041828e-06,-2.0605914091877667e-07
208,8560,0.99999925331306327,-7.4668721550867259e-07,7.4668721550867259e-07,0.99999916212513529,-8.3787521568846683e-07,8.3787521568846683e-07,-9.118800017979424e-08
209,349,0.99999973625605587,-2.6374397895940651e-07,2.6374397895940651e-07,0.9999997003156883,-2.9968435661148078e-07,2.9968435661148078e-07,-3.5940377652074266e-08
210,11,0.99999601333493882,-3.9866730079015043e-06,3.9866730079015043e-06,0.99999594221418353,-4.0577940493294749e-06,4.0577940493294749e-06,-7.1121041427970631e-08
211,12925,0.99999734648529015,-2.653518230412256e-06,2.653518230412256e-06,0.99999668282681786,-3.3171786839371255e-06,3.3171786839371255e-06,-6.6366045352486958e-07
212,78,0.99999990226820934,-9.7731795432470739e-08,9.7731795432470739e-08,0.99999989428181857,-1.0571818705632061e-07,1.0571818705632061e-07,-7.9863916238498689e-09
213,11,0.99999504752014345,-4.9524921200946371e-06,4.9524921200946371e-06,0.99999476161008116,-5.2384036392050471e-06,5.2384036392050471e-06,-2.8591151911040995e-07
214,34606,0.99999790112092246,-2.098881280140002e-06,2.098881280140002e-06,0.99999707454477216,-2.9254595069467487e-06,2.9254595069467487e-06,-8.2657822680674664e-07
215,582,0.99999655593943837,-3.4440664924493639e-06,3.4440664924493639e-06,0.99999601335485921,-3.9866530874712341e-06,3.9866530874712341e-06,-5.4258659502187026e-07
216,276,0.99999980721918591,-1.9278083270026653e-07,1.9278083270026653e-07,0.99999984697536848,-1.5302464323921543e-07,1.5302464323921543e-07,3.9756189461051097e-08
217,11,0.99999920333129377,-7.9666902360028548e-07,7.9666902360028548e-07,0.99999908866426612,-9.1133614916840213e-07,9.1133614916840213e-07,-1.1466712556811665e-07
218,5896,0.99999790575076408,-2.0942514289077267e-06,2.0942514289077267e-06,0.99999791254648362,-2.0874556951522646e-06,2.0874556951522646e-06,6.7957337554620825e-09
219,12299,0.99999688978878243,-3.1102160543290925e-06,3.1102160543290925e-06,0.99999667489629418,-3.3251092340163748e-06,3.3251092340163748e-06,-2.148931796872823e-07
220,11,0.99999830401311107,-1.6959883271044881e-06,1.6959883271044881e-06,0.99999809133604345,-1.9086657780224411e-06,1.9086657780224411e-06,-2.1267745091795294e-07
221,42215,0.99994535542221219,-5.4646070857153056e-05,5.4646070857153056e-05,0.99994357578056003,-5.6425811346095922e-05,5.6425811346095922e-05,-1.7797404889428658e-06
222,66652,0.99999722089373722,-2.7791101245430545e-06,2.7791101245430545e-06,0.99999737498457586,-2.6250188694854642e-06,2.6250188694854642e-06,1.5409125505759027e-07
223,11,0.99999376368459003,-6.2363348558817857e-06,6.2363348558817857e-06,0.99999344088537945,-6.5591361316243636e-06,6.5591361316243636e-06,-3.2280127574257787e-07
224,91274,0.99999554473122809,-4.4552786965944801e-06,4.4552786965944801e-06,0.99999456525626851,-5.4347584997603268e-06,5.4347584997603268e-06,-9.7947980316584673e-07
225,278,0.99999829355043335,-1.7064510226674875e-06,1.7064510226674875e-06,0.99999812939989186,-1.8706018577689539e-06,1.8706018577689539e-06,-1.641508351014664e-07
226,511,0.99999989117658561,-1.0882342034900834e-07,1.0882342034900834e-07,0.99999990179061149,-9.8209393346859475e-08,9.8209393346859475e-08,1.0614027002148867e-08
227,11,0.99999741037011325,-2.5896332398392599e-06,2.5896332398392599e-06,0.99999703864524281,-2.9613591420149734e-06,2.9613591420149734e-06,-3.7172590217571351e-07
228,5960,0.9999991077612046,-8.9223919349787918e-07,8.9223919349787918e-07,0.99999895491253299,-1.0450880131436737e-06,1.0450880131436737e-06,-1.5284881964579454e-07
229,96446,0.99986798130088406,-0.00013202741435141321,0.00013202741435141321,0.99985847791600102,-0.00014153209919404497,0.00014153209919404497,-9.5046848426317643e-06
230,11,0.99999838094898952,-1.6190523211635424e-06,1.6190523211635424e-06,0.99999807713498068,-1.9228668679875426e-06,1.9228668679875426e-06,-3.0381454682400021e-07
231,5960,0.99999924369594928,-7.5630433670839697e-07,7.5630433670839697e-07,0.99999912195562413,-8.7804476133125283e-07,8.7804476133125283e-07,-1.2174042462285586e-07
232,46991,0.99999782468261067,-2.1753197553130303e-06,2.1753197553130303e-06,0.99999753348038289,-2.4665226589254604e-06,2.4665226589254604e-06,-2.9120290361243014e-07
233,11,0.99999889415214682,-1.1058484646378223e-06,1.1058484646378223e-06,0.99999878892569349,-1.2110750398703201e-06,1.2110750398703201e-06,-1.0522657523249785e-07
234,5960,0.99999882287513497,-1.1771255578828758e-06,1.1771255578828758e-06,0.9999986899918295,-1.3100090285059511e-06,1.3100090285059511e-06,-1.3288347062307532e-07
235,52836,0.99998546972102298,-1.4530384542583758e-05,1.4530384542583758e-05,0.99998463397717008,-1.5366140888409742e-05,1.5366140888409742e-05,-8.3575634582598422e-07
236,11,0.99999925428118652,-7.4571909153956509e-07,7.4571909153956509e-07,0.99999915322837718,-8.4677198129052012e-07,8.4677198129052012e-07,-1.0105288975095503e-07
237,16376,0.99999188892563406,-8.1111072608558122e-06,8.1111072608558122e-06,0.99999099104938849,-9.0089911923939879e-06,9.0089911923939879e-06,-8.9788393153817568e-07
238,33238,0.99998739487280341,-1.2605206641867916e-05,1.2605206641867916e-05,0.99998560508687673,-1.4395016730988062e-05,1.4395016730988062e-05,-1.7898100891201464e-06
239,11,0.99999903533685486,-9.6466361044294633e-07,9.6466361044294633e-07,0.99999882280383656,-1.1771968563215875e-06,1.1771968563215875e-06,-2.1253324587864112e-07
240,16376,0.99996174131978188,-3.8259412100126817e-05,3.8259412100126817e-05,0.99995672451371798,-4.3276422692899837e-05,4.3276422692899837e-05,-5.0170105927730199e-06
241,21510,0.99999932285392479,-6.7714630447046368e-07,6.7714630447046368e-07,0.9999991978540439,-8.0214627786836035e-07,8.0214627786836035e-07,-1.2499997339789667e-07
242,11,0.99999888099268286,-1.1190079432716906e-06,1.1190079432716906e-06,0.99999873809542972,-1.261905366472163e-06,1.261905366472163e-06,-1.4289742320047238e-07
243,16376,0.99967111629885286,-0.00032893779525235552,0.00032893779525235552,0.99959685528560516,-0.00040322599907224074,0.00040322599907224074,-7.4288203819885222e-05
244,55965,0.9999440047448207,-5.5996822972129982e-05,5.5996822972129982e-05,0.99994648890466309,-5.3512527106679321e-05,5.3512527106679321e-05,2.4842958654506611e-06
245,11,0.99987611095546602,-0.00012389671941551224,0.00012389671941551224,0.9998616183829544,-0.00013839119266495712,0.00013839119266495712,-1.4494473249444882e-05
246,323,0.99999857354690569,-1.4264541117414959e-06,1.4264541117414959e-06,0.99999834401719112,-1.6559841799874424e-06,1.6559841799874424e-06,-2.295300682459465e-07
247,350,0.99999878997421354,-1.2100265185375332e-06,1.2100265185375332e-06,0.99999866835723861,-1.3316436480033892e-06,1.3316436480033892e-06,-1.2161712946585607e-07
248,36071,0.99999901362993404,-9.863705523833183e-07,9.863705523833183e-07,0.99999902504497751,-9.7495549779613983e-07,9.7495549779613983e-07,1.141505458717847e-08
249,382,0.99990319807038086,-9.6806615228336911e-05,9.6806615228336911e-05,0.99989105029235281,-0.0001089556430976654,0.0001089556430976654,-1.214902786932849e-05
250,791,0.99203388133626058,-0.0079980177076751161,0.0079980177076751161,0.99080583377645126,-0.0092366934387160711,0.0092366934387160711,-0.001238675731040955
251,15422,0.97634492728611011,-0.023939345898711724,0.023939345898711724,0.9743123963734488,-0.0260232912678817,0.0260232912678817,-0.0020839453691699761
252,315,0.99999993305050472,-6.6949497480740169e-08,6.6949497480740169e-08,0.99999993406956589,-6.5930436268641001e-08,6.5930436268641001e-08,1.0190612120991679e-09
253,350,0.99999753724552543,-2.4627575071334044e-06,2.4627575071334044e-06,0.99999823795778164,-1.7620437708058595e-06,1.7620437708058595e-06,7.0071373632754487e-07
254,36071,0.99999600280488665,-3.9972031021844008e-06,3.9972031021844008e-06,0.9999960740047984,-3.9260029082923188e-06,3.9260029082923188e-06,7.1200193892081985e-08
255,3131,0.99995487086860158,-4.5130149748347758e-05,4.5130149748347758e-05,0.99994609907212706,-5.3902380580167431e-05,5.3902380580167431e-05,-8.7722308318196723e-06
256,21989,0.99998947624587942,-1.0523809495626279e-05,1.0523809495626279e-05,0.99998986023399417,-1.0139817413579023e-05,1.0139817413579023e-05,3.8399208204725673e-07
257,304,0.99965285676884519,-0.00034720349931442426,0.00034720349931442426,0.99964821430746575,-0.00035184758363638328,0.00035184758363638328,-4.6440843219590204e-06
258,279,0.99999975227503357,-2.4772499714049076e-07,2.4772499714049076e-07,0.99999978403628664,-2.1596373666616786e-07,2.1596373666616786e-07,3.1761260474322892e-08
259,53851,0.9999818213721583,-1.8178793074984209e-05,1.8178793074984209e-05,0.99998154372017278,-1.8456450146408932e-05,1.8456450146408932e-05,-2.7765707142472321e-07
260,315,0.99999988067332835,-1.1932667874624433e-07,1.1932667874624433e-07,0.9999998717350409,-1.2826496730369483e-07,1.2826496730369483e-07,-8.9382885574504974e-09
261,57664,0.99999959232242308,-4.0767766001890153e-07,4.0767766001890153e-07,0.99999960486421458,-3.9513586345599887e-07,3.9513586345599887e-07,1.2541796562902662e-08
262,1603,0.99532293037709418,-0.0046880413367145655,0.0046880413367145655,0.9952481348359935,-0.0047631911692857121,0.0047631911692857121,-7.5149832571146623e-05
263,433,0.99999922147593778,-7.7852436523769991e-07,7.7852436523769991e-07,0.99999920732847014,-7.9267184396975762e-07,7.9267184396975762e-07,-1.4147478732057715e-08
264,27851,0.99958414843673393,-0.00041593805350631654,0.00041593805350631654,0.99960318631890277,-0.00039689243247977734,0.00039689243247977734,1.9045621026539199e-05
265,6244,0.99999563570313654,-4.3643063870664644e-06,4.3643063870664644e-06,0.99999575274203301,-4.2472669865794521e-06,4.2472669865794521e-06,1.1703940048701228e-07
266,264,0.99999869862167068,-1.3013791760613777e-06,1.3013791760613777e-06,0.99999867803932363,-1.3219615501808674e-06,1.3219615501808674e-06,-2.0582374119489745e-08
267,17271,0.99999491908980342,-5.080923104457706e-06,5.080923104457706e-06,0.99999450314749505,-5.4968676127525817e-06,5.4968676127525817e-06,-4.1594450829487567e-07
268,315,0.99999892826283188,-1.0717377424491184e-06,1.0717377424491184e-06,0.99999891268895758,-1.087311633577756e-06,1.087311633577756e-06,-1.5573891128637576e-08
269,279,0.99999917641060954,-8.2358972966016144e-07,8.2358972966016144e-07,0.99999923802874346,-7.6197154688168102e-07,7.6197154688168102e-07,6.1618182778480415e-08
270,36142,0.99999566645622795,-4.3335531618398579e-06,4.3335531618398579e-06,0.99999594781997336,-4.0521882367095672e-06,4.0521882367095672e-06,2.8136492513029071e-07
271,31779,0.99998968682454636,-1.0313228634806804e-05,1.0313228634806804e-05,0.9999896630954157,-1.0336958010510362e-05,1.0336958010510362e-05,-2.3729375703558084e-08
272,391,0.99997376553035333,-2.6234813776377013e-05,2.6234813776377013e-05,0.99997655014892073,-2.3450126031368749e-05,2.3450126031368749e-05,2.7846877450082642e-06
273,1494,0.99999998235274978,-1.7647250394044408e-08,1.7647250394044408e-08,0.99999998368750243,-1.6312497663939831e-08,1.6312497663939831e-08,1.3347527301045773e-09
274,275,0.99999980315081849,-1.9684920088272816e-07,1.9684920088272816e-07,0.99999982576429536,-1.7423571977196763e-07,1.7423571977196763e-07,2.2613481110760533e-08
275,21080,0.99999941922236935,-5.80777799288635e-07,5.80777799288635e-07,0.99999944004379504,-5.5995636171102235e-07,5.5995636171102235e-07,2.0821437577612647e-08
276,13,0.99991581977534971,-8.4183768004293235e-05,8.4183768004293235e-05,0.99991131342621575,-8.8690506670941835e-05,8.8690506670941835e-05,-4.5067386666486001e-06
277,12220,0.99991117790733497,-8.8826037580679514e-05,8.8826037580679514e-05,0.99991105270507297,-8.8951250972221286e-05,8.8951250972221286e-05,-1.2521339154177166e-07
278,279,0.99999977742697932,-2.2257304542719235e-07,2.2257304542719235e-07,0.99999977713114563,-2.2286887916320387e-07,2.2286887916320387e-07,-2.9583373601151284e-10
279,3320,0.99999265091655198,-7.349110452701294e-06,7.349110452701294e-06,0.99999308173828594,-6.9182856453822039e-06,6.9182856453822039e-06,4.3082480731909008e-07
280,96323,0.99997304886836014,-2.6951494828128156e-05,2.6951494828128156e-05,0.99997376002381444,-2.6240320459775726e-05,2.6240320459775726e-05,7.111743683524295e-07
281,30215,0.99996928733292079,-3.0713138722824801e-05,3.0713138722824801e-05,0.99996722742561706,-3.2773111415489037e-05,3.2773111415489037e-05,-2.0599726926642358e-06
282,315,0.99998368953839989,-1.6310594617166203e-05,1.6310594617166203e-05,0.99998396911905574,-1.6031009440259229e-05,1.6031009440259229e-05,2.795851769069735e-07
283,279,0.99999974739380171,-2.5260623022501649e-07,2.5260623022501649e-07,0.99999978417525459,-2.1582476874791029e-07,2.1582476874791029e-07,3.6781461477106205e-08
284,26363,0.99999896178989867,-1.0382106403086619e-06,1.0382106403086619e-06,0.99999901369143207,-9.863090543040626e-07,9.863090543040626e-07,5.19015860045993e-08
285,11,0.99999516222361096,-4.837788091095739e-06,4.837788091095739e-06,0.99999583562140359,-4.1643872674602125e-06,4.1643872674602125e-06,6.734008236355266e-07
286,76086,0.99999048868159446,-9.5113636384582894e-06,9.5113636384582894e-06,0.99999077286914306,-9.2271734272245872e-06,9.2271734272245872e-06,2.8419021123370224e-07
287,426,0.99999700174544237,-2.9982590524327198e-06,2.9982590524327198e-06,0.99999685408775152,-3.1459171968285455e-06,3.1459171968285455e-06,-1.4765814439582578e-07
288,23427,0.99999997675993135,-2.3240068932351109e-08,2.3240068932351109e-08,0.9999999793066976,-2.0693302634933309e-08,2.0693302634933309e-08,2.5467662974177997e-09
289,19870,0.99999909396944564,-9.0603096481228625e-07,9.0603096481228625e-07,0.99999916622425933,-8.3377608830206141e-07,8.3377608830206141e-07,7.2254876510224835e-08
290,315,0.99999914673256263,-8.5326780142409207e-07,8.5326780142409207e-07,0.9999990527833692,-9.4721707935876274e-07,9.4721707935876274e-07,-9.3949277934670671e-08
291,3320,0.99999662783891174,-3.3721667739538952e-06,3.3721667739538952e-06,0.9999969227858474,-3.0772188872738614e-06,3.0772188872738614e-06,2.9494788668003382e-07
292,96323,0.99999947946277634,-5.2053735918414732e-07,5.2053735918414732e-07,0.99999944950108222,-5.5049906935027107e-07,5.5049906935027107e-07,-2.9961710166123749e-08
293,17439,0.99999120524772156,-8.7947909525030201e-06,8.7947909525030201e-06,0.99999165194346029,-8.3480913848835001e-06,8.3480913848835001e-06,4.4669956761952002e-07
294,24082,0.9999555505516422,-4.4450436263785652e-05,4.4450436263785652e-05,0.99994995412442556,-5.004712791103718e-05,5.004712791103718e-05,-5.5966916472515281e-06
295,664,0.99999946782947269,-5.3217066892708388e-07,5.3217066892708388e-07,0.99999944780542238,-5.521947300264966e-07,5.521947300264966e-07,-2.0024061099412714e-08
296,647,0.99999998802061685,-1.1979383191385932e-08,1.1979383191385932e-08,0.99999998780499666,-1.2195003377150425e-08,1.2195003377150425e-08,-2.1562018576449275e-10
297,320,0.99248167915703134,-0.0075467258787922315,0.0075467258787922315,0.99239422430629487,-0.0076348471065630667,0.0076348471065630667,-8.8121227770835212e-05
298,64,0.99995839798868513,-4.1602876702583969e-05,4.1602876702583969e-05,0.99995270528176328,-4.7295836667120283e-05,4.7295836667120283e-05,-5.6929599645363146e-06
299,14458,0.99999933646073669,-6.6353948348460899e-07,6.6353948348460899e-07,0.99999931560587052,-6.8439436368506654e-07,6.8439436368506654e-07,-2.0854880200457545e-08
300,304,0.99999991921424158,-8.0785761703336957e-08,8.0785761703336957e-08,0.99999991630825613,-8.3691747360714342e-08,8.3691747360714342e-08,-2.9059856573773849e-09
301,6617,0.99999567702936409,-4.3229799799767419e-06,4.3229799799767419e-06,0.99999521713626538,-4.7828751725780192e-06,4.7828751725780192e-06,-4.5989519260127731e-07
302,11477,0.99984222153496582,-0.00015779091336555047,0.00015779091336555047,0.99981561851911926,-0.00018439848123575546,0.00018439848123575546,-2.6607567870204986e-05
303,57664,0.99999823398066168,-1.7660208977455745e-06,1.7660208977455745e-06,0.99999843848598247,-1.561515236751293e-06,1.561515236751293e-06,2.0450566099428147e-07
304,8,0.99999361900587724,-6.3810144813588081e-06,6.3810144813588081e-06,0.99999355959641867,-6.4404243207966492e-06,6.4404243207966492e-06,-5.9409839437841097e-08
305,323,0.99999839727382411,-1.6027274602413074e-06,1.6027274602413074e-06,0.99999831827680175,-1.6817246123371632e-06,1.6817246123371632e-06,-7.8997152095855805e-08
306,28379,0.99995195131298609,-4.804984138906698e-05,4.804984138906698e-05,0.99995334487230303,-4.665621608131008e-05,4.665621608131008e-05,1.3936253077569003e-06
307,433,0.9999994519491836,-5.4805096653112068e-07,5.4805096653112068e-07,0.9999995615364452,-4.3846365096257992e-07,4.3846365096257992e-07,1.0958731556854076e-07
308,3297,0.99999775816044012,-2.2418420728187916e-06,2.2418420728187916e-06,0.99999789691766872,-2.1030845428176391e-06,2.1030845428176391e-06,1.3875753000115254e-07
309,8551,0.99837257346604003,-0.0016287522310333474,0.0016287522310333474,0.99837180990911789,-0.00162951703290634,0.00162951703290634,-7.6480187299258866e-07
310,6496,0.99973293689124876,-0.00026709877645379119,0.00026709877645379119,0.9997397839627471,-0.00026024989932036443,0.00026024989932036443,6.8488771334267629e-06
311,11,0.99995771625324537,-4.2284640737478859e-05,4.2284640737478859e-05,0.99995998637716199,-4.0014423404388488e-05,4.0014423404388488e-05,2.2702173330903708e-06
312,264,0.9999758795661825,-2.4120724719857276e-05,2.4120724719857276e-05,0.99997860399732907,-2.1396231568618539e-05,2.1396231568618539e-05,2.7244931512387373e-06
313,12633,0.9999803629609112,-1.963723189797271e-05,1.963723189797271e-05,0.999982474626677,-1.7525526894146192e-05,1.7525526894146192e-05,2.1117050038265179e-06
314,32051,0.99999974164629213,-2.5835374122260121e-07,2.5835374122260121e-07,0.99999976253044398,-2.3746958422264652e-07,2.3746958422264652e-07,2.0884156999954688e-08
315,4751,0.99999944544365227,-5.5455650149689782e-07,5.5455650149689782e-07,0.99999946860448052,-5.3139566061535698e-07,5.3139566061535698e-07,2.3160840881540838e-08
316,22797,0.99999156986069848,-8.4301748353130469e-06,8.4301748353130469e-06,0.99999146546123663,-8.5345751827384403e-06,8.5345751827384403e-06,-1.0440034742539339e-07
317,311,0.99999970984120234,-2.901588397144181e-07,2.901588397144181e-07,0.99999966711430099,-3.3288575439970269e-07,3.3288575439970269e-07,-4.2726914685284583e-08
318,279,0.9999997291249797,-2.708750570019646e-07,2.708750570019646e-07,0.99999970426140172,-2.9573864203203772e-07,2.9573864203203772e-07,-2.4863585030073118e-08
319,9546,0.99999961267735726,-3.8732271771812e-07,3.8732271771812e-07,0.99999966442439314,-3.3557566312902518e-07,3.3557566312902518e-07,5.1747054589094822e-08
320,315,0.99999958911658859,-4.1088349585811374e-07,4.1088349585811374e-07,0.99999951446932223,-4.8553079560426765e-07,4.8553079560426765e-07,-7.464729974615391e-08
321,279,0.9999996475488796,-3.5245118252308579e-07,3.5245118252308579e-07,0.99999964151230203,-3.5848776227827998e-07,3.5848776227827998e-07,-6.0365797551941919e-09
322,452,0.99998636077528191,-1.363931773313861e-05,1.363931773313861e-05,0.99998657944260205,-1.3420647454468171e-05,1.3420647454468171e-05,2.1867027867043938e-07
323,10746,0.99999724221019348,-2.7577936092733796e-06,2.7577936092733796e-06,0.99999728343350369,-2.7165701861913634e-06,2.7165701861913634e-06,4.1223423082016159e-08
324,14362,0.99999755786610167,-2.4421368803166254e-06,2.4421368803166254e-06,0.99999747583638887,-2.52416679687562e-06,2.52416679687562e-06,-8.2029916558994643e-08
325,392,0.99999971457604819,-2.854239925638008e-07,2.854239925638008e-07,0.99999961709503415,-3.8290503919779409e-07,3.8290503919779409e-07,-9.7481046633993288e-08
326,13,0.64818361944037306,-0.4335812594357602,0.4335812594357602,0.61051547815520602,-0.49345163250918495,0.49345163250918495,-0.059870373073424743
327,3297,0.99996419782876822,-3.5802812144863263e-05,3.5802812144863263e-05,0.99995618260313168,-4.3818356878548949e-05,4.3818356878548949e-05,-8.0155447336856868e-06
328,121513,0.99953188859758868,-0.00046822100075799317,0.00046822100075799317,0.9995246323483703,-0.00047548067465154543,0.00047548067465154543,-7.2596738935522547e-06
329,574,0.99999932660263635,-6.733975903314508e-07,6.733975903314508e-07,0.99999932003194314,-6.7996828808972599e-07,6.7996828808972599e-07,-6.5706977582751961e-09
330,264,0.99999791283426998,-2.0871679081814151e-06,2.0871679081814151e-06,0.99999798479468394,-2.015207346616919e-06,2.015207346616919e-06,7.1960561564496095e-08
331,348,0.99999988292940067,-1.1707060612884314e-07,1.1707060612884314e-07,0.99999988810151808,-1.1189848820971665e-07,1.1189848820971665e-07,5.1721179191264914e-09
332,395,0.99999968599996891,-3.1400008037727658e-07,3.1400008037727658e-07,0.9999997445718114,-2.5542822125957146e-07,2.5542822125957146e-07,5.8571859117705122e-08
333,278,0.9999999410607231,-5.893927860825228e-08,5.893927860825228e-08,0.99999993457896574,-6.5421036446465732e-08,6.5421036446465732e-08,-6.4817578382134516e-09
334,1614,0.99999964251728468,-3.5748277920824053e-07,3.5748277920824053e-07,0.99999965154535042,-3.4845471032716003e-07,3.4845471032716003e-07,9.028068881080497e-09
335,315,0.99999995610877102,-4.3891229908786257e-08,4.3891229908786257e-08,0.9999999556698469,-4.4330154119719911e-08,4.4330154119719911e-08,-4.3892421093365397e-10
336,3320,0.99999840641097304,-1.5935902967187289e-06,1.5935902967187289e-06,0.99999848577597295,-1.5142251734479961e-06,1.5142251734479961e-06,7.9365123270732739e-08
337,96323,0.99999465246525343,-5.3475490446398483e-06,5.3475490446398483e-06,0.99999010261409849,-9.8974348809400073e-06,9.8974348809400073e-06,-4.549885836300159e-06
338,11,0.99995065504095593,-4.9346176546641779e-05,4.9346176546641779e-05,0.99994883519864486,-5.1166110318233394e-05,5.1166110318233394e-05,-1.8199337715916152e-06
339,9749,0.99999763599381863,-2.3640089756238929e-06,2.3640089756238929e-06,0.99999731505654332,-2.6849470611032489e-06,2.6849470611032489e-06,-3.2093808547935601e-07
340,311,0.99999947419228774,-5.2580785046796845e-07,5.2580785046796845e-07,0.99999945653452871,-5.4346561893399546e-07,5.4346561893399546e-07,-1.765776846602701e-08
341,98887,0.99982082397452621,-0.00017919207941549027,0.00017919207941549027,0.99981393697371201,-0.00018608033816032028,0.00018608033816032028,-6.888258744830011e-06
342,350,0.99999809992005539,-1.9000817497833975e-06,1.9000817497833975e-06,0.99999828291312165,-1.7170883525722755e-06,1.7170883525722755e-06,1.8299339721112197e-07
343,36071,0.99999905876817352,-9.4123226947772535e-07,9.4123226947772535e-07,0.99999911995973911,-8.8004064814231361e-07,8.8004064814231361e-07,6.1191621335411744e-08
344,382,0.75913174742245859,-0.2755799363830746,0.2755799363830746,0.78078380983819173,-0.24745697944891129,0.24745697944891129,0.028122956934163307
345,644,0.9795023362749633,-0.020710656429417919,0.020710656429417919,0.98969927288344195,-0.010354146763562716,0.010354146763562716,0.010356509665855202
346,220,0.99997350663708573,-2.6493713869591765e-05,2.6493713869591765e-05,0.99996985473305211,-3.01457213255747e-05,3.01457213255747e-05,-3.6520074559829355e-06
347,10895,0.99999962179312041,-3.7820695106858103e-07,3.7820695106858103e-07,0.99999971939252175,-2.8060751759805546e-07,2.8060751759805546e-07,9.7599433470525566e-08
348,16,0.99999985294945859,-1.4705055224770338e-07,1.4705055224770338e-07,0.99999984693025346,-1.5306975825513935e-07,1.5306975825513935e-07,-6.0192060074359719e-09
349,11,0.99786371575774857,-0.0021385693524431826,0.0021385693524431826,0.99860656875557963,-0.0013944029725325691,0.0013944029725325691,0.00074416637991061348
350,15506,0.99995932133861742,-4.0679488781788516e-05,4.0679488781788516e-05,0.99994845144533595,-5.1549883336400456e-05,5.1549883336400456e-05,-1.0870394554611939e-05
351,1221,0.99026728790523,-0.009780384510583601,0.009780384510583601,0.97986797233393896,-0.020337438501583351,0.020337438501583351,-0.01055705399099975
352,56409,0.99998590964157352,-1.4090457696473467e-05,1.4090457696473467e-05,0.99998732103459498,-1.2679045783765729e-05,1.2679045783765729e-05,1.4114119127077381e-06
353,67987,0.99997700812174795,-2.2992142569296026e-05,2.2992142569296026e-05,0.99997726115132457,-2.2739107206916772e-05,2.2739107206916772e-05,2.5303536237925318e-07
354,11721,0.99999617255507389,-3.8274522507958582e-06,3.8274522507958582e-06,0.99999540766371353,-4.5923468313133033e-06,4.5923468313133033e-06,-7.6489458051744513e-07
355,505,0.99998667160810084,-1.332848072301659e-05,1.332848072301659e-05,0.99998375892916946,-1.6241202718156351e-05,1.6241202718156351e-05,-2.9127219951397608e-06
356,12550,0.99999887882018057,-1.1211804479014157e-06,1.1211804479014157e-06,0.99999891434856192,-1.0856520273743123e-06,1.0856520273743123e-06,3.5528420527103402e-08
357,11,0.98173939044073544,-0.018429392365467027,0.018429392365467027,0.98285988706693983,-0.017288705040037499,0.017288705040037499,0.0011406873254295284
358,505,0.99722104464120909,-0.0027828238237570749,0.0027828238237570749,0.99761399455829092,-0.0023888564886715546,0.0023888564886715546,0.00039396733508552037
359,4028,0.99999948223508184,-5.1776505224053513e-07,5.1776505224053513e-07,0.99999944745511371,-5.5254503894804555e-07,5.5254503894804555e-07,-3.4779986707510421e-08
360,279,0.99999987690552561,-1.2309448191420136e-07,1.2309448191420136e-07,0.99999983824404981,-1.6175596330862374e-07,1.6175596330862374e-07,-3.8661481394422377e-08
361,16867,0.9999994420310947,-5.5796906094323534e-07,5.5796906094323534e-07,0.99999936132598699,-6.3867421695283973e-07,6.3867421695283973e-07,-8.0705156009604391e-08
362,11,0.99999139234264545,-8.60769440064463e-06,8.60769440064463e-06,0.99999172708444961,-8.2729497711425415e-06,8.2729497711425415e-06,3.3474462950208847e-07
363,323,0.99999975356090831,-2.4643912205205342e-07,2.4643912205205342e-07,0.99999960814371625,-3.9185636052272975e-07,3.9185636052272975e-07,-1.4541723847067633e-07
364,18538,0.9999834284848037,-1.6571652505363774e-05,1.6571652505363774e-05,0.99998232575285462,-1.7674403336758595e-05,1.7674403336758595e-05,-1.1027508313948206e-06
365,3118,0.99997668938782658,-2.3310883869984217e-05,2.3310883869984217e-05,0.99997044033986693,-2.9560097028464719e-05,2.9560097028464719e-05,-6.2492131584805014e-06
366,11477,0.99999962495315031,-3.7504692002285142e-07,3.7504692002285142e-07,0.99999965566918525,-3.4433087403987482e-07,3.4433087403987482e-07,3.07160459829766e-08
367,57664,0.9999997073532102,-2.9264683257833865e-07,2.9264683257833865e-07,0.99999970980838071,-2.9019166145021566e-07,2.9019166145021566e-07,2.4551711281229872e-09
368,304,0.99999744406854707,-2.5559347193003763e-06,2.5559347193003763e-06,0.99999681074174829,-3.1892633374258839e-06,3.1892633374258839e-06,-6.3332861812550761e-07
369,1148,0.99999979474352141,-2.0525649960382264e-07,2.0525649960382264e-07,0.99999976846014971,-2.3153987711119613e-07,2.3153987711119613e-07,-2.6283377507373492e-08
370,3432,0.99974280418916728,-0.00025722889134749768,0.00025722889134749768,0.99969841230234446,-0.00030163318437092276,0.00030163318437092276,-4.4404293023425081e-05
371,374,0.99999990429549335,-9.5704511288145807e-08,9.5704511288145807e-08,0.99999990301332276,-9.6986681978579719e-08,9.6986681978579719e-08,-1.282170690433912e-09
372,61894,0.99996205469241295,-3.7946027528417743e-05,3.7946027528417743e-05,0.9999641647384544,-3.5835903643896362e-05,3.5835903643896362e-05,2.1101238845213803e-06
373,309,0.99999998367246068,-1.6327539409321182e-08,1.6327539409321182e-08,0.99999999102529757,-8.9747024964177724e-09,8.9747024964177724e-09,7.3528369129034094e-09
374,44486,0.99999616495300836,-3.8350543454895908e-06,3.8350543454895908e-06,0.99999704723426186,-2.9527700975136147e-06,2.9527700975136147e-06,8.8228424797597607e-07
375,13,0.99998810188063958,-1.1898190143655904e-05,1.1898190143655904e-05,0.99998473612291561,-1.5263993578566555e-05,1.5263993578566555e-05,-3.3658034349106515e-06
376,15506,0.99997988263044579,-2.0117571911204532e-05,2.0117571911204532e-05,0.99997706411585507,-2.2936147176347737e-05,2.2936147176347737e-05,-2.8185752651432053e-06
377,86316,0.99999331498429134,-6.6850380534425749e-06,6.6850380534425749e-06,0.9999917821841533,-8.2178496131721635e-06,8.2178496131721635e-06,-1.5328115597295885e-06
378,5246,0.99999739077460625,-2.6092287978151842e-06,2.6092287978151842e-06,0.99999719510287099,-2.8049010627508908e-06,2.8049010627508908e-06,-1.9567226493570656e-07
379,9052,0.99998516313164987,-1.4836978417532952e-05,1.4836978417532952e-05,0.99998354877853479,-1.6451356788067111e-05,1.6451356788067111e-05,-1.6143783705341587e-06
380,1534,0.99999978361264641,-2.1638737703063587e-07,2.1638737703063587e-07,0.99999978538145362,-2.1461856942285258e-07,2.1461856942285258e-07,1.7688076077832855e-09
381,279,0.99999918318102599,-8.1681930766136682e-07,8.1681930766136682e-07,0.9999990307692902,-9.6923117945693689e-07,9.6923117945693689e-07,-1.5241187179557007e-07
382,3363,0.99999873878965706,-1.2612111382293368e-06,1.2612111382293368e-06,0.99999844268033533,-1.5573208773263984e-06,1.5573208773263984e-06,-2.9610973909706159e-07
383,323,0.999866864008772,-0.00013314485461075353,0.00013314485461075353,0.99988197156153491,-0.00011803540436936695,0.00011803540436936695,1.510945024138658e-05
384,32762,0.99999521370935229,-4.7863021020197465e-06,4.7863021020197465e-06,0.99999506462002041,-4.9353921585902404e-06,4.9353921585902404e-06,-1.4909005657049396e-07
385,350,0.99999875618005019,-1.2438207233648414e-06,1.2438207233648414e-06,0.99999862147544116,-1.3785255090391604e-06,1.3785255090391604e-06,-1.3470478567431896e-07
386,36071,0.9999988795610486,-1.1204395791438885e-06,1.1204395791438885e-06,0.9999989810876958,-1.0189128232736324e-06,1.0189128232736324e-06,1.0152675587025601e-07
387,1234,0.99999986346138381,-1.3653862552146577e-07,1.3653862552146577e-07,0.99999984238005024,-1.5761996220579372e-07,1.5761996220579372e-07,-2.1081336684327953e-08
388,57664,0.99999960718631664,-3.9281376052830442e-07,3.9281376052830442e-07,0.99999962441918455,-3.7558088602703207e-07,3.7558088602703207e-07,1.723287450127235e-08
389,323,0.99814043623392756,-0.0018612949012094869,0.0018612949012094869,0.99824062190603291,-0.0017609276173376008,0.0017609276173376008,0.00010036728387188614
390,1243,0.99999556547489921,-4.4345349332765817e-06,4.4345349332765817e-06,0.9999961217876483,-3.8782198720354852e-06,3.8782198720354852e-06,5.5631506124109647e-07
391,5918,0.9999956405548287,-4.3594546736594496e-06,4.3594546736594496e-06,0.99999504786368132,-4.9521485806004676e-06,4.9521485806004676e-06,-5.9269390694101801e-07
392,1063,0.99999954223169107,-4.5776841364885187e-07,4.5776841364885187e-07,0.99999947730819028,-5.2269194634584619e-07,5.2269194634584619e-07,-6.4923532696994325e-08
393,315,0.99999981876306965,-1.8123694679139833e-07,1.8123694679139833e-07,0.99999973391266583,-2.6608736959742442e-07,2.6608736959742442e-07,-8.4850422806026088e-08
394,279,0.99999990190033106,-9.8099673790863536e-08,9.8099673790863536e-08,0.99999987548091895,-1.2451908883677967e-07,1.2451908883677967e-07,-2.6419415045916137e-08
395,24417,0.99999975251894657,-2.4748108408895408e-07,2.4748108408895408e-07,0.99999974964181571,-2.5035821568295447e-07,2.5035821568295447e-07,-2.8771315940003884e-09
396,31012,0.99999400870350363,-5.9913144442476089e-06,5.9913144442476089e-06,0.99999349401156379,-6.5060096002263866e-06,6.5060096002263866e-06,-5.1469515597877772e-07
397,304,0.99999972511959856,-2.7488043926730347e-07,2.7488043926730347e-07,0.9999996764361877,-3.2356386464615983e-07,3.2356386464615983e-07,-4.8683425378856363e-08
398,279,0.99999967438183435,-3.2561821866569973e-07,3.2561821866569973e-07,0.99999956164016413,-4.3835993197468963e-07,4.3835993197468963e-07,-1.127417133089899e-07
399,3224,0.99999848790284207,-1.5120983011017439e-06,1.5120983011017439e-06,0.99999762030404205,-2.379698789383902e-06,2.379698789383902e-06,-8.6760048828215815e-07
400,11,0.99999854704236191,-1.4529586936369208e-06,1.4529586936369208e-06,0.99999834325407566,-1.656747296736666e-06,1.656747296736666e-06,-2.0378860309974524e-07
401,2737,0.99999722979540628,-2.7702084307688027e-06,2.7702084307688027e-06,0.99999613414848565,-3.8658589867314907e-06,3.8658589867314907e-06,-1.0956505559626879e-06
402,5960,0.99999099592592477,-9.0041146120998101e-06,9.0041146120998101e-06,0.99998820018424617,-1.1799885372199512e-05,1.1799885372199512e-05,-2.7957707600997019e-06
403,4701,0.99999476455677405,-5.2354569308828992e-06,5.2354569308828992e-06,0.99999384907266164,-6.1509462554268449e-06,6.1509462554268449e-06,-9.154893245439457e-07
404,45335,0.99999826722625573,-1.7327752454986458e-06,1.7327752454986458e-06,0.99999836801219555,-1.631989136181326e-06,1.631989136181326e-06,1.0078610931731978e-07
405,9441,0.99999661731207112,-3.3826936501867575e-06,3.3826936501867575e-06,0.99999558411373668,-4.4158960134164422e-06,4.4158960134164422e-06,-1.0332023632296847e-06
406,13,0.96888615714884285,-0.031608158875775359,0.031608158875775359,0.96141658911326977,-0.039347468508601359,0.039347468508601359,-0.0077393096328259997
407,578,0.99996749460871093,-3.2505919600723303e-05,3.2505919600723303e-05,0.99995915651945533,-4.0844314662382756e-05,4.0844314662382756e-05,-8.3383950616594527e-06
408,1221,0.9999936299105715,-6.3701097176244215e-06,6.3701097176244215e-06,0.99998943905264559,-1.0561003121601557e-05,1.0561003121601557e-05,-4.1908934039771354e-06
409,56409,0.99995920172643615,-4.0799105836049126e-05,4.0799105836049126e-05,0.99995684511461314,-4.3155816585764064e-05,4.3155816585764064e-05,-2.3567107497149379e-06
410,67987,0.99998673351079281,-1.3266577207863755e-05,1.3266577207863755e-05,0.99998368638645363,-1.6313746614816065e-05,1.6313746614816065e-05,-3.0471694069523094e-06
411,28379,0.99992462498453838,-7.5377856300864167e-05,7.5377856300864167e-05,0.99992140725177148,-7.8595836800377921e-05,7.8595836800377921e-05,-3.2179804995137543e-06
412,279,0.99999983592611819,-1.6407389522154997e-07,1.6407389522154997e-07,0.9999997640745405,-2.3592548729366024e-07,2.3592548729366024e-07,-7.1851592072110273e-08
413,3158,0.99999967743815288,-3.2256189912622999e-07,3.2256189912622999e-07,0.99999959225391732,-4.0774616585861617e-07,4.0774616585861617e-07,-8.518426673238618e-08
414,88858,0.99983528775826847,-0.00016472580828260361,0.00016472580828260361,0.99984324385975654,-0.00015676842777129628,0.00015676842777129628,7.957380511307337e-06
415,1050,0.99999760518141834,-2.3948214492664962e-06,2.3948214492664962e-06,0.99999758772175595,-2.4122811536165463e-06,2.4122811536165463e-06,-1.7459704350050114e-08
416,3394,0.99999949217867512,-5.0782145384339243e-07,5.0782145384339243e-07,0.99999947636215669,-5.2363798043491815e-07,5.2363798043491815e-07,-1.5816526591525713e-08
417,409,0.99999998810183566,-1.1898164382899921e-08,1.1898164382899921e-08,0.99999998571939819,-1.4280601932265628e-08,1.4280601932265628e-08,-2.3824375493657071e-09
418,11514,0.99996159637906368,-3.8404358374272864e-05,3.8404358374272864e-05,0.99996426013318795,-3.5740505496324297e-05,3.5740505496324297e-05,2.6638528779485677e-06
419,6374,0.99999784098747235,-2.1590148583552985e-06,2.1590148583552985e-06,0.99999810700567793,-1.8929961138210435e-06,1.8929961138210435e-06,2.6601874453425491e-07
420,320,0.99999895500931757,-1.044991228442423e-06,1.044991228442423e-06,0.9999989652418757,-1.0347586596325895e-06,1.0347586596325895e-06,1.0232568809833488e-08
421,3648,0.99999939045062225,-6.0954956356653593e-07,6.0954956356653593e-07,0.99999944298840682,-5.5701174835926158e-07,5.5701174835926158e-07,5.2537815207274343e-08
422,15422,0.99999926830830543,-7.3169196222946311e-07,7.3169196222946311e-07,0.99999919761929112,-8.023810307858698e-07,8.023810307858698e-07,-7.0689068556406692e-08
423,315,0.99999994863144837,-5.1368552979738556e-08,5.1368552979738556e-08,0.99999993598061787,-6.4019384187439195e-08,6.4019384187439195e-08,-1.2650831207700639e-08
424,11514,0.999991067635709,-8.9324041848052591e-06,8.9324041848052591e-06,0.99999201747354904,-7.9825583115029975e-06,7.9825583115029975e-06,9.4984587330226165e-07
425,4618,0.99997294792503899,-2.7052440875023857e-05,2.7052440875023857e-05,0.99998235738001451,-1.7642775618378011e-05,1.7642775618378011e-05,9.4096652566458466e-06
426,8,0.99999719792732378,-2.8020766020102883e-06,2.8020766020102883e-06,0.99999714150691288,-2.8584971726336418e-06,2.8584971726336418e-06,-5.6420570623353438e-08
427,323,0.99999890104146938,-1.0989591344657148e-06,1.0989591344657148e-06,0.99999860863363332,-1.3913673346203811e-06,1.3913673346203811e-06,-2.9240820015466635e-07
428,66663,0.99999614484728283,-3.8551601482524266e-06,3.8551601482524266e-06,0.99999578213725382,-4.217871641383549e-06,4.217871641383549e-06,-3.6271149313112241e-07
429,279,0.99999960945715705,-3.9054291923678139e-07,3.9054291923678139e-07,0.99999952841641837,-4.7158369281141811e-07,4.7158369281141811e-07,-8.1040773574636722e-08
430,836,0.99999973643270645,-2.6356732831190889e-07,2.6356732831190889e-07,0.99999966921090389,-3.3078915087186732e-07,3.3078915087186732e-07,-6.7221822559958428e-08
431,311,0.99999997951979225,-2.0480207986285917e-08,2.0480207986285917e-08,0.99999997705926547,-2.2940734826210913e-08,2.2940734826210913e-08,-2.4605268399249966e-09
432,57664,0.99999925915772647,-7.4084254799813043e-07,7.4084254799813043e-07,0.99999923747679487,-7.6252349583605297e-07,7.6252349583605297e-07,-2.1680947837922539e-08
433,382,0.99990032047820498,-9.9684490128689089e-05,9.9684490128689089e-05,0.99990509790996362,-9.4906593524641926e-05,9.4906593524641926e-05,4.7778966040471632e-06
434,1692,0.99997240234160889,-2.7598039213463815e-05,2.7598039213463815e-05,0.99996237122901188,-3.7629478968062703e-05,3.7629478968062703e-05,-1.0031439754598888e-05
435,10746,0.99998726594880349,-1.273413227527494e-05,1.273413227527494e-05,0.99998685424242073,-1.3145843985491792e-05,1.3145843985491792e-05,-4.1171171021685159e-07
436,6244,0.99999755692482173,-2.443078162623255e-06,2.443078162623255e-06,0.99999710464584846,-2.8953583430621845e-06,2.8953583430621845e-06,-4.522801804389295e-07
437,279,0.99999968380635706,-3.1619369297708874e-07,3.1619369297708874e-07,0.99999960664013265,-3.9335994474462267e-07,3.9335994474462267e-07,-7.716625176753393e-08
438,4219,0.99999944857144618,-5.5142870587209429e-07,5.5142870587209429e-07,0.9999992336197705,-7.6638052313828189e-07,7.6638052313828189e-07,-2.149518172661876e-07
439,315,0.99999986363622917,-1.363637800738891e-07,1.363637800738891e-07,0.99999983085995736,-1.6914005697803417e-07,1.6914005697803417e-07,-3.2776276904145067e-08
440,15506,0.99999957751113566,-4.2248895361321398e-07,4.2248895361321398e-07,0.99999952903042955,-4.7096968137043868e-07,4.7096968137043868e-07,-4.8480727757224702e-08
441,5820,0.99999890790493218,-1.0920956641987265e-06,1.0920956641987265e-06,0.99999862825889341,-1.3717420474712238e-06,1.3717420474712238e-06,-2.7964638327249733e-07
442,304,0.99999986800759733,-1.3199241139386629e-07,1.3199241139386629e-07,0.99999983874720999,-1.6125280298765425e-07,1.6125280298765425e-07,-2.9260391593787964e-08
443,279,0.99999984918756935,-1.5081244204222039e-07,1.5081244204222039e-07,0.9999998277994161,-1.7220059871975663e-07,1.7220059871975663e-07,-2.1388156677536244e-08
444,13759,0.99999885504100283,-1.1449596526527272e-06,1.1449596526527272e-06,0.99999882309516508,-1.1769055274814969e-06,1.1769055274814969e-06,-3.1945874828769679e-08
445,6460,0.9999984905920879,-1.5094090512338868e-06,1.5094090512338868e-06,0.99999824115181513,-1.7588497316223798e-06,1.7588497316223798e-06,-2.4944068038849301e-07
446,323,0.99998967699237629,-1.0323060906271332e-05,1.0323060906271332e-05,0.9999904925331935,-9.5075120027709272e-06,9.5075120027709272e-06,8.1554890350040431e-07
447,832,0.99999956510503818,-4.3489505643561022e-07,4.3489505643561022e-07,0.99999946749562585,-5.3250451592149376e-07,5.3250451592149376e-07,-9.7609459485883544e-08
448,842,0.99999977455308242,-2.2544694301391482e-07,2.2544694301391482e-07,0.99999969573737113,-3.0426267517433046e-07,3.0426267517433046e-07,-7.8815732160415642e-08
449,315,0.99999986801000407,-1.3199000465271117e-07,1.3199000465271117e-07,0.99999980746422379,-1.9253579475757631e-07,1.9253579475757631e-07,-6.0545790104865138e-08
450,279,0.99999991544114608,-8.455885744921947e-08,8.455885744921947e-08,0.99999989182974558,-1.0817026022727563e-07,1.0817026022727563e-07,-2.3611402778056157e-08
451,57664,0.99999961906436263,-3.8093570991754031e-07,3.8093570991754031e-07,0.99999961810116988,-3.8189890307510052e-07,3.8189890307510052e-07,-9.63193157560217e-10
452,6830,0.9998627190495063,-0.00013729037438592375,0.00013729037438592375,0.99984174342623422,-0.00015826909765871138,0.00015826909765871138,-2.0978723272787637e-05
453,11600,0.99990193815014916,-9.8066658228395556e-05,9.8066658228395556e-05,0.99989428067328812,-0.00010572491539376934,0.00010572491539376934,-7.6582571653737808e-06
454,360,0.99999995199690817,-4.8003093014156061e-08,4.8003093014156061e-08,0.99999997360262194,-2.6397378378927808e-08,2.6397378378927808e-08,2.1605714635228253e-08
455,1030,0.99999963980218143,-3.6019788348568965e-07,3.6019788348568965e-07,0.99999957309339549,-4.2690669568544535e-07,4.2690669568544535e-07,-6.6708812199755699e-08
456,480,0.99995932601509585,-4.0674812113125789e-05,4.0674812113125789e-05,0.99996112429173412,-3.8876463945832773e-05,3.8876463945832773e-05,1.7983481672930159e-06
457,5164,0.99999912754859199,-8.7245178858991317e-07,8.7245178858991317e-07,0.99999922386669682,-7.761336043971855e-07,7.761336043971855e-07,9.6318184192727665e-08
458,263,0.99999976528404511,-2.347159824155904e-07,2.347159824155904e-07,0.99999966150319253,-3.3849686475761171e-07,3.3849686475761171e-07,-1.0378088234202131e-07
459,6696,0.99999939070117372,-6.092990119176999e-07,6.092990119176999e-07,0.99999926077828438,-7.3922198884481932e-07,7.3922198884481932e-07,-1.2992297692711942e-07
460,6149,0.99999976633838505,-2.3366164226973522e-07,2.3366164226973522e-07,0.99999970605150534,-2.9394853782872438e-07,2.9394853782872438e-07,-6.0286895558989155e-08
461,11,0.99999963049062868,-3.695094396117731e-07,3.695094396117731e-07,0.99999954050646256,-4.594936430385458e-07,4.594936430385458e-07,-8.9984203426772695e-08
462,31799,0.99999502047485322,-4.9795375446898611e-06,4.9795375446898611e-06,0.99999474133361621,-5.2586802106746162e-06,5.2586802106746162e-06,-2.7914266598475508e-07
463,15506,0.99999753156078663,-2.4684422599965157e-06,2.4684422599965157e-06,0.99999651413693569,-3.4858691399430703e-06,3.4858691399430703e-06,-1.0174268799465546e-06
464,5270,0.99999839064375851,-1.6093575365170345e-06,1.6093575365170345e-06,0.99999803638340135,-1.9636185265591821e-06,1.9636185265591821e-06,-3.5426099004214761e-07
465,449,0.99999980125892241,-1.9874109736991475e-07,1.9874109736991475e-07,0.9999997896495193,-2.1035050287473531e-07,2.1035050287473531e-07,-1.1609405504820567e-08
466,13936,0.99999573436628442,-4.2656428133832592e-06,4.2656428133832592e-06,0.99999382237045487,-6.1776486267851334e-06,6.1776486267851334e-06,-1.9120058134018742e-06
467,11,0.99999410798947719,-5.8920278807896668e-06,5.8920278807896668e-06,0.99999359479455263,-6.4052259608244496e-06,6.4052259608244496e-06,-5.1319808003478281e-07
468,832,0.99999968022075969,-3.1977929143192962e-07,3.1977929143192962e-07,0.99999947221438268,-5.2778575659739344e-07,5.2778575659739344e-07,-2.0800646516546382e-07
469,315,0.99999997810367769,-2.189632251523065e-08,2.189632251523065e-08,0.99999996467604257,-3.5323958023135632e-08,3.5323958023135632e-08,-1.3427635507904982e-08
470,279,0.99999997431658749,-2.5683412844174735e-08,2.5683412844174735e-08,0.99999996610137831,-3.3898622223120664e-08,3.3898622223120664e-08,-8.2152093789459291e-09
471,30758,0.99999966397241458,-3.3602764187600221e-07,3.3602764187600221e-07,0.99999964236289118,-3.5763717276204423e-07,3.5763717276204423e-07,-2.1609530886042026e-08
472,10507,0.99999748817393963,-2.5118292150103758e-06,2.5118292150103758e-06,0.99999674534835481,-3.2546569415375935e-06,3.2546569415375935e-06,-7.4282772652721776e-07
473,315,0.99999992170090291,-7.8299100135743592e-08,7.8299100135743592e-08,0.99999985523963753,-1.4476037298033686e-07,1.4476037298033686e-07,-6.6461272844593263e-08
474,81069,0.99997196011094192,-2.8040282183090201e-05,2.8040282183090201e-05,0.99996896565822047,-3.1034823354640423e-05,3.1034823354640423e-05,-2.9945411715502218e-06
475,13,0.99999410689807333,-5.8931192910931983e-06,5.8931192910931983e-06,0.99999188833044494,-8.1117024548070847e-06,8.1117024548070847e-06,-2.2185831637138864e-06
476,24586,0.99997599700884277,-2.4003279233677945e-05,2.4003279233677945e-05,0.99997206507424863,-2.7935315938670231e-05,2.7935315938670231e-05,-3.9320367049922855e-06
477,311,0.99999995929005581,-4.0709945030158004e-08,4.0709945030158004e-08,0.99999992659095926,-7.3409043480699644e-08,7.3409043480699644e-08,-3.2699098450541641e-08
478,279,0.98147629975005857,-0.018697412526029526,0.018697412526029526,0.98135778348862812,-0.018818172872088829,0.018818172872088829,-0.00012076034605930375
479,8792,0.99999788246258436,-2.117539657615764e-06,2.117539657615764e-06,0.9999972637236002,-2.7362801434102528e-06,2.7362801434102528e-06,-6.1874048579448885e-07
480,3813,0.99999920857102231,-7.9142929089427897e-07,7.9142929089427897e-07,0.99999871665487061,-1.28334595291519e-06,1.28334595291519e-06,-4.9191666202091101e-07
481,304,0.99999929538984222,-7.0461040602944196e-07,7.0461040602944196e-07,0.99999919438849871,-8.0561182581774877e-07,8.0561182581774877e-07,-1.0100141978830681e-07
482,279,0.99999965416785719,-3.4583220258286498e-07,3.4583220258286498e-07,0.99999962155406608,-3.7844600553207033e-07,3.7844600553207033e-07,-3.2613802949205343e-08
483,16867,0.99999923956797399,-7.6043231509003745e-07,7.6043231509003745e-07,0.99999893813492591,-1.0618656378553264e-06,1.0618656378553264e-06,-3.0143332276528892e-07
484,9581,0.99996875387716233,-3.1246611007901845e-05,3.1246611007901845e-05,0.99996802741832735,-3.1973092806572425e-05,3.1973092806572425e-05,-7.2648179867057988e-07
485,6696,0.99999713778488308,-2.8622192130990233e-06,2.8622192130990233e-06,0.99999701583180367,-2.9841726490027028e-06,2.9841726490027028e-06,-1.2195343590367957e-07
486,11543,0.99999959054519527,-4.0945488854543871e-07,4.0945488854543871e-07,0.99999942132031672,-5.7867985069100368e-07,5.7867985069100368e-07,-1.6922496214556497e-07
487,11,0.99999985050024554,-1.4949976560526913e-07,1.4949976560526913e-07,0.99999980204950434,-1.9795051526040441e-07,1.9795051526040441e-07,-4.8450749655135281e-08
488,57664,0.99999925762492148,-7.4237535407587556e-07,7.4237535407587556e-07,0.99999900724565094,-9.9275484182438183e-07,9.9275484182438183e-07,-2.5037948774850627e-07
489,4036,0.99999843859083271,-1.5614103863423444e-06,1.5614103863423444e-06,0.99999807359570347,-1.9264061520360889e-06,1.9264061520360889e-06,-3.6499576569374443e-07
490,279,0.9999998376770517,-1.623229614428957e-07,1.623229614428957e-07,0.99999975283798181,-2.4716204870314531e-07,2.4716204870314531e-07,-8.483908726024961e-08
491,1647,0.9999940912117361,-5.9088057208312176e-06,5.9088057208312176e-06,0.99999402210659194,-5.977911275727511e-06,5.977911275727511e-06,-6.9105554896293346e-08
492,25840,0.99999213580771473,-7.8642232081557494e-06,7.8642232081557494e-06,0.99999246353327398,-7.5364951253585378e-06,7.5364951253585378e-06,3.277280827972116e-07
493,315,0.99999543605103514,-4.5639593796569841e-06,4.5639593796569841e-06,0.99999498437938517,-5.015633193068726e-06,5.015633193068726e-06,-4.516738134117419e-07
494,279,0.9999986066090274,-1.3933919433908457e-06,1.3933919433908457e-06,0.99999833217646972,-1.6678249211255286e-06,1.6678249211255286e-06,-2.7443297773468287e-07
495,330,0.99961823102056746,-0.00038184187176200964,0.00038184187176200964,0.99958317370467986,-0.00041691319154826692,0.00041691319154826692,-3.5071319786257279e-05
496,92140,0.99987164148259833,-0.00012836675606114794,0.00012836675606114794,0.99985062440403005,-0.00014938675361539009,0.00014938675361539009,-2.1019997554242142e-05
497,75,0.99999998449141736,-1.5508582742108825e-08,1.5508582742108825e-08,0.99999998134037693,-1.8659623227882365e-08,1.8659623227882365e-08,-3.1510404857735399e-09
498,315,0.99999998379298782,-1.6207012267460895e-08,1.6207012267460895e-08,0.9999999709649523,-2.903504816612748e-08,2.903504816612748e-08,-1.2828035898666585e-08
499,279,0.99999959501994795,-4.0498013402439516e-07,4.0498013402439516e-07,0.9999994987765336,-5.0122359202904232e-07,5.0122359202904232e-07,-9.6243458004647158e-08
500,62574,0.99999431579822762,-5.684217927561643e-06,5.684217927561643e-06,0.9999936837106792,-6.3163092686257339e-06,6.3163092686257339e-06,-6.3209134106409084e-07
501,2266,0.3217709887207354,-1.1339152016242027,1.1339152016242027,0.31624167982505802,-1.1512485481400625,1.1512485481400625,-0.017333346515859827
502,62897,0.99993450027716368,-6.5501868036854332e-05,6.5501868036854332e-05,0.99992370507341966,-7.6297837186287137e-05,7.6297837186287137e-05,-1.0795969149432805e-05
503,6037,0.99999856825366873,-1.4317473562358019e-06,1.4317473562358019e-06,0.99999821126665422,-1.7887349455399898e-06,1.7887349455399898e-06,-3.5698758930418786e-07
504,315,0.99999971401743049,-2.8598261044491535e-07,2.8598261044491535e-07,0.99999971281188194,-2.8718815931543275e-07,2.8718815931543275e-07,-1.2055488705174048e-09
505,57664,0.9999997801105045,-2.1988951973080184e-07,2.1988951973080184e-07,0.99999975622637371,-2.4377365596915825e-07,2.4377365596915825e-07,-2.3884136238356416e-08
506,323,0.99999976765345489,-2.3234657207920866e-07,2.3234657207920866e-07,0.99999972566733697,-2.7433270067446544e-07,2.7433270067446544e-07,-4.1986128595256775e-08
507,279,0.99999992731033593,-7.2689666752882605e-08,7.2689666752882605e-08,0.9999999037861117,-9.6213892887238831e-08,9.6213892887238831e-08,-2.3524226134356226e-08
508,4553,0.99999976771741372,-2.3228261325584161e-07,2.3228261325584161e-07,0.99999971856905534,-2.8143098421690922e-07,2.8143098421690922e-07,-4.914837096106762e-08
509,57281,0.99999119895336208,-8.8010853674032362e-06,8.8010853674032362e-06,0.99999200455297077,-7.9954789929434354e-06,7.9954789929434354e-06,8.0560637445980082e-07
510,5438,0.99999974778560452,-2.5221442728945088e-07,2.5221442728945088e-07,0.99999977600374601,-2.2399627908452353e-07,2.2399627908452353e-07,2.8218148204927342e-08
511,82179,0.99999992453252295,-7.5467479859810493e-08,7.5467479859810493e-08,0.99999992607277155,-7.3927231157485317e-08,7.3927231157485317e-08,1.5402487023251757e-09
512,6438,0.99999980790304743,-1.9209697097583582e-07,1.9209697097583582e-07,0.99999982322044023,-1.7677957534022655e-07,1.7677957534022655e-07,1.531739563560927e-08
513,36513,0.99998770983744933,-1.229023807533045e-05,1.229023807533045e-05,0.99998605550699304,-1.3944590232272209e-05,1.3944590232272209e-05,-1.6543521569417586e-06
514,369,0.99999984890165905,-1.5109835240552187e-07,1.5109835240552187e-07,0.99999978036810377,-2.1963192029012344e-07,2.1963192029012344e-07,-6.8533567884601573e-08
515,927,0.99999999329241596,-6.7075840212566485e-09,6.7075840212566485e-09,0.99999999129397177,-8.7060283047890575e-09,8.7060283047890575e-09,-1.9984442835324091e-09
516,2380,0.99999962568376422,-3.7431630583877683e-07,3.7431630583877683e-07,0.99999962806816822,-3.7193190094452753e-07,3.7193190094452753e-07,2.3844048942493031e-09
517,24552,0.99999908869351617,-9.1130689903720698e-07,9.1130689903720698e-07,0.99999906616213996,-9.3383829609293409e-07,9.3383829609293409e-07,-2.2531397055727107e-08
518,11,0.99956454643265358,-0.00043554840478359093,0.00043554840478359093,0.99962055373563807,-0.00037951827231169784,0.00037951827231169784,5.6030132471893092e-05
519,3156,0.99999757923480292,-2.4207681271040113e-06,2.4207681271040113e-06,0.9999966891390798,-3.3108664010654294e-06,3.3108664010654294e-06,-8.9009827396141812e-07
520,220,0.99999857764750777,-1.4223535037339427e-06,1.4223535037339427e-06,0.99999812445865643,-1.8755431023641682e-06,1.8755431023641682e-06,-4.5318959863022546e-07
521,9378,0.99999998852974048,-1.1470259565213366e-08,1.1470259565213366e-08,0.99999996508655753,-3.4913443082190011e-08,3.4913443082190011e-08,-2.3443183516976645e-08
522,23,0.99999998202266738,-1.7977332794017634e-08,1.7977332794017634e-08,0.99999996886786324,-3.1132137272023716e-08,3.1132137272023716e-08,-1.3154804478006081e-08
523,13,0.99999661992168065,-3.3800840318298909e-06,3.3800840318298909e-06,0.99999581032265827,-4.189686118493094e-06,4.189686118493094e-06,-8.0960208666320307e-07
524,2468,0.99713052439584549,-0.0028736004419132456,0.0028736004419132456,0.99751910419593537,-0.0024839783253915622,0.0024839783253915622,0.00038962211652168342
525,2204,0.99999797223407128,-2.0277679846239941e-06,2.0277679846239941e-06,0.99999758672026562,-2.4132826463092252e-06,2.4132826463092252e-06,-3.8551466168523111e-07
526,3115,0.9999994640604345,-5.3593970910366886e-07,5.3593970910366886e-07,0.99999940099947815,-5.9900070127348259e-07,5.9900070127348259e-07,-6.306099216981373e-08
527,2391,0.99999710646797879,-2.8935362074536438e-06,2.8935362074536438e-06,0.99999592474768229,-4.0752606215439069e-06,4.0752606215439069e-06,-1.1817244140902631e-06
528,279,0.99999951442701751,-4.855731004100352e-07,4.855731004100352e-07,0.99999938773037356,-6.122698139283439e-07,6.122698139283439e-07,-1.266967135183087e-07
529,1317,0.99999941437144091,-5.8562873055840974e-07,5.8562873055840974e-07,0.99999912335263685,-8.7664774738670578e-07,8.7664774738670578e-07,-2.9101901682829605e-07
530,15506,0.9999983004670866,-1.6995343576596553e-06,1.6995343576596553e-06,0.99999736413288964,-2.6358705842223386e-06,2.6358705842223386e-06,-9.363362265626833e-07
531,4261,0.99999971198336668,-2.8801667477764021e-07,2.8801667477764021e-07,0.99999958589080207,-4.141092837188066e-07,4.141092837188066e-07,-1.2609260894116639e-07
532,11,0.99312816757741817,-0.0068955521909761664,0.0068955521909761664,0.992781416346186,-0.0072447636934162571,0.0072447636934162571,-0.00034921150244009071
533,1070,0.99999149154741118,-8.5084887859483553e-06,8.5084887859483553e-06,0.99998913046173632,-1.0869597337551058e-05,1.0869597337551058e-05,-2.3611085516027024e-06
534,1051,0.99999975781730188,-2.4218272741157967e-07,2.4218272741157967e-07,0.99999968722741472,-3.1277263417312754e-07,3.1277263417312754e-07,-7.058990676154787e-08
535,2254,0.9999992344714298,-7.6552886327073005e-07,7.6552886327073005e-07,0.99999886377120273,-1.1362294427300142e-06,1.1362294427300142e-06,-3.7070057945928412e-07
536,5891,0.99998736693525347,-1.2633144544355163e-05,1.2633144544355163e-05,0.99998362376234728,-1.6376371744792556e-05,1.6376371744792556e-05,-3.743227200437393e-06
537,337,0.99999921311677731,-7.8688353227050041e-07,7.8688353227050041e-07,0.99999898371723062,-1.0162832858082602e-06,1.0162832858082602e-06,-2.2939975353775976e-07
538,2641,0.99999994811444592,-5.188555539390575e-08,5.188555539390575e-08,0.99999991687437673,-8.3125626702064363e-08,8.3125626702064363e-08,-3.1240071308158613e-08
539,11,0.99999992507401914,-7.4925983719301447e-08,7.4925983719301447e-08,0.99999991364521146,-8.6354792252050278e-08,8.6354792252050278e-08,-1.1428808532748831e-08
540,8620,0.99999637583255607,-3.6241740112054117e-06,3.6241740112054117e-06,0.99999512205989538,-4.8779520018031799e-06,4.8779520018031799e-06,-1.2537779905977683e-06
541,1672,0.99999872120940236,-1.2787914153407836e-06,1.2787914153407836e-06,0.9999982043212966,-1.7956803155837858e-06,1.7956803155837858e-06,-5.1688890024300216e-07
542,852,0.99999288938063302,-7.1106446475072914e-06,7.1106446475072914e-06,0.99999349035134422,-6.509669843606477e-06,6.509669843606477e-06,6.0097480390081448e-07
543,5247,0.9999966181881873,-3.3818175310862349e-06,3.3818175310862349e-06,0.99999616386541001,-3.8361419479893677e-06,3.8361419479893677e-06,-4.5432441690313288e-07
544,11,0.99999958899824315,-4.1100184136505809e-07,4.1100184136505809e-07,0.99999916838575797,-8.3161458779146206e-07,8.3161458779146206e-07,-4.2061274642640397e-07
545,11191,0.99999933821968889,-6.6178053011261902e-07,6.6178053011261902e-07,0.99999919061946996,-8.0938085763625711e-07,8.0938085763625711e-07,-1.4760032752363809e-07
546,55066,0.99999793347381738,-2.0665283179330366e-06,2.0665283179330366e-06,0.99999742084355181,-2.5791597741671342e-06,2.5791597741671342e-06,-5.1263145623409761e-07
547,8951,0.99999939543419503,-6.0456598770895532e-07,6.0456598770895532e-07,0.99999914188296668,-8.58117401548039e-07,8.58117401548039e-07,-2.5355141383908368e-07
548,11,0.99999970721204234,-2.9278800050322186e-07,2.9278800050322186e-07,0.99999952776830703,-4.7223180451407469e-07,4.7223180451407469e-07,-1.7944380401085283e-07
549,2294,0.9999994424934302,-5.575067252537932e-07,5.575067252537932e-07,0.99999936018929414,-6.3981091052046244e-07,6.3981091052046244e-07,-8.2304185266669242e-08
550,66579,0.99999786467239327,-2.1353298866012163e-06,2.1353298866012163e-06,0.99999677054105307,-3.2294641616395917e-06,3.2294641616395917e-06,-1.0941342750383754e-06
551,11,0.99999956807940826,-4.3192068497662741e-07,4.3192068497662741e-07,0.99999904473049772,-9.5526995850034475e-07,9.5526995850034475e-07,-5.2334927352371734e-07
552,24113,0.99999966138244833,-3.3861760902017739e-07,3.3861760902017739e-07,0.99999962788463737,-3.7211543184445047e-07,3.7211543184445047e-07,-3.3497822824273082e-08
553,52581,0.9999899461111964,-1.0053939344277164e-05,1.0053939344277164e-05,0.99998747292576651,-1.2527152697968076e-05,1.2527152697968076e-05,-2.473213353690912e-06
554,323,0.77457569492124922,-0.25543988998059203,0.25543988998059203,0.82071134705000592,-0.19758381837892613,0.19758381837892613,0.057856071601665893
555,30215,0.99999570968870266,-4.2903205007325976e-06,4.2903205007325976e-06,0.99999360688534678,-6.393135089287618e-06,6.393135089287618e-06,-2.1028145885550204e-06
556,13865,0.99999868118809943,-1.3188127702161479e-06,1.3188127702161479e-06,0.99999822319477527,-1.7768068032371666e-06,1.7768068032371666e-06,-4.5799403302101865e-07
557,11,0.99999915467237477,-8.453279824815566e-07,8.453279824815566e-07,0.99999901192441509,-9.8807607308957081e-07,9.8807607308957081e-07,-1.4274809060801421e-07
558,323,0.99999994695923988,-5.3040761486258485e-08,5.3040761486258485e-08,0.99999989225257468,-1.0774743116786146e-07,1.0774743116786146e-07,-5.4706669681602977e-08
559,264,0.99999955179519617,-4.4820490422230258e-07,4.4820490422230258e-07,0.99999954239988642,-4.5760021826827065e-07,4.5760021826827065e-07,-9.3953140459680677e-09
560,8013,0.99999883226295783,-1.1677377239436129e-06,1.1677377239436129e-06,0.99999770032638413,-2.2996762601585917e-06,2.2996762601585917e-06,-1.1319385362149788e-06
561,30747,0.99997929406391217,-2.0706150458721492e-05,2.0706150458721492e-05,0.9999651942950506,-3.4806310681993964e-05,3.4806310681993964e-05,-1.4100160223272472e-05
562,315,0.99999989771135667,-1.0228864853789392e-07,1.0228864853789392e-07,0.99999982914129648,-1.7085871812125315e-07,1.7085871812125315e-07,-6.8570069583359237e-08
563,279,0.9999999013792471,-9.8620757804395822e-08,9.8620757804395822e-08,0.9999997975395708,-2.0246044967158054e-07,2.0246044967158054e-07,-1.0383969186718472e-07
564,3363,0.99999934375626698,-6.5624394834893748e-07,6.5624394834893748e-07,0.99999888408599902,-1.1159146235751771e-06,1.1159146235751771e-06,-4.5967067522623959e-07
565,2391,0.99999732234397576,-2.6776596091280169e-06,2.6776596091280169e-06,0.99999556011637214,-4.4398934841945704e-06,4.4398934841945704e-06,-1.7622338750665535e-06
566,872,0.99999883011823287,-1.1698824513860264e-06,1.1698824513860264e-06,0.99999767504422032,-2.3249584824114146e-06,2.3249584824114146e-06,-1.1550760310253883e-06
567,46025,0.99999840284250185,-1.5971587736461756e-06,1.5971587736461756e-06,0.99999796199490143,-2.0380071752875403e-06,2.0380071752875403e-06,-4.4084840164136467e-07
568,4879,0.99999093202804956,-9.068013064773908e-06,9.068013064773908e-06,0.99998736504519292,-1.2635034628767619e-05,1.2635034628767619e-05,-3.5670215639937106e-06
569,311,0.9999997781537463,-2.2184627827568968e-07,2.2184627827568968e-07,0.99999952419814708,-4.7580196609788053e-07,4.7580196609788053e-07,-2.5395568782219085e-07
570,51630,0.99993254663526032,-6.7455639820236842e-05,6.7455639820236842e-05,0.99992271255024467,-7.7290436584133808e-05,7.7290436584133808e-05,-9.8347967638969669e-06
571,279,0.99999983298440809,-1.6701560583150282e-07,1.6701560583150282e-07,0.99999971436067925,-2.8563936155822867e-07,2.8563936155822867e-07,-1.1862375572672584e-07
572,26363,0.99999948882416634,-5.111759643578256e-07,5.111759643578256e-07,0.99999908574594609,-9.1425447186371652e-07,9.1425447186371652e-07,-4.0307850750589092e-07
573,13,0.97117282670588312,-0.029250838160290869,0.029250838160290869,0.96712085999859609,-0.033431806852097186,0.033431806852097186,-0.0041809686918063173
574,7365,0.99987678985461093,-0.00012321773638260383,0.00012321773638260383,0.99986120918983312,-0.0001388004425026875,0.0001388004425026875,-1.558270612008367e-05
575,574,0.99999944717725031,-5.5282290252649809e-07,5.5282290252649809e-07,0.99999921625311738,-7.8374718977200084e-07,7.8374718977200084e-07,-2.3092428724550275e-07
576,6118,0.99999326583986459,-6.7341828099220771e-06,6.7341828099220771e-06,0.99998828585432731,-1.1714214283804768e-05,1.1714214283804768e-05,-4.9800314738826904e-06
577,6288,0.99999514480696894,-4.8552048175678404e-06,4.8552048175678404e-06,0.99999341292671151,-6.5870949833782071e-06,6.5870949833782071e-06,-1.7318901658103667e-06
578,28101,0.99999265354404843,-7.3464829369294135e-06,7.3464829369294135e-06,0.9999913160899524,-8.6839477529184764e-06,8.6839477529184764e-06,-1.3374648159890629e-06
579,11,0.95638903368096795,-0.044590509711124819,0.044590509711124819,0.9473883107434028,-0.054046226817068971,0.054046226817068971,-0.0094557171059441517
580,323,0.99999984877241799,-1.5122759344828201e-07,1.5122759344828201e-07,0.9999997842650693,-2.1573495394504438e-07,2.1573495394504438e-07,-6.4507360496762369e-08
581,279,0.99999982438103374,-1.7561898170146993e-07,1.7561898170146993e-07,0.99999962149420485,-3.7850586673650061e-07,3.7850586673650061e-07,-2.0288688503503068e-07
582,3363,0.99999857969572847,-1.4203052801678316e-06,1.4203052801678316e-06,0.99999726810351952,-2.7319002120884573e-06,2.7319002120884573e-06,-1.3115949319206257e-06
583,6052,0.99999745124392092,-2.5487593271264879e-06,2.5487593271264879e-06,0.99999630412691509,-3.6958799146533057e-06,3.6958799146533057e-06,-1.1471205875268179e-06
584,311,0.99999987832219939,-1.2167780797622847e-07,1.2167780797622847e-07,0.99999977711983223,-2.2288019255534794e-07,2.2288019255534794e-07,-1.0120238457911947e-07
585,279,0.99999048981950767,-9.5102257144234486e-06,9.5102257144234486e-06,0.99999278907548195,-7.21095051693724e-06,7.21095051693724e-06,2.2992751974862086e-06
586,2626,0.99999808277434243,-1.917227495410716e-06,1.917227495410716e-06,0.99999656782551205,-3.432180377922093e-06,3.432180377922093e-06,-1.5149528825113769e-06
587,315,0.99999991413941047,-8.5860593168538099e-08,8.5860593168538099e-08,0.9999998611257459,-1.3887426377127123e-07,1.3887426377127123e-07,-5.3013670602733129e-08
588,6696,0.99999904003890494,-9.5996155578133824e-07,9.5996155578133824e-07,0.99999816355130833,-1.8364503779206645e-06,1.8364503779206645e-06,-8.7648882213932622e-07
589,382,0.99916970502092783,-0.00083063986486618137,0.00083063986486618137,0.99886638255111948,-0.0011342604791535595,0.0011342604791535595,-0.00030362061428737812
590,644,0.99999010217783768,-9.8978711460869842e-06,9.8978711460869842e-06,0.99998610633697049,-1.3893759547369764e-05,1.3893759547369764e-05,-3.9958884012827793e-06
591,279,0.9999993576203462,-6.4237986014744925e-07,6.4237986014744925e-07,0.99999757267748723,-2.4273254587625506e-06,2.4273254587625506e-06,-1.7849455986151014e-06
592,220,0.99999984743330428,-1.5256670739777285e-07,1.5256670739777285e-07,0.99999977343172053,-2.2656830509679883e-07,2.2656830509679883e-07,-7.4001597699025981e-08
593,777,0.9999999852081225,-1.4791877613286486e-08,1.4791877613286486e-08,0.99999997961195231,-2.0388047930805785e-08,2.0388047930805785e-08,-5.5961703175192989e-09
594,339,0.9999998897846315,-1.1021537452613942e-07,1.1021537452613942e-07,0.99999983652642321,-1.634735901809328e-07,1.634735901809328e-07,-5.3258215654793379e-08
595,9478,0.99999642593584404,-3.5740705429708517e-06,3.5740705429708517e-06,0.99999650320241107,-3.4968037027691989e-06,3.4968037027691989e-06,7.7266840201652791e-08
596,11,0.99980977961779671,-0.00019023847639481606,0.00019023847639481606,0.99979854659255363,-0.00020147370190970394,0.00020147370190970394,-1.1235225514887888e-05
597,57664,0.99999970456615017,-2.954338934513742e-07,2.954338934513742e-07,0.99999959047735631,-4.0952272758535606e-07,4.0952272758535606e-07,-1.1408883413398186e-07
598,574,0.99999905453769888,-9.4546274811778561e-07,9.4546274811778561e-07,0.99999920249340268,-7.9750691535452371e-07,7.9750691535452371e-07,1.479558327632619e-07
599,832,0.99999990386359305,-9.6136411540025038e-08,9.6136411540025038e-08,0.99999984833527644,-1.5166473503828517e-07,1.5166473503828517e-07,-5.552832349826013e-08
600,315,0.99999998350772734,-1.6492272744699569e-08,1.6492272744699569e-08,0.99999996570665528,-3.4293345352722296e-08,3.4293345352722296e-08,-1.7801072608022727e-08
601,279,0.99999997098181503,-2.9018185433185128e-08,2.9018185433185128e-08,0.99999993440281842,-6.5597183753879695e-08,6.5597183753879695e-08,-3.6578998320694567e-08
602,1455,0.99999993425218936,-6.574781280876431e-08,6.574781280876431e-08,0.99999991714462366,-8.285537978855171e-08,8.285537978855171e-08,-1.7107566979787399e-08
603,6617,0.99999949366434826,-5.0633577990236697e-07,5.0633577990236697e-07,0.99999917509758818,-8.2490275204563778e-07,8.2490275204563778e-07,-3.1856697214327081e-07
604,9919,0.99999968437818565,-3.1562186412916114e-07,3.1562186412916114e-07,0.99999945959539649,-5.4040474948066273e-07,5.4040474948066273e-07,-2.2478288535150159e-07
605,304,0.99999997210731373,-2.7892686659946106e-08,2.7892686659946106e-08,0.99999994889891708,-5.1101084279598511e-08,5.1101084279598511e-08,-2.3208397619652405e-08
606,13936,0.99999884781165782,-1.1521890059031129e-06,1.1521890059031129e-06,0.99999818861503798,-1.8113866026163554e-06,1.8113866026163554e-06,-6.5919759671324255e-07
607,13,0.99999773864876418,-2.2613537926464434e-06,2.2613537926464434e-06,0.99999726731552774,-2.7326882060482283e-06,2.7326882060482283e-06,-4.7133441340178483e-07
608,13538,0.99999464471365895,-5.355300680679534e-06,5.355300680679534e-06,0.9999926954252284,-7.3046014501463642e-06,7.3046014501463642e-06,-1.9493007694668302e-06
609,279,0.99999994289437877,-5.7105622820855123e-08,5.7105622820855123e-08,0.99999987880266517,-1.2119734214527858e-07,1.2119734214527858e-07,-6.4091719324423468e-08
610,15506,0.99999486999653897,-5.1300166195309807e-06,5.1300166195309807e-06,0.99999296404328741,-7.0359814650776823e-06,7.0359814650776823e-06,-1.9059648455467016e-06
611,24145,0.99528840596065582,-0.0047227285866176813,0.0047227285866176813,0.99442489959722291,-0.005590699278910637,0.005590699278910637,-0.00086797069229295563
612,5111,0.99999665118909942,-3.348816507875588e-06,3.348816507875588e-06,0.99999662595732053,-3.3740483715907865e-06,3.3740483715907865e-06,-2.5231863715198466e-08
613,11,0.99999982467025716,-1.7532975821820995e-07,1.7532975821820995e-07,0.9999997514680925,-2.4853193834285247e-07,2.4853193834285247e-07,-7.3202180124642527e-08
614,57664,0.99999956640907028,-4.3359102367611119e-07,4.3359102367611119e-07,0.99999925888195873,-7.4111831586883381e-07,7.4111831586883381e-07,-3.0752729219272263e-07
615,5602,0.99999961461906461,-3.8538100967455145e-07,3.8538100967455145e-07,0.99999964051419066,-3.5948587395743571e-07,3.5948587395743571e-07,2.5895135717115743e-08
616,279,0.99999991559907309,-8.4400930457754247e-08,8.4400930457754247e-08,0.99999980732915716,-1.9267086135611345e-07,1.9267086135611345e-07,-1.082699308983592e-07
617,10205,0.9999998802902742,-1.1970973295544447e-07,1.1970973295544447e-07,0.99999982464192316,-1.7535809221505321e-07,1.7535809221505321e-07,-5.5648359259608744e-08
618,315,0.99999994545441384,-5.454558766890771e-08,5.454558766890771e-08,0.99999983165325002,-1.6834676412504121e-07,1.6834676412504121e-07,-1.1380117645613349e-07
619,279,0.99999991008701639,-8.9912987676504157e-08,8.9912987676504157e-08,0.99999979993546162,-2.0006455844653171e-07,2.0006455844653171e-07,-1.1015157077002755e-07
620,57281,0.99999870854701134,-1.2914538226221601e-06,1.2914538226221601e-06,0.99999848619164788,-1.5138094979171773e-06,1.5138094979171773e-06,-2.2235567529501715e-07
621,22910,0.99999960234146212,-3.9765861690577138e-07,3.9765861690577138e-07,0.999999535970992,-4.6402911560674296e-07,4.6402911560674296e-07,-6.6370498700971576e-08
622,13,0.9999376690345595,-6.233290809587657e-05,6.233290809587657e-05,0.99994532144300252,-5.46800519242896e-05,5.46800519242896e-05,7.6528561715869697e-06
623,9636,0.99999582666722686,-4.1733414814716292e-06,4.1733414814716292e-06,0.99999530865658115,-4.6913544232688491e-06,4.6913544232688491e-06,-5.1801294179721999e-07
624,279,0.99972942866132541,-0.00027060794970334241,0.00027060794970334241,0.99985786170211788,-0.00014214840048736179,0.00014214840048736179,0.00012845954921598062
625,3778,0.99999959469731947,-4.0530276270623947e-07,4.0530276270623947e-07,0.9999993374622167,-6.6253800280632995e-07,6.6253800280632995e-07,-2.5723524010009048e-07
626,6037,0.99999937404045236,-6.2595974352475141e-07,6.2595974352475141e-07,0.99999914096584253,-8.5903452646932766e-07,8.5903452646932766e-07,-2.3307478294457625e-07
627,2768,0.99997460529339577,-2.5395029055212307e-05,2.5395029055212307e-05,0.99997568774969525,-2.4312545852245338e-05,2.4312545852245338e-05,1.0824832029669686e-06
628,279,0.99999982308457014,-1.7691544552017489e-07,1.7691544552017489e-07,0.99999967970871739,-3.2029133389857621e-07,3.2029133389857621e-07,-1.4337588837840132e-07
629,15506,0.99999679855154411,-3.2014535805907e-06,3.2014535805907e-06,0.9999946393411645,-5.3606732038524189e-06,5.3606732038524189e-06,-2.1592196232617189e-06
630,24145,0.99998627095467585,-1.3729139568307486e-05,1.3729139568307486e-05,0.99998497905810868,-1.5021054706780876e-05,1.5021054706780876e-05,-1.2919151384733897e-06
631,5111,0.99999816659362983,-1.8334080508950634e-06,1.8334080508950634e-06,0.9999977576591571,-2.2423433569304084e-06,2.2423433569304084e-06,-4.0893530603534496e-07
632,11,0.99999940033457213,-5.9966560767127024e-07,5.9966560767127024e-07,0.99999885269498012,-1.1473056780023718e-06,1.1473056780023718e-06,-5.4764007033110151e-07
633,279,0.99999907169259661,-9.2830783426893128e-07,9.2830783426893128e-07,0.99999879883917975,-1.2011615415922412e-06,1.2011615415922412e-06,-2.7285370732330989e-07
634,3723,0.99999893313198629,-1.0668685828066317e-06,1.0668685828066317e-06,0.99999789371323344,-2.1062889847796696e-06,2.1062889847796696e-06,-1.0394204019730379e-06
635,4273,0.9999980224331394,-1.9775688159704592e-06,1.9775688159704592e-06,0.99999559041737485,-4.4095923474437906e-06,4.4095923474437906e-06,-2.4320235314733314e-06
636,5614,0.99998990586777525,-1.0094183170803276e-05,1.0094183170803276e-05,0.99998328053914998,-1.6719600621775494e-05,1.6719600621775494e-05,-6.6254174509722173e-06
637,279,0.99999987453299877,-1.2546700912712983e-07,1.2546700912712983e-07,0.99999974224607024,-2.5775396292824786e-07,2.5775396292824786e-07,-1.3228695380111803e-07
638,4033,0.99999969763614149,-3.0236390416584533e-07,3.0236390416584533e-07,0.9999995393182799,-4.6068182626546989e-07,4.6068182626546989e-07,-1.5831792209962456e-07
639,4221,0.99999924006163288,-7.5993865590763366e-07,7.5993865590763366e-07,0.99999866425328221,-1.3357476099180967e-06,1.3357476099180967e-06,-5.7580895401046301e-07
640,505,0.99999984133734088,-1.5866267173726216e-07,1.5866267173726216e-07,0.99999969845498493,-3.0154506053150965e-07,3.0154506053150965e-07,-1.4288238879424749e-07
641,15506,0.99999847007590181,-1.5299252685339168e-06,1.5299252685339168e-06,0.99999743558262222,-2.5644206659472576e-06,2.5644206659472576e-06,-1.0344953974133408e-06
642,311,0.99999998106532784,-1.8934672317323518e-08,1.8934672317323518e-08,0.99999994663111402,-5.3368887439639355e-08,5.3368887439639355e-08,-3.4434215122315834e-08
643,6498,0.99999936474707185,-6.3525312994223394e-07,6.3525312994223394e-07,0.99999857239253387,-1.4276084851341701e-06,1.4276084851341701e-06,-7.9235535519193615e-07
644,323,0.99999381541338128,-6.1846057432973308e-06,6.1846057432973308e-06,0.99999393370953382,-6.0663088662075752e-06,6.0663088662075752e-06,1.1829687708975563e-07
645,1903,0.99999944673496144,-5.532651915981752e-07,5.532651915981752e-07,0.9999992721098574,-7.2789040749057754e-07,7.2789040749057754e-07,-1.7462521589240234e-07
646,1063,0.99999864094599056,-1.3590549330046122e-06,1.3590549330046122e-06,0.99999901215116882,-9.8784931914259986e-07,9.8784931914259986e-07,3.7120561386201238e-07
647,4442,0.9999994725748611,-5.2742527802962924e-07,5.2742527802962924e-07,0.99999908295086082,-9.1704955968575646e-07,9.1704955968575646e-07,-3.8962428165612721e-07
648,304,0.99999988600098233,-1.1399902416189478e-07,1.1399902416189478e-07,0.99999979318347887,-2.0681654248812513e-07,2.0681654248812513e-07,-9.2817518326230349e-08
649,6873,0.99999944234474103,-5.5765541445399507e-07,5.5765541445399507e-07,0.99999910702792971,-8.9297246894985442e-07,8.9297246894985442e-07,-3.3531705449585936e-07
650,11,0.99999993921333596,-6.0786665851865723e-08,6.0786665851865723e-08,0.99999989786344501,-1.0213656021151889e-07,1.0213656021151889e-07,-4.1349894359653163e-08
651,2254,0.99999899665058489,-1.0033499185019206e-06,1.0033499185019206e-06,0.99999840535372897,-1.5946475424340896e-06,1.5946475424340896e-06,-5.9129762393216898e-07
652,7016,0.99999905651795973,-9.4348248536914007e-07,9.4348248536914007e-07,0.99999827524129381,-1.7247601936325874e-06,1.7247601936325874e-06,-7.8127770826344733e-07
653,11,0.99978080280082149,-0.00021922122639576603,0.00021922122639576603,0.99952484560691157,-0.00047526731470864117,0.00047526731470864117,-0.00025604608831287514
654,323,0.99999999669004347,-3.3099565256055518e-09,3.3099565256055518e-09,0.99999999039159981,-9.6084002514619872e-09,9.6084002514619872e-09,-6.2984437258564355e-09
655,16036,0.99999909572293111,-9.0427747771187952e-07,9.0427747771187952e-07,0.99999859245140998,-1.4075495806101845e-06,1.4075495806101845e-06,-5.0327210289830494e-07
656,9293,0.99999941331515751,-5.8668501455459206e-07,5.8668501455459206e-07,0.99999926230887759,-7.3769139454691876e-07,7.3769139454691876e-07,-1.510063799923267e-07
657,382,0.99434210566139736,-0.0056739608531970595,0.0056739608531970595,0.99263564457078268,-0.0073916061665013936,0.0073916061665013936,-0.0017176453133043341
658,92459,0.99968717377895677,-0.00031287516137233498,0.00031287516137233498,0.99970725974188468,-0.00029278311490881675,0.00029278311490881675,2.0092046463518237e-05
659,279,0.99999998499948073,-1.500051938070567e-08,1.500051938070567e-08,0.99999996387778567,-3.6122215010663063e-08,3.6122215010663063e-08,-2.1121695629957392e-08
660,842,0.99999984731067948,-1.5268933217826053e-07,1.5268933217826053e-07,0.99999977844226651,-2.2155775802090774e-07,2.2155775802090774e-07,-6.8868425842647207e-08
661,315,0.99999999569480691,-4.3051930816470284e-09,4.3051930816470284e-09,0.9999999945287732,-5.4712267899756688e-09,5.4712267899756688e-09,-1.1660337083286404e-09
662,4435,0.9999990511374981,-9.4886295212412622e-07,9.4886295212412622e-07,0.99999854701561919,-1.4529854364282368e-06,1.4529854364282368e-06,-5.0412248430411056e-07
663,5111,0.99999973140165999,-2.6859837610608627e-07,2.6859837610608627e-07,0.99999965422999326,-3.4577006653028792e-07,3.4577006653028792e-07,-7.7171690424201655e-08
664,8105,0.99999782780804702,-2.1721943122081027e-06,2.1721943122081027e-06,0.99999554840634319,-4.4516035652198093e-06,4.4516035652198093e-06,-2.2794092530117066e-06
665,11,0.99999931997899327,-6.8002123792043376e-07,6.8002123792043376e-07,0.99999934739316365,-6.5260704928234907e-07,6.5260704928234907e-07,2.7414188638084693e-08
666,2391,0.99999807560297027,-1.9243988813321142e-06,1.9243988813321142e-06,0.99999759747859807,-2.4025242880308268e-06,2.4025242880308268e-06,-4.7812540669871257e-07
667,279,0.99999992834386764,-7.1656134900767089e-08,7.1656134900767089e-08,0.99999989846952386,-1.0153048130844478e-07,1.0153048130844478e-07,-2.987434640767769e-08
668,16506,0.99999242786656328,-7.5721621055156789e-06,7.5721621055156789e-06,0.99998973166452887,-1.0268388190820377e-05,1.0268388190820377e-05,-2.6962260853046983e-06
669,315,0.9999999759285213,-2.4071478964599245e-08,2.4071478964599245e-08,0.99999995835519395,-4.1644806957280828e-08,4.1644806957280828e-08,-1.7573327992681582e-08
670,57664,0.99999858631636818,-1.413684631083359e-06,1.413684631083359e-06,0.99999813605605903,-1.8639456781558879e-06,1.8639456781558879e-06,-4.5026104707252889e-07
671,11,0.99938064745715105,-0.00061954442086591588,0.00061954442086591588,0.99934312238603717,-0.00065709345258756538,0.00065709345258756538,-3.7549031721649507e-05
672,1455,0.99999778976498166,-2.210237460967348e-06,2.210237460967348e-06,0.99999682219288066,-3.1778121685638558e-06,3.1778121685638558e-06,-9.6757470759650782e-07
673,315,0.99999998735145279,-1.2648547240644376e-08,1.2648547240644376e-08,0.99999996344173603,-3.6558264635656458e-08,3.6558264635656458e-08,-2.3909717395012081e-08
674,279,0.99999996814519709,-3.1854803398408852e-08,3.1854803398408852e-08,0.99999993265752096,-6.7342481322022597e-08,6.7342481322022597e-08,-3.5487677923613745e-08
675,3363,0.99999948895704871,-5.1104308183192575e-07,5.1104308183192575e-07,0.99999910571408634,-8.9428631347466643e-07,8.9428631347466643e-07,-3.8324323164274067e-07
676,574,0.99999970143238059,-2.9856766398518916e-07,2.9856766398518916e-07,0.99999937223962898,-6.2776056810665961e-07,6.2776056810665961e-07,-3.2919290412147045e-07
677,68461,0.99997325516589586,-2.6745191753572062e-05,2.6745191753572062e-05,0.99996668147247436,-3.3319082600137278e-05,3.3319082600137278e-05,-6.5738908465652165e-06
678,555,0.99999991727866111,-8.272134235184085e-08,8.272134235184085e-08,0.99999979752472179,-2.0247529867948386e-07,2.0247529867948386e-07,-1.1975395632764301e-07
679,37295,0.99988693338810186,-0.00011307300440934108,0.00011307300440934108,0.99988261584417815,-0.00011739104588101321,0.00011739104588101321,-4.3180414716721335e-06
680,41884,0.99999958719261295,-4.128074722655129e-07,4.128074722655129e-07,0.9999994144938682,-5.8550630322854933e-07,5.8550630322854933e-07,-1.7269883096303643e-07
681,86562,0.99998545408759776,-1.4546018195043265e-05,1.4546018195043265e-05,0.99998473548801592,-1.5264628487881287e-05,1.5264628487881287e-05,-7.1861029283802205e-07
682,479,0.99999951605247728,-4.8394763987689674e-07,4.8394763987689674e-07,0.99999934648802047,-6.5351219309510925e-07,6.5351219309510925e-07,-1.6956455321821251e-07
683,555,0.99999985322769813,-1.4677231263504051e-07,1.4677231263504051e-07,0.99999970346818512,-2.9653185884473927e-07,2.9653185884473927e-07,-1.4975954620969876e-07
684,279,0.99999991731134719,-8.2688656278476166e-08,8.2688656278476166e-08,0.99999983214989285,-1.6785012125953778e-07,1.6785012125953778e-07,-8.5161464981061611e-08
685,3723,0.99999925085866959,-7.4914161102501936e-07,7.4914161102501936e-07,0.99999867472183657,-1.3252790416233647e-06,1.3252790416233647e-06,-5.7613743059834536e-07
686,4273,0.99999808035166349,-1.9196501790351602e-06,1.9196501790351602e-06,0.99999679000462371,-3.2100005283191179e-06,3.2100005283191179e-06,-1.2903503492839578e-06
687,6690,0.99999975969658084,-2.4030344802208936e-07,2.4030344802208936e-07,0.99999963251375257,-3.6748631491234055e-07,3.6748631491234055e-07,-1.2718286689025119e-07
688,11994,0.99999936383286692,-6.3616733540526422e-07,6.3616733540526422e-07,0.9999992588675638,-7.4113271078785812e-07,7.4113271078785812e-07,-1.049653753825939e-07
689,13,0.99999585513867706,-4.1448699128801028e-06,4.1448699128801028e-06,0.99999436952976617,-5.6304860850325057e-06,5.6304860850325057e-06,-1.4856161721524028e-06
690,1666,0.99999633589983294,-3.6641068799128303e-06,3.6641068799128303e-06,0.99999509753787186,-4.9024741452154307e-06,4.9024741452154307e-06,-1.2383672653026004e-06
691,264,0.99999998656659406,-1.3433406074991508e-08,1.3433406074991508e-08,0.99999997986102795,-2.013897228685814e-08,2.013897228685814e-08,-6.7055662118666318e-09
692,1121,0.99999872809666435,-1.2719041444889625e-06,1.2719041444889625e-06,0.99999720028396455,-2.7997199546279562e-06,2.7997199546279562e-06,-1.5278158101389936e-06
693,11,0.99999994192817754,-5.8071824106369923e-08,5.8071824106369923e-08,0.99999992162861029,-7.8371392746418205e-08,7.8371392746418205e-08,-2.0299568640048281e-08
694,12309,0.99999406437087279,-5.9356467431497446e-06,5.9356467431497446e-06,0.99999435921455138,-5.640801357932934e-06,5.640801357932934e-06,2.9484538521681069e-07
695,2697,0.99999897826230055,-1.0217382214150586e-06,1.0217382214150586e-06,0.99999829445898791,-1.7055424665439424e-06,1.7055424665439424e-06,-6.8380424512888386e-07
696,8625,0.99999935871103762,-6.4128916797813903e-07,6.4128916797813903e-07,0.99999936091792729,-6.3908227694439391e-07,6.3908227694439391e-07,2.2068910337451205e-09
697,315,0.99999996906146638,-3.0938534144507467e-08,3.0938534144507467e-08,0.99999993787019725,-6.2129804702726093e-08,6.2129804702726093e-08,-3.1191270558218626e-08
698,57664,0.9999993358145266,-6.641856939182121e-07,6.641856939182121e-07,0.99999912997536233,-8.7002501614512813e-07,8.7002501614512813e-07,-2.0583932222691602e-07
699,596,0.99994676295371987,-5.3238463421976514e-05,5.3238463421976514e-05,0.99991129440549809,-8.8709529075880824e-05,8.8709529075880824e-05,-3.547106565390431e-05
700,864,0.99997922532259709,-2.0774893199527817e-05,2.0774893199527817e-05,0.99997792332669755,-2.2076916995765237e-05,2.2076916995765237e-05,-1.3020237962374199e-06
701,11710,0.99162405253003094,-0.0084112228324739868,0.0084112228324739868,0.98941132671969589,-0.010645132184827804,0.010645132184827804,-0.0022339093523538172
702,323,0.99999987390527278,-1.2609473514150131e-07,1.2609473514150131e-07,0.99999978188228311,-2.181177407289582e-07,2.181177407289582e-07,-9.2023005587456889e-08
703,37683,0.99999942377220707,-5.7622795897388775e-07,5.7622795897388775e-07,0.99999926190384503,-7.380964273662034e-07,7.380964273662034e-07,-1.6186846839231565e-07
704,18112,0.99999905581812842,-9.4418231734490177e-07,9.4418231734490177e-07,0.99999848631157784,-1.5136895678107987e-06,1.5136895678107987e-06,-5.6950725046589697e-07
705,11,0.99998683839561076,-1.3161691003906521e-05,1.3161691003906521e-05,0.99999135943471051,-8.6406026194276748e-06,8.6406026194276748e-06,4.5210883844788464e-06
706,8051,0.99998991041781726,-1.0089633082897301e-05,1.0089633082897301e-05,0.99998491901107722,-1.5081102642000216e-05,1.5081102642000216e-05,-4.9914695591029143e-06
707,1070,0.99999977277742358,-2.2722260223136213e-07,2.2722260223136213e-07,0.99999964875574532,-3.5124431634106787e-07,3.5124431634106787e-07,-1.2402171410970574e-07
708,527,0.99999974101213485,-2.5898789867387222e-07,2.5898789867387222e-07,0.99999963075308607,-3.6924698209751939e-07,3.6924698209751939e-07,-1.1025908342364717e-07
709,14529,0.99999994581839613,-5.4181605288919237e-08,5.4181605288919237e-08,0.99999991123051279,-8.8769491147947777e-08,8.8769491147947777e-08,-3.458788585902854e-08
710,35093,0.99999810994011173,-1.8900616744623396e-06,1.8900616744623396e-06,0.999997603598894,-2.396403977358682e-06,2.396403977358682e-06,-5.0634230289634239e-07
711,7224,0.99999668336505132,-3.3166404487118892e-06,3.3166404487118892e-06,0.99999570968535045,-4.2903238529256164e-06,4.2903238529256164e-06,-9.736834042137272e-07
712,11,0.99999988976697762,-1.102330284025527e-07,1.102330284025527e-07,0.99999987599413787,-1.2400586987771834e-07,1.2400586987771834e-07,-1.3772841475165637e-08
713,5423,0.99999506907310587,-4.9309390511374438e-06,4.9309390511374438e-06,0.99999368332775707,-6.3166921932304065e-06,6.3166921932304065e-06,-1.3857531420929627e-06
714,2949,0.99999976160787885,-2.3839214958262615e-07,2.3839214958262615e-07,0.99999966639801241,-3.3360204318909473e-07,3.3360204318909473e-07,-9.5209893606468575e-08
715,279,0.9999999866473388,-1.3352661331848776e-08,1.3352661331848776e-08,0.99999997578847621,-2.4211524047856798e-08,2.4211524047856798e-08,-1.0858862716008022e-08
716,2362,0.99999986813844199,-1.3186156674269485e-07,1.3186156674269485e-07,0.99999983806502835,-1.6193498474396928e-07,1.6193498474396928e-07,-3.0073418001274429e-08
717,289,0.99999642825524149,-3.5717511372636953e-06,3.5717511372636953e-06,0.99999003994463964,-9.9601049619936792e-06,9.9601049619936792e-06,-6.3883538247299839e-06
718,4841,0.99999867908246753,-1.3209184048791759e-06,1.3209184048791759e-06,0.99999925818127389,-7.4181900130300024e-07,7.4181900130300024e-07,5.7909940357617568e-07
719,3363,0.99999922513392936,-7.7486637084039958e-07,7.7486637084039958e-07,0.99999902731337498,-9.7268709809440248e-07,9.7268709809440248e-07,-1.9782072725400289e-07
720,11,0.99999985042513573,-1.4957487551232236e-07,1.4957487551232236e-07,0.99999987870673401,-1.2129327339658076e-07,1.2129327339658076e-07,2.82816021157416e-08
721,61894,0.99999960285908485,-3.9714099405594539e-07,3.9714099405594539e-07,0.99999932832466065,-6.716755649681982e-07,6.716755649681982e-07,-2.7453457091225281e-07
722,309,0.99999982551625299,-1.7448376220416707e-07,1.7448376220416707e-07,0.99999997322342571,-2.677657459881764e-08,2.677657459881764e-08,1.4770718760534944e-07
723,44486,0.99999837808608305,-1.6219152322065378e-06,1.6219152322065378e-06,0.99998556164261265,-1.443846162138963e-05,1.443846162138963e-05,-1.2816546389183092e-05
724,13,0.98264999561430333,-0.017502279599274053,0.017502279599274053,0.97606866008824511,-0.024222346592309974,0.024222346592309974,-0.0067200669930359211
725,4815,1.3706448657124936e-05,-11.197644130977364,11.197644130977364,2.3589586912582307e-05,-10.654705175822119,10.654705175822119,0.54293895515524504
726,2028,0.26032558295820635,-1.3458221892209219,1.3458221892209219,0.21822222277941625,-1.5222413648506121,1.5222413648506121,-0.17641917562969023
727,374,0.41466160742861979,-0.88029249516039132,0.88029249516039132,0.43234352470187531,-0.83853481066975444,0.83853481066975444,0.041757684490636882
728,264,0.66887715178311469,-0.40215486533754408,0.40215486533754408,0.65507270890545188,-0.42300904354506913,0.42300904354506913,-0.020854178207525054
729,10015,0.41402118938172466,-0.8818381243851201,0.8818381243851201,0.39711124216204668,-0.92353883058828767,0.92353883058828767,-0.04170070620316757
730,3925,0.69791661333863286,-0.35965564848719017,0.35965564848719017,0.72215183812304995,-0.32551986009021211,0.32551986009021211,0.034135788396978062
731,315,0.99785380349303709,-0.0021485028872406131,0.0021485028872406131,0.99822731090535821,-0.0017742621672755775,0.0017742621672755775,0.00037424071996503558
732,57664,0.98108183661853421,-0.019099401266670039,0.019099401266670039,0.98421646979381305,-0.015909416496194765,0.015909416496194765,0.0031899847704752737
733,11,0.84166248980042302,-0.17237618856645914,0.17237618856645914,0.8372979889861647,-0.17757525155874518,0.17757525155874518,-0.0051990629922860354
734,505,0.32992197505969423,-1.1088990916908164,1.1088990916908164,0.40363360769193946,-0.90724772416778665,0.90724772416778665,0.2016513675230297
735,1202,0.99768503119808816,-0.0023176524847501648,0.0023176524847501648,0.99671420619333784,-0.0032912038813093071,0.0032912038813093071,-0.00097355139655914231
736,36330,0.98904926586874575,-0.011011134779317828,0.011011134779317828,0.98175362845564029,-0.018414889624924449,0.018414889624924449,-0.0074037548456066214
737,555,0.87645627590957431,-0.13186846073727376,0.13186846073727376,0.83570260581352074,-0.17948246385884598,0.17948246385884598,-0.047614003121572213
738,15506,0.83856795319814592,-0.17605965962133718,0.17605965962133718,0.88939315193225033,-0.11721590058410368,0.11721590058410368,0.058843759037233503
739,39879,0.98177103364913598,-0.018397161104542731,0.018397161104542731,0.91466617197865363,-0.089196119644281494,0.089196119644281494,-0.070798958539738763
740,380,0.99999857732076036,-1.4226802516752479e-06,1.4226802516752479e-06,0.99999961367748202,-3.8632259256704903e-07,3.8632259256704903e-07,1.0363576591081989e-06
741,67987,0.99067163851117868,-0.0093721431396130931,0.0093721431396130931,0.95592625963442768,-0.045074503179348066,0.045074503179348066,-0.035702360039734975
742,304,0.70053934493663594,-0.35590474784927933,0.35590474784927933,0.68959136484368655,-0.37165608168946712,0.37165608168946712,-0.015751333840187787
743,220,0.99122379190576726,-0.008814945821934277,0.008814945821934277,0.99348168605123222,-0.0065396509284309451,0.0065396509284309451,0.0022752948935033318
744,10895,0.99999909194841952,-9.0805199276709777e-07,9.0805199276709777e-07,0.9999997939507268,-2.0604929438158917e-07,2.0604929438158917e-07,7.0200269838550858e-07
745,16,0.99999959849788689,-4.0150219371443989e-07,4.0150219371443989e-07,0.99999985105487443,-1.4894513667864614e-07,1.4894513667864614e-07,2.5255705703579376e-07
746,311,0.9975661460448908,-0.0024368205921984796,0.0024368205921984796,0.99782939054692144,-0.0021729686403117246,0.0021729686403117246,0.00026385195188675502
747,279,0.49479239038129669,-0.70361701776295293,0.70361701776295293,0.51118701037743652,-0.67101978630144077,0.67101978630144077,0.032597231461512166
748,3118,0.98569990918614592,-0.01440332244208016,0.01440332244208016,0.99395512915644946,-0.0060632150381928103,0.0060632150381928103,0.00834010740388735
749,1938,0.99978302575410416,-0.00021699778821294779,0.00021699778821294779,0.99980653203207959,-0.00019348668526193778,0.00019348668526193778,2.3511102951010007e-05
750,13,0.96371370569431369,-0.036961014274886204,0.036961014274886204,0.97673252854734571,-0.023542432540087369,0.023542432540087369,0.013418581734798835
751,578,0.14328013875778012,-1.942953552792265,1.942953552792265,0.10993044097059707,-2.2079074680231066,2.2079074680231066,-0.26495391523084155
752,3363,0.99998659124988054,-1.340884001751706e-05,1.340884001751706e-05,0.99998606252917621,-1.3937567951270467e-05,1.3937567951270467e-05,-5.2872793375340628e-07
753,706,0.99888181087702166,-0.0011188147628683094,0.0011188147628683094,0.9993220925128895,-0.00067813737028992913,0.00067813737028992913,0.00044067739257838028
754,264,0.71289060196920861,-0.33842730376322278,0.33842730376322278,0.76354627136036934,-0.26978155188952063,0.26978155188952063,0.068645751873702143
755,9257,0.99524699914072634,-0.0047643322876414172,0.0047643322876414172,0.99557724037039708,-0.0044325689645456964,0.0044325689645456964,0.00033176332309572086
756,323,0.99440375280878168,-0.0056119648498952901,0.0056119648498952901,0.99399916263846955,-0.0060189147419444132,0.0060189147419444132,-0.00040694989204912314
757,6485,0.91439334212699952,-0.089494447666495794,0.089494447666495794,0.8936521905962419,-0.11243862805770941,0.11243862805770941,-0.022944180391213612
758,3925,0.98927508820296117,-0.010782838206279672,0.010782838206279672,0.98997127950854258,-0.010079346871748667,0.010079346871748667,0.00070349133453100413
759,11,0.9995979565178823,-0.00040212432326695461,0.00040212432326695461,0.99986636550707864,-0.00013364342280576842,0.00013364342280576842,0.00026848090046118617
760,449,0.73945811641881276,-0.30183763613801268,0.30183763613801268,0.83999813703052917,-0.17435560496803579,0.17435560496803579,0.12748203116997689
761,5370,0.59026849277880855,-0.5271777730900068,0.5271777730900068,0.57851845442194949,-0.54728483238712078,0.54728483238712078,-0.020107059297113983
762,27833,0.49404710106440208,-0.70512442005516784,0.70512442005516784,0.63955294210792213,-0.44698587466911716,0.44698587466911716,0.25813854538605069
763,323,0.9996517277751602,-0.00034833288569586406,0.00034833288569586406,0.99957367526135144,-0.00042641564087684078,0.00042641564087684078,-7.8082755180976715e-05
764,991,0.95563653291438688,-0.045377633919691698,0.045377633919691698,0.98250844919794844,-0.017646335583129457,0.017646335583129457,0.027731298336562241
765,19505,0.99999856050834035,-1.4394926956995512e-06,1.4394926956995512e-06,0.99999840487765801,-1.5951236141895525e-06,1.5951236141895525e-06,-1.5563091849000133e-07
766,9564,0.83440188085023403,-0.18104012116312682,0.18104012116312682,0.79427339167852251,-0.23032755498696936,0.23032755498696936,-0.049287433823842541
767,872,0.99998881546959517,-1.1184592952192097e-05,1.1184592952192097e-05,0.99999128499155787,-8.7150464180234527e-06,8.7150464180234527e-06,2.4695465341686445e-06
768,1906,0.99875274832334382,-0.0012480301423911432,0.0012480301423911432,0.9988334124601973,-0.0011672685327234283,0.0011672685327234283,8.0761609667714907e-05
769,389,0.99713034544990709,-0.0028737799028263665,0.0028737799028263665,0.99812668766486401,-0.0018750691791096436,0.0018750691791096436,0.00099871072371672293
770,279,0.59676019735065544,-0.51623992576398592,0.51623992576398592,0.73502436798946957,-0.30785162659170351,0.30785162659170351,0.20838829917228241
771,3363,0.99815560979763962,-0.0018460931842673005,0.0018460931842673005,0.99831177048759034,-0.0016896561777714717,0.0016896561777714717,0.00015643700649582877
772,13,0.8736466410730338,-0.1350792859099875,0.1350792859099875,0.8928339054370682,-0.11335471155616669,0.11335471155616669,0.021724574353820802
773,5659,0.55653549231758348,-0.58602433255077557,0.58602433255077557,0.56674782940080615,-0.56784081950777698,0.56784081950777698,0.018183513042998589
774,1202,0.56890368030122784,-0.56404413809330889,0.56404413809330889,0.72993912993655463,-0.31479413196486522,0.31479413196486522,0.24925000612844367
775,4216,0.72650204852260014,-0.31951397626125294,0.31951397626125294,0.8096209633566066,-0.21118908731009678,0.21118908731009678,0.10832488895115616
776,2919,0.99364283786794849,-0.0063774549360512455,0.0063774549360512455,0.99528832065152406,-0.0047228142995978254,0.0047228142995978254,0.0016546406364534201
777,439,0.99999055223428546,-9.4478103449964011e-06,9.4478103449964011e-06,0.99999665791451353,-3.3420910712967246e-06,3.3420910712967246e-06,6.1057192736996761e-06
778,264,0.99395121751825855,-0.0060671504732774766,0.0060671504732774766,0.99898520171463989,-0.001015313541757182,0.001015313541757182,0.0050518369315202946
779,348,0.054449013403854107,-2.9104905490721156,2.9104905490721156,0.50042456124602042,-0.69229841836846251,0.69229841836846251,2.218192130703653
780,395,0.99997420689142302,-2.5793441224903316e-05,2.5793441224903316e-05,0.999993848837051,-6.1511818675062632e-06,6.1511818675062632e-06,1.9642259357397052e-05
781,278,0.99999997304003674,-2.6959963675588532e-08,2.6959963675588532e-08,0.99999998273791035,-1.7262089830662856e-08,1.7262089830662856e-08,9.697873844925676e-09
782,1614,0.99999598276150381,-4.0172465653571875e-06,4.0172465653571875e-06,0.99999838192913537,-1.6180721736769578e-06,1.6180721736769578e-06,2.3991743916802299e-06
783,315,0.99961281814845937,-0.00038725682578681446,0.00038725682578681446,0.99997452053131475,-2.5479793292462127e-05,2.5479793292462127e-05,0.00036177703249435234
784,3320,0.91791066316482961,-0.085655209911146044,0.085655209911146044,0.98895108819226329,-0.011110404404180685,0.011110404404180685,0.074544805506965364
785,96323,0.99999819725509131,-1.8027465335818119e-06,1.8027465335818119e-06,0.99999801865320559,-1.9813487572866242e-06,1.9813487572866242e-06,-1.7860222370481229e-07
786,311,0.99886814529893697,-0.0011324957323436574,0.0011324957323436574,0.99919983150421021,-0.00080048880147769587,0.00080048880147769587,0.00033200693086596149
787,1202,0.99987456144333209,-0.00012544642474166551,0.00012544642474166551,0.99992903820943846,-7.0964308468554946e-05,7.0964308468554946e-05,5.4482116273110563e-05
788,1510,0.92890677742662331,-0.073746892429873312,0.073746892429873312,0.85733611877396965,-0.15392523333926311,0.15392523333926311,-0.0801783409093898
789,2704,0.99992789276417093,-7.2109835680827906e-05,7.2109835680827906e-05,0.99993772375959078,-6.2278179654816769e-05,6.2278179654816769e-05,9.8316560260111374e-06
790,439,0.99999953855088819,-4.6144921828352169e-07,4.6144921828352169e-07,0.99999953733261315,-4.6266749386723776e-07,4.6266749386723776e-07,-1.218275583716076e-09
791,279,0.96967633285935251,-0.030792940632005852,0.030792940632005852,0.72432630718935376,-0.32251328759361991,0.32251328759361991,-0.29172034696161409
792,6864,0.9975530567019496,-0.0024499419564992931,0.0024499419564992931,0.99940620958403747,-0.00059396677931028365,0.00059396677931028365,0.0018559751771890095
793,315,0.96679876672222009,-0.033764905782273806,0.033764905782273806,0.96048948043407012,-0.040312249010419389,0.040312249010419389,-0.0065473432281455829
794,279,0.99999039838672421,-9.6016593715200986e-06,9.6016593715200986e-06,0.99999526128321037,-4.7387280174353744e-06,4.7387280174353744e-06,4.8629313540847241e-06
795,26363,0.9999155801784757,-8.4423385077999938e-05,8.4423385077999938e-05,0.99995190239161036,-4.8098765116668467e-05,4.8098765116668467e-05,3.6324619961331471e-05
796,11,0.99993259263612611,-6.7409635852356775e-05,6.7409635852356775e-05,0.9999367818338144,-6.3220164538114017e-05,6.3220164538114017e-05,4.1894713142427573e-06
797,57664,0.99998377345801726,-1.622667363449723e-05,1.622667363449723e-05,0.99998725179551584,-1.2748285743194911e-05,1.2748285743194911e-05,3.4783878913023194e-06
798,706,0.99968742114224329,-0.00031262772071048099,0.00031262772071048099,0.99979112172967755,-0.00020890008842663392,0.00020890008842663392,0.00010372763228384707
799,64238,0.49277644323167402,-0.70769966978915189,0.70769966978915189,0.45093987730316248,-0.79642125811507847,0.79642125811507847,-0.088721588325926581
800,1690,0.51573037924072684,-0.66217117091347177,0.66217117091347177,0.57303665925532155,-0.55680558655590873,0.55680558655590873,0.10536558435756305
801,54070,0.86257537343103607,-0.14783274440960165,0.14783274440960165,0.85985340961834245,-0.15099335819566614,0.15099335819566614,-0.0031606137860644978
802,323,0.70888068267700977,-0.34406805620748321,0.34406805620748321,0.76078632862447759,-0.27340273764890527,0.27340273764890527,0.070665318558577939
803,706,0.81490230170164346,-0.20468704813958938,0.20468704813958938,0.85034036768653076,-0.16211857707711216,0.16211857707711216,0.042568471062477214
804,1027,0.50147120150033275,-0.69020909795416852,0.69020909795416852,0.51700067278403894,-0.65971110315146198,0.65971110315146198,0.030497994802706541
805,27367,0.98598593971201631,-0.014113184408136538,0.014113184408136538,0.98227194601366075,-0.01788707819844302,0.01788707819844302,-0.0037738937903064821
806,555,0.99999986212095127,-1.3787905821335364e-07,1.3787905821335364e-07,0.9999998877316385,-1.1226836785069734e-07,1.1226836785069734e-07,2.56106903626563e-08
807,5370,0.88452753442204857,-0.12270163593799507,0.12270163593799507,0.92274857640254504,-0.080398479850195576,0.080398479850195576,0.042303156087799498
808,13970,0.75993355628207748,-0.27452427546826585,0.27452427546826585,0.68125292550477323,-0.3838216386949706,0.3838216386949706,-0.10929736322670475
809,4455,0.99993978518796589,-6.0216625018664477e-05,6.0216625018664477e-05,0.99996104588380297,-3.8954874928290238e-05,3.8954874928290238e-05,2.1261750090374238e-05
810,13,0.97917958254659954,-0.021040218598939803,0.021040218598939803,0.98375938116981543,-0.016373943164032904,0.016373943164032904,0.0046662754349068997
811,11450,0.025394811841935001,-3.673210384012727,3.673210384012727,0.027414929139765259,-3.5966675548544242,3.5966675548544242,0.076542829158302794
812,11,0.9999992491197438,-7.5088053805546457e-07,7.5088053805546457e-07,0.99999927322598814,-7.2677427600468032e-07,7.2677427600468032e-07,2.4106262050784246e-08
813,57664,0.94681843891412854,-0.054647926548706434,0.054647926548706434,0.97413354862672474,-0.026206871159010117,0.026206871159010117,0.028441055389696317
814,374,0.97417467964985549,-0.026164648863235912,0.026164648863235912,0.98208379025336912,-0.018078648144143949,0.018078648144143949,0.0080860007190919625
815,264,0.99984300211960841,-0.00015701020584891443,0.00015701020584891443,0.99964489368358944,-0.00035516938158891939,0.00035516938158891939,-0.00019815917574000496
816,90256,0.72073851504418518,-0.32747887731942932,0.32747887731942932,0.70446589177162044,-0.35031536361796256,0.35031536361796256,-0.022836486298533243
817,2322,0.99044783508905898,-0.0095980794610253696,0.0095980794610253696,0.99151402126664301,-0.0085221896531454122,0.0085221896531454122,0.0010758898078799574
818,55422,0.99999975028670973,-2.4971332148406547e-07,2.4971332148406547e-07,0.99999975847152711,-2.4152850200719479e-07,2.4152850200719479e-07,8.1848194768706773e-09
819,449,0.9797949239135102,-0.020411990528467719,0.020411990528467719,0.97511584889885405,-0.02519899565931363,0.02519899565931363,-0.0047870051308459109
820,264,0.99999073380542314,-9.2662375083564463e-06,9.2662375083564463e-06,0.99999050601805872,-9.4940270094254199e-06,9.4940270094254199e-06,-2.2778950106897357e-07
821,9257,0.38129782446891547,-0.9641745176976666,0.9641745176976666,0.3545339071602201,-1.0369512897412663,1.0369512897412663,-0.072776772043599669
822,13042,0.91538880746663454,-0.088406377769140274,0.088406377769140274,0.90606915339842098,-0.098639647597682914,0.098639647597682914,-0.01023326982854264
823,28948,0.9997723726516573,-0.0002276532593796462,0.0002276532593796462,0.99978872003476671,-0.00021130228798946395,0.00021130228798946395,1.6350971390182258e-05
824,323,0.9840303971205614,-0.016098491024328199,0.016098491024328199,0.98369839182651864,-0.016435941285825879,0.016435941285825879,-0.0003374502614976807
825,264,0.99996085354582831,-3.9147220414158858e-05,3.9147220414158858e-05,0.99996940868671336,-3.0591781210391182e-05,3.0591781210391182e-05,8.5554392037676764e-06
826,20955,0.31712513175021684,-1.1484588456107732,1.1484588456107732,0.30741096583843297,-1.1795697756497749,1.1795697756497749,-0.031110930039001783
827,315,0.99999986362482396,-1.3637518539346574e-07,1.3637518539346574e-07,0.99999983525465708,-1.6474535644213635e-07,1.6474535644213635e-07,-2.8370171048670613e-08
828,2362,0.62967787600112102,-0.46254689829376444,0.46254689829376444,0.58754537341300317,-0.53180180460472759,0.53180180460472759,-0.069254906310963149
829,323,0.99999954383688316,-4.5616322084872109e-07,4.5616322084872109e-07,0.99999952667784808,-4.7332226394309417e-07,4.7332226394309417e-07,-1.7159043094373075e-08
830,502,0.99976029702985292,-0.00023973170349578154,0.00023973170349578154,0.99975253123870278,-0.00024749938674380266,0.00024749938674380266,-7.7676832480211169e-06
831,18112,0.97321853466398134,-0.027146623182216133,0.027146623182216133,0.97332718121309336,-0.027034993079374299,0.027034993079374299,0.00011163010284183372
832,13,0.99944780891484264,-0.00055234359880170522,0.00055234359880170522,0.9993515425094005,-0.00064866783009376501,0.00064866783009376501,-9.6324231292059786e-05
833,4815,0.0065530099954436618,-5.0278307936026287,5.0278307936026287,0.0058715147123654596,-5.1376426354370865,5.1376426354370865,-0.1098118418344578
834,32812,0.17742559183171769,-1.7292039589040165,1.7292039589040165,0.16636763748036978,-1.7935552558057957,1.7935552558057957,-0.064351296901779209
835,512,0.51816110569135454,-0.65746907022957135,0.65746907022957135,0.48718366943692459,-0.71911408236636642,0.71911408236636642,-0.061645012136795074
836,16,0.46552380315055131,-0.76459204898469324,0.76459204898469324,0.55205966086156444,-0.59409915727445139,0.59409915727445139,0.17049289171024185
837,13,0.99951405264927118,-0.00048606546140791019,0.00048606546140791019,0.9992581865950444,-0.00074208868466538104,0.00074208868466538104,-0.00025602322325747086
838,330,0.60367506099686719,-0.50471920429167527,0.50471920429167527,0.5870733787130098,-0.53260546064128023,0.53260546064128023,-0.027886256349604954
839,1692,0.9335034298147129,-0.06881064186172868,0.06881064186172868,0.95480228558190672,-0.046250990739528229,0.046250990739528229,0.022559651122200451
840,10746,0.99980064246473088,-0.00019937740962405244,0.00019937740962405244,0.99980875613338505,-0.00019126215605513224,0.00019126215605513224,8.1152535689202007e-06
841,3343,0.41625418522087931,-0.87645918315333549,0.87645918315333549,0.45764301179115635,-0.78166584903488057,0.78166584903488057,0.094793334118454919
842,27685,0.55625912879513362,-0.58652103431925706,0.58652103431925706,0.54843522208702022,-0.60068610635604158,0.60068610635604158,-0.014165072036784521
843,13,0.73600860794036382,-0.30651346475050695,0.30651346475050695,0.77469784973114986,-0.25528219696301557,0.25528219696301557,0.051231267787491375
844,58891,0.59910162759401298,-0.5123240331641622,0.5123240331641622,0.6114796169493254,-0.49187365728155757,0.49187365728155757,0.020450375882604621
845,220,0.9708163995671707,-0.029617912434331636,0.029617912434331636,0.96297393199109349,-0.037728937133895142,0.037728937133895142,-0.0081110246995635057
846,2366,0.98161612546045895,-0.018554957989665118,0.018554957989665118,0.97150484128250014,-0.028909026870316601,0.028909026870316601,-0.010354068880651483
847,18,0.97997857870624239,-0.020224566019437128,0.020224566019437128,0.94418645173320925,-0.057431619910401056,0.057431619910401056,-0.037207053890963931
848,12,0.99993242507410529,-6.7577209182930641e-05,6.7577209182930641e-05,0.99992568278194749,-7.4319979713756632e-05,7.4319979713756632e-05,-6.7427705308259906e-06
849,2437,0.93885292829510725,-0.063096437924793636,0.063096437924793636,0.84779754720923139,-0.16511341319207015,0.16511341319207015,-0.10201697526727652
850,12,0.99998880486905084,-1.1195193615157026e-05,1.1195193615157026e-05,0.99998714975742653,-1.2850325138597202e-05,1.2850325138597202e-05,-1.6551315234401765e-06
851,508,0.9685112278649417,-0.031995203156398144,0.031995203156398144,0.93039854876574501,-0.072142237574959703,0.072142237574959703,-0.040147034418561559
852,627,0.98655938410694322,-0.01353175856797236,0.01353175856797236,0.99132228324166682,-0.0087155873886395861,0.0087155873886395861,0.0048161711793327736
853,17,0.99990212092822905,-9.7883862239849531e-05,9.7883862239849531e-05,0.99992960774970052,-7.0394727950219029e-05,7.0394727950219029e-05,2.7489134289630503e-05
854,13,0.99998229820859164,-1.7701948086962225e-05,1.7701948086962225e-05,0.99997677757910564,-2.3222690538986797e-05,2.3222690538986797e-05,-5.5207424520245713e-06
855,330,0.99861526060793693,-0.001385699029656045,0.001385699029656045,0.9988737139790137,-0.0011269207577283694,0.0011269207577283694,0.00025877827192767556
856,13730,0.75575635293923293,-0.28003623921931958,0.28003623921931958,0.82040697281038399,-0.19795475353872349,0.19795475353872349,0.082081485680596089
857,315,0.99997624779438277,-2.3752487705366054e-05,2.3752487705366054e-05,0.99998988055384685,-1.0119497355055244e-05,1.0119497355055244e-05,1.363299035031081e-05
858,57664,0.99985349339786078,-0.0001465173352797881,0.0001465173352797881,0.99990629784860863,-9.370654171224578e-05,9.370654171224578e-05,5.2810793567542317e-05
859,3343,0.99971648705743299,-0.0002835531399591766,0.0002835531399591766,0.99977837342498033,-0.00022165113781833079,0.00022165113781833079,6.1902002140845814e-05
860,57664,0.40972547835934442,-0.89226790851973103,0.89226790851973103,0.37745898392447436,-0.97429336805179512,0.97429336805179512,-0.082025459532064082
861,52652,0.27593922087745743,-1.2875746517278077,1.2875746517278077,0.27043987439799388,-1.3077054811955247,1.3077054811955247,-0.020130829467716937
862,13,0.72150553560756836,-0.32641522843788179,0.32641522843788179,0.73223588060831257,-0.31165257566120524,0.31165257566120524,0.014762652776676544
863,58891,0.99770220539244392,-0.0023004385885787488,0.0023004385885787488,0.99771169901203161,-0.0022909231496347003,0.0022909231496347003,9.515438944048514e-06
864,220,0.9999866531418854,-1.3346947184655154e-05,1.3346947184655154e-05,0.99998346629410273,-1.6533842580536686e-05,1.6533842580536686e-05,-3.186895395881532e-06
865,2366,0.99999258503650246,-7.4149909885592231e-06,7.4149909885592231e-06,0.99999209057762706,-7.9094536525336581e-06,7.9094536525336581e-06,-4.9446266397443503e-07
866,18,0.99996226555383061,-3.7735158131541949e-05,3.7735158131541949e-05,0.99993274531329779,-6.7256948400083112e-05,6.7256948400083112e-05,-2.9521790268541162e-05
867,12,0.99999857958963168,-1.4204113771482164e-06,1.4204113771482164e-06,0.99999805468133252,-1.9453205596534207e-06,1.9453205596534207e-06,-5.2490918250520423e-07
868,2437,0.99997433634556354,-2.5663983753641683e-05,2.5663983753641683e-05,0.99996937889920379,-3.0621569631653042e-05,3.0621569631653042e-05,-4.9575858780113583e-06
869,12,0.99999931556150667,-6.8443872750063336e-07,6.8443872750063336e-07,0.99999810294209424,-1.8970597051332553e-06,1.8970597051332553e-06,-1.212620977632622e-06
870,508,0.99996444338394619,-3.5557248205241196e-05,3.5557248205241196e-05,0.99997644106976069,-2.3559207755233887e-05,2.3559207755233887e-05,1.1998040450007309e-05
871,627,0.97117358795513398,-0.029250054315303003,0.029250054315303003,0.98262337174645698,-0.017529373914283945,0.017529373914283945,0.011720680401019059
872,18,0.99991813380864381,-8.1869542575748204e-05,8.1869542575748204e-05,0.99993722893527082,-6.2773034914964031e-05,6.2773034914964031e-05,1.9096507660784173e-05
873,13,0.99998613015690307,-1.3869939284099574e-05,1.3869939284099574e-05,0.99997995788383531,-2.0042317010564953e-05,2.0042317010564953e-05,-6.1723777264653788e-06
874,330,0.99987528672614723,-0.00012472105119979183,0.00012472105119979183,0.99985970492469245,-0.00014030491758217824,0.00014030491758217824,-1.5583866382386409e-05
875,1692,0.933090040047866,-0.069253576844926626,0.069253576844926626,0.96205875353540171,-0.038679755820268974,0.038679755820268974,0.030573821024657652
876,10746,0.99991836173794535,-8.1641594638904983e-05,8.1641594638904983e-05,0.99994533631870386,-5.4665175409613598e-05,5.4665175409613598e-05,2.6976419229291385e-05
877,25,0.70577720851178216,-0.3484556599713638,0.3484556599713638,0.76151166905442591,-0.27244978298963907,0.27244978298963907,0.076005876981724729
878,362,0.93292497719536527,-0.069430491662230864,0.069430491662230864,0.86274020164070508,-0.14764167419317056,0.14764167419317056,-0.078211182530939699
879,37618,0.59408015445880669,-0.52074102855675619,0.52074102855675619,0.53325863137136409,-0.62874873541124976,0.62874873541124976,-0.10800770685449357
880,11346,0.99996171440197668,-3.8286330935515908e-05,3.8286330935515908e-05,0.99995664108306492,-4.33598569600972e-05,4.33598569600972e-05,-5.0735260245812918e-06
881,3343,0.99954647821146603,-0.00045362466064470075,0.00045362466064470075,0.99972744197059538,-0.00027259518009492876,0.00027259518009492876,0.00018102948054977199
882,57281,0.67239375113350053,-0.39691117086756966,0.39691117086756966,0.69902300686186813,-0.35807162332450287,0.35807162332450287,0.038839547543066788
883,11346,0.27349662423219057,-1.2964660000401849,1.2964660000401849,0.24310503422370841,-1.4142616894264779,1.4142616894264779,-0.11779568938629303
884,13,0.99113157860182699,-0.0089079799018764901,0.0089079799018764901,0.99071562440590721,-0.0093277440505920607,0.0093277440505920607,-0.00041976414871557066
885,58891,0.99949941214609084,-0.00050071318983838141,0.00050071318983838141,0.9994237747726562,-0.00057639130890342616,0.00057639130890342616,-7.5678119065044746e-05
886,220,0.99998489431329407,-1.510580079799471e-05,1.510580079799471e-05,0.9999779612092714,-2.2039033586331426e-05,2.2039033586331426e-05,-6.9332327883367158e-06
887,2366,0.99999824188301234,-1.7581185331407811e-06,1.7581185331407811e-06,0.99999828980881666,-1.7101926457263012e-06,1.7101926457263012e-06,4.7925887414479892e-08
888,18,0.99999580850761116,-4.1915011732095843e-06,4.1915011732095843e-06,0.99999460603575641,-5.3939787911240016e-06,5.3939787911240016e-06,-1.2024776179144173e-06
889,12,0.99999794298427092,-2.057017844703789e-06,2.057017844703789e-06,0.99999436415271081,-5.6358631706060391e-06,5.6358631706060391e-06,-3.5788453259022501e-06
890,2437,0.99999212737410892,-7.8726568803920249e-06,7.8726568803920249e-06,0.9999900679890813,-9.9320602414962997e-06,9.9320602414962997e-06,-2.0594033611042748e-06
891,12,0.99999966741901769,-3.3258103758272763e-07,3.3258103758272763e-07,0.99999868894654731,-1.3110543121057647e-06,1.3110543121057647e-06,-9.7847327452303699e-07
892,508,0.99998071037471381,-1.9289811333380499e-05,1.9289811333380499e-05,0.99997810336547222,-2.1896874262611692e-05,2.1896874262611692e-05,-2.6070629292311931e-06
893,627,0.45604306273649264,-0.78516803810089109,0.78516803810089109,0.51161278076898464,-0.67018722763291649,0.67018722763291649,0.11498081046797459
894,19,0.99904647781349809,-0.00095397707797100308,0.00095397707797100308,0.99947994785593131,-0.00052018741808665847,0.00052018741808665847,0.00043378965988434461
895,13,0.99997458230876268,-2.5418014272270794e-05,2.5418014272270794e-05,0.99996048609155641,-3.9514689138644507e-05,3.9514689138644507e-05,-1.4096674866373714e-05
896,330,0.99988820335791706,-0.00011180289179338722,0.00011180289179338722,0.99988710571855743,-0.00011290065448162815,0.00011290065448162815,-1.097762688240925e-06
897,791,0.70945926468272313,-0.34325219814907676,0.34325219814907676,0.73517519759829264,-0.30764644409419417,0.30764644409419417,0.035605754054882588
898,11346,0.10374947865167856,-2.2657761449280169,2.2657761449280169,0.30488365773661602,-1.1878250251891815,1.1878250251891815,1.0779511197388354
899,315,0.99999068975623884,-9.3102871017448581e-06,9.3102871017448581e-06,0.99999272909917547,-7.2709272576520309e-06,7.2709272576520309e-06,2.0393598440928271e-06
900,57664,0.94303152468741924,-0.058655566698104192,0.058655566698104192,0.98112334782267485,-0.019057090498687156,0.019057090498687156,0.039598476199417032
901,3343,0.93781126701074258,-0.064206558098606203,0.064206558098606203,0.973906627434177,-0.026439844992263414,0.026439844992263414,0.037766713106342789
902,57664,0.60993178631553824,-0.49440815377997366,0.49440815377997366,0.66922858364661841,-0.40162959762172934,0.40162959762172934,0.092778556158244319
903,41143,0.24701612880748447,-1.3983016456703081,1.3983016456703081,0.22380301072264505,-1.4969890304573328,1.4969890304573328,-0.098687384787024657
904,13581,0.86581232319670831,-0.14408711076911798,0.14408711076911798,0.88013019607754206,-0.12768543236530386,0.12768543236530386,0.016401678403814124
905,13,0.99996469778035302,-3.5302842785032031e-05,3.5302842785032031e-05,0.99996956881151089,-3.043165152713678e-05,3.043165152713678e-05,4.8711912578952511e-06
906,58891,0.99948953297436416,-0.00051059735828355355,0.00051059735828355355,0.99952867743202067,-0.00047143367537387358,0.00047143367537387358,3.9163682909679968e-05
907,220,0.99998038062308636,-1.9619569376162036e-05,1.9619569376162036e-05,0.99997747780573798,-2.2522447890464462e-05,2.2522447890464462e-05,-2.9028785143024259e-06
908,2366,0.99999669378463663,-3.3062208289652681e-06,3.3062208289652681e-06,0.99999803906788076,-1.9609340418632319e-06,1.9609340418632319e-06,1.3452867871020362e-06
909,18,0.99999421466393845,-5.7853527966997009e-06,5.7853527966997009e-06,0.99999623626496059,-3.763742122301582e-06,3.763742122301582e-06,2.0216106743981188e-06
910,12,0.99999677931338882,-3.2206917975631229e-06,3.2206917975631229e-06,0.99999390391696785,-6.0961016133778087e-06,6.0961016133778087e-06,-2.8754098158146858e-06
911,2437,0.99998925767231195,-1.0742385387224501e-05,1.0742385387224501e-05,0.99998915590594051,-1.0844152857054064e-05,1.0844152857054064e-05,-1.0176746982956297e-07
912,12,0.99999782754242283,-2.1724599369306121e-06,2.1724599369306121e-06,0.99999539829984996,-4.6017107378827606e-06,4.6017107378827606e-06,-2.4292508009521485e-06
913,508,0.99998842837030033,-1.1571696651439371e-05,1.1571696651439371e-05,0.99998610944174815,-1.3890654726581355e-05,1.3890654726581355e-05,-2.3189580751419845e-06
914,13,0.54360487673912394,-0.6095326255549478,0.6095326255549478,0.54978416912706651,-0.59822949754137722,0.59822949754137722,0.011303128013570585
915,4815,0.081610775368088515,-2.505793974650536,2.505793974650536,0.050298280044320201,-2.9897843964109665,2.9897843964109665,-0.4839904217604305
916,9290,0.6026428100201352,-0.50643061262521838,0.50643061262521838,0.6374711798896,-0.45024621098778267,0.45024621098778267,0.05618440163743571
917,25,0.98831469669352112,-0.011754113030083509,0.011754113030083509,0.98965822123529379,-0.010395626534928978,0.010395626534928978,0.001358486495154531
918,578,0.89938704565390493,-0.10604180806935562,0.10604180806935562,0.91126240373791145,-0.092924383968192373,0.092924383968192373,0.013117424101163247
919,15407,0.78875868500871227,-0.23729485408278791,0.23729485408278791,0.68791919610219587,-0.37408389547217219,0.37408389547217219,-0.13678904138938427
920,3984,0.96193077534349858,-0.038812790008003285,0.038812790008003285,0.96797814646865055,-0.032545767922538715,0.032545767922538715,0.00626702208546457
921,527,0.99662916134483803,-0.0033765327312569632,0.0033765327312569632,0.99742807220076157,-0.0025752408874423214,0.0025752408874423214,0.00080129184381464184
922,264,0.45024594824068398,-0.79796129387675863,0.79796129387675863,0.55249135461742915,-0.59331749346391605,0.59331749346391605,0.20464380041284258
923,6727,0.69462937149958359,-0.36437685407871817,0.36437685407871817,0.75141680444337444,-0.2857947819143094,0.2857947819143094,0.078582072164408767
924,315,0.99992449093296165,-7.5511917991426909e-05,7.5511917991426909e-05,0.99993979178766967,-6.0210024917498337e-05,6.0210024917498337e-05,1.5301893073928572e-05
925,8336,0.40400641736632337,-0.90632451657703805,0.90632451657703805,0.43501174944826909,-0.83238223803231659,0.83238223803231659,0.073942278544721463
926,430,0.70898024833256712,-0.34392761132527577,0.34392761132527577,0.72838693072042837,-0.3169228737382675,0.3169228737382675,0.027004737587008276
927,649,0.57323357796757135,-0.55646200489812425,0.55646200489812425,0.51746583512012623,-0.65881177511351263,0.65881177511351263,-0.10234977021538838
928,387,0.9976481589171321,-0.0023546110049039153,0.0023546110049039153,0.99843825697425992,-0.0015629638175869761,0.0015629638175869761,0.00079164718731693923
929,1511,0.99793789576488834,-0.0020642332994551889,0.0020642332994551889,0.99833608572350818,-0.0016653001193474288,0.0016653001193474288,0.00039893318010776006
930,311,0.70996335188663251,-0.34254192734006333,0.34254192734006333,0.78150712297222091,-0.2465310146743358,0.2465310146743358,0.096010912665727532
931,4726,0.61999673402806943,-0.47804106865353646,0.47804106865353646,0.6214756679370711,-0.47565851934150488,0.47565851934150488,0.0023825493120315788
932,3495,0.87882296041273278,-0.12917181180714554,0.12917181180714554,0.88503768071050914,-0.1221250578065638,0.1221250578065638,0.0070467540005817453
933,279,0.80432683713287645,-0.21774957856067753,0.21774957856067753,0.86667006973503147,-0.14309691703103852,0.14309691703103852,0.074652661529639008
934,3925,0.99133290303834132,-0.0087048746870583022,0.0087048746870583022,0.99444392475140053,-0.0055715676459489917,0.0055715676459489917,0.0031333070411093105
935,315,0.99989782165901342,-0.00010218356154886206,0.00010218356154886206,0.99993349009282761,-6.6512119054297145e-05,6.6512119054297145e-05,3.567144249456492e-05
936,57664,0.99999850496504505,-1.495036072479858e-06,1.495036072479858e-06,0.99999868511580459,-1.3148850599021674e-06,1.3148850599021674e-06,1.8015101257769061e-07
937,13,0.99931828540083212,-0.00068194707222480548,0.00068194707222480548,0.99944273453116783,-0.00055742079894296722,0.00055742079894296722,0.00012452627328183826
938,2435,0.87328182143047528,-0.13549695572955092,0.13549695572955092,0.80712784996121745,-0.21427319703821832,0.21427319703821832,-0.078776241308667394
939,527,0.87292120893778236,-0.13590998043692801,0.13590998043692801,0.83231524987669692,-0.18354400382591829,0.18354400382591829,-0.047634023388990282
940,539,0.88914869437008048,-0.11749079719586179,0.11749079719586179,0.87464453000758624,-0.13393772658688827,0.13393772658688827,-0.016446929391026474
941,459,0.67055416507668331,-0.3996507964110535,0.3996507964110535,0.69509644682910787,-0.36370467062936329,0.36370467062936329,0.035946125781690208
942,73603,0.99997471368229807,-2.5286637406300364e-05,2.5286637406300364e-05,0.99997796097149139,-2.2039271371544777e-05,2.2039271371544777e-05,3.2473660347555871e-06
943,1160,0.99999595668538754,-4.0433227866938591e-06,4.0433227866938591e-06,0.99999706080289896,-2.9392014204479663e-06,2.9392014204479663e-06,1.1041213662458928e-06
944,323,0.51773184173522668,-0.65829785081305758,0.65829785081305758,0.54645621974276026,-0.60430108483481615,0.60430108483481615,0.053996765978241434
945,527,0.89841915798209437,-0.10711855122817349,0.10711855122817349,0.88736861057129623,-0.11949481301893253,0.11949481301893253,-0.012376261790759041
946,10825,0.56543440817263346,-0.57016097923786069,0.57016097923786069,0.56427494031794545,-0.57221366343199687,0.57221366343199687,-0.0020526841941361784
947,311,0.99932329672188414,-0.00067693234512523383,0.00067693234512523383,0.99956702691195309,-0.00043306684795899487,0.00043306684795899487,0.00024386549716623896
948,3493,0.95492673584298471,-0.046120657839040367,0.046120657839040367,0.96918678122087065,-0.03129792898866722,0.03129792898866722,0.014822728850373147
949,264,0.99797955585745513,-0.0020224879932662873,0.0020224879932662873,0.99882433683769822,-0.0011763547963763138,0.0011763547963763138,0.00084613319688997351
950,6041,0.99938719717507274,-0.00061299066532168479,0.00061299066532168479,0.9993533098245817,-0.00064689936970395315,0.00064689936970395315,-3.3908704382268362e-05
951,1486,0.99999816336141545,-1.8366402712282713e-06,1.8366402712282713e-06,0.99999770297604773,-2.2970265904363764e-06,2.2970265904363764e-06,-4.6038631920810509e-07
952,369,0.99999989270111156,-1.0729889423075826e-07,1.0729889423075826e-07,0.99999987678744928,-1.2321255833717623e-07,1.2321255833717623e-07,-1.5913664106417969e-08
953,4726,0.98698131381465515,-0.013104172033187764,0.013104172033187764,0.9889177081664392,-0.011144157933119157,0.011144157933119157,0.0019600141000686074
954,3495,0.4654146624541598,-0.76482652355186165,0.76482652355186165,0.44678570408885376,-0.80567620851909383,0.80567620851909383,-0.04084968496723218
955,13,0.99762389789057671,-0.0023789295197388658,0.0023789295197388658,0.99803601856914492,-0.0019659125712823667,0.0019659125712823667,0.00041301694845649909
956,4815,0.16287973955224258,-1.81474314463745,1.81474314463745,0.11016713901186558,-2.2057566208167239,2.2057566208167239,-0.39101347617927384
957,2028,0.15741502971044555,-1.8488694601975793,1.8488694601975793,0.17623733732137536,-1.7359236848558379,1.7359236848558379,0.11294577534174133
958,2077,0.49507383813815442,-0.70304835958201251,0.70304835958201251,0.38193316435986646,-0.96250964809199624,0.96250964809199624,-0.25946128850998373
959,374,0.51024414083182856,-0.67286596029426404,0.67286596029426404,0.48272133598596639,-0.72831573595430443,0.72831573595430443,-0.05544977566004039
960,3196,0.74278037167361288,-0.29735487463246191,0.29735487463246191,0.79696906186831784,-0.22693941917834554,0.22693941917834554,0.070415455454116371
961,389,0.99854653789653369,-0.0014545194041312237,0.0014545194041312237,0.99866259906849997,-0.0013382960503033339,0.0013382960503033339,0.00011622335382788988
962,279,0.77830648007963421,-0.25063489911077119,0.25063489911077119,0.8240845360958059,-0.19348216198562151,0.19348216198562151,0.057152737125149677
963,3984,0.30569509795832805,-1.1851670856789878,1.1851670856789878,0.45218209038737728,-0.79367032543479965,0.79367032543479965,0.39149676024418811
964,1495,0.90687750487080077,-0.097747893257022905,0.097747893257022905,0.9386769102522915,-0.06328393752103717,0.06328393752103717,0.034463955735985735
965,323,0.91933827872198814,-0.084101129990958923,0.084101129990958923,0.93940448454615022,-0.062509131559727801,0.062509131559727801,0.021591998431231121
966,1587,0.52548583207025379,-0.64343204988442604,0.64343204988442604,0.48245031569521879,-0.72887733615754025,0.72887733615754025,-0.085445286273114207
967,539,0.99998153774473186,-1.8462425697623758e-05,1.8462425697623758e-05,0.9999747092043012,-2.529111551640026e-05,2.529111551640026e-05,-6.8286898187765018e-06
968,2997,0.75064939294218658,-0.28681658983368635,0.28681658983368635,0.81013248605218613,-0.21055748166323585,0.21055748166323585,0.076259108170450507
969,904,0.82445790228819815,-0.19302919675999819,0.19302919675999819,0.7976417449091483,-0.2260957235532137,0.2260957235532137,-0.033066526793215506
970,5217,0.45329775423797408,-0.7912060752987109,0.7912060752987109,0.47171003460389693,-0.75139081564302557,0.75139081564302557,0.039815259655685331
971,2038,0.91124935502681648,-0.092938703449021484,0.092938703449021484,0.90076107532781746,-0.10451523375612297,0.10451523375612297,-0.011576530307101485
972,477,0.65263932661367874,-0.42673063520172894,0.42673063520172894,0.69352795169346759,-0.36596373478574723,0.36596373478574723,0.060766900415981706
973,8336,0.17782169195024877,-1.7269739613740649,1.7269739613740649,0.22116789350100813,-1.5088331667900925,1.5088331667900925,0.2181407945839724
974,430,0.44093269068052865,-0.81886304402659682,0.81886304402659682,0.41426351162801267,-0.88125300612105928,0.88125300612105928,-0.062389962094462459
975,1253,0.89003319687005189,-0.11649651709758295,0.11649651709758295,0.91326801626022847,-0.090725885868998976,0.090725885868998976,0.025770631228583973
976,387,0.65814108731364507,-0.41833595223136677,0.41833595223136677,0.69058387026156975,-0.37021785042183919,0.37021785042183919,0.04811810180952758
977,2561,0.75893338612912153,-0.27584127074888271,0.27584127074888271,0.82853069574852067,-0.18810139301485651,0.18810139301485651,0.087739877734026195
978,13,0.92552559666512824,-0.077393490230421941,0.077393490230421941,0.93502997639243113,-0.067176689894610356,0.067176689894610356,0.010216800335811585
979,1442,0.53716057522008631,-0.62145820641545346,0.62145820641545346,0.45769304079292567,-0.78155653617283849,0.78155653617283849,-0.16009832975738503
980,499,0.9974923533197233,-0.0025107960923901372,0.0025107960923901372,0.99858130246784904,-0.0014197048363142086,0.0014197048363142086,0.0010910912560759287
981,617,0.54793736097654178,-0.60159430335474406,0.60159430335474406,0.67208547399158813,-0.39736975310752387,0.39736975310752387,0.20422455024722019
982,904,0.99842289364793069,-0.0015783512934009097,0.0015783512934009097,0.99904084049823427,-0.00095961978959042808,0.00095961978959042808,0.00061873150381048158
983,3230,0.87250280313396411,-0.13638941214972536,0.13638941214972536,0.86658408321585223,-0.14319613677801374,0.14319613677801374,-0.0068067246282883798
984,4860,0.99735621211194181,-0.002647288867182246,0.002647288867182246,0.99810676083592276,-0.0018950336065736567,0.0018950336065736567,0.00075225526060858925
985,477,0.99827484555795254,-0.001726644234633359,0.001726644234633359,0.99922411232374309,-0.00077618883288592226,0.00077618883288592226,0.00095045540174743676
986,1053,0.4311877402843155,-0.84121169141418084,0.84121169141418084,0.44941031091222106,-0.79981897576420269,0.79981897576420269,0.041392715649978151
987,1093,0.99999895166855002,-1.0483319994916545e-06,1.0483319994916545e-06,0.99999901874560526,-9.8125487620421227e-07,9.8125487620421227e-07,6.7077123287442201e-08
988,4726,0.47543291635152585,-0.74352948717757006,0.74352948717757006,0.55582226881680152,-0.58730669623526743,0.58730669623526743,0.15622279094230263
989,64784,0.83833643496835586,-0.17633578535980493,0.17633578535980493,0.88292468500054666,-0.12451537646607248,0.12451537646607248,0.051820408893732448
990,389,0.9058196426502706,-0.098915062678643348,0.098915062678643348,0.92407087341731076,-0.078966507449377304,0.078966507449377304,0.019948555229266043
991,904,0.99757002229328262,-0.002432934894115927,0.002432934894115927,0.99829748108038796,-0.0017039698520082418,0.0017039698520082418,0.00072896504210768522
992,315,0.74880116777343775,-0.28928179429347806,0.28928179429347806,0.76729394002182238,-0.26488531762480189,0.26488531762480189,0.02439647666867617
993,279,0.99999548947803796,-4.5105321345248548e-06,4.5105321345248548e-06,0.9999978775953724,-2.1224068799143169e-06,2.1224068799143169e-06,2.3881252546105379e-06
994,3585,0.99068526815709246,-0.0093583852488785917,0.0093583852488785917,0.99146231025295251,-0.0085743446011195979,0.0085743446011195979,0.00078404064775899375
995,9932,0.91540476081356914,-0.088388949974754827,0.088388949974754827,0.91170528208419999,-0.092438496743261142,0.092438496743261142,-0.0040495467685063152
996,11,0.97503608976773837,-0.025280793522935177,0.025280793522935177,0.97907995103910983,-0.021141973760466549,0.021141973760466549,0.0041388197624686283
997,4587,0.9085310159660247,-0.095926251975192389,0.095926251975192389,0.93642815788518396,-0.065682473457400178,0.065682473457400178,0.030243778517792211
998,1095,0.88122486120596732,-0.12644245155364189,0.12644245155364189,0.87730989471870746,-0.1308949913080649,0.1308949913080649,-0.0044525397544230016
999,757,0.9999980248848126,-1.9751171379590905e-06,1.9751171379590905e-06,0.99999813702927376,-1.8629724615746769e-06,1.8629724615746769e-06,1.1214467638441364e-07
1000,1440,0.99997693565634838,-2.3064609637711225e-05,2.3064609637711225e-05,0.99997766738963012,-2.233285974630245e-05,2.233285974630245e-05,7.3174989140877551e-07
1001,13,0.66655484313412983,-0.40563285747610817,0.40563285747610817,0.75445929136587253,-0.28175395668195119,0.28175395668195119,0.12387890079415698
1002,4815,0.392049111244823,-0.93636816325121908,0.93636816325121908,0.35075672655462803,-1.0476623825508735,1.0476623825508735,-0.11129421929965444
1003,13699,0.44348066048396972,-0.81310108475833731,0.81310108475833731,0.43408405575498915,-0.83451708677985925,0.83451708677985925,-0.02141600202152194
1004,11,0.98716823622381833,-0.012914801972831269,0.012914801972831269,0.98323418122099071,-0.016907956056954894,0.016907956056954894,-0.0039931540841236252
1005,4587,0.72801814002478582,-0.31742931347942571,0.31742931347942571,0.71393044647718218,-0.33696973528509849,0.33696973528509849,-0.019540421805672781
1006,5296,0.99151598701254473,-0.0085202070851625004,0.0085202070851625004,0.99294299785902018,-0.0070820205533964299,0.0070820205533964299,0.0014381865317660706
1007,430,0.99998554550768448,-1.4454596782644836e-05,1.4454596782644836e-05,0.99997309289532721,-2.6907466675401991e-05,2.6907466675401991e-05,-1.2452869892757155e-05
1008,279,0.91194171026948223,-0.092179205128603087,0.092179205128603087,0.91031582237196773,-0.093963682130169937,0.093963682130169937,-0.0017844770015668504
1009,1495,0.2978512817891934,-1.2111609714445051,1.2111609714445051,0.25146216638374697,-1.3804627326321219,1.3804627326321219,-0.16930176118761686
1010,3984,0.36444627596361073,-1.0093761294428873,1.0093761294428873,0.36515453062032144,-1.0074346434335735,1.0074346434335735,0.0019414860093138753
1011,374,0.50907405812285822,-0.67516177572090208,0.67516177572090208,0.50370711849476479,-0.68576029392069593,0.68576029392069593,-0.010598518199793849
1012,264,0.82450694664045865,-0.19296971174149485,0.19296971174149485,0.87893206369461307,-0.12904767245834653,0.12904767245834653,0.063922039283148324
1013,4689,0.35874276800788207,-1.0251496709745453,1.0251496709745453,0.37635241347877735,-0.97722930466503777,0.97722930466503777,0.047920366309507578
1014,24131,0.8466346497902929,-0.16648602356099299,0.16648602356099299,0.85597833409269652,-0.15551021380008778,0.15551021380008778,0.010975809760905203
1015,315,0.99835096452039096,-0.0016503966352173014,0.0016503966352173014,0.99931745547366946,-0.00068277756589175682,0.00068277756589175682,0.00096761906932554462
1016,279,0.94388474784187337,-0.057751209440681239,0.057751209440681239,0.95113489674644658,-0.050099379233819165,0.050099379233819165,0.0076518302068620744
1017,3925,0.99963938091318927,-0.00036068412551019854,0.00036068412551019854,0.99969553207773021,-0.00030451428203786613,0.00030451428203786613,5.6169843472332409e-05
1018,315,0.99999664382634157,-3.3561792904446086e-06,3.3561792904446086e-06,0.99999691700720406,-3.0829975483436836e-06,3.0829975483436836e-06,2.7318174210092507e-07
1019,57664,0.99998826736682367,-1.1732702004244657e-05,1.1732702004244657e-05,0.99999332708174915,-6.6729405148914491e-06,6.6729405148914491e-06,5.0597614893532083e-06
1020,323,0.72711195212033231,-0.31867482139173103,0.31867482139173103,0.69198315453445214,-0.36819366681907312,0.36819366681907312,-0.049518845427342084
1021,1253,0.94583984423622114,-0.055682022110303375,0.055682022110303375,0.95202513397221478,-0.049163843307960066,0.049163843307960066,0.0065181788023433093
1022,539,0.99598578655964076,-0.0040222920218127567,0.0040222920218127567,0.99205145754671709,-0.0079803005156646838,0.0079803005156646838,-0.0039580084938519271
1023,387,0.51611733596849985,-0.66142114406317365,0.66142114406317365,0.53995979967463903,-0.61626058724195176,0.61626058724195176,0.045160556821221887
