token_index,token_id,probability,logprob,nll,reference_probability,reference_logprob,reference_nll,nll_drift
0,1692,0.68149109085317183,-0.38347210078034449,0.38347210078034449,0.68149109085317183,-0.38347210078034449,0.38347210078034449,0
1,10746,0.99985389912084421,-0.00014611155292883736,0.00014611155292883736,0.99985389912084421,-0.00014611155292883736,0.00014611155292883736,0
2,374,0.50814011649621138,-0.67699804956053178,0.67699804956053178,0.50814011649621138,-0.67699804956053178,0.67699804956053178,0
3,279,0.83926685128786027,-0.17522656433893147,0.17522656433893147,0.83926685128786027,-0.17522656433893147,0.17522656433893147,0
4,6864,0.99994012703615798,-5.9874756299444874e-05,5.9874756299444874e-05,0.99994012703615798,-5.9874756299444874e-05,5.9874756299444874e-05,0
5,3363,0.9987246464428241,-0.0012761675126514503,0.0012761675126514503,0.9987246464428241,-0.0012761675126514503,0.0012761675126514503,0
6,315,0.99998608375436393,-1.3916342467966598e-05,1.3916342467966598e-05,0.99998608375436393,-1.3916342467966598e-05,1.3916342467966598e-05,0
7,279,0.99999220844905534,-7.7915812989809359e-06,7.7915812989809359e-06,0.99999220844905534,-7.7915812989809359e-06,7.7915812989809359e-06,0
8,26363,0.99999554125235379,-4.4587575864749598e-06,4.4587575864749598e-06,0.99999554125235379,-4.4587575864749598e-06,4.4587575864749598e-06,0
9,11,0.96319633101754754,-0.037498013594358275,0.037498013594358275,0.96319633101754754,-0.037498013594358275,0.037498013594358275,0
10,18538,0.99551855869077777,-0.0044915130692582449,0.0044915130692582449,0.99551855869077777,-0.0044915130692582449,0.0044915130692582449,0
11,389,0.96700646786862032,-0.033550094959049585,0.033550094959049585,0.96700646786862032,-0.033550094959049585,0.033550094959049585,0
12,5651,0.99998789945358968,-1.2100619622511085e-05,1.2100619622511085e-05,0.99998789945358968,-1.2100619622511085e-05,1.2100619622511085e-05,0
13,220,0.99999814364137241,-1.8563603505776721e-06,1.8563603505776721e-06,0.99999814364137241,-1.8563603505776721e-06,1.8563603505776721e-06,0
14,1187,0.99999090167715687,-9.0983642331120143e-06,9.0983642331120143e-06,0.99999090167715687,-9.0983642331120143e-06,9.0983642331120143e-06,0
15,11,0.99999655320736125,-3.4467985789189908e-06,3.4467985789189908e-06,0.99999655320736125,-3.4467985789189908e-06,3.4467985789189908e-06,0
16,220,0.99999347698287766,-6.5230383973529513e-06,6.5230383973529513e-06,0.99999347698287766,-6.5230383973529513e-06,6.5230383973529513e-06,0
17,10895,0.9999998661034234,-1.338965855144515e-07,1.338965855144515e-07,0.9999998661034234,-1.338965855144515e-07,1.338965855144515e-07,0
18,16,0.99999975651087381,-2.4348915583729612e-07,2.4348915583729612e-07,0.99999975651087381,-2.4348915583729612e-07,2.4348915583729612e-07,0
19,11,0.96607675751152278,-0.0345119888046687,0.0345119888046687,0.96607675751152278,-0.0345119888046687,0.0345119888046687,0
20,555,0.99999201625182943,-7.9837800409039749e-06,7.9837800409039749e-06,0.99999201625182943,-7.9837800409039749e-06,7.9837800409039749e-06,0
21,15506,0.99976594028929278,-0.00023408710695630377,0.00023408710695630377,0.99976594028929278,-0.00023408710695630377,0.00023408710695630377,0
22,39879,0.99928380646989823,-0.00071645011920704906,0.00071645011920704906,0.99928380646989823,-0.00071645011920704906,0.00071645011920704906,0
23,380,0.99999879715361883,-1.2028471045870782e-06,1.2028471045870782e-06,0.99999879715361883,-1.2028471045870782e-06,1.2028471045870782e-06,0
24,5477,0.99998486614941184,-1.5133965106028905e-05,1.5133965106028905e-05,0.99998486614941184,-1.5133965106028905e-05,1.5133965106028905e-05,0
25,46991,0.99999485769317487,-5.1423200467870181e-06,5.1423200467870181e-06,0.99999485769317487,-5.1423200467870181e-06,5.1423200467870181e-06,0
26,92075,0.9998823555709393,-0.00011765134970935153,0.00011765134970935153,0.9998823555709393,-0.00011765134970935153,0.00011765134970935153,0
27,409,0.99999789048574306,-2.1095164820182148e-06,2.1095164820182148e-06,0.99999789048574306,-2.1095164820182148e-06,2.1095164820182148e-06,0
28,7765,0.99999384247121048,-6.1575477472313251e-06,6.1575477472313251e-06,0.99999384247121048,-6.1575477472313251e-06,6.1575477472313251e-06,0
29,1394,0.99995547767487414,-4.4523316274053822e-05,4.4523316274053822e-05,0.99995547767487414,-4.4523316274053822e-05,4.4523316274053822e-05,0
30,2554,0.99999874738452255,-1.2526162620080453e-06,1.2526162620080453e-06,0.99999874738452255,-1.2526162620080453e-06,1.2526162620080453e-06,0
31,13,0.99980762272795165,-0.0001923957789292828,0.0001923957789292828,0.99980762272795165,-0.0001923957789292828,0.0001923957789292828,0
32,1102,0.99505394308990203,-0.004958329132373227,0.004958329132373227,0.99505394308990203,-0.004958329132373227,0.004958329132373227,0
33,374,0.99646411101826515,-0.0035421550121996497,0.0035421550121996497,0.99646411101826515,-0.0035421550121996497,0.0035421550121996497,0
34,832,0.99967575220989358,-0.0003243003697873479,0.0003243003697873479,0.99967575220989358,-0.0003243003697873479,0.0003243003697873479,0
35,315,0.99999755513706401,-2.4448659246333889e-06,2.4448659246333889e-06,0.99999755513706401,-2.4448659246333889e-06,2.4448659246333889e-06,0
36,279,0.99999900993940416,-9.9006108594543957e-07,9.9006108594543957e-07,0.99999900993940416,-9.9006108594543957e-07,9.9006108594543957e-07,0
37,24417,0.99999200145571732,-7.9985762712549958e-06,7.9985762712549958e-06,0.99999200145571732,-7.9985762712549958e-06,7.9985762712549958e-06,0
38,9919,0.99999283106313963,-7.1689625572955873e-06,7.1689625572955873e-06,0.99999283106313963,-7.1689625572955873e-06,7.1689625572955873e-06,0
39,304,0.99999910299486305,-8.970055392151644e-07,8.970055392151644e-07,0.99999910299486305,-8.970055392151644e-07,8.970055392151644e-07,0
40,279,0.99999884163322839,-1.1583674425219058e-06,1.1583674425219058e-06,0.99999884163322839,-1.1583674425219058e-06,1.1583674425219058e-06,0
41,3224,0.99951496816769669,-0.00048514949829188918,0.00048514949829188918,0.99951496816769669,-0.00048514949829188918,0.00048514949829188918,0
42,323,0.99856947402100549,-0.001431550158142611,0.001431550158142611,0.99856947402100549,-0.001431550158142611,0.001431550158142611,0
43,574,0.999056279248551,-0.00094416633623781903,0.00094416633623781903,0.999056279248551,-0.00094416633623781903,0.00094416633623781903,0
44,279,0.99992843888490712,-7.1563675711621455e-05,7.1563675711621455e-05,0.99992843888490712,-7.1563675711621455e-05,7.1563675711621455e-05,0
45,10954,0.9999937306625849,-6.2693570675316367e-06,6.2693570675316367e-06,0.9999937306625849,-6.2693570675316367e-06,6.2693570675316367e-06,0
46,315,0.99999913041087185,-8.6958950622944381e-07,8.6958950622944381e-07,0.99999913041087185,-8.6958950622944381e-07,8.6958950622944381e-07,0
47,2410,0.99999600042015102,-3.9995878472652309e-06,3.9995878472652309e-06,0.99999600042015102,-3.9995878472652309e-06,3.9995878472652309e-06,0
48,369,0.99999259392467632,-7.4061027487791368e-06,7.4061027487791368e-06,0.99999259392467632,-7.4061027487791368e-06,7.4061027487791368e-06,0
49,1455,0.99999161138596415,-8.3886492205197647e-06,8.3886492205197647e-06,0.99999161138596415,-8.3886492205197647e-06,8.3886492205197647e-06,0
50,315,0.9999961122690556,-3.8877385015964296e-06,3.8877385015964296e-06,0.9999961122690556,-3.8877385015964296e-06,3.8877385015964296e-06,0
51,279,0.99999312430198972,-6.8757216479665547e-06,6.8757216479665547e-06,0.99999312430198972,-6.8757216479665547e-06,6.8757216479665547e-06,0
52,37683,0.99993138308055241,-6.8619273696110915e-05,6.8619273696110915e-05,0.99993138308055241,-6.8619273696110915e-05,6.8619273696110915e-05,0
53,5718,0.99335221470551827,-0.0066699802386444617,0.0066699802386444617,0.99335221470551827,-0.0066699802386444617,0.0066699802386444617,0
54,315,0.99995432865764533,-4.5672385322132998e-05,4.5672385322132998e-05,0.99995432865764533,-4.5672385322132998e-05,4.5672385322132998e-05,0
55,279,0.99999796000826557,-2.0399938151972262e-06,2.0399938151972262e-06,0.99999796000826557,-2.0399938151972262e-06,2.0399938151972262e-06,0
56,26363,0.9999890332526733,-1.0966807461953225e-05,1.0966807461953225e-05,0.9999890332526733,-1.0966807461953225e-05,1.0966807461953225e-05,0
57,13,0.97493779411252801,-0.02538161092988225,0.02538161092988225,0.97493779411252801,-0.02538161092988225,0.02538161092988225,0
58,57664,0.83436845869737919,-0.18108017718769442,0.18108017718769442,0.83436845869737919,-0.18108017718769442,0.18108017718769442,0
59,374,0.99643698144057335,-0.0035693812280877544,0.0035693812280877544,0.99643698144057335,-0.0035693812280877544,0.0035693812280877544,0
60,31183,0.92415651400037835,-0.07887383423858961,0.07887383423858961,0.92415651400037835,-0.07887383423858961,0.07887383423858961,0
61,389,0.99999514120519928,-4.858806604706222e-06,4.858806604706222e-06,0.99999514120519928,-4.858806604706222e-06,4.858806604706222e-06,0
62,279,0.9999989331949023,-1.066805666756992e-06,1.066805666756992e-06,0.9999989331949023,-1.066805666756992e-06,1.066805666756992e-06,0
63,24024,0.99997427630223246,-2.5724028627556244e-05,2.5724028627556244e-05,0.99997427630223246,-2.5724028627556244e-05,2.5724028627556244e-05,0
64,31284,0.99999430806484124,-5.6919513578784938e-06,5.6919513578784938e-06,0.99999430806484124,-5.6919513578784938e-06,5.6919513578784938e-06,0
65,315,0.99999935403646911,-6.459637394747192e-07,6.459637394747192e-07,0.99999935403646911,-6.459637394747192e-07,6.459637394747192e-07,0
66,57664,0.99999626617180115,-3.7338351695919957e-06,3.7338351695919957e-06,0.99999626617180115,-3.7338351695919957e-06,3.7338351695919957e-06,0
67,9332,0.99999745741509438,-2.5425881379558967e-06,2.5425881379558967e-06,0.99999745741509438,-2.5425881379558967e-06,2.5425881379558967e-06,0
68,323,0.99993006497681269,-6.9937468755040377e-05,6.9937468755040377e-05,0.99993006497681269,-6.9937468755040377e-05,6.9937468755040377e-05,0
69,5727,0.99990166250830426,-9.8342327143845367e-05,9.8342327143845367e-05,0.99990166250830426,-9.8342327143845367e-05,9.8342327143845367e-05,0
70,264,0.99994760669459115,-5.2394677986023226e-05,5.2394677986023226e-05,0.99994760669459115,-5.2394677986023226e-05,5.2394677986023226e-05,0
71,49068,0.99993169701748985,-6.8305315265102521e-05,6.8305315265102521e-05,0.99993169701748985,-6.8305315265102521e-05,6.8305315265102521e-05,0
72,315,0.99999660900313925,-3.3910026102096984e-06,3.3910026102096984e-06,0.99999660900313925,-3.3910026102096984e-06,3.3910026102096984e-06,0
73,61024,0.99991689118314064,-8.3112270588471551e-05,8.3112270588471551e-05,0.99991689118314064,-8.3112270588471551e-05,8.3112270588471551e-05,0
74,11,0.99993598225131797,-6.4019797905550495e-05,6.4019797905550495e-05,0.99993598225131797,-6.4019797905550495e-05,6.4019797905550495e-05,0
75,1063,0.99987818704508968,-0.00012182037471088589,0.00012182037471088589,0.99987818704508968,-0.00012182037471088589,0.00012182037471088589,0
76,315,0.99997988213523137,-2.0118067135539613e-05,2.0118067135539613e-05,0.99997988213523137,-2.0118067135539613e-05,2.0118067135539613e-05,0
77,902,0.99999773597905584,-2.2640235070504185e-06,2.2640235070504185e-06,0.99999773597905584,-2.2640235070504185e-06,2.2640235070504185e-06,0
78,2457,0.99999712631558979,-2.8736885392235567e-06,2.8736885392235567e-06,0.99999712631558979,-2.8736885392235567e-06,2.8736885392235567e-06,0
79,1203,0.99999933039187783,-6.6960834640378781e-07,6.6960834640378781e-07,0.99999933039187783,-6.6960834640378781e-07,6.6960834640378781e-07,0
80,311,0.99999938345851325,-6.1654167683166875e-07,6.1654167683166875e-07,0.99999938345851325,-6.1654167683166875e-07,6.1654167683166875e-07,0
81,279,0.99999837506555822,-1.6249357620141688e-06,1.6249357620141688e-06,0.99999837506555822,-1.6249357620141688e-06,1.6249357620141688e-06,0
82,220,0.99999767832620523,-2.3216764898093894e-06,2.3216764898093894e-06,0.99999767832620523,-2.3216764898093894e-06,2.3216764898093894e-06,0
83,845,0.99999673422889934,-3.2657764332506465e-06,3.2657764332506465e-06,0.99999673422889934,-3.2657764332506465e-06,3.2657764332506465e-06,0
84,339,0.99999777640470755,-2.223597764632763e-06,2.223597764632763e-06,0.99999777640470755,-2.223597764632763e-06,2.223597764632763e-06,0
85,9478,0.99998456997545859,-1.5430143585455608e-05,1.5430143585455608e-05,0.99998456997545859,-1.5430143585455608e-05,1.5430143585455608e-05,0
86,11,0.99725328471624231,-0.002750494427924347,0.002750494427924347,0.99725328471624231,-0.002750494427924347,0.002750494427924347,0
87,1778,0.99999116939484733,-8.8306441427015635e-06,8.8306441427015635e-06,0.99999116939484733,-8.8306441427015635e-06,8.8306441427015635e-06,0
88,439,0.99999971888100814,-2.8111903139670396e-07,2.8111903139670396e-07,0.99999971888100814,-2.8111903139670396e-07,2.8111903139670396e-07,0
89,279,0.99999795679145453,-2.0432106327701526e-06,2.0432106327701526e-06,0.99999795679145453,-2.0432106327701526e-06,2.0432106327701526e-06,0
90,15506,0.99988904970266468,-0.00011095645277483513,0.00011095645277483513,0.99988904970266468,-0.00011095645277483513,0.00011095645277483513,0
91,37683,0.999933039008989,-6.6963232998224083e-05,6.6963232998224083e-05,0.999933039008989,-6.6963232998224083e-05,6.6963232998224083e-05,0
92,11639,0.99441824388626687,-0.0055973923265528278,0.0055973923265528278,0.99441824388626687,-0.0055973923265528278,0.0055973923265528278,0
93,468,0.9999924653298895,-7.5346984962847993e-06,7.5346984962847993e-06,0.9999924653298895,-7.5346984962847993e-06,7.5346984962847993e-06,0
94,4841,0.99999783867997738,-2.1613223582245645e-06,2.1613223582245645e-06,0.99999783867997738,-2.1613223582245645e-06,2.1613223582245645e-06,0
95,4409,0.99999806626629961,-1.9337355700620776e-06,1.9337355700620776e-06,0.99999806626629961,-1.9337355700620776e-06,1.9337355700620776e-06,0
96,315,0.99999957750817314,-4.224919161310813e-07,4.224919161310813e-07,0.99999957750817314,-4.224919161310813e-07,4.224919161310813e-07,0
97,61894,0.99999719149940103,-2.8085045428098999e-06,2.8085045428098999e-06,0.99999719149940103,-2.8085045428098999e-06,2.8085045428098999e-06,0
98,309,0.99999996965314253,-3.0346857899098624e-08,3.0346857899098624e-08,0.99999996965314253,-3.0346857899098624e-08,3.0346857899098624e-08,0
99,44486,0.99973431757124176,-0.00026571772858718907,0.00026571772858718907,0.99973431757124176,-0.00026571772858718907,0.00026571772858718907,0
100,382,0.98371199741624626,-0.016422110323254639,0.016422110323254639,0.98371199741624626,-0.016422110323254639,0.016422110323254639,0
101,1692,0.99490833324573791,-0.0051046734587512424,0.0051046734587512424,0.99490833324573791,-0.0051046734587512424,0.0051046734587512424,0
102,10746,0.99994424012517991,-5.576142945969896e-05,5.576142945969896e-05,0.99994424012517991,-5.576142945969896e-05,5.576142945969896e-05,0
103,374,0.87030507979452654,-0.13891146237212049,0.13891146237212049,0.87030507979452654,-0.13891146237212049,0.13891146237212049,0
104,279,0.99981811933662235,-0.00018189720567140882,0.00018189720567140882,0.99981811933662235,-0.00018189720567140882,0.00018189720567140882,0
105,2132,0.9999939729875239,-6.0270306385637009e-06,6.0270306385637009e-06,0.9999939729875239,-6.0270306385637009e-06,6.0270306385637009e-06,0
106,1455,0.9972823432617175,-0.0027213562715840299,0.0027213562715840299,0.9972823432617175,-0.0027213562715840299,0.0027213562715840299,0
107,95551,0.99997736532828374,-2.2634927884294821e-05,2.2634927884294821e-05,0.99997736532828374,-2.2634927884294821e-05,2.2634927884294821e-05,0
108,3363,0.99999759177312342,-2.408229776377756e-06,2.408229776377756e-06,0.99999759177312342,-2.408229776377756e-06,2.408229776377756e-06,0
109,304,0.99999941581256757,-5.8418760307355346e-07,5.8418760307355346e-07,0.99999941581256757,-5.8418760307355346e-07,5.8418760307355346e-07,0
110,279,0.9999997995501666,-2.0044985349850856e-07,2.0044985349850856e-07,0.9999997995501666,-2.0044985349850856e-07,2.0044985349850856e-07,0
111,26363,0.99998505958716599,-1.4940524443037774e-05,1.4940524443037774e-05,0.99998505958716599,-1.4940524443037774e-05,1.4940524443037774e-05,0
112,1306,0.93672842075389939,-0.065361877865220325,0.065361877865220325,0.93672842075389939,-0.065361877865220325,0.065361877865220325,0
113,279,0.93284567057928514,-0.069515503843360985,0.069515503843360985,0.93284567057928514,-0.069515503843360985,0.069515503843360985,0
114,4846,0.99999939631273949,-6.036874427811032e-07,6.036874427811032e-07,0.99999939631273949,-6.036874427811032e-07,6.036874427811032e-07,0
115,6864,0.99999761444970592,-2.3855531395397658e-06,2.3855531395397658e-06,0.99999761444970592,-2.3855531395397658e-06,2.3855531395397658e-06,0
116,9605,0.99993112317875499,-6.887919336215905e-05,6.887919336215905e-05,0.99993112317875499,-6.887919336215905e-05,6.887919336215905e-05,0
117,52719,0.99999935863133438,-6.4136887128204997e-07,6.4136887128204997e-07,0.99999935863133438,-6.4136887128204997e-07,6.4136887128204997e-07,0
118,4409,0.99999596547345226,-4.0345346864137908e-06,4.0345346864137908e-06,0.99999596547345226,-4.0345346864137908e-06,4.0345346864137908e-06,0
119,11,0.7035581041962049,-0.35160481280887856,0.35160481280887856,0.7035581041962049,-0.35160481280887856,0.35160481280887856,0
120,449,0.99993142270458846,-6.8579646941763678e-05,6.8579646941763678e-05,0.99993142270458846,-6.8579646941763678e-05,6.8579646941763678e-05,0
121,264,0.99996596758192158,-3.4032997194347958e-05,3.4032997194347958e-05,0.99996596758192158,-3.4032997194347958e-05,3.4032997194347958e-05,0
122,7187,0.99999116395671306,-8.8360823249744282e-06,8.8360823249744282e-06,0.99999116395671306,-8.8360823249744282e-06,8.8360823249744282e-06,0
123,315,0.99998796763006037,-1.2032442329137821e-05,1.2032442329137821e-05,0.99998796763006037,-1.2032442329137821e-05,1.2032442329137821e-05,0
124,220,0.99701346839472893,-0.0029910001900499178,0.0029910001900499178,0.99701346839472893,-0.0029910001900499178,0.0029910001900499178,0
125,16,0.99936204098242865,-0.00063816260001480992,0.00063816260001480992,0.99936204098242865,-0.00063816260001480992,0.00063816260001480992,0
126,11,0.98510796972069503,-0.015004029887576372,0.015004029887576372,0.98510796972069503,-0.015004029887576372,0.015004029887576372,0
127,19423,0.99922954926152463,-0.00077074768817878188,0.00077074768817878188,0.99922954926152463,-0.00077074768817878188,0.00077074768817878188,0
128,11,0.99999017681234093,-9.8232359068574005e-06,9.8232359068574005e-06,0.99999017681234093,-9.8232359068574005e-06,9.8232359068574005e-06,0
129,10410,0.99744133478171459,-0.0025619441965343266,0.0025619441965343266,0.99744133478171459,-0.0025619441965343266,0.0025619441965343266,0
130,304,0.9995941166955109,-0.00040596569741294482,0.00040596569741294482,0.9995941166955109,-0.00040596569741294482,0.00040596569741294482,0
131,220,0.99999256744994602,-7.4325776755567804e-06,7.4325776755567804e-06,0.99999256744994602,-7.4325776755567804e-06,7.4325776755567804e-06,0
132,679,0.99999488561271921,-5.1144003592999681e-06,5.1144003592999681e-06,0.99999488561271921,-5.1144003592999681e-06,5.1144003592999681e-06,0
133,20,0.99999495090092638,-5.0491118203270536e-06,5.0491118203270536e-06,0.99999495090092638,-5.0491118203270536e-06,5.0491118203270536e-06,0
134,13,0.99915588811553346,-0.00084446834751389648,0.00084446834751389648,0.99915588811553346,-0.00084446834751389648,0.00084446834751389648,0
135,24586,0.87569518282890368,-0.13273721340673417,0.13273721340673417,0.87569518282890368,-0.13273721340673417,0.13273721340673417,0
136,311,0.99999895470309097,-1.0452974553881386e-06,1.0452974553881386e-06,0.99999895470309097,-1.0452974553881386e-06,1.0452974553881386e-06,0
137,1202,0.99998952068753522,-1.0479367373177248e-05,1.0479367373177248e-05,0.99998952068753522,-1.0479367373177248e-05,1.0479367373177248e-05,0
138,2678,0.99998391746685722,-1.60826624680599e-05,1.60826624680599e-05,0.99998391746685722,-1.60826624680599e-05,1.60826624680599e-05,0
139,4363,0.99999711649051015,-2.8835136472010827e-06,2.8835136472010827e-06,0.99999711649051015,-2.8835136472010827e-06,2.8835136472010827e-06,0
140,3158,0.99999889885638538,-1.1011442208385906e-06,1.1011442208385906e-06,0.99999889885638538,-1.1011442208385906e-06,1.1011442208385906e-06,0
141,323,0.99976991155593276,-0.00023011491847437404,0.00023011491847437404,0.99976991155593276,-0.00023011491847437404,0.00023011491847437404,0
142,6908,0.99935284821792292,-0.00064736127517908324,0.00064736127517908324,0.99935284821792292,-0.00064736127517908324,0.00064736127517908324,0
143,7187,0.99999671891030184,-3.2810950809717066e-06,3.2810950809717066e-06,0.99999670829798193,-3.2917074357289288e-06,3.2917074357289288e-06,-1.0612354757222126e-08
144,11,0.99997326272626952,-2.6737631177751556e-05,2.6737631177751556e-05,0.99997373246708987,-2.6267877907792813e-05,2.6267877907792813e-05,4.6975326995874297e-07
145,57664,0.99992313736774185,-7.6865586341661357e-05,7.6865586341661357e-05,0.99992931831093212,-7.068418713615842e-05,7.068418713615842e-05,6.1813992055029379e-06
146,374,0.99999067068442338,-9.3293590949500762e-06,9.3293590949500762e-06,0.99999069462546697,-9.3054178283415395e-06,9.3054178283415395e-06,2.3941266608536714e-08
147,27458,0.99876226489024766,-0.0012385017365058168,0.0012385017365058168,0.99868101300693657,-0.0013198576220571307,0.0013198576220571307,-8.1355885551313888e-05
148,439,0.99999736131122652,-2.6386922547831522e-06,2.6386922547831522e-06,0.99999744792986689,-2.5520733896918506e-06,2.5520733896918506e-06,8.6618865091301552e-08
149,832,0.9999994788607609,-5.211393748632067e-07,5.211393748632067e-07,0.99999950576764784,-4.9423247427124221e-07,4.9423247427124221e-07,2.6906900591964485e-08
150,315,0.99999775198294671,-2.2480195801119763e-06,2.2480195801119763e-06,0.99999793050259655,-2.0694995448258769e-06,2.0694995448258769e-06,1.7852003528609936e-07
151,279,0.99999899824983618,-1.0017506655986515e-06,1.0017506655986515e-06,0.99999909223965355,-9.0776075843951329e-07,9.0776075843951329e-07,9.3989907159138211e-08
152,1455,0.99999826261011204,-1.7373913971659601e-06,1.7373913971659601e-06,0.99999840592920397,-1.5940720665742636e-06,1.5940720665742636e-06,1.4331933059169655e-07
153,97617,0.99999520655275898,-4.7934587296700154e-06,4.7934587296700154e-06,0.99999557643802339,-4.4235717606134258e-06,4.4235717606134258e-06,3.6988696905658953e-07
154,35459,0.99999826891883126,-1.7310826670217105e-06,1.7310826670217105e-06,0.99999833863412324,-1.6613672568135848e-06,1.6613672568135848e-06,6.9715410208125674e-08
155,9919,0.99999582890937555,-4.1710993234857437e-06,4.1710993234857437e-06,0.99999600857282356,-3.9914351422433884e-06,3.9914351422433884e-06,1.7966418124235532e-07
156,304,0.99999922751112902,-7.7248916935650972e-07,7.7248916935650972e-07,0.99999934434629889,-6.556539160465949e-07,6.556539160465949e-07,1.1683525330991482e-07
157,279,0.99999945924636124,-5.4075378498122132e-07,5.4075378498122132e-07,0.99999952526535441,-4.7473475828337632e-07,4.7473475828337632e-07,6.6019026697845e-08
158,1917,0.99999657089662297,-3.4291092564426739e-06,3.4291092564426739e-06,0.99999718405126592,-2.8159526988280284e-06,2.8159526988280284e-06,6.1315655761464541e-07
159,11,0.96705908595579826,-0.033495683062734198,0.033495683062734198,0.96777493666313696,-0.032755722185849358,0.032755722185849358,0.00073996087688484036
160,449,0.99998768527011728,-1.2314805709658748e-05,1.2314805709658748e-05,0.99998896630646006,-1.1033754411575447e-05,1.1033754411575447e-05,1.2810512980833011e-06
161,220,0.99979480073096583,-0.00020522032528472612,0.00020522032528472612,0.99978127190047128,-0.0002187520240082102,0.0002187520240082102,-1.3531698723484077e-05
162,2983,0.99939235103874702,-0.00060783365470603288,0.00060783365470603288,0.99950708776100017,-0.0004930337601720331,0.0004930337601720331,0.00011479989453399978
163,11,0.99999025785825602,-9.7421891990072277e-06,9.7421891990072277e-06,0.99999102684767716,-8.9731925817789679e-06,8.9731925817789679e-06,7.6899661722825979e-07
164,20907,0.99998344909545345,-1.6551041514293781e-05,1.6551041514293781e-05,0.99998548771880102,-1.4512386503092429e-05,1.4512386503092429e-05,2.0386550112013516e-06
165,1274,0.99999358290511153,-6.417115478130413e-06,6.417115478130413e-06,0.99999311099374344,-6.8890299858428175e-06,6.8890299858428175e-06,-4.7191450771240456e-07
166,824,0.99999944700578935,-5.5299436349926211e-07,5.5299436349926211e-07,0.99999944734320023,-5.5265695247570877e-07,5.5265695247570877e-07,3.3741102355333296e-10
167,9518,0.99999852474603601,-1.4752550521704346e-06,1.4752550521704346e-06,0.99999832564401092,-1.6743573907656543e-06,1.6743573907656543e-06,-1.9910233859521973e-07
168,15395,0.99998135851597869,-1.8641657775879947e-05,1.8641657775879947e-05,0.99998023085064258,-1.9769344769671488e-05,1.9769344769671488e-05,-1.1276869937915404e-06
169,21037,0.9999992258247854,-7.7417551422621682e-07,7.7417551422621682e-07,0.9999992961061982,-7.0389404956019769e-07,7.0389404956019769e-07,7.0281464666019129e-08
170,382,0.95279558126964259,-0.048354898578120267,0.048354898578120267,0.94742438723645916,-0.054008147598897056,0.054008147598897056,-0.0056532490207767891
171,1692,0.98515984074320806,-0.014951376108989001,0.014951376108989001,0.97716205250562682,-0.023102773236699022,0.023102773236699022,-0.0081513971277100208
172,10746,0.99995339842724995,-4.6602658637128844e-05,4.6602658637128844e-05,0.99995620110151029,-4.3799857689467366e-05,4.3799857689467366e-05,2.8028009476614775e-06
173,706,0.77983728320906975,-0.24866999233128079,0.24866999233128079,0.95107191972272032,-0.050165593930564002,0.050165593930564002,0.19850439840071679
174,4848,0.75462581882937418,-0.28153325678497043,0.28153325678497043,0.76119866911787437,-0.27286089196173097,0.27286089196173097,0.0086723648232394646
175,18740,0.99999111157989529,-8.8884596069310153e-06,8.8884596069310153e-06,0.99999348391770471,-6.5161035250363692e-06,6.5161035250363692e-06,2.3723560818946461e-06
176,27536,0.99999851230611425,-1.4876949923597309e-06,1.4876949923597309e-06,0.999998716121968,-1.2838788561743438e-06,1.2838788561743438e-06,2.0381613618538708e-07
177,369,0.99998432621254207,-1.5673910293035469e-05,1.5673910293035469e-05,0.99998252334196092,-1.7476810757633518e-05,1.7476810757633518e-05,-1.8029004645980486e-06
178,279,0.99999959641203551,-4.035880459206313e-07,4.035880459206313e-07,0.99999964799284391,-3.5200721803663635e-07,3.5200721803663635e-07,5.1580827883994949e-08
179,4827,0.99998183319186285,-1.8166973155583419e-05,1.8166973155583419e-05,0.99997958146044008,-2.0418748021136643e-05,2.0418748021136643e-05,-2.2517748655532243e-06
180,3838,0.99999459006967473,-5.4099449589717496e-06,5.4099449589717496e-06,0.99999398778134185,-6.012236731589652e-06,6.012236731589652e-06,-6.0229177261790243e-07
181,315,0.99999920435961598,-7.9564070054849014e-07,7.9564070054849014e-07,0.99999923171737504,-7.6828292013949627e-07,7.6828292013949627e-07,2.7357780408993877e-08
182,279,0.99999785412793019,-2.1458743721851625e-06,2.1458743721851625e-06,0.99999791520676673,-2.0847954064948201e-06,2.0847954064948201e-06,6.1078965690342406e-08
183,57281,0.99994401904424324,-5.5982522748896586e-05,5.5982522748896586e-05,0.99994010443887393,-5.9897354936828795e-05,5.9897354936828795e-05,-3.9148321879322091e-06
184,8151,0.99999166702853681,-8.3330061826050935e-06,8.3330061826050935e-06,0.99999229436884507,-7.705660843419688e-06,7.705660843419688e-06,6.273453391854055e-07
185,13,0.49162108545983324,-0.71004701071325826,0.71004701071325826,0.55455845286102579,-0.58958306230835134,0.58958306230835134,0.12046394840490693
186,578,0.81576133780625226,-0.2036334449767267,0.2036334449767267,0.78555783487642561,-0.2413611958919431,0.2413611958919431,-0.037727750915216407
187,3363,0.99999649087420039,-3.5091319566335369e-06,3.5091319566335369e-06,0.99999678576298623,-3.2142421794915754e-06,3.2142421794915754e-06,2.9488977714196145e-07
188,374,0.99997078576656206,-2.9214660181979385e-05,2.9214660181979385e-05,0.99997443434437894,-2.5565982428040632e-05,2.5565982428040632e-05,3.6486777539387526e-06
189,24306,0.99575211185352219,-0.0042569360554246113,0.0042569360554246113,0.99566371722752423,-0.0043457117141948018,0.0043457117141948018,-8.8775658770190446e-05
190,315,0.99999896481717454,-1.0351833612443402e-06,1.0351833612443402e-06,0.99999902881202662,-9.7118844501719585e-07,9.7118844501719585e-07,6.3994916227144297e-08
191,220,0.99997197484646061,-2.8025546251376015e-05,2.8025546251376015e-05,0.99997674478800402,-2.3255482402650961e-05,2.3255482402650961e-05,4.7700638487250539e-06
192,845,0.9999995332690188,-4.6673109010354653e-07,4.6673109010354653e-07,0.99999954631076982,-4.5368933310262312e-07,4.5368933310262312e-07,1.3041757000923409e-08
193,27536,0.99995672544649949,-4.3275489871037562e-05,4.3275489871037562e-05,0.99994694135556539,-5.3060052094309799e-05,5.3060052094309799e-05,-9.7845622232722374e-06
194,11,0.99236328503539162,-0.0076660239841012303,0.0076660239841012303,0.99178019718306265,-0.0082537716690242197,0.0082537716690242197,-0.00058774768492298943
195,32125,0.99868635660234484,-0.0013145069835220414,0.0013145069835220414,0.99833506608498102,-0.0016663214578148777,0.0016663214578148777,-0.00035181447429283633
196,25,0.88460001488847728,-0.12261969671716551,0.12261969671716551,0.83694968388627777,-0.17799132513083998,0.17799132513083998,-0.055371628413674476
197,30444,0.99937315014193473,-0.00062704641058111135,0.00062704641058111135,0.99905871128260304,-0.00094173200781967311,0.00094173200781967311,-0.00031468559723856176
198,36071,0.99999901643077149,-9.835697122511148e-07,9.835697122511148e-07,0.99999893130897199,-1.0686915990409078e-06,1.0686915990409078e-06,-8.5121886789793024e-08
199,11,0.99999673284002188,-3.2671653152752119e-06,3.2671653152752119e-06,0.99999650749157454,-3.4925145243135794e-06,3.4925145243135794e-06,-2.253492090383675e-07
200,9939,0.99997870219532914,-2.1298031472331355e-05,2.1298031472331355e-05,0.99997251882884786,-2.7481548766464151e-05,2.7481548766464151e-05,-6.1835172941327966e-06
201,1800,0.99999947116255383,-5.2883758599816617e-07,5.2883758599816617e-07,0.99999949310037328,-5.0689975514958817e-07,5.0689975514958817e-07,2.1937830848578001e-08
202,64,0.99999992733079224,-7.2669210451051431e-08,7.2669210451051431e-08,0.99999990940821792,-9.0591786188147166e-08,9.0591786188147166e-08,-1.7922575737095735e-08
203,11,0.99999906931324167,-9.3068719143351597e-07,9.3068719143351597e-07,0.99999901788589529,-9.8211458699546198e-07,9.8211458699546198e-07,-5.1427395561946014e-08
204,61894,0.99999683937930306,-3.1606256917224289e-06,3.1606256917224289e-06,0.99999623248518366,-3.767521913425848e-06,3.767521913425848e-06,-6.0689622170341916e-07
205,309,0.99999997630914395,-2.3690856329175407e-08,2.3690856329175407e-08,0.99999997629880821,-2.3701192061200542e-08,2.3701192061200542e-08,-1.0335732025135413e-11
206,44486,0.99999084572110841,-9.1543207922975658e-06,9.1543207922975658e-06,0.99998690590260753,-1.3094183120910136e-05,1.3094183120910136e-05,-3.9398623286125699e-06
207,11,0.99999628668902174,-3.7133178726340191e-06,3.7133178726340191e-06,0.99999619901810388,-3.8009891199041828e-06,3.8009891199041828e-06,-8.7671247270163714e-08
208,8560,0.99999919726271291,-8.0273760926620817e-07,8.0273760926620817e-07,0.99999916212513529,-8.3787521568846683e-07,8.3787521568846683e-07,-3.5137606422258663e-08
209,349,0.99999973035025624,-2.6964978012008707e-07,2.6964978012008707e-07,0.9999997003156883,-2.9968435661148078e-07,2.9968435661148078e-07,-3.0034576491393711e-08
210,11,0.99999562285761423,-4.3771519654778557e-06,4.3771519654778557e-06,0.99999594221418353,-4.0577940493294749e-06,4.0577940493294749e-06,3.1935791614838078e-07
211,12925,0.99999749921746917,-2.5007856577535381e-06,2.5007856577535381e-06,0.99999668282681786,-3.3171786839371255e-06,3.3171786839371255e-06,-8.1639302618358744e-07
212,78,0.99999991803967136,-8.1960332048667986e-08,8.1960332048667986e-08,0.99999989428181857,-1.0571818705632061e-07,1.0571818705632061e-07,-2.3757855007652622e-08
213,11,0.99999456001568399,-5.4399991127413857e-06,5.4399991127413857e-06,0.99999476161008116,-5.2384036392050471e-06,5.2384036392050471e-06,2.0159547353633861e-07
214,34606,0.99999806884482034,-1.9311570443226699e-06,1.9311570443226699e-06,0.99999707454477216,-2.9254595069467487e-06,2.9254595069467487e-06,-9.9430246262407883e-07
215,582,0.99999637624414961,-3.6237624161623885e-06,3.6237624161623885e-06,0.99999601335485921,-3.9866530874712341e-06,3.9866530874712341e-06,-3.6289067130884567e-07
216,276,0.9999998476616937,-1.5233831790308065e-07,1.5233831790308065e-07,0.99999984697536848,-1.5302464323921543e-07,1.5302464323921543e-07,-6.8632533613477935e-10
217,11,0.99999913202097979,-8.6797939691685705e-07,8.6797939691685705e-07,0.99999908866426612,-9.1133614916840213e-07,9.1133614916840213e-07,-4.3356752251545078e-08
218,5896,0.99999802157450524,-1.9784274518775381e-06,1.9784274518775381e-06,0.99999791254648362,-2.0874556951522646e-06,2.0874556951522646e-06,-1.0902824327472645e-07
219,12299,0.99999695664166854,-3.0433629624577943e-06,3.0433629624577943e-06,0.99999667489629418,-3.3251092340163748e-06,3.3251092340163748e-06,-2.8174627155858055e-07
220,11,0.9999982725145603,-1.7274869317574233e-06,1.7274869317574233e-06,0.99999809133604345,-1.9086657780224411e-06,1.9086657780224411e-06,-1.8117884626501774e-07
221,42215,0.99995065454256471,-4.9346674962446196e-05,4.9346674962446196e-05,0.99994357578056003,-5.6425811346095922e-05,5.6425811346095922e-05,-7.079136383649726e-06
222,66652,0.99999730526647512,-2.694737155705564e-06,2.694737155705564e-06,0.99999737498457586,-2.6250188694854642e-06,2.6250188694854642e-06,6.9718286220099812e-08
223,11,0.99999401710329605,-5.9829146015351942e-06,5.9829146015351942e-06,0.99999344088537945,-6.5591361316243636e-06,6.5591361316243636e-06,-5.7622153008916933e-07
224,91274,0.99999534826218384,-4.6517486355660825e-06,4.6517486355660825e-06,0.99999456525626851,-5.4347584997603268e-06,5.4347584997603268e-06,-7.830098641942443e-07
225,278,0.99999848516345946,-1.5148376878920793e-06,1.5148376878920793e-06,0.99999812939989186,-1.8706018577689539e-06,1.8706018577689539e-06,-3.5576416987687454e-07
226,511,0.99999992848552566,-7.1514476892259087e-08,7.1514476892259087e-08,0.99999990179061149,-9.8209393346859475e-08,9.8209393346859475e-08,-2.6694916454600387e-08
227,11,0.9999972960091742,-2.7039944816024819e-06,2.7039944816024819e-06,0.99999703864524281,-2.9613591420149734e-06,2.9613591420149734e-06,-2.5736466041249148e-07
228,5960,0.99999939069845811,-6.0930172752156345e-07,6.0930172752156345e-07,0.99999895491253299,-1.0450880131436737e-06,1.0450880131436737e-06,-4.3578628562211027e-07
229,96446,0.99991113623099948,-8.8867717619165319e-05,8.8867717619165319e-05,0.99985847791600102,-0.00014153209919404497,0.00014153209919404497,-5.2664381574879653e-05
230,11,0.99999816897092475,-1.8310307515635615e-06,1.8310307515635615e-06,0.99999807713498068,-1.9228668679875426e-06,1.9228668679875426e-06,-9.1836116423981124e-08
231,5960,0.99882211292855727,-0.001178581325641531,0.001178581325641531,0.99999912195562413,-8.7804476133125283e-07,8.7804476133125283e-07,0.0011777032808801997
232,46991,0.99999343550608888,-6.5645154575047741e-06,6.5645154575047741e-06,0.99999753348038289,-2.4665226589254604e-06,2.4665226589254604e-06,4.0979927985793137e-06
233,11,0.99999708830857703,-2.9116956619749199e-06,2.9116956619749199e-06,0.99999878892569349,-1.2110750398703201e-06,1.2110750398703201e-06,1.7006206221045998e-06
234,5960,0.99354308557864301,-0.0064778504634272257,0.0064778504634272257,0.9999986899918295,-1.3100090285059511e-06,1.3100090285059511e-06,0.0064765404543987194
235,52836,0.99965623582674246,-0.00034382327370572192,0.00034382327370572192,0.99998463397717008,-1.5366140888409742e-05,1.5366140888409742e-05,0.00032845713281731221
236,11,0.99999653949246026,-3.460513527357908e-06,3.460513527357908e-06,0.99999915322837718,-8.4677198129052012e-07,8.4677198129052012e-07,2.613741546067388e-06
237,16376,0.99967181168168751,-0.00032824218388431708,0.00032824218388431708,0.99999099104938849,-9.0089911923939879e-06,9.0089911923939879e-06,0.00031923319269192311
238,33238,0.99987324732300875,-0.00012676071079068611,0.00012676071079068611,0.99998560508687673,-1.4395016730988062e-05,1.4395016730988062e-05,0.00011236569405969805
239,11,0.99996223538333384,-3.7765329767257008e-05,3.7765329767257008e-05,0.99999882280383656,-1.1771968563215875e-06,1.1771968563215875e-06,3.6588132910935421e-05
240,16376,0.24795249720302859,-1.3945180947001359,1.3945180947001359,0.99995672451371798,-4.3276422692899837e-05,4.3276422692899837e-05,1.3944748182774429
241,21510,0.95686494204140682,-0.044093023881963539,0.044093023881963539,0.9999991978540439,-8.0214627786836035e-07,8.0214627786836035e-07,0.044092221735685673
242,11,0.99981590293552014,-0.00018411401242449829,0.00018411401242449829,0.99999873809542972,-1.261905366472163e-06,1.261905366472163e-06,0.00018285210705802613
243,16376,0.03537199866095412,-3.3418347701247466,3.3418347701247466,0.99959685528560516,-0.00040322599907224074,0.00040322599907224074,3.3414315441256743
244,55965,0.99865282521275411,-0.0013480830430107236,0.0013480830430107236,0.99994648890466309,-5.3512527106679321e-05,5.3512527106679321e-05,0.0012945705159040442
245,11,0.99973247995309877,-0.000267555836772152,0.000267555836772152,0.9998616183829544,-0.00013839119266495712,0.00013839119266495712,0.00012916464410719488
246,323,0.99998844806900677,-1.1551997717339463e-05,1.1551997717339463e-05,0.99999834401719112,-1.6559841799874424e-06,1.6559841799874424e-06,9.8960135373520202e-06
247,350,0.99999535035603671,-4.6496547728952431e-06,4.6496547728952431e-06,0.99999866835723861,-1.3316436480033892e-06,1.3316436480033892e-06,3.3180111248918541e-06
248,36071,0.99999446062370112,-5.5393916413206531e-06,5.5393916413206531e-06,0.99999902504497751,-9.7495549779613983e-07,9.7495549779613983e-07,4.5644361435245135e-06
249,382,0.99980854346767545,-0.00019147486246607132,0.00019147486246607132,0.99989105029235281,-0.0001089556430976654,0.0001089556430976654,8.2519219368405914e-05
250,791,0.98757647652444402,-0.012501340623821463,0.012501340623821463,0.99080583377645126,-0.0092366934387160711,0.0092366934387160711,0.0032646471851053918
251,15422,0.94867188026230154,-0.052692293306869954,0.052692293306869954,0.9743123963734488,-0.0260232912678817,0.0260232912678817,0.026669002038988254
252,315,0.9999999209265884,-7.9073414687244062e-08,7.9073414687244062e-08,0.99999993406956589,-6.5930436268641001e-08,6.5930436268641001e-08,1.3142978418603061e-08
253,350,0.99999712205526803,-2.8779488732695595e-06,2.8779488732695595e-06,0.99999823795778164,-1.7620437708058595e-06,1.7620437708058595e-06,1.1159051024637e-06
254,36071,0.99999360581487629,-6.3942055665890875e-06,6.3942055665890875e-06,0.9999960740047984,-3.9260029082923188e-06,3.9260029082923188e-06,2.4682026582967686e-06
255,3131,0.99994029586777256,-5.9705914590088666e-05,5.9705914590088666e-05,0.99994609907212706,-5.3902380580167431e-05,5.3902380580167431e-05,5.8035340099212352e-06
256,21989,0.99998702093796543,-1.2979146263332303e-05,1.2979146263332303e-05,0.99998986023399417,-1.0139817413579023e-05,1.0139817413579023e-05,2.83932884975328e-06
257,304,0.99956521817047506,-0.00043487637454989674,0.00043487637454989674,0.99964821430746575,-0.00035184758363638328,0.00035184758363638328,8.3028790913513466e-05
258,279,0.99999974332069119,-2.5667934170176382e-07,2.5667934170176382e-07,0.99999978403628664,-2.1596373666616786e-07,2.1596373666616786e-07,4.0715605035595953e-08
259,53851,0.99997033987175132,-2.9660568118950217e-05,2.9660568118950217e-05,0.99998154372017278,-1.8456450146408932e-05,1.8456450146408932e-05,1.1204117972541285e-05
260,315,0.99999986774015803,-1.3225985076248647e-07,1.3225985076248647e-07,0.9999998717350409,-1.2826496730369483e-07,1.2826496730369483e-07,3.9948834587916399e-09
261,57664,0.99999951707665213,-4.8292346451678428e-07,4.8292346451678428e-07,0.99999960486421458,-3.9513586345599887e-07,3.9513586345599887e-07,8.7787601060785414e-08
262,1603,0.99687132730455252,-0.0031335772243136725,0.0031335772243136725,0.9952481348359935,-0.0047631911692857121,0.0047631911692857121,-0.0016296139449720397
263,433,0.9999992128421763,-7.8715813350707121e-07,7.8715813350707121e-07,0.99999920732847014,-7.9267184396975762e-07,7.9267184396975762e-07,-5.5137104626864129e-09
264,27851,0.99946101727905079,-0.00053912802434902989,0.00053912802434902989,0.99960318631890277,-0.00039689243247977734,0.00039689243247977734,0.00014223559186925255
265,6244,0.99999575075784708,-4.2492511809521257e-06,4.2492511809521257e-06,0.99999575274203301,-4.2472669865794521e-06,4.2472669865794521e-06,1.9841943726735215e-09
266,264,0.99999804453165053,-1.9554702613651713e-06,1.9554702613651713e-06,0.99999867803932363,-1.3219615501808674e-06,1.3219615501808674e-06,6.3350871118430388e-07
267,17271,0.99999459766146692,-5.4023531257740664e-06,5.4023531257740664e-06,0.99999450314749505,-5.4968676127525817e-06,5.4968676127525817e-06,-9.4514486978515262e-08
268,315,0.99999859195426066,-1.4080467306752968e-06,1.4080467306752968e-06,0.99999891268895758,-1.087311633577756e-06,1.087311633577756e-06,3.2073509709754082e-07
269,279,0.99999902588727319,-9.7411320127400271e-07,9.7411320127400271e-07,0.99999923802874346,-7.6197154688168102e-07,7.6197154688168102e-07,2.1214165439232169e-07
270,36142,0.99999355616241525,-6.4438583463869582e-06,6.4438583463869582e-06,0.99999594781997336,-4.0521882367095672e-06,4.0521882367095672e-06,2.3916701096773911e-06
271,31779,0.99998343292914049,-1.6567208094891659e-05,1.6567208094891659e-05,0.9999896630954157,-1.0336958010510362e-05,1.0336958010510362e-05,6.230250084381297e-06
272,391,0.99995985928463815,-4.0141521021938505e-05,4.0141521021938505e-05,0.99997655014892073,-2.3450126031368749e-05,2.3450126031368749e-05,1.6691394990569756e-05
273,1494,0.99999997156665488,-2.8433345495742137e-08,2.8433345495742137e-08,0.99999998368750243,-1.6312497663939831e-08,1.6312497663939831e-08,1.2120847831802306e-08
274,275,0.9999998011123894,-1.9888763034873163e-07,1.9888763034873163e-07,0.99999982576429536,-1.7423571977196763e-07,1.7423571977196763e-07,2.4651910576763996e-08
275,21080,0.99999929200014381,-7.0800010682008608e-07,7.0800010682008608e-07,0.99999944004379504,-5.5995636171102235e-07,5.5995636171102235e-07,1.4804374510906372e-07
276,13,0.99994071360415249,-5.9288153355326558e-05,5.9288153355326558e-05,0.99991131342621575,-8.8690506670941835e-05,8.8690506670941835e-05,-2.9402353315615277e-05
277,12220,0.99985301012217798,-0.0001470006818928778,0.0001470006818928778,0.99991105270507297,-8.8951250972221286e-05,8.8951250972221286e-05,5.8049430920656511e-05
278,279,0.99999975399605978,-2.4600397046673994e-07,2.4600397046673994e-07,0.99999977713114563,-2.2286887916320387e-07,2.2286887916320387e-07,2.3135091303536071e-08
279,3320,0.99999003125803776,-9.9687916505122272e-06,9.9687916505122272e-06,0.99999308173828594,-6.9182856453822039e-06,6.9182856453822039e-06,3.0505060051300233e-06
280,96323,0.99996747125581287,-3.2529273258151017e-05,3.2529273258151017e-05,0.99997376002381444,-2.6240320459775726e-05,2.6240320459775726e-05,6.288952798375291e-06
281,30215,0.99996896134802182,-3.1039133687064842e-05,3.1039133687064842e-05,0.99996722742561706,-3.2773111415489037e-05,3.2773111415489037e-05,-1.7339777284241953e-06
282,315,0.99996733732535537,-3.266320808138125e-05,3.266320808138125e-05,0.99998396911905574,-1.6031009440259229e-05,1.6031009440259229e-05,1.663219864112202e-05
283,279,0.99999975231351657,-2.4768651415545444e-07,2.4768651415545444e-07,0.99999978417525459,-2.1582476874791029e-07,2.1582476874791029e-07,3.1861745407544158e-08
284,26363,0.99999900127991292,-9.9872058577815042e-07,9.9872058577815042e-07,0.99999901369143207,-9.863090543040626e-07,9.863090543040626e-07,1.241153147408782e-08
285,11,0.99999677701920131,-3.222985992555208e-06,3.222985992555208e-06,0.99999583562140359,-4.1643872674602125e-06,4.1643872674602125e-06,-9.4140127490500448e-07
286,76086,0.99998732006756907,-1.2680012821943789e-05,1.2680012821943789e-05,0.99999077286914306,-9.2271734272245872e-06,9.2271734272245872e-06,3.4528393947192019e-06
287,426,0.99999694123121663,-3.0587734613896839e-06,3.0587734613896839e-06,0.99999685408775152,-3.1459171968285455e-06,3.1459171968285455e-06,-8.7143735438861661e-08
288,23427,0.85187400020507542,-0.16031665017243907,0.16031665017243907,0.9999999793066976,-2.0693302634933309e-08,2.0693302634933309e-08,0.16031662947913644
289,19870,0.99734854434402742,-0.0026549769903389006,0.0026549769903389006,0.99999916622425933,-8.3377608830206141e-07,8.3377608830206141e-07,0.0026541432142505985
290,315,0.99996021183169237,-3.9788959877847521e-05,3.9788959877847521e-05,0.9999990527833692,-9.4721707935876274e-07,9.4721707935876274e-07,3.8841742798488757e-05
291,3320,0.99998964000203128,-1.0360051633902629e-05,1.0360051633902629e-05,0.9999969227858474,-3.0772188872738614e-06,3.0772188872738614e-06,7.2828327466287678e-06
292,96323,0.99999960480363381,-3.9519644430571029e-07,3.9519644430571029e-07,0.99999944950108222,-5.5049906935027107e-07,5.5049906935027107e-07,-1.5530262504456078e-07
293,17439,0.99998633652767166,-1.3663565674395976e-05,1.3663565674395976e-05,0.99999165194346029,-8.3480913848835001e-06,8.3480913848835001e-06,5.3154742895124757e-06
294,24082,0.99914950900972876,-0.00085085286292763834,0.00085085286292763834,0.99994995412442556,-5.004712791103718e-05,5.004712791103718e-05,0.00080080573501660111
295,664,0.99998934034176989,-1.0659715044691427e-05,1.0659715044691427e-05,0.99999944780542238,-5.521947300264966e-07,5.521947300264966e-07,1.0107520314664929e-05
296,647,0.99999969645758435,-3.035424617267222e-07,3.035424617267222e-07,0.99999998780499666,-1.2195003377150425e-08,1.2195003377150425e-08,2.9134745834957178e-07
297,320,0.98440924467106217,-0.015713569335966345,0.015713569335966345,0.99239422430629487,-0.0076348471065630667,0.0076348471065630667,0.0080787222294032776
298,64,0.99991697340223862,-8.3030044660089669e-05,8.3030044660089669e-05,0.99995270528176328,-4.7295836667120283e-05,4.7295836667120283e-05,3.5734207992969385e-05
299,14458,0.99999872920556587,-1.2707952415970502e-06,1.2707952415970502e-06,0.99999931560587052,-6.8439436368506654e-07,6.8439436368506654e-07,5.8640087791198366e-07
300,304,0.99999985003795777,-1.4996205352172005e-07,1.4996205352172005e-07,0.99999991630825613,-8.3691747360714342e-08,8.3691747360714342e-08,6.6270306161005712e-08
301,6617,0.99997079617716422,-2.9204249275742429e-05,2.9204249275742429e-05,0.99999521713626538,-4.7828751725780192e-06,4.7828751725780192e-06,2.442137410316441e-05
302,11477,0.99993520939022817,-6.4792708774028955e-05,6.4792708774028955e-05,0.99981561851911926,-0.00018439848123575546,0.00018439848123575546,-0.00011960577246172651
303,57664,0.99999817899015409,-1.8210115039975197e-06,1.8210115039975197e-06,0.99999843848598247,-1.561515236751293e-06,1.561515236751293e-06,2.5949626724622668e-07
304,8,0.99998283692974732,-1.7163217539848695e-05,1.7163217539848695e-05,0.99999355959641867,-6.4404243207966492e-06,6.4404243207966492e-06,1.0722793219052047e-05
305,323,0.99999629880708196,-3.701199767520068e-06,3.701199767520068e-06,0.99999831827680175,-1.6817246123371632e-06,1.6817246123371632e-06,2.0194751551829046e-06
306,28379,0.99995485567733056,-4.5145341705079002e-05,4.5145341705079002e-05,0.99995334487230303,-4.665621608131008e-05,4.665621608131008e-05,-1.5108743762310778e-06
307,433,0.99999918135367394,-8.1864666110111546e-07,8.1864666110111546e-07,0.9999995615364452,-4.3846365096257992e-07,4.3846365096257992e-07,3.8018301013853554e-07
308,3297,0.99997445162131338,-2.5548705051989048e-05,2.5548705051989048e-05,0.99999789691766872,-2.1030845428176391e-06,2.1030845428176391e-06,2.3445620509171409e-05
309,8551,0.95119895754578521,-0.05003202954205152,0.05003202954205152,0.99837180990911789,-0.00162951703290634,0.00162951703290634,0.048402512509145179
310,6496,0.99899625316282892,-0.0010042509283758902,0.0010042509283758902,0.9997397839627471,-0.00026024989932036443,0.00026024989932036443,0.00074400102905552577
311,11,0.99983209923188365,-0.00016791486502830701,0.00016791486502830701,0.99995998637716199,-4.0014423404388488e-05,4.0014423404388488e-05,0.00012790044162391852
312,264,0.99989885983867988,-0.00010114527633108517,0.00010114527633108517,0.99997860399732907,-2.1396231568618539e-05,2.1396231568618539e-05,7.9749044762466627e-05
313,12633,0.99996264588375261,-3.7354813929783891e-05,3.7354813929783891e-05,0.999982474626677,-1.7525526894146192e-05,1.7525526894146192e-05,1.9829287035637699e-05
314,32051,0.99999972964237949,-2.7035765701923561e-07,2.7035765701923561e-07,0.99999976253044398,-2.3746958422264652e-07,2.3746958422264652e-07,3.2888072796589084e-08
315,4751,0.99999850634531684,-1.4936557986488852e-06,1.4936557986488852e-06,0.99999946860448052,-5.3139566061535698e-07,5.3139566061535698e-07,9.6226013803352822e-07
316,22797,0.99998559317892188,-1.4406924857401564e-05,1.4406924857401564e-05,0.99999146546123663,-8.5345751827384403e-06,8.5345751827384403e-06,5.8723496746631235e-06
317,311,0.99999944141415753,-5.5858599843296541e-07,5.5858599843296541e-07,0.99999966711430099,-3.3288575439970269e-07,3.3288575439970269e-07,2.2570024403326272e-07
318,279,0.99999950195771437,-4.9804240963556316e-07,4.9804240963556316e-07,0.99999970426140172,-2.9573864203203772e-07,2.9573864203203772e-07,2.0230376760352544e-07
319,9546,0.9999991638474196,-8.3615292992830064e-07,8.3615292992830064e-07,0.99999966442439314,-3.3557566312902518e-07,3.3557566312902518e-07,5.0057726679927546e-07
320,315,0.9999989740745594,-1.0259259668300749e-06,1.0259259668300749e-06,0.99999951446932223,-4.8553079560426765e-07,4.8553079560426765e-07,5.4039517122580723e-07
321,279,0.99999656563175032,-3.434374147106104e-06,3.434374147106104e-06,0.99999964151230203,-3.5848776227827998e-07,3.5848776227827998e-07,3.0758863848278242e-06
322,452,0.99560861208689178,-0.0044010583785714513,0.0044010583785714513,0.99998657944260205,-1.3420647454468171e-05,1.3420647454468171e-05,0.0043876377311169836
323,10746,0.99996201761232983,-3.7983109019359931e-05,3.7983109019359931e-05,0.99999728343350369,-2.7165701861913634e-06,2.7165701861913634e-06,3.5266538833168565e-05
324,14362,0.97857916440662207,-0.021653591579381081,0.021653591579381081,0.99999747583638887,-2.52416679687562e-06,2.52416679687562e-06,0.021651067412584206
325,392,0.99999466920927427,-5.3308049344574361e-06,5.3308049344574361e-06,0.99999961709503415,-3.8290503919779409e-07,3.8290503919779409e-07,4.9478998952596417e-06
326,13,0.54171420044664909,-0.61301672206588798,0.61301672206588798,0.61051547815520602,-0.49345163250918495,0.49345163250918495,0.11956508955670303
327,3297,0.99990530026047264,-9.4704223830749366e-05,9.4704223830749366e-05,0.99995618260313168,-4.3818356878548949e-05,4.3818356878548949e-05,5.0885866952200416e-05
328,121513,0.99522619304235527,-0.0047852379682137682,0.0047852379682137682,0.9995246323483703,-0.00047548067465154543,0.00047548067465154543,0.0043097572935622231
329,574,0.99999879697519467,-1.2030255289808663e-06,1.2030255289808663e-06,0.99999932003194314,-6.7996828808972599e-07,6.7996828808972599e-07,5.230572408911403e-07
330,264,0.99999332857809708,-6.6714441569570073e-06,6.6714441569570073e-06,0.99999798479468394,-2.015207346616919e-06,2.015207346616919e-06,4.6562368103400879e-06
331,348,0.99999927605492978,-7.2394533231235661e-07,7.2394533231235661e-07,0.99999988810151808,-1.1189848820971665e-07,1.1189848820971665e-07,6.1204684410263998e-07
332,395,0.99999950866998155,-4.9133013910817894e-07,4.9133013910817894e-07,0.9999997445718114,-2.5542822125957146e-07,2.5542822125957146e-07,2.3590191784860748e-07
333,278,0.99999993795595465,-6.2044047306870172e-08,6.2044047306870172e-08,0.99999993457896574,-6.5421036446465732e-08,6.5421036446465732e-08,-3.3769891395955602e-09
334,1614,0.99999954664689172,-4.5335321101391037e-07,4.5335321101391037e-07,0.99999965154535042,-3.4845471032716003e-07,3.4845471032716003e-07,1.0489850068675034e-07
335,315,0.99999993629653317,-6.370346891368928e-08,6.370346891368928e-08,0.9999999556698469,-4.4330154119719911e-08,4.4330154119719911e-08,1.9373314793969369e-08
336,3320,0.9999976780553701,-2.3219473256449252e-06,2.3219473256449252e-06,0.99999848577597295,-1.5142251734479961e-06,1.5142251734479961e-06,8.0772215219692903e-07
337,96323,0.99999526834675911,-4.7316644351905415e-06,4.7316644351905415e-06,0.99999010261409849,-9.8974348809400073e-06,9.8974348809400073e-06,-5.1657704457494658e-06
338,11,0.99979629180128016,-0.00020372895005318581,0.00020372895005318581,0.99994883519864486,-5.1166110318233394e-05,5.1166110318233394e-05,0.00015256283973495241
339,9749,0.99999750800864196,-2.4919944630562722e-06,2.4919944630562722e-06,0.99999731505654332,-2.6849470611032489e-06,2.6849470611032489e-06,-1.9295259804697676e-07
340,311,0.99999937914633819,-6.2085385455427534e-07,6.2085385455427534e-07,0.99999945653452871,-5.4346561893399546e-07,5.4346561893399546e-07,7.7388235620279881e-08
341,98887,0.99959017060744859,-0.00040991339556901681,0.00040991339556901681,0.99981393697371201,-0.00018608033816032028,0.00018608033816032028,0.00022383305740869653
342,350,0.99999294225892388,-7.0577659820763491e-06,7.0577659820763491e-06,0.99999828291312165,-1.7170883525722755e-06,1.7170883525722755e-06,5.3406776295040731e-06
343,36071,0.99999887561035872,-1.1243902733666748e-06,1.1243902733666748e-06,0.99999911995973911,-8.8004064814231361e-07,8.8004064814231361e-07,2.4434962522436119e-07
344,382,0.90154286554647278,-0.1036476883327804,0.1036476883327804,0.78078380983819173,-0.24745697944891129,0.24745697944891129,-0.14380929111613089
345,644,0.99099170635166112,-0.0090491136562295613,0.0090491136562295613,0.98969927288344195,-0.010354146763562716,0.010354146763562716,-0.0013050331073331551
346,220,0.99978486316291326,-0.00021515998233577637,0.00021515998233577637,0.99996985473305211,-3.01457213255747e-05,3.01457213255747e-05,0.00018501426101020168
347,10895,0.99999109191407087,-8.9081256064031117e-06,8.9081256064031117e-06,0.99999971939252175,-2.8060751759805546e-07,2.8060751759805546e-07,8.6275180888050561e-06
348,16,0.9999992887682998,-7.1123195309325816e-07,7.1123195309325816e-07,0.99999984693025346,-1.5306975825513935e-07,1.5306975825513935e-07,5.5816219483811886e-07
349,11,0.99933245871736609,-0.0006677641875202483,0.0006677641875202483,0.99860656875557963,-0.0013944029725325691,0.0013944029725325691,-0.00072663878501232082
350,15506,0.99989089324635139,-0.00010911270622340031,0.00010911270622340031,0.99994845144533595,-5.1549883336400456e-05,5.1549883336400456e-05,5.7562822886999855e-05
351,1221,0.89195029567250161,-0.11434487029491977,0.11434487029491977,0.97986797233393896,-0.020337438501583351,0.020337438501583351,0.094007431793336427
352,56409,0.9999826767390394,-1.7323411010060049e-05,1.7323411010060049e-05,0.99998732103459498,-1.2679045783765729e-05,1.2679045783765729e-05,4.64436522629432e-06
353,67987,0.99995143113825802,-4.8570041247388206e-05,4.8570041247388206e-05,0.99997726115132457,-2.2739107206916772e-05,2.2739107206916772e-05,2.5830934040471434e-05
354,11721,0.99998898640617295,-1.1013654477168322e-05,1.1013654477168322e-05,0.99999540766371353,-4.5923468313133033e-06,4.5923468313133033e-06,6.4213076458550183e-06
355,505,0.99993946541679024,-6.0536415501560985e-05,6.0536415501560985e-05,0.99998375892916946,-1.6241202718156351e-05,1.6241202718156351e-05,4.4295212783404634e-05
356,12550,0.99999835126555137,-1.6487358078492286e-06,1.6487358078492286e-06,0.99999891434856192,-1.0856520273743123e-06,1.0856520273743123e-06,5.6308378047491632e-07
357,11,0.73974483784562273,-0.30144996596797374,0.30144996596797374,0.98285988706693983,-0.017288705040037499,0.017288705040037499,0.28416126092793625
358,505,0.96924533956821246,-0.031237510729258879,0.031237510729258879,0.99761399455829092,-0.0023888564886715546,0.0023888564886715546,0.028848654240587322
359,4028,0.99999881646436262,-1.1835363377724752e-06,1.1835363377724752e-06,0.99999944745511371,-5.5254503894804555e-07,5.5254503894804555e-07,6.3099129882442962e-07
360,279,0.99999951110224672,-4.8889787280174707e-07,4.8889787280174707e-07,0.99999983824404981,-1.6175596330862374e-07,1.6175596330862374e-07,3.271419094931233e-07
361,16867,0.99999919973566542,-8.0026465474204617e-07,8.0026465474204617e-07,0.99999936132598699,-6.3867421695283973e-07,6.3867421695283973e-07,1.6159043778920643e-07
362,11,0.99998828651551053,-1.1713553092898539e-05,1.1713553092898539e-05,0.99999172708444961,-8.2729497711425415e-06,8.2729497711425415e-06,3.4406033217559975e-06
363,323,0.99999941140366833,-5.8859650484092286e-07,5.8859650484092286e-07,0.99999960814371625,-3.9185636052272975e-07,3.9185636052272975e-07,1.9674014431819311e-07
364,18538,0.99998812338109511,-1.1876689432461061e-05,1.1876689432461061e-05,0.99998232575285462,-1.7674403336758595e-05,1.7674403336758595e-05,-5.7977139042975339e-06
365,3118,0.99967398644294292,-0.0003260667110296951,0.0003260667110296951,0.99997044033986693,-2.9560097028464719e-05,2.9560097028464719e-05,0.00029650661400123038
366,11477,0.9999995994798111,-4.0052026912243709e-07,4.0052026912243709e-07,0.99999965566918525,-3.4433087403987482e-07,3.4433087403987482e-07,5.6189395082562265e-08
367,57664,0.99999973785905449,-2.6214097986999521e-07,2.6214097986999521e-07,0.99999970980838071,-2.9019166145021566e-07,2.9019166145021566e-07,-2.8050681580220452e-08
368,304,0.99998914687436147,-1.0853184534177443e-05,1.0853184534177443e-05,0.99999681074174829,-3.1892633374258839e-06,3.1892633374258839e-06,7.6639211967515594e-06
369,1148,0.99999596064978113,-4.0393583770387932e-06,4.0393583770387932e-06,0.99999976846014971,-2.3153987711119613e-07,2.3153987711119613e-07,3.8078184999275969e-06
370,3432,0.98868978004694352,-0.011374666890901129,0.011374666890901129,0.99969841230234446,-0.00030163318437092276,0.00030163318437092276,0.011073033706530207
371,374,0.99940797980450558,-0.00059219550864641037,0.00059219550864641037,0.99999990301332276,-9.6986681978579719e-08,9.6986681978579719e-08,0.00059209852196443174
372,61894,0.9961068403695873,-0.0039007577031177996,0.0039007577031177996,0.9999641647384544,-3.5835903643896362e-05,3.5835903643896362e-05,0.0038649217994739032
373,309,0.9999999632093266,-3.6790674052171291e-08,3.6790674052171291e-08,0.99999999102529757,-8.9747024964177724e-09,8.9747024964177724e-09,2.781597155575352e-08
374,44486,0.99999294300947583,-7.0570154248723037e-06,7.0570154248723037e-06,0.99999704723426186,-2.9527700975136147e-06,2.9527700975136147e-06,4.104245327358689e-06
375,13,0.99984588761602289,-0.0001541242605108231,0.0001541242605108231,0.99998473612291561,-1.5263993578566555e-05,1.5263993578566555e-05,0.00013886026693225655
376,15506,0.99970960666840258,-0.00029043550390551808,0.00029043550390551808,0.99997706411585507,-2.2936147176347737e-05,2.2936147176347737e-05,0.00026749935672917033
377,86316,0.99996208561909716,-3.791509967110317e-05,3.791509967110317e-05,0.9999917821841533,-8.2178496131721635e-06,8.2178496131721635e-06,2.9697250057931007e-05
378,5246,0.9999102227098795,-8.9781320342588298e-05,8.9781320342588298e-05,0.99999719510287099,-2.8049010627508908e-06,2.8049010627508908e-06,8.6976419279837414e-05
379,9052,0.99996050235107237,-3.9498428980334165e-05,3.9498428980334165e-05,0.99998354877853479,-1.6451356788067111e-05,1.6451356788067111e-05,2.3047072192267055e-05
380,1534,0.9999955936753453,-4.4063343626011465e-06,4.4063343626011465e-06,0.99999978538145362,-2.1461856942285258e-07,2.1461856942285258e-07,4.1917157931782937e-06
381,279,0.99999386963126036,-6.1303875303834714e-06,6.1303875303834714e-06,0.9999990307692902,-9.6923117945693689e-07,9.6923117945693689e-07,5.1611563509265347e-06
382,3363,0.99999575009033892,-4.2499186919374697e-06,4.2499186919374697e-06,0.99999844268033533,-1.5573208773263984e-06,1.5573208773263984e-06,2.6925978146110713e-06
383,323,0.99819874739283321,-0.0018028768133409921,0.0018028768133409921,0.99988197156153491,-0.00011803540436936695,0.00011803540436936695,0.0016848414089716251
384,32762,0.99998844424698841,-1.1555819779810638e-05,1.1555819779810638e-05,0.99999506462002041,-4.9353921585902404e-06,4.9353921585902404e-06,6.6204276212203974e-06
385,350,0.99999045377652729,-9.5462690381541406e-06,9.5462690381541406e-06,0.99999862147544116,-1.3785255090391604e-06,1.3785255090391604e-06,8.1677435291149809e-06
386,36071,0.9999976987364293,-2.3012662186628634e-06,2.3012662186628634e-06,0.9999989810876958,-1.0189128232736324e-06,1.0189128232736324e-06,1.2823533953892309e-06
387,1234,0.99999056608224013,-9.4339622596058414e-06,9.4339622596058414e-06,0.99999984238005024,-1.5761996220579372e-07,1.5761996220579372e-07,9.2763422974000469e-06
388,57664,0.99999694135734274,-3.0586473348887563e-06,3.0586473348887563e-06,0.99999962441918455,-3.7558088602703207e-07,3.7558088602703207e-07,2.6830664488617243e-06
389,323,0.97593449998954629,-0.024359805487514607,0.024359805487514607,0.99824062190603291,-0.0017609276173376008,0.0017609276173376008,0.022598877870177007
390,1243,0.99727895893341101,-0.0027247498281548319,0.0027247498281548319,0.9999961217876483,-3.8782198720354852e-06,3.8782198720354852e-06,0.0027208716082827962
391,5918,0.99996918151123138,-3.0818963668050321e-05,3.0818963668050321e-05,0.99999504786368132,-4.9521485806004676e-06,4.9521485806004676e-06,2.5866815087449852e-05
392,1063,0.28315234891992608,-1.2617701907833219,1.2617701907833219,0.99999947730819028,-5.2269194634584619e-07,5.2269194634584619e-07,1.2617696680913755
393,315,0.99995020651643329,-4.9794723303377023e-05,4.9794723303377023e-05,0.99999973391266583,-2.6608736959742442e-07,2.6608736959742442e-07,4.9528635933779598e-05
394,279,0.99997113303569529,-2.8867380963487448e-05,2.8867380963487448e-05,0.99999987548091895,-1.2451908883677967e-07,1.2451908883677967e-07,2.8742861874650669e-05
395,24417,0.99995235410289995,-4.7647032201841494e-05,4.7647032201841494e-05,0.99999974964181571,-2.5035821568295447e-07,2.5035821568295447e-07,4.7396673986158542e-05
396,31012,0.99993657183272133,-6.3430178929956214e-05,6.3430178929956214e-05,0.99999349401156379,-6.5060096002263866e-06,6.5060096002263866e-06,5.6924169329729829e-05
397,304,0.99997192549938929,-2.8074894706891774e-05,2.8074894706891774e-05,0.9999996764361877,-3.2356386464615983e-07,3.2356386464615983e-07,2.7751330842245614e-05
398,279,0.99999596299253846,-4.037015610304079e-06,4.037015610304079e-06,0.99999956164016413,-4.3835993197468963e-07,4.3835993197468963e-07,3.5986556783293894e-06
399,3224,0.99969995587706562,-0.00030008914517827816,0.00030008914517827816,0.99999762030404205,-2.379698789383902e-06,2.379698789383902e-06,0.00029770944638889428
400,11,0.83248663480355511,-0.18333811154643351,0.18333811154643351,0.99999834325407566,-1.656747296736666e-06,1.656747296736666e-06,0.18333645479913677
401,2737,0.075369176686697528,-2.5853568848072586,2.5853568848072586,0.99999613414848565,-3.8658589867314907e-06,3.8658589867314907e-06,2.5853530189482719
402,5960,0.017803710637683795,-4.0283483806182216,4.0283483806182216,0.99998820018424617,-1.1799885372199512e-05,1.1799885372199512e-05,4.0283365807328497
403,4701,0.99587156795859899,-0.0041369775447572706,0.0041369775447572706,0.99999384907266164,-6.1509462554268449e-06,6.1509462554268449e-06,0.0041308265985018433
404,45335,0.99808216031972541,-0.001919681089522698,0.001919681089522698,0.99999836801219555,-1.631989136181326e-06,1.631989136181326e-06,0.0019180491003865166
405,9441,0.99636178892345539,-0.0036448454628834285,0.0036448454628834285,0.99999558411373668,-4.4158960134164422e-06,4.4158960134164422e-06,0.003640429566870012
406,13,0.68750159922878629,-0.37469112329315429,0.37469112329315429,0.96141658911326977,-0.039347468508601359,0.039347468508601359,0.33534365478455291
407,578,0.99889648116630014,-0.0011041281589172199,0.0011041281589172199,0.99995915651945533,-4.0844314662382756e-05,4.0844314662382756e-05,0.0010632838442548372
408,1221,0.98164038584849378,-0.018530243554341689,0.018530243554341689,0.99998943905264559,-1.0561003121601557e-05,1.0561003121601557e-05,0.018519682551220086
409,56409,0.99986836877188878,-0.00013163989226168543,0.00013163989226168543,0.99995684511461314,-4.3155816585764064e-05,4.3155816585764064e-05,8.8484075675921369e-05
410,67987,0.99996052505142685,-3.9475727729484757e-05,3.9475727729484757e-05,0.99998368638645363,-1.6313746614816065e-05,1.6313746614816065e-05,2.3161981114668692e-05
411,28379,0.99987846763587096,-0.0001215397497852186,0.0001215397497852186,0.99992140725177148,-7.8595836800377921e-05,7.8595836800377921e-05,4.2943912984840681e-05
412,279,0.99998554151054397,-1.4458593980940228e-05,1.4458593980940228e-05,0.9999997640745405,-2.3592548729366024e-07,2.3592548729366024e-07,1.4222668493646568e-05
413,3158,0.99999767850405508,-2.3214986395991669e-06,2.3214986395991669e-06,0.99999959225391732,-4.0774616585861617e-07,4.0774616585861617e-07,1.9137524737405508e-06
414,88858,0.99307796181815844,-0.0069461066208789043,0.0069461066208789043,0.99984324385975654,-0.00015676842777129628,0.00015676842777129628,0.0067893381931076078
415,1050,0.99037818729781579,-0.0096684014282095027,0.0096684014282095027,0.99999758772175595,-2.4122811536165463e-06,2.4122811536165463e-06,0.0096659891470558864
416,3394,0.9999630701612171,-3.6930520706176352e-05,3.6930520706176352e-05,0.99999947636215669,-5.2363798043491815e-07,5.2363798043491815e-07,3.640688272574143e-05
417,409,0.99999870857211426,-1.2914287196238139e-06,1.2914287196238139e-06,0.99999998571939819,-1.4280601932265628e-08,1.4280601932265628e-08,1.2771481176915482e-06
418,11514,0.99828739030080993,-0.0017140778917142186,0.0017140778917142186,0.99996426013318795,-3.5740505496324297e-05,3.5740505496324297e-05,0.0016783373862178943
419,6374,0.99999845469260029,-1.5453085936972481e-06,1.5453085936972481e-06,0.99999810700567793,-1.8929961138210435e-06,1.8929961138210435e-06,-3.4768752012379547e-07
420,320,0.99987227250418009,-0.00012773565367115561,0.00012773565367115561,0.9999989652418757,-1.0347586596325895e-06,1.0347586596325895e-06,0.00012670089501152303
421,3648,0.9999702948859529,-2.9705555252746753e-05,2.9705555252746753e-05,0.99999944298840682,-5.5701174835926158e-07,5.5701174835926158e-07,2.9148543504387491e-05
422,15422,0.99934784188986192,-0.00065237085774016252,0.00065237085774016252,0.99999919761929112,-8.023810307858698e-07,8.023810307858698e-07,0.00065156847670937666
423,315,0.99999959008104655,-4.0991903751883109e-07,4.0991903751883109e-07,0.99999993598061787,-6.4019384187439195e-08,6.4019384187439195e-08,3.4589965333139191e-07
424,11514,0.99187864362284173,-0.008154514238426969,0.008154514238426969,0.99999201747354904,-7.9825583115029975e-06,7.9825583115029975e-06,0.0081465316801154659
425,4618,0.013901744551825832,-4.275740939395277,4.275740939395277,0.99998235738001451,-1.7642775618378011e-05,1.7642775618378011e-05,4.2757232966196588
426,8,0.99904518854488344,-0.00095526757793790444,0.00095526757793790444,0.99999714150691288,-2.8584971726336418e-06,2.8584971726336418e-06,0.00095240908076527075
427,323,0.99961116347018031,-0.00038891214634545978,0.00038891214634545978,0.99999860863363332,-1.3913673346203811e-06,1.3913673346203811e-06,0.00038752077901083937
428,66663,0.99957888903653402,-0.00042119965558809832,0.00042119965558809832,0.99999578213725382,-4.217871641383549e-06,4.217871641383549e-06,0.00041698178394671475
429,279,0.12579300036255323,-2.0731175772610069,2.0731175772610069,0.99999952841641837,-4.7158369281141811e-07,4.7158369281141811e-07,2.0731171056773139
430,836,0.99723446534980942,-0.0027693658062347267,0.0027693658062347267,0.99999966921090389,-3.3078915087186732e-07,3.3078915087186732e-07,0.0027690350170838547
431,311,0.99274264308009064,-0.0072838196453360298,0.0072838196453360298,0.99999997705926547,-2.2940734826210913e-08,2.2940734826210913e-08,0.0072837967046012033
432,57664,0.99995664220300295,-4.3358736973484369e-05,4.3358736973484369e-05,0.99999923747679487,-7.6252349583605297e-07,7.6252349583605297e-07,4.2596213477648316e-05
433,382,0.99915625276135323,-0.00084410339369876599,0.00084410339369876599,0.99990509790996362,-9.4906593524641926e-05,9.4906593524641926e-05,0.00074919680017412405
434,1692,0.99905453828613422,-0.0009459089447072808,0.0009459089447072808,0.99996237122901188,-3.7629478968062703e-05,3.7629478968062703e-05,0.00090827946573921814
435,10746,0.99995987728941083,-4.012351552670878e-05,4.012351552670878e-05,0.99998685424242073,-1.3145843985491792e-05,1.3145843985491792e-05,2.6977671541216989e-05
436,6244,0.99978640919907436,-0.00021361361468941027,0.00021361361468941027,0.99999710464584846,-2.8953583430621845e-06,2.8953583430621845e-06,0.00021071825634634808
437,279,0.99974092221902755,-0.00025911134741840017,0.00025911134741840017,0.99999960664013265,-3.9335994474462267e-07,3.9335994474462267e-07,0.00025871798747365552
438,4219,0.99962724484874943,-0.00037282464172108356,0.00037282464172108356,0.9999992336197705,-7.6638052313828189e-07,7.6638052313828189e-07,0.00037205826119794525
439,315,0.9999928734336232,-7.1265917708497825e-06,7.1265917708497825e-06,0.99999983085995736,-1.6914005697803417e-07,1.6914005697803417e-07,6.957451713871748e-06
440,15506,0.99997913991809084,-2.0860299483733921e-05,2.0860299483733921e-05,0.99999952903042955,-4.7096968137043868e-07,4.7096968137043868e-07,2.0389329802363483e-05
441,5820,0.9999674484346136,-3.2552095200128382e-05,3.2552095200128382e-05,0.99999862825889341,-1.3717420474712238e-06,1.3717420474712238e-06,3.1180353152657159e-05
442,304,0.99999534152874381,-4.6584821068652751e-06,4.6584821068652751e-06,0.99999983874720999,-1.6125280298765425e-07,1.6125280298765425e-07,4.497229303877621e-06
443,279,0.99982392379087592,-0.00017609171235967295,0.00017609171235967295,0.9999998277994161,-1.7220059871975663e-07,1.7220059871975663e-07,0.00017591951176095319
444,13759,0.99958266503603144,-0.00041742207244114155,0.00041742207244114155,0.99999882309516508,-1.1769055274814969e-06,1.1769055274814969e-06,0.00041624516691366007
445,6460,0.99997384504898734,-2.615529305933104e-05,2.615529305933104e-05,0.99999824115181513,-1.7588497316223798e-06,1.7588497316223798e-06,2.4396443327708662e-05
446,323,0.9987850777747711,-0.0012156608415370977,0.0012156608415370977,0.9999904925331935,-9.5075120027709272e-06,9.5075120027709272e-06,0.0012061533295343269
447,832,0.99479986595519243,-0.0052137017983806379,0.0052137017983806379,0.99999946749562585,-5.3250451592149376e-07,5.3250451592149376e-07,0.0052131692938647166
448,842,0.99942039919108239,-0.00057976884239787133,0.00057976884239787133,0.99999969573737113,-3.0426267517433046e-07,3.0426267517433046e-07,0.00057946457972269695
449,315,0.99999177013337437,-8.2299004911719451e-06,8.2299004911719451e-06,0.99999980746422379,-1.9253579475757631e-07,1.9253579475757631e-07,8.0373646964143687e-06
450,279,0.99999541851081375,-4.5814996812634206e-06,4.5814996812634206e-06,0.99999989182974558,-1.0817026022727563e-07,1.0817026022727563e-07,4.4733294210361453e-06
451,57664,0.99969756309888191,-0.00030248264438088,0.00030248264438088,0.99999961810116988,-3.8189890307510052e-07,3.8189890307510052e-07,0.00030210074547780489
452,6830,0.9358424483102642,-0.066308141127541978,0.066308141127541978,0.99984174342623422,-0.00015826909765871138,0.00015826909765871138,0.066149872029883261
453,11600,0.95517453957104292,-0.045861191251966624,0.045861191251966624,0.99989428067328812,-0.00010572491539376934,0.00010572491539376934,0.045755466336572855
454,360,0.99983649736569902,-0.00016351600231389522,0.00016351600231389522,0.99999997360262194,-2.6397378378927808e-08,2.6397378378927808e-08,0.00016348960493551629
455,1030,0.99999570109443325,-4.2989148070603372e-06,4.2989148070603372e-06,0.99999957309339549,-4.2690669568544535e-07,4.2690669568544535e-07,3.8720081113748915e-06
456,480,0.31448357693274764,-1.1568234238148385,1.1568234238148385,0.99996112429173412,-3.8876463945832773e-05,3.8876463945832773e-05,1.1567845473508926
457,5164,0.99999623595548626,-3.7640515978032614e-06,3.7640515978032614e-06,0.99999922386669682,-7.761336043971855e-07,7.761336043971855e-07,2.9879179934060758e-06
458,263,0.99999210920177084,-7.8908293616769411e-06,7.8908293616769411e-06,0.99999966150319253,-3.3849686475761171e-07,3.3849686475761171e-07,7.5523324969193296e-06
459,6696,0.99962373839263086,-0.00037633241152888031,0.00037633241152888031,0.99999926077828438,-7.3922198884481932e-07,7.3922198884481932e-07,0.00037559318954003549
460,6149,0.9999810895582123,-1.891062059239491e-05,1.891062059239491e-05,0.99999970605150534,-2.9394853782872438e-07,2.9394853782872438e-07,1.8616672054566185e-05
461,11,0.99964667755504644,-0.00035338487803504185,0.00035338487803504185,0.99999954050646256,-4.594936430385458e-07,4.594936430385458e-07,0.00035292538439200328
462,31799,0.99514783110058769,-0.0048639788891236737,0.0048639788891236737,0.99999474133361621,-5.2586802106746162e-06,5.2586802106746162e-06,0.0048587202089129993
463,15506,0.99936921846303017,-0.00063098056334272561,0.00063098056334272561,0.99999651413693569,-3.4858691399430703e-06,3.4858691399430703e-06,0.00062749469420278253
464,5270,0.99991551934915346,-8.4484219537663628e-05,8.4484219537663628e-05,0.99999803638340135,-1.9636185265591821e-06,1.9636185265591821e-06,8.2520601011104453e-05
465,449,0.99946992578971838,-0.00053021474928204579,0.00053021474928204579,0.9999997896495193,-2.1035050287473531e-07,2.1035050287473531e-07,0.00053000439877917108
466,13936,0.99995298468384097,-4.7016421413622604e-05,4.7016421413622604e-05,0.99999382237045487,-6.1776486267851334e-06,6.1776486267851334e-06,4.0838772786837469e-05
467,11,0.79484041618619627,-0.22961391883462853,0.22961391883462853,0.99999359479455263,-6.4052259608244496e-06,6.4052259608244496e-06,0.22960751360866771
468,832,0.027744932374247328,-3.584702072610475,3.584702072610475,0.99999947221438268,-5.2778575659739344e-07,5.2778575659739344e-07,3.5847015448247186
469,315,0.99795875852284699,-0.002043327649942096,0.002043327649942096,0.99999996467604257,-3.5323958023135632e-08,3.5323958023135632e-08,0.002043292325984073
470,279,0.99974152095896696,-0.00025851245249794023,0.00025851245249794023,0.99999996610137831,-3.3898622223120664e-08,3.3898622223120664e-08,0.00025847855387571713
471,30758,0.64609179196154576,-0.4368136924740334,0.4368136924740334,0.99999964236289118,-3.5763717276204423e-07,3.5763717276204423e-07,0.43681333483686063
472,10507,0.35361217623197766,-1.0395545137663356,1.0395545137663356,0.99999674534835481,-3.2546569415375935e-06,3.2546569415375935e-06,1.0395512591093941
473,315,0.99979862082056159,-0.00020139945894797771,0.00020139945894797771,0.99999985523963753,-1.4476037298033686e-07,1.4476037298033686e-07,0.00020125469857499738
474,81069,0.99401003631628404,-0.0060079754788663004,0.0060079754788663004,0.99996896565822047,-3.1034823354640423e-05,3.1034823354640423e-05,0.0059769406555116597
475,13,0.99625505249616708,-0.0037519773762264516,0.0037519773762264516,0.99999188833044494,-8.1117024548070847e-06,8.1117024548070847e-06,0.0037438656737716447
476,24586,0.9846914435879548,-0.015426942125374972,0.015426942125374972,0.99997206507424863,-2.7935315938670231e-05,2.7935315938670231e-05,0.015399006809436301
477,311,0.999988019504232,-1.1980567534681413e-05,1.1980567534681413e-05,0.99999992659095926,-7.3409043480699644e-08,7.3409043480699644e-08,1.1907158491200713e-05
478,279,0.03895940894618638,-3.2452349711086508,3.2452349711086508,0.98135778348862812,-0.018818172872088829,0.018818172872088829,3.2264167982365621
479,8792,0.011622010213624582,-4.4548545465114557,4.4548545465114557,0.9999972637236002,-2.7362801434102528e-06,2.7362801434102528e-06,4.4548518102313119
480,3813,0.99732000912857677,-0.0026835884760946812,0.0026835884760946812,0.99999871665487061,-1.28334595291519e-06,1.28334595291519e-06,0.0026823051301417661
481,304,0.97255623854313389,-0.027827376325430978,0.027827376325430978,0.99999919438849871,-8.0561182581774877e-07,8.0561182581774877e-07,0.027826570713605159
482,279,0.97851387819673752,-0.021720309112464715,0.021720309112464715,0.99999962155406608,-3.7844600553207033e-07,3.7844600553207033e-07,0.021719930666459181
483,16867,0.99852271810343107,-0.0014783741533164626,0.0014783741533164626,0.99999893813492591,-1.0618656378553264e-06,1.0618656378553264e-06,0.0014773122876786072
484,9581,0.00027202597214448195,-8.2096130104014566,8.2096130104014566,0.99996802741832735,-3.1973092806572425e-05,3.1973092806572425e-05,8.2095810373086504
485,6696,0.9993807141090606,-0.00061947772765201037,0.00061947772765201037,0.99999701583180367,-2.9841726490027028e-06,2.9841726490027028e-06,0.00061649355500300771
486,11543,9.422926221641916e-05,-9.2697797853802175,9.2697797853802175,0.99999942132031672,-5.7867985069100368e-07,5.7867985069100368e-07,9.2697792067003668
487,11,0.99754989639370673,-0.0024531100218244018,0.0024531100218244018,0.99999980204950434,-1.9795051526040441e-07,1.9795051526040441e-07,0.0024529120713091416
488,57664,0.99213545227466116,-0.0078956363869190985,0.0078956363869190985,0.99999900724565094,-9.9275484182438183e-07,9.9275484182438183e-07,0.007894643632077274
489,4036,0.82209665769329987,-0.19589730240426384,0.19589730240426384,0.99999807359570347,-1.9264061520360889e-06,1.9264061520360889e-06,0.1958953759981118
490,279,0.99810672690885327,-0.0018950675979976584,0.0018950675979976584,0.99999975283798181,-2.4716204870314531e-07,2.4716204870314531e-07,0.0018948204359489553
491,1647,0.12526197065229033,-2.077347969513891,2.077347969513891,0.99999402210659194,-5.977911275727511e-06,5.977911275727511e-06,2.0773419916026152
492,25840,0.99835480516676112,-0.0016465496524234497,0.0016465496524234497,0.99999246353327398,-7.5364951253585378e-06,7.5364951253585378e-06,0.0016390131572980911
493,315,0.0073640958261622256,-4.91113900290914,4.91113900290914,0.99999498437938517,-5.015633193068726e-06,5.015633193068726e-06,4.9111339872759467
494,279,0.66103861327388935,-0.41394302438596042,0.41394302438596042,0.99999833217646972,-1.6678249211255286e-06,1.6678249211255286e-06,0.41394135656103931
495,330,0.88242560480945031,-0.12508079422737847,0.12508079422737847,0.99958317370467986,-0.00041691319154826692,0.00041691319154826692,0.1246638810358302
496,92140,0.99232087209912523,-0.0077087642217559564,0.0077087642217559564,0.99985062440403005,-0.00014938675361539009,0.00014938675361539009,0.0075593774681405662
497,75,0.99954976555946229,-0.00045033582649617305,0.00045033582649617305,0.99999998134037693,-1.8659623227882365e-08,1.8659623227882365e-08,0.00045031716687294514
498,315,0.99986356752454997,-0.00013644178320680516,0.00013644178320680516,0.9999999709649523,-2.903504816612748e-08,2.903504816612748e-08,0.00013641274815863903
499,279,0.99795303291387072,-0.0020490649866328932,0.0020490649866328932,0.9999994987765336,-5.0122359202904232e-07,5.0122359202904232e-07,0.0020485637630408642
500,62574,0.99618626057412807,-0.0038210302729066027,0.0038210302729066027,0.9999936837106792,-6.3163092686257339e-06,6.3163092686257339e-06,0.0038147139636379771
501,2266,0.17037239064880275,-1.769768704423571,1.769768704423571,0.31624167982505802,-1.1512485481400625,1.1512485481400625,0.61852015628350854
502,62897,0.91568012214608485,-0.088088186927499132,0.088088186927499132,0.99992370507341966,-7.6297837186287137e-05,7.6297837186287137e-05,0.08801188909031285
503,6037,0.99492020730684227,-0.0050927387006929016,0.0050927387006929016,0.99999821126665422,-1.7887349455399898e-06,1.7887349455399898e-06,0.0050909499657473614
504,315,0.96439815676804885,-0.036251043950227484,0.036251043950227484,0.99999971281188194,-2.8718815931543275e-07,2.8718815931543275e-07,0.036250756762068168
505,57664,0.9996540945608906,-0.00034596527819528229,0.00034596527819528229,0.99999975622637371,-2.4377365596915825e-07,2.4377365596915825e-07,0.00034572150453931311
506,323,0.97040206973285059,-0.030044788488896666,0.030044788488896666,0.99999972566733697,-2.7433270067446544e-07,2.7433270067446544e-07,0.030044514156195991
507,279,0.99847688787309907,-0.0015242732413312649,0.0015242732413312649,0.9999999037861117,-9.6213892887238831e-08,9.6213892887238831e-08,0.0015241770274383776
508,4553,0.98564781507044485,-0.014456173712378329,0.014456173712378329,0.99999971856905534,-2.8143098421690922e-07,2.8143098421690922e-07,0.014455892281394113
509,57281,0.83795316566248423,-0.1767930682927851,0.1767930682927851,0.99999200455297077,-7.9954789929434354e-06,7.9954789929434354e-06,0.17678507281379216
510,5438,0.3805176561272306,-0.96622270032008217,0.96622270032008217,0.99999977600374601,-2.2399627908452353e-07,2.2399627908452353e-07,0.96622247632380309
511,82179,0.99999674972614627,-3.2502791358919073e-06,3.2502791358919073e-06,0.99999992607277155,-7.3927231157485317e-08,7.3927231157485317e-08,3.1763519047344218e-06
512,6438,0.99986831328754866,-0.00013169538390773926,0.00013169538390773926,0.99999982322044023,-1.7677957534022655e-07,1.7677957534022655e-07,0.00013151860433239905
513,36513,0.99139861141351415,-0.0086385940285648253,0.0086385940285648253,0.99998605550699304,-1.3944590232272209e-05,1.3944590232272209e-05,0.0086246494383325524
514,369,0.99146543431897782,-0.0085711936380712499,0.0085711936380712499,0.99999978036810377,-2.1963192029012344e-07,2.1963192029012344e-07,0.0085709740061509603
515,927,0.22774896772476211,-1.4795112753451529,1.4795112753451529,0.99999999129397177,-8.7060283047890575e-09,8.7060283047890575e-09,1.4795112666391246
516,2380,0.96801636945124037,-0.032506281258418125,0.032506281258418125,0.99999962806816822,-3.7193190094452753e-07,3.7193190094452753e-07,0.032505909326517181
517,24552,0.99281799043130903,-0.0072079243541191352,0.0072079243541191352,0.99999906616213996,-9.3383829609293409e-07,9.3383829609293409e-07,0.0072069905158230422
518,11,0.62310619343951568,-0.47303831976138555,0.47303831976138555,0.99962055373563807,-0.00037951827231169784,0.00037951827231169784,0.47265880148907385
519,3156,0.9914849620234748,-0.0085514980324387212,0.0085514980324387212,0.9999966891390798,-3.3108664010654294e-06,3.3108664010654294e-06,0.0085481871660376563
520,220,0.98814182043987531,-0.011929048580234056,0.011929048580234056,0.99999812445865643,-1.8755431023641682e-06,1.8755431023641682e-06,0.011927173037131693
521,9378,0.99997588245911517,-2.4117831717409022e-05,2.4117831717409022e-05,0.99999996508655753,-3.4913443082190011e-08,3.4913443082190011e-08,2.4082918274326831e-05
522,23,0.99990524598589714,-9.4758503548010597e-05,9.4758503548010597e-05,0.99999996886786324,-3.1132137272023716e-08,3.1132137272023716e-08,9.472737141073858e-05
523,13,0.95867592922197853,-0.042202186941543277,0.042202186941543277,0.99999581032265827,-4.189686118493094e-06,4.189686118493094e-06,0.042197997255424786
524,2468,0.041340766262894103,-3.1859061892715093,3.1859061892715093,0.99751910419593537,-0.0024839783253915622,0.0024839783253915622,3.1834222109461177
525,2204,0.88733403471484606,-0.11953377825803475,0.11953377825803475,0.99999758672026562,-2.4132826463092252e-06,2.4132826463092252e-06,0.11953136497538844
526,3115,0.98917986525346813,-0.010879098117985257,0.010879098117985257,0.99999940099947815,-5.9900070127348259e-07,5.9900070127348259e-07,0.010878499117283984
527,2391,0.72175647941380061,-0.32606748311354111,0.32606748311354111,0.99999592474768229,-4.0752606215439069e-06,4.0752606215439069e-06,0.3260634078529196
528,279,0.99115911278411206,-0.0088801997358225922,0.0088801997358225922,0.99999938773037356,-6.122698139283439e-07,6.122698139283439e-07,0.0088795874660086635
529,1317,0.00090622594422508015,-7.0062218964510556,7.0062218964510556,0.99999912335263685,-8.7664774738670578e-07,8.7664774738670578e-07,7.0062210198033084
530,15506,0.97554718091499693,-0.024756754209529316,0.024756754209529316,0.99999736413288964,-2.6358705842223386e-06,2.6358705842223386e-06,0.024754118338945093
531,4261,0.95684120091412517,-0.0441178355568074,0.0441178355568074,0.99999958589080207,-4.141092837188066e-07,4.141092837188066e-07,0.044117421447523682
532,11,0.94899204991769837,-0.052354857733222931,0.052354857733222931,0.992781416346186,-0.0072447636934162571,0.0072447636934162571,0.045110094039806675
533,1070,0.89881712047403772,-0.10667569070591716,0.10667569070591716,0.99998913046173632,-1.0869597337551058e-05,1.0869597337551058e-05,0.10666482110857961
534,1051,0.99846201895570852,-0.0015391649511776711,0.0015391649511776711,0.99999968722741472,-3.1277263417312754e-07,3.1277263417312754e-07,0.001538852178543498
535,2254,0.95386336064081212,-0.047234845631756631,0.047234845631756631,0.99999886377120273,-1.1362294427300142e-06,1.1362294427300142e-06,0.047233709402313903
536,5891,0.92687084302078826,-0.075941051040482613,0.075941051040482613,0.99998362376234728,-1.6376371744792556e-05,1.6376371744792556e-05,0.075924674668737827
537,337,0.99999218738389328,-7.8126466253113647e-06,7.8126466253113647e-06,0.99999898371723062,-1.0162832858082602e-06,1.0162832858082602e-06,6.7963633395031045e-06
538,2641,0.99999661573436094,-3.3842713656914361e-06,3.3842713656914361e-06,0.99999991687437673,-8.3125626702064363e-08,8.3125626702064363e-08,3.3011457389893719e-06
539,11,0.99664591686439041,-0.0033597206818454656,0.0033597206818454656,0.99999991364521146,-8.6354792252050278e-08,8.6354792252050278e-08,0.0033596343270532137
540,8620,0.96258967864904987,-0.038128044538107454,0.038128044538107454,0.99999512205989538,-4.8779520018031799e-06,4.8779520018031799e-06,0.03812316658610565
541,1672,0.057301073080675197,-2.8594359280253645,2.8594359280253645,0.9999982043212966,-1.7956803155837858e-06,1.7956803155837858e-06,2.859434132345049
542,852,0.99528963118663394,-0.0047214975613022276,0.0047214975613022276,0.99999349035134422,-6.509669843606477e-06,6.509669843606477e-06,0.0047149878914586208
543,5247,0.99996019817645576,-3.9802615657799626e-05,3.9802615657799626e-05,0.99999616386541001,-3.8361419479893677e-06,3.8361419479893677e-06,3.5966473709810257e-05
544,11,0.99875824799770396,-0.001242523615147673,0.001242523615147673,0.99999916838575797,-8.3161458779146206e-07,8.3161458779146206e-07,0.0012416920005598815
545,11191,0.75916836781039598,-0.27553169771460972,0.27553169771460972,0.99999919061946996,-8.0938085763625711e-07,8.0938085763625711e-07,0.27553088833375211
546,55066,0.99460802461124576,-0.0054065645546318517,0.0054065645546318517,0.99999742084355181,-2.5791597741671342e-06,2.5791597741671342e-06,0.0054039853948576848
547,8951,0.98609478706016551,-0.014002796078914406,0.014002796078914406,0.99999914188296668,-8.58117401548039e-07,8.58117401548039e-07,0.014001937961512858
548,11,0.99874155293034728,-0.0012592395791235012,0.0012592395791235012,0.99999952776830703,-4.7223180451407469e-07,4.7223180451407469e-07,0.0012587673473189872
549,2294,0.0006901277711829026,-7.2786338018884642,7.2786338018884642,0.99999936018929414,-6.3981091052046244e-07,6.3981091052046244e-07,7.2786331620775533
550,66579,0.9973207274065049,-0.002682868268274889,0.002682868268274889,0.99999677054105307,-3.2294641616395917e-06,3.2294641616395917e-06,0.0026796388041132493
551,11,0.99884173823058631,-0.00115893307299047,0.00115893307299047,0.99999904473049772,-9.5526995850034475e-07,9.5526995850034475e-07,0.0011579778030319696
552,24113,0.98767183991873275,-0.012404782238155262,0.012404782238155262,0.99999962788463737,-3.7211543184445047e-07,3.7211543184445047e-07,0.012404410122723418
553,52581,0.95368835234008353,-0.047418335599581557,0.047418335599581557,0.99998747292576651,-1.2527152697968076e-05,1.2527152697968076e-05,0.047405808446883586
554,323,0.67977533123153489,-0.38599293065226248,0.38599293065226248,0.82071134705000592,-0.19758381837892613,0.19758381837892613,0.18840911227333634
555,30215,0.20205474930328068,-1.5992165821497406,1.5992165821497406,0.99999360688534678,-6.393135089287618e-06,6.393135089287618e-06,1.5992101890146513
556,13865,0.0059847979549660334,-5.1185326991107836,5.1185326991107836,0.99999822319477527,-1.7768068032371666e-06,1.7768068032371666e-06,5.1185309223039805
557,11,0.9488161630469063,-0.052540215631975931,0.052540215631975931,0.99999901192441509,-9.8807607308957081e-07,9.8807607308957081e-07,0.052539227555902838
558,323,0.88729025336422895,-0.11958311980139145,0.11958311980139145,0.99999989225257468,-1.0774743116786146e-07,1.0774743116786146e-07,0.11958301205396028
559,264,0.56099187850084997,-0.57804885038981035,0.57804885038981035,0.99999954239988642,-4.5760021826827065e-07,4.5760021826827065e-07,0.57804839278959208
560,8013,0.6516198306666684,-0.42829396891337351,0.42829396891337351,0.99999770032638413,-2.2996762601585917e-06,2.2996762601585917e-06,0.42829166923711337
561,30747,0.99822509598786491,-0.0017764810205632038,0.0017764810205632038,0.9999651942950506,-3.4806310681993964e-05,3.4806310681993964e-05,0.0017416747098812099
562,315,0.98682485118130314,-0.013262711039149418,0.013262711039149418,0.99999982914129648,-1.7085871812125315e-07,1.7085871812125315e-07,0.013262540180431296
563,279,0.99572491256491058,-0.004284251749534897,0.004284251749534897,0.9999997975395708,-2.0246044967158054e-07,2.0246044967158054e-07,0.0042840492890852252
564,3363,0.99918126344063884,-0.00081907190719143178,0.00081907190719143178,0.99999888408599902,-1.1159146235751771e-06,1.1159146235751771e-06,0.00081795599256785656
565,2391,0.00015964504959912294,-8.7425576471193569,8.7425576471193569,0.99999556011637214,-4.4398934841945704e-06,4.4398934841945704e-06,8.7425532072258729
566,872,0.00077615120294525597,-7.161163207605429,7.161163207605429,0.99999767504422032,-2.3249584824114146e-06,2.3249584824114146e-06,7.1611608826469464
567,46025,0.00026793602896364944,-8.224762303843125,8.224762303843125,0.99999796199490143,-2.0380071752875403e-06,2.0380071752875403e-06,8.2247602658359504
568,4879,0.46307777198936673,-0.7698602649428582,0.7698602649428582,0.99998736504519292,-1.2635034628767619e-05,1.2635034628767619e-05,0.76984762990822941
569,311,0.96034693765609069,-0.040460666415356825,0.040460666415356825,0.99999952419814708,-4.7580196609788053e-07,4.7580196609788053e-07,0.040460190613390727
570,51630,0.20449521664121675,-1.5872106942803403,1.5872106942803403,0.99992271255024467,-7.7290436584133808e-05,7.7290436584133808e-05,1.5871334038437561
571,279,0.83629604639369959,-0.17877260610350046,0.17877260610350046,0.99999971436067925,-2.8563936155822867e-07,2.8563936155822867e-07,0.17877232046413891
572,26363,0.68373129850990944,-0.38019027697662366,0.38019027697662366,0.99999908574594609,-9.1425447186371652e-07,9.1425447186371652e-07,0.38018936272215181
573,13,0.69163661113100705,-0.3686945897160871,0.3686945897160871,0.96712085999859609,-0.033431806852097186,0.033431806852097186,0.33526278286398992
574,7365,0.84956370416084304,-0.16303235049832088,0.16303235049832088,0.99986120918983312,-0.0001388004425026875,0.0001388004425026875,0.16289355005581818
575,574,0.9878961416516755,-0.012177706545494681,0.012177706545494681,0.99999921625311738,-7.8374718977200084e-07,7.8374718977200084e-07,0.012176922798304908
576,6118,0.86172432433385837,-0.1488198688258352,0.1488198688258352,0.99998828585432731,-1.1714214283804768e-05,1.1714214283804768e-05,0.14880815461155139
577,6288,0.0073703676839844898,-4.9102876847465566,4.9102876847465566,0.99999341292671151,-6.5870949833782071e-06,6.5870949833782071e-06,4.9102810976515734
578,28101,0.95657395458873151,-0.044397175172533707,0.044397175172533707,0.9999913160899524,-8.6839477529184764e-06,8.6839477529184764e-06,0.044388491224780786
579,11,0.72466036264182898,-0.32205219921323808,0.32205219921323808,0.9473883107434028,-0.054046226817068971,0.054046226817068971,0.26800597239616908
580,323,0.97372363750339885,-0.026627755330905094,0.026627755330905094,0.9999997842650693,-2.1573495394504438e-07,2.1573495394504438e-07,0.026627539595951148
581,279,0.96720526592633049,-0.033344535190243836,0.033344535190243836,0.99999962149420485,-3.7850586673650061e-07,3.7850586673650061e-07,0.033344156684377096
582,3363,0.99490423408295392,-0.0051087936084088592,0.0051087936084088592,0.99999726810351952,-2.7319002120884573e-06,2.7319002120884573e-06,0.0051060617081967706
583,6052,0.087228914499824659,-2.4392194147297124,2.4392194147297124,0.99999630412691509,-3.6958799146533057e-06,3.6958799146533057e-06,2.4392157188497978
584,311,0.99816419471545659,-0.0018374924402405593,0.0018374924402405593,0.99999977711983223,-2.2288019255534794e-07,2.2288019255534794e-07,0.0018372695600480039
585,279,0.010967675250861498,-4.5128029459440704,4.5128029459440704,0.99999278907548195,-7.21095051693724e-06,7.21095051693724e-06,4.5127957349935537
586,2626,0.0057213481112924434,-5.1635508175671072,5.1635508175671072,0.99999656782551205,-3.432180377922093e-06,3.432180377922093e-06,5.1635473853867291
587,315,0.92813229152821441,-0.074581000829916783,0.074581000829916783,0.9999998611257459,-1.3887426377127123e-07,1.3887426377127123e-07,0.074580861955653013
588,6696,0.30210500949665364,-1.196980608480541,1.196980608480541,0.99999816355130833,-1.8364503779206645e-06,1.8364503779206645e-06,1.196978772030163
589,382,0.34164873901609727,-1.0739721486267966,1.0739721486267966,0.99886638255111948,-0.0011342604791535595,0.0011342604791535595,1.072837888147643
590,644,0.58127787027620648,-0.54252637436779028,0.54252637436779028,0.99998610633697049,-1.3893759547369764e-05,1.3893759547369764e-05,0.54251248060824286
591,279,0.98551939810704614,-0.014586469065022086,0.014586469065022086,0.99999757267748723,-2.4273254587625506e-06,2.4273254587625506e-06,0.014584041739563323
592,220,0.9017276691868914,-0.10344272336772817,0.10344272336772817,0.99999977343172053,-2.2656830509679883e-07,2.2656830509679883e-07,0.10344249679942306
593,777,0.98915515168033397,-0.010904082332411939,0.010904082332411939,0.99999997961195231,-2.0388047930805785e-08,2.0388047930805785e-08,0.010904061944364008
594,339,0.99964060224805462,-0.00035946235079569269,0.00035946235079569269,0.99999983652642321,-1.634735901809328e-07,1.634735901809328e-07,0.00035929887720551176
595,9478,0.99112307290643353,-0.0089165617411341037,0.0089165617411341037,0.99999650320241107,-3.4968037027691989e-06,3.4968037027691989e-06,0.008913064937431334
596,11,0.96682395767554175,-0.033738850075537279,0.033738850075537279,0.99979854659255363,-0.00020147370190970394,0.00020147370190970394,0.033537376373627574
597,57664,0.99266951804450987,-0.0073574819679969082,0.0073574819679969082,0.99999959047735631,-4.0952272758535606e-07,4.0952272758535606e-07,0.0073570724452693232
598,574,0.62235396407346621,-0.47424627403110664,0.47424627403110664,0.99999920249340268,-7.9750691535452371e-07,7.9750691535452371e-07,0.4742454765241913
599,832,0.31286283987449554,-1.1619903957481912,1.1619903957481912,0.99999984833527644,-1.5166473503828517e-07,1.5166473503828517e-07,1.1619902440834562
600,315,0.99917745005339842,-0.00082288842643264302,0.00082288842643264302,0.99999996570665528,-3.4293345352722296e-08,3.4293345352722296e-08,0.00082285413308729025
601,279,0.99889815663930126,-0.0011024508363641928,0.0011024508363641928,0.99999993440281842,-6.5597183753879695e-08,6.5597183753879695e-08,0.0011023852391804389
602,1455,0.86915555668307787,-0.14023316319671356,0.14023316319671356,0.99999991714462366,-8.285537978855171e-08,8.285537978855171e-08,0.14023308034133378
603,6617,0.97751789918955723,-0.022738676098901192,0.022738676098901192,0.99999917509758818,-8.2490275204563778e-07,8.2490275204563778e-07,0.022737851196149145
604,9919,0.96194928847228589,-0.038793544391671916,0.038793544391671916,0.99999945959539649,-5.4040474948066273e-07,5.4040474948066273e-07,0.038793003986922439
605,304,0.99321969394335574,-0.0068033967656598868,0.0068033967656598868,0.99999994889891708,-5.1101084279598511e-08,5.1101084279598511e-08,0.0068033456645756069
606,13936,0.61335375944457049,-0.48881341415952828,0.48881341415952828,0.99999818861503798,-1.8113866026163554e-06,1.8113866026163554e-06,0.48881160277292568
607,13,0.72327476515601263,-0.32396609422437239,0.32396609422437239,0.99999726731552774,-2.7326882060482283e-06,2.7326882060482283e-06,0.32396336153616634
608,13538,0.71053317260798232,-0.34173964343146057,0.34173964343146057,0.9999926954252284,-7.3046014501463642e-06,7.3046014501463642e-06,0.34173233883001042
609,279,0.99729313973167588,-0.0027105304391694266,0.0027105304391694266,0.99999987880266517,-1.2119734214527858e-07,1.2119734214527858e-07,0.0027104092418272813
610,15506,0.88168822196337149,-0.12591677530505296,0.12591677530505296,0.99999296404328741,-7.0359814650776823e-06,7.0359814650776823e-06,0.1259097393235879
611,24145,0.99038532699696891,-0.0096611923907837204,0.0096611923907837204,0.99442489959722291,-0.005590699278910637,0.005590699278910637,0.0040704931118730834
612,5111,0.95769020621287293,-0.043230928869103305,0.043230928869103305,0.99999662595732053,-3.3740483715907865e-06,3.3740483715907865e-06,0.043227554820731713
613,11,0.96373278197821155,-0.036941219915851656,0.036941219915851656,0.9999997514680925,-2.4853193834285247e-07,2.4853193834285247e-07,0.036940971383913314
614,57664,0.94491531620030222,-0.056659967990285671,0.056659967990285671,0.99999925888195873,-7.4111831586883381e-07,7.4111831586883381e-07,0.056659226871969802
615,5602,0.55693710861744716,-0.58530295634997342,0.58530295634997342,0.99999964051419066,-3.5948587395743571e-07,3.5948587395743571e-07,0.58530259686409947
616,279,0.89309277827950517,-0.11306480845251712,0.11306480845251712,0.99999980732915716,-1.9267086135611345e-07,1.9267086135611345e-07,0.11306461578165576
617,10205,0.55160053836615974,-0.59493115705520017,0.59493115705520017,0.99999982464192316,-1.7535809221505321e-07,1.7535809221505321e-07,0.5949309816971079
618,315,0.99807138638698556,-0.0019304757829045475,0.0019304757829045475,0.99999983165325002,-1.6834676412504121e-07,1.6834676412504121e-07,0.0019303074361404224
619,279,0.99612676413908541,-0.0038807562640760353,0.0038807562640760353,0.99999979993546162,-2.0006455844653171e-07,2.0006455844653171e-07,0.0038805561995175889
620,57281,0.99486854790932477,-0.0051446632051345862,0.0051446632051345862,0.99999848619164788,-1.5138094979171773e-06,1.5138094979171773e-06,0.0051431493956366689
621,22910,0.99464412256772305,-0.0053702715622804559,0.0053702715622804559,0.999999535970992,-4.6402911560674296e-07,4.6402911560674296e-07,0.005369807533164849
622,13,0.65802279103259675,-0.41851571142900634,0.41851571142900634,0.99994532144300252,-5.46800519242896e-05,5.46800519242896e-05,0.41846103137708207
623,9636,0.79811817388119133,-0.22549860492579499,0.22549860492579499,0.99999530865658115,-4.6913544232688491e-06,4.6913544232688491e-06,0.22549391357137172
624,279,0.26058655888235022,-1.3448201932027195,1.3448201932027195,0.99985786170211788,-0.00014214840048736179,0.00014214840048736179,1.3446780448022322
625,3778,0.73703538392817869,-0.3051193771879141,0.3051193771879141,0.9999993374622167,-6.6253800280632995e-07,6.6253800280632995e-07,0.3051187146499113
626,6037,0.92346460068740777,-0.079622811764138809,0.079622811764138809,0.99999914096584253,-8.5903452646932766e-07,8.5903452646932766e-07,0.079621952729612339
627,2768,0.69836263082148264,-0.35901678273037912,0.35901678273037912,0.99997568774969525,-2.4312545852245338e-05,2.4312545852245338e-05,0.3589924701845269
628,279,0.98558407406728665,-0.014520844950228755,0.014520844950228755,0.99999967970871739,-3.2029133389857621e-07,3.2029133389857621e-07,0.014520524658894857
629,15506,0.97447598107344346,-0.025855407774453654,0.025855407774453654,0.9999946393411645,-5.3606732038524189e-06,5.3606732038524189e-06,0.025850047101249801
630,24145,0.98788711303318122,-0.012186845825800775,0.012186845825800775,0.99998497905810868,-1.5021054706780876e-05,1.5021054706780876e-05,0.012171824771093994
631,5111,0.97705797781986914,-0.023209285998047276,0.023209285998047276,0.9999977576591571,-2.2423433569304084e-06,2.2423433569304084e-06,0.023207043654690347
632,11,0.99168628749711296,-0.0083484641548767502,0.0083484641548767502,0.99999885269498012,-1.1473056780023718e-06,1.1473056780023718e-06,0.0083473168491987482
633,279,0.99785237888421019,-0.0021499305611531821,0.0021499305611531821,0.99999879883917975,-1.2011615415922412e-06,1.2011615415922412e-06,0.0021487293996115897
634,3723,0.96633588158742489,-0.034243801697823775,0.034243801697823775,0.99999789371323344,-2.1062889847796696e-06,2.1062889847796696e-06,0.034241695408838993
635,4273,0.99960000528861637,-0.00040007473060708237,0.00040007473060708237,0.99999559041737485,-4.4095923474437906e-06,4.4095923474437906e-06,0.00039566513825963856
636,5614,0.80773628591591207,-0.21351965255114008,0.21351965255114008,0.99998328053914998,-1.6719600621775494e-05,1.6719600621775494e-05,0.21350293295051831
637,279,0.99707674946321156,-0.0029275315787131921,0.0029275315787131921,0.99999974224607024,-2.5775396292824786e-07,2.5775396292824786e-07,0.0029272738247502639
638,4033,0.84584657075264358,-0.16741729427175761,0.16741729427175761,0.9999995393182799,-4.6068182626546989e-07,4.6068182626546989e-07,0.16741683358993134
639,4221,0.99749857762146166,-0.0025045561625320692,0.0025045561625320692,0.99999866425328221,-1.3357476099180967e-06,1.3357476099180967e-06,0.0025032204149221509
640,505,0.47436530896139528,-0.74577756010780638,0.74577756010780638,0.99999969845498493,-3.0154506053150965e-07,3.0154506053150965e-07,0.7457772585627459
641,15506,0.99943815307019468,-0.00056200482493633025,0.00056200482493633025,0.99999743558262222,-2.5644206659472576e-06,2.5644206659472576e-06,0.00055944040427038304
642,311,0.99810602829614326,-0.0018957675361262021,0.0018957675361262021,0.99999994663111402,-5.3368887439639355e-08,5.3368887439639355e-08,0.0018957141672387625
643,6498,0.99472926108201987,-0.0052846782643621061,0.0052846782643621061,0.99999857239253387,-1.4276084851341701e-06,1.4276084851341701e-06,0.0052832506558769723
644,323,0.91978440397964711,-0.083615979902163309,0.083615979902163309,0.99999393370953382,-6.0663088662075752e-06,6.0663088662075752e-06,0.0836099135932971
645,1903,0.059956809709073147,-2.8141308141500541,2.8141308141500541,0.9999992721098574,-7.2789040749057754e-07,7.2789040749057754e-07,2.8141300862596466
646,1063,0.085478186481014809,-2.4594940644673509,2.4594940644673509,0.99999901215116882,-9.8784931914259986e-07,9.8784931914259986e-07,2.4594930766180316
647,4442,0.77218960558995264,-0.25852515601707027,0.25852515601707027,0.99999908295086082,-9.1704955968575646e-07,9.1704955968575646e-07,0.25852423896751059
648,304,0.56668198990128249,-0.56795699696927737,0.56795699696927737,0.99999979318347887,-2.0681654248812513e-07,2.0681654248812513e-07,0.56795679015273492
649,6873,0.73178109753581544,-0.31227385682654007,0.31227385682654007,0.99999910702792971,-8.9297246894985442e-07,8.9297246894985442e-07,0.31227296385407111
650,11,0.013941393579974598,-4.2728929087773606,4.2728929087773606,0.99999989786344501,-1.0213656021151889e-07,1.0213656021151889e-07,4.2728928066408001
651,2254,3.0636397931169328e-05,-10.393321780995887,10.393321780995887,0.99999840535372897,-1.5946475424340896e-06,1.5946475424340896e-06,10.393320186348344
652,7016,0.004496704540395695,-5.4044104748428436,5.4044104748428436,0.99999827524129381,-1.7247601936325874e-06,1.7247601936325874e-06,5.4044087500826503
653,11,0.7547734874793689,-0.28133759133070851,0.28133759133070851,0.99952484560691157,-0.00047526731470864117,0.00047526731470864117,0.28086232401599986
654,323,0.96450258621145657,-0.036142765238749083,0.036142765238749083,0.99999999039159981,-9.6084002514619872e-09,9.6084002514619872e-09,0.036142755630348834
655,16036,0.0013450062242132237,-6.6113566382712179,6.6113566382712179,0.99999859245140998,-1.4075495806101845e-06,1.4075495806101845e-06,6.611355230721637
656,9293,0.514821437164519,-0.66393516239343842,0.66393516239343842,0.99999926230887759,-7.3769139454691876e-07,7.3769139454691876e-07,0.66393442470204389
657,382,0.56346713018566363,-0.57364627872865359,0.57364627872865359,0.99263564457078268,-0.0073916061665013936,0.0073916061665013936,0.56625467256215223
658,92459,0.11518371040145475,-2.1612269434838094,2.1612269434838094,0.99970725974188468,-0.00029278311490881675,0.00029278311490881675,2.1609341603689005
659,279,0.99889848965421812,-0.0011021174541678681,0.0011021174541678681,0.99999996387778567,-3.6122215010663063e-08,3.6122215010663063e-08,0.0011020813319528575
660,842,0.99017437540347275,-0.0098742145925766172,0.0098742145925766172,0.99999977844226651,-2.2155775802090774e-07,2.2155775802090774e-07,0.009873993034818597
661,315,0.99956051773665444,-0.00043957886397934817,0.00043957886397934817,0.9999999945287732,-5.4712267899756688e-09,5.4712267899756688e-09,0.00043957339275255819
662,4435,0.95693611077734975,-0.044018649656000164,0.044018649656000164,0.99999854701561919,-1.4529854364282368e-06,1.4529854364282368e-06,0.044017196670563738
663,5111,0.99984146589832323,-0.00015854666953574116,0.00015854666953574116,0.99999965422999326,-3.4577006653028792e-07,3.4577006653028792e-07,0.00015820089946921089
664,8105,0.98388885385923175,-0.016242341704688447,0.016242341704688447,0.99999554840634319,-4.4516035652198093e-06,4.4516035652198093e-06,0.016237890101123226
665,11,0.99300834854223419,-0.0070162075783143079,0.0070162075783143079,0.99999934739316365,-6.5260704928234907e-07,6.5260704928234907e-07,0.0070155549712650252
666,2391,0.069764778102756136,-2.6626260082815096,2.6626260082815096,0.99999759747859807,-2.4025242880308268e-06,2.4025242880308268e-06,2.6626236057572217
667,279,0.99650246560621181,-0.0035036650662052908,0.0035036650662052908,0.99999989846952386,-1.0153048130844478e-07,1.0153048130844478e-07,0.0035035635357239824
668,16506,0.92811829592926121,-0.074596080258360439,0.074596080258360439,0.99998973166452887,-1.0268388190820377e-05,1.0268388190820377e-05,0.074585811870169619
669,315,0.99503261235030505,-0.0049797661292108261,0.0049797661292108261,0.99999995835519395,-4.1644806957280828e-08,4.1644806957280828e-08,0.0049797244844038691
670,57664,0.99945897130372507,-0.00054117510510996952,0.00054117510510996952,0.99999813605605903,-1.8639456781558879e-06,1.8639456781558879e-06,0.00053931115943181367
671,11,0.956237000002499,-0.044749488702429702,0.044749488702429702,0.99934312238603717,-0.00065709345258756538,0.00065709345258756538,0.04409239524984214
672,1455,0.58275744020736087,-0.53998423373917448,0.53998423373917448,0.99999682219288066,-3.1778121685638558e-06,3.1778121685638558e-06,0.53998105592700596
673,315,0.99757559932901119,-0.002427344288930921,0.002427344288930921,0.99999996344173603,-3.6558264635656458e-08,3.6558264635656458e-08,0.0024273077306662854
674,279,0.9966469848324272,-0.003358649120274235,0.003358649120274235,0.99999993265752096,-6.7342481322022597e-08,6.7342481322022597e-08,0.0033585817777929132
675,3363,0.99773861515769302,-0.0022639456343621659,0.0022639456343621659,0.99999910571408634,-8.9428631347466643e-07,8.9428631347466643e-07,0.0022630513480486913
676,574,0.97142993500375796,-0.028986133193898367,0.028986133193898367,0.99999937223962898,-6.2776056810665961e-07,6.2776056810665961e-07,0.028985505433330259
677,68461,0.29997103207333115,-1.2040693687436921,1.2040693687436921,0.99996668147247436,-3.3319082600137278e-05,3.3319082600137278e-05,1.204036049661092
678,555,0.41269030192393941,-0.88505784159362855,0.88505784159362855,0.99999979752472179,-2.0247529867948386e-07,2.0247529867948386e-07,0.88505763911832991
679,37295,0.00255364629103946,-5.9702330231164096,5.9702330231164096,0.99988261584417815,-0.00011739104588101321,0.00011739104588101321,5.9701156320705282
680,41884,0.1074579184965934,-2.230655963898903,2.230655963898903,0.9999994144938682,-5.8550630322854933e-07,5.8550630322854933e-07,2.2306553783925995
681,86562,0.21910112194745759,-1.518221911684299,1.518221911684299,0.99998473548801592,-1.5264628487881287e-05,1.5264628487881287e-05,1.5182066470558111
682,479,0.68065852954843054,-0.38469452362721462,0.38469452362721462,0.99999934648802047,-6.5351219309510925e-07,6.5351219309510925e-07,0.38469387011502154
683,555,0.32662876872915703,-1.118931016810202,1.118931016810202,0.99999970346818512,-2.9653185884473927e-07,2.9653185884473927e-07,1.1189307202783432
684,279,0.67905476783135676,-0.38705349513080278,0.38705349513080278,0.99999983214989285,-1.6785012125953778e-07,1.6785012125953778e-07,0.38705332728068154
685,3723,0.36008595464698961,-1.0214125131230039,1.0214125131230039,0.99999867472183657,-1.3252790416233647e-06,1.3252790416233647e-06,1.0214111878439622
686,4273,0.9992654740018645,-0.00073479589452850867,0.00073479589452850867,0.99999679000462371,-3.2100005283191179e-06,3.2100005283191179e-06,0.00073158589400018951
687,6690,0.0814055833051643,-2.5083114173533612,2.5083114173533612,0.99999963251375257,-3.6748631491234055e-07,3.6748631491234055e-07,2.5083110498670464
688,11994,0.87339474959088392,-0.13536764940869048,0.13536764940869048,0.9999992588675638,-7.4113271078785812e-07,7.4113271078785812e-07,0.13536690827597969
689,13,0.3988130082635965,-0.91926262291189109,0.91926262291189109,0.99999436952976617,-5.6304860850325057e-06,5.6304860850325057e-06,0.91925699242580605
690,1666,0.069011221633738809,-2.6734861552350622,2.6734861552350622,0.99999509753787186,-4.9024741452154307e-06,4.9024741452154307e-06,2.6734812527609169
691,264,0.96766915338532666,-0.032865033819762808,0.032865033819762808,0.99999997986102795,-2.013897228685814e-08,2.013897228685814e-08,0.03286501368079052
692,1121,0.98095026141942598,-0.019233522619156593,0.019233522619156593,0.99999720028396455,-2.7997199546279562e-06,2.7997199546279562e-06,0.019230722899201965
693,11,0.96092753640308037,-0.039856277222138879,0.039856277222138879,0.99999992162861029,-7.8371392746418205e-08,7.8371392746418205e-08,0.039856198850746136
694,12309,0.0046751651449239142,-5.3654907917479893,5.3654907917479893,0.99999435921455138,-5.640801357932934e-06,5.640801357932934e-06,5.3654851509466317
695,2697,0.79121586952717504,-0.23418444133285446,0.23418444133285446,0.99999829445898791,-1.7055424665439424e-06,1.7055424665439424e-06,0.23418273579038792
696,8625,0.46219455266679327,-0.77176936687380648,0.77176936687380648,0.99999936091792729,-6.3908227694439391e-07,6.3908227694439391e-07,0.7717687277915295
697,315,0.96207004595113232,-0.03866801812814176,0.03866801812814176,0.99999993787019725,-6.2129804702726093e-08,6.2129804702726093e-08,0.038667955998337056
698,57664,0.59462628472977019,-0.51982216366062306,0.51982216366062306,0.99999912997536233,-8.7002501614512813e-07,8.7002501614512813e-07,0.51982129363560692
699,596,0.98264285614317037,-0.017509545153745101,0.017509545153745101,0.99991129440549809,-8.8709529075880824e-05,8.8709529075880824e-05,0.017420835624669222
700,864,0.95696335711920943,-0.043990177583857849,0.043990177583857849,0.99997792332669755,-2.2076916995765237e-05,2.2076916995765237e-05,0.043968100666862082
701,11710,0.13040119389079613,-2.0371394739272319,2.0371394739272319,0.98941132671969589,-0.010645132184827804,0.010645132184827804,2.0264943417424042
702,323,0.0001836646628876997,-8.6023989474063161,8.6023989474063161,0.99999978188228311,-2.181177407289582e-07,2.181177407289582e-07,8.6023987292885753
703,37683,0.48196101045649437,-0.72989205937250268,0.72989205937250268,0.99999926190384503,-7.380964273662034e-07,7.380964273662034e-07,0.72989132127607537
704,18112,0.61520369316263412,-0.48580185761848443,0.48580185761848443,0.99999848631157784,-1.5136895678107987e-06,1.5136895678107987e-06,0.48580034392891663
705,11,0.64891050707053177,-0.43246046536015093,0.43246046536015093,0.99999135943471051,-8.6406026194276748e-06,8.6406026194276748e-06,0.43245182475753152
706,8051,0.72676064839888233,-0.31915808757084702,0.31915808757084702,0.99998491901107722,-1.5081102642000216e-05,1.5081102642000216e-05,0.31914300646820504
707,1070,0.22790210039074316,-1.4788391264906375,1.4788391264906375,0.99999964875574532,-3.5124431634106787e-07,3.5124431634106787e-07,1.4788387752463212
708,527,0.72951918975354402,-0.31536960601429082,0.31536960601429082,0.99999963075308607,-3.6924698209751939e-07,3.6924698209751939e-07,0.31536923676730871
709,14529,0.64551602568135613,-0.43770524223157237,0.43770524223157237,0.99999991123051279,-8.8769491147947777e-08,8.8769491147947777e-08,0.43770515346208122
710,35093,0.66895666398768094,-0.40203599824998421,0.40203599824998421,0.999997603598894,-2.396403977358682e-06,2.396403977358682e-06,0.40203360184600684
711,7224,0.1598993248903855,-1.8332108812250283,1.8332108812250283,0.99999570968535045,-4.2903238529256164e-06,4.2903238529256164e-06,1.8332065909011754
712,11,0.0093981415935523414,-4.667243312065537,4.667243312065537,0.99999987599413787,-1.2400586987771834e-07,1.2400586987771834e-07,4.6672431880596674
713,5423,0.20971918031280595,-1.5619858797691073,1.5619858797691073,0.99999368332775707,-6.3166921932304065e-06,6.3166921932304065e-06,1.561979563076914
714,2949,0.12608383803271872,-2.0708082120865381,2.0708082120865381,0.99999966639801241,-3.3360204318909473e-07,3.3360204318909473e-07,2.0708078784844948
715,279,0.8541107784947487,-0.15769437639915085,0.15769437639915085,0.99999997578847621,-2.4211524047856798e-08,2.4211524047856798e-08,0.15769435218762681
716,2362,0.053370140946042213,-2.9305038477171137,2.9305038477171137,0.99999983806502835,-1.6193498474396928e-07,1.6193498474396928e-07,2.9305036857821292
717,289,0.77057240111407943,-0.26062166223279554,0.26062166223279554,0.99999003994463964,-9.9601049619936792e-06,9.9601049619936792e-06,0.26061170212783352
718,4841,0.99999973575343992,-2.6424659499762363e-07,2.6424659499762363e-07,0.99999925818127389,-7.4181900130300024e-07,7.4181900130300024e-07,-4.7757240630537661e-07
719,3363,0.97580735199751378,-0.024490097300525475,0.024490097300525475,0.99999902731337498,-9.7268709809440248e-07,9.7268709809440248e-07,0.024489124613427379
720,11,0.058259609777973481,-2.8428462254140028,2.8428462254140028,0.99999987870673401,-1.2129327339658076e-07,1.2129327339658076e-07,2.8428461041207296
721,61894,0.86149969981039065,-0.14908057146413731,0.14908057146413731,0.99999932832466065,-6.716755649681982e-07,6.716755649681982e-07,0.14907989978857233
722,309,0.99998981959624522,-1.0180455575415235e-05,1.0180455575415235e-05,0.99999997322342571,-2.677657459881764e-08,2.677657459881764e-08,1.0153679000816418e-05
723,44486,0.9999866198795021,-1.3380210012500522e-05,1.3380210012500522e-05,0.99998556164261265,-1.443846162138963e-05,1.443846162138963e-05,-1.0582516088891079e-06
724,13,0.60971290064439676,-0.49476708728877611,0.49476708728877611,0.97606866008824511,-0.024222346592309974,0.024222346592309974,0.47054474069646612
725,4815,0.0056027113777200261,-5.1845046238228694,5.1845046238228694,2.3589586912582307e-05,-10.654705175822119,10.654705175822119,-5.47020055199925
726,2028,0.029817161661500516,-3.5126711565532562,3.5126711565532562,0.21822222277941625,-1.5222413648506121,1.5222413648506121,1.9904297917026441
727,374,0.30132317018508992,-1.1995719350887168,1.1995719350887168,0.43234352470187531,-0.83853481066975444,0.83853481066975444,0.36103712441896241
728,264,0.66928308181269713,-0.40154816663010595,0.40154816663010595,0.65507270890545188,-0.42300904354506913,0.42300904354506913,-0.021460876914963178
729,10015,0.48408097179566512,-0.72550308915962269,0.72550308915962269,0.39711124216204668,-0.92353883058828767,0.92353883058828767,-0.19803574142866498
730,3925,0.44413823941356267,-0.81161941497872825,0.81161941497872825,0.72215183812304995,-0.32551986009021211,0.32551986009021211,0.48609955488851614
731,315,0.98651390797108995,-0.013577855320732546,0.013577855320732546,0.99822731090535821,-0.0017742621672755775,0.0017742621672755775,0.011803593153456969
732,57664,0.93218003666958826,-0.070229310559667968,0.070229310559667968,0.98421646979381305,-0.015909416496194765,0.015909416496194765,0.054319894063473206
733,11,0.56145722971010537,-0.57721967919173478,0.57721967919173478,0.8372979889861647,-0.17757525155874518,0.17757525155874518,0.39964442763298957
734,505,0.26993491005334597,-1.3095744229232367,1.3095744229232367,0.40363360769193946,-0.90724772416778665,0.90724772416778665,0.40232669875545002
735,1202,0.76878027806462823,-0.26295007453669206,0.26295007453669206,0.99671420619333784,-0.0032912038813093071,0.0032912038813093071,0.25965887065538273
736,36330,0.46902599789838367,-0.75709707945303362,0.75709707945303362,0.98175362845564029,-0.018414889624924449,0.018414889624924449,0.73868218982810918
737,555,0.52359204326279518,-0.64704244127500488,0.64704244127500488,0.83570260581352074,-0.17948246385884598,0.17948246385884598,0.4675599774161589
738,15506,0.44832493893322217,-0.8022369993586167,0.8022369993586167,0.88939315193225033,-0.11721590058410368,0.11721590058410368,0.685021098774513
739,39879,0.92804577081556594,-0.07467422541269407,0.07467422541269407,0.91466617197865363,-0.089196119644281494,0.089196119644281494,-0.014521894231587423
740,380,0.99998494894755285,-1.5051165715349395e-05,1.5051165715349395e-05,0.99999961367748202,-3.8632259256704903e-07,3.8632259256704903e-07,1.4664843122782347e-05
741,67987,0.93497572849087074,-0.067234708863679715,0.067234708863679715,0.95592625963442768,-0.045074503179348066,0.045074503179348066,0.022160205684331649
742,304,0.65925289133051634,-0.41664806797069626,0.41664806797069626,0.68959136484368655,-0.37165608168946712,0.37165608168946712,0.044991986281229135
743,220,0.81408862315450026,-0.20568604525172574,0.20568604525172574,0.99348168605123222,-0.0065396509284309451,0.0065396509284309451,0.19914639432329478
744,10895,0.99955223328769338,-0.00044786698975597656,0.00044786698975597656,0.9999997939507268,-2.0604929438158917e-07,2.0604929438158917e-07,0.00044766094046159495
745,16,0.99989875106581483,-0.0001012540602045166,0.0001012540602045166,0.99999985105487443,-1.4894513667864614e-07,1.4894513667864614e-07,0.00010110511506783795
746,311,0.76537819381776484,-0.26738519631307139,0.26738519631307139,0.99782939054692144,-0.0021729686403117246,0.0021729686403117246,0.26521222767275965
747,279,0.59147321506954353,-0.525138879649793,0.525138879649793,0.51118701037743652,-0.67101978630144077,0.67101978630144077,-0.14588090665164777
748,3118,0.56841661079026895,-0.56490065941725143,0.56490065941725143,0.99395512915644946,-0.0060632150381928103,0.0060632150381928103,0.55883744437905858
749,1938,0.92289594997214719,-0.080238781091513334,0.080238781091513334,0.99980653203207959,-0.00019348668526193778,0.00019348668526193778,0.080045294406251397
750,13,0.92993398479508971,-0.072641679445626675,0.072641679445626675,0.97673252854734571,-0.023542432540087369,0.023542432540087369,0.049099246905539309
751,578,0.051043624620151086,-2.9750746271819768,2.9750746271819768,0.10993044097059707,-2.2079074680231066,2.2079074680231066,0.76716715915887024
752,3363,0.9975344024899887,-0.0024686421010723368,0.0024686421010723368,0.99998606252917621,-1.3937567951270467e-05,1.3937567951270467e-05,0.0024547045331210662
753,706,0.9499323027926323,-0.051364557144962346,0.051364557144962346,0.9993220925128895,-0.00067813737028992913,0.00067813737028992913,0.05068641977467242
754,264,0.52804619710587464,-0.63857150458459577,0.63857150458459577,0.76354627136036934,-0.26978155188952063,0.26978155188952063,0.36878995269507514
755,9257,0.96192389167878467,-0.038819946125179826,0.038819946125179826,0.99557724037039708,-0.0044325689645456964,0.0044325689645456964,0.034387377160634128
756,323,0.92768593054160897,-0.075062040395004068,0.075062040395004068,0.99399916263846955,-0.0060189147419444132,0.0060189147419444132,0.069043125653059659
757,6485,0.79134325212224443,-0.23402345828507837,0.23402345828507837,0.8936521905962419,-0.11243862805770941,0.11243862805770941,0.12158483022736896
758,3925,0.93698147282457367,-0.065091769805183858,0.065091769805183858,0.98997127950854258,-0.010079346871748667,0.010079346871748667,0.055012422933435189
759,11,0.94925700878311103,-0.052075696401975166,0.052075696401975166,0.99986636550707864,-0.00013364342280576842,0.00013364342280576842,0.051942052979169401
760,449,0.52481292801672008,-0.64471340747747274,0.64471340747747274,0.83999813703052917,-0.17435560496803579,0.17435560496803579,0.47035780250943693
761,5370,0.32094397301753219,-1.1364887099719978,1.1364887099719978,0.57851845442194949,-0.54728483238712078,0.54728483238712078,0.58920387758487702
762,27833,0.5344311734909386,-0.62655232483278755,0.62655232483278755,0.63955294210792213,-0.44698587466911716,0.44698587466911716,0.1795664501636704
763,323,0.94887329121942288,-0.052480007495807585,0.052480007495807585,0.99957367526135144,-0.00042641564087684078,0.00042641564087684078,0.052053591854930741
764,991,0.91171078646010018,-0.092432459310559809,0.092432459310559809,0.98250844919794844,-0.017646335583129457,0.017646335583129457,0.074786123727430348
765,19505,0.99999661153854147,-3.3884671993741226e-06,3.3884671993741226e-06,0.99999840487765801,-1.5951236141895525e-06,1.5951236141895525e-06,1.79334358518457e-06
766,9564,0.66004893042258961,-0.41544130970575405,0.41544130970575405,0.79427339167852251,-0.23032755498696936,0.23032755498696936,0.18511375471878469
767,872,0.99982710573683142,-0.00017290921110470182,0.00017290921110470182,0.99999128499155787,-8.7150464180234527e-06,8.7150464180234527e-06,0.00016419416468667835
768,1906,0.99093335891231304,-0.0091079932177099959,0.0091079932177099959,0.9988334124601973,-0.0011672685327234283,0.0011672685327234283,0.0079407246849865672
769,389,0.98246039492964465,-0.017695246555389392,0.017695246555389392,0.99812668766486401,-0.0018750691791096436,0.0018750691791096436,0.015820177376279748
770,279,0.66641889385979458,-0.40583683640087409,0.40583683640087409,0.73502436798946957,-0.30785162659170351,0.30785162659170351,0.097985209809170581
771,3363,0.98967406257243928,-0.010379619786314321,0.010379619786314321,0.99831177048759034,-0.0016896561777714717,0.0016896561777714717,0.0086899636085428483
772,13,0.65355147643639588,-0.42533397865069372,0.42533397865069372,0.8928339054370682,-0.11335471155616669,0.11335471155616669,0.31197926709452706
773,5659,0.33382092977601241,-1.0971505681741891,1.0971505681741891,0.56674782940080615,-0.56784081950777698,0.56784081950777698,0.52930974866641212
774,1202,0.77878114436349954,-0.25002521691804519,0.25002521691804519,0.72993912993655463,-0.31479413196486522,0.31479413196486522,-0.06476891504682003
775,4216,0.75814367846150132,-0.27688236188048149,0.27688236188048149,0.8096209633566066,-0.21118908731009678,0.21118908731009678,0.065693274570384708
776,2919,0.97734972142590937,-0.022910736613167344,0.022910736613167344,0.99528832065152406,-0.0047228142995978254,0.0047228142995978254,0.01818792231356952
777,439,0.99984386844986872,-0.00015614373993055359,0.00015614373993055359,0.99999665791451353,-3.3420910712967246e-06,3.3420910712967246e-06,0.00015280164885925687
778,264,0.9881345679308613,-0.011936388149797073,0.011936388149797073,0.99898520171463989,-0.001015313541757182,0.001015313541757182,0.010921074608039892
779,348,0.20534494882383533,-1.5830640367694395,1.5830640367694395,0.50042456124602042,-0.69229841836846251,0.69229841836846251,0.89076561840097701
780,395,0.99998343715750693,-1.6562979658502796e-05,1.6562979658502796e-05,0.999993848837051,-6.1511818675062632e-06,6.1511818675062632e-06,1.0411797790996533e-05
781,278,0.99999956352940367,-4.3647069159315283e-07,4.3647069159315283e-07,0.99999998273791035,-1.7262089830662856e-08,1.7262089830662856e-08,4.1920860176248997e-07
782,1614,0.99992270807254058,-7.7294914634320412e-05,7.7294914634320412e-05,0.99999838192913537,-1.6180721736769578e-06,1.6180721736769578e-06,7.5676842460643454e-05
783,315,0.98545658482360465,-0.01465020731856421,0.01465020731856421,0.99997452053131475,-2.5479793292462127e-05,2.5479793292462127e-05,0.014624727525271749
784,3320,0.60877442542931182,-0.49630748148175963,0.49630748148175963,0.98895108819226329,-0.011110404404180685,0.011110404404180685,0.48519707707757892
785,96323,0.9999949044385622,-5.0955744202311713e-06,5.0955744202311713e-06,0.99999801865320559,-1.9813487572866242e-06,1.9813487572866242e-06,3.1142256629445471e-06
786,311,0.97851688862302766,-0.021717232588230984,0.021717232588230984,0.99919983150421021,-0.00080048880147769587,0.00080048880147769587,0.020916743786753289
787,1202,0.99945726742656549,-0.00054287990606818892,0.00054287990606818892,0.99992903820943846,-7.0964308468554946e-05,7.0964308468554946e-05,0.000471915597599634
788,1510,0.88753743043664035,-0.11930458338203594,0.11930458338203594,0.85733611877396965,-0.15392523333926311,0.15392523333926311,-0.034620649957227176
789,2704,0.9997987377966453,-0.00020128245930981409,0.00020128245930981409,0.99993772375959078,-6.2278179654816769e-05,6.2278179654816769e-05,0.00013900427965499732
790,439,0.99998898369953371,-1.1016361146219217e-05,1.1016361146219217e-05,0.99999953733261315,-4.6266749386723776e-07,4.6266749386723776e-07,1.0553693652351978e-05
791,279,0.37110817372938892,-0.99126168547938387,0.99126168547938387,0.72432630718935376,-0.32251328759361991,0.32251328759361991,0.66874839788576401
792,6864,0.99353312981262043,-0.0064878709809550435,0.0064878709809550435,0.99940620958403747,-0.00059396677931028365,0.00059396677931028365,0.0058939042016447601
793,315,0.97250509028293342,-0.027879969279138109,0.027879969279138109,0.96048948043407012,-0.040312249010419389,0.040312249010419389,-0.01243227973128128
794,279,0.9997788163275193,-0.00022120813719672609,0.00022120813719672609,0.99999526128321037,-4.7387280174353744e-06,4.7387280174353744e-06,0.00021646940917929071
795,26363,0.99917336209351326,-0.00082697976000662712,0.00082697976000662712,0.99995190239161036,-4.8098765116668467e-05,4.8098765116668467e-05,0.00077888099488995863
796,11,0.99891667371801507,-0.0010839135040419435,0.0010839135040419435,0.9999367818338144,-6.3220164538114017e-05,6.3220164538114017e-05,0.0010206933395038296
797,57664,0.99994785020003263,-5.215115981542694e-05,5.215115981542694e-05,0.99998725179551584,-1.2748285743194911e-05,1.2748285743194911e-05,3.9402874072232033e-05
798,706,0.99746406553229838,-0.0025391553960416365,0.0025391553960416365,0.99979112172967755,-0.00020890008842663392,0.00020890008842663392,0.0023302553076150027
799,64238,0.32854989781835198,-1.1130665566462161,1.1130665566462161,0.45093987730316248,-0.79642125811507847,0.79642125811507847,0.31664529853113765
800,1690,0.57045477768029151,-0.56132138069164861,0.56132138069164861,0.57303665925532155,-0.55680558655590873,0.55680558655590873,0.0045157941357398812
801,54070,0.87409727902980816,-0.13456360628258066,0.13456360628258066,0.85985340961834245,-0.15099335819566614,0.15099335819566614,-0.016429751913085489
802,323,0.57233924474076958,-0.55802337819672909,0.55802337819672909,0.76078632862447759,-0.27340273764890527,0.27340273764890527,0.28462064054782382
803,706,0.7524556526474927,-0.28441321745455855,0.28441321745455855,0.85034036768653076,-0.16211857707711216,0.16211857707711216,0.12229464037744639
804,1027,0.38883348794558026,-0.94460407855768747,0.94460407855768747,0.51700067278403894,-0.65971110315146198,0.65971110315146198,0.28489297540622549
805,27367,0.94920962308482637,-0.052125616371595976,0.052125616371595976,0.98227194601366075,-0.01788707819844302,0.01788707819844302,0.034238538173152956
806,555,0.99999917949790662,-8.2050243000639176e-07,8.2050243000639176e-07,0.9999998877316385,-1.1226836785069734e-07,1.1226836785069734e-07,7.0823406215569445e-07
807,5370,0.7950819246488654,-0.22931011976429191,0.22931011976429191,0.92274857640254504,-0.080398479850195576,0.080398479850195576,0.14891163991409634
808,13970,0.6725010169488802,-0.39675165531564277,0.39675165531564277,0.68125292550477323,-0.3838216386949706,0.3838216386949706,0.012930016620672169
809,4455,0.99971332002289759,-0.00028672107766239283,0.00028672107766239283,0.99996104588380297,-3.8954874928290238e-05,3.8954874928290238e-05,0.00024776620273410258
810,13,0.9466376294593839,-0.054838910071708991,0.054838910071708991,0.98375938116981543,-0.016373943164032904,0.016373943164032904,0.03846496690767609
811,11450,0.009451585103425697,-4.6615728157303211,4.6615728157303211,0.027414929139765259,-3.5966675548544242,3.5966675548544242,1.0649052608758969
812,11,0.9999891314171353,-1.0868641928192253e-05,1.0868641928192253e-05,0.99999927322598814,-7.2677427600468032e-07,7.2677427600468032e-07,1.0141867652187573e-05
813,57664,0.99225697852326589,-0.0077731543144514267,0.0077731543144514267,0.97413354862672474,-0.026206871159010117,0.026206871159010117,-0.01843371684455869
814,374,0.94613670373549541,-0.055368213250432806,0.055368213250432806,0.98208379025336912,-0.018078648144143949,0.018078648144143949,0.037289565106288856
815,264,0.99726878420922616,-0.0027349523657676242,0.0027349523657676242,0.99964489368358944,-0.00035516938158891939,0.00035516938158891939,0.0023797829841787047
816,90256,0.68264357185335367,-0.38178241235604454,0.38178241235604454,0.70446589177162044,-0.35031536361796256,0.35031536361796256,0.031467048738081982
817,2322,0.98904615703507448,-0.011014278038874795,0.011014278038874795,0.99151402126664301,-0.0085221896531454122,0.0085221896531454122,0.0024920883857293824
818,55422,0.99999965188997908,-3.481100814551776e-07,3.481100814551776e-07,0.99999975847152711,-2.4152850200719479e-07,2.4152850200719479e-07,1.0658157944798281e-07
819,449,0.9510263905731362,-0.050213466481994616,0.050213466481994616,0.97511584889885405,-0.02519899565931363,0.02519899565931363,0.025014470822680986
820,264,0.99988780655182974,-0.0001121997423259949,0.0001121997423259949,0.99999050601805872,-9.4940270094254199e-06,9.4940270094254199e-06,0.00010270571531656949
821,9257,0.29682128517505474,-1.2146250547109729,1.2146250547109729,0.3545339071602201,-1.0369512897412663,1.0369512897412663,0.17767376496970666
822,13042,0.85062949678754785,-0.16177861913918459,0.16177861913918459,0.90606915339842098,-0.098639647597682914,0.098639647597682914,0.063138971541501679
823,28948,0.99956289012574684,-0.00043720543462213638,0.00043720543462213638,0.99978872003476671,-0.00021130228798946395,0.00021130228798946395,0.00022590314663267243
824,323,0.96689941962695347,-0.033660801733839819,0.033660801733839819,0.98369839182651864,-0.016435941285825879,0.016435941285825879,0.01722486044801394
825,264,0.9996927039395338,-0.00030734328557553681,0.00030734328557553681,0.99996940868671336,-3.0591781210391182e-05,3.0591781210391182e-05,0.00027675150436514562
826,20955,0.32864195673385999,-1.1127863982252848,1.1127863982252848,0.30741096583843297,-1.1795697756497749,1.1795697756497749,-0.066783377424490142
827,315,0.9999989185446998,-1.0814558849356258e-06,1.0814558849356258e-06,0.99999983525465708,-1.6474535644213635e-07,1.6474535644213635e-07,9.1671052849348946e-07
828,2362,0.55843717713097762,-0.58261315179356621,0.58261315179356621,0.58754537341300317,-0.53180180460472759,0.53180180460472759,0.050811347188838618
829,323,0.99999698857246999,-3.0114320643882671e-06,3.0114320643882671e-06,0.99999952667784808,-4.7332226394309417e-07,4.7332226394309417e-07,2.5381098004451729e-06
830,502,0.9990281185698221,-0.00097235401315626507,0.00097235401315626507,0.99975253123870278,-0.00024749938674380266,0.00024749938674380266,0.00072485462641246241
831,18112,0.95352558074713656,-0.047589026040248249,0.047589026040248249,0.97332718121309336,-0.027034993079374299,0.027034993079374299,0.02055403296087395
832,13,0.99639246862179986,-0.0036140542117989384,0.0036140542117989384,0.9993515425094005,-0.00064866783009376501,0.00064866783009376501,0.0029653863817051735
833,4815,0.0033571394138439737,-5.6966660325513603,5.6966660325513603,0.0058715147123654596,-5.1376426354370865,5.1376426354370865,0.55902339711427373
834,32812,0.15831631261500984,-1.8431602686676887,1.8431602686676887,0.16636763748036978,-1.7935552558057957,1.7935552558057957,0.049605012861893005
835,512,0.50660659699343702,-0.68002051940413188,0.68002051940413188,0.48718366943692459,-0.71911408236636642,0.71911408236636642,-0.03909356296223454
836,16,0.52374188575554881,-0.64675630045663857,0.64675630045663857,0.55205966086156444,-0.59409915727445139,0.59409915727445139,0.052657143182187172
837,13,0.99670128798780711,-0.0033041647573219717,0.0033041647573219717,0.9992581865950444,-0.00074208868466538104,0.00074208868466538104,0.0025620760726565908
838,330,0.2892787051482919,-1.2403646779073563,1.2403646779073563,0.5870733787130098,-0.53260546064128023,0.53260546064128023,0.70775921726607605
839,1692,0.92575363263721955,-0.077147135202357872,0.077147135202357872,0.95480228558190672,-0.046250990739528229,0.046250990739528229,0.030896144462829643
840,10746,0.99946681387430081,-0.00053332831996774708,0.00053332831996774708,0.99980875613338505,-0.00019126215605513224,0.00019126215605513224,0.00034206616391261485
841,3343,0.35414914601514125,-1.0380371381502547,1.0380371381502547,0.45764301179115635,-0.78166584903488057,0.78166584903488057,0.2563712891153741
842,27685,0.51108785030779114,-0.67121378514415886,0.67121378514415886,0.54843522208702022,-0.60068610635604158,0.60068610635604158,0.070527678788117276
843,13,0.80974564380921366,-0.21103510061887848,0.21103510061887848,0.77469784973114986,-0.25528219696301557,0.25528219696301557,-0.044247096344137093
844,58891,0.42841576094803374,-0.84766115082377169,0.84766115082377169,0.6114796169493254,-0.49187365728155757,0.49187365728155757,0.35578749354221412
845,220,0.94111650615361298,-0.060688336057930177,0.060688336057930177,0.96297393199109349,-0.037728937133895142,0.037728937133895142,0.022959398924035035
846,2366,0.89165100097144612,-0.11468047747846219,0.11468047747846219,0.97150484128250014,-0.028909026870316601,0.028909026870316601,0.085771450608145589
847,18,0.93374172408221101,-0.068555405672421146,0.068555405672421146,0.94418645173320925,-0.057431619910401056,0.057431619910401056,0.01112378576202009
848,12,0.99992075475798003,-7.9248382090033899e-05,7.9248382090033899e-05,0.99992568278194749,-7.4319979713756632e-05,7.4319979713756632e-05,4.9284023762772672e-06
849,2437,0.68107622001445289,-0.38408105543268417,0.38408105543268417,0.84779754720923139,-0.16511341319207015,0.16511341319207015,0.21896764224061402
850,12,0.99993424176567447,-6.5760396492963238e-05,6.5760396492963238e-05,0.99998714975742653,-1.2850325138597202e-05,1.2850325138597202e-05,5.291007135436604e-05
851,508,0.84890744620611325,-0.16380511368272438,0.16380511368272438,0.93039854876574501,-0.072142237574959703,0.072142237574959703,0.091662876107764676
852,627,0.9838321329564268,-0.01629999307213402,0.01629999307213402,0.99132228324166682,-0.0087155873886395861,0.0087155873886395861,0.0075844056834944336
853,17,0.99932438067499396,-0.00067584765859235484,0.00067584765859235484,0.99992960774970052,-7.0394727950219029e-05,7.0394727950219029e-05,0.00060545293064213587
854,13,0.99992504707902186,-7.4955730088660904e-05,7.4955730088660904e-05,0.99997677757910564,-2.3222690538986797e-05,2.3222690538986797e-05,5.1733039549674111e-05
855,330,0.99241336122532631,-0.0076155637068305269,0.0076155637068305269,0.9988737139790137,-0.0011269207577283694,0.0011269207577283694,0.0064886429491021573
856,13730,0.80077857116476625,-0.22217081062391963,0.22217081062391963,0.82040697281038399,-0.19795475353872349,0.19795475353872349,0.024216057085196141
857,315,0.99994604362598249,-5.3957829715045095e-05,5.3957829715045095e-05,0.99998988055384685,-1.0119497355055244e-05,1.0119497355055244e-05,4.3838332359989854e-05
858,57664,0.99957167258997803,-0.00042841916840977536,0.00042841916840977536,0.99990629784860863,-9.370654171224578e-05,9.370654171224578e-05,0.00033471262669752957
859,3343,0.99844577373706556,-0.0015554353255062174,0.0015554353255062174,0.99977837342498033,-0.00022165113781833079,0.00022165113781833079,0.0013337841876878867
860,57664,0.43335959009489211,-0.83618743350959757,0.83618743350959757,0.37745898392447436,-0.97429336805179512,0.97429336805179512,-0.13810593454219755
861,52652,0.22156480366611014,-1.5070401649450706,1.5070401649450706,0.27043987439799388,-1.3077054811955247,1.3077054811955247,0.19933468374954599
862,13,0.68078229788197664,-0.38451270399702081,0.38451270399702081,0.73223588060831257,-0.31165257566120524,0.31165257566120524,0.072860128335815566
863,58891,0.99030138485228059,-0.0097459530389330268,0.0097459530389330268,0.99771169901203161,-0.0022909231496347003,0.0022909231496347003,0.0074550298892983261
864,220,0.99995246204872323,-4.7539081240952801e-05,4.7539081240952801e-05,0.99998346629410273,-1.6533842580536686e-05,1.6533842580536686e-05,3.1005238660416115e-05
865,2366,0.999932653414915,-6.7348852968105482e-05,6.7348852968105482e-05,0.99999209057762706,-7.9094536525336581e-06,7.9094536525336581e-06,5.9439399315571824e-05
866,18,0.99973954028121381,-0.0002604936443096507,0.0002604936443096507,0.99993274531329779,-6.7256948400083112e-05,6.7256948400083112e-05,0.00019323669590956761
867,12,0.9999938057190414,-6.1943001431956234e-06,6.1943001431956234e-06,0.99999805468133252,-1.9453205596534207e-06,1.9453205596534207e-06,4.2489795835422024e-06
868,2437,0.99972407410815523,-0.00027596396639762956,0.00027596396639762956,0.99996937889920379,-3.0621569631653042e-05,3.0621569631653042e-05,0.00024534239676597653
869,12,0.99996894398305802,-3.1056499190055376e-05,3.1056499190055376e-05,0.99999810294209424,-1.8970597051332553e-06,1.8970597051332553e-06,2.9159439484922121e-05
870,508,0.99979330247802067,-0.00020671888685626279,0.00020671888685626279,0.99997644106976069,-2.3559207755233887e-05,2.3559207755233887e-05,0.0001831596791010289
871,627,0.92090773953721183,-0.082395421971300453,0.082395421971300453,0.98262337174645698,-0.017529373914283945,0.017529373914283945,0.064866048057016512
872,18,0.9997894262969228,-0.00021059587683227855,0.00021059587683227855,0.99993722893527082,-6.2773034914964031e-05,6.2773034914964031e-05,0.00014782284191731452
873,13,0.99996126254800632,-3.8738202308100069e-05,3.8738202308100069e-05,0.99997995788383531,-2.0042317010564953e-05,2.0042317010564953e-05,1.8695885297535116e-05
874,330,0.9995060957713835,-0.00049402623948609367,0.00049402623948609367,0.99985970492469245,-0.00014030491758217824,0.00014030491758217824,0.0003537213219039154
875,1692,0.9695268468332835,-0.030947113261187216,0.030947113261187216,0.96205875353540171,-0.038679755820268974,0.038679755820268974,-0.007732642559081758
876,10746,0.99988202998780051,-0.0001179769712086766,0.0001179769712086766,0.99994533631870386,-5.4665175409613598e-05,5.4665175409613598e-05,6.3311795799063004e-05
877,25,0.42258232219887254,-0.86137100572369762,0.86137100572369762,0.76151166905442591,-0.27244978298963907,0.27244978298963907,0.58892122273405856
878,362,0.86107927193433353,-0.14956870918240917,0.14956870918240917,0.86274020164070508,-0.14764167419317056,0.14764167419317056,0.0019270349892386018
879,37618,0.6265936358684141,-0.46745705712524122,0.46745705712524122,0.53325863137136409,-0.62874873541124976,0.62874873541124976,-0.16129167828600854
880,11346,0.99994240321784256,-5.7598440915829272e-05,5.7598440915829272e-05,0.99995664108306492,-4.33598569600972e-05,4.33598569600972e-05,1.4238583955732072e-05
881,3343,0.99921504675265937,-0.00078526148445260075,0.00078526148445260075,0.99972744197059538,-0.00027259518009492876,0.00027259518009492876,0.00051266630435767204
882,57281,0.69844571759401797,-0.3588978161266535,0.3588978161266535,0.69902300686186813,-0.35807162332450287,0.35807162332450287,0.00082619280215062707
883,11346,0.2038410151180248,-1.5904149266361272,1.5904149266361272,0.24310503422370841,-1.4142616894264779,1.4142616894264779,0.17615323720964926
884,13,0.99259043869751029,-0.0074371484587986694,0.0074371484587986694,0.99071562440590721,-0.0093277440505920607,0.0093277440505920607,-0.0018905955917933913
885,58891,0.998794452844188,-0.0012062744123379088,0.0012062744123379088,0.9994237747726562,-0.00057639130890342616,0.00057639130890342616,0.00062988310343448269
886,220,0.99997322830934132,-2.6772049026729424e-05,2.6772049026729424e-05,0.9999779612092714,-2.2039033586331426e-05,2.2039033586331426e-05,4.7330154403979974e-06
887,2366,0.99999659543208819,-3.4045737074181412e-06,3.4045737074181412e-06,0.99999828980881666,-1.7101926457263012e-06,1.7101926457263012e-06,1.69438106169184e-06
888,18,0.99999052445706982,-9.47558782339133e-06,9.47558782339133e-06,0.99999460603575641,-5.3939787911240016e-06,5.3939787911240016e-06,4.0816090322673284e-06
889,12,0.99999536753249141,-4.6324782384818349e-06,4.6324782384818349e-06,0.99999436415271081,-5.6358631706060391e-06,5.6358631706060391e-06,-1.0033849321242042e-06
890,2437,0.99998350387134494,-1.6496264717706122e-05,1.6496264717706122e-05,0.9999900679890813,-9.9320602414962997e-06,9.9320602414962997e-06,6.5642044762098223e-06
891,12,0.99999969781924625,-3.0218079935658897e-07,3.0218079935658897e-07,0.99999868894654731,-1.3110543121057647e-06,1.3110543121057647e-06,-1.0088735127491757e-06
892,508,0.99995373825438671,-4.6262815720813371e-05,4.6262815720813371e-05,0.99997810336547222,-2.1896874262611692e-05,2.1896874262611692e-05,2.4365941458201679e-05
893,627,0.44939020043011541,-0.79986372536515471,0.79986372536515471,0.51161278076898464,-0.67018722763291649,0.67018722763291649,0.12967649773223822
894,19,0.99910183272166619,-0.00089857087224508476,0.00089857087224508476,0.99947994785593131,-0.00052018741808665847,0.00052018741808665847,0.00037838345415842629
895,13,0.99994760438123098,-5.2396991467446064e-05,5.2396991467446064e-05,0.99996048609155641,-3.9514689138644507e-05,3.9514689138644507e-05,1.2882302328801557e-05
896,330,0.99959110582494193,-0.00040897779507658816,0.00040897779507658816,0.99988710571855743,-0.00011290065448162815,0.00011290065448162815,0.00029607714059496
897,791,0.68112118478508465,-0.38401503743780374,0.38401503743780374,0.73517519759829264,-0.30764644409419417,0.30764644409419417,0.07636859334360957
898,11346,0.38323152266608063,-0.95911597461403697,0.95911597461403697,0.30488365773661602,-1.1878250251891815,1.1878250251891815,-0.22870905057514457
899,315,0.99997823540080588,-2.176483604642877e-05,2.176483604642877e-05,0.99999272909917547,-7.2709272576520309e-06,7.2709272576520309e-06,1.4493908788776739e-05
900,57664,0.98623275152226786,-0.013862895925792254,0.013862895925792254,0.98112334782267485,-0.019057090498687156,0.019057090498687156,-0.0051941945728949026
901,3343,0.97257889282699617,-0.027804083050328415,0.027804083050328415,0.973906627434177,-0.026439844992263414,0.026439844992263414,0.001364238058065001
902,57664,0.67298699742764856,-0.39602926983957859,0.39602926983957859,0.66922858364661841,-0.40162959762172934,0.40162959762172934,-0.0056003277821507491
903,41143,0.18276089423154862,-1.6995765693708871,1.6995765693708871,0.22380301072264505,-1.4969890304573328,1.4969890304573328,0.2025875389135543
904,13581,0.84657547000372413,-0.16655592603310912,0.16655592603310912,0.88013019607754206,-0.12768543236530386,0.12768543236530386,0.038870493667805261
905,13,0.999944241275736,-5.5760278839423693e-05,5.5760278839423693e-05,0.99996956881151089,-3.043165152713678e-05,3.043165152713678e-05,2.5328627312286913e-05
906,58891,0.99922155174050542,-0.0007787514076746236,0.0007787514076746236,0.99952867743202067,-0.00047143367537387358,0.00047143367537387358,0.00030731773230075003
907,220,0.99997319713619015,-2.6803223013031874e-05,2.6803223013031874e-05,0.99997747780573798,-2.2522447890464462e-05,2.2522447890464462e-05,4.280775122567412e-06
908,2366,0.99999932686353377,-6.7313669275925436e-07,6.7313669275925436e-07,0.99999803906788076,-1.9609340418632319e-06,1.9609340418632319e-06,-1.2877973491039775e-06
909,18,0.99999516161719548,-4.8383945095193985e-06,4.8383945095193985e-06,0.99999623626496059,-3.763742122301582e-06,3.763742122301582e-06,1.0746523872178165e-06
910,12,0.99999647535563096,-3.5246505806205467e-06,3.5246505806205467e-06,0.99999390391696785,-6.0961016133778087e-06,6.0961016133778087e-06,-2.571451032757262e-06
911,2437,0.99998449589437066,-1.5504225819256245e-05,1.5504225819256245e-05,0.99998915590594051,-1.0844152857054064e-05,1.0844152857054064e-05,4.6600729622021804e-06
912,12,0.99999083952324508,-9.1605187123388122e-06,9.1605187123388122e-06,0.99999539829984996,-4.6017107378827606e-06,4.6017107378827606e-06,4.5588079744560516e-06
913,508,0.9999870323007306,-1.2967783350701154e-05,1.2967783350701154e-05,0.99998610944174815,-1.3890654726581355e-05,1.3890654726581355e-05,-9.2287137588020119e-07
914,13,0.59486915173653665,-0.5194138106687648,0.5194138106687648,0.54978416912706651,-0.59822949754137722,0.59822949754137722,-0.078815686872612423
915,4815,0.025238758628476746,-3.6793744252255771,3.6793744252255771,0.050298280044320201,-2.9897843964109665,2.9897843964109665,0.68959002881461062
916,9290,0.5233686683017218,-0.64746915253932535,0.64746915253932535,0.6374711798896,-0.45024621098778267,0.45024621098778267,0.19722294155154269
917,25,0.97600228462743466,-0.024290351764986413,0.024290351764986413,0.98965822123529379,-0.010395626534928978,0.010395626534928978,0.013894725230057435
918,578,0.83193170719590814,-0.18400492422712325,0.18400492422712325,0.91126240373791145,-0.092924383968192373,0.092924383968192373,0.091080540258930878
919,15407,0.49432172335288682,-0.70456871192523196,0.70456871192523196,0.68791919610219587,-0.37408389547217219,0.37408389547217219,0.33048481645305977
920,3984,0.92478882617329305,-0.078189863562089443,0.078189863562089443,0.96797814646865055,-0.032545767922538715,0.032545767922538715,0.045644095639550727
921,527,0.99370815822112513,-0.0063117188347499454,0.0063117188347499454,0.99742807220076157,-0.0025752408874423214,0.0025752408874423214,0.003736477947307624
922,264,0.38436298150272458,-0.95616790854538547,0.95616790854538547,0.55249135461742915,-0.59331749346391605,0.59331749346391605,0.36285041508146942
923,6727,0.63196586854603065,-0.45891989175876863,0.45891989175876863,0.75141680444337444,-0.2857947819143094,0.2857947819143094,0.17312510984445922
924,315,0.99977869756261428,-0.00022132692838348897,0.00022132692838348897,0.99993979178766967,-6.0210024917498337e-05,6.0210024917498337e-05,0.00016111690346599063
925,8336,0.33218187595775511,-1.1020726409139154,1.1020726409139154,0.43501174944826909,-0.83238223803231659,0.83238223803231659,0.26969040288159885
926,430,0.64004881952604464,-0.44621082502818482,0.44621082502818482,0.72838693072042837,-0.3169228737382675,0.3169228737382675,0.12928795128991732
927,649,0.57231016065550566,-0.55807419565250727,0.55807419565250727,0.51746583512012623,-0.65881177511351263,0.65881177511351263,-0.10073757946100537
928,387,0.9975443562322035,-0.0024586638060588089,0.0024586638060588089,0.99843825697425992,-0.0015629638175869761,0.0015629638175869761,0.00089569998847183283
929,1511,0.99683670713397265,-0.0031683066530819098,0.0031683066530819098,0.99833608572350818,-0.0016653001193474288,0.0016653001193474288,0.001503006533734481
930,311,0.67443160194270835,-0.39388501404670329,0.39388501404670329,0.78150712297222091,-0.2465310146743358,0.2465310146743358,0.14735399937236748
931,4726,0.5215944515439972,-0.65086490580357714,0.65086490580357714,0.6214756679370711,-0.47565851934150488,0.47565851934150488,0.17520638646207226
932,3495,0.86510992973090084,-0.14489869373094433,0.14489869373094433,0.88503768071050914,-0.1221250578065638,0.1221250578065638,0.022773635924380531
933,279,0.83235951624198357,-0.183490820626175,0.183490820626175,0.86667006973503147,-0.14309691703103852,0.14309691703103852,0.040393903595136477
934,3925,0.98749705509694541,-0.012581764391615279,0.012581764391615279,0.99444392475140053,-0.0055715676459489917,0.0055715676459489917,0.0070101967456662872
935,315,0.99986681710334369,-0.00013319176628584715,0.00013319176628584715,0.99993349009282761,-6.6512119054297145e-05,6.6512119054297145e-05,6.6679647231550001e-05
936,57664,0.99999857828936722,-1.4217116434158575e-06,1.4217116434158575e-06,0.99999868511580459,-1.3148850599021674e-06,1.3148850599021674e-06,1.0682658351369007e-07
937,13,0.99906368127184142,-0.00093675734835245981,0.00093675734835245981,0.99944273453116783,-0.00055742079894296722,0.00055742079894296722,0.00037933654940949259
938,2435,0.86163913761871469,-0.14891872982305804,0.14891872982305804,0.80712784996121745,-0.21427319703821832,0.21427319703821832,-0.065354467215160278
939,527,0.81763066349683455,-0.20134455595901457,0.20134455595901457,0.83231524987669692,-0.18354400382591829,0.18354400382591829,0.017800552133096281
940,539,0.80616389210867501,-0.21546821706109714,0.21546821706109714,0.87464453000758624,-0.13393772658688827,0.13393772658688827,0.081530490474208878
941,459,0.67341841235864774,-0.39538843024902465,0.39538843024902465,0.69509644682910787,-0.36370467062936329,0.36370467062936329,0.031683759619661356
942,73603,0.99997375875807448,-2.6241586232908824e-05,2.6241586232908824e-05,0.99997796097149139,-2.2039271371544777e-05,2.2039271371544777e-05,4.2023148613640471e-06
943,1160,0.99999491683496422,-5.0831779550732468e-06,5.0831779550732468e-06,0.99999706080289896,-2.9392014204479663e-06,2.9392014204479663e-06,2.1439765346252805e-06
944,323,0.62518103304792716,-0.46971401831034776,0.46971401831034776,0.54645621974276026,-0.60430108483481615,0.60430108483481615,-0.13458706652446839
945,527,0.88262137163987209,-0.12485896802803467,0.12485896802803467,0.88736861057129623,-0.11949481301893253,0.11949481301893253,0.005364155009102145
946,10825,0.32040768079788451,-1.13816109154754,1.13816109154754,0.56427494031794545,-0.57221366343199687,0.57221366343199687,0.56594742811554311
947,311,0.99943612702183648,-0.00056403201431824007,0.00056403201431824007,0.99956702691195309,-0.00043306684795899487,0.00043306684795899487,0.0001309651663592452
948,3493,0.94414078429034165,-0.057479988055503674,0.057479988055503674,0.96918678122087065,-0.03129792898866722,0.03129792898866722,0.026182059066836454
949,264,0.99897489710681486,-0.0010256286705038389,0.0010256286705038389,0.99882433683769822,-0.0011763547963763138,0.0011763547963763138,-0.00015072612587247488
950,6041,0.9993052174646001,-0.00069502400863974921,0.00069502400863974921,0.9993533098245817,-0.00064689936970395315,0.00064689936970395315,4.8124638935796065e-05
951,1486,0.99999803548224619,-1.9645196834924606e-06,1.9645196834924606e-06,0.99999770297604773,-2.2970265904363764e-06,2.2970265904363764e-06,-3.3250690694391579e-07
952,369,0.99999988750896707,-1.1249103926251832e-07,1.1249103926251832e-07,0.99999987678744928,-1.2321255833717623e-07,1.2321255833717623e-07,-1.0721519074657905e-08
953,4726,0.98403789048797619,-0.016090876077771717,0.016090876077771717,0.9889177081664392,-0.011144157933119157,0.011144157933119157,0.00494671814465256
954,3495,0.26649055110025438,-1.3224164915385548,1.3224164915385548,0.44678570408885376,-0.80567620851909383,0.80567620851909383,0.51674028301946096
955,13,0.99833460823298903,-0.001666780073476697,0.001666780073476697,0.99803601856914492,-0.0019659125712823667,0.0019659125712823667,-0.00029913249780566965
956,4815,0.10241512244451834,-2.2787208971581161,2.2787208971581161,0.11016713901186558,-2.2057566208167239,2.2057566208167239,0.072964276341392242
957,2028,0.14658920462706154,-1.920121130528456,1.920121130528456,0.17623733732137536,-1.7359236848558379,1.7359236848558379,0.18419744567261809
958,2077,0.30735183080518541,-1.17976215890313,1.17976215890313,0.38193316435986646,-0.96250964809199624,0.96250964809199624,0.21725251081113373
959,374,0.41870259875412946,-0.87059439925518933,0.87059439925518933,0.48272133598596639,-0.72831573595430443,0.72831573595430443,0.1422786633008849
960,3196,0.75941406635901865,-0.27520810836544018,0.27520810836544018,0.79696906186831784,-0.22693941917834554,0.22693941917834554,0.048268689187094649
961,389,0.99808254702907473,-0.001919293637176745,0.001919293637176745,0.99866259906849997,-0.0013382960503033339,0.0013382960503033339,0.00058099758687341118
962,279,0.83932755256789671,-0.17515424039942185,0.17515424039942185,0.8240845360958059,-0.19348216198562151,0.19348216198562151,-0.018327921586199669
963,3984,0.38463397090590773,-0.95546312183966031,0.95546312183966031,0.45218209038737728,-0.79367032543479965,0.79367032543479965,0.16179279640486066
964,1495,0.93884665107922627,-0.063103123995291749,0.063103123995291749,0.9386769102522915,-0.06328393752103717,0.06328393752103717,-0.00018081352574542131
965,323,0.88132976043042166,-0.12632342066144658,0.12632342066144658,0.93940448454615022,-0.062509131559727801,0.062509131559727801,0.063814289101718782
966,1587,0.48323943094926475,-0.72724303190520967,0.72724303190520967,0.48245031569521879,-0.72887733615754025,0.72887733615754025,-0.0016343042523305762
967,539,0.99998228305236303,-1.771710458394378e-05,1.771710458394378e-05,0.9999747092043012,-2.529111551640026e-05,2.529111551640026e-05,-7.5740109324564805e-06
968,2997,0.79479283436267778,-0.22967378399348362,0.22967378399348362,0.81013248605218613,-0.21055748166323585,0.21055748166323585,0.019116302330247775
969,904,0.82519383811680047,-0.19213696495203675,0.19213696495203675,0.7976417449091483,-0.2260957235532137,0.2260957235532137,-0.033958758601176947
970,5217,0.50977732372536821,-0.67378126875643285,0.67378126875643285,0.47171003460389693,-0.75139081564302557,0.75139081564302557,-0.077609546886592717
971,2038,0.90891686574143393,-0.095501645817194794,0.095501645817194794,0.90076107532781746,-0.10451523375612297,0.10451523375612297,-0.0090135879389281748
972,477,0.63828598568406569,-0.4489688426495998,0.4489688426495998,0.69352795169346759,-0.36596373478574723,0.36596373478574723,0.083005107863852567
973,8336,0.19597309170492444,-1.6297779163961461,1.6297779163961461,0.22116789350100813,-1.5088331667900925,1.5088331667900925,0.12094474960605361
974,430,0.37574837408578626,-0.97883557747541783,0.97883557747541783,0.41426351162801267,-0.88125300612105928,0.88125300612105928,0.097582571354358549
975,1253,0.89738432714115302,-0.10827105033406935,0.10827105033406935,0.91326801626022847,-0.090725885868998976,0.090725885868998976,0.017545164465070373
976,387,0.67708198451738444,-0.38996291367158487,0.38996291367158487,0.69058387026156975,-0.37021785042183919,0.37021785042183919,0.019745063249745676
977,2561,0.87550119198809917,-0.13295876576304066,0.13295876576304066,0.82853069574852067,-0.18810139301485651,0.18810139301485651,-0.055142627251815846
978,13,0.94344977362838001,-0.058212149688683483,0.058212149688683483,0.93502997639243113,-0.067176689894610356,0.067176689894610356,-0.0089645402059268728
979,1442,0.5765556664643976,-0.55068338458609911,0.55068338458609911,0.45769304079292567,-0.78155653617283849,0.78155653617283849,-0.23087315158673938
980,499,0.99887893136211547,-0.0011216975053763231,0.0011216975053763231,0.99858130246784904,-0.0014197048363142086,0.0014197048363142086,-0.00029800733093788547
981,617,0.61399452940236632,-0.48776926064281984,0.48776926064281984,0.67208547399158813,-0.39736975310752387,0.39736975310752387,0.090399507535295964
982,904,0.99870726804779408,-0.0012935682509737812,0.0012935682509737812,0.99904084049823427,-0.00095961978959042808,0.00095961978959042808,0.00033394846138335311
983,3230,0.91419430475173946,-0.089712142865723224,0.089712142865723224,0.86658408321585223,-0.14319613677801374,0.14319613677801374,-0.053483993912290514
984,4860,0.99890862965304306,-0.0010919663252355397,0.0010919663252355397,0.99810676083592276,-0.0018950336065736567,0.0018950336065736567,-0.00080306728133811706
985,477,0.99815862264233857,-0.0018430747769944569,0.0018430747769944569,0.99922411232374309,-0.00077618883288592226,0.00077618883288592226,0.0010668859441085347
986,1053,0.43056419214964237,-0.84265885554582576,0.84265885554582576,0.44941031091222106,-0.79981897576420269,0.79981897576420269,0.042839879781623069
987,1093,0.99999900561650845,-9.9438398591294036e-07,9.9438398591294036e-07,0.99999901874560526,-9.8125487620421227e-07,9.8125487620421227e-07,1.3129109708728094e-08
988,4726,0.53011026951836904,-0.63467023838151815,0.63467023838151815,0.55582226881680152,-0.58730669623526743,0.58730669623526743,0.047363542146250714
989,64784,0.81465450737983613,-0.2049911729449797,0.2049911729449797,0.88292468500054666,-0.12451537646607248,0.12451537646607248,0.080475796478907222
990,389,0.93750914367880134,-0.064528767927745742,0.064528767927745742,0.92407087341731076,-0.078966507449377304,0.078966507449377304,-0.014437739521631562
991,904,0.99769776671581878,-0.0023048874977570789,0.0023048874977570789,0.99829748108038796,-0.0017039698520082418,0.0017039698520082418,0.00060091764574883707
992,315,0.73916198153081847,-0.30223819188910034,0.30223819188910034,0.76729394002182238,-0.26488531762480189,0.26488531762480189,0.037352874264298452
993,279,0.99999697476506999,-3.025239506091578e-06,3.025239506091578e-06,0.9999978775953724,-2.1224068799143169e-06,2.1224068799143169e-06,9.0283262617726117e-07
994,3585,0.99188641677414524,-0.0081466774724119357,0.0081466774724119357,0.99146231025295251,-0.0085743446011195979,0.0085743446011195979,-0.00042766712870766221
995,9932,0.92020207854536273,-0.083161982465925113,0.083161982465925113,0.91170528208419999,-0.092438496743261142,0.092438496743261142,-0.0092765142773360287
996,11,0.98343392828195142,-0.016704823600916897,0.016704823600916897,0.97907995103910983,-0.021141973760466549,0.021141973760466549,-0.0044371501595496521
997,4587,0.88743054832229429,-0.11942501610618007,0.11942501610618007,0.93642815788518396,-0.065682473457400178,0.065682473457400178,0.053742542648779895
998,1095,0.89793582320063614,-0.10765667960278212,0.10765667960278212,0.87730989471870746,-0.1308949913080649,0.1308949913080649,-0.023238311705282774
999,757,0.99999842368472691,-1.5763165154911666e-06,1.5763165154911666e-06,0.99999813702927376,-1.8629724615746769e-06,1.8629724615746769e-06,-2.8665594608351026e-07
1000,1440,0.9999781436091475,-2.1856629706946664e-05,2.1856629706946664e-05,0.99997766738963012,-2.233285974630245e-05,2.233285974630245e-05,-4.7623003935578603e-07
1001,13,0.79913501626880368,-0.22422536592868023,0.22422536592868023,0.75445929136587253,-0.28175395668195119,0.28175395668195119,-0.057528590753270964
1002,4815,0.29552050235456645,-1.2190170626322512,1.2190170626322512,0.35075672655462803,-1.0476623825508735,1.0476623825508735,0.17135468008137766
1003,13699,0.51091820216947503,-0.67154577562398643,0.67154577562398643,0.43408405575498915,-0.83451708677985925,0.83451708677985925,-0.16297131115587282
1004,11,0.98098294789209906,-0.01920020194083687,0.01920020194083687,0.98323418122099071,-0.016907956056954894,0.016907956056954894,0.0022922458838819763
1005,4587,0.63953713490808051,-0.44701059098914259,0.44701059098914259,0.71393044647718218,-0.33696973528509849,0.33696973528509849,0.11004085570404409
1006,5296,0.98920838995762606,-0.010850261812386779,0.010850261812386779,0.99294299785902018,-0.0070820205533964299,0.0070820205533964299,0.0037682412589903494
1007,430,0.99996067755377716,-3.9323219370550563e-05,3.9323219370550563e-05,0.99997309289532721,-2.6907466675401991e-05,2.6907466675401991e-05,1.2415752695148572e-05
1008,279,0.93493070383456833,-0.067282865985910878,0.067282865985910878,0.91031582237196773,-0.093963682130169937,0.093963682130169937,-0.026680816144259059
1009,1495,0.27528299300528974,-1.2899556449666878,1.2899556449666878,0.25146216638374697,-1.3804627326321219,1.3804627326321219,-0.090507087665434138
1010,3984,0.33856245301367244,-1.0830467043458716,1.0830467043458716,0.36515453062032144,-1.0074346434335735,1.0074346434335735,0.075612060912298107
1011,374,0.42068534233711702,-0.86587013012142056,0.86587013012142056,0.50370711849476479,-0.68576029392069593,0.68576029392069593,0.18010983620072463
1012,264,0.8636542767445734,-0.14658273291326065,0.14658273291326065,0.87893206369461307,-0.12904767245834653,0.12904767245834653,0.017535060454914125
1013,4689,0.43559097972311556,-0.8310515958440855,0.8310515958440855,0.37635241347877735,-0.97722930466503777,0.97722930466503777,-0.14617770882095227
1014,24131,0.86037320478115853,-0.15038902481972025,0.15038902481972025,0.85597833409269652,-0.15551021380008778,0.15551021380008778,-0.0051211889803675359
1015,315,0.99906919775317071,-0.00093123571224194032,0.00093123571224194032,0.99931745547366946,-0.00068277756589175682,0.00068277756589175682,0.0002484581463501835
1016,279,0.94067837573549762,-0.06115398768686045,0.06115398768686045,0.95113489674644658,-0.050099379233819165,0.050099379233819165,0.011054608453041286
1017,3925,0.99964121636992531,-0.00035884800832035091,0.00035884800832035091,0.99969553207773021,-0.00030451428203786613,0.00030451428203786613,5.4333726282484779e-05
1018,315,0.99999753872744346,-2.4612755855327438e-06,2.4612755855327438e-06,0.99999691700720406,-3.0829975483436836e-06,3.0829975483436836e-06,-6.2172196281093977e-07
1019,57664,0.99999519727565789,-4.8027358752844824e-06,4.8027358752844824e-06,0.99999332708174915,-6.6729405148914491e-06,6.6729405148914491e-06,-1.8702046396069668e-06
1020,323,0.76268493731922393,-0.27091025916229894,0.27091025916229894,0.69198315453445214,-0.36819366681907312,0.36819366681907312,-0.097283407656774179
1021,1253,0.95011216700710754,-0.051175230823530017,0.051175230823530017,0.95202513397221478,-0.049163843307960066,0.049163843307960066,0.0020113875155699512
1022,539,0.99515620403811145,-0.0048555651619985787,0.0048555651619985787,0.99205145754671709,-0.0079803005156646838,0.0079803005156646838,-0.0031247353536661051
1023,387,0.5099717834929044,-0.6733998812788331,0.6733998812788331,0.53995979967463903,-0.61626058724195176,0.61626058724195176,0.057139294036881338
