token_index,token_id,probability,logprob,nll,reference_probability,reference_logprob,reference_nll,nll_drift
0,1692,0.68149109085317183,-0.38347210078034449,0.38347210078034449,0.68149109085317183,-0.38347210078034449,0.38347210078034449,0
1,10746,0.99985389912084421,-0.00014611155292883736,0.00014611155292883736,0.99985389912084421,-0.00014611155292883736,0.00014611155292883736,0
2,374,0.50814011649621138,-0.67699804956053178,0.67699804956053178,0.50814011649621138,-0.67699804956053178,0.67699804956053178,0
3,279,0.83926685128786027,-0.17522656433893147,0.17522656433893147,0.83926685128786027,-0.17522656433893147,0.17522656433893147,0
4,6864,0.99994012703615798,-5.9874756299444874e-05,5.9874756299444874e-05,0.99994012703615798,-5.9874756299444874e-05,5.9874756299444874e-05,0
5,3363,0.9987246464428241,-0.0012761675126514503,0.0012761675126514503,0.9987246464428241,-0.0012761675126514503,0.0012761675126514503,0
6,315,0.99998608375436393,-1.3916342467966598e-05,1.3916342467966598e-05,0.99998608375436393,-1.3916342467966598e-05,1.3916342467966598e-05,0
7,279,0.99999220844905534,-7.7915812989809359e-06,7.7915812989809359e-06,0.99999220844905534,-7.7915812989809359e-06,7.7915812989809359e-06,0
8,26363,0.99999554125235379,-4.4587575864749598e-06,4.4587575864749598e-06,0.99999554125235379,-4.4587575864749598e-06,4.4587575864749598e-06,0
9,11,0.96319633101754754,-0.037498013594358275,0.037498013594358275,0.96319633101754754,-0.037498013594358275,0.037498013594358275,0
10,18538,0.99551855869077777,-0.0044915130692582449,0.0044915130692582449,0.99551855869077777,-0.0044915130692582449,0.0044915130692582449,0
11,389,0.96700646786862032,-0.033550094959049585,0.033550094959049585,0.96700646786862032,-0.033550094959049585,0.033550094959049585,0
12,5651,0.99998789945358968,-1.2100619622511085e-05,1.2100619622511085e-05,0.99998789945358968,-1.2100619622511085e-05,1.2100619622511085e-05,0
13,220,0.99999814364137241,-1.8563603505776721e-06,1.8563603505776721e-06,0.99999814364137241,-1.8563603505776721e-06,1.8563603505776721e-06,0
14,1187,0.99999090167715687,-9.0983642331120143e-06,9.0983642331120143e-06,0.99999090167715687,-9.0983642331120143e-06,9.0983642331120143e-06,0
15,11,0.99999655320736125,-3.4467985789189908e-06,3.4467985789189908e-06,0.99999655320736125,-3.4467985789189908e-06,3.4467985789189908e-06,0
16,220,0.99999347698287766,-6.5230383973529513e-06,6.5230383973529513e-06,0.99999347698287766,-6.5230383973529513e-06,6.5230383973529513e-06,0
17,10895,0.9999998661034234,-1.338965855144515e-07,1.338965855144515e-07,0.9999998661034234,-1.338965855144515e-07,1.338965855144515e-07,0
18,16,0.99999975651087381,-2.4348915583729612e-07,2.4348915583729612e-07,0.99999975651087381,-2.4348915583729612e-07,2.4348915583729612e-07,0
19,11,0.96607675751152278,-0.0345119888046687,0.0345119888046687,0.96607675751152278,-0.0345119888046687,0.0345119888046687,0
20,555,0.99999201625182943,-7.9837800409039749e-06,7.9837800409039749e-06,0.99999201625182943,-7.9837800409039749e-06,7.9837800409039749e-06,0
21,15506,0.99976594028929278,-0.00023408710695630377,0.00023408710695630377,0.99976594028929278,-0.00023408710695630377,0.00023408710695630377,0
22,39879,0.99928380646989823,-0.00071645011920704906,0.00071645011920704906,0.99928380646989823,-0.00071645011920704906,0.00071645011920704906,0
23,380,0.99999879715361883,-1.2028471045870782e-06,1.2028471045870782e-06,0.99999879715361883,-1.2028471045870782e-06,1.2028471045870782e-06,0
24,5477,0.99998486614941184,-1.5133965106028905e-05,1.5133965106028905e-05,0.99998486614941184,-1.5133965106028905e-05,1.5133965106028905e-05,0
25,46991,0.99999485769317487,-5.1423200467870181e-06,5.1423200467870181e-06,0.99999485769317487,-5.1423200467870181e-06,5.1423200467870181e-06,0
26,92075,0.9998823555709393,-0.00011765134970935153,0.00011765134970935153,0.9998823555709393,-0.00011765134970935153,0.00011765134970935153,0
27,409,0.99999789048574306,-2.1095164820182148e-06,2.1095164820182148e-06,0.99999789048574306,-2.1095164820182148e-06,2.1095164820182148e-06,0
28,7765,0.99999384247121048,-6.1575477472313251e-06,6.1575477472313251e-06,0.99999384247121048,-6.1575477472313251e-06,6.1575477472313251e-06,0
29,1394,0.99995547767487414,-4.4523316274053822e-05,4.4523316274053822e-05,0.99995547767487414,-4.4523316274053822e-05,4.4523316274053822e-05,0
30,2554,0.99999874738452255,-1.2526162620080453e-06,1.2526162620080453e-06,0.99999874738452255,-1.2526162620080453e-06,1.2526162620080453e-06,0
31,13,0.99980762272795165,-0.0001923957789292828,0.0001923957789292828,0.99980762272795165,-0.0001923957789292828,0.0001923957789292828,0
32,1102,0.99505394308990203,-0.004958329132373227,0.004958329132373227,0.99505394308990203,-0.004958329132373227,0.004958329132373227,0
33,374,0.99646411101826515,-0.0035421550121996497,0.0035421550121996497,0.99646411101826515,-0.0035421550121996497,0.0035421550121996497,0
34,832,0.99967575220989358,-0.0003243003697873479,0.0003243003697873479,0.99967575220989358,-0.0003243003697873479,0.0003243003697873479,0
35,315,0.99999755513706401,-2.4448659246333889e-06,2.4448659246333889e-06,0.99999755513706401,-2.4448659246333889e-06,2.4448659246333889e-06,0
36,279,0.99999900993940416,-9.9006108594543957e-07,9.9006108594543957e-07,0.99999900993940416,-9.9006108594543957e-07,9.9006108594543957e-07,0
37,24417,0.99999200145571732,-7.9985762712549958e-06,7.9985762712549958e-06,0.99999200145571732,-7.9985762712549958e-06,7.9985762712549958e-06,0
38,9919,0.99999283106313963,-7.1689625572955873e-06,7.1689625572955873e-06,0.99999283106313963,-7.1689625572955873e-06,7.1689625572955873e-06,0
39,304,0.99999910299486305,-8.970055392151644e-07,8.970055392151644e-07,0.99999910299486305,-8.970055392151644e-07,8.970055392151644e-07,0
40,279,0.99999884163322839,-1.1583674425219058e-06,1.1583674425219058e-06,0.99999884163322839,-1.1583674425219058e-06,1.1583674425219058e-06,0
41,3224,0.99951496816769669,-0.00048514949829188918,0.00048514949829188918,0.99951496816769669,-0.00048514949829188918,0.00048514949829188918,0
42,323,0.99856947402100549,-0.001431550158142611,0.001431550158142611,0.99856947402100549,-0.001431550158142611,0.001431550158142611,0
43,574,0.999056279248551,-0.00094416633623781903,0.00094416633623781903,0.999056279248551,-0.00094416633623781903,0.00094416633623781903,0
44,279,0.99992843888490712,-7.1563675711621455e-05,7.1563675711621455e-05,0.99992843888490712,-7.1563675711621455e-05,7.1563675711621455e-05,0
45,10954,0.9999937306625849,-6.2693570675316367e-06,6.2693570675316367e-06,0.9999937306625849,-6.2693570675316367e-06,6.2693570675316367e-06,0
46,315,0.99999913041087185,-8.6958950622944381e-07,8.6958950622944381e-07,0.99999913041087185,-8.6958950622944381e-07,8.6958950622944381e-07,0
47,2410,0.99999600042015102,-3.9995878472652309e-06,3.9995878472652309e-06,0.99999600042015102,-3.9995878472652309e-06,3.9995878472652309e-06,0
48,369,0.99999259392467632,-7.4061027487791368e-06,7.4061027487791368e-06,0.99999259392467632,-7.4061027487791368e-06,7.4061027487791368e-06,0
49,1455,0.99999161138596415,-8.3886492205197647e-06,8.3886492205197647e-06,0.99999161138596415,-8.3886492205197647e-06,8.3886492205197647e-06,0
50,315,0.9999961122690556,-3.8877385015964296e-06,3.8877385015964296e-06,0.9999961122690556,-3.8877385015964296e-06,3.8877385015964296e-06,0
51,279,0.99999312430198972,-6.8757216479665547e-06,6.8757216479665547e-06,0.99999312430198972,-6.8757216479665547e-06,6.8757216479665547e-06,0
52,37683,0.99993138308055241,-6.8619273696110915e-05,6.8619273696110915e-05,0.99993138308055241,-6.8619273696110915e-05,6.8619273696110915e-05,0
53,5718,0.99335221470551827,-0.0066699802386444617,0.0066699802386444617,0.99335221470551827,-0.0066699802386444617,0.0066699802386444617,0
54,315,0.99995432865764533,-4.5672385322132998e-05,4.5672385322132998e-05,0.99995432865764533,-4.5672385322132998e-05,4.5672385322132998e-05,0
55,279,0.99999796000826557,-2.0399938151972262e-06,2.0399938151972262e-06,0.99999796000826557,-2.0399938151972262e-06,2.0399938151972262e-06,0
56,26363,0.9999890332526733,-1.0966807461953225e-05,1.0966807461953225e-05,0.9999890332526733,-1.0966807461953225e-05,1.0966807461953225e-05,0
57,13,0.97493779411252801,-0.02538161092988225,0.02538161092988225,0.97493779411252801,-0.02538161092988225,0.02538161092988225,0
58,57664,0.83436845869737919,-0.18108017718769442,0.18108017718769442,0.83436845869737919,-0.18108017718769442,0.18108017718769442,0
59,374,0.99643698144057335,-0.0035693812280877544,0.0035693812280877544,0.99643698144057335,-0.0035693812280877544,0.0035693812280877544,0
60,31183,0.92415651400037835,-0.07887383423858961,0.07887383423858961,0.92415651400037835,-0.07887383423858961,0.07887383423858961,0
61,389,0.99999514120519928,-4.858806604706222e-06,4.858806604706222e-06,0.99999514120519928,-4.858806604706222e-06,4.858806604706222e-06,0
62,279,0.9999989331949023,-1.066805666756992e-06,1.066805666756992e-06,0.9999989331949023,-1.066805666756992e-06,1.066805666756992e-06,0
63,24024,0.99997427630223246,-2.5724028627556244e-05,2.5724028627556244e-05,0.99997427630223246,-2.5724028627556244e-05,2.5724028627556244e-05,0
64,31284,0.99999430806484124,-5.6919513578784938e-06,5.6919513578784938e-06,0.99999430806484124,-5.6919513578784938e-06,5.6919513578784938e-06,0
65,315,0.99999935403646911,-6.459637394747192e-07,6.459637394747192e-07,0.99999935403646911,-6.459637394747192e-07,6.459637394747192e-07,0
66,57664,0.99999626617180115,-3.7338351695919957e-06,3.7338351695919957e-06,0.99999626617180115,-3.7338351695919957e-06,3.7338351695919957e-06,0
67,9332,0.99999745741509438,-2.5425881379558967e-06,2.5425881379558967e-06,0.99999745741509438,-2.5425881379558967e-06,2.5425881379558967e-06,0
68,323,0.99993006497681269,-6.9937468755040377e-05,6.9937468755040377e-05,0.99993006497681269,-6.9937468755040377e-05,6.9937468755040377e-05,0
69,5727,0.99990166250830426,-9.8342327143845367e-05,9.8342327143845367e-05,0.99990166250830426,-9.8342327143845367e-05,9.8342327143845367e-05,0
70,264,0.99994760669459115,-5.2394677986023226e-05,5.2394677986023226e-05,0.99994760669459115,-5.2394677986023226e-05,5.2394677986023226e-05,0
71,49068,0.99993169701748985,-6.8305315265102521e-05,6.8305315265102521e-05,0.99993169701748985,-6.8305315265102521e-05,6.8305315265102521e-05,0
72,315,0.99999660900313925,-3.3910026102096984e-06,3.3910026102096984e-06,0.99999660900313925,-3.3910026102096984e-06,3.3910026102096984e-06,0
73,61024,0.99991689118314064,-8.3112270588471551e-05,8.3112270588471551e-05,0.99991689118314064,-8.3112270588471551e-05,8.3112270588471551e-05,0
74,11,0.99993598225131797,-6.4019797905550495e-05,6.4019797905550495e-05,0.99993598225131797,-6.4019797905550495e-05,6.4019797905550495e-05,0
75,1063,0.99987818704508968,-0.00012182037471088589,0.00012182037471088589,0.99987818704508968,-0.00012182037471088589,0.00012182037471088589,0
76,315,0.99997988213523137,-2.0118067135539613e-05,2.0118067135539613e-05,0.99997988213523137,-2.0118067135539613e-05,2.0118067135539613e-05,0
77,902,0.99999773597905584,-2.2640235070504185e-06,2.2640235070504185e-06,0.99999773597905584,-2.2640235070504185e-06,2.2640235070504185e-06,0
78,2457,0.99999712631558979,-2.8736885392235567e-06,2.8736885392235567e-06,0.99999712631558979,-2.8736885392235567e-06,2.8736885392235567e-06,0
79,1203,0.99999933039187783,-6.6960834640378781e-07,6.6960834640378781e-07,0.99999933039187783,-6.6960834640378781e-07,6.6960834640378781e-07,0
80,311,0.99999938345851325,-6.1654167683166875e-07,6.1654167683166875e-07,0.99999938345851325,-6.1654167683166875e-07,6.1654167683166875e-07,0
81,279,0.99999837506555822,-1.6249357620141688e-06,1.6249357620141688e-06,0.99999837506555822,-1.6249357620141688e-06,1.6249357620141688e-06,0
82,220,0.99999767832620523,-2.3216764898093894e-06,2.3216764898093894e-06,0.99999767832620523,-2.3216764898093894e-06,2.3216764898093894e-06,0
83,845,0.99999673422889934,-3.2657764332506465e-06,3.2657764332506465e-06,0.99999673422889934,-3.2657764332506465e-06,3.2657764332506465e-06,0
84,339,0.99999777640470755,-2.223597764632763e-06,2.223597764632763e-06,0.99999777640470755,-2.223597764632763e-06,2.223597764632763e-06,0
85,9478,0.99998456997545859,-1.5430143585455608e-05,1.5430143585455608e-05,0.99998456997545859,-1.5430143585455608e-05,1.5430143585455608e-05,0
86,11,0.99725328471624231,-0.002750494427924347,0.002750494427924347,0.99725328471624231,-0.002750494427924347,0.002750494427924347,0
87,1778,0.99999116939484733,-8.8306441427015635e-06,8.8306441427015635e-06,0.99999116939484733,-8.8306441427015635e-06,8.8306441427015635e-06,0
88,439,0.99999971888100814,-2.8111903139670396e-07,2.8111903139670396e-07,0.99999971888100814,-2.8111903139670396e-07,2.8111903139670396e-07,0
89,279,0.99999795679145453,-2.0432106327701526e-06,2.0432106327701526e-06,0.99999795679145453,-2.0432106327701526e-06,2.0432106327701526e-06,0
90,15506,0.99988904970266468,-0.00011095645277483513,0.00011095645277483513,0.99988904970266468,-0.00011095645277483513,0.00011095645277483513,0
91,37683,0.999933039008989,-6.6963232998224083e-05,6.6963232998224083e-05,0.999933039008989,-6.6963232998224083e-05,6.6963232998224083e-05,0
92,11639,0.99441824388626687,-0.0055973923265528278,0.0055973923265528278,0.99441824388626687,-0.0055973923265528278,0.0055973923265528278,0
93,468,0.9999924653298895,-7.5346984962847993e-06,7.5346984962847993e-06,0.9999924653298895,-7.5346984962847993e-06,7.5346984962847993e-06,0
94,4841,0.99999783867997738,-2.1613223582245645e-06,2.1613223582245645e-06,0.99999783867997738,-2.1613223582245645e-06,2.1613223582245645e-06,0
95,4409,0.99999806626629961,-1.9337355700620776e-06,1.9337355700620776e-06,0.99999806626629961,-1.9337355700620776e-06,1.9337355700620776e-06,0
96,315,0.99999957750817314,-4.224919161310813e-07,4.224919161310813e-07,0.99999957750817314,-4.224919161310813e-07,4.224919161310813e-07,0
97,61894,0.99999719149940103,-2.8085045428098999e-06,2.8085045428098999e-06,0.99999719149940103,-2.8085045428098999e-06,2.8085045428098999e-06,0
98,309,0.99999996965314253,-3.0346857899098624e-08,3.0346857899098624e-08,0.99999996965314253,-3.0346857899098624e-08,3.0346857899098624e-08,0
99,44486,0.99973431757124176,-0.00026571772858718907,0.00026571772858718907,0.99973431757124176,-0.00026571772858718907,0.00026571772858718907,0
100,382,0.98371199741624626,-0.016422110323254639,0.016422110323254639,0.98371199741624626,-0.016422110323254639,0.016422110323254639,0
101,1692,0.99490833324573791,-0.0051046734587512424,0.0051046734587512424,0.99490833324573791,-0.0051046734587512424,0.0051046734587512424,0
102,10746,0.99994424012517991,-5.576142945969896e-05,5.576142945969896e-05,0.99994424012517991,-5.576142945969896e-05,5.576142945969896e-05,0
103,374,0.87030507979452654,-0.13891146237212049,0.13891146237212049,0.87030507979452654,-0.13891146237212049,0.13891146237212049,0
104,279,0.99981811933662235,-0.00018189720567140882,0.00018189720567140882,0.99981811933662235,-0.00018189720567140882,0.00018189720567140882,0
105,2132,0.9999939729875239,-6.0270306385637009e-06,6.0270306385637009e-06,0.9999939729875239,-6.0270306385637009e-06,6.0270306385637009e-06,0
106,1455,0.9972823432617175,-0.0027213562715840299,0.0027213562715840299,0.9972823432617175,-0.0027213562715840299,0.0027213562715840299,0
107,95551,0.99997736532828374,-2.2634927884294821e-05,2.2634927884294821e-05,0.99997736532828374,-2.2634927884294821e-05,2.2634927884294821e-05,0
108,3363,0.99999759177312342,-2.408229776377756e-06,2.408229776377756e-06,0.99999759177312342,-2.408229776377756e-06,2.408229776377756e-06,0
109,304,0.99999941581256757,-5.8418760307355346e-07,5.8418760307355346e-07,0.99999941581256757,-5.8418760307355346e-07,5.8418760307355346e-07,0
110,279,0.9999997995501666,-2.0044985349850856e-07,2.0044985349850856e-07,0.9999997995501666,-2.0044985349850856e-07,2.0044985349850856e-07,0
111,26363,0.99998505958716599,-1.4940524443037774e-05,1.4940524443037774e-05,0.99998505958716599,-1.4940524443037774e-05,1.4940524443037774e-05,0
112,1306,0.93672842075389939,-0.065361877865220325,0.065361877865220325,0.93672842075389939,-0.065361877865220325,0.065361877865220325,0
113,279,0.93284567057928514,-0.069515503843360985,0.069515503843360985,0.93284567057928514,-0.069515503843360985,0.069515503843360985,0
114,4846,0.99999939631273949,-6.036874427811032e-07,6.036874427811032e-07,0.99999939631273949,-6.036874427811032e-07,6.036874427811032e-07,0
115,6864,0.99999761444970592,-2.3855531395397658e-06,2.3855531395397658e-06,0.99999761444970592,-2.3855531395397658e-06,2.3855531395397658e-06,0
116,9605,0.99993112317875499,-6.887919336215905e-05,6.887919336215905e-05,0.99993112317875499,-6.887919336215905e-05,6.887919336215905e-05,0
117,52719,0.99999935863133438,-6.4136887128204997e-07,6.4136887128204997e-07,0.99999935863133438,-6.4136887128204997e-07,6.4136887128204997e-07,0
118,4409,0.99999596547345226,-4.0345346864137908e-06,4.0345346864137908e-06,0.99999596547345226,-4.0345346864137908e-06,4.0345346864137908e-06,0
119,11,0.7035581041962049,-0.35160481280887856,0.35160481280887856,0.7035581041962049,-0.35160481280887856,0.35160481280887856,0
120,449,0.99993142270458846,-6.8579646941763678e-05,6.8579646941763678e-05,0.99993142270458846,-6.8579646941763678e-05,6.8579646941763678e-05,0
121,264,0.99996596758192158,-3.4032997194347958e-05,3.4032997194347958e-05,0.99996596758192158,-3.4032997194347958e-05,3.4032997194347958e-05,0
122,7187,0.99999116395671306,-8.8360823249744282e-06,8.8360823249744282e-06,0.99999116395671306,-8.8360823249744282e-06,8.8360823249744282e-06,0
123,315,0.99998796763006037,-1.2032442329137821e-05,1.2032442329137821e-05,0.99998796763006037,-1.2032442329137821e-05,1.2032442329137821e-05,0
124,220,0.99701346839472893,-0.0029910001900499178,0.0029910001900499178,0.99701346839472893,-0.0029910001900499178,0.0029910001900499178,0
125,16,0.99936204098242865,-0.00063816260001480992,0.00063816260001480992,0.99936204098242865,-0.00063816260001480992,0.00063816260001480992,0
126,11,0.98510796972069503,-0.015004029887576372,0.015004029887576372,0.98510796972069503,-0.015004029887576372,0.015004029887576372,0
127,19423,0.99922954926152463,-0.00077074768817878188,0.00077074768817878188,0.99922954926152463,-0.00077074768817878188,0.00077074768817878188,0
128,11,0.99999017681234093,-9.8232359068574005e-06,9.8232359068574005e-06,0.99999017681234093,-9.8232359068574005e-06,9.8232359068574005e-06,0
129,10410,0.99744133478171459,-0.0025619441965343266,0.0025619441965343266,0.99744133478171459,-0.0025619441965343266,0.0025619441965343266,0
130,304,0.9995941166955109,-0.00040596569741294482,0.00040596569741294482,0.9995941166955109,-0.00040596569741294482,0.00040596569741294482,0
131,220,0.99999256744994602,-7.4325776755567804e-06,7.4325776755567804e-06,0.99999256744994602,-7.4325776755567804e-06,7.4325776755567804e-06,0
132,679,0.99999488561271921,-5.1144003592999681e-06,5.1144003592999681e-06,0.99999488561271921,-5.1144003592999681e-06,5.1144003592999681e-06,0
133,20,0.99999495090092638,-5.0491118203270536e-06,5.0491118203270536e-06,0.99999495090092638,-5.0491118203270536e-06,5.0491118203270536e-06,0
134,13,0.99915588811553346,-0.00084446834751389648,0.00084446834751389648,0.99915588811553346,-0.00084446834751389648,0.00084446834751389648,0
135,24586,0.87569518282890368,-0.13273721340673417,0.13273721340673417,0.87569518282890368,-0.13273721340673417,0.13273721340673417,0
136,311,0.99999895470309097,-1.0452974553881386e-06,1.0452974553881386e-06,0.99999895470309097,-1.0452974553881386e-06,1.0452974553881386e-06,0
137,1202,0.99998952068753522,-1.0479367373177248e-05,1.0479367373177248e-05,0.99998952068753522,-1.0479367373177248e-05,1.0479367373177248e-05,0
138,2678,0.99998391746685722,-1.60826624680599e-05,1.60826624680599e-05,0.99998391746685722,-1.60826624680599e-05,1.60826624680599e-05,0
139,4363,0.99999711649051015,-2.8835136472010827e-06,2.8835136472010827e-06,0.99999711649051015,-2.8835136472010827e-06,2.8835136472010827e-06,0
140,3158,0.99999889885638538,-1.1011442208385906e-06,1.1011442208385906e-06,0.99999889885638538,-1.1011442208385906e-06,1.1011442208385906e-06,0
141,323,0.99976991155593276,-0.00023011491847437404,0.00023011491847437404,0.99976991155593276,-0.00023011491847437404,0.00023011491847437404,0
142,6908,0.99935284821792292,-0.00064736127517908324,0.00064736127517908324,0.99935284821792292,-0.00064736127517908324,0.00064736127517908324,0
143,7187,0.99999671564478321,-3.2843606103124271e-06,3.2843606103124271e-06,0.99999670829798193,-3.2917074357289288e-06,3.2917074357289288e-06,-7.3468254165016048e-09
144,11,0.99997344777921238,-2.6552573304066952e-05,2.6552573304066952e-05,0.99997373246708987,-2.6267877907792813e-05,2.6267877907792813e-05,2.8469539627413949e-07
145,57664,0.99992722716493421,-7.2775483137056492e-05,7.2775483137056492e-05,0.99992931831093212,-7.068418713615842e-05,7.068418713615842e-05,2.0912960008980723e-06
146,374,0.99999070489607988,-9.2951471198773937e-06,9.2951471198773937e-06,0.99999069462546697,-9.3054178283415395e-06,9.3054178283415395e-06,-1.0270708464145864e-08
147,27458,0.99867179798530059,-0.0013290848568103307,0.0013290848568103307,0.99868101300693657,-0.0013198576220571307,0.0013198576220571307,9.2272347532000587e-06
148,439,0.99999740512785318,-2.5948755135208807e-06,2.5948755135208807e-06,0.99999744792986689,-2.5520733896918506e-06,2.5520733896918506e-06,4.280212382903012e-08
149,832,0.99999948369622704,-5.1630390623685743e-07,5.1630390623685743e-07,0.99999950576764784,-4.9423247427124221e-07,4.9423247427124221e-07,2.2071431965615219e-08
150,315,0.99999781633488749,-2.1836674967138457e-06,2.1836674967138457e-06,0.99999793050259655,-2.0694995448258769e-06,2.0694995448258769e-06,1.1416795188796878e-07
151,279,0.99999901979494865,-9.8020553173395469e-07,9.8020553173395469e-07,0.99999909223965355,-9.0776075843951329e-07,9.0776075843951329e-07,7.2444773294441393e-08
152,1455,0.99999829002796814,-1.7099734938491679e-06,1.7099734938491679e-06,0.99999840592920397,-1.5940720665742636e-06,1.5940720665742636e-06,1.1590142727490434e-07
153,97617,0.99999544437038956,-4.5556399873360234e-06,4.5556399873360234e-06,0.99999557643802339,-4.4235717606134258e-06,4.4235717606134258e-06,1.3206822672259757e-07
154,35459,0.99999823799172449,-1.7620098277950916e-06,1.7620098277950916e-06,0.99999833863412324,-1.6613672568135848e-06,1.6613672568135848e-06,1.0064257098150682e-07
155,9919,0.99999589512185549,-4.1048865695248167e-06,4.1048865695248167e-06,0.99999600857282356,-3.9914351422433884e-06,3.9914351422433884e-06,1.1345142728142833e-07
156,304,0.99999926446823706,-7.355320334488716e-07,7.355320334488716e-07,0.99999934434629889,-6.556539160465949e-07,6.556539160465949e-07,7.9878117402276696e-08
157,279,0.99999946606542589,-5.3393471667165787e-07,5.3393471667165787e-07,0.99999952526535441,-4.7473475828337632e-07,4.7473475828337632e-07,5.9199958388281551e-08
158,1917,0.99999680925183154,-3.1907532588554445e-06,3.1907532588554445e-06,0.99999718405126592,-2.8159526988280284e-06,2.8159526988280284e-06,3.7480056002741604e-07
159,11,0.96556592363469085,-0.035040900175002963,0.035040900175002963,0.96777493666313696,-0.032755722185849358,0.032755722185849358,0.0022851779891536056
160,449,0.99998584882440256,-1.4151275726256106e-05,1.4151275726256106e-05,0.99998896630646006,-1.1033754411575447e-05,1.1033754411575447e-05,3.117521314680659e-06
161,220,0.99973925949737863,-0.00026077450133627303,0.00026077450133627303,0.99978127190047128,-0.0002187520240082102,0.0002187520240082102,4.202247732806283e-05
162,2983,0.99994736593718547,-5.263544803542026e-05,5.263544803542026e-05,0.99950708776100017,-0.0004930337601720331,0.0004930337601720331,-0.00044039831213661283
163,11,0.99925223433387078,-0.00074804538232509934,0.00074804538232509934,0.99999102684767716,-8.9731925817789679e-06,8.9731925817789679e-06,0.00073907218974332035
164,20907,0.0031375549107790475,-5.7643114732338621,5.7643114732338621,0.99998548771880102,-1.4512386503092429e-05,1.4512386503092429e-05,5.7642969608473589
165,1274,0.99996757653961332,-3.2423986038484219e-05,3.2423986038484219e-05,0.99999311099374344,-6.8890299858428175e-06,6.8890299858428175e-06,2.5534956052641402e-05
166,824,0.99993951893785959,-6.0482891193556886e-05,6.0482891193556886e-05,0.99999944734320023,-5.5265695247570877e-07,5.5265695247570877e-07,5.993023424108118e-05
167,9518,0.99668764072510529,-0.0033178572811495138,0.0033178572811495138,0.99999832564401092,-1.6743573907656543e-06,1.6743573907656543e-06,0.0033161829237587483
168,15395,0.99991409244716689,-8.5911243098264227e-05,8.5911243098264227e-05,0.99998023085064258,-1.9769344769671488e-05,1.9769344769671488e-05,6.6141898328592736e-05
169,21037,0.99999916135395395,-8.386463977152908e-07,8.386463977152908e-07,0.9999992961061982,-7.0389404956019769e-07,7.0389404956019769e-07,1.3475234815509312e-07
170,382,0.94661276438235986,-0.054865177148801784,0.054865177148801784,0.94742438723645916,-0.054008147598897056,0.054008147598897056,0.00085702954990472813
171,1692,0.97991434023286672,-0.020290119063461027,0.020290119063461027,0.97716205250562682,-0.023102773236699022,0.023102773236699022,-0.0028126541732379946
172,10746,0.99995439912932726,-4.560191042402414e-05,4.560191042402414e-05,0.99995620110151029,-4.3799857689467366e-05,4.3799857689467366e-05,1.8020527345567733e-06
173,706,0.93666623253177417,-0.0654282688117718,0.0654282688117718,0.95107191972272032,-0.050165593930564002,0.050165593930564002,0.015262674881207798
174,4848,0.8139910819078241,-0.20580586892680694,0.20580586892680694,0.76119866911787437,-0.27286089196173097,0.27286089196173097,-0.067055023034924027
175,18740,0.99999012795691022,-9.872091818669719e-06,9.872091818669719e-06,0.99999348391770471,-6.5161035250363692e-06,6.5161035250363692e-06,3.3559882936333497e-06
176,27536,0.99999831503516945,-1.6849662500564731e-06,1.6849662500564731e-06,0.999998716121968,-1.2838788561743438e-06,1.2838788561743438e-06,4.010873938821293e-07
177,369,0.99996896900477339,-3.1031476697852939e-05,3.1031476697852939e-05,0.99998252334196092,-1.7476810757633518e-05,1.7476810757633518e-05,1.3554665940219421e-05
178,279,0.99999944393137408,-5.5606878051400669e-07,5.5606878051400669e-07,0.99999964799284391,-3.5200721803663635e-07,3.5200721803663635e-07,2.0406156247737034e-07
179,4827,9.8182574959529148e-06,-11.531266895747001,11.531266895747001,0.99997958146044008,-2.0418748021136643e-05,2.0418748021136643e-05,11.53124647699898
180,3838,0.99930904664624765,-0.00069119217203540966,0.00069119217203540966,0.99999398778134185,-6.012236731589652e-06,6.012236731589652e-06,0.00068517993530382002
181,315,0.99791483148022719,-0.0020873455104388088,0.0020873455104388088,0.99999923171737504,-7.6828292013949627e-07,7.6828292013949627e-07,0.0020865772275186693
182,279,0.99146390924493377,-0.0085727318411837269,0.0085727318411837269,0.99999791520676673,-2.0847954064948201e-06,2.0847954064948201e-06,0.0085706470457772316
183,57281,0.99909958867669302,-0.0009008169370803207,0.0009008169370803207,0.99994010443887393,-5.9897354936828795e-05,5.9897354936828795e-05,0.00084091958214349192
184,8151,0.99995805042822783,-4.1950451680052704e-05,4.1950451680052704e-05,0.99999229436884507,-7.705660843419688e-06,7.705660843419688e-06,3.4244790836633016e-05
185,13,0.51721078178295887,-0.65930478585361574,0.65930478585361574,0.55455845286102579,-0.58958306230835134,0.58958306230835134,0.069721723545264402
186,578,0.72974182112978259,-0.31506447708080254,0.31506447708080254,0.78555783487642561,-0.2413611958919431,0.2413611958919431,0.073703281188859437
187,3363,0.99998202810449321,-1.797205700325449e-05,1.797205700325449e-05,0.99999678576298623,-3.2142421794915754e-06,3.2142421794915754e-06,1.4757814823762914e-05
188,374,0.99942438208420503,-0.0005757836473892446,0.0005757836473892446,0.99997443434437894,-2.5565982428040632e-05,2.5565982428040632e-05,0.00055021766496120392
189,24306,0.99452828752068068,-0.0054867371301576939,0.0054867371301576939,0.99566371722752423,-0.0043457117141948018,0.0043457117141948018,0.0011410254159628921
190,315,0.99999641298584441,-3.5870205889343594e-06,3.5870205889343594e-06,0.99999902881202662,-9.7118844501719585e-07,9.7118844501719585e-07,2.6158321439171637e-06
191,220,0.99981589195736631,-0.00018412499259979942,0.00018412499259979942,0.99997674478800402,-2.3255482402650961e-05,2.3255482402650961e-05,0.00016086951019714845
192,845,0.99999354756899883,-6.4524518181978957e-06,6.4524518181978957e-06,0.99999954631076982,-4.5368933310262312e-07,4.5368933310262312e-07,5.9987624850952728e-06
193,27536,0.99937560065333186,-0.0006245943651239671,0.0006245943651239671,0.99994694135556539,-5.3060052094309799e-05,5.3060052094309799e-05,0.00057153431302965727
194,11,0.97304645192911321,-0.027323457001353756,0.027323457001353756,0.99178019718306265,-0.0082537716690242197,0.0082537716690242197,0.019069685332329535
195,32125,0.99186965871621857,-0.0081635727531716804,0.0081635727531716804,0.99833506608498102,-0.0016663214578148777,0.0016663214578148777,0.0064972512953568023
196,25,0.82211746007461117,-0.19587199866664518,0.19587199866664518,0.83694968388627777,-0.17799132513083998,0.17799132513083998,0.017880673535805192
197,30444,0.99778612095710117,-0.002216333296055945,0.002216333296055945,0.99905871128260304,-0.00094173200781967311,0.00094173200781967311,0.0012746012882362719
198,36071,0.99999891404808805,-1.0859525015821994e-06,1.0859525015821994e-06,0.99999893130897199,-1.0686915990409078e-06,1.0686915990409078e-06,1.7260902541291614e-08
199,11,0.99998708319973839,-1.2916883684177893e-05,1.2916883684177893e-05,0.99999650749157454,-3.4925145243135794e-06,3.4925145243135794e-06,9.4243691598643137e-06
200,9939,0.99884442689412301,-0.0011562412952892615,0.0011562412952892615,0.99997251882884786,-2.7481548766464151e-05,2.7481548766464151e-05,0.0011287597465227974
201,1800,0.99954691121714667,-0.00045319145859124037,0.00045319145859124037,0.99999949310037328,-5.0689975514958817e-07,5.0689975514958817e-07,0.00045268455883609081
202,64,0.99999895237848646,-1.0476220623493966e-06,1.0476220623493966e-06,0.99999990940821792,-9.0591786188147166e-08,9.0591786188147166e-08,9.5703027616124949e-07
203,11,0.99997018255097259,-2.9817893576394847e-05,2.9817893576394847e-05,0.99999901788589529,-9.8211458699546198e-07,9.8211458699546198e-07,2.8835778989399385e-05
204,61894,0.99997635913737715,-2.3641142072442108e-05,2.3641142072442108e-05,0.99999623248518366,-3.767521913425848e-06,3.767521913425848e-06,1.987362015901626e-05
205,309,0.99999865685192024,-1.3431489817340563e-06,1.3431489817340563e-06,0.99999997629880821,-2.3701192061200542e-08,2.3701192061200542e-08,1.3194477896728557e-06
206,44486,0.99999294749925849,-7.0525256104965216e-06,7.0525256104965216e-06,0.99998690590260753,-1.3094183120910136e-05,1.3094183120910136e-05,-6.0416575104136142e-06
207,11,0.99997412004588693,-2.5880289004839299e-05,2.5880289004839299e-05,0.99999619901810388,-3.8009891199041828e-06,3.8009891199041828e-06,2.2079299884935118e-05
208,8560,0.99979900226063756,-0.00020101794211527048,0.00020101794211527048,0.99999916212513529,-8.3787521568846683e-07,8.3787521568846683e-07,0.00020018006689958201
209,349,0.99985892603904747,-0.00014108391281971586,0.00014108391281971586,0.9999997003156883,-2.9968435661148078e-07,2.9968435661148078e-07,0.00014078422846310436
210,11,0.99991979008328058,-8.0213133706762837e-05,8.0213133706762837e-05,0.99999594221418353,-4.0577940493294749e-06,4.0577940493294749e-06,7.6155339657433369e-05
211,12925,0.99978669570607448,-0.00021332704652192948,0.00021332704652192948,0.99999668282681786,-3.3171786839371255e-06,3.3171786839371255e-06,0.00021000986783799235
212,78,0.99999454504446039,-5.4549704179821644e-06,5.4549704179821644e-06,0.99999989428181857,-1.0571818705632061e-07,1.0571818705632061e-07,5.3492522309258438e-06
213,11,0.99993592793943642,-6.4074113265687963e-05,6.4074113265687963e-05,0.99999476161008116,-5.2384036392050471e-06,5.2384036392050471e-06,5.8835709626482916e-05
214,34606,1.677838825354525e-07,-15.600589099162718,15.600589099162718,0.99999707454477216,-2.9254595069467487e-06,2.9254595069467487e-06,15.600586173703212
215,582,0.99898839768282521,-0.0010121143321316459,0.0010121143321316459,0.99999601335485921,-3.9866530874712341e-06,3.9866530874712341e-06,0.0010081276790441748
216,276,0.99894500208816139,-0.0010555548138570408,0.0010555548138570408,0.99999984697536848,-1.5302464323921543e-07,1.5302464323921543e-07,0.0010554017892138016
217,11,0.99798437585394273,-0.0020176582501922071,0.0020176582501922071,0.99999908866426612,-9.1133614916840213e-07,9.1133614916840213e-07,0.0020167469140430386
218,5896,0.54058915204035918,-0.61509571185914358,0.61509571185914358,0.99999791254648362,-2.0874556951522646e-06,2.0874556951522646e-06,0.61509362440344839
219,12299,0.99789023976615199,-0.002111988913174621,0.002111988913174621,0.99999667489629418,-3.3251092340163748e-06,3.3251092340163748e-06,0.0021086638039406044
220,11,0.99943753799331947,-0.00056262024777416512,0.00056262024777416512,0.99999809133604345,-1.9086657780224411e-06,1.9086657780224411e-06,0.00056071158199614266
221,42215,0.95117965513760261,-0.050052322461720242,0.050052322461720242,0.99994357578056003,-5.6425811346095922e-05,5.6425811346095922e-05,0.049995896650374148
222,66652,0.99994829463156942,-5.1706705199209591e-05,5.1706705199209591e-05,0.99999737498457586,-2.6250188694854642e-06,2.6250188694854642e-06,4.9081686329724125e-05
223,11,0.99967187894267673,-0.00032817490081581434,0.00032817490081581434,0.99999344088537945,-6.5591361316243636e-06,6.5591361316243636e-06,0.00032161576468418997
224,91274,0.88201261659751073,-0.12554891854532949,0.12554891854532949,0.99999456525626851,-5.4347584997603268e-06,5.4347584997603268e-06,0.12554348378682972
225,278,0.99270608237971214,-0.0073206482976339434,0.0073206482976339434,0.99999812939989186,-1.8706018577689539e-06,1.8706018577689539e-06,0.0073187776957761748
226,511,0.99914525137382804,-0.00085511413207083433,0.00085511413207083433,0.99999990179061149,-9.8209393346859475e-08,9.8209393346859475e-08,0.00085501592267748746
227,11,0.99931934692309887,-0.00068088482637333118,0.00068088482637333118,0.99999703864524281,-2.9613591420149734e-06,2.9613591420149734e-06,0.00067792346723131623
228,5960,0.99189291686622705,-0.0081401242313617755,0.0081401242313617755,0.99999895491253299,-1.0450880131436737e-06,1.0450880131436737e-06,0.008139079143348632
229,96446,0.95548134819885833,-0.045540035954022777,0.045540035954022777,0.99985847791600102,-0.00014153209919404497,0.00014153209919404497,0.045398503854828735
230,11,0.85449764412079976,-0.15724153345685757,0.15724153345685757,0.99999807713498068,-1.9228668679875426e-06,1.9228668679875426e-06,0.15723961058998959
231,5960,0.95159360113192282,-0.049617224901370702,0.049617224901370702,0.99999912195562413,-8.7804476133125283e-07,8.7804476133125283e-07,0.049616346856609372
232,46991,0.96862023775200357,-0.031882655413395848,0.031882655413395848,0.99999753348038289,-2.4665226589254604e-06,2.4665226589254604e-06,0.031880188890736925
233,11,0.999576005652005,-0.00042408425901401811,0.00042408425901401811,0.99999878892569349,-1.2110750398703201e-06,1.2110750398703201e-06,0.00042287318397414781
234,5960,0.57869081769407316,-0.5469869376544193,0.5469869376544193,0.9999986899918295,-1.3100090285059511e-06,1.3100090285059511e-06,0.54698562764539083
235,52836,0.98222483069864142,-0.017935045001531539,0.017935045001531539,0.99998463397717008,-1.5366140888409742e-05,1.5366140888409742e-05,0.017919678860643128
236,11,0.99948845029081967,-0.00051168059537123054,0.00051168059537123054,0.99999915322837718,-8.4677198129052012e-07,8.4677198129052012e-07,0.00051083382338994003
237,16376,0.98823189099672515,-0.011837901287198393,0.011837901287198393,0.99999099104938849,-9.0089911923939879e-06,9.0089911923939879e-06,0.011828892296006
238,33238,0.99694145987280069,-0.0030632270201941228,0.0030632270201941228,0.99998560508687673,-1.4395016730988062e-05,1.4395016730988062e-05,0.0030488320034631347
239,11,0.99957894776491896,-0.00042114090246336833,0.00042114090246336833,0.99999882280383656,-1.1771968563215875e-06,1.1771968563215875e-06,0.00041996370560704673
240,16376,0.99764205302575215,-0.0023607313089514131,0.0023607313089514131,0.99995672451371798,-4.3276422692899837e-05,4.3276422692899837e-05,0.0023174548862585132
241,21510,0.99758637287918306,-0.0024165446141956432,0.0024165446141956432,0.9999991978540439,-8.0214627786836035e-07,8.0214627786836035e-07,0.0024157424679177746
242,11,0.9978512703647695,-0.0021510414670144438,0.0021510414670144438,0.99999873809542972,-1.261905366472163e-06,1.261905366472163e-06,0.0021497795616479717
243,16376,0.45762356279627486,-0.78170834811749634,0.78170834811749634,0.99959685528560516,-0.00040322599907224074,0.00040322599907224074,0.78130512211842407
244,55965,0.99652905269711189,-0.0034769850155814005,0.0034769850155814005,0.99994648890466309,-5.3512527106679321e-05,5.3512527106679321e-05,0.0034234724884747211
245,11,0.99567777637697041,-0.0043315914344823261,0.0043315914344823261,0.9998616183829544,-0.00013839119266495712,0.00013839119266495712,0.0041932002418173693
246,323,0.99636895266295367,-0.0036376555908662796,0.0036376555908662796,0.99999834401719112,-1.6559841799874424e-06,1.6559841799874424e-06,0.0036359996066862919
247,350,0.99991593502418874,-8.4068509469330271e-05,8.4068509469330271e-05,0.99999866835723861,-1.3316436480033892e-06,1.3316436480033892e-06,8.2736865821326881e-05
248,36071,0.99976707774347695,-0.00023294938712475625,0.00023294938712475625,0.99999902504497751,-9.7495549779613983e-07,9.7495549779613983e-07,0.00023197443162696011
249,382,0.99821124582764875,-0.0017903559034495844,0.0017903559034495844,0.99989105029235281,-0.0001089556430976654,0.0001089556430976654,0.0016814002603519191
250,791,0.96929640699271447,-0.031184824296681995,0.031184824296681995,0.99080583377645126,-0.0092366934387160711,0.0092366934387160711,0.021948130857965924
251,15422,0.87766131687790183,-0.13049450364015419,0.13049450364015419,0.9743123963734488,-0.0260232912678817,0.0260232912678817,0.1044712123722725
252,315,0.99999929093225692,-7.0906799450779039e-07,7.0906799450779039e-07,0.99999993406956589,-6.5930436268641001e-08,6.5930436268641001e-08,6.4313755823914939e-07
253,350,0.99997126415956716,-2.8736253314982513e-05,2.8736253314982513e-05,0.99999823795778164,-1.7620437708058595e-06,1.7620437708058595e-06,2.6974209544176654e-05
254,36071,0.99997177601036835,-2.8224387935970168e-05,2.8224387935970168e-05,0.9999960740047984,-3.9260029082923188e-06,3.9260029082923188e-06,2.4298385027677848e-05
255,3131,0.99933906822468965,-0.00066115028700239125,0.00066115028700239125,0.99994609907212706,-5.3902380580167431e-05,5.3902380580167431e-05,0.00060724790642222384
256,21989,0.99997901955657487,-2.0980663517692859e-05,2.0980663517692859e-05,0.99998986023399417,-1.0139817413579023e-05,1.0139817413579023e-05,1.0840846104113836e-05
257,304,0.99690841764129734,-0.0030963711719971202,0.0030963711719971202,0.99964821430746575,-0.00035184758363638328,0.00035184758363638328,0.0027445235883607369
258,279,0.99999154901207099,-8.4510236387676851e-06,8.4510236387676851e-06,0.99999978403628664,-2.1596373666616786e-07,2.1596373666616786e-07,8.2350599021015166e-06
259,53851,0.99909001621437243,-0.00091039807222112511,0.00091039807222112511,0.99998154372017278,-1.8456450146408932e-05,1.8456450146408932e-05,0.00089194162207471622
260,315,0.99999029864870015,-9.7013983582924476e-06,9.7013983582924476e-06,0.9999998717350409,-1.2826496730369483e-07,1.2826496730369483e-07,9.5731333909887535e-06
261,57664,0.99998879782085692,-1.120224188790505e-05,1.120224188790505e-05,0.99999960486421458,-3.9513586345599887e-07,3.9513586345599887e-07,1.080710602444905e-05
262,1603,0.99187231171088974,-0.0081608980155185289,0.0081608980155185289,0.9952481348359935,-0.0047631911692857121,0.0047631911692857121,0.0033977068462328168
263,433,0.99698567691346052,-0.0030188753085881154,0.0030188753085881154,0.99999920732847014,-7.9267184396975762e-07,7.9267184396975762e-07,0.0030180826367441457
264,27851,0.97876235257462874,-0.021466410990861173,0.021466410990861173,0.99960318631890277,-0.00039689243247977734,0.00039689243247977734,0.021069518558381396
265,6244,0.99998313258619587,-1.6867556060522046e-05,1.6867556060522046e-05,0.99999575274203301,-4.2472669865794521e-06,4.2472669865794521e-06,1.2620289073942593e-05
266,264,0.99971977329012895,-0.00028026598071222316,0.00028026598071222316,0.99999867803932363,-1.3219615501808674e-06,1.3219615501808674e-06,0.00027894401916204228
267,17271,0.99963301656757231,-0.00036705078732681882,0.00036705078732681882,0.99999450314749505,-5.4968676127525817e-06,5.4968676127525817e-06,0.00036155391971406622
268,315,0.98611550127083902,-0.013981789991686425,0.013981789991686425,0.99999891268895758,-1.087311633577756e-06,1.087311633577756e-06,0.013980702680052848
269,279,0.99997906869782038,-2.093152124233071e-05,2.093152124233071e-05,0.99999923802874346,-7.6197154688168102e-07,7.6197154688168102e-07,2.016954969544903e-05
270,36142,0.99989754577686418,-0.00010245947192825321,0.00010245947192825321,0.99999594781997336,-4.0521882367095672e-06,4.0521882367095672e-06,9.840728369154364e-05
271,31779,0.32117953151980289,-1.1357550239718035,1.1357550239718035,0.9999896630954157,-1.0336958010510362e-05,1.0336958010510362e-05,1.1357446870137931
272,391,0.99993711742383462,-6.2884553357494676e-05,6.2884553357494676e-05,0.99997655014892073,-2.3450126031368749e-05,2.3450126031368749e-05,3.943442732612593e-05
273,1494,0.99998544273422707,-1.4557371730919272e-05,1.4557371730919272e-05,0.99999998368750243,-1.6312497663939831e-08,1.6312497663939831e-08,1.4541059233255332e-05
274,275,0.99999978362915942,-2.1637086402102988e-07,2.1637086402102988e-07,0.99999982576429536,-1.7423571977196763e-07,1.7423571977196763e-07,4.2135144249062249e-08
275,21080,0.99992166748661448,-7.8335581537066347e-05,7.8335581537066347e-05,0.99999944004379504,-5.5995636171102235e-07,5.5995636171102235e-07,7.7775625175355325e-05
276,13,0.99445026526438962,-0.0055651917280937517,0.0055651917280937517,0.99991131342621575,-8.8690506670941835e-05,8.8690506670941835e-05,0.0054765012214228097
277,12220,0.99884873852011768,-0.0011519246904478477,0.0011519246904478477,0.99991105270507297,-8.8951250972221286e-05,8.8951250972221286e-05,0.0010629734394756265
278,279,0.99999318853739949,-6.8114857986180684e-06,6.8114857986180684e-06,0.99999977713114563,-2.2286887916320387e-07,2.2286887916320387e-07,6.5886169194548643e-06
279,3320,0.99609818498413871,-0.0039094469548147147,0.0039094469548147147,0.99999308173828594,-6.9182856453822039e-06,6.9182856453822039e-06,0.0039025286691693325
280,96323,0.98985514559104237,-0.010196664143769234,0.010196664143769234,0.99997376002381444,-2.6240320459775726e-05,2.6240320459775726e-05,0.010170423823309458
281,30215,0.99887459262519696,-0.0011260411212092516,0.0011260411212092516,0.99996722742561706,-3.2773111415489037e-05,3.2773111415489037e-05,0.0010932680097937625
282,315,0.98683383622343046,-0.013253606078717532,0.013253606078717532,0.99998396911905574,-1.6031009440259229e-05,1.6031009440259229e-05,0.013237575069277273
283,279,0.99999146376844206,-8.5362679917265234e-06,8.5362679917265234e-06,0.99999978417525459,-2.1582476874791029e-07,2.1582476874791029e-07,8.320443222978613e-06
284,26363,0.99997601612766041,-2.3984159957297536e-05,2.3984159957297536e-05,0.99999901369143207,-9.863090543040626e-07,9.863090543040626e-07,2.2997850902993472e-05
285,11,0.99995079686803212,-4.920434248171106e-05,4.920434248171106e-05,0.99999583562140359,-4.1643872674602125e-06,4.1643872674602125e-06,4.5039955214250851e-05
286,76086,0.99929370209531043,-0.00070654745056404936,0.00070654745056404936,0.99999077286914306,-9.2271734272245872e-06,9.2271734272245872e-06,0.00069732027713682474
287,426,0.98054519075146374,-0.019646544911175956,0.019646544911175956,0.99999685408775152,-3.1459171968285455e-06,3.1459171968285455e-06,0.019643398993979128
288,23427,0.99984368387957812,-0.00015632833905995162,0.00015632833905995162,0.9999999793066976,-2.0693302634933309e-08,2.0693302634933309e-08,0.00015630764575731669
289,19870,0.99349610113962961,-0.0065251413667332912,0.0065251413667332912,0.99999916622425933,-8.3377608830206141e-07,8.3377608830206141e-07,0.0065243075906449895
290,315,0.067280495605475499,-2.6988848970325141,2.6988848970325141,0.9999990527833692,-9.4721707935876274e-07,9.4721707935876274e-07,2.6988839498154347
291,3320,0.99993343966322679,-6.6562552010748734e-05,6.6562552010748734e-05,0.9999969227858474,-3.0772188872738614e-06,3.0772188872738614e-06,6.348533312347487e-05
292,96323,0.99999932849427386,-6.715059516477003e-07,6.715059516477003e-07,0.99999944950108222,-5.5049906935027107e-07,5.5049906935027107e-07,1.2100688229742923e-07
293,17439,0.99824532182840797,-0.0017562194225317054,0.0017562194225317054,0.99999165194346029,-8.3480913848835001e-06,8.3480913848835001e-06,0.001747871331146822
294,24082,0.70440948803419345,-0.35039543278272417,0.35039543278272417,0.99994995412442556,-5.004712791103718e-05,5.004712791103718e-05,0.35034538565481316
295,664,0.6362016877787342,-0.45223964676471129,0.45223964676471129,0.99999944780542238,-5.521947300264966e-07,5.521947300264966e-07,0.45223909456998124
296,647,0.99995989090706872,-4.010989732246553e-05,4.010989732246553e-05,0.99999998780499666,-1.2195003377150425e-08,1.2195003377150425e-08,4.0097702319088376e-05
297,320,0.9807039005009911,-0.019484699329621148,0.019484699329621148,0.99239422430629487,-0.0076348471065630667,0.0076348471065630667,0.01184985222305808
298,64,0.99114700422776258,-0.008892416372038121,0.008892416372038121,0.99995270528176328,-4.7295836667120283e-05,4.7295836667120283e-05,0.0088451205353710007
299,14458,0.99928933514694673,-0.00071091749502286746,0.00071091749502286746,0.99999931560587052,-6.8439436368506654e-07,6.8439436368506654e-07,0.00071023310065918238
300,304,0.99816515991839838,-0.0018365254625827116,0.0018365254625827116,0.99999991630825613,-8.3691747360714342e-08,8.3691747360714342e-08,0.0018364417708353509
301,6617,0.9815475842845548,-0.018624785254290933,0.018624785254290933,0.99999521713626538,-4.7828751725780192e-06,4.7828751725780192e-06,0.018620002379118355
302,11477,0.92722100546940067,-0.075563332479171033,0.075563332479171033,0.99981561851911926,-0.00018439848123575546,0.00018439848123575546,0.075378933997935271
303,57664,0.99998857893326465,-1.1421131956187633e-05,1.1421131956187633e-05,0.99999843848598247,-1.561515236751293e-06,1.561515236751293e-06,9.8596167194363395e-06
304,8,0.99985589176447065,-0.00014411862011879428,0.00014411862011879428,0.99999355959641867,-6.4404243207966492e-06,6.4404243207966492e-06,0.00013767819579799763
305,323,0.9999803066009999,-1.9693592917674921e-05,1.9693592917674921e-05,0.99999831827680175,-1.6817246123371632e-06,1.6817246123371632e-06,1.8011868305337758e-05
306,28379,0.99973029364729971,-0.00026974272999952736,0.00026974272999952736,0.99995334487230303,-4.665621608131008e-05,4.665621608131008e-05,0.00022308651391821728
307,433,0.99999654832015705,-3.4516858000094229e-06,3.4516858000094229e-06,0.9999995615364452,-4.3846365096257992e-07,4.3846365096257992e-07,3.013222149046843e-06
308,3297,0.99094946377460236,-0.0090917411344834838,0.0090917411344834838,0.99999789691766872,-2.1030845428176391e-06,2.1030845428176391e-06,0.0090896380499406668
309,8551,0.88638371778722946,-0.12060533208017787,0.12060533208017787,0.99837180990911789,-0.00162951703290634,0.00162951703290634,0.11897581504727153
310,6496,0.95680053951576494,-0.044160331910756336,0.044160331910756336,0.9997397839627471,-0.00026024989932036443,0.00026024989932036443,0.04390008201143597
311,11,0.9242967570550934,-0.078722093259058129,0.078722093259058129,0.99995998637716199,-4.0014423404388488e-05,4.0014423404388488e-05,0.078682078835653743
312,264,0.0027641809274068217,-5.8910109166782121,5.8910109166782121,0.99997860399732907,-2.1396231568618539e-05,2.1396231568618539e-05,5.8909895204466434
313,12633,0.00072343833758332053,-7.2314952434677311,7.2314952434677311,0.999982474626677,-1.7525526894146192e-05,1.7525526894146192e-05,7.2314777179408374
314,32051,0.99997272325541342,-2.7277116603702896e-05,2.7277116603702896e-05,0.99999976253044398,-2.3746958422264652e-07,2.3746958422264652e-07,2.703964701948025e-05
315,4751,0.22155413195823051,-1.5070883312815719,1.5070883312815719,0.99999946860448052,-5.3139566061535698e-07,5.3139566061535698e-07,1.5070877998859114
316,22797,0.01041669661279724,-4.5643453166434336,4.5643453166434336,0.99999146546123663,-8.5345751827384403e-06,8.5345751827384403e-06,4.564336782068251
317,311,0.99967126942388917,-0.00032878461985091413,0.00032878461985091413,0.99999966711430099,-3.3288575439970269e-07,3.3288575439970269e-07,0.00032845173409651443
318,279,0.094552572740188218,-2.3585992738809889,2.3585992738809889,0.99999970426140172,-2.9573864203203772e-07,2.9573864203203772e-07,2.3585989781423469
319,9546,0.00035958750887086951,-7.9305529921467937,7.9305529921467937,0.99999966442439314,-3.3557566312902518e-07,3.3557566312902518e-07,7.9305526565711304
320,315,0.99866772076445254,-0.0013331675085676547,0.0013331675085676547,0.99999951446932223,-4.8553079560426765e-07,4.8553079560426765e-07,0.0013326819777720504
321,279,0.17971112979704243,-1.7164045516790329,1.7164045516790329,0.99999964151230203,-3.5848776227827998e-07,3.5848776227827998e-07,1.7164041931912706
322,452,0.0024828625938625283,-5.9983431127458999,5.9983431127458999,0.99998657944260205,-1.3420647454468171e-05,1.3420647454468171e-05,5.9983296920984452
323,10746,0.44827737925448924,-0.80234308803988097,0.80234308803988097,0.99999728343350369,-2.7165701861913634e-06,2.7165701861913634e-06,0.80234037146969472
324,14362,0.00015987415566542137,-8.7411235792962803,8.7411235792962803,0.99999747583638887,-2.52416679687562e-06,2.52416679687562e-06,8.7411210551294829
325,392,0.98423940916234964,-0.015886109528756163,0.015886109528756163,0.99999961709503415,-3.8290503919779409e-07,3.8290503919779409e-07,0.015885726623716966
326,13,0.2803510538912462,-1.2717126972212114,1.2717126972212114,0.61051547815520602,-0.49345163250918495,0.49345163250918495,0.7782610647120265
327,3297,0.89504596946441051,-0.11088019949622367,0.11088019949622367,0.99995618260313168,-4.3818356878548949e-05,4.3818356878548949e-05,0.11083638113934512
328,121513,0.85802039071191694,-0.15312741437806282,0.15312741437806282,0.9995246323483703,-0.00047548067465154543,0.00047548067465154543,0.15265193370341126
329,574,0.97441141338221837,-0.025921668853910992,0.025921668853910992,0.99999932003194314,-6.7996828808972599e-07,6.7996828808972599e-07,0.025920988885622904
330,264,0.89184902587784387,-0.11445841422729282,0.11445841422729282,0.99999798479468394,-2.015207346616919e-06,2.015207346616919e-06,0.1144563990199462
331,348,0.85207322734265523,-0.16008280826082738,0.16008280826082738,0.99999988810151808,-1.1189848820971665e-07,1.1189848820971665e-07,0.16008269636233918
332,395,0.99857304922342249,-0.0014279698403881433,0.0014279698403881433,0.9999997445718114,-2.5542822125957146e-07,2.5542822125957146e-07,0.0014277144121668836
333,278,0.99999584136299147,-4.158645655742673e-06,4.158645655742673e-06,0.99999993457896574,-6.5421036446465732e-08,6.5421036446465732e-08,4.0932246192962071e-06
334,1614,0.84536311763150063,-0.16798901892261828,0.16798901892261828,0.99999965154535042,-3.4845471032716003e-07,3.4845471032716003e-07,0.16798867046790794
335,315,0.98509439371761209,-0.015017811216169873,0.015017811216169873,0.9999999556698469,-4.4330154119719911e-08,4.4330154119719911e-08,0.015017766886015752
336,3320,0.40022100212155948,-0.91573837914511547,0.91573837914511547,0.99999848577597295,-1.5142251734479961e-06,1.5142251734479961e-06,0.915736864919942
337,96323,0.99995523426109578,-4.476674091985801e-05,4.476674091985801e-05,0.99999010261409849,-9.8974348809400073e-06,9.8974348809400073e-06,3.4869306038918004e-05
338,11,0.29693008228061474,-1.214258581090057,1.214258581090057,0.99994883519864486,-5.1166110318233394e-05,5.1166110318233394e-05,1.2142074149797388
339,9749,0.30833729393651793,-1.1765609850208028,1.1765609850208028,0.99999731505654332,-2.6849470611032489e-06,2.6849470611032489e-06,1.1765583000737416
340,311,0.9093185272933727,-0.095059831121461658,0.095059831121461658,0.99999945653452871,-5.4346561893399546e-07,5.4346561893399546e-07,0.09505928765584272
341,98887,0.16113183655754251,-1.8255323884752539,1.8255323884752539,0.99981393697371201,-0.00018608033816032028,0.00018608033816032028,1.8253463081370935
342,350,0.68921652965097047,-0.37219979079273929,0.37219979079273929,0.99999828291312165,-1.7170883525722755e-06,1.7170883525722755e-06,0.37219807370438673
343,36071,0.99997733047998827,-2.26697769691918e-05,2.26697769691918e-05,0.99999911995973911,-8.8004064814231361e-07,8.8004064814231361e-07,2.1789736321049486e-05
344,382,0.88856185507516217,-0.11815101639343351,0.11815101639343351,0.78078380983819173,-0.24745697944891129,0.24745697944891129,-0.12930596305547779
345,644,0.9850937589565647,-0.01501845558208639,0.01501845558208639,0.98969927288344195,-0.010354146763562716,0.010354146763562716,0.0046643088185236731
346,220,0.99922487246000391,-0.00077542810667611314,0.00077542810667611314,0.99996985473305211,-3.01457213255747e-05,3.01457213255747e-05,0.00074528238535053848
347,10895,0.99974760521742845,-0.00025242663949516921,0.00025242663949516921,0.99999971939252175,-2.8060751759805546e-07,2.8060751759805546e-07,0.00025214603197757117
348,16,0.99989283269690399,-0.00010717304592172263,0.00010717304592172263,0.99999984693025346,-1.5306975825513935e-07,1.5306975825513935e-07,0.00010701997616346748
349,11,0.99795874349812808,-0.0020433427053928987,0.0020433427053928987,0.99860656875557963,-0.0013944029725325691,0.0013944029725325691,0.00064893973286032957
350,15506,0.99296555095550854,-0.0070593074264473496,0.0070593074264473496,0.99994845144533595,-5.1549883336400456e-05,5.1549883336400456e-05,0.0070077575431109493
351,1221,0.05764067971155027,-2.8535267155617352,2.8535267155617352,0.97986797233393896,-0.020337438501583351,0.020337438501583351,2.8331892770601517
352,56409,0.99997373959116531,-2.6260753645212293e-05,2.6260753645212293e-05,0.99998732103459498,-1.2679045783765729e-05,1.2679045783765729e-05,1.3581707861446565e-05
353,67987,0.99870846981962447,-0.0012923649242876562,0.0012923649242876562,0.99997726115132457,-2.2739107206916772e-05,2.2739107206916772e-05,0.0012696258170807394
354,11721,0.96869669876566245,-0.03180372045726422,0.03180372045726422,0.99999540766371353,-4.5923468313133033e-06,4.5923468313133033e-06,0.031799128110432909
355,505,0.94927231443508053,-0.052059572708985362,0.052059572708985362,0.99998375892916946,-1.6241202718156351e-05,1.6241202718156351e-05,0.052043331506267207
356,12550,0.99988202462674214,-0.00011798233289954301,0.00011798233289954301,0.99999891434856192,-1.0856520273743123e-06,1.0856520273743123e-06,0.0001168966808721687
357,11,0.53641026963338756,-0.62285598228177186,0.62285598228177186,0.98285988706693983,-0.017288705040037499,0.017288705040037499,0.60556727724173431
358,505,0.18870975684474567,-1.6675451223547832,1.6675451223547832,0.99761399455829092,-0.0023888564886715546,0.0023888564886715546,1.6651562658661117
359,4028,0.99668590700023718,-0.0033195967693353504,0.0033195967693353504,0.99999944745511371,-5.5254503894804555e-07,5.5254503894804555e-07,0.0033190442242964024
360,279,0.99999715021611002,-2.8497879506118038e-06,2.8497879506118038e-06,0.99999983824404981,-1.6175596330862374e-07,1.6175596330862374e-07,2.6880319873031802e-06
361,16867,0.99975194578280413,-0.00024808498773186394,0.00024808498773186394,0.99999936132598699,-6.3867421695283973e-07,6.3867421695283973e-07,0.0002474463135149111
362,11,0.99246478489155865,-0.0075637482678379943,0.0075637482678379943,0.99999172708444961,-8.2729497711425415e-06,8.2729497711425415e-06,0.0075554753180668514
363,323,0.99956946286338222,-0.00043062984434115176,0.00043062984434115176,0.99999960814371625,-3.9185636052272975e-07,3.9185636052272975e-07,0.00043023798798062904
364,18538,0.99525057854294618,-0.0047607357977385778,0.0047607357977385778,0.99998232575285462,-1.7674403336758595e-05,1.7674403336758595e-05,0.0047430613944018192
365,3118,0.75474979304838941,-0.28136898459411425,0.28136898459411425,0.99997044033986693,-2.9560097028464719e-05,2.9560097028464719e-05,0.28133942449708577
366,11477,0.99998615619894793,-1.3843896878359667e-05,1.3843896878359667e-05,0.99999965566918525,-3.4433087403987482e-07,3.4433087403987482e-07,1.3499566004319792e-05
367,57664,0.99998925325265708,-1.0746805089635731e-05,1.0746805089635731e-05,0.99999970980838071,-2.9019166145021566e-07,2.9019166145021566e-07,1.0456613428185515e-05
368,304,0.99017688906106605,-0.0098716759948657955,0.0098716759948657955,0.99999681074174829,-3.1892633374258839e-06,3.1892633374258839e-06,0.0098684867315283701
369,1148,0.99285687695943881,-0.007168757289285523,0.007168757289285523,0.99999976846014971,-2.3153987711119613e-07,2.3153987711119613e-07,0.0071685257494084114
370,3432,0.20868755990495483,-1.5669170742225167,1.5669170742225167,0.99969841230234446,-0.00030163318437092276,0.00030163318437092276,1.5666154410381459
371,374,0.99995643670984269,-4.3564239064951671e-05,4.3564239064951671e-05,0.99999990301332276,-9.6986681978579719e-08,9.6986681978579719e-08,4.3467252382973091e-05
372,61894,0.97573362462769342,-0.024565655406390115,0.024565655406390115,0.9999641647384544,-3.5835903643896362e-05,3.5835903643896362e-05,0.024529819502746218
373,309,0.99999873973038667,-1.2602704074785613e-06,1.2602704074785613e-06,0.99999999102529757,-8.9747024964177724e-09,8.9747024964177724e-09,1.2512957049821435e-06
374,44486,0.99999627887346942,-3.7211334539627867e-06,3.7211334539627867e-06,0.99999704723426186,-2.9527700975136147e-06,2.9527700975136147e-06,7.6836335644917202e-07
375,13,0.99137148796788421,-0.0086659531718563821,0.0086659531718563821,0.99998473612291561,-1.5263993578566555e-05,1.5263993578566555e-05,0.0086506891782778157
376,15506,0.93221291082414259,-0.070194045295870477,0.070194045295870477,0.99997706411585507,-2.2936147176347737e-05,2.2936147176347737e-05,0.070171109148694136
377,86316,0.99871513202331064,-0.0012856941272868995,0.0012856941272868995,0.9999917821841533,-8.2178496131721635e-06,8.2178496131721635e-06,0.0012774762776737274
378,5246,0.94968051849203439,-0.051629647272014731,0.051629647272014731,0.99999719510287099,-2.8049010627508908e-06,2.8049010627508908e-06,0.051626842370951977
379,9052,0.99496016924876041,-0.0050525735305708636,0.0050525735305708636,0.99998354877853479,-1.6451356788067111e-05,1.6451356788067111e-05,0.0050361221737827968
380,1534,0.99967750652215914,-0.00032254549004515862,0.00032254549004515862,0.99999978538145362,-2.1461856942285258e-07,2.1461856942285258e-07,0.00032233087147573577
381,279,0.99988131858336393,-0.0001186884598326466,0.0001186884598326466,0.9999990307692902,-9.6923117945693689e-07,9.6923117945693689e-07,0.00011771922865318966
382,3363,0.99914595598943479,-0.00085440891392837175,0.00085440891392837175,0.99999844268033533,-1.5573208773263984e-06,1.5573208773263984e-06,0.0008528515930510454
383,323,0.93692379850480467,-0.065153325018960831,0.065153325018960831,0.99988197156153491,-0.00011803540436936695,0.00011803540436936695,0.065035289614591457
384,32762,0.99440367290128018,-0.0056120452070987344,0.0056120452070987344,0.99999506462002041,-4.9353921585902404e-06,4.9353921585902404e-06,0.0056071098149401439
385,350,0.99966058695871696,-0.00033947065492620835,0.00033947065492620835,0.99999862147544116,-1.3785255090391604e-06,1.3785255090391604e-06,0.00033809212941716916
386,36071,0.999987095925847,-1.2904157411244386e-05,1.2904157411244386e-05,0.9999989810876958,-1.0189128232736324e-06,1.0189128232736324e-06,1.1885244587970752e-05
387,1234,0.98325026096775148,-0.016891602256826972,0.016891602256826972,0.99999984238005024,-1.5761996220579372e-07,1.5761996220579372e-07,0.016891444636864764
388,57664,0.99476517590657876,-0.0052485737908887792,0.0052485737908887792,0.99999962441918455,-3.7558088602703207e-07,3.7558088602703207e-07,0.0052481982100027521
389,323,0.5578413026506982,-0.58368076090306653,0.58368076090306653,0.99824062190603291,-0.0017609276173376008,0.0017609276173376008,0.58191983328572894
390,1243,0.80599770586637232,-0.21567438279919682,0.21567438279919682,0.9999961217876483,-3.8782198720354852e-06,3.8782198720354852e-06,0.2156705045793248
391,5918,0.99586930901552273,-0.0041392458549601224,0.0041392458549601224,0.99999504786368132,-4.9521485806004676e-06,4.9521485806004676e-06,0.0041342937063795215
392,1063,0.99612597109064027,-0.003881552396445239,0.003881552396445239,0.99999947730819028,-5.2269194634584619e-07,5.2269194634584619e-07,0.0038810297044988931
393,315,0.99988701289153492,-0.00011299349198927109,0.00011299349198927109,0.99999973391266583,-2.6608736959742442e-07,2.6608736959742442e-07,0.00011272740461967367
394,279,0.99992879634701826,-7.1206188082233147e-05,7.1206188082233147e-05,0.99999987548091895,-1.2451908883677967e-07,1.2451908883677967e-07,7.1081668993396371e-05
395,24417,0.99825776787021925,-0.0017437515812590329,0.0017437515812590329,0.99999974964181571,-2.5035821568295447e-07,2.5035821568295447e-07,0.0017435012230433498
396,31012,0.9994379100882097,-0.00056224794354619852,0.00056224794354619852,0.99999349401156379,-6.5060096002263866e-06,6.5060096002263866e-06,0.0005557419339459721
397,304,0.99977832981139547,-0.00022169476107221437,0.00022169476107221437,0.9999996764361877,-3.2356386464615983e-07,3.2356386464615983e-07,0.00022137119720756822
398,279,0.9999892088610316,-1.0791197193185252e-05,1.0791197193185252e-05,0.99999956164016413,-4.3835993197468963e-07,4.3835993197468963e-07,1.0352837261210563e-05
399,3224,0.98573859183825185,-0.014364079369480275,0.014364079369480275,0.99999762030404205,-2.379698789383902e-06,2.379698789383902e-06,0.01436169967069089
400,11,0.99752048333099108,-0.0024825957612916697,0.0024825957612916697,0.99999834325407566,-1.656747296736666e-06,1.656747296736666e-06,0.002480939013994933
401,2737,0.998547685666895,-0.0014533699637614985,0.0014533699637614985,0.99999613414848565,-3.8658589867314907e-06,3.8658589867314907e-06,0.0014495041047747671
402,5960,0.74721244324117131,-0.2914057390461407,0.2914057390461407,0.99998820018424617,-1.1799885372199512e-05,1.1799885372199512e-05,0.2913939391607685
403,4701,0.99379324694796778,-0.0062260950191658634,0.0062260950191658634,0.99999384907266164,-6.1509462554268449e-06,6.1509462554268449e-06,0.0062199440729104362
404,45335,0.99643678200994856,-0.0035695813718484197,0.0035695813718484197,0.99999836801219555,-1.631989136181326e-06,1.631989136181326e-06,0.0035679493827122386
405,9441,0.99832223377109164,-0.0016791752548991771,0.0016791752548991771,0.99999558411373668,-4.4158960134164422e-06,4.4158960134164422e-06,0.0016747593588857606
406,13,0.89639448622002393,-0.10937468810058357,0.10937468810058357,0.96141658911326977,-0.039347468508601359,0.039347468508601359,0.070027219591982215
407,578,0.99360185115461275,-0.0064187047263443075,0.0064187047263443075,0.99995915651945533,-4.0844314662382756e-05,4.0844314662382756e-05,0.0063778604116819246
408,1221,0.94398724845104132,-0.057642620924648454,0.057642620924648454,0.99998943905264559,-1.0561003121601557e-05,1.0561003121601557e-05,0.057632059921526854
409,56409,0.99994828605197583,-5.1715285236508243e-05,5.1715285236508243e-05,0.99995684511461314,-4.3155816585764064e-05,4.3155816585764064e-05,8.559468650744179e-06
410,67987,0.9998370966454011,-0.00016291662479160404,0.00016291662479160404,0.99998368638645363,-1.6313746614816065e-05,1.6313746614816065e-05,0.00014660287817678798
411,28379,0.99764670278035006,-0.0023560705754265376,0.0023560705754265376,0.99992140725177148,-7.8595836800377921e-05,7.8595836800377921e-05,0.0022774747386261596
412,279,0.99993845803157655,-6.1543862208085259e-05,6.1543862208085259e-05,0.9999997640745405,-2.3592548729366024e-07,2.3592548729366024e-07,6.1307936720791605e-05
413,3158,0.99934295261438544,-0.00065726333584627966,0.00065726333584627966,0.99999959225391732,-4.0774616585861617e-07,4.0774616585861617e-07,0.00065685558968042105
414,88858,0.94361212155257068,-0.058040085460153525,0.058040085460153525,0.99984324385975654,-0.00015676842777129628,0.00015676842777129628,0.057883317032382225
415,1050,0.99743933427404197,-0.0025639498379780639,0.0025639498379780639,0.99999758772175595,-2.4122811536165463e-06,2.4122811536165463e-06,0.0025615375568244472
416,3394,0.99997612043297479,-2.3879852146563968e-05,2.3879852146563968e-05,0.99999947636215669,-5.2363798043491815e-07,5.2363798043491815e-07,2.335621416612905e-05
417,409,0.99996761019491576,-3.2390329645298891e-05,3.2390329645298891e-05,0.99999998571939819,-1.4280601932265628e-08,1.4280601932265628e-08,3.2376049043366627e-05
418,11514,0.99808042853207046,-0.0019214162063559462,0.0019214162063559462,0.99996426013318795,-3.5740505496324297e-05,3.5740505496324297e-05,0.0018856757008596219
419,6374,0.99981551844768779,-0.00018449857112689275,0.00018449857112689275,0.99999810700567793,-1.8929961138210435e-06,1.8929961138210435e-06,0.00018260557501307171
420,320,0.99700484142971157,-0.0029996530343843644,0.0029996530343843644,0.9999989652418757,-1.0347586596325895e-06,1.0347586596325895e-06,0.0029986182757247319
421,3648,0.997982189817891,-0.0020198487037692598,0.0020198487037692598,0.99999944298840682,-5.5701174835926158e-07,5.5701174835926158e-07,0.0020192916920209005
422,15422,0.99973135508935818,-0.00026868100214988465,0.00026868100214988465,0.99999919761929112,-8.023810307858698e-07,8.023810307858698e-07,0.00026787862111909879
423,315,0.99999138006078192,-8.6199763699840183e-06,8.6199763699840183e-06,0.99999993598061787,-6.4019384187439195e-08,6.4019384187439195e-08,8.5559569857965786e-06
424,11514,0.99897060455319175,-0.0010299256381835075,0.0010299256381835075,0.99999201747354904,-7.9825583115029975e-06,7.9825583115029975e-06,0.0010219430798720044
425,4618,0.8515085802695076,-0.16074570227777615,0.16074570227777615,0.99998235738001451,-1.7642775618378011e-05,1.7642775618378011e-05,0.16072805950215777
426,8,0.97952347290522768,-0.020689077713950201,0.020689077713950201,0.99999714150691288,-2.8584971726336418e-06,2.8584971726336418e-06,0.020686219216777567
427,323,0.9974390668196127,-0.0025642179790629437,0.0025642179790629437,0.99999860863363332,-1.3913673346203811e-06,1.3913673346203811e-06,0.0025628266117283232
428,66663,0.99289536828632341,-0.0071299897874670002,0.0071299897874670002,0.99999578213725382,-4.217871641383549e-06,4.217871641383549e-06,0.0071257719158256171
429,279,0.9962484218731793,-0.0037586329460390731,0.0037586329460390731,0.99999952841641837,-4.7158369281141811e-07,4.7158369281141811e-07,0.0037581613623462618
430,836,0.99994659015567344,-5.3411270683047056e-05,5.3411270683047056e-05,0.99999966921090389,-3.3078915087186732e-07,3.3078915087186732e-07,5.3080481532175191e-05
431,311,0.99982350247810692,-0.00017651309941361259,0.00017651309941361259,0.99999997705926547,-2.2940734826210913e-08,2.2940734826210913e-08,0.00017649015867878638
432,57664,0.99982391466473886,-0.00017610084010388869,0.00017610084010388869,0.99999923747679487,-7.6252349583605297e-07,7.6252349583605297e-07,0.00017533831660805264
433,382,0.98915452867635811,-0.010904712167045034,0.010904712167045034,0.99990509790996362,-9.4906593524641926e-05,9.4906593524641926e-05,0.010809805573520393
434,1692,0.99674989308089601,-0.0032553999884025447,0.0032553999884025447,0.99996237122901188,-3.7629478968062703e-05,3.7629478968062703e-05,0.003217770509434482
435,10746,0.99993500489725262,-6.4997215020605163e-05,6.4997215020605163e-05,0.99998685424242073,-1.3145843985491792e-05,1.3145843985491792e-05,5.1851371035113375e-05
436,6244,0.99849264740827748,-0.0015084897905571254,0.0015084897905571254,0.99999710464584846,-2.8953583430621845e-06,2.8953583430621845e-06,0.0015055944322140632
437,279,0.9973064633271066,-0.0026971707699802927,0.0026971707699802927,0.99999960664013265,-3.9335994474462267e-07,3.9335994474462267e-07,0.0026967774100355481
438,4219,0.99395529330879084,-0.0060630498875505817,0.0060630498875505817,0.9999992336197705,-7.6638052313828189e-07,7.6638052313828189e-07,0.0060622835070274434
439,315,0.99996815221050861,-3.1848296642972993e-05,3.1848296642972993e-05,0.99999983085995736,-1.6914005697803417e-07,1.6914005697803417e-07,3.1679156585994956e-05
440,15506,0.99979479413220185,-0.00020522692540301076,0.00020522692540301076,0.99999952903042955,-4.7096968137043868e-07,4.7096968137043868e-07,0.00020475595572164032
441,5820,0.99907097604190376,-0.0009294557683156273,0.0009294557683156273,0.99999862825889341,-1.3717420474712238e-06,1.3717420474712238e-06,0.00092808402626815608
442,304,0.99998104141612898,-1.8958763587230552e-05,1.8958763587230552e-05,0.99999983874720999,-1.6125280298765425e-07,1.6125280298765425e-07,1.8797510784242898e-05
443,279,0.99734637240519897,-0.0026571547056479295,0.0026571547056479295,0.9999998277994161,-1.7220059871975663e-07,1.7220059871975663e-07,0.0026569825050492099
444,13759,0.99817682073441172,-0.0018248432797438349,0.0018248432797438349,0.99999882309516508,-1.1769055274814969e-06,1.1769055274814969e-06,0.0018236663742163535
445,6460,0.99982669861837581,-0.00017331640004382304,0.00017331640004382304,0.99999824115181513,-1.7588497316223798e-06,1.7588497316223798e-06,0.00017155755031220065
446,323,0.99427734654192279,-0.0057390905786714116,0.0057390905786714116,0.9999904925331935,-9.5075120027709272e-06,9.5075120027709272e-06,0.005729583066668641
447,832,0.98579774683215315,-0.014304070337175148,0.014304070337175148,0.99999946749562585,-5.3250451592149376e-07,5.3250451592149376e-07,0.014303537832659226
448,842,0.99675868921921984,-0.0032465752074088907,0.0032465752074088907,0.99999969573737113,-3.0426267517433046e-07,3.0426267517433046e-07,0.0032462709447337165
449,315,0.99997761903699789,-2.238121345963543e-05,2.238121345963543e-05,0.99999980746422379,-1.9253579475757631e-07,1.9253579475757631e-07,2.2188677664877855e-05
450,279,0.9999880136058642,-1.1986465973233554e-05,1.1986465973233554e-05,0.99999989182974558,-1.0817026022727563e-07,1.0817026022727563e-07,1.1878295713006278e-05
451,57664,0.99880075061769213,-0.0011999690572856833,0.0011999690572856833,0.99999961810116988,-3.8189890307510052e-07,3.8189890307510052e-07,0.0011995871583826082
452,6830,0.99225840745274618,-0.0077717142354373136,0.0077717142354373136,0.99984174342623422,-0.00015826909765871138,0.00015826909765871138,0.0076134451377786018
453,11600,0.9999374215110679,-6.2580447047457931e-05,6.2580447047457931e-05,0.99989428067328812,-0.00010572491539376934,0.00010572491539376934,-4.3144468346311405e-05
454,360,0.99999429385696625,-5.7061593138755015e-06,5.7061593138755015e-06,0.99999997360262194,-2.6397378378927808e-08,2.6397378378927808e-08,5.6797619354965738e-06
455,1030,0.99999943636969901,-5.6363045978218013e-07,5.6363045978218013e-07,0.99999957309339549,-4.2690669568544535e-07,4.2690669568544535e-07,1.3672376409673478e-07
456,480,0.80826844955650179,-0.21286103609025353,0.21286103609025353,0.99996112429173412,-3.8876463945832773e-05,3.8876463945832773e-05,0.21282215962630771
457,5164,0.99999884654992077,-1.1534507444943317e-06,1.1534507444943317e-06,0.99999922386669682,-7.761336043971855e-07,7.761336043971855e-07,3.773171400971462e-07
458,263,0.99998021563958872,-1.9784556124325094e-05,1.9784556124325094e-05,0.99999966150319253,-3.3849686475761171e-07,3.3849686475761171e-07,1.9446059259567481e-05
459,6696,0.99890408089542437,-0.0010965200630255782,0.0010965200630255782,0.99999926077828438,-7.3922198884481932e-07,7.3922198884481932e-07,0.0010957808410367333
460,6149,0.99989939831658492,-0.00010060674410389763,0.00010060674410389763,0.99999970605150534,-2.9394853782872438e-07,2.9394853782872438e-07,0.00010031279556606891
461,11,0.99882083161144231,-0.0011798641546059937,0.0011798641546059937,0.99999954050646256,-4.594936430385458e-07,4.594936430385458e-07,0.0011794046609629552
462,31799,0.99156104878432216,-0.0084747607701966803,0.0084747607701966803,0.99999474133361621,-5.2586802106746162e-06,5.2586802106746162e-06,0.008469502089986005
463,15506,0.99783235526771841,-0.0021699974746788963,0.0021699974746788963,0.99999651413693569,-3.4858691399430703e-06,3.4858691399430703e-06,0.0021665116055389535
464,5270,0.99976262813469596,-0.00023740004246431434,0.00023740004246431434,0.99999803638340135,-1.9636185265591821e-06,1.9636185265591821e-06,0.00023543642393775515
465,449,0.99784265223818702,-0.0021596781887932644,0.0021596781887932644,0.9999997896495193,-2.1035050287473531e-07,2.1035050287473531e-07,0.0021594678382903898
466,13936,0.99988603520480823,-0.00011397128967243347,0.00011397128967243347,0.99999382237045487,-6.1776486267851334e-06,6.1776486267851334e-06,0.00010779364104564834
467,11,0.97854363576367698,-0.021689898593888254,0.021689898593888254,0.99999359479455263,-6.4052259608244496e-06,6.4052259608244496e-06,0.02168349336792743
468,832,0.99624949538414953,-0.0037575553931232862,0.0037575553931232862,0.99999947221438268,-5.2778575659739344e-07,5.2778575659739344e-07,0.0037570276073666886
469,315,0.99995019147173492,-4.9809768751016306e-05,4.9809768751016306e-05,0.99999996467604257,-3.5323958023135632e-08,3.5323958023135632e-08,4.977444479299317e-05
470,279,0.99999411905707558,-5.8809602172061002e-06,5.8809602172061002e-06,0.99999996610137831,-3.3898622223120664e-08,3.3898622223120664e-08,5.8470615949829797e-06
471,30758,0.99909051656141745,-0.00090989726957905321,0.00090989726957905321,0.99999964236289118,-3.5763717276204423e-07,3.5763717276204423e-07,0.00090953963240629119
472,10507,0.9998269098021384,-0.00017310517969868825,0.00017310517969868825,0.99999674534835481,-3.2546569415375935e-06,3.2546569415375935e-06,0.00016985052275715065
473,315,0.9999758898905351,-2.4110400118313754e-05,2.4110400118313754e-05,0.99999985523963753,-1.4476037298033686e-07,1.4476037298033686e-07,2.3965639745333418e-05
474,81069,0.99622100705839511,-0.0037861513755696975,0.0037861513755696975,0.99996896565822047,-3.1034823354640423e-05,3.1034823354640423e-05,0.0037551165522150569
475,13,0.998727672898158,-0.0012731371971794955,0.0012731371971794955,0.99999188833044494,-8.1117024548070847e-06,8.1117024548070847e-06,0.0012650254947246884
476,24586,0.99144813398219789,-0.0085886430489351216,0.0085886430489351216,0.99997206507424863,-2.7935315938670231e-05,2.7935315938670231e-05,0.0085607077329964507
477,311,0.99999565296966375,-4.3470397846310687e-06,4.3470397846310687e-06,0.99999992659095926,-7.3409043480699644e-08,7.3409043480699644e-08,4.2736307411503692e-06
478,279,0.15783926276507951,-1.8461780880523833,1.8461780880523833,0.98135778348862812,-0.018818172872088829,0.018818172872088829,1.8273599151802944
479,8792,0.96836396524162405,-0.032147265224336849,0.032147265224336849,0.9999972637236002,-2.7362801434102528e-06,2.7362801434102528e-06,0.032144528944193437
480,3813,0.99910755547171415,-0.00089284299399386175,0.00089284299399386175,0.99999871665487061,-1.28334595291519e-06,1.28334595291519e-06,0.00089155964804094653
481,304,0.98961876195648324,-0.010435498952130685,0.010435498952130685,0.99999919438849871,-8.0561182581774877e-07,8.0561182581774877e-07,0.010434693340304868
482,279,0.99534719262732274,-0.0046636653741184021,0.0046636653741184021,0.99999962155406608,-3.7844600553207033e-07,3.7844600553207033e-07,0.0046632869281128704
483,16867,0.99863283445060158,-0.0013681009729012053,0.0013681009729012053,0.99999893813492591,-1.0618656378553264e-06,1.0618656378553264e-06,0.0013670391072633499
484,9581,0.98355885006421873,-0.016577805562202601,0.016577805562202601,0.99996802741832735,-3.1973092806572425e-05,3.1973092806572425e-05,0.016545832469396029
485,6696,0.99921271673561141,-0.00078759333461058745,0.00078759333461058745,0.99999701583180367,-2.9841726490027028e-06,2.9841726490027028e-06,0.00078460916196158479
486,11543,0.99896870299234686,-0.0010318291603152042,0.0010318291603152042,0.99999942132031672,-5.7867985069100368e-07,5.7867985069100368e-07,0.0010312504804645133
487,11,0.99996535180683133,-3.4648793431188207e-05,3.4648793431188207e-05,0.99999980204950434,-1.9795051526040441e-07,1.9795051526040441e-07,3.4450842915927802e-05
488,57664,0.99989605586269337,-0.0001039495398728263,0.0001039495398728263,0.99999900724565094,-9.9275484182438183e-07,9.9275484182438183e-07,0.00010295678503100191
489,4036,0.970243935434283,-0.030207759271302707,0.030207759271302707,0.99999807359570347,-1.9264061520360889e-06,1.9264061520360889e-06,0.030205832865150672
490,279,0.99994760320011034,-5.2398172649988932e-05,5.2398172649988932e-05,0.99999975283798181,-2.4716204870314531e-07,2.4716204870314531e-07,5.2151010601285789e-05
491,1647,0.9012367212663871,-0.10398732417652735,0.10398732417652735,0.99999402210659194,-5.977911275727511e-06,5.977911275727511e-06,0.10398134626525163
492,25840,0.99875768322332992,-0.0012430890918632234,0.0012430890918632234,0.99999246353327398,-7.5364951253585378e-06,7.5364951253585378e-06,0.0012355525967378649
493,315,0.90913509735289255,-0.095261573897429286,0.095261573897429286,0.99999498437938517,-5.015633193068726e-06,5.015633193068726e-06,0.095256558264236221
494,279,0.99559278006215712,-0.0044169603609600363,0.0044169603609600363,0.99999833217646972,-1.6678249211255286e-06,1.6678249211255286e-06,0.0044152925360389107
495,330,0.98028528356469846,-0.019911644002292509,0.019911644002292509,0.99958317370467986,-0.00041691319154826692,0.00041691319154826692,0.019494730810744241
496,92140,0.99742285567414346,-0.0025804708788619885,0.0025804708788619885,0.99985062440403005,-0.00014938675361539009,0.00014938675361539009,0.0024310841252465983
497,75,0.99998973243706013,-1.0267615651615479e-05,1.0267615651615479e-05,0.99999998134037693,-1.8659623227882365e-08,1.8659623227882365e-08,1.0248956028387597e-05
498,315,0.99999387126318207,-6.1287555986936511e-06,6.1287555986936511e-06,0.9999999709649523,-2.903504816612748e-08,2.903504816612748e-08,6.0997205505275233e-06
499,279,0.99997833608158204,-2.1664153084069243e-05,2.1664153084069243e-05,0.9999994987765336,-5.0122359202904232e-07,5.0122359202904232e-07,2.1162929492040202e-05
500,62574,0.99899868539432002,-0.0010018162560509502,0.0010018162560509502,0.9999936837106792,-6.3163092686257339e-06,6.3163092686257339e-06,0.00099549994678232437
501,2266,0.29636581753289032,-1.2161607176732809,1.2161607176732809,0.31624167982505802,-1.1512485481400625,1.1512485481400625,0.064912169533218433
502,62897,0.98678618781145755,-0.013301891373153078,0.013301891373153078,0.99992370507341966,-7.6297837186287137e-05,7.6297837186287137e-05,0.013225593535966791
503,6037,0.99959518265639891,-0.00040489930426206315,0.00040489930426206315,0.99999821126665422,-1.7887349455399898e-06,1.7887349455399898e-06,0.00040311056931652316
504,315,0.99265405568488252,-0.0073730586325087815,0.0073730586325087815,0.99999971281188194,-2.8718815931543275e-07,2.8718815931543275e-07,0.0073727714443494663
505,57664,0.99998279571604465,-1.7204431950716779e-05,1.7204431950716779e-05,0.99999975622637371,-2.4377365596915825e-07,2.4377365596915825e-07,1.6960658294747622e-05
506,323,0.9990642664624263,-0.00093617160950078455,0.00093617160950078455,0.99999972566733697,-2.7433270067446544e-07,2.7433270067446544e-07,0.00093589727680011006
507,279,0.99998890632031223,-1.1093741223102231e-05,1.1093741223102231e-05,0.9999999037861117,-9.6213892887238831e-08,9.6213892887238831e-08,1.0997527330214993e-05
508,4553,0.99873932710986435,-0.0012614682066965669,0.0012614682066965669,0.99999971856905534,-2.8143098421690922e-07,2.8143098421690922e-07,0.0012611867757123501
509,57281,0.99559545556652418,-0.0044142730164697264,0.0044142730164697264,0.99999200455297077,-7.9954789929434354e-06,7.9954789929434354e-06,0.0044062775374767828
510,5438,0.99963829082463285,-0.00036177460790977811,0.00036177460790977811,0.99999977600374601,-2.2399627908452353e-07,2.2399627908452353e-07,0.00036155061163069361
511,82179,0.99999832977060354,-1.6702307912766165e-06,1.6702307912766165e-06,0.99999992607277155,-7.3927231157485317e-08,7.3927231157485317e-08,1.5963035601191312e-06
512,6438,0.99999769563203922,-2.3043706158031814e-06,2.3043706158031814e-06,0.99999982322044023,-1.7677957534022655e-07,1.7677957534022655e-07,2.1275910404629546e-06
513,36513,0.99972679494363026,-0.0002732423836700104,0.0002732423836700104,0.99998605550699304,-1.3944590232272209e-05,1.3944590232272209e-05,0.00025929779343773822
514,369,0.9997821934665182,-0.0002178302567695628,0.0002178302567695628,0.99999978036810377,-2.1963192029012344e-07,2.1963192029012344e-07,0.00021761062484927266
515,927,0.99949002781827134,-0.0005101022617683917,0.0005101022617683917,0.99999999129397177,-8.7060283047890575e-09,8.7060283047890575e-09,0.00051009355574008696
516,2380,0.99908832544198733,-0.00091209038601497796,0.00091209038601497796,0.99999962806816822,-3.7193190094452753e-07,3.7193190094452753e-07,0.00091171845411403343
517,24552,0.99966007020885073,-0.00033998758037724538,0.00033998758037724538,0.99999906616213996,-9.3383829609293409e-07,9.3383829609293409e-07,0.00033905374208115246
518,11,0.8928008875012331,-0.11339169329058346,0.11339169329058346,0.99962055373563807,-0.00037951827231169784,0.00037951827231169784,0.11301217501827177
519,3156,0.99984873420573706,-0.00015127723608701664,0.00015127723608701664,0.9999966891390798,-3.3108664010654294e-06,3.3108664010654294e-06,0.0001479663696859512
520,220,0.99912803257852556,-0.00087234780620458236,0.00087234780620458236,0.99999812445865643,-1.8755431023641682e-06,1.8755431023641682e-06,0.00087047226310221814
521,9378,0.99999615493257643,-3.8450748158773784e-06,3.8450748158773784e-06,0.99999996508655753,-3.4913443082190011e-08,3.4913443082190011e-08,3.8101613727951882e-06
522,23,0.99999132539193714,-8.6746456874897546e-06,8.6746456874897546e-06,0.99999996886786324,-3.1132137272023716e-08,3.1132137272023716e-08,8.6435135502177304e-06
523,13,0.99899074887649641,-0.0010097607603486668,0.0010097607603486668,0.99999581032265827,-4.189686118493094e-06,4.189686118493094e-06,0.0010055710742301737
524,2468,0.71001055638983634,-0.34247544090260673,0.34247544090260673,0.99751910419593537,-0.0024839783253915622,0.0024839783253915622,0.33999146257721519
525,2204,0.99827273448381393,-0.0017287589592306211,0.0017287589592306211,0.99999758672026562,-2.4132826463092252e-06,2.4132826463092252e-06,0.0017263456765843118
526,3115,0.99991273021594718,-8.7273592282030525e-05,8.7273592282030525e-05,0.99999940099947815,-5.9900070127348259e-07,5.9900070127348259e-07,8.6674591580757041e-05
527,2391,0.99918797602813003,-0.00081235384192248012,0.00081235384192248012,0.99999592474768229,-4.0752606215439069e-06,4.0752606215439069e-06,0.00080827858130093626
528,279,0.99922387377709887,-0.00077642756478770911,0.00077642756478770911,0.99999938773037356,-6.122698139283439e-07,6.122698139283439e-07,0.00077581529497378076
529,1317,0.99619966431470852,-0.0038075753087721351,0.0038075753087721351,0.99999912335263685,-8.7664774738670578e-07,8.7664774738670578e-07,0.0038066986610247482
530,15506,0.99988146004951739,-0.0001185469768978601,0.0001185469768978601,0.99999736413288964,-2.6358705842223386e-06,2.6358705842223386e-06,0.00011591110631363777
531,4261,0.99982409389516003,-0.00017592157813342205,0.00017592157813342205,0.99999958589080207,-4.141092837188066e-07,4.141092837188066e-07,0.00017550746884970324
532,11,0.94578820087129412,-0.055736624139569577,0.055736624139569577,0.992781416346186,-0.0072447636934162571,0.0072447636934162571,0.04849186044615332
533,1070,0.99877035601910669,-0.0012304006133757939,0.0012304006133757939,0.99998913046173632,-1.0869597337551058e-05,1.0869597337551058e-05,0.0012195310160382428
534,1051,0.99995858561906359,-4.1415238535544394e-05,4.1415238535544394e-05,0.99999968722741472,-3.1277263417312754e-07,3.1277263417312754e-07,4.1102465901371269e-05
535,2254,0.99967808219069887,-0.00032196963596200134,0.00032196963596200134,0.99999886377120273,-1.1362294427300142e-06,1.1362294427300142e-06,0.00032083340651927134
536,5891,0.99743761846728163,-0.0025656700511049891,0.0025656700511049891,0.99998362376234728,-1.6376371744792556e-05,1.6376371744792556e-05,0.0025492936793601964
537,337,0.99999855434962259,-1.4456514223367042e-06,1.4456514223367042e-06,0.99999898371723062,-1.0162832858082602e-06,1.0162832858082602e-06,4.2936813652844406e-07
538,2641,0.99999996107153977,-3.8928461029722705e-08,3.8928461029722705e-08,0.99999991687437673,-8.3125626702064363e-08,8.3125626702064363e-08,-4.4197165672341658e-08
539,11,0.99979052906035937,-0.00020949288174216572,0.00020949288174216572,0.99999991364521146,-8.6354792252050278e-08,8.6354792252050278e-08,0.00020940652694991367
540,8620,0.99977630461445954,-0.00022372040908499836,0.00022372040908499836,0.99999512205989538,-4.8779520018031799e-06,4.8779520018031799e-06,0.00021884245708319518
541,1672,0.99143028164855351,-0.0086066495323423378,0.0086066495323423378,0.9999982043212966,-1.7956803155837858e-06,1.7956803155837858e-06,0.0086048538520267538
542,852,0.99982065447981117,-0.00017936160451981496,0.00017936160451981496,0.99999349035134422,-6.509669843606477e-06,6.509669843606477e-06,0.00017285193467620849
543,5247,0.9999962125659132,-3.7874412591822906e-06,3.7874412591822906e-06,0.99999616386541001,-3.8361419479893677e-06,3.8361419479893677e-06,-4.8700688807077146e-08
544,11,0.99997498902466231,-2.5011288117306219e-05,2.5011288117306219e-05,0.99999916838575797,-8.3161458779146206e-07,8.3161458779146206e-07,2.4179673529514757e-05
545,11191,0.97553235600449806,-0.02477195083295608,0.02477195083295608,0.99999919061946996,-8.0938085763625711e-07,8.0938085763625711e-07,0.024771141452098445
546,55066,0.99979977516289642,-0.00020024488477235724,0.00020024488477235724,0.99999742084355181,-2.5791597741671342e-06,2.5791597741671342e-06,0.00019766572499819012
547,8951,0.99992115790242819,-7.8845205773361778e-05,7.8845205773361778e-05,0.99999914188296668,-8.58117401548039e-07,8.58117401548039e-07,7.7987088371813743e-05
548,11,0.99997610188387465,-2.3898401689862082e-05,2.3898401689862082e-05,0.99999952776830703,-4.7223180451407469e-07,4.7223180451407469e-07,2.3426169885348006e-05
549,2294,0.99898835114503948,-0.0010121609170438486,0.0010121609170438486,0.99999936018929414,-6.3981091052046244e-07,6.3981091052046244e-07,0.0010115211061333281
550,66579,0.99994696471514577,-5.303669127464208e-05,5.303669127464208e-05,0.99999677054105307,-3.2294641616395917e-06,3.2294641616395917e-06,4.980722711300249e-05
551,11,0.9999747349889252,-2.5265330240599074e-05,2.5265330240599074e-05,0.99999904473049772,-9.5526995850034475e-07,9.5526995850034475e-07,2.4310060282098729e-05
552,24113,0.99932691894952386,-0.00067330767122155441,0.00067330767122155441,0.99999962788463737,-3.7211543184445047e-07,3.7211543184445047e-07,0.00067293555578970998
553,52581,0.99953838712382959,-0.00046171945219331152,0.00046171945219331152,0.99998747292576651,-1.2527152697968076e-05,1.2527152697968076e-05,0.00044919229949534346
554,323,0.69998780746435985,-0.3566923619984832,0.3566923619984832,0.82071134705000592,-0.19758381837892613,0.19758381837892613,0.15910854361955706
555,30215,0.99833229749162622,-0.0016690946722274435,0.0016690946722274435,0.99999360688534678,-6.393135089287618e-06,6.393135089287618e-06,0.0016627015371381559
556,13865,0.9999634763307137,-3.6524336291722982e-05,3.6524336291722982e-05,0.99999822319477527,-1.7768068032371666e-06,1.7768068032371666e-06,3.4747529488485817e-05
557,11,0.99925984326489681,-0.00074043078633503965,0.00074043078633503965,0.99999901192441509,-9.8807607308957081e-07,9.8807607308957081e-07,0.00073944271026195004
558,323,0.9997515058158104,-0.00024852506398516903,0.00024852506398516903,0.99999989225257468,-1.0774743116786146e-07,1.0774743116786146e-07,0.00024841731655400118
559,264,0.99887983886367016,-0.0011207889857209555,0.0011207889857209555,0.99999954239988642,-4.5760021826827065e-07,4.5760021826827065e-07,0.0011203313855026873
560,8013,0.99879486733796308,-0.0012058594183540225,0.0012058594183540225,0.99999770032638413,-2.2996762601585917e-06,2.2996762601585917e-06,0.0012035597420938639
561,30747,0.99994650865781531,-5.3492772897520475e-05,5.3492772897520475e-05,0.9999651942950506,-3.4806310681993964e-05,3.4806310681993964e-05,1.8686462215526511e-05
562,315,0.9999556688951371,-4.433208751539823e-05,4.433208751539823e-05,0.99999982914129648,-1.7085871812125315e-07,1.7085871812125315e-07,4.4161228797276975e-05
563,279,0.9999776458057823,-2.2354444076406208e-05,2.2354444076406208e-05,0.9999997975395708,-2.0246044967158054e-07,2.0246044967158054e-07,2.2151983626734627e-05
564,3363,0.99999009635650227,-9.90369253910522e-06,9.90369253910522e-06,0.99999888408599902,-1.1159146235751771e-06,1.1159146235751771e-06,8.7877779155300431e-06
565,2391,0.9990571329996929,-0.00094331177899732027,0.00094331177899732027,0.99999556011637214,-4.4398934841945704e-06,4.4398934841945704e-06,0.00093887188551312569
566,872,0.99951975264152826,-0.00048036271416867008,0.00048036271416867008,0.99999767504422032,-2.3249584824114146e-06,2.3249584824114146e-06,0.00047803775568625864
567,46025,0.997815203547056,-0.0021871866026760742,0.0021871866026760742,0.99999796199490143,-2.0380071752875403e-06,2.0380071752875403e-06,0.0021851485955007867
568,4879,0.99945538102756726,-0.00054476733121378549,0.00054476733121378549,0.99998736504519292,-1.2635034628767619e-05,1.2635034628767619e-05,0.00053213229658501788
569,311,0.99998913928556765,-1.0860773410357396e-05,1.0860773410357396e-05,0.99999952419814708,-4.7580196609788053e-07,4.7580196609788053e-07,1.0384971444259515e-05
570,51630,0.99951785686890737,-0.00048225939946551814,0.00048225939946551814,0.99992271255024467,-7.7290436584133808e-05,7.7290436584133808e-05,0.00040496896288138434
571,279,0.99999052329255878,-9.476752345492658e-06,9.476752345492658e-06,0.99999971436067925,-2.8563936155822867e-07,2.8563936155822867e-07,9.1911129839344291e-06
572,26363,0.99998332567336834,-1.6674465649800413e-05,1.6674465649800413e-05,0.99999908574594609,-9.1425447186371652e-07,9.1425447186371652e-07,1.5760211177936694e-05
573,13,0.93751769649726502,-0.064519645051976257,0.064519645051976257,0.96712085999859609,-0.033431806852097186,0.033431806852097186,0.031087838199879071
574,7365,0.9972064961329542,-0.0027974129807534749,0.0027974129807534749,0.99986120918983312,-0.0001388004425026875,0.0001388004425026875,0.0026586125382507876
575,574,0.999821345280134,-0.00017867068052148012,0.00017867068052148012,0.99999921625311738,-7.8374718977200084e-07,7.8374718977200084e-07,0.00017788693333170813
576,6118,0.9995697129665424,-0.0004303796334872248,0.0004303796334872248,0.99998828585432731,-1.1714214283804768e-05,1.1714214283804768e-05,0.00041866541920342005
577,6288,0.99925671810556072,-0.00074355826538279371,0.00074355826538279371,0.99999341292671151,-6.5870949833782071e-06,6.5870949833782071e-06,0.0007369711703994155
578,28101,0.99992640318149018,-7.3599526888578175e-05,7.3599526888578175e-05,0.9999913160899524,-8.6839477529184764e-06,8.6839477529184764e-06,6.4915579135659701e-05
579,11,0.79923314212279339,-0.22410258338499922,0.22410258338499922,0.9473883107434028,-0.054046226817068971,0.054046226817068971,0.17005635656793025
580,323,0.99995280362086525,-4.7197492918882742e-05,4.7197492918882742e-05,0.9999997842650693,-2.1573495394504438e-07,2.1573495394504438e-07,4.6981757964937698e-05
581,279,0.99998978121953319,-1.0218832678940159e-05,1.0218832678940159e-05,0.99999962149420485,-3.7850586673650061e-07,3.7850586673650061e-07,9.840326812203658e-06
582,3363,0.99996805470383676,-3.1945806425076279e-05,3.1945806425076279e-05,0.99999726810351952,-2.7319002120884573e-06,2.7319002120884573e-06,2.9213906212987822e-05
583,6052,0.99982280725916739,-0.00017720844132103626,0.00017720844132103626,0.99999630412691509,-3.6958799146533057e-06,3.6958799146533057e-06,0.00017351256140638296
584,311,0.99998959537841225,-1.0404675716211042e-05,1.0404675716211042e-05,0.99999977711983223,-2.2288019255534794e-07,2.2288019255534794e-07,1.0181795523655695e-05
585,279,0.97723299156206933,-0.023030178848282977,0.023030178848282977,0.99999278907548195,-7.21095051693724e-06,7.21095051693724e-06,0.02302296789776604
586,2626,0.9999165906894506,-8.3412789299381531e-05,8.3412789299381531e-05,0.99999656782551205,-3.432180377922093e-06,3.432180377922093e-06,7.9980608921459442e-05
587,315,0.99998768398370574,-1.2316092136989929e-05,1.2316092136989929e-05,0.9999998611257459,-1.3887426377127123e-07,1.3887426377127123e-07,1.2177217873218658e-05
588,6696,0.99992336933298209,-7.6633603297528724e-05,7.6633603297528724e-05,0.99999816355130833,-1.8364503779206645e-06,1.8364503779206645e-06,7.4797152919608056e-05
589,382,0.96606635027759868,-0.034522761540789711,0.034522761540789711,0.99886638255111948,-0.0011342604791535595,0.0011342604791535595,0.033388501061636149
590,644,0.99639551818931249,-0.0036109936077278865,0.0036109936077278865,0.99998610633697049,-1.3893759547369764e-05,1.3893759547369764e-05,0.0035970998481805166
591,279,0.99996304573298456,-3.6954949841229093e-05,3.6954949841229093e-05,0.99999757267748723,-2.4273254587625506e-06,2.4273254587625506e-06,3.4527624382466543e-05
592,220,0.99985389762777999,-0.00014611304621129097,0.00014611304621129097,0.99999977343172053,-2.2656830509679883e-07,2.2656830509679883e-07,0.00014588647790619416
593,777,0.99996881331190457,-3.1187174410308358e-05,3.1187174410308358e-05,0.99999997961195231,-2.0388047930805785e-08,2.0388047930805785e-08,3.116678636237755e-05
594,339,0.99998705554323108,-1.2944540549064812e-05,1.2944540549064812e-05,0.99999983652642321,-1.634735901809328e-07,1.634735901809328e-07,1.2781066958883879e-05
595,9478,0.99978534658388052,-0.00021467645746135603,0.00021467645746135603,0.99999650320241107,-3.4968037027691989e-06,3.4968037027691989e-06,0.00021117965375858682
596,11,0.99539647568912371,-0.0046141531615766004,0.0046141531615766004,0.99979854659255363,-0.00020147370190970394,0.00020147370190970394,0.0044126794596668966
597,57664,0.99999551474267012,-4.4852673886256058e-06,4.4852673886256058e-06,0.99999959047735631,-4.0952272758535606e-07,4.0952272758535606e-07,4.0757446610402501e-06
598,574,0.99817877942672306,-0.0018228810117879865,0.0018228810117879865,0.99999920249340268,-7.9750691535452371e-07,7.9750691535452371e-07,0.0018220835048726319
599,832,0.99986674128300512,-0.00013326759672659775,0.00013326759672659775,0.99999984833527644,-1.5166473503828517e-07,1.5166473503828517e-07,0.00013311593199155948
600,315,0.99999847360422334,-1.5263969416327714e-06,1.5263969416327714e-06,0.99999996570665528,-3.4293345352722296e-08,3.4293345352722296e-08,1.4921035962800492e-06
601,279,0.99999791852194919,-2.0814802170611533e-06,2.0814802170611533e-06,0.99999993440281842,-6.5597183753879695e-08,6.5597183753879695e-08,2.0158830333072737e-06
602,1455,0.99977310091043137,-0.00022692483506158662,0.00022692483506158662,0.99999991714462366,-8.285537978855171e-08,8.285537978855171e-08,0.00022684197968179807
603,6617,0.9999768902143984,-2.3110052636843747e-05,2.3110052636843747e-05,0.99999917509758818,-8.2490275204563778e-07,8.2490275204563778e-07,2.228514988479811e-05
604,9919,0.99999478385844132,-5.2161551627584434e-06,5.2161551627584434e-06,0.99999945959539649,-5.4040474948066273e-07,5.4040474948066273e-07,4.6757504132777808e-06
605,304,0.99999466192919573,-5.3380850518775649e-06,5.3380850518775649e-06,0.99999994889891708,-5.1101084279598511e-08,5.1101084279598511e-08,5.2869839675979666e-06
606,13936,0.99998770375154578,-1.2296324053730295e-05,1.2296324053730295e-05,0.99999818861503798,-1.8113866026163554e-06,1.8113866026163554e-06,1.048493745111394e-05
607,13,0.99963123399348985,-0.00036883401741456075,0.00036883401741456075,0.99999726731552774,-2.7326882060482283e-06,2.7326882060482283e-06,0.00036610132920851253
608,13538,0.99955987197771079,-0.00044022490705602579,0.00044022490705602579,0.9999926954252284,-7.3046014501463642e-06,7.3046014501463642e-06,0.00043292030560587941
609,279,0.99999374260219576,-6.2574173818011329e-06,6.2574173818011329e-06,0.99999987880266517,-1.2119734214527858e-07,1.2119734214527858e-07,6.1362200396558544e-06
610,15506,0.99951721720156872,-0.00048289937556893865,0.00048289937556893865,0.99999296404328741,-7.0359814650776823e-06,7.0359814650776823e-06,0.00047586339410386096
611,24145,0.99312995556483608,-0.0068937518334123149,0.0068937518334123149,0.99442489959722291,-0.005590699278910637,0.005590699278910637,0.0013030525545016779
612,5111,0.99925592180311884,-0.00074435516045961601,0.00074435516045961601,0.99999662595732053,-3.3740483715907865e-06,3.3740483715907865e-06,0.00074098111208802521
613,11,0.99997089477658319,-2.9105646982054275e-05,2.9105646982054275e-05,0.9999997514680925,-2.4853193834285247e-07,2.4853193834285247e-07,2.8857115043711423e-05
614,57664,0.99994805824423361,-5.1943104786056047e-05,5.1943104786056047e-05,0.99999925888195873,-7.4111831586883381e-07,7.4111831586883381e-07,5.1201986470187214e-05
615,5602,0.99948171582302503,-0.00051841853264399411,0.00051841853264399411,0.99999964051419066,-3.5948587395743571e-07,3.5948587395743571e-07,0.0005180590467700367
616,279,0.99997446984539462,-2.5530480505276408e-05,2.5530480505276408e-05,0.99999980732915716,-1.9267086135611345e-07,1.9267086135611345e-07,2.5337809643920296e-05
617,10205,0.99998188585072578,-1.8114313337355441e-05,1.8114313337355441e-05,0.99999982464192316,-1.7535809221505321e-07,1.7535809221505321e-07,1.7938955245140387e-05
618,315,0.99999671901050435,-3.2809948781213898e-06,3.2809948781213898e-06,0.99999983165325002,-1.6834676412504121e-07,1.6834676412504121e-07,3.1126481139963488e-06
619,279,0.99999236411232173,-7.6359168318308417e-06,7.6359168318308417e-06,0.99999979993546162,-2.0006455844653171e-07,2.0006455844653171e-07,7.4358522733843101e-06
620,57281,0.99988478217246723,-0.00011522446561658846,0.00011522446561658846,0.99999848619164788,-1.5138094979171773e-06,1.5138094979171773e-06,0.00011371065611867128
621,22910,0.9999297295198798,-7.0272949206116316e-05,7.0272949206116316e-05,0.999999535970992,-4.6402911560674296e-07,4.6402911560674296e-07,6.980892009050958e-05
622,13,0.99763375453989567,-0.0023690494430409206,0.0023690494430409206,0.99994532144300252,-5.46800519242896e-05,5.46800519242896e-05,0.002314369391116631
623,9636,0.99887632386825076,-0.0011243079291084915,0.0011243079291084915,0.99999530865658115,-4.6913544232688491e-06,4.6913544232688491e-06,0.0011196165746852227
624,279,0.87154326588183939,-0.13748976995103326,0.13748976995103326,0.99985786170211788,-0.00014214840048736179,0.00014214840048736179,0.13734762155054589
625,3778,0.99985652439964601,-0.00014348589396254928,0.00014348589396254928,0.9999993374622167,-6.6253800280632995e-07,6.6253800280632995e-07,0.00014282335595974295
626,6037,0.99989588880345259,-0.00010411661649417153,0.00010411661649417153,0.99999914096584253,-8.5903452646932766e-07,8.5903452646932766e-07,0.0001032575819677022
627,2768,0.99839622766136538,-0.0016050597581610164,0.0016050597581610164,0.99997568774969525,-2.4312545852245338e-05,2.4312545852245338e-05,0.001580747212308771
628,279,0.99998772799963909,-1.2272075662547503e-05,1.2272075662547503e-05,0.99999967970871739,-3.2029133389857621e-07,3.2029133389857621e-07,1.1951784328648927e-05
629,15506,0.99991706285291693,-8.2940586558452026e-05,8.2940586558452026e-05,0.9999946393411645,-5.3606732038524189e-06,5.3606732038524189e-06,7.7579913354599604e-05
630,24145,0.9996991353607324,-0.00030090990811330642,0.00030090990811330642,0.99998497905810868,-1.5021054706780876e-05,1.5021054706780876e-05,0.00028588885340652555
631,5111,0.99968641477890907,-0.00031363439921762193,0.00031363439921762193,0.9999977576591571,-2.2423433569304084e-06,2.2423433569304084e-06,0.00031139205586069152
632,11,0.99997980076989612,-2.019943411111169e-05,2.019943411111169e-05,0.99999885269498012,-1.1473056780023718e-06,1.1473056780023718e-06,1.9052128433109318e-05
633,279,0.99997546705785323,-2.4533243084292191e-05,2.4533243084292191e-05,0.99999879883917975,-1.2011615415922412e-06,1.2011615415922412e-06,2.333208154269995e-05
634,3723,0.99984570634854553,-0.00015430555594450783,0.00015430555594450783,0.99999789371323344,-2.1062889847796696e-06,2.1062889847796696e-06,0.00015219926695972817
635,4273,0.9999575012467693,-4.2499656328353408e-05,4.2499656328353408e-05,0.99999559041737485,-4.4095923474437906e-06,4.4095923474437906e-06,3.8090063980909617e-05
636,5614,0.99977406798572133,-0.00022595754076111917,0.00022595754076111917,0.99998328053914998,-1.6719600621775494e-05,1.6719600621775494e-05,0.00020923794013934368
637,279,0.99999019171976933,-9.8083283321300132e-06,9.8083283321300132e-06,0.99999974224607024,-2.5775396292824786e-07,2.5775396292824786e-07,9.5505743692017651e-06
638,4033,0.99999331552667625,-6.6844956649371188e-06,6.6844956649371188e-06,0.9999995393182799,-4.6068182626546989e-07,4.6068182626546989e-07,6.2238138386716489e-06
639,4221,0.99998063813616178,-1.9362051281502731e-05,1.9362051281502731e-05,0.99999866425328221,-1.3357476099180967e-06,1.3357476099180967e-06,1.8026303671584633e-05
640,505,0.99992754050432819,-7.246212098784115e-05,7.246212098784115e-05,0.99999969845498493,-3.0154506053150965e-07,3.0154506053150965e-07,7.2160575927309641e-05
641,15506,0.99998024286022502,-1.9757334949856985e-05,1.9757334949856985e-05,0.99999743558262222,-2.5644206659472576e-06,2.5644206659472576e-06,1.7192914283909727e-05
642,311,0.99999560649973762,-4.3935099137923038e-06,4.3935099137923038e-06,0.99999994663111402,-5.3368887439639355e-08,5.3368887439639355e-08,4.3401410263526644e-06
643,6498,0.99998080698402769,-1.9193200160545843e-05,1.9193200160545843e-05,0.99999857239253387,-1.4276084851341701e-06,1.4276084851341701e-06,1.7765591675411672e-05
644,323,0.99713585766186996,-0.0028682518424758435,0.0028682518424758435,0.99999393370953382,-6.0663088662075752e-06,6.0663088662075752e-06,0.0028621855336096358
645,1903,0.99967607890022692,-0.000323973573544386,0.000323973573544386,0.9999992721098574,-7.2789040749057754e-07,7.2789040749057754e-07,0.00032324568313689541
646,1063,0.99772780972047725,-0.00227477562085667,0.00227477562085667,0.99999901215116882,-9.8784931914259986e-07,9.8784931914259986e-07,0.0022737877715375276
647,4442,0.99997607049066251,-2.3929795652812377e-05,2.3929795652812377e-05,0.99999908295086082,-9.1704955968575646e-07,9.1704955968575646e-07,2.3012746093126621e-05
648,304,0.99985852526860974,-0.00014148473988403673,0.00014148473988403673,0.99999979318347887,-2.0681654248812513e-07,2.0681654248812513e-07,0.0001412779233415486
649,6873,0.99997637238634096,-2.3627892795494329e-05,2.3627892795494329e-05,0.99999910702792971,-8.9297246894985442e-07,8.9297246894985442e-07,2.2734920326544475e-05
650,11,0.99997466798284829,-2.5332338012667431e-05,2.5332338012667431e-05,0.99999989786344501,-1.0213656021151889e-07,1.0213656021151889e-07,2.523020145245591e-05
651,2254,0.99983909917693081,-0.00016091376899531062,0.00016091376899531062,0.99999840535372897,-1.5946475424340896e-06,1.5946475424340896e-06,0.00015931912145287653
652,7016,0.99998126447076141,-1.8735704750829153e-05,1.8735704750829153e-05,0.99999827524129381,-1.7247601936325874e-06,1.7247601936325874e-06,1.7010944557196566e-05
653,11,0.98512622236694813,-0.014985501484885063,0.014985501484885063,0.99952484560691157,-0.00047526731470864117,0.00047526731470864117,0.014510234170176422
654,323,0.99999590821127016,-4.0917971012592284e-06,4.0917971012592284e-06,0.99999999039159981,-9.6084002514619872e-09,9.6084002514619872e-09,4.0821887010077665e-06
655,16036,0.99999352312446166,-6.4768965134230982e-06,6.4768965134230982e-06,0.99999859245140998,-1.4075495806101845e-06,1.4075495806101845e-06,5.0693469328129139e-06
656,9293,0.99999476748270411,-5.2325309856123874e-06,5.2325309856123874e-06,0.99999926230887759,-7.3769139454691876e-07,7.3769139454691876e-07,4.4948395910654687e-06
657,382,0.91991198198820356,-0.083477285267837625,0.083477285267837625,0.99263564457078268,-0.0073916061665013936,0.0073916061665013936,0.076085679101336234
658,92459,0.99672572715625041,-0.0032796450048967365,0.0032796450048967365,0.99970725974188468,-0.00029278311490881675,0.00029278311490881675,0.0029868618899879197
659,279,0.99999943020994042,-5.6979022187786699e-07,5.6979022187786699e-07,0.99999996387778567,-3.6122215010663063e-08,3.6122215010663063e-08,5.3366800686720393e-07
660,842,0.99999603969521056,-3.9603126315132297e-06,3.9603126315132297e-06,0.99999977844226651,-2.2155775802090774e-07,2.2155775802090774e-07,3.738754873492322e-06
661,315,0.999999722182631,-2.7781740756803019e-07,2.7781740756803019e-07,0.9999999945287732,-5.4712267899756688e-09,5.4712267899756688e-09,2.7234618077805454e-07
662,4435,0.99970190231798806,-0.00029814212195775124,0.00029814212195775124,0.99999854701561919,-1.4529854364282368e-06,1.4529854364282368e-06,0.00029668913652132299
663,5111,0.99999257001414799,-7.4300134544587902e-06,7.4300134544587902e-06,0.99999965422999326,-3.4577006653028792e-07,3.4577006653028792e-07,7.0842433879285021e-06
664,8105,0.99974383138378287,-0.00025620143300166112,0.00025620143300166112,0.99999554840634319,-4.4516035652198093e-06,4.4516035652198093e-06,0.0002517498294364413
665,11,0.99992129591072165,-7.8707186607682774e-05,7.8707186607682774e-05,0.99999934739316365,-6.5260704928234907e-07,6.5260704928234907e-07,7.8054579558400425e-05
666,2391,0.99952163122258286,-0.00047848323226323559,0.00047848323226323559,0.99999759747859807,-2.4025242880308268e-06,2.4025242880308268e-06,0.00047608070797520476
667,279,0.99998766812996254,-1.2331946075610103e-05,1.2331946075610103e-05,0.99999989846952386,-1.0153048130844478e-07,1.0153048130844478e-07,1.2230415594301658e-05
668,16506,0.99948632809471416,-0.00051380387989530295,0.00051380387989530295,0.99998973166452887,-1.0268388190820377e-05,1.0268388190820377e-05,0.00050353549170448263
669,315,0.99998988947290246,-1.0110578209256773e-05,1.0110578209256773e-05,0.99999995835519395,-4.1644806957280828e-08,4.1644806957280828e-08,1.0068933402299492e-05
670,57664,0.9999889862189868,-1.1013841665369957e-05,1.1013841665369957e-05,0.99999813605605903,-1.8639456781558879e-06,1.8639456781558879e-06,9.1498959872140692e-06
671,11,0.99023049526419415,-0.0098175394535001907,0.0098175394535001907,0.99934312238603717,-0.00065709345258756538,0.00065709345258756538,0.0091604460009126251
672,1455,0.9992730458446305,-0.0007272185146673032,0.0007272185146673032,0.99999682219288066,-3.1778121685638558e-06,3.1778121685638558e-06,0.00072404070249873932
673,315,0.99999911748854864,-8.8251184076885253e-07,8.8251184076885253e-07,0.99999996344173603,-3.6558264635656458e-08,3.6558264635656458e-08,8.4595357613319612e-07
674,279,0.99999937567221553,-6.2432797937740766e-07,6.2432797937740766e-07,0.99999993265752096,-6.7342481322022597e-08,6.7342481322022597e-08,5.5698549805538509e-07
675,3363,0.99999727046995346,-2.7295337717342629e-06,2.7295337717342629e-06,0.99999910571408634,-8.9428631347466643e-07,8.9428631347466643e-07,1.8352474582595963e-06
676,574,0.99998940114046619,-1.0598915702128889e-05,1.0598915702128889e-05,0.99999937223962898,-6.2776056810665961e-07,6.2776056810665961e-07,9.9711551340222291e-06
677,68461,0.99846140400420569,-0.001539780850110789,0.001539780850110789,0.99996668147247436,-3.3319082600137278e-05,3.3319082600137278e-05,0.0015064617675106518
678,555,0.99999557827202101,-4.4217377548949241e-06,4.4217377548949241e-06,0.99999979752472179,-2.0247529867948386e-07,2.0247529867948386e-07,4.21926245621544e-06
679,37295,0.99817918903326264,-0.0018224706579876597,0.0018224706579876597,0.99988261584417815,-0.00011739104588101321,0.00011739104588101321,0.0017050796121066464
680,41884,0.99995170267705824,-4.8298489295056035e-05,4.8298489295056035e-05,0.9999994144938682,-5.8550630322854933e-07,5.8550630322854933e-07,4.7712982991827483e-05
681,86562,0.9986874613237624,-0.0013134008095973988,0.0013134008095973988,0.99998473548801592,-1.5264628487881287e-05,1.5264628487881287e-05,0.0012981361811095174
682,479,0.99995964716725327,-4.0353646944208943e-05,4.0353646944208943e-05,0.99999934648802047,-6.5351219309510925e-07,6.5351219309510925e-07,3.9700134751113834e-05
683,555,0.99991508574970522,-8.4917855713814803e-05,8.4917855713814803e-05,0.99999970346818512,-2.9653185884473927e-07,2.9653185884473927e-07,8.4621323854970065e-05
684,279,0.99999736536903328,-2.6346344374087087e-06,2.6346344374087087e-06,0.99999983214989285,-1.6785012125953778e-07,1.6785012125953778e-07,2.4667843161491711e-06
685,3723,0.99897811939028802,-0.0010224030856713097,0.0010224030856713097,0.99999867472183657,-1.3252790416233647e-06,1.3252790416233647e-06,0.0010210778066296864
686,4273,0.99998535949085565,-1.4640616317652629e-05,1.4640616317652629e-05,0.99999679000462371,-3.2100005283191179e-06,3.2100005283191179e-06,1.1430615789333511e-05
687,6690,0.99992474042330726,-7.5262408836744053e-05,7.5262408836744053e-05,0.99999963251375257,-3.6748631491234055e-07,3.6748631491234055e-07,7.4894922521831717e-05
688,11994,0.99993079268239404,-6.9209712542846877e-05,6.9209712542846877e-05,0.9999992588675638,-7.4113271078785812e-07,7.4113271078785812e-07,6.8468579832059017e-05
689,13,0.99975567317557723,-0.00024435667708394592,0.00024435667708394592,0.99999436952976617,-5.6304860850325057e-06,5.6304860850325057e-06,0.00023872619099891341
690,1666,0.99954984723884177,-0.00045025411032866821,0.00045025411032866821,0.99999509753787186,-4.9024741452154307e-06,4.9024741452154307e-06,0.00044535163618345279
691,264,0.99999741564167643,-2.5843616629793757e-06,2.5843616629793757e-06,0.99999997986102795,-2.013897228685814e-08,2.013897228685814e-08,2.5642226906925175e-06
692,1121,0.99999242670001676,-7.5733286608602087e-06,7.5733286608602087e-06,0.99999720028396455,-2.7997199546279562e-06,2.7997199546279562e-06,4.7736087062322526e-06
693,11,0.99999191077330907,-8.0892594088865732e-06,8.0892594088865732e-06,0.99999992162861029,-7.8371392746418205e-08,7.8371392746418205e-08,8.0108880161401555e-06
694,12309,0.99991328636288035,-8.6717396964415281e-05,8.6717396964415281e-05,0.99999435921455138,-5.640801357932934e-06,5.640801357932934e-06,8.1076595606482341e-05
695,2697,0.99997701875307554,-2.2981510997368716e-05,2.2981510997368716e-05,0.99999829445898791,-1.7055424665439424e-06,1.7055424665439424e-06,2.1275968530824774e-05
696,8625,0.9999811708435965,-1.8829333674322028e-05,1.8829333674322028e-05,0.99999936091792729,-6.3908227694439391e-07,6.3908227694439391e-07,1.8190251397377633e-05
697,315,0.99999773261828095,-2.2673842895265396e-06,2.2673842895265396e-06,0.99999993787019725,-6.2129804702726093e-08,6.2129804702726093e-08,2.2052544848238136e-06
698,57664,0.9999852426308582,-1.4757478032814855e-05,1.4757478032814855e-05,0.99999912997536233,-8.7002501614512813e-07,8.7002501614512813e-07,1.3887453016669727e-05
699,596,0.99882938809017097,-0.0011712976111297067,0.0011712976111297067,0.99991129440549809,-8.8709529075880824e-05,8.8709529075880824e-05,0.001082588082053826
700,864,0.99999388316514248,-6.116853565378189e-06,6.116853565378189e-06,0.99997792332669755,-2.2076916995765237e-05,2.2076916995765237e-05,-1.5960063430387048e-05
701,11710,0.58531090743989023,-0.53561210721894792,0.53561210721894792,0.98941132671969589,-0.010645132184827804,0.010645132184827804,0.52496697503412015
702,323,0.99997454669856456,-2.5453625376247171e-05,2.5453625376247171e-05,0.99999978188228311,-2.181177407289582e-07,2.181177407289582e-07,2.5235507635518214e-05
703,37683,0.99999292408299068,-7.0759420437368971e-06,7.0759420437368971e-06,0.99999926190384503,-7.380964273662034e-07,7.380964273662034e-07,6.3378456163706938e-06
704,18112,0.99999133705509724,-8.662982426320853e-06,8.662982426320853e-06,0.99999848631157784,-1.5136895678107987e-06,1.5136895678107987e-06,7.149292858510054e-06
705,11,0.99850824926592696,-0.0014928645019798208,0.0014928645019798208,0.99999135943471051,-8.6406026194276748e-06,8.6406026194276748e-06,0.001484223899360393
706,8051,0.99992068223955477,-7.9320906265151499e-05,7.9320906265151499e-05,0.99998491901107722,-1.5081102642000216e-05,1.5081102642000216e-05,6.423980362315128e-05
707,1070,0.99997514998234949,-2.4850326417280508e-05,2.4850326417280508e-05,0.99999964875574532,-3.5124431634106787e-07,3.5124431634106787e-07,2.449908210093944e-05
708,527,0.99998523715360566,-1.4762955366267532e-05,1.4762955366267532e-05,0.99999963075308607,-3.6924698209751939e-07,3.6924698209751939e-07,1.4393708384170012e-05
709,14529,0.99999698889817079,-3.0111063625709793e-06,3.0111063625709793e-06,0.99999991123051279,-8.8769491147947777e-08,8.8769491147947777e-08,2.9223368714230315e-06
710,35093,0.99998550532174535,-1.4494783303487809e-05,1.4494783303487809e-05,0.999997603598894,-2.396403977358682e-06,2.396403977358682e-06,1.2098379326129127e-05
711,7224,0.99997874510163542,-2.1255124253101398e-05,2.1255124253101398e-05,0.99999570968535045,-4.2903238529256164e-06,4.2903238529256164e-06,1.696480040017578e-05
712,11,0.99996394186036497,-3.6058789745421084e-05,3.6058789745421084e-05,0.99999987599413787,-1.2400586987771834e-07,1.2400586987771834e-07,3.5934783875543365e-05
713,5423,0.99998590406887666,-1.4096030471890511e-05,1.4096030471890511e-05,0.99999368332775707,-6.3166921932304065e-06,6.3166921932304065e-06,7.7793382786601033e-06
714,2949,0.99999420972690056,-5.7902898630798418e-06,5.7902898630798418e-06,0.99999966639801241,-3.3360204318909473e-07,3.3360204318909473e-07,5.4566878198907472e-06
715,279,0.99999424301425766,-5.7570023138187551e-06,5.7570023138187551e-06,0.99999997578847621,-2.4211524047856798e-08,2.4211524047856798e-08,5.7327907897708982e-06
716,2362,0.99998647264113327,-1.352745036231299e-05,1.352745036231299e-05,0.99999983806502835,-1.6193498474396928e-07,1.6193498474396928e-07,1.3365515377569021e-05
717,289,0.99955760594307375,-0.00044249194204737304,0.00044249194204737304,0.99999003994463964,-9.9601049619936792e-06,9.9601049619936792e-06,0.00043253183708537936
718,4841,0.99999793936527526,-2.0606368478995945e-06,2.0606368478995945e-06,0.99999925818127389,-7.4181900130300024e-07,7.4181900130300024e-07,1.3188178465965942e-06
719,3363,0.99998645872121805,-1.3541370465941498e-05,1.3541370465941498e-05,0.99999902731337498,-9.7268709809440248e-07,9.7268709809440248e-07,1.2568683367847096e-05
720,11,0.99960053204064236,-0.00039954776793765052,0.00039954776793765052,0.99999987870673401,-1.2129327339658076e-07,1.2129327339658076e-07,0.00039942647466425395
721,61894,0.99998038712945758,-1.9613062877225958e-05,1.9613062877225958e-05,0.99999932832466065,-6.716755649681982e-07,6.716755649681982e-07,1.894138731225776e-05
722,309,0.99999878163590172,-1.2183648404380213e-06,1.2183648404380213e-06,0.99999997322342571,-2.677657459881764e-08,2.677657459881764e-08,1.1915882658392037e-06
723,44486,0.99989288433242152,-0.0001071214048713159,0.0001071214048713159,0.99998556164261265,-1.443846162138963e-05,1.443846162138963e-05,9.2682943249926264e-05
724,13,0.94007825763016273,-0.061792154385363916,0.061792154385363916,0.97606866008824511,-0.024222346592309974,0.024222346592309974,0.037569807793053939
725,4815,0.00019383238210095934,-8.5485167821614105,8.5485167821614105,2.3589586912582307e-05,-10.654705175822119,10.654705175822119,-2.1061883936607089
726,2028,0.19012085807314444,-1.6600953139225894,1.6600953139225894,0.21822222277941625,-1.5222413648506121,1.5222413648506121,0.13785394907197723
727,374,0.32385128166124688,-1.1274708757842415,1.1274708757842415,0.43234352470187531,-0.83853481066975444,0.83853481066975444,0.28893606511448711
728,264,0.65139441264692666,-0.42863996363008083,0.42863996363008083,0.65507270890545188,-0.42300904354506913,0.42300904354506913,0.0056309200850117036
729,10015,0.4384817570082854,-0.82443707120914289,0.82443707120914289,0.39711124216204668,-0.92353883058828767,0.92353883058828767,-0.099101759379144783
730,3925,0.69969082149636985,-0.35711672508626924,0.35711672508626924,0.72215183812304995,-0.32551986009021211,0.32551986009021211,0.031596864996057128
731,315,0.99658314147983307,-0.0034227093125954087,0.0034227093125954087,0.99822731090535821,-0.0017742621672755775,0.0017742621672755775,0.0016484471453198312
732,57664,0.97101035659597357,-0.029418144840407744,0.029418144840407744,0.98421646979381305,-0.015909416496194765,0.015909416496194765,0.013508728344212979
733,11,0.7881851250959292,-0.23802228639128212,0.23802228639128212,0.8372979889861647,-0.17757525155874518,0.17757525155874518,0.060447034832536939
734,505,0.2783280098616378,-1.278954969227913,1.278954969227913,0.40363360769193946,-0.90724772416778665,0.90724772416778665,0.37170724506012631
735,1202,0.97962650572931997,-0.020583896563644288,0.020583896563644288,0.99671420619333784,-0.0032912038813093071,0.0032912038813093071,0.017292692682334982
736,36330,0.961961438799529,-0.038780913527805966,0.038780913527805966,0.98175362845564029,-0.018414889624924449,0.018414889624924449,0.020366023902881517
737,555,0.75323841114301282,-0.28337348623045355,0.28337348623045355,0.83570260581352074,-0.17948246385884598,0.17948246385884598,0.10389102237160758
738,15506,0.72971876091684018,-0.31509607808904894,0.31509607808904894,0.88939315193225033,-0.11721590058410368,0.11721590058410368,0.19788017750494524
739,39879,0.91742082300198768,-0.086188999232764338,0.086188999232764338,0.91466617197865363,-0.089196119644281494,0.089196119644281494,-0.0030071204115171557
740,380,0.99999703765292669,-2.9623514610782102e-06,2.9623514610782102e-06,0.99999961367748202,-3.8632259256704903e-07,3.8632259256704903e-07,2.5760288685111612e-06
741,67987,0.99340679233438522,-0.0066150388706302642,0.0066150388706302642,0.95592625963442768,-0.045074503179348066,0.045074503179348066,-0.0384594643087178
742,304,0.72734667365322192,-0.31835206001403638,0.31835206001403638,0.68959136484368655,-0.37165608168946712,0.37165608168946712,-0.053304021675430746
743,220,0.98619196805237996,-0.013904249564781855,0.013904249564781855,0.99348168605123222,-0.0065396509284309451,0.0065396509284309451,0.0073645986363509103
744,10895,0.99997230964563311,-2.7690737751851652e-05,2.7690737751851652e-05,0.9999997939507268,-2.0604929438158917e-07,2.0604929438158917e-07,2.7484688457470062e-05
745,16,0.99999592913445856,-4.0708738273869021e-06,4.0708738273869021e-06,0.99999985105487443,-1.4894513667864614e-07,1.4894513667864614e-07,3.9219286907082561e-06
746,311,0.98770964001495376,-0.012366511051946838,0.012366511051946838,0.99782939054692144,-0.0021729686403117246,0.0021729686403117246,0.010193542411635113
747,279,0.4448424373085314,-0.81003513297868057,0.81003513297868057,0.51118701037743652,-0.67101978630144077,0.67101978630144077,0.1390153466772398
748,3118,0.97592649379550611,-0.024368009139378827,0.024368009139378827,0.99395512915644946,-0.0060632150381928103,0.0060632150381928103,0.018304794101186017
749,1938,0.99770064176425888,-0.0023020058191630622,0.0023020058191630622,0.99980653203207959,-0.00019348668526193778,0.00019348668526193778,0.0021085191339011242
750,13,0.96980109705702611,-0.030664283091658941,0.030664283091658941,0.97673252854734571,-0.023542432540087369,0.023542432540087369,0.0071218505515715722
751,578,0.12542539326092583,-2.0760441731897807,2.0760441731897807,0.10993044097059707,-2.2079074680231066,2.2079074680231066,-0.13186329483332582
752,3363,0.99995050623841641,-4.9494986440268706e-05,4.9494986440268706e-05,0.99998606252917621,-1.3937567951270467e-05,1.3937567951270467e-05,3.5557418488998241e-05
753,706,0.99451957187556983,-0.0054955007655521681,0.0054955007655521681,0.9993220925128895,-0.00067813737028992913,0.00067813737028992913,0.0048173633952622386
754,264,0.69565534179706812,-0.36290093986645172,0.36290093986645172,0.76354627136036934,-0.26978155188952063,0.26978155188952063,0.093119387976931089
755,9257,0.99314508446378036,-0.0068785183953036684,0.0068785183953036684,0.99557724037039708,-0.0044325689645456964,0.0044325689645456964,0.002445949430757972
756,323,0.98239656542457321,-0.017760217702278785,0.017760217702278785,0.99399916263846955,-0.0060189147419444132,0.0060189147419444132,0.011741302960334373
757,6485,0.8918548665246171,-0.11445186533002552,0.11445186533002552,0.8936521905962419,-0.11243862805770941,0.11243862805770941,0.0020132372723161152
758,3925,0.97908090718314222,-0.021140997186934945,0.021140997186934945,0.98997127950854258,-0.010079346871748667,0.010079346871748667,0.011061650315186277
759,11,0.99901013300093833,-0.00099035724094245748,0.00099035724094245748,0.99986636550707864,-0.00013364342280576842,0.00013364342280576842,0.00085671381813668909
760,449,0.54609494269691017,-0.60496243063067112,0.60496243063067112,0.83999813703052917,-0.17435560496803579,0.17435560496803579,0.43060682566263531
761,5370,0.55431071779911878,-0.59002988700613113,0.59002988700613113,0.57851845442194949,-0.54728483238712078,0.54728483238712078,0.042745054619010348
762,27833,0.56481140442026978,-0.57126340104472562,0.57126340104472562,0.63955294210792213,-0.44698587466911716,0.44698587466911716,0.12427752637560846
763,323,0.99806808723186591,-0.0019337813185781334,0.0019337813185781334,0.99957367526135144,-0.00042641564087684078,0.00042641564087684078,0.0015073656777012925
764,991,0.97415726404289715,-0.026182526316834303,0.026182526316834303,0.98250844919794844,-0.017646335583129457,0.017646335583129457,0.0085361907337048459
765,19505,0.9999977905975852,-2.2094048554908339e-06,2.2094048554908339e-06,0.99999840487765801,-1.5951236141895525e-06,1.5951236141895525e-06,6.1428124130128138e-07
766,9564,0.72263778717575844,-0.32484716828439592,0.32484716828439592,0.79427339167852251,-0.23032755498696936,0.23032755498696936,0.094519613297426558
767,872,0.99997275482978942,-2.7245541366983073e-05,2.7245541366983073e-05,0.99999128499155787,-8.7150464180234527e-06,8.7150464180234527e-06,1.8530494948959619e-05
768,1906,0.99735676687950547,-0.0026467326291975709,0.0026467326291975709,0.9988334124601973,-0.0011672685327234283,0.0011672685327234283,0.0014794640964741427
769,389,0.99465693262153498,-0.0053573926128839778,0.0053573926128839778,0.99812668766486401,-0.0018750691791096436,0.0018750691791096436,0.003482323433774334
770,279,0.6241152588884028,-0.47142021791240046,0.47142021791240046,0.73502436798946957,-0.30785162659170351,0.30785162659170351,0.16356859132069695
771,3363,0.99517218970542409,-0.0048395018155043146,0.0048395018155043146,0.99831177048759034,-0.0016896561777714717,0.0016896561777714717,0.0031498456377328432
772,13,0.84349454977870564,-0.17020183845302281,0.17020183845302281,0.8928339054370682,-0.11335471155616669,0.11335471155616669,0.056847126896856115
773,5659,0.58954039864499896,-0.52841203099657663,0.52841203099657663,0.56674782940080615,-0.56784081950777698,0.56784081950777698,-0.039428788511200352
774,1202,0.59631056192885423,-0.51699367056846068,0.51699367056846068,0.72993912993655463,-0.31479413196486522,0.31479413196486522,0.20219953860359546
775,4216,0.77280113394468797,-0.25773352876517452,0.25773352876517452,0.8096209633566066,-0.21118908731009678,0.21118908731009678,0.046544441455077745
776,2919,0.98706083793682198,-0.01302360220124236,0.01302360220124236,0.99528832065152406,-0.0047228142995978254,0.0047228142995978254,0.0083007879016445338
777,439,0.99996649174590146,-3.3508815512615295e-05,3.3508815512615295e-05,0.99999665791451353,-3.3420910712967246e-06,3.3420910712967246e-06,3.0166724441318571e-05
778,264,0.98661509844307671,-0.013475286789484436,0.013475286789484436,0.99898520171463989,-0.001015313541757182,0.001015313541757182,0.012459973247727255
779,348,0.26431984155638993,-1.3305953880883008,1.3305953880883008,0.50042456124602042,-0.69229841836846251,0.69229841836846251,0.63829696971983829
780,395,0.99998136641665059,-1.8633756956808838e-05,1.8633756956808838e-05,0.999993848837051,-6.1511818675062632e-06,6.1511818675062632e-06,1.2482575089302575e-05
781,278,0.99999981420410233,-1.8579591493485889e-07,1.8579591493485889e-07,0.99999998273791035,-1.7262089830662856e-08,1.7262089830662856e-08,1.6853382510419603e-07
782,1614,0.99997354879053169,-2.6451559307711546e-05,2.6451559307711546e-05,0.99999838192913537,-1.6180721736769578e-06,1.6180721736769578e-06,2.4833487134034588e-05
783,315,0.99983829192956331,-0.00016172114659639613,0.00016172114659639613,0.99997452053131475,-2.5479793292462127e-05,2.5479793292462127e-05,0.00013624135330393401
784,3320,0.84556612727903857,-0.16774890284546798,0.16774890284546798,0.98895108819226329,-0.011110404404180685,0.011110404404180685,0.1566384984412873
785,96323,0.99999616889967524,-3.8311076634262905e-06,3.8311076634262905e-06,0.99999801865320559,-1.9813487572866242e-06,1.9813487572866242e-06,1.8497589061396663e-06
786,311,0.99568076881213696,-0.0043285860137118473,0.0043285860137118473,0.99919983150421021,-0.00080048880147769587,0.00080048880147769587,0.0035280972122341513
787,1202,0.99973501583895252,-0.00026501927555364741,0.00026501927555364741,0.99992903820943846,-7.0964308468554946e-05,7.0964308468554946e-05,0.00019405496708509246
788,1510,0.89195123176380409,-0.11434382080727931,0.11434382080727931,0.85733611877396965,-0.15392523333926311,0.15392523333926311,-0.039581412531983801
789,2704,0.99990933556517769,-9.0668545090595036e-05,9.0668545090595036e-05,0.99993772375959078,-6.2278179654816769e-05,6.2278179654816769e-05,2.8390365435778268e-05
790,439,0.99999845291862766,-1.5470825690298807e-06,1.5470825690298807e-06,0.99999953733261315,-4.6266749386723776e-07,4.6266749386723776e-07,1.0844150751626429e-06
791,279,0.9363715110480193,-0.065742967741035094,0.065742967741035094,0.72432630718935376,-0.32251328759361991,0.32251328759361991,-0.25677031985258481
792,6864,0.99601307800331251,-0.003994890958329271,0.003994890958329271,0.99940620958403747,-0.00059396677931028365,0.00059396677931028365,0.0034009241790189876
793,315,0.98705875271397014,-0.013025714761050466,0.013025714761050466,0.96048948043407012,-0.040312249010419389,0.040312249010419389,-0.027286534249368923
794,279,0.99997794759450997,-2.2052648647899582e-05,2.2052648647899582e-05,0.99999526128321037,-4.7387280174353744e-06,4.7387280174353744e-06,1.7313920630464205e-05
795,26363,0.99973737153792441,-0.00026266295496952716,0.00026266295496952716,0.99995190239161036,-4.8098765116668467e-05,4.8098765116668467e-05,0.00021456418985285868
796,11,0.99985034192987476,-0.00014966927001171048,0.00014966927001171048,0.9999367818338144,-6.3220164538114017e-05,6.3220164538114017e-05,8.6449105473596462e-05
797,57664,0.99997863585379299,-2.1364374423586341e-05,2.1364374423586341e-05,0.99998725179551584,-1.2748285743194911e-05,1.2748285743194911e-05,8.61608868039143e-06
798,706,0.99885854906196347,-0.0011421028893193203,0.0011421028893193203,0.99979112172967755,-0.00020890008842663392,0.00020890008842663392,0.00093320280089268643
799,64238,0.43695850262198471,-0.82791704807059452,0.82791704807059452,0.45093987730316248,-0.79642125811507847,0.79642125811507847,0.031495789955516051
800,1690,0.37338372108229939,-0.985148645283627,0.985148645283627,0.57303665925532155,-0.55680558655590873,0.55680558655590873,0.42834305872771827
801,54070,0.891272948543813,-0.1151045588683632,0.1151045588683632,0.85985340961834245,-0.15099335819566614,0.15099335819566614,-0.035888799327302948
802,323,0.64236832430532564,-0.44259342593183676,0.44259342593183676,0.76078632862447759,-0.27340273764890527,0.27340273764890527,0.16919068828293149
803,706,0.83201997856886112,-0.18389882574627078,0.18389882574627078,0.85034036768653076,-0.16211857707711216,0.16211857707711216,0.021780248669158619
804,1027,0.31560893525254996,-1.1532513784576133,1.1532513784576133,0.51700067278403894,-0.65971110315146198,0.65971110315146198,0.4935402753061513
805,27367,0.971243065466461,-0.029178517128639919,0.029178517128639919,0.98227194601366075,-0.01788707819844302,0.01788707819844302,0.0112914389301969
806,555,0.9999997131430004,-2.8685704072244734e-07,2.8685704072244734e-07,0.9999998877316385,-1.1226836785069734e-07,1.1226836785069734e-07,1.7458867287175001e-07
807,5370,0.84093838884270578,-0.17323688109504243,0.17323688109504243,0.92274857640254504,-0.080398479850195576,0.080398479850195576,0.092838401244846852
808,13970,0.73554497844290989,-0.3071435872510867,0.3071435872510867,0.68125292550477323,-0.3838216386949706,0.3838216386949706,-0.076678051443883899
809,4455,0.99979170330382772,-0.00020831839294208681,0.00020831839294208681,0.99996104588380297,-3.8954874928290238e-05,3.8954874928290238e-05,0.00016936351801379658
810,13,0.97450354741603096,-0.02582711979893999,0.02582711979893999,0.98375938116981543,-0.016373943164032904,0.016373943164032904,0.0094531766349070859
811,11450,0.01207463059106109,-4.4166486727842598,4.4166486727842598,0.027414929139765259,-3.5966675548544242,3.5966675548544242,0.81998111792983552
812,11,0.99999854289077383,-1.4571102877709547e-06,1.4571102877709547e-06,0.99999927322598814,-7.2677427600468032e-07,7.2677427600468032e-07,7.3033601176627439e-07
813,57664,0.99062622070978124,-0.0094179896550111459,0.0094179896550111459,0.97413354862672474,-0.026206871159010117,0.026206871159010117,-0.016788881503998973
814,374,0.97704093413287918,-0.023226730035179832,0.023226730035179832,0.98208379025336912,-0.018078648144143949,0.018078648144143949,0.0051480818910358828
815,264,0.99943008990265458,-0.00057007255783307848,0.00057007255783307848,0.99964489368358944,-0.00035516938158891939,0.00035516938158891939,0.00021490317624415909
816,90256,0.75989648690925704,-0.27457305641320612,0.27457305641320612,0.70446589177162044,-0.35031536361796256,0.35031536361796256,-0.075742307204756443
817,2322,0.98974877768791292,-0.010304127967194659,0.010304127967194659,0.99151402126664301,-0.0085221896531454122,0.0085221896531454122,0.0017819383140492469
818,55422,0.99999979288284035,-2.0711718105100878e-07,2.0711718105100878e-07,0.99999975847152711,-2.4152850200719479e-07,2.4152850200719479e-07,-3.4411320956186006e-08
819,449,0.93282506169139645,-0.069537596581948746,0.069537596581948746,0.97511584889885405,-0.02519899565931363,0.02519899565931363,0.044338600922635113
820,264,0.99996332891054129,-3.6671761859573578e-05,3.6671761859573578e-05,0.99999050601805872,-9.4940270094254199e-06,9.4940270094254199e-06,2.717773485014816e-05
821,9257,0.33600738404691105,-1.0906221429303165,1.0906221429303165,0.3545339071602201,-1.0369512897412663,1.0369512897412663,0.053670853189050183
822,13042,0.87761946840217175,-0.13054218658192501,0.13054218658192501,0.90606915339842098,-0.098639647597682914,0.098639647597682914,0.031902538984242099
823,28948,0.99961829800124058,-0.00038177486551014135,0.00038177486551014135,0.99978872003476671,-0.00021130228798946395,0.00021130228798946395,0.0001704725775206774
824,323,0.98027310147024793,-0.019924071170535601,0.019924071170535601,0.98369839182651864,-0.016435941285825879,0.016435941285825879,0.0034881298847097217
825,264,0.99990887102923753,-9.1133123259396203e-05,9.1133123259396203e-05,0.99996940868671336,-3.0591781210391182e-05,3.0591781210391182e-05,6.0541342049005021e-05
826,20955,0.29769927148204756,-1.2116714581180947,1.2116714581180947,0.30741096583843297,-1.1795697756497749,1.1795697756497749,0.032101682468319792
827,315,0.99999968011587526,-3.1988417594387738e-07,3.1988417594387738e-07,0.99999983525465708,-1.6474535644213635e-07,1.6474535644213635e-07,1.5513881950174103e-07
828,2362,0.46024607678585683,-0.77599398299901867,0.77599398299901867,0.58754537341300317,-0.53180180460472759,0.53180180460472759,0.24419217839429108
829,323,0.99999879778308109,-1.2022176415296229e-06,1.2022176415296229e-06,0.99999952667784808,-4.7332226394309417e-07,4.7332226394309417e-07,7.2889537758652869e-07
830,502,0.99937735691403418,-0.00062283700867267814,0.00062283700867267814,0.99975253123870278,-0.00024749938674380266,0.00024749938674380266,0.00037533762192887548
831,18112,0.96089759645808892,-0.039887435046523582,0.039887435046523582,0.97332718121309336,-0.027034993079374299,0.027034993079374299,0.012852441967149283
832,13,0.99903102580058323,-0.00096944395839704863,0.00096944395839704863,0.9993515425094005,-0.00064866783009376501,0.00064866783009376501,0.00032077612830328363
833,4815,0.0087951239172650141,-4.7335578113790788,4.7335578113790788,0.0058715147123654596,-5.1376426354370865,5.1376426354370865,-0.40408482405800772
834,32812,0.18183320603680272,-1.7046654624499453,1.7046654624499453,0.16636763748036978,-1.7935552558057957,1.7935552558057957,-0.088889793355850344
835,512,0.50256732571465457,-0.68802566650192809,0.68802566650192809,0.48718366943692459,-0.71911408236636642,0.71911408236636642,-0.031088415864438335
836,16,0.53879501689443499,-0.61842008301424356,0.61842008301424356,0.55205966086156444,-0.59409915727445139,0.59409915727445139,0.024320925739792165
837,13,0.99901372953514267,-0.0009867571496004065,0.0009867571496004065,0.9992581865950444,-0.00074208868466538104,0.00074208868466538104,0.00024466846493502545
838,330,0.50059517927366515,-0.69195752992762449,0.69195752992762449,0.5870733787130098,-0.53260546064128023,0.53260546064128023,0.15935206928634427
839,1692,0.88709689071661246,-0.11980106845935699,0.11980106845935699,0.95480228558190672,-0.046250990739528229,0.046250990739528229,0.073550077719828771
840,10746,0.99958275656682194,-0.00041733050343982286,0.00041733050343982286,0.99980875613338505,-0.00019126215605513224,0.00019126215605513224,0.00022606834738469063
841,3343,0.35102370770167729,-1.0469015144875959,1.0469015144875959,0.45764301179115635,-0.78166584903488057,0.78166584903488057,0.26523566545271537
842,27685,0.50743532964760463,-0.67838600545179706,0.67838600545179706,0.54843522208702022,-0.60068610635604158,0.60068610635604158,0.077699899095755476
843,13,0.7034520567495175,-0.35175555435976669,0.35175555435976669,0.77469784973114986,-0.25528219696301557,0.25528219696301557,0.096473357396751114
844,58891,0.49411599010729651,-0.70498499156685157,0.70498499156685157,0.6114796169493254,-0.49187365728155757,0.49187365728155757,0.213111334285294
845,220,0.9502504836011586,-0.051029662192983508,0.051029662192983508,0.96297393199109349,-0.037728937133895142,0.037728937133895142,0.013300725059088365
846,2366,0.91565301302357738,-0.088117792816224519,0.088117792816224519,0.97150484128250014,-0.028909026870316601,0.028909026870316601,0.059208765945907918
847,18,0.93473485870550699,-0.067492363485037371,0.067492363485037371,0.94418645173320925,-0.057431619910401056,0.057431619910401056,0.010060743574636315
848,12,0.99975283970069684,-0.00024719084844371724,0.00024719084844371724,0.99992568278194749,-7.4319979713756632e-05,7.4319979713756632e-05,0.00017287086872996062
849,2437,0.79720839592291348,-0.22663915893413733,0.22663915893413733,0.84779754720923139,-0.16511341319207015,0.16511341319207015,0.061525745742067178
850,12,0.99996807612022198,-3.1924389355916812e-05,3.1924389355916812e-05,0.99998714975742653,-1.2850325138597202e-05,1.2850325138597202e-05,1.907406421731961e-05
851,508,0.88606792094333997,-0.12096167110836965,0.12096167110836965,0.93039854876574501,-0.072142237574959703,0.072142237574959703,0.048819433533409951
852,627,0.97383744768663194,-0.026510880759701046,0.026510880759701046,0.99132228324166682,-0.0087155873886395861,0.0087155873886395861,0.01779529337106146
853,17,0.99966335670424433,-0.00033669997283028777,0.00033669997283028777,0.99992960774970052,-7.0394727950219029e-05,7.0394727950219029e-05,0.00026630524488006874
854,13,0.99995153195659847,-4.8469218015118531e-05,4.8469218015118531e-05,0.99997677757910564,-2.3222690538986797e-05,2.3222690538986797e-05,2.5246527476131735e-05
855,330,0.99422458095297184,-0.0057921612729802318,0.0057921612729802318,0.9988737139790137,-0.0011269207577283694,0.0011269207577283694,0.0046652405152518622
856,13730,0.74786367630752548,-0.29053456854314597,0.29053456854314597,0.82040697281038399,-0.19795475353872349,0.19795475353872349,0.092579815004422472
857,315,0.99991706542704639,-8.293801221540715e-05,8.293801221540715e-05,0.99998988055384685,-1.0119497355055244e-05,1.0119497355055244e-05,7.2818514860351909e-05
858,57664,0.99931146554951911,-0.00068877159918854017,0.00068877159918854017,0.99990629784860863,-9.370654171224578e-05,9.370654171224578e-05,0.00059506505747629443
859,3343,0.99867392579733649,-0.0013269542171213469,0.0013269542171213469,0.99977837342498033,-0.00022165113781833079,0.00022165113781833079,0.0011053030793030162
860,57664,0.40754037101089097,-0.89761528124294798,0.89761528124294798,0.37745898392447436,-0.97429336805179512,0.97429336805179512,-0.076678086808847135
861,52652,0.1790271756770998,-1.7202176652396461,1.7202176652396461,0.27043987439799388,-1.3077054811955247,1.3077054811955247,0.41251218404412149
862,13,0.69549134538328961,-0.36313671142965132,0.36313671142965132,0.73223588060831257,-0.31165257566120524,0.31165257566120524,0.051484135768446071
863,58891,0.99507357605151203,-0.00493859877698465,0.00493859877698465,0.99771169901203161,-0.0022909231496347003,0.0022909231496347003,0.0026476756273499497
864,220,0.99996696398228679,-3.3036563414449799e-05,3.3036563414449799e-05,0.99998346629410273,-1.6533842580536686e-05,1.6533842580536686e-05,1.6502720833913113e-05
865,2366,0.99996169752573505,-3.8303207823466053e-05,3.8303207823466053e-05,0.99999209057762706,-7.9094536525336581e-06,7.9094536525336581e-06,3.0393754170932395e-05
866,18,0.99988218408756591,-0.00011782285327391592,0.00011782285327391592,0.99993274531329779,-6.7256948400083112e-05,6.7256948400083112e-05,5.0565904873832806e-05
867,12,0.99999566900330894,-4.3310060699016136e-06,4.3310060699016136e-06,0.99999805468133252,-1.9453205596534207e-06,1.9453205596534207e-06,2.385685510248193e-06
868,2437,0.99986969719674779,-0.00013031129340005055,0.00013031129340005055,0.99996937889920379,-3.0621569631653042e-05,3.0621569631653042e-05,9.968972376839751e-05
869,12,0.99999024951538584,-9.7505321504025533e-06,9.7505321504025533e-06,0.99999810294209424,-1.8970597051332553e-06,1.8970597051332553e-06,7.8534724452692982e-06
870,508,0.99983509507886248,-0.00016491851944897356,0.00016491851944897356,0.99997644106976069,-2.3559207755233887e-05,2.3559207755233887e-05,0.00014135931169373967
871,627,0.95285209703592644,-0.048295584606346975,0.048295584606346975,0.98262337174645698,-0.017529373914283945,0.017529373914283945,0.030766210692063031
872,18,0.99987261982410891,-0.00012738828943474303,0.00012738828943474303,0.99993722893527082,-6.2773034914964031e-05,6.2773034914964031e-05,6.4615254519778995e-05
873,13,0.99997015118593768,-2.9849259547027396e-05,2.9849259547027396e-05,0.99997995788383531,-2.0042317010564953e-05,2.0042317010564953e-05,9.8069425364624429e-06
874,330,0.99959695621264666,-0.00040312503133123708,0.00040312503133123708,0.99985970492469245,-0.00014030491758217824,0.00014030491758217824,0.00026282011374905887
875,1692,0.9371926550754226,-0.064866409473292613,0.064866409473292613,0.96205875353540171,-0.038679755820268974,0.038679755820268974,0.026186653653023639
876,10746,0.99990501073740423,-9.4993774361451348e-05,9.4993774361451348e-05,0.99994533631870386,-5.4665175409613598e-05,5.4665175409613598e-05,4.032859895183775e-05
877,25,0.62456886543607326,-0.47069368258006578,0.47069368258006578,0.76151166905442591,-0.27244978298963907,0.27244978298963907,0.19824389959042671
878,362,0.85378142653079636,-0.15808005878246034,0.15808005878246034,0.86274020164070508,-0.14764167419317056,0.14764167419317056,0.010438384589289779
879,37618,0.61813365998187186,-0.48105056662140494,0.48105056662140494,0.53325863137136409,-0.62874873541124976,0.62874873541124976,-0.14769816878984482
880,11346,0.99994581876789423,-5.4182699961730786e-05,5.4182699961730786e-05,0.99995664108306492,-4.33598569600972e-05,4.33598569600972e-05,1.0822843001633586e-05
881,3343,0.99905269072254255,-0.00094775825846270712,0.00094775825846270712,0.99972744197059538,-0.00027259518009492876,0.00027259518009492876,0.0006751630783677783
882,57281,0.61828988490855652,-0.48079786207180042,0.48079786207180042,0.69902300686186813,-0.35807162332450287,0.35807162332450287,0.12272623874729754
883,11346,0.31718401657795603,-1.1482731795895167,1.1482731795895167,0.24310503422370841,-1.4142616894264779,1.4142616894264779,-0.26598850983696121
884,13,0.98935464640344262,-0.010702420734397129,0.010702420734397129,0.99071562440590721,-0.0093277440505920607,0.0093277440505920607,0.0013746766838050681
885,58891,0.99925194911352089,-0.00074833081615334213,0.00074833081615334213,0.9994237747726562,-0.00057639130890342616,0.00057639130890342616,0.00017193950724991598
886,220,0.99998002826272292,-1.9971936714888184e-05,1.9971936714888184e-05,0.9999779612092714,-2.2039033586331426e-05,2.2039033586331426e-05,-2.0670968714432424e-06
887,2366,0.99999704305907133,-2.9569453004610845e-06,2.9569453004610845e-06,0.99999828980881666,-1.7101926457263012e-06,1.7101926457263012e-06,1.2467526547347834e-06
888,18,0.99999904802867101,-9.5197178213827323e-07,9.5197178213827323e-07,0.99999460603575641,-5.3939787911240016e-06,5.3939787911240016e-06,-4.4420070089857287e-06
889,12,0.99999347435554753,-6.5256657445372597e-06,6.5256657445372597e-06,0.99999436415271081,-5.6358631706060391e-06,5.6358631706060391e-06,8.8980257393122067e-07
890,2437,0.99998642296800266,-1.3577124166091006e-05,1.3577124166091006e-05,0.9999900679890813,-9.9320602414962997e-06,9.9320602414962997e-06,3.6450639245947061e-06
891,12,0.99999949585652048,-5.0414360656796732e-07,5.0414360656796732e-07,0.99999868894654731,-1.3110543121057647e-06,1.3110543121057647e-06,-8.0691070553779735e-07
892,508,0.99996093242849204,-3.9068334665355669e-05,3.9068334665355669e-05,0.99997810336547222,-2.1896874262611692e-05,2.1896874262611692e-05,1.7171460402743977e-05
893,627,0.49938954210838438,-0.69436884226805418,0.69436884226805418,0.51161278076898464,-0.67018722763291649,0.67018722763291649,0.024181614635137683
894,19,0.99915288291352078,-0.00084747609291965765,0.00084747609291965765,0.99947994785593131,-0.00052018741808665847,0.00052018741808665847,0.00032728867483299917
895,13,0.99996194900806801,-3.8051715889375556e-05,3.8051715889375556e-05,0.99996048609155641,-3.9514689138644507e-05,3.9514689138644507e-05,-1.4629732492689508e-06
896,330,0.99967783850118586,-0.00032221340397803452,0.00032221340397803452,0.99988710571855743,-0.00011290065448162815,0.00011290065448162815,0.00020931274949640636
897,791,0.71092975470230713,-0.34118165194677935,0.34118165194677935,0.73517519759829264,-0.30764644409419417,0.30764644409419417,0.03353520785258518
898,11346,0.1783105056227921,-1.7242288348011909,1.7242288348011909,0.30488365773661602,-1.1878250251891815,1.1878250251891815,0.5364038096120094
899,315,0.99998048293898312,-1.9517251477161814e-05,1.9517251477161814e-05,0.99999272909917547,-7.2709272576520309e-06,7.2709272576520309e-06,1.2246324219509783e-05
900,57664,0.94261380672712902,-0.059098617106538992,0.059098617106538992,0.98112334782267485,-0.019057090498687156,0.019057090498687156,0.040041526607851832
901,3343,0.94793436549947585,-0.053470013829142349,0.053470013829142349,0.973906627434177,-0.026439844992263414,0.026439844992263414,0.027030168836878934
902,57664,0.60124889337700949,-0.5087462981010582,0.5087462981010582,0.66922858364661841,-0.40162959762172934,0.40162959762172934,0.10711670047932886
903,41143,0.22888046965187836,-1.4745553782855614,1.4745553782855614,0.22380301072264505,-1.4969890304573328,1.4969890304573328,-0.022433652171771401
904,13581,0.83391161250305912,-0.18162786245184917,0.18162786245184917,0.88013019607754206,-0.12768543236530386,0.12768543236530386,0.053942430086545312
905,13,0.99995690350506317,-4.3097423617441314e-05,4.3097423617441314e-05,0.99996956881151089,-3.043165152713678e-05,3.043165152713678e-05,1.2665772090304534e-05
906,58891,0.99939727084203867,-0.00060291087220029247,0.00060291087220029247,0.99952867743202067,-0.00047143367537387358,0.00047143367537387358,0.00013147719682641889
907,220,0.99998000353189209,-1.9996668039904183e-05,1.9996668039904183e-05,0.99997747780573798,-2.2522447890464462e-05,2.2522447890464462e-05,-2.5257798505602784e-06
908,2366,0.99999891579343236,-1.0842071553877625e-06,1.0842071553877625e-06,0.99999803906788076,-1.9609340418632319e-06,1.9609340418632319e-06,-8.7672688647546937e-07
909,18,0.99999390259358367,-6.0974250055876276e-06,6.0974250055876276e-06,0.99999623626496059,-3.763742122301582e-06,3.763742122301582e-06,2.3336828832860456e-06
910,12,0.9999971828495624,-2.8171544057301873e-06,2.8171544057301873e-06,0.99999390391696785,-6.0961016133778087e-06,6.0961016133778087e-06,-3.2789472076476214e-06
911,2437,0.99999098457408919,-9.0154665500175195e-06,9.0154665500175195e-06,0.99998915590594051,-1.0844152857054064e-05,1.0844152857054064e-05,-1.8286863070365448e-06
912,12,0.99999619039945742,-3.8096077990738091e-06,3.8096077990738091e-06,0.99999539829984996,-4.6017107378827606e-06,4.6017107378827606e-06,-7.9210293880895148e-07
913,508,0.99998915095831808,-1.0849100533169611e-05,1.0849100533169611e-05,0.99998610944174815,-1.3890654726581355e-05,1.3890654726581355e-05,-3.0415541934117444e-06
914,13,0.50233427563283506,-0.68848949318045094,0.68848949318045094,0.54978416912706651,-0.59822949754137722,0.59822949754137722,0.09025999563907372
915,4815,0.056979927462559088,-2.8650562229465462,2.8650562229465462,0.050298280044320201,-2.9897843964109665,2.9897843964109665,-0.12472817346442033
916,9290,0.60137028634345979,-0.5085444171250858,0.5085444171250858,0.6374711798896,-0.45024621098778267,0.45024621098778267,0.058298206137303132
917,25,0.98467658433987859,-0.015442032497378319,0.015442032497378319,0.98965822123529379,-0.010395626534928978,0.010395626534928978,0.005046405962449341
918,578,0.87271497807643039,-0.13614626204456826,0.13614626204456826,0.91126240373791145,-0.092924383968192373,0.092924383968192373,0.043221878076375883
919,15407,0.67193740862196616,-0.39759008472856455,0.39759008472856455,0.68791919610219587,-0.37408389547217219,0.37408389547217219,0.023506189256392362
920,3984,0.94814137863683723,-0.053251654263260943,0.053251654263260943,0.96797814646865055,-0.032545767922538715,0.032545767922538715,0.020705886340722228
921,527,0.9948533941356722,-0.0051598952567421148,0.0051598952567421148,0.99742807220076157,-0.0025752408874423214,0.0025752408874423214,0.0025846543692997935
922,264,0.40655393051827221,-0.90003868839255752,0.90003868839255752,0.55249135461742915,-0.59331749346391605,0.59331749346391605,0.30672119492864147
923,6727,0.69275099566715193,-0.36708465797245038,0.36708465797245038,0.75141680444337444,-0.2857947819143094,0.2857947819143094,0.081289876058140975
924,315,0.99986420862377479,-0.00013580059670885059,0.00013580059670885059,0.99993979178766967,-6.0210024917498337e-05,6.0210024917498337e-05,7.5590571791352249e-05
925,8336,0.360552514073957,-1.0201176627579294,1.0201176627579294,0.43501174944826909,-0.83238223803231659,0.83238223803231659,0.18773542472561278
926,430,0.66624938883584173,-0.40609122082206556,0.40609122082206556,0.72838693072042837,-0.3169228737382675,0.3169228737382675,0.089168347083798061
927,649,0.57072009235285193,-0.56085639555342337,0.56085639555342337,0.51746583512012623,-0.65881177511351263,0.65881177511351263,-0.097955379560089262
928,387,0.99737513127859534,-0.0026283197295920565,0.0026283197295920565,0.99843825697425992,-0.0015629638175869761,0.0015629638175869761,0.0010653559120050804
929,1511,0.99698358418031874,-0.0030209743711791617,0.0030209743711791617,0.99833608572350818,-0.0016653001193474288,0.0016653001193474288,0.0013556742518317328
930,311,0.71576535362787186,-0.33440288412972735,0.33440288412972735,0.78150712297222091,-0.2465310146743358,0.2465310146743358,0.087871869455391549
931,4726,0.57812105712024486,-0.54797199085503778,0.54797199085503778,0.6214756679370711,-0.47565851934150488,0.47565851934150488,0.072313471513532901
932,3495,0.8630638198193572,-0.14726663950971733,0.14726663950971733,0.88503768071050914,-0.1221250578065638,0.1221250578065638,0.025141581703153532
933,279,0.84074625713487183,-0.17346538018865015,0.17346538018865015,0.86667006973503147,-0.14309691703103852,0.14309691703103852,0.03036846315761163
934,3925,0.98761918593677156,-0.012458094870354243,0.012458094870354243,0.99444392475140053,-0.0055715676459489917,0.0055715676459489917,0.0068865272244052513
935,315,0.99990087886423729,-9.9126048587100258e-05,9.9126048587100258e-05,0.99993349009282761,-6.6512119054297145e-05,6.6512119054297145e-05,3.2613929532803113e-05
936,57664,0.99999841041917581,-1.5895820875608897e-06,1.5895820875608897e-06,0.99999868511580459,-1.3148850599021674e-06,1.3148850599021674e-06,2.7469702765872228e-07
937,13,0.99916437671431069,-0.0008359726134449186,0.0008359726134449186,0.99944273453116783,-0.00055742079894296722,0.00055742079894296722,0.00027855181450195138
938,2435,0.85546526168871961,-0.15610979233205008,0.15610979233205008,0.80712784996121745,-0.21427319703821832,0.21427319703821832,-0.058163404706168237
939,527,0.85120351664707727,-0.16110402900399937,0.16110402900399937,0.83231524987669692,-0.18354400382591829,0.18354400382591829,-0.022439974821918923
940,539,0.86894973435546441,-0.14046999847894492,0.14046999847894492,0.87464453000758624,-0.13393772658688827,0.13393772658688827,0.0065322718920566569
941,459,0.65988084036294103,-0.41569600516649391,0.41569600516649391,0.69509644682910787,-0.36370467062936329,0.36370467062936329,0.051991334537130618
942,73603,0.99996983632635716,-3.0164128575555108e-05,3.0164128575555108e-05,0.99997796097149139,-2.2039271371544777e-05,2.2039271371544777e-05,8.1248572040103314e-06
943,1160,0.99999349696433248,-6.5030568123230212e-06,6.5030568123230212e-06,0.99999706080289896,-2.9392014204479663e-06,2.9392014204479663e-06,3.5638553918750549e-06
944,323,0.50674452999970387,-0.67974828798612774,0.67974828798612774,0.54645621974276026,-0.60430108483481615,0.60430108483481615,0.075447203151311593
945,527,0.88978923710751223,-0.11677065653914766,0.11677065653914766,0.88736861057129623,-0.11949481301893253,0.11949481301893253,-0.00272415647978487
946,10825,0.51639686330053014,-0.66087969419438297,0.66087969419438297,0.56427494031794545,-0.57221366343199687,0.57221366343199687,0.088666030762386105
947,311,0.99920049147306989,-0.00079982830432692731,0.00079982830432692731,0.99956702691195309,-0.00043306684795899487,0.00043306684795899487,0.00036676145636793244
948,3493,0.94950792433875819,-0.05181140296287616,0.05181140296287616,0.96918678122087065,-0.03129792898866722,0.03129792898866722,0.02051347397420894
949,264,0.99810550582897084,-0.0018962909948513473,0.0018962909948513473,0.99882433683769822,-0.0011763547963763138,0.0011763547963763138,0.00071993619847503351
950,6041,0.99922920954058347,-0.00077108767111782142,0.00077108767111782142,0.9993533098245817,-0.00064689936970395315,0.00064689936970395315,0.00012418830141386827
951,1486,0.99999801956176571,-1.9804401954176465e-06,1.9804401954176465e-06,0.99999770297604773,-2.2970265904363764e-06,2.2970265904363764e-06,-3.1658639501872997e-07
952,369,0.99999988253543615,-1.1746457072133354e-07,1.1746457072133354e-07,0.99999987678744928,-1.2321255833717623e-07,1.2321255833717623e-07,-5.7479876158426881e-09
953,4726,0.98469051749073389,-0.015427882620656452,0.015427882620656452,0.9889177081664392,-0.011144157933119157,0.011144157933119157,0.0042837246875372954
954,3495,0.43097370150741499,-0.84170820812421354,0.84170820812421354,0.44678570408885376,-0.80567620851909383,0.80567620851909383,0.036031999605119713
955,13,0.99754460622706442,-0.0024584131958197606,0.0024584131958197606,0.99803601856914492,-0.0019659125712823667,0.0019659125712823667,0.00049250062453739391
956,4815,0.15751607174834006,-1.8482277830758629,1.8482277830758629,0.11016713901186558,-2.2057566208167239,2.2057566208167239,-0.35752883774086097
957,2028,0.17589306038199948,-1.7378790800805533,1.7378790800805533,0.17623733732137536,-1.7359236848558379,1.7359236848558379,0.0019553952247153283
958,2077,0.41938364914691817,-0.86896914757158905,0.86896914757158905,0.38193316435986646,-0.96250964809199624,0.96250964809199624,-0.093540500520407188
959,374,0.44620859856447381,-0.80696872651838691,0.80696872651838691,0.48272133598596639,-0.72831573595430443,0.72831573595430443,0.078652990564082481
960,3196,0.75569252148298427,-0.28012070314974652,0.28012070314974652,0.79696906186831784,-0.22693941917834554,0.22693941917834554,0.053181283971400983
961,389,0.99824395629413698,-0.0017575873580232592,0.0017575873580232592,0.99866259906849997,-0.0013382960503033339,0.0013382960503033339,0.0004192913077199253
962,279,0.81910187340562668,-0.19954681531190005,0.19954681531190005,0.8240845360958059,-0.19348216198562151,0.19348216198562151,0.0060646533262785352
963,3984,0.45638281541711323,-0.78442331416340094,0.78442331416340094,0.45218209038737728,-0.79367032543479965,0.79367032543479965,-0.0092470112713987085
964,1495,0.96654112821825788,-0.034031427469600042,0.034031427469600042,0.9386769102522915,-0.06328393752103717,0.06328393752103717,-0.029252510051437128
965,323,0.90864983377787789,-0.095795480387940321,0.095795480387940321,0.93940448454615022,-0.062509131559727801,0.062509131559727801,0.03328634882821252
966,1587,0.50705020306085324,-0.67914526044920298,0.67914526044920298,0.48245031569521879,-0.72887733615754025,0.72887733615754025,-0.049732075708337264
967,539,0.9999808536083693,-1.9146574925175101e-05,1.9146574925175101e-05,0.9999747092043012,-2.529111551640026e-05,2.529111551640026e-05,-6.1445405912251597e-06
968,2997,0.78162764971378385,-0.24637680309398086,0.24637680309398086,0.81013248605218613,-0.21055748166323585,0.21055748166323585,0.03581932143074501
969,904,0.79069093840753824,-0.23484811018650781,0.23484811018650781,0.7976417449091483,-0.2260957235532137,0.2260957235532137,0.0087523866332941125
970,5217,0.48533024091625099,-0.72292571065240896,0.72292571065240896,0.47171003460389693,-0.75139081564302557,0.75139081564302557,-0.028465104990616608
971,2038,0.89184865680646885,-0.11445882805456696,0.11445882805456696,0.90076107532781746,-0.10451523375612297,0.10451523375612297,0.0099435942984439918
972,477,0.69781715194505289,-0.35979817050137686,0.35979817050137686,0.69352795169346759,-0.36596373478574723,0.36596373478574723,-0.0061655642843703728
973,8336,0.18858177274581112,-1.6682235584913296,1.6682235584913296,0.22116789350100813,-1.5088331667900925,1.5088331667900925,0.15939039170123714
974,430,0.39297700471190239,-0.9340041810082349,0.9340041810082349,0.41426351162801267,-0.88125300612105928,0.88125300612105928,0.052751174887175623
975,1253,0.91886409640103339,-0.084617049606655059,0.084617049606655059,0.91326801626022847,-0.090725885868998976,0.090725885868998976,-0.0061088362623439169
976,387,0.68907959262020646,-0.37239849559789956,0.37239849559789956,0.69058387026156975,-0.37021785042183919,0.37021785042183919,0.0021806451760603696
977,2561,0.7924528778932538,-0.23262223507012553,0.23262223507012553,0.82853069574852067,-0.18810139301485651,0.18810139301485651,0.044520842055269017
978,13,0.93580270210824124,-0.06635061306942687,0.06635061306942687,0.93502997639243113,-0.067176689894610356,0.067176689894610356,-0.00082607682518348602
979,1442,0.52827749326202766,-0.63813357791125014,0.63813357791125014,0.45769304079292567,-0.78155653617283849,0.78155653617283849,-0.14342295826158835
980,499,0.99812162454720166,-0.0018801418122398673,0.0018801418122398673,0.99858130246784904,-0.0014197048363142086,0.0014197048363142086,0.00046043697592565869
981,617,0.61452348587743477,-0.48690813121504328,0.48690813121504328,0.67208547399158813,-0.39736975310752387,0.39736975310752387,0.089538378107519412
982,904,0.99833607668642055,-0.0016653091714970223,0.0016653091714970223,0.99904084049823427,-0.00095961978959042808,0.00095961978959042808,0.00070568938190659425
983,3230,0.88395899568619163,-0.12334460239068103,0.12334460239068103,0.86658408321585223,-0.14319613677801374,0.14319613677801374,-0.019851534387332712
984,4860,0.99775717879773174,-0.0022453400927262856,0.0022453400927262856,0.99810676083592276,-0.0018950336065736567,0.0018950336065736567,0.00035030648615262889
985,477,0.99788993608513665,-0.0021122932362848791,0.0021122932362848791,0.99922411232374309,-0.00077618883288592226,0.00077618883288592226,0.0013361044033989569
986,1053,0.42216281559659774,-0.86236422040583405,0.86236422040583405,0.44941031091222106,-0.79981897576420269,0.79981897576420269,0.062545244641631359
987,1093,0.99999887695749923,-1.1230431313726246e-06,1.1230431313726246e-06,0.99999901874560526,-9.8125487620421227e-07,9.8125487620421227e-07,1.417882551684123e-07
988,4726,0.51583655696115593,-0.66196531375175438,0.66196531375175438,0.55582226881680152,-0.58730669623526743,0.58730669623526743,0.074658617516486947
989,64784,0.86976486708507406,-0.13953237158071502,0.13953237158071502,0.88292468500054666,-0.12451537646607248,0.12451537646607248,0.015016995114642537
990,389,0.92703810399878839,-0.075760609623742148,0.075760609623742148,0.92407087341731076,-0.078966507449377304,0.078966507449377304,-0.0032058978256351567
991,904,0.99762709944824757,-0.0023757203418709231,0.0023757203418709231,0.99829748108038796,-0.0017039698520082418,0.0017039698520082418,0.00067175048986268127
992,315,0.73593148857645208,-0.30661825075934629,0.30661825075934629,0.76729394002182238,-0.26488531762480189,0.26488531762480189,0.041732933134544403
993,279,0.99999651369669029,-3.4863093869126462e-06,3.4863093869126462e-06,0.9999978775953724,-2.1224068799143169e-06,2.1224068799143169e-06,1.3639025069983293e-06
994,3585,0.99011225796451907,-0.0099369503985225569,0.0099369503985225569,0.99146231025295251,-0.0085743446011195979,0.0085743446011195979,0.001362605797402959
995,9932,0.89902352258103402,-0.10644607957914634,0.10644607957914634,0.91170528208419999,-0.092438496743261142,0.092438496743261142,0.014007582835885199
996,11,0.97316916209927884,-0.027197355690231018,0.027197355690231018,0.97907995103910983,-0.021141973760466549,0.021141973760466549,0.0060553819297644688
997,4587,0.89403786470644553,-0.11200715044777013,0.11200715044777013,0.93642815788518396,-0.065682473457400178,0.065682473457400178,0.046324676990369948
998,1095,0.87052762204868961,-0.13865578903241391,0.13865578903241391,0.87730989471870746,-0.1308949913080649,0.1308949913080649,0.0077607977243490112
999,757,0.99999836050904245,-1.6394923015428429e-06,1.6394923015428429e-06,0.99999813702927376,-1.8629724615746769e-06,1.8629724615746769e-06,-2.2348016003183392e-07
1000,1440,0.99997804587588235,-2.1954365112925174e-05,2.1954365112925174e-05,0.99997766738963012,-2.233285974630245e-05,2.233285974630245e-05,-3.7849463337727543e-07
1001,13,0.68541075834638954,-0.37773697321545924,0.37773697321545924,0.75445929136587253,-0.28175395668195119,0.28175395668195119,0.095983016533508048
1002,4815,0.36690182219468215,-1.0026609811718485,1.0026609811718485,0.35075672655462803,-1.0476623825508735,1.0476623825508735,-0.045001401379024975
1003,13699,0.44664675794579944,-0.80598724746177586,0.80598724746177586,0.43408405575498915,-0.83451708677985925,0.83451708677985925,-0.028529839318083394
1004,11,0.98505843638019519,-0.015054313295472131,0.015054313295472131,0.98323418122099071,-0.016907956056954894,0.016907956056954894,-0.0018536427614827631
1005,4587,0.70114551555225635,-0.35503983067638828,0.35503983067638828,0.71393044647718218,-0.33696973528509849,0.33696973528509849,0.018070095391289787
1006,5296,0.99255782743284293,-0.007470003702134023,0.007470003702134023,0.99294299785902018,-0.0070820205533964299,0.0070820205533964299,0.00038798314873759315
1007,430,0.99998678700227084,-1.3213085021537596e-05,1.3213085021537596e-05,0.99997309289532721,-2.6907466675401991e-05,2.6907466675401991e-05,-1.3694381653864395e-05
1008,279,0.90796265332000903,-0.096552031931570317,0.096552031931570317,0.91031582237196773,-0.093963682130169937,0.093963682130169937,0.0025883498014003803
1009,1495,0.34412262927873999,-1.0667572046713487,1.0667572046713487,0.25146216638374697,-1.3804627326321219,1.3804627326321219,-0.31370552796077322
1010,3984,0.35415387091405076,-1.0380237966882062,1.0380237966882062,0.36515453062032144,-1.0074346434335735,1.0074346434335735,0.030589153254632739
1011,374,0.45678535579021706,-0.78354167940680297,0.78354167940680297,0.50370711849476479,-0.68576029392069593,0.68576029392069593,0.097781385486107042
1012,264,0.85343557005562765,-0.15848522869418416,0.15848522869418416,0.87893206369461307,-0.12904767245834653,0.12904767245834653,0.029437556235837631
1013,4689,0.36694014846813605,-1.0025565274201664,1.0025565274201664,0.37635241347877735,-0.97722930466503777,0.97722930466503777,0.025327222755128664
1014,24131,0.83298062994011501,-0.18274489045886949,0.18274489045886949,0.85597833409269652,-0.15551021380008778,0.15551021380008778,0.027234676658781709
1015,315,0.99877521994446417,-0.0012255307116164191,0.0012255307116164191,0.99931745547366946,-0.00068277756589175682,0.00068277756589175682,0.00054275314572466225
1016,279,0.94582922068244601,-0.055693254047191616,0.055693254047191616,0.95113489674644658,-0.050099379233819165,0.050099379233819165,0.0055938748133724514
1017,3925,0.99971097967750822,-0.00028906209691443701,0.00028906209691443701,0.99969553207773021,-0.00030451428203786613,0.00030451428203786613,-1.5452185123429119e-05
1018,315,0.99999747024841834,-2.5297547814853898e-06,2.5297547814853898e-06,0.99999691700720406,-3.0829975483436836e-06,3.0829975483436836e-06,-5.532427668582938e-07
1019,57664,0.99999325317513887,-6.7468476210193354e-06,6.7468476210193354e-06,0.99999332708174915,-6.6729405148914491e-06,6.6729405148914491e-06,7.3907106127886294e-08
1020,323,0.74773835710011038,-0.29070215217155665,0.29070215217155665,0.69198315453445214,-0.36819366681907312,0.36819366681907312,-0.077491514647516468
1021,1253,0.95314702841147669,-0.04798610767745809,0.04798610767745809,0.95202513397221478,-0.049163843307960066,0.049163843307960066,-0.0011777356305019762
1022,539,0.99303770019260051,-0.0069866497033726112,0.0069866497033726112,0.99205145754671709,-0.0079803005156646838,0.0079803005156646838,-0.00099365081229207258
1023,387,0.55258329017589503,-0.59315110550250327,0.59315110550250327,0.53995979967463903,-0.61626058724195176,0.61626058724195176,-0.02310948173944849
