token_index,token_id,probability,logprob,nll,reference_probability,reference_logprob,reference_nll,nll_drift
0,1692,0.68149109085317183,-0.38347210078034449,0.38347210078034449,0.68149109085317183,-0.38347210078034449,0.38347210078034449,0
1,10746,0.99985389912084421,-0.00014611155292883736,0.00014611155292883736,0.99985389912084421,-0.00014611155292883736,0.00014611155292883736,0
2,374,0.50814011649621138,-0.67699804956053178,0.67699804956053178,0.50814011649621138,-0.67699804956053178,0.67699804956053178,0
3,279,0.83926685128786027,-0.17522656433893147,0.17522656433893147,0.83926685128786027,-0.17522656433893147,0.17522656433893147,0
4,6864,0.99994012703615798,-5.9874756299444874e-05,5.9874756299444874e-05,0.99994012703615798,-5.9874756299444874e-05,5.9874756299444874e-05,0
5,3363,0.9987246464428241,-0.0012761675126514503,0.0012761675126514503,0.9987246464428241,-0.0012761675126514503,0.0012761675126514503,0
6,315,0.99998608375436393,-1.3916342467966598e-05,1.3916342467966598e-05,0.99998608375436393,-1.3916342467966598e-05,1.3916342467966598e-05,0
7,279,0.99999220844905534,-7.7915812989809359e-06,7.7915812989809359e-06,0.99999220844905534,-7.7915812989809359e-06,7.7915812989809359e-06,0
8,26363,0.99999554125235379,-4.4587575864749598e-06,4.4587575864749598e-06,0.99999554125235379,-4.4587575864749598e-06,4.4587575864749598e-06,0
9,11,0.96319633101754754,-0.037498013594358275,0.037498013594358275,0.96319633101754754,-0.037498013594358275,0.037498013594358275,0
10,18538,0.99551855869077777,-0.0044915130692582449,0.0044915130692582449,0.99551855869077777,-0.0044915130692582449,0.0044915130692582449,0
11,389,0.96700646786862032,-0.033550094959049585,0.033550094959049585,0.96700646786862032,-0.033550094959049585,0.033550094959049585,0
12,5651,0.99998789945358968,-1.2100619622511085e-05,1.2100619622511085e-05,0.99998789945358968,-1.2100619622511085e-05,1.2100619622511085e-05,0
13,220,0.99999814364137241,-1.8563603505776721e-06,1.8563603505776721e-06,0.99999814364137241,-1.8563603505776721e-06,1.8563603505776721e-06,0
14,1187,0.99999090167715687,-9.0983642331120143e-06,9.0983642331120143e-06,0.99999090167715687,-9.0983642331120143e-06,9.0983642331120143e-06,0
15,11,0.99999655320736125,-3.4467985789189908e-06,3.4467985789189908e-06,0.99999655320736125,-3.4467985789189908e-06,3.4467985789189908e-06,0
16,220,0.99999347698287766,-6.5230383973529513e-06,6.5230383973529513e-06,0.99999347698287766,-6.5230383973529513e-06,6.5230383973529513e-06,0
17,10895,0.9999998661034234,-1.338965855144515e-07,1.338965855144515e-07,0.9999998661034234,-1.338965855144515e-07,1.338965855144515e-07,0
18,16,0.99999975651087381,-2.4348915583729612e-07,2.4348915583729612e-07,0.99999975651087381,-2.4348915583729612e-07,2.4348915583729612e-07,0
19,11,0.96607675751152278,-0.0345119888046687,0.0345119888046687,0.96607675751152278,-0.0345119888046687,0.0345119888046687,0
20,555,0.99999201625182943,-7.9837800409039749e-06,7.9837800409039749e-06,0.99999201625182943,-7.9837800409039749e-06,7.9837800409039749e-06,0
21,15506,0.99976594028929278,-0.00023408710695630377,0.00023408710695630377,0.99976594028929278,-0.00023408710695630377,0.00023408710695630377,0
22,39879,0.99928380646989823,-0.00071645011920704906,0.00071645011920704906,0.99928380646989823,-0.00071645011920704906,0.00071645011920704906,0
23,380,0.99999879715361883,-1.2028471045870782e-06,1.2028471045870782e-06,0.99999879715361883,-1.2028471045870782e-06,1.2028471045870782e-06,0
24,5477,0.99998486614941184,-1.5133965106028905e-05,1.5133965106028905e-05,0.99998486614941184,-1.5133965106028905e-05,1.5133965106028905e-05,0
25,46991,0.99999485769317487,-5.1423200467870181e-06,5.1423200467870181e-06,0.99999485769317487,-5.1423200467870181e-06,5.1423200467870181e-06,0
26,92075,0.9998823555709393,-0.00011765134970935153,0.00011765134970935153,0.9998823555709393,-0.00011765134970935153,0.00011765134970935153,0
27,409,0.99999789048574306,-2.1095164820182148e-06,2.1095164820182148e-06,0.99999789048574306,-2.1095164820182148e-06,2.1095164820182148e-06,0
28,7765,0.99999384247121048,-6.1575477472313251e-06,6.1575477472313251e-06,0.99999384247121048,-6.1575477472313251e-06,6.1575477472313251e-06,0
29,1394,0.99995547767487414,-4.4523316274053822e-05,4.4523316274053822e-05,0.99995547767487414,-4.4523316274053822e-05,4.4523316274053822e-05,0
30,2554,0.99999874738452255,-1.2526162620080453e-06,1.2526162620080453e-06,0.99999874738452255,-1.2526162620080453e-06,1.2526162620080453e-06,0
31,13,0.99980762272795165,-0.0001923957789292828,0.0001923957789292828,0.99980762272795165,-0.0001923957789292828,0.0001923957789292828,0
32,1102,0.99505394308990203,-0.004958329132373227,0.004958329132373227,0.99505394308990203,-0.004958329132373227,0.004958329132373227,0
33,374,0.99646411101826515,-0.0035421550121996497,0.0035421550121996497,0.99646411101826515,-0.0035421550121996497,0.0035421550121996497,0
34,832,0.99967575220989358,-0.0003243003697873479,0.0003243003697873479,0.99967575220989358,-0.0003243003697873479,0.0003243003697873479,0
35,315,0.99999755513706401,-2.4448659246333889e-06,2.4448659246333889e-06,0.99999755513706401,-2.4448659246333889e-06,2.4448659246333889e-06,0
36,279,0.99999900993940416,-9.9006108594543957e-07,9.9006108594543957e-07,0.99999900993940416,-9.9006108594543957e-07,9.9006108594543957e-07,0
37,24417,0.99999200145571732,-7.9985762712549958e-06,7.9985762712549958e-06,0.99999200145571732,-7.9985762712549958e-06,7.9985762712549958e-06,0
38,9919,0.99999283106313963,-7.1689625572955873e-06,7.1689625572955873e-06,0.99999283106313963,-7.1689625572955873e-06,7.1689625572955873e-06,0
39,304,0.99999910299486305,-8.970055392151644e-07,8.970055392151644e-07,0.99999910299486305,-8.970055392151644e-07,8.970055392151644e-07,0
40,279,0.99999884163322839,-1.1583674425219058e-06,1.1583674425219058e-06,0.99999884163322839,-1.1583674425219058e-06,1.1583674425219058e-06,0
41,3224,0.99951496816769669,-0.00048514949829188918,0.00048514949829188918,0.99951496816769669,-0.00048514949829188918,0.00048514949829188918,0
42,323,0.99856947402100549,-0.001431550158142611,0.001431550158142611,0.99856947402100549,-0.001431550158142611,0.001431550158142611,0
43,574,0.999056279248551,-0.00094416633623781903,0.00094416633623781903,0.999056279248551,-0.00094416633623781903,0.00094416633623781903,0
44,279,0.99992843888490712,-7.1563675711621455e-05,7.1563675711621455e-05,0.99992843888490712,-7.1563675711621455e-05,7.1563675711621455e-05,0
45,10954,0.9999937306625849,-6.2693570675316367e-06,6.2693570675316367e-06,0.9999937306625849,-6.2693570675316367e-06,6.2693570675316367e-06,0
46,315,0.99999913041087185,-8.6958950622944381e-07,8.6958950622944381e-07,0.99999913041087185,-8.6958950622944381e-07,8.6958950622944381e-07,0
47,2410,0.99999600042015102,-3.9995878472652309e-06,3.9995878472652309e-06,0.99999600042015102,-3.9995878472652309e-06,3.9995878472652309e-06,0
48,369,0.99999259392467632,-7.4061027487791368e-06,7.4061027487791368e-06,0.99999259392467632,-7.4061027487791368e-06,7.4061027487791368e-06,0
49,1455,0.99999161138596415,-8.3886492205197647e-06,8.3886492205197647e-06,0.99999161138596415,-8.3886492205197647e-06,8.3886492205197647e-06,0
50,315,0.9999961122690556,-3.8877385015964296e-06,3.8877385015964296e-06,0.9999961122690556,-3.8877385015964296e-06,3.8877385015964296e-06,0
51,279,0.99999312430198972,-6.8757216479665547e-06,6.8757216479665547e-06,0.99999312430198972,-6.8757216479665547e-06,6.8757216479665547e-06,0
52,37683,0.99993138308055241,-6.8619273696110915e-05,6.8619273696110915e-05,0.99993138308055241,-6.8619273696110915e-05,6.8619273696110915e-05,0
53,5718,0.99335221470551827,-0.0066699802386444617,0.0066699802386444617,0.99335221470551827,-0.0066699802386444617,0.0066699802386444617,0
54,315,0.99995432865764533,-4.5672385322132998e-05,4.5672385322132998e-05,0.99995432865764533,-4.5672385322132998e-05,4.5672385322132998e-05,0
55,279,0.99999796000826557,-2.0399938151972262e-06,2.0399938151972262e-06,0.99999796000826557,-2.0399938151972262e-06,2.0399938151972262e-06,0
56,26363,0.9999890332526733,-1.0966807461953225e-05,1.0966807461953225e-05,0.9999890332526733,-1.0966807461953225e-05,1.0966807461953225e-05,0
57,13,0.97493779411252801,-0.02538161092988225,0.02538161092988225,0.97493779411252801,-0.02538161092988225,0.02538161092988225,0
58,57664,0.83436845869737919,-0.18108017718769442,0.18108017718769442,0.83436845869737919,-0.18108017718769442,0.18108017718769442,0
59,374,0.99643698144057335,-0.0035693812280877544,0.0035693812280877544,0.99643698144057335,-0.0035693812280877544,0.0035693812280877544,0
60,31183,0.92415651400037835,-0.07887383423858961,0.07887383423858961,0.92415651400037835,-0.07887383423858961,0.07887383423858961,0
61,389,0.99999514120519928,-4.858806604706222e-06,4.858806604706222e-06,0.99999514120519928,-4.858806604706222e-06,4.858806604706222e-06,0
62,279,0.9999989331949023,-1.066805666756992e-06,1.066805666756992e-06,0.9999989331949023,-1.066805666756992e-06,1.066805666756992e-06,0
63,24024,0.99997427630223246,-2.5724028627556244e-05,2.5724028627556244e-05,0.99997427630223246,-2.5724028627556244e-05,2.5724028627556244e-05,0
64,31284,0.99999430806484124,-5.6919513578784938e-06,5.6919513578784938e-06,0.99999430806484124,-5.6919513578784938e-06,5.6919513578784938e-06,0
65,315,0.99999935403646911,-6.459637394747192e-07,6.459637394747192e-07,0.99999935403646911,-6.459637394747192e-07,6.459637394747192e-07,0
66,57664,0.99999626617180115,-3.7338351695919957e-06,3.7338351695919957e-06,0.99999626617180115,-3.7338351695919957e-06,3.7338351695919957e-06,0
67,9332,0.99999745741509438,-2.5425881379558967e-06,2.5425881379558967e-06,0.99999745741509438,-2.5425881379558967e-06,2.5425881379558967e-06,0
68,323,0.99993006497681269,-6.9937468755040377e-05,6.9937468755040377e-05,0.99993006497681269,-6.9937468755040377e-05,6.9937468755040377e-05,0
69,5727,0.99990166250830426,-9.8342327143845367e-05,9.8342327143845367e-05,0.99990166250830426,-9.8342327143845367e-05,9.8342327143845367e-05,0
70,264,0.99994760669459115,-5.2394677986023226e-05,5.2394677986023226e-05,0.99994760669459115,-5.2394677986023226e-05,5.2394677986023226e-05,0
71,49068,0.99993169701748985,-6.8305315265102521e-05,6.8305315265102521e-05,0.99993169701748985,-6.8305315265102521e-05,6.8305315265102521e-05,0
72,315,0.99999660900313925,-3.3910026102096984e-06,3.3910026102096984e-06,0.99999660900313925,-3.3910026102096984e-06,3.3910026102096984e-06,0
73,61024,0.99991689118314064,-8.3112270588471551e-05,8.3112270588471551e-05,0.99991689118314064,-8.3112270588471551e-05,8.3112270588471551e-05,0
74,11,0.99993598225131797,-6.4019797905550495e-05,6.4019797905550495e-05,0.99993598225131797,-6.4019797905550495e-05,6.4019797905550495e-05,0
75,1063,0.99987818704508968,-0.00012182037471088589,0.00012182037471088589,0.99987818704508968,-0.00012182037471088589,0.00012182037471088589,0
76,315,0.99997988213523137,-2.0118067135539613e-05,2.0118067135539613e-05,0.99997988213523137,-2.0118067135539613e-05,2.0118067135539613e-05,0
77,902,0.99999773597905584,-2.2640235070504185e-06,2.2640235070504185e-06,0.99999773597905584,-2.2640235070504185e-06,2.2640235070504185e-06,0
78,2457,0.99999712631558979,-2.8736885392235567e-06,2.8736885392235567e-06,0.99999712631558979,-2.8736885392235567e-06,2.8736885392235567e-06,0
79,1203,0.99999933039187783,-6.6960834640378781e-07,6.6960834640378781e-07,0.99999933039187783,-6.6960834640378781e-07,6.6960834640378781e-07,0
80,311,0.99999938345851325,-6.1654167683166875e-07,6.1654167683166875e-07,0.99999938345851325,-6.1654167683166875e-07,6.1654167683166875e-07,0
81,279,0.99999837506555822,-1.6249357620141688e-06,1.6249357620141688e-06,0.99999837506555822,-1.6249357620141688e-06,1.6249357620141688e-06,0
82,220,0.99999767832620523,-2.3216764898093894e-06,2.3216764898093894e-06,0.99999767832620523,-2.3216764898093894e-06,2.3216764898093894e-06,0
83,845,0.99999673422889934,-3.2657764332506465e-06,3.2657764332506465e-06,0.99999673422889934,-3.2657764332506465e-06,3.2657764332506465e-06,0
84,339,0.99999777640470755,-2.223597764632763e-06,2.223597764632763e-06,0.99999777640470755,-2.223597764632763e-06,2.223597764632763e-06,0
85,9478,0.99998456997545859,-1.5430143585455608e-05,1.5430143585455608e-05,0.99998456997545859,-1.5430143585455608e-05,1.5430143585455608e-05,0
86,11,0.99725328471624231,-0.002750494427924347,0.002750494427924347,0.99725328471624231,-0.002750494427924347,0.002750494427924347,0
87,1778,0.99999116939484733,-8.8306441427015635e-06,8.8306441427015635e-06,0.99999116939484733,-8.8306441427015635e-06,8.8306441427015635e-06,0
88,439,0.99999971888100814,-2.8111903139670396e-07,2.8111903139670396e-07,0.99999971888100814,-2.8111903139670396e-07,2.8111903139670396e-07,0
89,279,0.99999795679145453,-2.0432106327701526e-06,2.0432106327701526e-06,0.99999795679145453,-2.0432106327701526e-06,2.0432106327701526e-06,0
90,15506,0.99988904970266468,-0.00011095645277483513,0.00011095645277483513,0.99988904970266468,-0.00011095645277483513,0.00011095645277483513,0
91,37683,0.999933039008989,-6.6963232998224083e-05,6.6963232998224083e-05,0.999933039008989,-6.6963232998224083e-05,6.6963232998224083e-05,0
92,11639,0.99441824388626687,-0.0055973923265528278,0.0055973923265528278,0.99441824388626687,-0.0055973923265528278,0.0055973923265528278,0
93,468,0.9999924653298895,-7.5346984962847993e-06,7.5346984962847993e-06,0.9999924653298895,-7.5346984962847993e-06,7.5346984962847993e-06,0
94,4841,0.99999783867997738,-2.1613223582245645e-06,2.1613223582245645e-06,0.99999783867997738,-2.1613223582245645e-06,2.1613223582245645e-06,0
95,4409,0.99999806626629961,-1.9337355700620776e-06,1.9337355700620776e-06,0.99999806626629961,-1.9337355700620776e-06,1.9337355700620776e-06,0
96,315,0.99999957750817314,-4.224919161310813e-07,4.224919161310813e-07,0.99999957750817314,-4.224919161310813e-07,4.224919161310813e-07,0
97,61894,0.99999719149940103,-2.8085045428098999e-06,2.8085045428098999e-06,0.99999719149940103,-2.8085045428098999e-06,2.8085045428098999e-06,0
98,309,0.99999996965314253,-3.0346857899098624e-08,3.0346857899098624e-08,0.99999996965314253,-3.0346857899098624e-08,3.0346857899098624e-08,0
99,44486,0.99973431757124176,-0.00026571772858718907,0.00026571772858718907,0.99973431757124176,-0.00026571772858718907,0.00026571772858718907,0
100,382,0.98371199741624626,-0.016422110323254639,0.016422110323254639,0.98371199741624626,-0.016422110323254639,0.016422110323254639,0
101,1692,0.99490833324573791,-0.0051046734587512424,0.0051046734587512424,0.99490833324573791,-0.0051046734587512424,0.0051046734587512424,0
102,10746,0.99994424012517991,-5.576142945969896e-05,5.576142945969896e-05,0.99994424012517991,-5.576142945969896e-05,5.576142945969896e-05,0
103,374,0.87030507979452654,-0.13891146237212049,0.13891146237212049,0.87030507979452654,-0.13891146237212049,0.13891146237212049,0
104,279,0.99981811933662235,-0.00018189720567140882,0.00018189720567140882,0.99981811933662235,-0.00018189720567140882,0.00018189720567140882,0
105,2132,0.9999939729875239,-6.0270306385637009e-06,6.0270306385637009e-06,0.9999939729875239,-6.0270306385637009e-06,6.0270306385637009e-06,0
106,1455,0.9972823432617175,-0.0027213562715840299,0.0027213562715840299,0.9972823432617175,-0.0027213562715840299,0.0027213562715840299,0
107,95551,0.99997736532828374,-2.2634927884294821e-05,2.2634927884294821e-05,0.99997736532828374,-2.2634927884294821e-05,2.2634927884294821e-05,0
108,3363,0.99999759177312342,-2.408229776377756e-06,2.408229776377756e-06,0.99999759177312342,-2.408229776377756e-06,2.408229776377756e-06,0
109,304,0.99999941581256757,-5.8418760307355346e-07,5.8418760307355346e-07,0.99999941581256757,-5.8418760307355346e-07,5.8418760307355346e-07,0
110,279,0.9999997995501666,-2.0044985349850856e-07,2.0044985349850856e-07,0.9999997995501666,-2.0044985349850856e-07,2.0044985349850856e-07,0
111,26363,0.99998505958716599,-1.4940524443037774e-05,1.4940524443037774e-05,0.99998505958716599,-1.4940524443037774e-05,1.4940524443037774e-05,0
112,1306,0.93672842075389939,-0.065361877865220325,0.065361877865220325,0.93672842075389939,-0.065361877865220325,0.065361877865220325,0
113,279,0.93284567057928514,-0.069515503843360985,0.069515503843360985,0.93284567057928514,-0.069515503843360985,0.069515503843360985,0
114,4846,0.99999939631273949,-6.036874427811032e-07,6.036874427811032e-07,0.99999939631273949,-6.036874427811032e-07,6.036874427811032e-07,0
115,6864,0.99999761444970592,-2.3855531395397658e-06,2.3855531395397658e-06,0.99999761444970592,-2.3855531395397658e-06,2.3855531395397658e-06,0
116,9605,0.99993112317875499,-6.887919336215905e-05,6.887919336215905e-05,0.99993112317875499,-6.887919336215905e-05,6.887919336215905e-05,0
117,52719,0.99999935863133438,-6.4136887128204997e-07,6.4136887128204997e-07,0.99999935863133438,-6.4136887128204997e-07,6.4136887128204997e-07,0
118,4409,0.99999596547345226,-4.0345346864137908e-06,4.0345346864137908e-06,0.99999596547345226,-4.0345346864137908e-06,4.0345346864137908e-06,0
119,11,0.7035581041962049,-0.35160481280887856,0.35160481280887856,0.7035581041962049,-0.35160481280887856,0.35160481280887856,0
120,449,0.99993142270458846,-6.8579646941763678e-05,6.8579646941763678e-05,0.99993142270458846,-6.8579646941763678e-05,6.8579646941763678e-05,0
121,264,0.99996596758192158,-3.4032997194347958e-05,3.4032997194347958e-05,0.99996596758192158,-3.4032997194347958e-05,3.4032997194347958e-05,0
122,7187,0.99999116395671306,-8.8360823249744282e-06,8.8360823249744282e-06,0.99999116395671306,-8.8360823249744282e-06,8.8360823249744282e-06,0
123,315,0.99998796763006037,-1.2032442329137821e-05,1.2032442329137821e-05,0.99998796763006037,-1.2032442329137821e-05,1.2032442329137821e-05,0
124,220,0.99701346839472893,-0.0029910001900499178,0.0029910001900499178,0.99701346839472893,-0.0029910001900499178,0.0029910001900499178,0
125,16,0.99936204098242865,-0.00063816260001480992,0.00063816260001480992,0.99936204098242865,-0.00063816260001480992,0.00063816260001480992,0
126,11,0.98510796972069503,-0.015004029887576372,0.015004029887576372,0.98510796972069503,-0.015004029887576372,0.015004029887576372,0
127,19423,0.99922954926152463,-0.00077074768817878188,0.00077074768817878188,0.99922954926152463,-0.00077074768817878188,0.00077074768817878188,0
128,11,0.99999017681234093,-9.8232359068574005e-06,9.8232359068574005e-06,0.99999017681234093,-9.8232359068574005e-06,9.8232359068574005e-06,0
129,10410,0.99744133478171459,-0.0025619441965343266,0.0025619441965343266,0.99744133478171459,-0.0025619441965343266,0.0025619441965343266,0
130,304,0.9995941166955109,-0.00040596569741294482,0.00040596569741294482,0.9995941166955109,-0.00040596569741294482,0.00040596569741294482,0
131,220,0.99999256744994602,-7.4325776755567804e-06,7.4325776755567804e-06,0.99999256744994602,-7.4325776755567804e-06,7.4325776755567804e-06,0
132,679,0.99999488561271921,-5.1144003592999681e-06,5.1144003592999681e-06,0.99999488561271921,-5.1144003592999681e-06,5.1144003592999681e-06,0
133,20,0.99999495090092638,-5.0491118203270536e-06,5.0491118203270536e-06,0.99999495090092638,-5.0491118203270536e-06,5.0491118203270536e-06,0
134,13,0.99915588811553346,-0.00084446834751389648,0.00084446834751389648,0.99915588811553346,-0.00084446834751389648,0.00084446834751389648,0
135,24586,0.87569518282890368,-0.13273721340673417,0.13273721340673417,0.87569518282890368,-0.13273721340673417,0.13273721340673417,0
136,311,0.99999895470309097,-1.0452974553881386e-06,1.0452974553881386e-06,0.99999895470309097,-1.0452974553881386e-06,1.0452974553881386e-06,0
137,1202,0.99998952068753522,-1.0479367373177248e-05,1.0479367373177248e-05,0.99998952068753522,-1.0479367373177248e-05,1.0479367373177248e-05,0
138,2678,0.99998391746685722,-1.60826624680599e-05,1.60826624680599e-05,0.99998391746685722,-1.60826624680599e-05,1.60826624680599e-05,0
139,4363,0.99999711649051015,-2.8835136472010827e-06,2.8835136472010827e-06,0.99999711649051015,-2.8835136472010827e-06,2.8835136472010827e-06,0
140,3158,0.99999889885638538,-1.1011442208385906e-06,1.1011442208385906e-06,0.99999889885638538,-1.1011442208385906e-06,1.1011442208385906e-06,0
141,323,0.99976991155593276,-0.00023011491847437404,0.00023011491847437404,0.99976991155593276,-0.00023011491847437404,0.00023011491847437404,0
142,6908,0.99935284821792292,-0.00064736127517908324,0.00064736127517908324,0.99935284821792292,-0.00064736127517908324,0.00064736127517908324,0
143,7187,0.99999674975331032,-3.2502519717093655e-06,3.2502519717093655e-06,0.99999670829798193,-3.2917074357289288e-06,3.2917074357289288e-06,-4.1455464019563244e-08
144,11,0.99997361382947503,-2.638651864611958e-05,2.638651864611958e-05,0.99997373246708987,-2.6267877907792813e-05,2.6267877907792813e-05,1.1864073832676687e-07
145,57664,0.99992068949055835,-7.9313654686361375e-05,7.9313654686361375e-05,0.99992931831093212,-7.068418713615842e-05,7.068418713615842e-05,8.6294675502029554e-06
146,374,0.99999047593458579,-9.5241107683884316e-06,9.5241107683884316e-06,0.99999069462546697,-9.3054178283415395e-06,9.3054178283415395e-06,2.1869294004689209e-07
147,27458,0.99867282595877915,-0.0013280555166892884,0.0013280555166892884,0.99868101300693657,-0.0013198576220571307,0.0013198576220571307,8.1978946321577869e-06
148,439,0.99999734558097275,-2.654422550184916e-06,2.654422550184916e-06,0.99999744792986689,-2.5520733896918506e-06,2.5520733896918506e-06,1.0234916049306538e-07
149,832,0.99999947042777171,-5.2957236851050603e-07,5.2957236851050603e-07,0.99999950576764784,-4.9423247427124221e-07,4.9423247427124221e-07,3.5339894239263815e-08
150,315,0.99999769080665368,-2.309196012523096e-06,2.309196012523096e-06,0.99999793050259655,-2.0694995448258769e-06,2.0694995448258769e-06,2.3969646769721908e-07
151,279,0.99999898972569057,-1.0102748197322622e-06,1.0102748197322622e-06,0.99999909223965355,-9.0776075843951329e-07,9.0776075843951329e-07,1.0251406129274893e-07
152,1455,0.99999822555450091,-1.7744470734633841e-06,1.7744470734633841e-06,0.99999840592920397,-1.5940720665742636e-06,1.5940720665742636e-06,1.803750068891205e-07
153,97617,0.99999545306437143,-4.5469459658784928e-06,4.5469459658784928e-06,0.99999557643802339,-4.4235717606134258e-06,4.4235717606134258e-06,1.2337420526506698e-07
154,35459,0.99999835346367549,-1.646537680016314e-06,1.646537680016314e-06,0.99999833863412324,-1.6613672568135848e-06,1.6613672568135848e-06,-1.4829576797270799e-08
155,9919,0.9999959719315753,-4.0280765373428098e-06,4.0280765373428098e-06,0.99999600857282356,-3.9914351422433884e-06,3.9914351422433884e-06,3.6641395099421465e-08
156,304,0.99999932721021711,-6.7279000919977517e-07,6.7279000919977517e-07,0.99999934434629889,-6.556539160465949e-07,6.556539160465949e-07,1.7136093153180266e-08
157,279,0.99999946392040728,-5.3607973635168291e-07,5.3607973635168291e-07,0.99999952526535441,-4.7473475828337632e-07,4.7473475828337632e-07,6.1344978068306587e-08
158,1917,0.99999668512388273,-3.3148816114725962e-06,3.3148816114725962e-06,0.99999718405126592,-2.8159526988280284e-06,2.8159526988280284e-06,4.9892891264456778e-07
159,11,0.96847829418989828,-0.032029208167444055,0.032029208167444055,0.96777493666313696,-0.032755722185849358,0.032755722185849358,-0.00072651401840530261
160,449,0.99998817982132304,-1.1820248535781841e-05,1.1820248535781841e-05,0.99998896630646006,-1.1033754411575447e-05,1.1033754411575447e-05,7.8649412420639427e-07
161,220,0.99977484267379912,-0.00022518267791711628,0.00022518267791711628,0.99978127190047128,-0.0002187520240082102,0.0002187520240082102,6.4306539089060857e-06
162,2983,0.99948919305321282,-0.00051093745309982355,0.00051093745309982355,0.99950708776100017,-0.0004930337601720331,0.0004930337601720331,1.7903692927790445e-05
163,11,0.99998458646401611,-1.5413654773633851e-05,1.5413654773633851e-05,0.99999102684767716,-8.9731925817789679e-06,8.9731925817789679e-06,6.4404621918548834e-06
164,20907,0.99997776270053884,-2.2237546713518096e-05,2.2237546713518096e-05,0.99998548771880102,-1.4512386503092429e-05,1.4512386503092429e-05,7.7251602104256667e-06
165,1274,0.99999104073232237,-8.9593078121504939e-06,8.9593078121504939e-06,0.99999311099374344,-6.8890299858428175e-06,6.8890299858428175e-06,2.0702778263076764e-06
166,824,0.99999923322280537,-7.6677748862754626e-07,7.6677748862754626e-07,0.99999944734320023,-5.5265695247570877e-07,5.5265695247570877e-07,2.1412053615183748e-07
167,9518,0.99999783301571865,-2.1669866292308439e-06,2.1669866292308439e-06,0.99999832564401092,-1.6743573907656543e-06,1.6743573907656543e-06,4.9262923846518957e-07
168,15395,0.99997472278909294,-2.527753038115358e-05,2.527753038115358e-05,0.99998023085064258,-1.9769344769671488e-05,1.9769344769671488e-05,5.5081856114820918e-06
169,21037,0.99999919010292904,-8.0989739891634825e-07,8.0989739891634825e-07,0.9999992961061982,-7.0389404956019769e-07,7.0389404956019769e-07,1.0600334935615056e-07
170,382,0.94083932816587845,-0.060982899814086493,0.060982899814086493,0.94742438723645916,-0.054008147598897056,0.054008147598897056,0.0069747522151894364
171,1692,0.96197304441504894,-0.038768849067585098,0.038768849067585098,0.97716205250562682,-0.023102773236699022,0.023102773236699022,0.015666075830886077
172,10746,0.99994003340568194,-5.9968392386184328e-05,5.9968392386184328e-05,0.99995620110151029,-4.3799857689467366e-05,4.3799857689467366e-05,1.6168534696716962e-05
173,706,0.92896128691322177,-0.073688212819991022,0.073688212819991022,0.95107191972272032,-0.050165593930564002,0.050165593930564002,0.02352261888942702
174,4848,0.67554449508680781,-0.39223625389656941,0.39223625389656941,0.76119866911787437,-0.27286089196173097,0.27286089196173097,0.11937536193483844
175,18740,0.99998767303403646,-1.2327041941247957e-05,1.2327041941247957e-05,0.99999348391770471,-6.5161035250363692e-06,6.5161035250363692e-06,5.8109384162115881e-06
176,27536,0.99999844565167006,-1.5543495378896284e-06,1.5543495378896284e-06,0.999998716121968,-1.2838788561743438e-06,1.2838788561743438e-06,2.7047068171528464e-07
177,369,0.99994456183626224,-5.5439700489575398e-05,5.5439700489575398e-05,0.99998252334196092,-1.7476810757633518e-05,1.7476810757633518e-05,3.7962889731941877e-05
178,279,0.99999960024674983,-3.9975333002844191e-07,3.9975333002844191e-07,0.99999964799284391,-3.5200721803663635e-07,3.5200721803663635e-07,4.7746111991805557e-08
179,4827,0.99997043777910144,-2.9562657869573554e-05,2.9562657869573554e-05,0.99997958146044008,-2.0418748021136643e-05,2.0418748021136643e-05,9.1439098484369114e-06
180,3838,0.99999383630162608,-6.1637173695606051e-06,6.1637173695606051e-06,0.99999398778134185,-6.012236731589652e-06,6.012236731589652e-06,1.5148063797095314e-07
181,315,0.9999996464778278,-3.5352223472497805e-07,3.5352223472497805e-07,0.99999923171737504,-7.6828292013949627e-07,7.6828292013949627e-07,-4.1476068541451822e-07
182,279,0.99999724646522425,-2.753538566689973e-06,2.753538566689973e-06,0.99999791520676673,-2.0847954064948201e-06,2.0847954064948201e-06,6.6874316019515292e-07
183,57281,0.99995038615042819,-4.9615080379561241e-05,4.9615080379561241e-05,0.99994010443887393,-5.9897354936828795e-05,5.9897354936828795e-05,-1.0282274557267554e-05
184,8151,0.99999512597550988,-4.8740363682048558e-06,4.8740363682048558e-06,0.99999229436884507,-7.705660843419688e-06,7.705660843419688e-06,-2.8316244752148322e-06
185,13,0.56658587073736766,-0.5681266288232879,0.5681266288232879,0.55455845286102579,-0.58958306230835134,0.58958306230835134,-0.021456433485063431
186,578,0.76641273187678638,-0.26603443988937853,0.26603443988937853,0.78555783487642561,-0.2413611958919431,0.2413611958919431,0.024673243997435423
187,3363,0.99999743716017442,-2.5628431096869258e-06,2.5628431096869258e-06,0.99999678576298623,-3.2142421794915754e-06,3.2142421794915754e-06,-6.5139906980464968e-07
188,374,0.99995473866144646,-4.5262362878782356e-05,4.5262362878782356e-05,0.99997443434437894,-2.5565982428040632e-05,2.5565982428040632e-05,1.9696380450741724e-05
189,24306,0.99113190938144757,-0.0089076461625702489,0.0089076461625702489,0.99566371722752423,-0.0043457117141948018,0.0043457117141948018,0.0045619344483754471
190,315,0.99999945757027309,-5.4242987400697599e-07,5.4242987400697599e-07,0.99999902881202662,-9.7118844501719585e-07,9.7118844501719585e-07,-4.2875857101021986e-07
191,220,0.99996391871981405,-3.6081931131050169e-05,3.6081931131050169e-05,0.99997674478800402,-2.3255482402650961e-05,2.3255482402650961e-05,1.2826448728399208e-05
192,845,0.99999874264116184,-1.2573596286387781e-06,1.2573596286387781e-06,0.99999954631076982,-4.5368933310262312e-07,4.5368933310262312e-07,8.0367029553615508e-07
193,27536,0.9999063056091978,-9.3698780395861387e-05,9.3698780395861387e-05,0.99994694135556539,-5.3060052094309799e-05,5.3060052094309799e-05,4.0638728301551587e-05
194,11,0.98782285426135519,-0.012251894616273538,0.012251894616273538,0.99178019718306265,-0.0082537716690242197,0.0082537716690242197,0.0039981229472493187
195,32125,0.99559367938890098,-0.0044160570535479197,0.0044160570535479197,0.99833506608498102,-0.0016663214578148777,0.0016663214578148777,0.002749735595733042
196,25,0.82566008987658013,-0.19157210362267177,0.19157210362267177,0.83694968388627777,-0.17799132513083998,0.17799132513083998,0.013580778491831785
197,30444,0.99973539004805012,-0.00026464496734027171,0.00026464496734027171,0.99905871128260304,-0.00094173200781967311,0.00094173200781967311,-0.00067708704047940134
198,36071,0.99999888642025991,-1.1135803600635581e-06,1.1135803600635581e-06,0.99999893130897199,-1.0686915990409078e-06,1.0686915990409078e-06,4.4888761022650275e-08
199,11,0.99999790711253456,-2.0928896555113764e-06,2.0928896555113764e-06,0.99999650749157454,-3.4925145243135794e-06,3.4925145243135794e-06,-1.399624868802203e-06
200,9939,0.99998158078398913,-1.841938564666249e-05,1.841938564666249e-05,0.99997251882884786,-2.7481548766464151e-05,2.7481548766464151e-05,-9.0621631198016616e-06
201,1800,0.99999944109434491,-5.5890581131919078e-07,5.5890581131919078e-07,0.99999949310037328,-5.0689975514958817e-07,5.0689975514958817e-07,5.2006056169602612e-08
202,64,0.99999991339205185,-8.660795194556985e-08,8.660795194556985e-08,0.99999990940821792,-9.0591786188147166e-08,9.0591786188147166e-08,-3.9838342425773167e-09
203,11,0.99999953799627395,-4.620038328259727e-07,4.620038328259727e-07,0.99999901788589529,-9.8211458699546198e-07,9.8211458699546198e-07,-5.2011075416948933e-07
204,61894,0.99999314379844095,-6.8562250629240504e-06,6.8562250629240504e-06,0.99999623248518366,-3.767521913425848e-06,3.767521913425848e-06,3.0887031494982024e-06
205,309,0.9999999691017819,-3.0898218617060742e-08,3.0898218617060742e-08,0.99999997629880821,-2.3701192061200542e-08,2.3701192061200542e-08,7.1970265558602e-09
206,44486,0.99997484726581853,-2.5153050516750337e-05,2.5153050516750337e-05,0.99998690590260753,-1.3094183120910136e-05,1.3094183120910136e-05,1.2058867395840201e-05
207,11,0.99999827869673841,-1.721304742998915e-06,1.721304742998915e-06,0.99999619901810388,-3.8009891199041828e-06,3.8009891199041828e-06,-2.079684376905268e-06
208,8560,0.9999993234744402,-6.7652578858544594e-07,6.7652578858544594e-07,0.99999916212513529,-8.3787521568846683e-07,8.3787521568846683e-07,-1.613494271030209e-07
209,349,0.99999963943097925,-3.6056908575406406e-07,3.6056908575406406e-07,0.9999997003156883,-2.9968435661148078e-07,2.9968435661148078e-07,6.0884729142583281e-08
210,11,0.99999830998758155,-1.690013846539338e-06,1.690013846539338e-06,0.99999594221418353,-4.0577940493294749e-06,4.0577940493294749e-06,-2.3677802027901369e-06
211,12925,0.99999682229155196,-3.1777134969179198e-06,3.1777134969179198e-06,0.99999668282681786,-3.3171786839371255e-06,3.3171786839371255e-06,-1.3946518701920576e-07
212,78,0.9999998515287386,-1.4847127246796616e-07,1.4847127246796616e-07,0.99999989428181857,-1.0571818705632061e-07,1.0571818705632061e-07,4.2753085411645548e-08
213,11,0.99999739303651791,-2.6069668801771336e-06,2.6069668801771336e-06,0.99999476161008116,-5.2384036392050471e-06,5.2384036392050471e-06,-2.6314367590279135e-06
214,34606,0.99999622420056367,-3.7758065646744517e-06,3.7758065646744517e-06,0.99999707454477216,-2.9254595069467487e-06,2.9254595069467487e-06,8.50347057727703e-07
215,582,0.99999546623799818,-4.5337722793758544e-06,4.5337722793758544e-06,0.99999601335485921,-3.9866530874712341e-06,3.9866530874712341e-06,5.4711919190462025e-07
216,276,0.99999929280361999,-7.0719663010391976e-07,7.0719663010391976e-07,0.99999984697536848,-1.5302464323921543e-07,1.5302464323921543e-07,5.5417198686470433e-07
217,11,0.99999925573125259,-7.4426902433218969e-07,7.4426902433218969e-07,0.99999908866426612,-9.1133614916840213e-07,9.1133614916840213e-07,-1.6706712483621244e-07
218,5896,0.99999826333494446,-1.7366665635662176e-06,1.7366665635662176e-06,0.99999791254648362,-2.0874556951522646e-06,2.0874556951522646e-06,-3.5078913158604701e-07
219,12299,0.99999685797405768,-3.1420308784563743e-06,3.1420308784563743e-06,0.99999667489629418,-3.3251092340163748e-06,3.3251092340163748e-06,-1.8307835556000052e-07
220,11,0.99999853172120656,-1.4682798713449011e-06,1.4682798713449011e-06,0.99999809133604345,-1.9086657780224411e-06,1.9086657780224411e-06,-4.4038590667753992e-07
221,42215,0.99995726896900161,-4.2731943994867452e-05,4.2731943994867452e-05,0.99994357578056003,-5.6425811346095922e-05,5.6425811346095922e-05,-1.369386735122847e-05
222,66652,0.99999703879444191,-2.9612099424710968e-06,2.9612099424710968e-06,0.99999737498457586,-2.6250188694854642e-06,2.6250188694854642e-06,3.361910729856326e-07
223,11,0.99999671663581968,-3.2833695705414511e-06,3.2833695705414511e-06,0.99999344088537945,-6.5591361316243636e-06,6.5591361316243636e-06,-3.2757665610829124e-06
224,91274,0.99999483537235312,-5.1646409836519102e-06,5.1646409836519102e-06,0.99999456525626851,-5.4347584997603268e-06,5.4347584997603268e-06,-2.7011751610841659e-07
225,278,0.99999757159042535,-2.4284125232262977e-06,2.4284125232262977e-06,0.99999812939989186,-1.8706018577689539e-06,1.8706018577689539e-06,5.5781066545734381e-07
226,511,0.99999994305658257,-5.6943419024162376e-08,5.6943419024162376e-08,0.99999990179061149,-9.8209393346859475e-08,9.8209393346859475e-08,-4.1265974322697099e-08
227,11,0.99999803976024004,-1.9602416812751135e-06,1.9602416812751135e-06,0.99999703864524281,-2.9613591420149734e-06,2.9613591420149734e-06,-1.0011174607398598e-06
228,5960,0.99999916378514597,-8.3621520361794719e-07,8.3621520361794719e-07,0.99999895491253299,-1.0450880131436737e-06,1.0450880131436737e-06,-2.0887280952572653e-07
229,96446,0.99985510926366927,-0.00014490123400747837,0.00014490123400747837,0.99985847791600102,-0.00014153209919404497,0.00014153209919404497,3.3691348134333942e-06
230,11,0.99999794778681139,-2.0522152944438391e-06,2.0522152944438391e-06,0.99999807713498068,-1.9228668679875426e-06,1.9228668679875426e-06,1.2934842645629653e-07
231,5960,0.99999935537524853,-6.4462495925263568e-07,6.4462495925263568e-07,0.99999912195562413,-8.7804476133125283e-07,8.7804476133125283e-07,-2.3341980207861716e-07
232,46991,0.99999821494070351,-1.7850608897174987e-06,1.7850608897174987e-06,0.99999753348038289,-2.4665226589254604e-06,2.4665226589254604e-06,-6.814617692079617e-07
233,11,0.99999858570780575,-1.4142931943108683e-06,1.4142931943108683e-06,0.99999878892569349,-1.2110750398703201e-06,1.2110750398703201e-06,2.032181544405482e-07
234,5960,0.99999868722141871,-1.3127794429899803e-06,1.3127794429899803e-06,0.9999986899918295,-1.3100090285059511e-06,1.3100090285059511e-06,2.7704144840291797e-09
235,52836,0.99998481398259975,-1.5186132708986544e-05,1.5186132708986544e-05,0.99998463397717008,-1.5366140888409742e-05,1.5366140888409742e-05,-1.8000817942319809e-07
236,11,0.99999896141785261,-1.0385826867601121e-06,1.0385826867601121e-06,0.99999915322837718,-8.4677198129052012e-07,8.4677198129052012e-07,1.9181070546959198e-07
237,16376,0.99999098014908827,-9.0198915908600146e-06,9.0198915908600146e-06,0.99999099104938849,-9.0089911923939879e-06,9.0089911923939879e-06,1.0900398466026661e-08
238,33238,0.99999076530077136,-9.2347418687334811e-06,9.2347418687334811e-06,0.99998560508687673,-1.4395016730988062e-05,1.4395016730988062e-05,-5.1602748622545809e-06
239,11,0.99999907676882727,-9.232315988734218e-07,9.232315988734218e-07,0.99999882280383656,-1.1771968563215875e-06,1.1771968563215875e-06,-2.5396525744816565e-07
240,16376,0.99994742687072868,-5.2574511286664978e-05,5.2574511286664978e-05,0.99995672451371798,-4.3276422692899837e-05,4.3276422692899837e-05,9.2980885937651414e-06
241,21510,0.99999925956130031,-7.4043897378988783e-07,7.4043897378988783e-07,0.9999991978540439,-8.0214627786836035e-07,8.0214627786836035e-07,-6.1707304078472523e-08
242,11,0.99999923252723344,-7.6747306102654015e-07,7.6747306102654015e-07,0.99999873809542972,-1.261905366472163e-06,1.261905366472163e-06,-4.9443230544562283e-07
243,16376,0.99930227068283006,-0.00069797284355354683,0.00069797284355354683,0.99959685528560516,-0.00040322599907224074,0.00040322599907224074,0.00029474684448130609
244,55965,0.99995287832813506,-4.7122782125825694e-05,4.7122782125825694e-05,0.99994648890466309,-5.3512527106679321e-05,5.3512527106679321e-05,-6.3897449808536272e-06
245,11,0.99985413404582091,-0.00014587659365207652,0.00014587659365207652,0.9998616183829544,-0.00013839119266495712,0.00013839119266495712,7.4854009871194044e-06
246,323,0.99999718750468114,-2.8124992738974017e-06,2.8124992738974017e-06,0.99999834401719112,-1.6559841799874424e-06,1.6559841799874424e-06,1.1565150939099593e-06
247,350,0.99999973488314609,-2.651168890483583e-07,2.651168890483583e-07,0.99999866835723861,-1.3316436480033892e-06,1.3316436480033892e-06,-1.0665267589550309e-06
248,36071,0.99999881993853268,-1.1800621635998586e-06,1.1800621635998586e-06,0.99999902504497751,-9.7495549779613983e-07,9.7495549779613983e-07,2.0510666580371874e-07
249,382,0.99987510980264827,-0.00012489799678177288,0.00012489799678177288,0.99989105029235281,-0.0001089556430976654,0.0001089556430976654,1.5942353684107478e-05
250,791,0.97118674040400077,-0.029236511566643083,0.029236511566643083,0.99080583377645126,-0.0092366934387160711,0.0092366934387160711,0.019999818127927012
251,15422,0.94979140962772457,-0.051512887309232876,0.051512887309232876,0.9743123963734488,-0.0260232912678817,0.0260232912678817,0.025489596041351176
252,315,0.99999997419907016,-2.5800930170350761e-08,2.5800930170350761e-08,0.99999993406956589,-6.5930436268641001e-08,6.5930436268641001e-08,-4.0129506098290243e-08
253,350,0.99999947011969226,-5.2988044813121421e-07,5.2988044813121421e-07,0.99999823795778164,-1.7620437708058595e-06,1.7620437708058595e-06,-1.2321633226746452e-06
254,36071,0.9999952924045703,-4.7076065105071971e-06,4.7076065105071971e-06,0.9999960740047984,-3.9260029082923188e-06,3.9260029082923188e-06,7.8160360221487828e-07
255,3131,0.99981071845728009,-0.00018929945873195591,0.00018929945873195591,0.99994609907212706,-5.3902380580167431e-05,5.3902380580167431e-05,0.00013539707815178847
256,21989,0.99999179601730348,-8.2040163494241133e-06,8.2040163494241133e-06,0.99998986023399417,-1.0139817413579023e-05,1.0139817413579023e-05,-1.9358010641549094e-06
257,304,0.99921330308794643,-0.00078700652045856506,0.00078700652045856506,0.99964821430746575,-0.00035184758363638328,0.00035184758363638328,0.00043515893682218178
258,279,0.99999991075733519,-8.9242668825061138e-08,8.9242668825061138e-08,0.99999978403628664,-2.1596373666616786e-07,2.1596373666616786e-07,-1.2672106784110673e-07
259,53851,0.99997131683779594,-2.8683573573853319e-05,2.8683573573853319e-05,0.99998154372017278,-1.8456450146408932e-05,1.8456450146408932e-05,1.0227123427444388e-05
260,315,0.9999999540272474,-4.5972753657438216e-08,4.5972753657438216e-08,0.9999998717350409,-1.2826496730369483e-07,1.2826496730369483e-07,-8.229221364625661e-08
261,57664,0.9999994669216612,-5.3307848093540675e-07,5.3307848093540675e-07,0.99999960486421458,-3.9513586345599887e-07,3.9513586345599887e-07,1.3794261747940788e-07
262,1603,0.99404183371236154,-0.0059759869814235292,0.0059759869814235292,0.9952481348359935,-0.0047631911692857121,0.0047631911692857121,0.0012127958121378171
263,433,0.99999911839146438,-8.8160892426879397e-07,8.8160892426879397e-07,0.99999920732847014,-7.9267184396975762e-07,7.9267184396975762e-07,8.893708029903635e-08
264,27851,0.99897197482046707,-0.0010285539598485344,0.0010285539598485344,0.99960318631890277,-0.00039689243247977734,0.00039689243247977734,0.00063166152736875711
265,6244,0.99999622213564576,-3.7778714904330219e-06,3.7778714904330219e-06,0.99999575274203301,-4.2472669865794521e-06,4.2472669865794521e-06,-4.6939549614643027e-07
266,264,0.99999898931830267,-1.0106822081099745e-06,1.0106822081099745e-06,0.99999867803932363,-1.3219615501808674e-06,1.3219615501808674e-06,-3.1127934207089297e-07
267,17271,0.99999144779302074,-8.5522435495496773e-06,8.5522435495496773e-06,0.99999450314749505,-5.4968676127525817e-06,5.4968676127525817e-06,3.0553759367970957e-06
268,315,0.99999907637394414,-9.2362648241212882e-07,9.2362648241212882e-07,0.99999891268895758,-1.087311633577756e-06,1.087311633577756e-06,-1.6368515116562717e-07
269,279,0.99999937223358804,-6.2776660904838892e-07,6.2776660904838892e-07,0.99999923802874346,-7.6197154688168102e-07,7.6197154688168102e-07,-1.342049378332921e-07
270,36142,0.99999533459258627,-4.6654182967922483e-06,4.6654182967922483e-06,0.99999594781997336,-4.0521882367095672e-06,4.0521882367095672e-06,6.1323006008268111e-07
271,31779,0.99996657937777711,-3.3421180704298927e-05,3.3421180704298927e-05,0.9999896630954157,-1.0336958010510362e-05,1.0336958010510362e-05,2.3084222693788565e-05
272,391,0.99993722082646275,-6.2781144232012693e-05,6.2781144232012693e-05,0.99997655014892073,-2.3450126031368749e-05,2.3450126031368749e-05,3.9331018200643947e-05
273,1494,0.99999996971676586,-3.0283234572199782e-08,3.0283234572199782e-08,0.99999998368750243,-1.6312497663939831e-08,1.6312497663939831e-08,1.3970736908259951e-08
274,275,0.99999948520014226,-5.1479999024330767e-07,5.1479999024330767e-07,0.99999982576429536,-1.7423571977196763e-07,1.7423571977196763e-07,3.4056427047134001e-07
275,21080,0.99999923699655957,-7.6300373154287689e-07,7.6300373154287689e-07,0.99999944004379504,-5.5995636171102235e-07,5.5995636171102235e-07,2.0304736983185453e-07
276,13,0.99984290623235172,-0.00015710610816663907,0.00015710610816663907,0.99991131342621575,-8.8690506670941835e-05,8.8690506670941835e-05,6.8415601495697232e-05
277,12220,0.99959948124750542,-0.00040059898155304956,0.00040059898155304956,0.99991105270507297,-8.8951250972221286e-05,8.8951250972221286e-05,0.00031164773058082828
278,279,0.99999984320163005,-1.567983821976979e-07,1.567983821976979e-07,0.99999977713114563,-2.2286887916320387e-07,2.2286887916320387e-07,-6.6070496965505971e-08
279,3320,0.99999569308843661,-4.3069208381992304e-06,4.3069208381992304e-06,0.99999308173828594,-6.9182856453822039e-06,6.9182856453822039e-06,-2.6113648071829735e-06
280,96323,0.99996710199761962,-3.2898543531486586e-05,3.2898543531486586e-05,0.99997376002381444,-2.6240320459775726e-05,2.6240320459775726e-05,6.6582230717108593e-06
281,30215,0.9999707569028613,-2.9243524726362395e-05,2.9243524726362395e-05,0.99996722742561706,-3.2773111415489037e-05,3.2773111415489037e-05,-3.529586689126642e-06
282,315,0.99995253063467548,-4.7470492030530039e-05,4.7470492030530039e-05,0.99998396911905574,-1.6031009440259229e-05,1.6031009440259229e-05,3.1439482590270813e-05
283,279,0.99999984261755881,-1.573824535638112e-07,1.573824535638112e-07,0.99999978417525459,-2.1582476874791029e-07,2.1582476874791029e-07,-5.8442315184099083e-08
284,26363,0.99999928637676139,-7.1362349324289953e-07,7.1362349324289953e-07,0.99999901369143207,-9.863090543040626e-07,9.863090543040626e-07,-2.7268556106116306e-07
285,11,0.99999786324817319,-2.136754109629425e-06,2.136754109629425e-06,0.99999583562140359,-4.1643872674602125e-06,4.1643872674602125e-06,-2.0276331578307875e-06
286,76086,0.99998999013882517,-1.0009911273796247e-05,1.0009911273796247e-05,0.99999077286914306,-9.2271734272245872e-06,9.2271734272245872e-06,7.8273784657165957e-07
287,426,0.99999879081163479,-1.2091890963086243e-06,1.2091890963086243e-06,0.99999685408775152,-3.1459171968285455e-06,3.1459171968285455e-06,-1.936728100519921e-06
288,23427,0.99999997551221143,-2.44877888299531e-08,2.44877888299531e-08,0.9999999793066976,-2.0693302634933309e-08,2.0693302634933309e-08,3.7944861950197906e-09
289,19870,0.99999876499155449,-1.2350092081105935e-06,1.2350092081105935e-06,0.99999916622425933,-8.3377608830206141e-07,8.3377608830206141e-07,4.0123311980853206e-07
290,315,0.99999666775428542,-3.3322512665225116e-06,3.3322512665225116e-06,0.9999990527833692,-9.4721707935876274e-07,9.4721707935876274e-07,2.3850341871637489e-06
291,3320,0.99999857878602072,-1.4212149891824368e-06,1.4212149891824368e-06,0.9999969227858474,-3.0772188872738614e-06,3.0772188872738614e-06,-1.6560038980914246e-06
292,96323,0.99999963572806239,-3.6427200393861053e-07,3.6427200393861053e-07,0.99999944950108222,-5.5049906935027107e-07,5.5049906935027107e-07,-1.8622706541166054e-07
293,17439,0.99999337684981693,-6.62317211617371e-06,6.62317211617371e-06,0.99999165194346029,-8.3480913848835001e-06,8.3480913848835001e-06,-1.7249192687097901e-06
294,24082,0.99985327267451918,-0.00014673809098788502,0.00014673809098788502,0.99994995412442556,-5.004712791103718e-05,5.004712791103718e-05,9.6690963076847842e-05
295,664,0.99999933348769499,-6.6651252709495251e-07,6.6651252709495251e-07,0.99999944780542238,-5.521947300264966e-07,5.521947300264966e-07,1.1431779706845592e-07
296,647,0.99999998097436127,-1.9025638883208829e-08,1.9025638883208829e-08,0.99999998780499666,-1.2195003377150425e-08,1.2195003377150425e-08,6.8306355060584045e-09
297,320,0.98261022981114265,-0.017542748339903515,0.017542748339903515,0.99239422430629487,-0.0076348471065630667,0.0076348471065630667,0.0099079012333404479
298,64,0.99997901630711039,-2.0983913050320177e-05,2.0983913050320177e-05,0.99995270528176328,-4.7295836667120283e-05,4.7295836667120283e-05,-2.6311923616800106e-05
299,14458,0.99999975851427692,-2.4148575221382216e-07,2.4148575221382216e-07,0.99999931560587052,-6.8439436368506654e-07,6.8439436368506654e-07,-4.4290861147124438e-07
300,304,0.9999999357847108,-6.4215291243223651e-08,6.4215291243223651e-08,0.99999991630825613,-8.3691747360714342e-08,8.3691747360714342e-08,-1.9476456117490691e-08
301,6617,0.99998363921417921,-1.6360919659870612e-05,1.6360919659870612e-05,0.99999521713626538,-4.7828751725780192e-06,4.7828751725780192e-06,1.1578044487292593e-05
302,11477,0.9996472566512844,-0.00035280557728488085,0.00035280557728488085,0.99981561851911926,-0.00018439848123575546,0.00018439848123575546,0.00016840709604912539
303,57664,0.99999849306235666,-1.5069387787536774e-06,1.5069387787536774e-06,0.99999843848598247,-1.561515236751293e-06,1.561515236751293e-06,-5.4576457997615621e-08
304,8,0.99999307609426613,-6.9239297041746803e-06,6.9239297041746803e-06,0.99999355959641867,-6.4404243207966492e-06,6.4404243207966492e-06,4.8350538337803107e-07
305,323,0.99999923064767782,-7.6935261809109645e-07,7.6935261809109645e-07,0.99999831827680175,-1.6817246123371632e-06,1.6817246123371632e-06,-9.1237199424606677e-07
306,28379,0.99996260022575745,-3.7400473631532026e-05,3.7400473631532026e-05,0.99995334487230303,-4.665621608131008e-05,4.665621608131008e-05,-9.2557424497780543e-06
307,433,0.99999978841005943,-2.1158996292540959e-07,2.1158996292540959e-07,0.9999995615364452,-4.3846365096257992e-07,4.3846365096257992e-07,-2.2687368803717032e-07
308,3297,0.99999780031459129,-2.1996878279692364e-06,2.1996878279692364e-06,0.99999789691766872,-2.1030845428176391e-06,2.1030845428176391e-06,9.6603285151597308e-08
309,8551,0.9969743581733731,-0.0030302283346150425,0.0030302283346150425,0.99837180990911789,-0.00162951703290634,0.00162951703290634,0.0014007113017087025
310,6496,0.99960347991254728,-0.00039659872233012937,0.00039659872233012937,0.9997397839627471,-0.00026024989932036443,0.00026024989932036443,0.00013634882300976494
311,11,0.99991122746409422,-8.8776476420535271e-05,8.8776476420535271e-05,0.99995998637716199,-4.0014423404388488e-05,4.0014423404388488e-05,4.8762053016146782e-05
312,264,0.99992332020012642,-7.6682739919751929e-05,7.6682739919751929e-05,0.99997860399732907,-2.1396231568618539e-05,2.1396231568618539e-05,5.528650835113339e-05
313,12633,0.99998911595371365,-1.0884105518055391e-05,1.0884105518055391e-05,0.999982474626677,-1.7525526894146192e-05,1.7525526894146192e-05,-6.6414213760908003e-06
314,32051,0.99999968725472532,-3.1274532358344182e-07,3.1274532358344182e-07,0.99999976253044398,-2.3746958422264652e-07,2.3746958422264652e-07,7.5275739360795297e-08
315,4751,0.99999962610626036,-3.7389380951459075e-07,3.7389380951459075e-07,0.99999946860448052,-5.3139566061535698e-07,5.3139566061535698e-07,-1.5750185110076623e-07
316,22797,0.99999024425243788,-9.7557951497333619e-06,9.7557951497333619e-06,0.99999146546123663,-8.5345751827384403e-06,8.5345751827384403e-06,1.2212199669949216e-06
317,311,0.99999968574192066,-3.1425812876769587e-07,3.1425812876769587e-07,0.99999966711430099,-3.3288575439970269e-07,3.3288575439970269e-07,-1.862762563200682e-08
318,279,0.99999977648353378,-2.2351649120476146e-07,2.2351649120476146e-07,0.99999970426140172,-2.9573864203203772e-07,2.9573864203203772e-07,-7.2222150827276259e-08
319,9546,0.99999938651130083,-6.1348888735613941e-07,6.1348888735613941e-07,0.99999966442439314,-3.3557566312902518e-07,3.3557566312902518e-07,2.7791322422711423e-07
320,315,0.99999970275139138,-2.9724865281149724e-07,2.9724865281149724e-07,0.99999951446932223,-4.8553079560426765e-07,4.8553079560426765e-07,-1.8828214279277041e-07
321,279,0.99999961993489139,-3.8006518082245483e-07,3.8006518082245483e-07,0.99999964151230203,-3.5848776227827998e-07,3.5848776227827998e-07,2.1577418544174851e-08
322,452,0.9999764454048029,-2.3554872610974156e-05,2.3554872610974156e-05,0.99998657944260205,-1.3420647454468171e-05,1.3420647454468171e-05,1.0134225156505985e-05
323,10746,0.99999692582739386,-3.0741773314068771e-06,3.0741773314068771e-06,0.99999728343350369,-2.7165701861913634e-06,2.7165701861913634e-06,3.5760714521551372e-07
324,14362,0.99999674726749033,-3.2527377998302424e-06,3.2527377998302424e-06,0.99999747583638887,-2.52416679687562e-06,2.52416679687562e-06,7.2857100295462238e-07
325,392,0.99999973635010986,-2.6364992488636492e-07,2.6364992488636492e-07,0.99999961709503415,-3.8290503919779409e-07,3.8290503919779409e-07,-1.1925511431142917e-07
326,13,0.50892333684555324,-0.67545788900989723,0.67545788900989723,0.61051547815520602,-0.49345163250918495,0.49345163250918495,0.18200625650071228
327,3297,0.999991629307313,-8.3707277214212526e-06,8.3707277214212526e-06,0.99995618260313168,-4.3818356878548949e-05,4.3818356878548949e-05,-3.5447629157127697e-05
328,121513,0.99926659759986147,-0.00073367147124505988,0.00073367147124505988,0.9995246323483703,-0.00047548067465154543,0.00047548067465154543,0.00025819079659351445
329,574,0.99999885504954733,-1.1449511081640681e-06,1.1449511081640681e-06,0.99999932003194314,-6.7996828808972599e-07,6.7996828808972599e-07,4.6498282007434211e-07
330,264,0.99999678793379465,-3.2120713640560384e-06,3.2120713640560384e-06,0.99999798479468394,-2.015207346616919e-06,2.015207346616919e-06,1.1968640174391194e-06
331,348,0.99999984123895425,-1.5876105835382168e-07,1.5876105835382168e-07,0.99999988810151808,-1.1189848820971665e-07,1.1189848820971665e-07,4.686257014410503e-08
332,395,0.99999965051749928,-3.49482561772142e-07,3.49482561772142e-07,0.9999997445718114,-2.5542822125957146e-07,2.5542822125957146e-07,9.4054340512570545e-08
333,278,0.99999996003442426,-3.9965576493398994e-08,3.9965576493398994e-08,0.99999993457896574,-6.5421036446465732e-08,6.5421036446465732e-08,-2.5455459953066738e-08
334,1614,0.9999998152013434,-1.8479867371907622e-07,1.8479867371907622e-07,0.99999965154535042,-3.4845471032716003e-07,3.4845471032716003e-07,-1.6365603660808381e-07
335,315,0.9999999816629962,-1.8337003969213663e-08,1.8337003969213663e-08,0.9999999556698469,-4.4330154119719911e-08,4.4330154119719911e-08,-2.5993150150506248e-08
336,3320,0.99999912147033343,-8.7853005248972289e-07,8.7853005248972289e-07,0.99999848577597295,-1.5142251734479961e-06,1.5142251734479961e-06,-6.3569512095827324e-07
337,96323,0.99999648452036716,-3.5154858121850871e-06,3.5154858121850871e-06,0.99999010261409849,-9.8974348809400073e-06,9.8974348809400073e-06,-6.3819490687549202e-06
338,11,0.99991934862527954,-8.0654627217419174e-05,8.0654627217419174e-05,0.99994883519864486,-5.1166110318233394e-05,5.1166110318233394e-05,2.948851689918578e-05
339,9749,0.99999881226939447,-1.1877313109414055e-06,1.1877313109414055e-06,0.99999731505654332,-2.6849470611032489e-06,2.6849470611032489e-06,-1.4972157501618434e-06
340,311,0.99999985566038796,-1.4433962249564073e-07,1.4433962249564073e-07,0.99999945653452871,-5.4346561893399546e-07,5.4346561893399546e-07,-3.9912599643835473e-07
341,98887,0.99973436238863911,-0.00026567289928052602,0.00026567289928052602,0.99981393697371201,-0.00018608033816032028,0.00018608033816032028,7.959256112020574e-05
342,350,0.99999911315509693,-8.8684529630425689e-07,8.8684529630425689e-07,0.99999828291312165,-1.7170883525722755e-06,1.7170883525722755e-06,-8.3024305626801861e-07
343,36071,0.99999901167672056,-9.8832376782044019e-07,9.8832376782044019e-07,0.99999911995973911,-8.8004064814231361e-07,8.8004064814231361e-07,1.0828311967812658e-07
344,382,0.83582602964046615,-0.17933478606912479,0.17933478606912479,0.78078380983819173,-0.24745697944891129,0.24745697944891129,-0.068122193379786505
345,644,0.96529355024908448,-0.035323026752412737,0.035323026752412737,0.98969927288344195,-0.010354146763562716,0.010354146763562716,0.024968879988850022
346,220,0.99986784546953389,-0.00013216326364551669,0.00013216326364551669,0.99996985473305211,-3.01457213255747e-05,3.01457213255747e-05,0.00010201754231994199
347,10895,0.99999791944799576,-2.0805541686407616e-06,2.0805541686407616e-06,0.99999971939252175,-2.8060751759805546e-07,2.8060751759805546e-07,1.7999466510427062e-06
348,16,0.9999994850281958,-5.1497193683389197e-07,5.1497193683389197e-07,0.99999984693025346,-1.5306975825513935e-07,1.5306975825513935e-07,3.6190217857875262e-07
349,11,0.99739059689222553,-0.0026128135341405945,0.0026128135341405945,0.99860656875557963,-0.0013944029725325691,0.0013944029725325691,0.0012184105616080253
350,15506,0.99990634084777241,-9.3663538519850553e-05,9.3663538519850553e-05,0.99994845144533595,-5.1549883336400456e-05,5.1549883336400456e-05,4.2113655183450097e-05
351,1221,0.98494947745312511,-0.015164931051285267,0.015164931051285267,0.97986797233393896,-0.020337438501583351,0.020337438501583351,-0.0051725074502980833
352,56409,0.99998934480001811,-1.0655256748955767e-05,1.0655256748955767e-05,0.99998732103459498,-1.2679045783765729e-05,1.2679045783765729e-05,-2.0237890348099615e-06
353,67987,0.99997137286182081,-2.8627547943582457e-05,2.8627547943582457e-05,0.99997726115132457,-2.2739107206916772e-05,2.2739107206916772e-05,5.8884407366656847e-06
354,11721,0.9999954146832799,-4.5853272326486016e-06,4.5853272326486016e-06,0.99999540766371353,-4.5923468313133033e-06,4.5923468313133033e-06,-7.0195986647017371e-09
355,505,0.99997450154190104,-2.5498783190128584e-05,2.5498783190128584e-05,0.99998375892916946,-1.6241202718156351e-05,1.6241202718156351e-05,9.257580471972233e-06
356,12550,0.99999956151911618,-4.3848097998208377e-07,4.3848097998208377e-07,0.99999891434856192,-1.0856520273743123e-06,1.0856520273743123e-06,-6.4717104739222859e-07
357,11,0.94685732800299949,-0.054606853953750367,0.054606853953750367,0.98285988706693983,-0.017288705040037499,0.017288705040037499,0.037318148913712865
358,505,0.99159915648776586,-0.0084363294792227789,0.0084363294792227789,0.99761399455829092,-0.0023888564886715546,0.0023888564886715546,0.0060474729905512243
359,4028,0.99999949042378533,-5.0957634451607887e-07,5.0957634451607887e-07,0.99999944745511371,-5.5254503894804555e-07,5.5254503894804555e-07,-4.296869443196668e-08
360,279,0.9999999560562759,-4.3943725025843367e-08,4.3943725025843367e-08,0.99999983824404981,-1.6175596330862374e-07,1.6175596330862374e-07,-1.1781223828278037e-07
361,16867,0.99999954107395939,-4.5892614591672627e-07,4.5892614591672627e-07,0.99999936132598699,-6.3867421695283973e-07,6.3867421695283973e-07,-1.7974807103611346e-07
362,11,0.9999938726751666,-6.1273436054976652e-06,6.1273436054976652e-06,0.99999172708444961,-8.2729497711425415e-06,8.2729497711425415e-06,-2.1456061656448763e-06
363,323,0.99999990027759367,-9.9722411352330375e-08,9.9722411352330375e-08,0.99999960814371625,-3.9185636052272975e-07,3.9185636052272975e-07,-2.9213394917039935e-07
364,18538,0.99998643749898442,-1.3562592987175976e-05,1.3562592987175976e-05,0.99998232575285462,-1.7674403336758595e-05,1.7674403336758595e-05,-4.1118103495826192e-06
365,3118,0.99992093956490313,-7.9063560537760615e-05,7.9063560537760615e-05,0.99997044033986693,-2.9560097028464719e-05,2.9560097028464719e-05,4.9503463509295897e-05
366,11477,0.99999950101736712,-4.9898275741050428e-07,4.9898275741050428e-07,0.99999965566918525,-3.4433087403987482e-07,3.4433087403987482e-07,1.5465188337062946e-07
367,57664,0.99999975957928766,-2.4042074128009132e-07,2.4042074128009132e-07,0.99999970980838071,-2.9019166145021566e-07,2.9019166145021566e-07,-4.9770920170124348e-08
368,304,0.99999648978502154,-3.5102211393296059e-06,3.5102211393296059e-06,0.99999681074174829,-3.1892633374258839e-06,3.1892633374258839e-06,3.20957801903722e-07
369,1148,0.99999960108930275,-3.9891077678244195e-07,3.9891077678244195e-07,0.99999976846014971,-2.3153987711119613e-07,2.3153987711119613e-07,1.6737089967124582e-07
370,3432,0.99891937165682587,-0.0010812126429607162,0.0010812126429607162,0.99969841230234446,-0.00030163318437092276,0.00030163318437092276,0.00077957945858979339
371,374,0.99999996987003525,-3.0129965179655554e-08,3.0129965179655554e-08,0.99999990301332276,-9.6986681978579719e-08,9.6986681978579719e-08,-6.6856716798924166e-08
372,61894,0.999959461766601,-4.0539055095362997e-05,4.0539055095362997e-05,0.9999641647384544,-3.5835903643896362e-05,3.5835903643896362e-05,4.703151451466635e-06
373,309,0.99999998967089432,-1.0329105739560366e-08,1.0329105739560366e-08,0.99999999102529757,-8.9747024964177724e-09,8.9747024964177724e-09,1.3544032431425937e-09
374,44486,0.99999201697324258,-7.983058621965629e-06,7.983058621965629e-06,0.99999704723426186,-2.9527700975136147e-06,2.9527700975136147e-06,5.0302885244520143e-06
375,13,0.99999144433360787,-8.5557029919997382e-06,8.5557029919997382e-06,0.99998473612291561,-1.5263993578566555e-05,1.5263993578566555e-05,-6.7082905865668168e-06
376,15506,0.99996825417795454,-3.1746325954785323e-05,3.1746325954785323e-05,0.99997706411585507,-2.2936147176347737e-05,2.2936147176347737e-05,8.8101787784375855e-06
377,86316,0.9999949968164128,-5.0031961031744131e-06,5.0031961031744131e-06,0.9999917821841533,-8.2178496131721635e-06,8.2178496131721635e-06,-3.2146535099977503e-06
378,5246,0.9999983339191556,-1.6660822322618432e-06,1.6660822322618432e-06,0.99999719510287099,-2.8049010627508908e-06,2.8049010627508908e-06,-1.1388188304890475e-06
379,9052,0.99999096768907436,-9.0323517172336077e-06,9.0323517172336077e-06,0.99998354877853479,-1.6451356788067111e-05,1.6451356788067111e-05,-7.4190050708335029e-06
380,1534,0.99999971042915592,-2.8957088597706283e-07,2.8957088597706283e-07,0.99999978538145362,-2.1461856942285258e-07,2.1461856942285258e-07,7.4952316554210246e-08
381,279,0.99999978205694595,-2.1794307781627075e-07,2.1794307781627075e-07,0.9999990307692902,-9.6923117945693689e-07,9.6923117945693689e-07,-7.5128810164066612e-07
382,3363,0.99999955212622449,-4.4787387583270202e-07,4.4787387583270202e-07,0.99999844268033533,-1.5573208773263984e-06,1.5573208773263984e-06,-1.1094470014936964e-06
383,323,0.99973439544331077,-0.00026563983582648449,0.00026563983582648449,0.99988197156153491,-0.00011803540436936695,0.00011803540436936695,0.00014760443145711756
384,32762,0.99999620419634228,-3.795810861766766e-06,3.795810861766766e-06,0.99999506462002041,-4.9353921585902404e-06,4.9353921585902404e-06,-1.1395812968234744e-06
385,350,0.9999998333715483,-1.6662846557628445e-07,1.6662846557628445e-07,0.99999862147544116,-1.3785255090391604e-06,1.3785255090391604e-06,-1.2118970434628759e-06
386,36071,0.99999887990335845,-1.1200972689030774e-06,1.1200972689030774e-06,0.9999989810876958,-1.0189128232736324e-06,1.0189128232736324e-06,1.0118444562944499e-07
387,1234,0.99999991666243393,-8.3337569592092587e-08,8.3337569592092587e-08,0.99999984238005024,-1.5761996220579372e-07,1.5761996220579372e-07,-7.4282392613701134e-08
388,57664,0.99999956971894477,-4.3028114784460677e-07,4.3028114784460677e-07,0.99999962441918455,-3.7558088602703207e-07,3.7558088602703207e-07,5.4700261817574704e-08
389,323,0.99515201613653015,-0.0048597734565118478,0.0048597734565118478,0.99824062190603291,-0.0017609276173376008,0.0017609276173376008,0.0030988458391742468
390,1243,0.99998223213995441,-1.7768017895891457e-05,1.7768017895891457e-05,0.9999961217876483,-3.8782198720354852e-06,3.8782198720354852e-06,1.3889798023855973e-05
391,5918,0.99999768213055107,-2.3178721351437433e-06,2.3178721351437433e-06,0.99999504786368132,-4.9521485806004676e-06,4.9521485806004676e-06,-2.6342764454567243e-06
392,1063,0.9999997276355912,-2.7236444587599212e-07,2.7236444587599212e-07,0.99999947730819028,-5.2269194634584619e-07,5.2269194634584619e-07,-2.5032750046985408e-07
393,315,0.99999994363967482,-5.6360326816038041e-08,5.6360326816038041e-08,0.99999973391266583,-2.6608736959742442e-07,2.6608736959742442e-07,-2.0972704278138639e-07
394,279,0.999999952399095,-4.7600906082971344e-08,4.7600906082971344e-08,0.99999987548091895,-1.2451908883677967e-07,1.2451908883677967e-07,-7.6918182753808328e-08
395,24417,0.99999976991299999,-2.3008702649587747e-07,2.3008702649587747e-07,0.99999974964181571,-2.5035821568295447e-07,2.5035821568295447e-07,-2.0271189187077001e-08
396,31012,0.99999644820852662,-3.5517977809783417e-06,3.5517977809783417e-06,0.99999349401156379,-6.5060096002263866e-06,6.5060096002263866e-06,-2.9542118192480449e-06
397,304,0.9999998352174625,-1.6478255112777898e-07,1.6478255112777898e-07,0.9999996764361877,-3.2356386464615983e-07,3.2356386464615983e-07,-1.5878131351838085e-07
398,279,0.99999986575472777,-1.3424528120665133e-07,1.3424528120665133e-07,0.99999956164016413,-4.3835993197468963e-07,4.3835993197468963e-07,-3.0411465076803831e-07
399,3224,0.99999888079683508,-1.1192037912790411e-06,1.1192037912790411e-06,0.99999762030404205,-2.379698789383902e-06,2.379698789383902e-06,-1.2604949981048609e-06
400,11,0.99999739879344729,-2.6012099358150696e-06,2.6012099358150696e-06,0.99999834325407566,-1.656747296736666e-06,1.656747296736666e-06,9.4446263907840361e-07
401,2737,0.99999918010015032,-8.1990018580179801e-07,8.1990018580179801e-07,0.99999613414848565,-3.8658589867314907e-06,3.8658589867314907e-06,-3.0459588009296925e-06
402,5960,0.99997268736354517,-2.731300945167985e-05,2.731300945167985e-05,0.99998820018424617,-1.1799885372199512e-05,1.1799885372199512e-05,1.5513124079480338e-05
403,4701,0.99999384272790459,-6.1572910514818543e-06,6.1572910514818543e-06,0.99999384907266164,-6.1509462554268449e-06,6.1509462554268449e-06,6.3447960550094126e-09
404,45335,0.99999826310320372,-1.7368983046785998e-06,1.7368983046785998e-06,0.99999836801219555,-1.631989136181326e-06,1.631989136181326e-06,1.0490916849727383e-07
405,9441,0.99999895731463273,-1.0426859109138559e-06,1.0426859109138559e-06,0.99999558411373668,-4.4158960134164422e-06,4.4158960134164422e-06,-3.3732101025025863e-06
406,13,0.90287866864237598,-0.10216709933002675,0.10216709933002675,0.96141658911326977,-0.039347468508601359,0.039347468508601359,0.062819630821425387
407,578,0.99999179842155317,-8.2016120799338054e-06,8.2016120799338054e-06,0.99995915651945533,-4.0844314662382756e-05,4.0844314662382756e-05,-3.2642702582448949e-05
408,1221,0.99998758637394802,-1.24137031017118e-05,1.24137031017118e-05,0.99998943905264559,-1.0561003121601557e-05,1.0561003121601557e-05,1.8526999801102434e-06
409,56409,0.99996830799356917,-3.1692508633077389e-05,3.1692508633077389e-05,0.99995684511461314,-4.3155816585764064e-05,4.3155816585764064e-05,-1.1463307952686675e-05
410,67987,0.99998438356584074,-1.561655609702089e-05,1.561655609702089e-05,0.99998368638645363,-1.6313746614816065e-05,1.6313746614816065e-05,-6.9719051779517429e-07
411,28379,0.99994015486983756,-5.9846920953713087e-05,5.9846920953713087e-05,0.99992140725177148,-7.8595836800377921e-05,7.8595836800377921e-05,-1.8748915846664834e-05
412,279,0.9999999501329806,-4.9867020601813659e-08,4.9867020601813659e-08,0.9999997640745405,-2.3592548729366024e-07,2.3592548729366024e-07,-1.8605846669184659e-07
413,3158,0.99999985318880436,-1.468112064064191e-07,1.468112064064191e-07,0.99999959225391732,-4.0774616585861617e-07,4.0774616585861617e-07,-2.609349594521971e-07
414,88858,0.99953344635404617,-0.00046666251596992083,0.00046666251596992083,0.99984324385975654,-0.00015676842777129628,0.00015676842777129628,0.00030989408819862452
415,1050,0.99999915562948383,-8.443708726771837e-07,8.443708726771837e-07,0.99999758772175595,-2.4122811536165463e-06,2.4122811536165463e-06,-1.5679102809393626e-06
416,3394,0.99999960696236545,-3.930377117422557e-07,3.930377117422557e-07,0.99999947636215669,-5.2363798043491815e-07,5.2363798043491815e-07,-1.3060026869266245e-07
417,409,0.99999999028057174,-9.7194283260112652e-09,9.7194283260112652e-09,0.99999998571939819,-1.4280601932265628e-08,1.4280601932265628e-08,-4.5611736062543633e-09
418,11514,0.99997336539494397,-2.6634959763418042e-05,2.6634959763418042e-05,0.99996426013318795,-3.5740505496324297e-05,3.5740505496324297e-05,-9.1055457329062547e-06
419,6374,0.9999976161839057,-2.3838189355648542e-06,2.3838189355648542e-06,0.99999810700567793,-1.8929961138210435e-06,1.8929961138210435e-06,4.9082282174381067e-07
420,320,0.99999926290955798,-7.3709071370736355e-07,7.3709071370736355e-07,0.9999989652418757,-1.0347586596325895e-06,1.0347586596325895e-06,-2.9766794592522595e-07
421,3648,0.99999838304978494,-1.6169515223637738e-06,1.6169515223637738e-06,0.99999944298840682,-5.5701174835926158e-07,5.5701174835926158e-07,1.0599397740045122e-06
422,15422,0.99999934112937727,-6.5887083976905546e-07,6.5887083976905546e-07,0.99999919761929112,-8.023810307858698e-07,8.023810307858698e-07,-1.4351019101681434e-07
423,315,0.99999998492395514,-1.507604496535528e-08,1.507604496535528e-08,0.99999993598061787,-6.4019384187439195e-08,6.4019384187439195e-08,-4.8943339222083915e-08
424,11514,0.99998541607605784,-1.4584030288644285e-05,1.4584030288644285e-05,0.99999201747354904,-7.9825583115029975e-06,7.9825583115029975e-06,6.6014719771412873e-06
425,4618,0.99989597897357696,-0.0001040264369852043,0.0001040264369852043,0.99998235738001451,-1.7642775618378011e-05,1.7642775618378011e-05,8.6383661366826284e-05
426,8,0.99999533556394105,-4.6644469374453632e-06,4.6644469374453632e-06,0.99999714150691288,-2.8584971726336418e-06,2.8584971726336418e-06,1.8059497648117215e-06
427,323,0.99999944079948311,-5.5920067328905601e-07,5.5920067328905601e-07,0.99999860863363332,-1.3913673346203811e-06,1.3913673346203811e-06,-8.3216666133132512e-07
428,66663,0.99999664723685222,-3.3527687682518505e-06,3.3527687682518505e-06,0.99999578213725382,-4.217871641383549e-06,4.217871641383549e-06,-8.6510287313169851e-07
429,279,0.99999983837440809,-1.616256049389529e-07,1.616256049389529e-07,0.99999952841641837,-4.7158369281141811e-07,4.7158369281141811e-07,-3.0995808787246522e-07
430,836,0.9999999074925644,-9.2507439870534512e-08,9.2507439870534512e-08,0.99999966921090389,-3.3078915087186732e-07,3.3078915087186732e-07,-2.3828171100133281e-07
431,311,0.99999999368752213,-6.3124778538252015e-09,6.3124778538252015e-09,0.99999997705926547,-2.2940734826210913e-08,2.2940734826210913e-08,-1.6628256972385711e-08
432,57664,0.99999954239704136,-4.5760306332449167e-07,4.5760306332449167e-07,0.99999923747679487,-7.6252349583605297e-07,7.6252349583605297e-07,-3.049204325115613e-07
433,382,0.99992372210928882,-7.628080001745473e-05,7.628080001745473e-05,0.99990509790996362,-9.4906593524641926e-05,9.4906593524641926e-05,-1.8625793507187196e-05
434,1692,0.99996952924122173,-3.0471223021227147e-05,3.0471223021227147e-05,0.99996237122901188,-3.7629478968062703e-05,3.7629478968062703e-05,-7.1582559468355554e-06
435,10746,0.99998343358544806,-1.6566551776551696e-05,1.6566551776551696e-05,0.99998685424242073,-1.3145843985491792e-05,1.3145843985491792e-05,3.420707791059904e-06
436,6244,0.99999752640855122,-2.4735945081053911e-06,2.4735945081053911e-06,0.99999710464584846,-2.8953583430621845e-06,2.8953583430621845e-06,-4.2176383495679341e-07
437,279,0.99999960575103386,-3.9424904385521274e-07,3.9424904385521274e-07,0.99999960664013265,-3.9335994474462267e-07,3.9335994474462267e-07,8.8909911059006818e-10
438,4219,0.99999979943702355,-2.0056299652630681e-07,2.0056299652630681e-07,0.9999992336197705,-7.6638052313828189e-07,7.6638052313828189e-07,-5.6581752661197505e-07
439,315,0.99999995203487491,-4.7965126275115547e-08,4.7965126275115547e-08,0.99999983085995736,-1.6914005697803417e-07,1.6914005697803417e-07,-1.2117493070291861e-07
440,15506,0.99999980708403313,-1.9291598545206067e-07,1.9291598545206067e-07,0.99999952903042955,-4.7096968137043868e-07,4.7096968137043868e-07,-2.7805369591837799e-07
441,5820,0.99999959648522296,-4.0351485849407065e-07,4.0351485849407065e-07,0.99999862825889341,-1.3717420474712238e-06,1.3717420474712238e-06,-9.6822718897715314e-07
442,304,0.99999997965787912,-2.0342121113836814e-08,2.0342121113836814e-08,0.99999983874720999,-1.6125280298765425e-07,1.6125280298765425e-07,-1.4091068187381744e-07
443,279,0.99999995550559229,-4.4494408722338414e-08,4.4494408722338414e-08,0.9999998277994161,-1.7220059871975663e-07,1.7220059871975663e-07,-1.2770618999741821e-07
444,13759,0.99999894246413179,-1.0575364274564994e-06,1.0575364274564994e-06,0.99999882309516508,-1.1769055274814969e-06,1.1769055274814969e-06,-1.1936910002499743e-07
445,6460,0.9999991819068339,-8.1809350070334723e-07,8.1809350070334723e-07,0.99999824115181513,-1.7588497316223798e-06,1.7588497316223798e-06,-9.4075623091903255e-07
446,323,0.99998363291510028,-1.6367218841883066e-05,1.6367218841883066e-05,0.9999904925331935,-9.5075120027709272e-06,9.5075120027709272e-06,6.8597068391121383e-06
447,832,0.99999928977058616,-7.1022966599730986e-07,7.1022966599730986e-07,0.99999946749562585,-5.3250451592149376e-07,5.3250451592149376e-07,1.7772515007581609e-07
448,842,0.99999939030170926,-6.0969847657982491e-07,6.0969847657982491e-07,0.99999969573737113,-3.0426267517433046e-07,3.0426267517433046e-07,3.0543580140549445e-07
449,315,0.99999995936262287,-4.0637377969640205e-08,4.0637377969640205e-08,0.99999980746422379,-1.9253579475757631e-07,1.9253579475757631e-07,-1.518984167879361e-07
450,279,0.99999997541071484,-2.4589285416373753e-08,2.4589285416373753e-08,0.99999989182974558,-1.0817026022727563e-07,1.0817026022727563e-07,-8.3580974810901881e-08
451,57664,0.99999941746741172,-5.8253275800094493e-07,5.8253275800094493e-07,0.99999961810116988,-3.8189890307510052e-07,3.8189890307510052e-07,2.0063385492584441e-07
452,6830,0.99973452296196597,-0.0002655122833008837,0.0002655122833008837,0.99984174342623422,-0.00015826909765871138,0.00015826909765871138,0.00010724318564217232
453,11600,0.99990560034237397,-9.4404113554172263e-05,9.4404113554172263e-05,0.99989428067328812,-0.00010572491539376934,0.00010572491539376934,-1.1320801839597073e-05
454,360,0.99999986144337838,-1.3855663122843258e-07,1.3855663122843258e-07,0.99999997360262194,-2.6397378378927808e-08,2.6397378378927808e-08,1.1215925284950478e-07
455,1030,0.99999980483041429,-1.9516960475003276e-07,1.9516960475003276e-07,0.99999957309339549,-4.2690669568544535e-07,4.2690669568544535e-07,-2.3173709093541259e-07
456,480,0.99986276369683924,-0.00013724572092381354,0.00013724572092381354,0.99996112429173412,-3.8876463945832773e-05,3.8876463945832773e-05,9.8369256977980771e-05
457,5164,0.99999926413335583,-7.3586691488044306e-07,7.3586691488044306e-07,0.99999922386669682,-7.761336043971855e-07,7.761336043971855e-07,-4.0266689516742438e-08
458,263,0.99999989761242847,-1.0238757672673586e-07,1.0238757672673586e-07,0.99999966150319253,-3.3849686475761171e-07,3.3849686475761171e-07,-2.3610928803087586e-07
459,6696,0.99999962376569596,-3.7623437482203903e-07,3.7623437482203903e-07,0.99999926077828438,-7.3922198884481932e-07,7.3922198884481932e-07,-3.6298761402278029e-07
460,6149,0.99999987773237697,-1.2226763053946369e-07,1.2226763053946369e-07,0.99999970605150534,-2.9394853782872438e-07,2.9394853782872438e-07,-1.7168090728926069e-07
461,11,0.99999972992376451,-2.700762719578578e-07,2.700762719578578e-07,0.99999954050646256,-4.594936430385458e-07,4.594936430385458e-07,-1.8941737108068799e-07
462,31799,0.99999513738914092,-4.862622681596962e-06,4.862622681596962e-06,0.99999474133361621,-5.2586802106746162e-06,5.2586802106746162e-06,-3.9605752907765418e-07
463,15506,0.99999954350544529,-4.5649465890768669e-07,4.5649465890768669e-07,0.99999651413693569,-3.4858691399430703e-06,3.4858691399430703e-06,-3.0293744810353838e-06
464,5270,0.99999881105493438,-1.1889457724728434e-06,1.1889457724728434e-06,0.99999803638340135,-1.9636185265591821e-06,1.9636185265591821e-06,-7.7467275408633873e-07
465,449,0.99999976611317465,-2.3388685273398886e-07,2.3388685273398886e-07,0.9999997896495193,-2.1035050287473531e-07,2.1035050287473531e-07,2.3536349859253543e-08
466,13936,0.99999910840702966,-8.9159336779255935e-07,8.9159336779255935e-07,0.99999382237045487,-6.1776486267851334e-06,6.1776486267851334e-06,-5.2860552589925737e-06
467,11,0.99997818027850471,-2.1819959548833012e-05,2.1819959548833012e-05,0.99999359479455263,-6.4052259608244496e-06,6.4052259608244496e-06,1.5414733588008561e-05
468,832,0.99999985795454371,-1.4204546640375636e-07,1.4204546640375636e-07,0.99999947221438268,-5.2778575659739344e-07,5.2778575659739344e-07,-3.8574029019363708e-07
469,315,0.99999999556851438,-4.4314856130831545e-09,4.4314856130831545e-09,0.99999996467604257,-3.5323958023135632e-08,3.5323958023135632e-08,-3.0892472410052476e-08
470,279,0.99999999511045856,-4.8895414264482263e-09,4.8895414264482263e-09,0.99999996610137831,-3.3898622223120664e-08,3.3898622223120664e-08,-2.9009080796672439e-08
471,30758,0.99999960102679952,-3.9897328009334713e-07,3.9897328009334713e-07,0.99999964236289118,-3.5763717276204423e-07,3.5763717276204423e-07,4.1336107331302893e-08
472,10507,0.99999907560454415,-9.2439588313264884e-07,9.2439588313264884e-07,0.99999674534835481,-3.2546569415375935e-06,3.2546569415375935e-06,-2.3302610584049448e-06
473,315,0.99999998787461697,-1.2125383068479617e-08,1.2125383068479617e-08,0.99999985523963753,-1.4476037298033686e-07,1.4476037298033686e-07,-1.3263498991185723e-07
474,81069,0.99998001890991772,-1.9981289706943264e-05,1.9981289706943264e-05,0.99996896565822047,-3.1034823354640423e-05,3.1034823354640423e-05,-1.1053533647697159e-05
475,13,0.99998595985541316,-1.4040243150584986e-05,1.4040243150584986e-05,0.99999188833044494,-8.1117024548070847e-06,8.1117024548070847e-06,5.9285406957779015e-06
476,24586,0.99998268476193619,-1.7315387974224209e-05,1.7315387974224209e-05,0.99997206507424863,-2.7935315938670231e-05,2.7935315938670231e-05,-1.0619927964446022e-05
477,311,0.99999999451928323,-5.4807167542935929e-09,5.4807167542935929e-09,0.99999992659095926,-7.3409043480699644e-08,7.3409043480699644e-08,-6.7928326726406048e-08
478,279,0.96936633071204925,-0.031112688263936233,0.031112688263936233,0.98135778348862812,-0.018818172872088829,0.018818172872088829,0.012294515391847404
479,8792,0.99999925755749219,-7.4244278342121599e-07,7.4244278342121599e-07,0.9999972637236002,-2.7362801434102528e-06,2.7362801434102528e-06,-1.9938373599890367e-06
480,3813,0.99999974494502242,-2.5505501011514017e-07,2.5505501011514017e-07,0.99999871665487061,-1.28334595291519e-06,1.28334595291519e-06,-1.0282909428000499e-06
481,304,0.99999918396686271,-8.160334702416554e-07,8.160334702416554e-07,0.99999919438849871,-8.0561182581774877e-07,8.0561182581774877e-07,1.042164442390663e-08
482,279,0.99999925117525323,-7.4882502716986068e-07,7.4882502716986068e-07,0.99999962155406608,-3.7844600553207033e-07,3.7844600553207033e-07,3.7037902163779035e-07
483,16867,0.99999951838575674,-4.8161435921335931e-07,4.8161435921335931e-07,0.99999893813492591,-1.0618656378553264e-06,1.0618656378553264e-06,-5.8025127864196707e-07
484,9581,0.99995606346782584,-4.3937497411829624e-05,4.3937497411829624e-05,0.99996802741832735,-3.1973092806572425e-05,3.1973092806572425e-05,1.1964404605257199e-05
485,6696,0.99999686424463419,-3.1357602823347693e-06,3.1357602823347693e-06,0.99999701583180367,-2.9841726490027028e-06,2.9841726490027028e-06,1.5158763333206644e-07
486,11543,0.99999984557792299,-1.5442208896114142e-07,1.5442208896114142e-07,0.99999942132031672,-5.7867985069100368e-07,5.7867985069100368e-07,-4.2425776172986224e-07
487,11,0.99999995624549276,-4.3754508169741259e-08,4.3754508169741259e-08,0.99999980204950434,-1.9795051526040441e-07,1.9795051526040441e-07,-1.5419600709066314e-07
488,57664,0.99999948740276567,-5.1259736573735578e-07,5.1259736573735578e-07,0.99999900724565094,-9.9275484182438183e-07,9.9275484182438183e-07,-4.8015747608702605e-07
489,4036,0.99999827002754393,-1.7299739524883932e-06,1.7299739524883932e-06,0.99999807359570347,-1.9264061520360889e-06,1.9264061520360889e-06,-1.9643219954769569e-07
490,279,0.99999997114760841,-2.885239205895685e-08,2.885239205895685e-08,0.99999975283798181,-2.4716204870314531e-07,2.4716204870314531e-07,-2.1830965664418846e-07
491,1647,0.99998764560227293,-1.2354474043254311e-05,1.2354474043254311e-05,0.99999402210659194,-5.977911275727511e-06,5.977911275727511e-06,6.3765627675267997e-06
492,25840,0.99998926077046535,-1.0739287200598942e-05,1.0739287200598942e-05,0.99999246353327398,-7.5364951253585378e-06,7.5364951253585378e-06,3.2027920752404043e-06
493,315,0.99997447837673503,-2.5521948947105182e-05,2.5521948947105182e-05,0.99999498437938517,-5.015633193068726e-06,5.015633193068726e-06,2.0506315754036456e-05
494,279,0.99999519051023622,-4.8095013293842086e-06,4.8095013293842086e-06,0.99999833217646972,-1.6678249211255286e-06,1.6678249211255286e-06,3.1416764082586799e-06
495,330,0.99969749462254021,-0.00030255114144100677,0.00030255114144100677,0.99958317370467986,-0.00041691319154826692,0.00041691319154826692,-0.00011436205010726015
496,92140,0.99987650157080288,-0.00012350605575604172,0.00012350605575604172,0.99985062440403005,-0.00014938675361539009,0.00014938675361539009,-2.5880697859348369e-05
497,75,0.99999997031039212,-2.9689608330740658e-08,2.9689608330740658e-08,0.99999998134037693,-1.8659623227882365e-08,1.8659623227882365e-08,1.1029985102858293e-08
498,315,0.99999999653919591,-3.4608040817629298e-09,3.4608040817629298e-09,0.9999999709649523,-2.903504816612748e-08,2.903504816612748e-08,-2.5574244084364551e-08
499,279,0.99999987325261841,-1.2674738965602514e-07,1.2674738965602514e-07,0.9999994987765336,-5.0122359202904232e-07,5.0122359202904232e-07,-3.7447620237301715e-07
500,62574,0.99999374665939755,-6.2533601546468056e-06,6.2533601546468056e-06,0.9999936837106792,-6.3163092686257339e-06,6.3163092686257339e-06,-6.2949113978928289e-08
501,2266,0.36538093425813745,-1.0068148141276763,1.0068148141276763,0.31624167982505802,-1.1512485481400625,1.1512485481400625,-0.14443373401238624
502,62897,0.99971462963560376,-0.00028541109026687666,0.00028541109026687666,0.99992370507341966,-7.6297837186287137e-05,7.6297837186287137e-05,0.00020911325308058953
503,6037,0.99999838424350995,-1.61575779539975e-06,1.61575779539975e-06,0.99999821126665422,-1.7887349455399898e-06,1.7887349455399898e-06,-1.7297715014023985e-07
504,315,0.9999994199033263,-5.8009684194924371e-07,5.8009684194924371e-07,0.99999971281188194,-2.8718815931543275e-07,2.8718815931543275e-07,2.9290868263381096e-07
505,57664,0.99999983319330499,-1.6680670896659185e-07,1.6680670896659185e-07,0.99999975622637371,-2.4377365596915825e-07,2.4377365596915825e-07,-7.6966947002566401e-08
506,323,0.99999968707593578,-3.1292411317726204e-07,3.1292411317726204e-07,0.99999972566733697,-2.7433270067446544e-07,2.7433270067446544e-07,3.8591412502796604e-08
507,279,0.9999999867639362,-1.3236063934995892e-08,1.3236063934995892e-08,0.9999999037861117,-9.6213892887238831e-08,9.6213892887238831e-08,-8.2977828952242938e-08
508,4553,0.99999983471162279,-1.6528839085877719e-07,1.6528839085877719e-07,0.99999971856905534,-2.8143098421690922e-07,2.8143098421690922e-07,-1.1614259335813203e-07
509,57281,0.99999361064261671,-6.3893777952892476e-06,6.3893777952892476e-06,0.99999200455297077,-7.9954789929434354e-06,7.9954789929434354e-06,-1.6061011976541879e-06
510,5438,0.99999939322601161,-6.0677417244995742e-07,6.0677417244995742e-07,0.99999977600374601,-2.2399627908452353e-07,2.2399627908452353e-07,3.8277789336543386e-07
511,82179,0.99999990713463105,-9.2865373298007441e-08,9.2865373298007441e-08,0.99999992607277155,-7.3927231157485317e-08,7.3927231157485317e-08,1.8938142140522124e-08
512,6438,0.99999988172716936,-1.1827283763494242e-07,1.1827283763494242e-07,0.99999982322044023,-1.7677957534022655e-07,1.7677957534022655e-07,-5.8506737705284135e-08
513,36513,0.99999120160918287,-8.7984295232482213e-06,8.7984295232482213e-06,0.99998605550699304,-1.3944590232272209e-05,1.3944590232272209e-05,-5.1461607090239876e-06
514,369,0.99999995077437842,-4.9225622809850721e-08,4.9225622809850721e-08,0.99999978036810377,-2.1963192029012344e-07,2.1963192029012344e-07,-1.7040629748027273e-07
515,927,0.99999999571618137,-4.2838186239795273e-09,4.2838186239795273e-09,0.99999999129397177,-8.7060283047890575e-09,8.7060283047890575e-09,-4.4222096808095302e-09
516,2380,0.99999969234461716,-3.0765543021236777e-07,3.0765543021236777e-07,0.99999962806816822,-3.7193190094452753e-07,3.7193190094452753e-07,-6.4276470732159765e-08
517,24552,0.99999930863836461,-6.9136187434574872e-07,6.9136187434574872e-07,0.99999906616213996,-9.3383829609293409e-07,9.3383829609293409e-07,-2.4247642174718536e-07
518,11,0.99934994970214197,-0.00065026167216044575,0.00065026167216044575,0.99962055373563807,-0.00037951827231169784,0.00037951827231169784,0.00027074339984874791
519,3156,0.99999911815144571,-8.8184894317285597e-07,8.8184894317285597e-07,0.9999966891390798,-3.3108664010654294e-06,3.3108664010654294e-06,-2.4290174578925733e-06
520,220,0.99999941170990836,-5.8829026465472903e-07,5.8829026465472903e-07,0.99999812445865643,-1.8755431023641682e-06,1.8755431023641682e-06,-1.2872528377094391e-06
521,9378,0.99999998765020759,-1.234979244570087e-08,1.234979244570087e-08,0.99999996508655753,-3.4913443082190011e-08,3.4913443082190011e-08,-2.2563650636489141e-08
522,23,0.99999997469090873,-2.530909161304814e-08,2.530909161304814e-08,0.99999996886786324,-3.1132137272023716e-08,3.1132137272023716e-08,-5.8230456589755755e-09
523,13,0.9999963758431516,-3.6241634157193537e-06,3.6241634157193537e-06,0.99999581032265827,-4.189686118493094e-06,4.189686118493094e-06,-5.6552270277374036e-07
524,2468,0.9841574156511439,-0.015969419469332707,0.015969419469332707,0.99751910419593537,-0.0024839783253915622,0.0024839783253915622,0.013485441143941145
525,2204,0.99999940529282516,-5.9470735171771874e-07,5.9470735171771874e-07,0.99999758672026562,-2.4132826463092252e-06,2.4132826463092252e-06,-1.8185752945915066e-06
526,3115,0.99999987847953109,-1.215204762921388e-07,1.215204762921388e-07,0.99999940099947815,-5.9900070127348259e-07,5.9900070127348259e-07,-4.7748022498134382e-07
527,2391,0.99999889091479333,-1.1090858216543692e-06,1.1090858216543692e-06,0.99999592474768229,-4.0752606215439069e-06,4.0752606215439069e-06,-2.9661747998895377e-06
528,279,0.99999940702676204,-5.9297341375501382e-07,5.9297341375501382e-07,0.99999938773037356,-6.122698139283439e-07,6.122698139283439e-07,-1.9296400173330084e-08
529,1317,0.99999981438165153,-1.8561836565924234e-07,1.8561836565924234e-07,0.99999912335263685,-8.7664774738670578e-07,8.7664774738670578e-07,-6.9102938172746344e-07
530,15506,0.99999943446057593,-5.6553958400660764e-07,5.6553958400660764e-07,0.99999736413288964,-2.6358705842223386e-06,2.6358705842223386e-06,-2.0703310002157309e-06
531,4261,0.99999991257755771,-8.7422446124519855e-08,8.7422446124519855e-08,0.99999958589080207,-4.141092837188066e-07,4.141092837188066e-07,-3.2668683759428677e-07
532,11,0.99360673735463922,-0.0064137870744634569,0.0064137870744634569,0.992781416346186,-0.0072447636934162571,0.0072447636934162571,-0.00083097661895280023
533,1070,0.99999809693657971,-1.9030652311230805e-06,1.9030652311230805e-06,0.99998913046173632,-1.0869597337551058e-05,1.0869597337551058e-05,-8.9665321064279776e-06
534,1051,0.99999986257402185,-1.3742598758364528e-07,1.3742598758364528e-07,0.99999968722741472,-3.1277263417312754e-07,3.1277263417312754e-07,-1.7534664658948226e-07
535,2254,0.99999971559956979,-2.8440047069949621e-07,2.8440047069949621e-07,0.99999886377120273,-1.1362294427300142e-06,1.1362294427300142e-06,-8.5182897203051796e-07
536,5891,0.9999940997295137,-5.90028789294471e-06,5.90028789294471e-06,0.99998362376234728,-1.6376371744792556e-05,1.6376371744792556e-05,-1.0476083851847845e-05
537,337,0.99999954325860252,-4.5674150178546603e-07,4.5674150178546603e-07,0.99999898371723062,-1.0162832858082602e-06,1.0162832858082602e-06,-5.5954178402279414e-07
538,2641,0.99999999592965994,-4.0703400567150111e-09,4.0703400567150111e-09,0.99999991687437673,-8.3125626702064363e-08,8.3125626702064363e-08,-7.9055286645349354e-08
539,11,0.99999996155690674,-3.8443093968638485e-08,3.8443093968638485e-08,0.99999991364521146,-8.6354792252050278e-08,8.6354792252050278e-08,-4.7911698283411793e-08
540,8620,0.99999888193140318,-1.118069221888568e-06,1.118069221888568e-06,0.99999512205989538,-4.8779520018031799e-06,4.8779520018031799e-06,-3.7598827799146119e-06
541,1672,0.99999898198408743,-1.0180164307826285e-06,1.0180164307826285e-06,0.9999982043212966,-1.7956803155837858e-06,1.7956803155837858e-06,-7.7766388480115727e-07
542,852,0.99999392015565125,-6.0798628311108558e-06,6.0798628311108558e-06,0.99999349035134422,-6.509669843606477e-06,6.509669843606477e-06,-4.2980701249562113e-07
543,5247,0.99999672931441475,-3.2706909339824027e-06,3.2706909339824027e-06,0.99999616386541001,-3.8361419479893677e-06,3.8361419479893677e-06,-5.6545101400696504e-07
544,11,0.99999992981018182,-7.0189820601531278e-08,7.0189820601531278e-08,0.99999916838575797,-8.3161458779146206e-07,8.3161458779146206e-07,-7.6142476718993081e-07
545,11191,0.99999775943781477,-2.2405646952579987e-06,2.2405646952579987e-06,0.99999919061946996,-8.0938085763625711e-07,8.0938085763625711e-07,1.4311838376217417e-06
546,55066,0.99999915635910297,-8.436412529288614e-07,8.436412529288614e-07,0.99999742084355181,-2.5791597741671342e-06,2.5791597741671342e-06,-1.7355185212382728e-06
547,8951,0.99999983530258607,-1.646974274559244e-07,1.646974274559244e-07,0.99999914188296668,-8.58117401548039e-07,8.58117401548039e-07,-6.9341997409211466e-07
548,11,0.99999995277700449,-4.7222996619402799e-08,4.7222996619402799e-08,0.99999952776830703,-4.7223180451407469e-07,4.7223180451407469e-07,-4.2500880789467191e-07
549,2294,0.99999934592830464,-6.5407190922454533e-07,6.5407190922454533e-07,0.99999936018929414,-6.3981091052046244e-07,6.3981091052046244e-07,1.4260998704082893e-08
550,66579,0.99999903196062856,-9.680398400291701e-07,9.680398400291701e-07,0.99999677054105307,-3.2294641616395917e-06,3.2294641616395917e-06,-2.2614243216104216e-06
551,11,0.99999993000665066,-6.9993351774106136e-08,6.9993351774106136e-08,0.99999904473049772,-9.5526995850034475e-07,9.5526995850034475e-07,-8.852766067262386e-07
552,24113,0.99999912148707737,-8.785133085648646e-07,8.785133085648646e-07,0.99999962788463737,-3.7211543184445047e-07,3.7211543184445047e-07,5.0639787672041407e-07
553,52581,0.99999314380160986,-6.8562218939251762e-06,6.8562218939251762e-06,0.99998747292576651,-1.2527152697968076e-05,1.2527152697968076e-05,-5.6709308040428994e-06
554,323,0.72706262676614075,-0.31874266105132437,0.31874266105132437,0.82071134705000592,-0.19758381837892613,0.19758381837892613,0.12115884267239824
555,30215,0.99999757912893195,-2.4208739983814777e-06,2.4208739983814777e-06,0.99999360688534678,-6.393135089287618e-06,6.393135089287618e-06,-3.9722610909061399e-06
556,13865,0.99999951268435139,-4.8731576735017623e-07,4.8731576735017623e-07,0.99999822319477527,-1.7768068032371666e-06,1.7768068032371666e-06,-1.2894910358869903e-06
557,11,0.99999954976779315,-4.5023230822217535e-07,4.5023230822217535e-07,0.99999901192441509,-9.8807607308957081e-07,9.8807607308957081e-07,-5.3784376486739551e-07
558,323,0.99999998234501086,-1.765498931452326e-08,1.765498931452326e-08,0.99999989225257468,-1.0774743116786146e-07,1.0774743116786146e-07,-9.0092441853338203e-08
559,264,0.99999931465964165,-6.8534059324232533e-07,6.8534059324232533e-07,0.99999954239988642,-4.5760021826827065e-07,4.5760021826827065e-07,2.2774037497405468e-07
560,8013,0.99999971272563781,-2.8727440341361507e-07,2.8727440341361507e-07,0.99999770032638413,-2.2996762601585917e-06,2.2996762601585917e-06,-2.0124018567449769e-06
561,30747,0.99999348886768991,-6.5111535075755814e-06,6.5111535075755814e-06,0.9999651942950506,-3.4806310681993964e-05,3.4806310681993964e-05,-2.8295157174418384e-05
562,315,0.99999998124118961,-1.8758810551046659e-08,1.8758810551046659e-08,0.99999982914129648,-1.7085871812125315e-07,1.7085871812125315e-07,-1.5209990757020649e-07
563,279,0.9999999753469403,-2.4653059956007092e-08,2.4653059956007092e-08,0.9999997975395708,-2.0246044967158054e-07,2.0246044967158054e-07,-1.7780738971557344e-07
564,3363,0.99999985612981801,-1.438701922908562e-07,1.438701922908562e-07,0.99999888408599902,-1.1159146235751771e-06,1.1159146235751771e-06,-9.720444312843209e-07
565,2391,0.99999701255018958,-2.987454272835874e-06,2.987454272835874e-06,0.99999556011637214,-4.4398934841945704e-06,4.4398934841945704e-06,-1.4524392113586963e-06
566,872,0.99999950313872343,-4.9686140004451731e-07,4.9686140004451731e-07,0.99999767504422032,-2.3249584824114146e-06,2.3249584824114146e-06,-1.8280970823668973e-06
567,46025,0.9999987656676933,-1.2343330684684635e-06,1.2343330684684635e-06,0.99999796199490143,-2.0380071752875403e-06,2.0380071752875403e-06,-8.0367410681907675e-07
568,4879,0.99999611904504693,-3.8809624839687441e-06,3.8809624839687441e-06,0.99998736504519292,-1.2635034628767619e-05,1.2635034628767619e-05,-8.7540721447988744e-06
569,311,0.99999992392646364,-7.6073539238757087e-08,7.6073539238757087e-08,0.99999952419814708,-4.7580196609788053e-07,4.7580196609788053e-07,-3.9972842685912344e-07
570,51630,0.99995561575994596,-4.4385225063600639e-05,4.4385225063600639e-05,0.99992271255024467,-7.7290436584133808e-05,7.7290436584133808e-05,-3.2905211520533169e-05
571,279,0.99999992368985513,-7.631014773129151e-08,7.631014773129151e-08,0.99999971436067925,-2.8563936155822867e-07,2.8563936155822867e-07,-2.0932921382693716e-07
572,26363,0.99999960514677166,-3.9485330625672525e-07,3.9485330625672525e-07,0.99999908574594609,-9.1425447186371652e-07,9.1425447186371652e-07,-5.1940116560699127e-07
573,13,0.92127448623336727,-0.081997256474022021,0.081997256474022021,0.96712085999859609,-0.033431806852097186,0.033431806852097186,0.048565449621924835
574,7365,0.99995957460915275,-4.0426207975365298e-05,4.0426207975365298e-05,0.99986120918983312,-0.0001388004425026875,0.0001388004425026875,-9.8374234527322208e-05
575,574,0.99999948265635796,-5.1734377588938405e-07,5.1734377588938405e-07,0.99999921625311738,-7.8374718977200084e-07,7.8374718977200084e-07,-2.664034138826168e-07
576,6118,0.99999762868144904,-2.371321362548269e-06,2.371321362548269e-06,0.99998828585432731,-1.1714214283804768e-05,1.1714214283804768e-05,-9.3428929212564994e-06
577,6288,0.99999759329946603,-2.4067034301170554e-06,2.4067034301170554e-06,0.99999341292671151,-6.5870949833782071e-06,6.5870949833782071e-06,-4.1803915532611521e-06
578,28101,0.99999640605610851,-3.5939503496873224e-06,3.5939503496873224e-06,0.9999913160899524,-8.6839477529184764e-06,8.6839477529184764e-06,-5.089997403231154e-06
579,11,0.96481013443923569,-0.035823948877780461,0.035823948877780461,0.9473883107434028,-0.054046226817068971,0.054046226817068971,-0.01822227793928851
580,323,0.99999992739818622,-7.2601816365638208e-08,7.2601816365638208e-08,0.9999997842650693,-2.1573495394504438e-07,2.1573495394504438e-07,-1.4313313757940617e-07
581,279,0.99999997837959054,-2.1620409673109613e-08,2.1620409673109613e-08,0.99999962149420485,-3.7850586673650061e-07,3.7850586673650061e-07,-3.5688545706339099e-07
582,3363,0.99999975594977331,-2.4405025642195798e-07,2.4405025642195798e-07,0.99999726810351952,-2.7319002120884573e-06,2.7319002120884573e-06,-2.4878499556664995e-06
583,6052,0.99999867465608927,-1.3253447889437473e-06,1.3253447889437473e-06,0.99999630412691509,-3.6958799146533057e-06,3.6958799146533057e-06,-2.3705351257095585e-06
584,311,0.9999999855172268,-1.44827733200977e-08,1.44827733200977e-08,0.99999977711983223,-2.2288019255534794e-07,2.2288019255534794e-07,-2.0839741923525024e-07
585,279,0.99995829393111635,-4.170693860587607e-05,4.170693860587607e-05,0.99999278907548195,-7.21095051693724e-06,7.21095051693724e-06,3.4495988088938829e-05
586,2626,0.99999953162890831,-4.6837120138288554e-07,4.6837120138288554e-07,0.99999656782551205,-3.432180377922093e-06,3.432180377922093e-06,-2.9638091765392073e-06
587,315,0.99999997212278269,-2.7877217700930751e-08,2.7877217700930751e-08,0.9999998611257459,-1.3887426377127123e-07,1.3887426377127123e-07,-1.1099704607034048e-07
588,6696,0.99999981706537688,-1.8293463980153058e-07,1.8293463980153058e-07,0.99999816355130833,-1.8364503779206645e-06,1.8364503779206645e-06,-1.653515738119134e-06
589,382,0.99885187766395878,-0.0011487819334044728,0.0011487819334044728,0.99886638255111948,-0.0011342604791535595,0.0011342604791535595,1.4521454250913338e-05
590,644,0.99993103149590445,-6.8970882532129501e-05,6.8970882532129501e-05,0.99998610633697049,-1.3893759547369764e-05,1.3893759547369764e-05,5.5077122984759734e-05
591,279,0.99999906946727235,-9.3053316056668985e-07,9.3053316056668985e-07,0.99999757267748723,-2.4273254587625506e-06,2.4273254587625506e-06,-1.4967922981958607e-06
592,220,0.99999972078754507,-2.7921249389229644e-07,2.7921249389229644e-07,0.99999977343172053,-2.2656830509679883e-07,2.2656830509679883e-07,5.2644188795497608e-08
593,777,0.99999991746043471,-8.2539568659663493e-08,8.2539568659663493e-08,0.99999997961195231,-2.0388047930805785e-08,2.0388047930805785e-08,6.2151520728857708e-08
594,339,0.9999999747060393,-2.5293961049962164e-08,2.5293961049962164e-08,0.99999983652642321,-1.634735901809328e-07,1.634735901809328e-07,-1.3817962913097063e-07
595,9478,0.99999564129962826,-4.3587098709114565e-06,4.3587098709114565e-06,0.99999650320241107,-3.4968037027691989e-06,3.4968037027691989e-06,8.6190616814225758e-07
596,11,0.99964996019850028,-0.00035010107973137088,0.00035010107973137088,0.99979854659255363,-0.00020147370190970394,0.00020147370190970394,0.00014862737782166694
597,57664,0.9999997641892634,-2.3581076442287152e-07,2.3581076442287152e-07,0.99999959047735631,-4.0952272758535606e-07,4.0952272758535606e-07,-1.7371196316248454e-07
598,574,0.99999255425924383,-7.4457684758013635e-06,7.4457684758013635e-06,0.99999920249340268,-7.9750691535452371e-07,7.9750691535452371e-07,6.6482615604468394e-06
599,832,0.99999993691837608,-6.3081625931589584e-08,6.3081625931589584e-08,0.99999984833527644,-1.5166473503828517e-07,1.5166473503828517e-07,-8.8583109106695584e-08
600,315,0.99999999719964117,-2.8003588297889879e-09,2.8003588297889879e-09,0.99999996570665528,-3.4293345352722296e-08,3.4293345352722296e-08,-3.1492986522933305e-08
601,279,0.9999999966525428,-3.3474571947173015e-09,3.3474571947173015e-09,0.99999993440281842,-6.5597183753879695e-08,6.5597183753879695e-08,-6.2249726559162398e-08
602,1455,0.99999991874945626,-8.1250546987022213e-08,8.1250546987022213e-08,0.99999991714462366,-8.285537978855171e-08,8.285537978855171e-08,-1.6048328015294964e-09
603,6617,0.99999978347091178,-2.1652911162399358e-07,2.1652911162399358e-07,0.99999917509758818,-8.2490275204563778e-07,8.2490275204563778e-07,-6.0837364042164417e-07
604,9919,0.99999993046921021,-6.9530792260153705e-08,6.9530792260153705e-08,0.99999945959539649,-5.4040474948066273e-07,5.4040474948066273e-07,-4.7087395722050903e-07
605,304,0.99999999474014323,-5.2598567585219185e-09,5.2598567585219185e-09,0.99999994889891708,-5.1101084279598511e-08,5.1101084279598511e-08,-4.5841227521076593e-08
606,13936,0.99999968369516623,-3.1630488377624235e-07,3.1630488377624235e-07,0.99999818861503798,-1.8113866026163554e-06,1.8113866026163554e-06,-1.495081718840113e-06
607,13,0.99999737503312702,-2.6249703182277764e-06,2.6249703182277764e-06,0.99999726731552774,-2.7326882060482283e-06,2.7326882060482283e-06,-1.0771788782045181e-07
608,13538,0.99999593569484124,-4.0643134180997885e-06,4.0643134180997885e-06,0.9999926954252284,-7.3046014501463642e-06,7.3046014501463642e-06,-3.2402880320465757e-06
609,279,0.99999998821338953,-1.1786610506974281e-08,1.1786610506974281e-08,0.99999987880266517,-1.2119734214527858e-07,1.2119734214527858e-07,-1.094107316383043e-07
610,15506,0.99999706936350741,-2.9306407869463652e-06,2.9306407869463652e-06,0.99999296404328741,-7.0359814650776823e-06,7.0359814650776823e-06,-4.1053406781313171e-06
611,24145,0.99509422642238909,-0.0049178463852997149,0.0049178463852997149,0.99442489959722291,-0.005590699278910637,0.005590699278910637,-0.00067285289361092206
612,5111,0.99999491903838467,-5.0809745235096988e-06,5.0809745235096988e-06,0.99999662595732053,-3.3740483715907865e-06,3.3740483715907865e-06,1.7069261519189124e-06
613,11,0.99999994355280342,-5.6447198210101407e-08,5.6447198210101407e-08,0.9999997514680925,-2.4853193834285247e-07,2.4853193834285247e-07,-1.9208474013275108e-07
614,57664,0.9999996842808232,-3.157192266608834e-07,3.157192266608834e-07,0.99999925888195873,-7.4111831586883381e-07,7.4111831586883381e-07,-4.2539908920795042e-07
615,5602,0.99999919159883732,-8.0840148939814145e-07,8.0840148939814145e-07,0.99999964051419066,-3.5948587395743571e-07,3.5948587395743571e-07,4.4891561544070574e-07
616,279,0.99999998341612928,-1.6583870805652992e-08,1.6583870805652992e-08,0.99999980732915716,-1.9267086135611345e-07,1.9267086135611345e-07,-1.7608699055046045e-07
617,10205,0.99999995082183224,-4.9178168993533198e-08,4.9178168993533198e-08,0.99999982464192316,-1.7535809221505321e-07,1.7535809221505321e-07,-1.2617992322152002e-07
618,315,0.99999999580886456,-4.1911354299197235e-09,4.1911354299197235e-09,0.99999983165325002,-1.6834676412504121e-07,1.6834676412504121e-07,-1.6415562869512148e-07
619,279,0.99999998550243752,-1.4497562600794432e-08,1.4497562600794432e-08,0.99999979993546162,-2.0006455844653171e-07,2.0006455844653171e-07,-1.8556699584573727e-07
620,57281,0.99999908786984704,-9.1213056897346251e-07,9.1213056897346251e-07,0.99999848619164788,-1.5138094979171773e-06,1.5138094979171773e-06,-6.0167892894371477e-07
621,22910,0.99999952455997709,-4.7544013592650972e-07,4.7544013592650972e-07,0.999999535970992,-4.6402911560674296e-07,4.6402911560674296e-07,1.1411020319766758e-08
622,13,0.99984538506023024,-0.00015462689389180231,0.00015462689389180231,0.99994532144300252,-5.46800519242896e-05,5.46800519242896e-05,9.9946841967512714e-05
623,9636,0.99999602241359054,-3.9775943200593207e-06,3.9775943200593207e-06,0.99999530865658115,-4.6913544232688491e-06,4.6913544232688491e-06,-7.1376010320952849e-07
624,279,0.99837695186583653,-0.0016243667037140557,0.0016243667037140557,0.99985786170211788,-0.00014214840048736179,0.00014214840048736179,0.001482218303226694
625,3778,0.99999986971142774,-1.3028858076312469e-07,1.3028858076312469e-07,0.9999993374622167,-6.6253800280632995e-07,6.6253800280632995e-07,-5.3224942204320523e-07
626,6037,0.99999923983246763,-7.6016782130886061e-07,7.6016782130886061e-07,0.99999914096584253,-8.5903452646932766e-07,8.5903452646932766e-07,-9.8866705160467053e-08
627,2768,0.99994732060870972,-5.26807788981404e-05,5.26807788981404e-05,0.99997568774969525,-2.4312545852245338e-05,2.4312545852245338e-05,2.8368233045895061e-05
628,279,0.99999995855958124,-4.1440419569874824e-08,4.1440419569874824e-08,0.99999967970871739,-3.2029133389857621e-07,3.2029133389857621e-07,-2.7885091432870137e-07
629,15506,0.99999857294236472,-1.4270586535171332e-06,1.4270586535171332e-06,0.9999946393411645,-5.3606732038524189e-06,5.3606732038524189e-06,-3.9336145503352857e-06
630,24145,0.99996219156474564,-3.7809150011266264e-05,3.7809150011266264e-05,0.99998497905810868,-1.5021054706780876e-05,1.5021054706780876e-05,2.2788095304485386e-05
631,5111,0.99999714648268179,-2.8535213895148248e-06,2.8535213895148248e-06,0.9999977576591571,-2.2423433569304084e-06,2.2423433569304084e-06,6.1117803258441642e-07
632,11,0.99999981277317218,-1.8722684537523203e-07,1.8722684537523203e-07,0.99999885269498012,-1.1473056780023718e-06,1.1473056780023718e-06,-9.6007883262713981e-07
633,279,0.99999943701765204,-5.6298250645647433e-07,5.6298250645647433e-07,0.99999879883917975,-1.2011615415922412e-06,1.2011615415922412e-06,-6.3817903513576684e-07
634,3723,0.99999967862244721,-3.2137760440111041e-07,3.2137760440111041e-07,0.99999789371323344,-2.1062889847796696e-06,2.1062889847796696e-06,-1.7849113803785592e-06
635,4273,0.99999864410956441,-1.3558913547920167e-06,1.3558913547920167e-06,0.99999559041737485,-4.4095923474437906e-06,4.4095923474437906e-06,-3.0537009926517739e-06
636,5614,0.99999645850135688,-3.5415049142871862e-06,3.5415049142871862e-06,0.99998328053914998,-1.6719600621775494e-05,1.6719600621775494e-05,-1.3178095707488308e-05
637,279,0.99999997233579252,-2.766420787485095e-08,2.766420787485095e-08,0.99999974224607024,-2.5775396292824786e-07,2.5775396292824786e-07,-2.3008975505339691e-07
638,4033,0.99999985874768127,-1.4125232873842635e-07,1.4125232873842635e-07,0.9999995393182799,-4.6068182626546989e-07,4.6068182626546989e-07,-3.1942949752704351e-07
639,4221,0.99999982067869819,-1.793213179259327e-07,1.793213179259327e-07,0.99999866425328221,-1.3357476099180967e-06,1.3357476099180967e-06,-1.156426291992164e-06
640,505,0.99999989956729929,-1.0043270577113764e-07,1.0043270577113764e-07,0.99999969845498493,-3.0154506053150965e-07,3.0154506053150965e-07,-2.01112354760372e-07
641,15506,0.99999966746073565,-3.3253931963418342e-07,3.3253931963418342e-07,0.99999743558262222,-2.5644206659472576e-06,2.5644206659472576e-06,-2.231881346313074e-06
642,311,0.99999999534715456,-4.6528454314411441e-09,4.6528454314411441e-09,0.99999994663111402,-5.3368887439639355e-08,5.3368887439639355e-08,-4.8716042008198211e-08
643,6498,0.9999998713952104,-1.286047978681469e-07,1.286047978681469e-07,0.99999857239253387,-1.4276084851341701e-06,1.4276084851341701e-06,-1.2990036872660231e-06
644,323,0.99998314239895258,-1.6857743138319529e-05,1.6857743138319529e-05,0.99999393370953382,-6.0663088662075752e-06,6.0663088662075752e-06,1.0791434272111953e-05
645,1903,0.99999980937433841,-1.906256797243335e-07,1.906256797243335e-07,0.9999992721098574,-7.2789040749057754e-07,7.2789040749057754e-07,-5.3726472776624398e-07
646,1063,0.99998885959643202,-1.1140465622704366e-05,1.1140465622704366e-05,0.99999901215116882,-9.8784931914259986e-07,9.8784931914259986e-07,1.0152616303561765e-05
647,4442,0.99999979970474129,-2.0029527873207478e-07,2.0029527873207478e-07,0.99999908295086082,-9.1704955968575646e-07,9.1704955968575646e-07,-7.1675428095368162e-07
648,304,0.99999988909459792,-1.1090540825771982e-07,1.1090540825771982e-07,0.99999979318347887,-2.0681654248812513e-07,2.0681654248812513e-07,-9.5911134230405311e-08
649,6873,0.99999979078162493,-2.0921839692565923e-07,2.0921839692565923e-07,0.99999910702792971,-8.9297246894985442e-07,8.9297246894985442e-07,-6.8375407202419525e-07
650,11,0.99999997140134822,-2.8598652148279816e-08,2.8598652148279816e-08,0.99999989786344501,-1.0213656021151889e-07,1.0213656021151889e-07,-7.3537908063239073e-08
651,2254,0.99999980943848332,-1.9056153482495457e-07,1.9056153482495457e-07,0.99999840535372897,-1.5946475424340896e-06,1.5946475424340896e-06,-1.4040860076091351e-06
652,7016,0.99999981188369846,-1.881163192582729e-07,1.881163192582729e-07,0.99999827524129381,-1.7247601936325874e-06,1.7247601936325874e-06,-1.5366438743743144e-06
653,11,0.99988251471794365,-0.00011749218399265407,0.00011749218399265407,0.99952484560691157,-0.00047526731470864117,0.00047526731470864117,-0.00035777513071598709
654,323,0.99999999822951779,-1.7704822037204453e-09,1.7704822037204453e-09,0.99999999039159981,-9.6084002514619872e-09,9.6084002514619872e-09,-7.8379180477415421e-09
655,16036,0.99999982001422549,-1.7998579072768803e-07,1.7998579072768803e-07,0.99999859245140998,-1.4075495806101845e-06,1.4075495806101845e-06,-1.2275637898824965e-06
656,9293,0.9999997817282481,-2.1827177570232032e-07,2.1827177570232032e-07,0.99999926230887759,-7.3769139454691876e-07,7.3769139454691876e-07,-5.1941961884459843e-07
657,382,0.98782322036150794,-0.012251524003178974,0.012251524003178974,0.99263564457078268,-0.0073916061665013936,0.0073916061665013936,0.0048599178366775806
658,92459,0.99952945207883326,-0.00047065866358088836,0.00047065866358088836,0.99970725974188468,-0.00029278311490881675,0.00029278311490881675,0.00017787554867207162
659,279,0.99999999914906046,-8.5093954069070406e-10,8.5093954069070406e-10,0.99999996387778567,-3.6122215010663063e-08,3.6122215010663063e-08,-3.5271275469972357e-08
660,842,0.99999995383828344,-4.6161717604327256e-08,4.6161717604327256e-08,0.99999977844226651,-2.2155775802090774e-07,2.2155775802090774e-07,-1.7539604041658047e-07
661,315,0.99999999185045907,-8.149541008794319e-09,8.149541008794319e-09,0.9999999945287732,-5.4712267899756688e-09,5.4712267899756688e-09,2.6783142188186502e-09
662,4435,0.99999881547601599,-1.1845246855604712e-06,1.1845246855604712e-06,0.99999854701561919,-1.4529854364282368e-06,1.4529854364282368e-06,-2.6846075086776554e-07
663,5111,0.9999998338635997,-1.6613641414750549e-07,1.6613641414750549e-07,0.99999965422999326,-3.4577006653028792e-07,3.4577006653028792e-07,-1.7963365238278243e-07
664,8105,0.99999955344378311,-4.465563165829254e-07,4.465563165829254e-07,0.99999554840634319,-4.4516035652198093e-06,4.4516035652198093e-06,-4.0050472486368841e-06
665,11,0.99999924659755457,-7.5340272927944285e-07,7.5340272927944285e-07,0.99999934739316365,-6.5260704928234907e-07,6.5260704928234907e-07,1.0079567999709378e-07
666,2391,0.99999485510152697,-5.144911708109137e-06,5.144911708109137e-06,0.99999759747859807,-2.4025242880308268e-06,2.4025242880308268e-06,2.7423874200783102e-06
667,279,0.99999994373877643,-5.6261225205816022e-08,5.6261225205816022e-08,0.99999989846952386,-1.0153048130844478e-07,1.0153048130844478e-07,-4.5269256102628757e-08
668,16506,0.99999519408188353,-4.8059296649386642e-06,4.8059296649386642e-06,0.99998973166452887,-1.0268388190820377e-05,1.0268388190820377e-05,-5.462458525881713e-06
669,315,0.99999999306911991,-6.9308800680523301e-09,6.9308800680523301e-09,0.99999995835519395,-4.1644806957280828e-08,4.1644806957280828e-08,-3.4713926889228501e-08
670,57664,0.99999915866860567,-8.4133174828861522e-07,8.4133174828861522e-07,0.99999813605605903,-1.8639456781558879e-06,1.8639456781558879e-06,-1.0226139298672726e-06
671,11,0.99902735466433412,-0.00097311866208438322,0.00097311866208438322,0.99934312238603717,-0.00065709345258756538,0.00065709345258756538,0.00031602520949681784
672,1455,0.9999966854998904,-3.3145056026070168e-06,3.3145056026070168e-06,0.99999682219288066,-3.1778121685638558e-06,3.1778121685638558e-06,1.3669343404316099e-07
673,315,0.99999999879853707,-1.2014629284239347e-09,1.2014629284239347e-09,0.99999996344173603,-3.6558264635656458e-08,3.6558264635656458e-08,-3.5356801707232525e-08
674,279,0.99999999755532865,-2.4446713512521041e-09,2.4446713512521041e-09,0.99999993265752096,-6.7342481322022597e-08,6.7342481322022597e-08,-6.4897809970770497e-08
675,3363,0.99999993103165041,-6.8968351982559716e-08,6.8968351982559716e-08,0.99999910571408634,-8.9428631347466643e-07,8.9428631347466643e-07,-8.2531796149210666e-07
676,574,0.99999991523480436,-8.4765199264259482e-08,8.4765199264259482e-08,0.99999937223962898,-6.2776056810665961e-07,6.2776056810665961e-07,-5.4299536884240016e-07
677,68461,0.99996900535051714,-3.0995129826940076e-05,3.0995129826940076e-05,0.99996668147247436,-3.3319082600137278e-05,3.3319082600137278e-05,-2.3239527731972026e-06
678,555,0.9999999891642718,-1.0835728255911151e-08,1.0835728255911151e-08,0.99999979752472179,-2.0247529867948386e-07,2.0247529867948386e-07,-1.9163957042357271e-07
679,37295,0.99989527730644312,-0.00010472817736104743,0.00010472817736104743,0.99988261584417815,-0.00011739104588101321,0.00011739104588101321,-1.266286851996578e-05
680,41884,0.99999974989550899,-2.501045222357931e-07,2.501045222357931e-07,0.9999994144938682,-5.8550630322854933e-07,5.8550630322854933e-07,-3.3540178099275623e-07
681,86562,0.99998770654109281,-1.2293534472378621e-05,1.2293534472378621e-05,0.99998473548801592,-1.5264628487881287e-05,1.5264628487881287e-05,-2.971094015502666e-06
682,479,0.99999964537537178,-3.5462469112715077e-07,3.5462469112715077e-07,0.99999934648802047,-6.5351219309510925e-07,6.5351219309510925e-07,-2.9888750196795848e-07
683,555,0.99999994333537956,-5.6664622054501346e-08,5.6664622054501346e-08,0.99999970346818512,-2.9653185884473927e-07,2.9653185884473927e-07,-2.3986723679023793e-07
684,279,0.99999998656322941,-1.3436770716844734e-08,1.3436770716844734e-08,0.99999983214989285,-1.6785012125953778e-07,1.6785012125953778e-07,-1.5441335054269305e-07
685,3723,0.9999994158608253,-5.8413934525957711e-07,5.8413934525957711e-07,0.99999867472183657,-1.3252790416233647e-06,1.3252790416233647e-06,-7.4113969636378761e-07
686,4273,0.99999903887067998,-9.6112978195188348e-07,9.6112978195188348e-07,0.99999679000462371,-3.2100005283191179e-06,3.2100005283191179e-06,-2.2488707463672347e-06
687,6690,0.99999987705934945,-1.2294065809057193e-07,1.2294065809057193e-07,0.99999963251375257,-3.6748631491234055e-07,3.6748631491234055e-07,-2.4454565682176862e-07
688,11994,0.99999949796703946,-5.0203308653852033e-07,5.0203308653852033e-07,0.9999992588675638,-7.4113271078785812e-07,7.4113271078785812e-07,-2.3909962424933778e-07
689,13,0.99999675164277424,-3.2483625017177324e-06,3.2483625017177324e-06,0.99999436952976617,-5.6304860850325057e-06,5.6304860850325057e-06,-2.3821235833147732e-06
690,1666,0.99999714206628554,-2.8579377983535074e-06,2.8579377983535074e-06,0.99999509753787186,-4.9024741452154307e-06,4.9024741452154307e-06,-2.0445363468619234e-06
691,264,0.9999999957711565,-4.2288434886585514e-09,4.2288434886585514e-09,0.99999997986102795,-2.013897228685814e-08,2.013897228685814e-08,-1.5910128798199588e-08
692,1121,0.99999965815256087,-3.4184749761030215e-07,3.4184749761030215e-07,0.99999720028396455,-2.7997199546279562e-06,2.7997199546279562e-06,-2.457872457017654e-06
693,11,0.99999990989043963,-9.0109564413683967e-08,9.0109564413683967e-08,0.99999992162861029,-7.8371392746418205e-08,7.8371392746418205e-08,1.1738171667265762e-08
694,12309,0.99999368638596853,-6.3136339624460841e-06,6.3136339624460841e-06,0.99999435921455138,-5.640801357932934e-06,5.640801357932934e-06,6.7283260451315018e-07
695,2697,0.9999996812395292,-3.1876052157786373e-07,3.1876052157786373e-07,0.99999829445898791,-1.7055424665439424e-06,1.7055424665439424e-06,-1.3867819449660787e-06
696,8625,0.99999890421524784,-1.0957853524918697e-06,1.0957853524918697e-06,0.99999936091792729,-6.3908227694439391e-07,6.3908227694439391e-07,4.5670307554747577e-07
697,315,0.99999998776931365,-1.2230686388815295e-08,1.2230686388815295e-08,0.99999993787019725,-6.2129804702726093e-08,6.2129804702726093e-08,-4.9899118313910801e-08
698,57664,0.9999991214818964,-8.7851848952707978e-07,8.7851848952707978e-07,0.99999912997536233,-8.7002501614512813e-07,8.7002501614512813e-07,8.4934733819516576e-09
699,596,0.99998256552619713,-1.743462578508283e-05,1.743462578508283e-05,0.99991129440549809,-8.8709529075880824e-05,8.8709529075880824e-05,-7.1274903290797991e-05
700,864,0.99997271747465988,-2.7282897514954325e-05,2.7282897514954325e-05,0.99997792332669755,-2.2076916995765237e-05,2.2076916995765237e-05,5.2059805191890882e-06
701,11710,0.97569720908856172,-0.024602977291959129,0.024602977291959129,0.98941132671969589,-0.010645132184827804,0.010645132184827804,0.013957845107131325
702,323,0.99999995815751852,-4.1842482380608246e-08,4.1842482380608246e-08,0.99999978188228311,-2.181177407289582e-07,2.181177407289582e-07,-1.7627525834834997e-07
703,37683,0.99999971253189424,-2.874681470456984e-07,2.874681470456984e-07,0.99999926190384503,-7.380964273662034e-07,7.380964273662034e-07,-4.50628280320505e-07
704,18112,0.9999996680715777,-3.3192847734942324e-07,3.3192847734942324e-07,0.99999848631157784,-1.5136895678107987e-06,1.5136895678107987e-06,-1.1817610904613754e-06
705,11,0.99993342151663456,-6.6580699811098206e-05,6.6580699811098206e-05,0.99999135943471051,-8.6406026194276748e-06,8.6406026194276748e-06,5.7940097191670528e-05
706,8051,0.99999491396821594,-5.0860447179789037e-06,5.0860447179789037e-06,0.99998491901107722,-1.5081102642000216e-05,1.5081102642000216e-05,-9.995057924021311e-06
707,1070,0.99999985868182706,-1.4131818294009539e-07,1.4131818294009539e-07,0.99999964875574532,-3.5124431634106787e-07,3.5124431634106787e-07,-2.0992613340097248e-07
708,527,0.99999983747915411,-1.625208591089814e-07,1.625208591089814e-07,0.99999963075308607,-3.6924698209751939e-07,3.6924698209751939e-07,-2.0672612298853799e-07
709,14529,0.99999996290945248,-3.7090548166624873e-08,3.7090548166624873e-08,0.99999991123051279,-8.8769491147947777e-08,8.8769491147947777e-08,-5.1678942981322904e-08
710,35093,0.99999937138046724,-6.2861973030789383e-07,6.2861973030789383e-07,0.999997603598894,-2.396403977358682e-06,2.396403977358682e-06,-1.7677842470507881e-06
711,7224,0.99999886295643237,-1.1370442140535835e-06,1.1370442140535835e-06,0.99999570968535045,-4.2903238529256164e-06,4.2903238529256164e-06,-3.1532796388720331e-06
712,11,0.99999985941828728,-1.405817225957187e-07,1.405817225957187e-07,0.99999987599413787,-1.2400586987771834e-07,1.2400586987771834e-07,1.6575852718000363e-08
713,5423,0.99999869991943124,-1.3000814138530711e-06,1.3000814138530711e-06,0.99999368332775707,-6.3166921932304065e-06,6.3166921932304065e-06,-5.0166107793773352e-06
714,2949,0.99999992608273491,-7.3917267794754248e-08,7.3917267794754248e-08,0.99999966639801241,-3.3360204318909473e-07,3.3360204318909473e-07,-2.5968477539434049e-07
715,279,0.99999998942387835,-1.057612170021791e-08,1.057612170021791e-08,0.99999997578847621,-2.4211524047856798e-08,2.4211524047856798e-08,-1.3635402347638888e-08
716,2362,0.99999990722047927,-9.2779525088552343e-08,9.2779525088552343e-08,0.99999983806502835,-1.6193498474396928e-07,1.6193498474396928e-07,-6.9155459655416939e-08
717,289,0.99999132121508438,-8.6788225764979634e-06,8.6788225764979634e-06,0.99999003994463964,-9.9601049619936792e-06,9.9601049619936792e-06,-1.2812823854957157e-06
718,4841,0.99999660545172153,-3.3945540399677672e-06,3.3945540399677672e-06,0.99999925818127389,-7.4181900130300024e-07,7.4181900130300024e-07,2.652735038664767e-06
719,3363,0.99999969901726393,-3.009827813666999e-07,3.009827813666999e-07,0.99999902731337498,-9.7268709809440248e-07,9.7268709809440248e-07,-6.7170431672770257e-07
720,11,0.99999924102137816,-7.5897890990998486e-07,7.5897890990998486e-07,0.99999987870673401,-1.2129327339658076e-07,1.2129327339658076e-07,6.3768563651340407e-07
721,61894,0.99999962069252368,-3.7930754826476807e-07,3.7930754826476807e-07,0.99999932832466065,-6.716755649681982e-07,6.716755649681982e-07,-2.9236801670343012e-07
722,309,0.9999998748678286,-1.2513217922753325e-07,1.2513217922753325e-07,0.99999997322342571,-2.677657459881764e-08,2.677657459881764e-08,9.8355604628715608e-08
723,44486,0.99999523057835737,-4.7694330163321249e-06,4.7694330163321249e-06,0.99998556164261265,-1.443846162138963e-05,1.443846162138963e-05,-9.6690286050575063e-06
724,13,0.97292180086933622,-0.027451569122163746,0.027451569122163746,0.97606866008824511,-0.024222346592309974,0.024222346592309974,0.0032292225298537723
725,4815,4.8947771622057774e-07,-14.529926899565542,14.529926899565542,2.3589586912582307e-05,-10.654705175822119,10.654705175822119,3.8752217237434223
726,2028,0.13191164999420579,-2.0256228987149223,2.0256228987149223,0.21822222277941625,-1.5222413648506121,1.5222413648506121,0.50338153386431017
727,374,0.46698178992381434,-0.7614650158126709,0.7614650158126709,0.43234352470187531,-0.83853481066975444,0.83853481066975444,-0.07706979485708354
728,264,0.80804364711840959,-0.21313920320909677,0.21313920320909677,0.65507270890545188,-0.42300904354506913,0.42300904354506913,-0.20986984033597236
729,10015,0.45607071609583144,-0.78510740233375542,0.78510740233375542,0.39711124216204668,-0.92353883058828767,0.92353883058828767,-0.13843142825453225
730,3925,0.61384772282968247,-0.48800839001488133,0.48800839001488133,0.72215183812304995,-0.32551986009021211,0.32551986009021211,0.16248852992466922
731,315,0.99975966947819095,-0.00024035940581678758,0.00024035940581678758,0.99822731090535821,-0.0017742621672755775,0.0017742621672755775,-0.0015339027614587899
732,57664,0.99076550014891507,-0.0092774021700660902,0.0092774021700660902,0.98421646979381305,-0.015909416496194765,0.015909416496194765,-0.0066320143261286747
733,11,0.93067769755490837,-0.07184225116461386,0.07184225116461386,0.8372979889861647,-0.17757525155874518,0.17757525155874518,-0.10573300039413132
734,505,0.26132582268338056,-1.3419872874447951,1.3419872874447951,0.40363360769193946,-0.90724772416778665,0.90724772416778665,0.43473956327700847
735,1202,0.99649817890752368,-0.0035079668196442045,0.0035079668196442045,0.99671420619333784,-0.0032912038813093071,0.0032912038813093071,0.00021676293833489731
736,36330,0.98166428405872874,-0.01850589867236541,0.01850589867236541,0.98175362845564029,-0.018414889624924449,0.018414889624924449,9.1009047440960417e-05
737,555,0.66965704113867608,-0.40098957654935119,0.40098957654935119,0.83570260581352074,-0.17948246385884598,0.17948246385884598,0.22150711269050521
738,15506,0.85571713482428913,-0.15581540742264277,0.15581540742264277,0.88939315193225033,-0.11721590058410368,0.11721590058410368,0.038599506838539091
739,39879,0.96700759593046615,-0.033548928409263892,0.033548928409263892,0.91466617197865363,-0.089196119644281494,0.089196119644281494,-0.055647191235017601
740,380,0.99999884578188003,-1.1542187861266112e-06,1.1542187861266112e-06,0.99999961367748202,-3.8632259256704903e-07,3.8632259256704903e-07,7.6789619355956219e-07
741,67987,0.9711106854443976,-0.029314825998439088,0.029314825998439088,0.95592625963442768,-0.045074503179348066,0.045074503179348066,-0.015759677180908978
742,304,0.40098985634333656,-0.91381914789741847,0.91381914789741847,0.68959136484368655,-0.37165608168946712,0.37165608168946712,0.54216306620795129
743,220,0.96564650216373893,-0.034957451531012852,0.034957451531012852,0.99348168605123222,-0.0065396509284309451,0.0065396509284309451,0.028417800602581908
744,10895,0.99999131584612688,-8.6841915806462533e-06,8.6841915806462533e-06,0.9999997939507268,-2.0604929438158917e-07,2.0604929438158917e-07,8.4781422862646636e-06
745,16,0.99999941174983642,-5.8825033661735985e-07,5.8825033661735985e-07,0.99999985105487443,-1.4894513667864614e-07,1.4894513667864614e-07,4.3930519993871371e-07
746,311,0.99521843675869071,-0.0047930314868562269,0.0047930314868562269,0.99782939054692144,-0.0021729686403117246,0.0021729686403117246,0.0026200628465445023
747,279,0.64746334858062093,-0.43469309151923341,0.43469309151923341,0.51118701037743652,-0.67101978630144077,0.67101978630144077,-0.23632669478220736
748,3118,0.9400199070600479,-0.061854226218877102,0.061854226218877102,0.99395512915644946,-0.0060632150381928103,0.0060632150381928103,0.055791011180684288
749,1938,0.99965970123208581,-0.000340356682679173,0.000340356682679173,0.99980653203207959,-0.00019348668526193778,0.00019348668526193778,0.00014686999741723522
750,13,0.93291807466882126,-0.069437890490912771,0.069437890490912771,0.97673252854734571,-0.023542432540087369,0.023542432540087369,0.045895457950825405
751,578,0.21204058465501305,-1.5509775855799104,1.5509775855799104,0.10993044097059707,-2.2079074680231066,2.2079074680231066,-0.65692988244319617
752,3363,0.99993686624446942,-6.3135748550023112e-05,6.3135748550023112e-05,0.99998606252917621,-1.3937567951270467e-05,1.3937567951270467e-05,4.9198180598752647e-05
753,706,0.99474975594734993,-0.0052640750158178149,0.0052640750158178149,0.9993220925128895,-0.00067813737028992913,0.00067813737028992913,0.0045859376455278855
754,264,0.71923475864565201,-0.32956746739627346,0.32956746739627346,0.76354627136036934,-0.26978155188952063,0.26978155188952063,0.059785915506752829
755,9257,0.98987336396796533,-0.01017825921921975,0.01017825921921975,0.99557724037039708,-0.0044325689645456964,0.0044325689645456964,0.0057456902546740539
756,323,0.9968140795639171,-0.0031910062855426968,0.0031910062855426968,0.99399916263846955,-0.0060189147419444132,0.0060189147419444132,-0.0028279084564017164
757,6485,0.93723954094396389,-0.064816382730633545,0.064816382730633545,0.8936521905962419,-0.11243862805770941,0.11243862805770941,-0.04762224532707586
758,3925,0.97905389882278437,-0.021168582989788472,0.021168582989788472,0.98997127950854258,-0.010079346871748667,0.010079346871748667,0.011089236118039804
759,11,0.99881232349832749,-0.0011883823483425076,0.0011883823483425076,0.99986636550707864,-0.00013364342280576842,0.00013364342280576842,0.0010547389255367392
760,449,0.57257077264249123,-0.55761893085787717,0.55761893085787717,0.83999813703052917,-0.17435560496803579,0.17435560496803579,0.38326332588984136
761,5370,0.31440101631152434,-1.1570859858892939,1.1570859858892939,0.57851845442194949,-0.54728483238712078,0.54728483238712078,0.60980115350217312
762,27833,0.24134567602654369,-1.4215250328159312,1.4215250328159312,0.63955294210792213,-0.44698587466911716,0.44698587466911716,0.97453915814681413
763,323,0.99255949450973979,-0.0074683241269488379,0.0074683241269488379,0.99957367526135144,-0.00042641564087684078,0.00042641564087684078,0.0070419084860719973
764,991,0.93554271360520913,-0.066628475726445466,0.066628475726445466,0.98250844919794844,-0.017646335583129457,0.017646335583129457,0.048982140143316005
765,19505,0.99999722005776015,-2.7799461039477095e-06,2.7799461039477095e-06,0.99999840487765801,-1.5951236141895525e-06,1.5951236141895525e-06,1.184822489758157e-06
766,9564,0.72196881794653045,-0.32577332946166687,0.32577332946166687,0.79427339167852251,-0.23032755498696936,0.23032755498696936,0.095445774474697515
767,872,0.99997104343605059,-2.895698319885736e-05,2.895698319885736e-05,0.99999128499155787,-8.7150464180234527e-06,8.7150464180234527e-06,2.0241936780833906e-05
768,1906,0.99727422379136943,-0.0027294979011393884,0.0027294979011393884,0.9988334124601973,-0.0011672685327234283,0.0011672685327234283,0.0015622293684159601
769,389,0.99030426213736267,-0.0097430475790940916,0.0097430475790940916,0.99812668766486401,-0.0018750691791096436,0.0018750691791096436,0.0078679783999844478
770,279,0.46816277919878196,-0.75893922473861075,0.75893922473861075,0.73502436798946957,-0.30785162659170351,0.30785162659170351,0.45108759814690724
771,3363,0.99195399831950193,-0.0080785454343017902,0.0080785454343017902,0.99831177048759034,-0.0016896561777714717,0.0016896561777714717,0.0063888892565303187
772,13,0.69089015176185142,-0.36977443780543495,0.36977443780543495,0.8928339054370682,-0.11335471155616669,0.11335471155616669,0.25641972624926823
773,5659,0.27366607686977024,-1.2958466133654141,1.2958466133654141,0.56674782940080615,-0.56784081950777698,0.56784081950777698,0.72800579385763708
774,1202,0.69606274147538427,-0.36231547691263977,0.36231547691263977,0.72993912993655463,-0.31479413196486522,0.31479413196486522,0.047521344947774546
775,4216,0.71040818701244324,-0.34191556285982427,0.34191556285982427,0.8096209633566066,-0.21118908731009678,0.21118908731009678,0.13072647554972749
776,2919,0.98643077211803565,-0.013662131229674726,0.013662131229674726,0.99528832065152406,-0.0047228142995978254,0.0047228142995978254,0.0089393169300769001
777,439,0.99997650513072089,-2.3495145287890891e-05,2.3495145287890891e-05,0.99999665791451353,-3.3420910712967246e-06,3.3420910712967246e-06,2.0153054216594168e-05
778,264,0.99426781899125838,-0.0057486730119292451,0.0057486730119292451,0.99898520171463989,-0.001015313541757182,0.001015313541757182,0.0047333594701720631
779,348,0.016969990815798915,-4.0763087409383338,4.0763087409383338,0.50042456124602042,-0.69229841836846251,0.69229841836846251,3.3840103225698712
780,395,0.99996313684127003,-3.6863838192853236e-05,3.6863838192853236e-05,0.999993848837051,-6.1511818675062632e-06,6.1511818675062632e-06,3.0712656325346976e-05
781,278,0.9999999271991995,-7.2800803178187414e-08,7.2800803178187414e-08,0.99999998273791035,-1.7262089830662856e-08,1.7262089830662856e-08,5.5538713347524558e-08
782,1614,0.9999816030571187,-1.8397112107109464e-05,1.8397112107109464e-05,0.99999838192913537,-1.6180721736769578e-06,1.6180721736769578e-06,1.6779039933432507e-05
783,315,0.99709867332936042,-0.0029055436774491168,0.0029055436774491168,0.99997452053131475,-2.5479793292462127e-05,2.5479793292462127e-05,0.0028800638841566546
784,3320,0.92681108595039075,-0.076005524960721341,0.076005524960721341,0.98895108819226329,-0.011110404404180685,0.011110404404180685,0.064895120556540661
785,96323,0.9999968945783293,-3.1054264924789975e-06,3.1054264924789975e-06,0.99999801865320559,-1.9813487572866242e-06,1.9813487572866242e-06,1.1240777351923732e-06
786,311,0.99431912531244382,-0.0056970722294300939,0.0056970722294300939,0.99919983150421021,-0.00080048880147769587,0.00080048880147769587,0.0048965834279523978
787,1202,0.99806953946802746,-0.0019323262724509171,0.0019323262724509171,0.99992903820943846,-7.0964308468554946e-05,7.0964308468554946e-05,0.0018613619639823622
788,1510,0.75161499517793295,-0.28553106063341949,0.28553106063341949,0.85733611877396965,-0.15392523333926311,0.15392523333926311,0.13160582729415637
789,2704,0.99979994152951868,-0.00020007848484649858,0.00020007848484649858,0.99993772375959078,-6.2278179654816769e-05,6.2278179654816769e-05,0.00013780030519168181
790,439,0.99999969493730956,-3.050627369472185e-07,3.050627369472185e-07,0.99999953733261315,-4.6266749386723776e-07,4.6266749386723776e-07,-1.5760475692001926e-07
791,279,0.92295070015766223,-0.080179458519373026,0.080179458519373026,0.72432630718935376,-0.32251328759361991,0.32251328759361991,-0.24233382907424689
792,6864,0.99399527483890837,-0.0060228260200526238,0.0060228260200526238,0.99940620958403747,-0.00059396677931028365,0.00059396677931028365,0.0054288592407423404
793,315,0.97427763845757642,-0.026058966207458352,0.026058966207458352,0.96048948043407012,-0.040312249010419389,0.040312249010419389,-0.014253282802961037
794,279,0.99984587118369661,-0.00015414069537004048,0.00015414069537004048,0.99999526128321037,-4.7387280174353744e-06,4.7387280174353744e-06,0.0001494019673526051
795,26363,0.99838093014637896,-0.0016203819636729474,0.0016203819636729474,0.99995190239161036,-4.8098765116668467e-05,4.8098765116668467e-05,0.0015722831985562789
796,11,0.99992263896269884,-7.7364029820549431e-05,7.7364029820549431e-05,0.9999367818338144,-6.3220164538114017e-05,6.3220164538114017e-05,1.4143865282435414e-05
797,57664,0.99994980525399357,-5.0196005804900714e-05,5.0196005804900714e-05,0.99998725179551584,-1.2748285743194911e-05,1.2748285743194911e-05,3.74477200617058e-05
798,706,0.99946253778329441,-0.00053760670129513171,0.00053760670129513171,0.99979112172967755,-0.00020890008842663392,0.00020890008842663392,0.00032870661286849782
799,64238,0.36157487870092858,-1.0172861254965633,1.0172861254965633,0.45093987730316248,-0.79642125811507847,0.79642125811507847,0.22086486738148481
800,1690,0.65721916960355176,-0.41973772464497966,0.41973772464497966,0.57303665925532155,-0.55680558655590873,0.55680558655590873,-0.13706786191092907
801,54070,0.85536157719437778,-0.156231002137873,0.156231002137873,0.85985340961834245,-0.15099335819566614,0.15099335819566614,0.0052376439422068544
802,323,0.5680675376132136,-0.56551496308091997,0.56551496308091997,0.76078632862447759,-0.27340273764890527,0.27340273764890527,0.2921122254320147
803,706,0.77732747396841018,-0.25189355798476076,0.25189355798476076,0.85034036768653076,-0.16211857707711216,0.16211857707711216,0.089774980907648599
804,1027,0.51671512584541912,-0.66026357017626947,0.66026357017626947,0.51700067278403894,-0.65971110315146198,0.65971110315146198,0.00055246702480749033
805,27367,0.96317613624746556,-0.037518980225086103,0.037518980225086103,0.98227194601366075,-0.01788707819844302,0.01788707819844302,0.019631902026643083
806,555,0.99999954610561326,-4.5389448978997752e-07,4.5389448978997752e-07,0.9999998877316385,-1.1226836785069734e-07,1.1226836785069734e-07,3.4162612193928016e-07
807,5370,0.86355466000538406,-0.14669808287142749,0.14669808287142749,0.92274857640254504,-0.080398479850195576,0.080398479850195576,0.066299603021231918
808,13970,0.70958750682085903,-0.34307145408755568,0.34307145408755568,0.68125292550477323,-0.3838216386949706,0.3838216386949706,-0.040750184607414919
809,4455,0.9998760390053999,-0.00012396867839919277,0.00012396867839919277,0.99996104588380297,-3.8954874928290238e-05,3.8954874928290238e-05,8.501380347090253e-05
810,13,0.91050389486535277,-0.093757102102204004,0.093757102102204004,0.98375938116981543,-0.016373943164032904,0.016373943164032904,0.077383158938171104
811,11450,0.019651391279312407,-3.9296071401548391,3.9296071401548391,0.027414929139765259,-3.5966675548544242,3.5966675548544242,0.3329395853004149
812,11,0.99999917615788758,-8.2384245173953165e-07,8.2384245173953165e-07,0.99999927322598814,-7.2677427600468032e-07,7.2677427600468032e-07,9.7068175734851327e-08
813,57664,0.84656025032641513,-0.16657390412798562,0.16657390412798562,0.97413354862672474,-0.026206871159010117,0.026206871159010117,0.14036703296897551
814,374,0.93976613662293873,-0.062124225498320175,0.062124225498320175,0.98208379025336912,-0.018078648144143949,0.018078648144143949,0.044045577354176225
815,264,0.99965190047079278,-0.00034816012991217133,0.00034816012991217133,0.99964489368358944,-0.00035516938158891939,0.00035516938158891939,-7.0092516767480593e-06
816,90256,0.51183335904373106,-0.66975617753739891,0.66975617753739891,0.70446589177162044,-0.35031536361796256,0.35031536361796256,0.31944081391943635
817,2322,0.97828954250291944,-0.021949597034212807,0.021949597034212807,0.99151402126664301,-0.0085221896531454122,0.0085221896531454122,0.013427407381067395
818,55422,0.99999983860853636,-1.6139147670444154e-07,1.6139147670444154e-07,0.99999975847152711,-2.4152850200719479e-07,2.4152850200719479e-07,-8.0137025302753249e-08
819,449,0.9419511410358582,-0.059801873016470462,0.059801873016470462,0.97511584889885405,-0.02519899565931363,0.02519899565931363,0.034602877357156836
820,264,0.99996968839523359,-3.0312064172390895e-05,3.0312064172390895e-05,0.99999050601805872,-9.4940270094254199e-06,9.4940270094254199e-06,2.0818037162965477e-05
821,9257,0.35017421160539469,-1.0493245008898611,1.0493245008898611,0.3545339071602201,-1.0369512897412663,1.0369512897412663,0.012373211148594798
822,13042,0.89290482313531405,-0.1132752848212828,0.1132752848212828,0.90606915339842098,-0.098639647597682914,0.098639647597682914,0.014635637223599882
823,28948,0.99840168886025216,-0.0015995898016455373,0.0015995898016455373,0.99978872003476671,-0.00021130228798946395,0.00021130228798946395,0.0013882875136560734
824,323,0.9430486633126518,-0.05863739289473989,0.05863739289473989,0.98369839182651864,-0.016435941285825879,0.016435941285825879,0.04220145160891401
825,264,0.99982994550379856,-0.00017006895710668362,0.00017006895710668362,0.99996940868671336,-3.0591781210391182e-05,3.0591781210391182e-05,0.00013947717589629242
826,20955,0.29095317168525775,-1.2345929468037737,1.2345929468037737,0.30741096583843297,-1.1795697756497749,1.1795697756497749,0.055023171153998796
827,315,0.99999997521191797,-2.4788082390344307e-08,2.4788082390344307e-08,0.99999983525465708,-1.6474535644213635e-07,1.6474535644213635e-07,-1.3995727405179204e-07
828,2362,0.55271860920179627,-0.59290625108462258,0.59290625108462258,0.58754537341300317,-0.53180180460472759,0.53180180460472759,0.061104446479894992
829,323,0.99999515331393296,-4.8466978122123128e-06,4.8466978122123128e-06,0.99999952667784808,-4.7332226394309417e-07,4.7332226394309417e-07,4.3733755482692186e-06
830,502,0.99889886464172117,-0.0011017420532271917,0.0011017420532271917,0.99975253123870278,-0.00024749938674380266,0.00024749938674380266,0.00085424266648338905
831,18112,0.96614968073035512,-0.034436507776748011,0.034436507776748011,0.97332718121309336,-0.027034993079374299,0.027034993079374299,0.0074015146973737123
832,13,0.9962513987927899,-0.0037556448206904655,0.0037556448206904655,0.9993515425094005,-0.00064866783009376501,0.00064866783009376501,0.0031069769905967006
833,4815,0.00027368475363656706,-8.2035336481218621,8.2035336481218621,0.0058715147123654596,-5.1376426354370865,5.1376426354370865,3.0658910126847756
834,32812,0.078715503997107902,-2.5419151417270749,2.5419151417270749,0.16636763748036978,-1.7935552558057957,1.7935552558057957,0.74835988592127922
835,512,0.47136478048092073,-0.75212300387004205,0.75212300387004205,0.48718366943692459,-0.71911408236636642,0.71911408236636642,0.033008921503675626
836,16,0.28046164159911524,-1.2713183134628132,1.2713183134628132,0.55205966086156444,-0.59409915727445139,0.59409915727445139,0.67721915618836181
837,13,0.99830652083598548,-0.0016949147208065705,0.0016949147208065705,0.9992581865950444,-0.00074208868466538104,0.00074208868466538104,0.00095282603614118948
838,330,0.52255925285665594,-0.64901689897628856,0.64901689897628856,0.5870733787130098,-0.53260546064128023,0.53260546064128023,0.11641143833500833
839,1692,0.34160961998375133,-1.0740866559193116,1.0740866559193116,0.95480228558190672,-0.046250990739528229,0.046250990739528229,1.0278356651797833
840,10746,0.99978467977032048,-0.00021534341440829428,0.00021534341440829428,0.99980875613338505,-0.00019126215605513224,0.00019126215605513224,2.408125835316204e-05
841,3343,0.24680597091653422,-1.399152793902658,1.399152793902658,0.45764301179115635,-0.78166584903488057,0.78166584903488057,0.61748694486777744
842,27685,0.093341202100265183,-2.3714936598176082,2.3714936598176082,0.54843522208702022,-0.60068610635604158,0.60068610635604158,1.7708075534615666
843,13,0.6673484372401669,-0.40444297480418517,0.40444297480418517,0.77469784973114986,-0.25528219696301557,0.25528219696301557,0.1491607778411696
844,58891,0.49057041616313946,-0.71218645031483918,0.71218645031483918,0.6114796169493254,-0.49187365728155757,0.49187365728155757,0.22031279303328161
845,220,0.8888649359233245,-0.11780998310572265,0.11780998310572265,0.96297393199109349,-0.037728937133895142,0.037728937133895142,0.080081045971827497
846,2366,0.95612853038907419,-0.044862928954115165,0.044862928954115165,0.97150484128250014,-0.028909026870316601,0.028909026870316601,0.015953902083798564
847,18,0.410305812226884,-0.89085251383641684,0.89085251383641684,0.94418645173320925,-0.057431619910401056,0.057431619910401056,0.83342089392601582
848,12,0.99765698665149449,-0.0023457624993186285,0.0023457624993186285,0.99992568278194749,-7.4319979713756632e-05,7.4319979713756632e-05,0.002271442519604872
849,2437,0.92312531629655525,-0.079990283059795664,0.079990283059795664,0.84779754720923139,-0.16511341319207015,0.16511341319207015,-0.085123130132274488
850,12,0.99998891303279602,-1.1087028664875563e-05,1.1087028664875563e-05,0.99998714975742653,-1.2850325138597202e-05,1.2850325138597202e-05,-1.763296473721639e-06
851,508,0.95965447304060059,-0.041181983224455238,0.041181983224455238,0.93039854876574501,-0.072142237574959703,0.072142237574959703,-0.030960254350504465
852,627,0.9883901883447419,-0.011677731723163247,0.011677731723163247,0.99132228324166682,-0.0087155873886395861,0.0087155873886395861,0.0029621443345236604
853,17,0.99976904152810808,-0.0002309851469070807,0.0002309851469070807,0.99992960774970052,-7.0394727950219029e-05,7.0394727950219029e-05,0.00016059041895686167
854,13,0.99997851144470573,-2.1488786176606683e-05,2.1488786176606683e-05,0.99997677757910564,-2.3222690538986797e-05,2.3222690538986797e-05,-1.7339043623801136e-06
855,330,0.989705084915804,-0.010348274257180481,0.010348274257180481,0.9988737139790137,-0.0011269207577283694,0.0011269207577283694,0.0092213534994521115
856,13730,0.56737333164647774,-0.56673775868750798,0.56673775868750798,0.82040697281038399,-0.19795475353872349,0.19795475353872349,0.36878300514878448
857,315,0.9996294226426693,-0.00037064603808781857,0.00037064603808781857,0.99998988055384685,-1.0119497355055244e-05,1.0119497355055244e-05,0.00036052654073276332
858,57664,0.99769667571722254,-0.002305981014480347,0.002305981014480347,0.99990629784860863,-9.370654171224578e-05,9.370654171224578e-05,0.0022122744727681013
859,3343,0.99807261190962415,-0.0019292478928930089,0.0019292478928930089,0.99977837342498033,-0.00022165113781833079,0.00022165113781833079,0.0017075967550746782
860,57664,0.29386086285254337,-1.224648879267827,1.224648879267827,0.37745898392447436,-0.97429336805179512,0.97429336805179512,0.25035551121603183
861,52652,0.22998960121283485,-1.4697211831991497,1.4697211831991497,0.27043987439799388,-1.3077054811955247,1.3077054811955247,0.16201570200362503
862,13,0.76062254921810601,-0.27361803730883155,0.27361803730883155,0.73223588060831257,-0.31165257566120524,0.31165257566120524,-0.038034538352373692
863,58891,0.9964782816179667,-0.0035279342301497807,0.0035279342301497807,0.99771169901203161,-0.0022909231496347003,0.0022909231496347003,0.0012370110805150804
864,220,0.99998780213032701,-1.2197944067638943e-05,1.2197944067638943e-05,0.99998346629410273,-1.6533842580536686e-05,1.6533842580536686e-05,-4.3358985128977431e-06
865,2366,0.99998504968733104,-1.4950424426013995e-05,1.4950424426013995e-05,0.99999209057762706,-7.9094536525336581e-06,7.9094536525336581e-06,7.0409707734803369e-06
866,18,0.99992723298731434,-7.2769660333134493e-05,7.2769660333134493e-05,0.99993274531329779,-6.7256948400083112e-05,6.7256948400083112e-05,5.5127119330513816e-06
867,12,0.99999879230150157,-1.2076992276598147e-06,1.2076992276598147e-06,0.99999805468133252,-1.9453205596534207e-06,1.9453205596534207e-06,-7.3762133199360598e-07
868,2437,0.99993315311521236,-6.6849119140256983e-05,6.6849119140256983e-05,0.99996937889920379,-3.0621569631653042e-05,3.0621569631653042e-05,3.6227549508603941e-05
869,12,0.9999993215176779,-6.7848255223200727e-07,6.7848255223200727e-07,0.99999810294209424,-1.8970597051332553e-06,1.8970597051332553e-06,-1.2185771529012479e-06
870,508,0.99956378754969399,-0.00043630761863362364,0.00043630761863362364,0.99997644106976069,-2.3559207755233887e-05,2.3559207755233887e-05,0.00041274841087838974
871,627,0.97271852601849118,-0.027660523314545053,0.027660523314545053,0.98262337174645698,-0.017529373914283945,0.017529373914283945,0.010131149400261108
872,18,0.99960594812387948,-0.00039412953496284622,0.00039412953496284622,0.99993722893527082,-6.2773034914964031e-05,6.2773034914964031e-05,0.00033135650004788221
873,13,0.99998950384269436,-1.0496212390637796e-05,1.0496212390637796e-05,0.99997995788383531,-2.0042317010564953e-05,2.0042317010564953e-05,-9.5461046199271571e-06
874,330,0.9993554272824372,-0.00064478054386785371,0.00064478054386785371,0.99985970492469245,-0.00014030491758217824,0.00014030491758217824,0.00050447562628567544
875,1692,0.75367498501979435,-0.2827940582552193,0.2827940582552193,0.96205875353540171,-0.038679755820268974,0.038679755820268974,0.24411430243495033
876,10746,0.99994029121558481,-5.9710567055591586e-05,5.9710567055591586e-05,0.99994533631870386,-5.4665175409613598e-05,5.4665175409613598e-05,5.0453916459779877e-06
877,25,0.56927465175374614,-0.56339226930402153,0.56339226930402153,0.76151166905442591,-0.27244978298963907,0.27244978298963907,0.29094248631438246
878,362,0.92660851701103131,-0.076224114361461759,0.076224114361461759,0.86274020164070508,-0.14764167419317056,0.14764167419317056,-0.071417559831708805
879,37618,0.49055730427566779,-0.71221317851178911,0.71221317851178911,0.53325863137136409,-0.62874873541124976,0.62874873541124976,0.083464443100539354
880,11346,0.99992416942387874,-7.5833451404751432e-05,7.5833451404751432e-05,0.99995664108306492,-4.33598569600972e-05,4.33598569600972e-05,3.2473594444654232e-05
881,3343,0.99863968925249968,-0.0013612368100823855,0.0013612368100823855,0.99972744197059538,-0.00027259518009492876,0.00027259518009492876,0.0010886416299874567
882,57281,0.54034619695521346,-0.61554523937152017,0.61554523937152017,0.69902300686186813,-0.35807162332450287,0.35807162332450287,0.2574736160470173
883,11346,0.28883794110606581,-1.2418895055714048,1.2418895055714048,0.24310503422370841,-1.4142616894264779,1.4142616894264779,-0.17237218385507314
884,13,0.97309425187528242,-0.027274334195294112,0.027274334195294112,0.99071562440590721,-0.0093277440505920607,0.0093277440505920607,0.017946590144702051
885,58891,0.99967516622783714,-0.00032488654208058884,0.00032488654208058884,0.9994237747726562,-0.00057639130890342616,0.00057639130890342616,-0.00025150476682283732
886,220,0.99999579644718473,-4.2035616502728982e-06,4.2035616502728982e-06,0.9999779612092714,-2.2039033586331426e-05,2.2039033586331426e-05,-1.7835471936058529e-05
887,2366,0.99999720424020999,-2.7957636981607573e-06,2.7957636981607573e-06,0.99999828980881666,-1.7101926457263012e-06,1.7101926457263012e-06,1.0855710524344562e-06
888,18,0.99999707295026607,-2.9270540176893923e-06,2.9270540176893923e-06,0.99999460603575641,-5.3939787911240016e-06,5.3939787911240016e-06,-2.4669247734346092e-06
889,12,0.99999570935727711,-4.2906519277508592e-06,4.2906519277508592e-06,0.99999436415271081,-5.6358631706060391e-06,5.6358631706060391e-06,-1.3452112428551799e-06
890,2437,0.99998781041045082,-1.2189663842848604e-05,1.2189663842848604e-05,0.9999900679890813,-9.9320602414962997e-06,9.9320602414962997e-06,2.2576036013523048e-06
891,12,0.99999810057139382,-1.899430410039635e-06,1.899430410039635e-06,0.99999868894654731,-1.3110543121057647e-06,1.3110543121057647e-06,5.883760979338703e-07
892,508,0.99993859414186836,-6.1407743548474232e-05,6.1407743548474232e-05,0.99997810336547222,-2.1896874262611692e-05,2.1896874262611692e-05,3.9510869285862537e-05
893,627,0.656460061925211,-0.42089342193334783,0.42089342193334783,0.51161278076898464,-0.67018722763291649,0.67018722763291649,-0.24929380569956866
894,19,0.99671477466672909,-0.0032906335340366047,0.0032906335340366047,0.99947994785593131,-0.00052018741808665847,0.00052018741808665847,0.002770446115949946
895,13,0.99998454394148173,-1.5456177964397124e-05,1.5456177964397124e-05,0.99996048609155641,-3.9514689138644507e-05,3.9514689138644507e-05,-2.4058511174247383e-05
896,330,0.99944971373717806,-0.00055043772587538831,0.00055043772587538831,0.99988710571855743,-0.00011290065448162815,0.00011290065448162815,0.00043753707139376015
897,791,0.661331205946046,-0.41350049662605731,0.41350049662605731,0.73517519759829264,-0.30764644409419417,0.30764644409419417,0.10585405253186314
898,11346,0.29501113603309764,-1.220742174090065,1.220742174090065,0.30488365773661602,-1.1878250251891815,1.1878250251891815,0.032917148900883486
899,315,0.99996299836294089,-3.7002321636537515e-05,3.7002321636537515e-05,0.99999272909917547,-7.2709272576520309e-06,7.2709272576520309e-06,2.9731394378885483e-05
900,57664,0.90280807184867917,-0.10224529317411907,0.10224529317411907,0.98112334782267485,-0.019057090498687156,0.019057090498687156,0.083188202675431908
901,3343,0.94723116672854213,-0.054212111330650258,0.054212111330650258,0.973906627434177,-0.026439844992263414,0.026439844992263414,0.027772266338386843
902,57664,0.43438751675597442,-0.83381824752491818,0.83381824752491818,0.66922858364661841,-0.40162959762172934,0.40162959762172934,0.43218864990318884
903,41143,0.171169849386826,-1.7650989441789882,1.7650989441789882,0.22380301072264505,-1.4969890304573328,1.4969890304573328,0.26810991372165538
904,13581,0.80744805028593192,-0.21387655996607652,0.21387655996607652,0.88013019607754206,-0.12768543236530386,0.12768543236530386,0.08619112760077266
905,13,0.99993320257087803,-6.6799660169602262e-05,6.6799660169602262e-05,0.99996956881151089,-3.043165152713678e-05,3.043165152713678e-05,3.6368008642465481e-05
906,58891,0.99984003555123868,-0.00015997724443837962,0.00015997724443837962,0.99952867743202067,-0.00047143367537387358,0.00047143367537387358,-0.00031145643093549399
907,220,0.99999614391680769,-3.8560906270226727e-06,3.8560906270226727e-06,0.99997747780573798,-2.2522447890464462e-05,2.2522447890464462e-05,-1.8666357263441789e-05
908,2366,0.99999754588001033,-2.4541230010454825e-06,2.4541230010454825e-06,0.99999803906788076,-1.9609340418632319e-06,1.9609340418632319e-06,4.9318895918225065e-07
909,18,0.99999624016628952,-3.7598407786301598e-06,3.7598407786301598e-06,0.99999623626496059,-3.763742122301582e-06,3.763742122301582e-06,-3.9013436714222416e-09
910,12,0.99999767528919925,-2.3247135029446954e-06,2.3247135029446954e-06,0.99999390391696785,-6.0961016133778087e-06,6.0961016133778087e-06,-3.7713881104331132e-06
911,2437,0.99999000249206116,-9.9975579142512573e-06,9.9975579142512573e-06,0.99998915590594051,-1.0844152857054064e-05,1.0844152857054064e-05,-8.4659494280280697e-07
912,12,0.99999893440178922,-1.0655987785665342e-06,1.0655987785665342e-06,0.99999539829984996,-4.6017107378827606e-06,4.6017107378827606e-06,-3.5361119593162264e-06
913,508,0.99998072738844856,-1.9272797270651819e-05,1.9272797270651819e-05,0.99998610944174815,-1.3890654726581355e-05,1.3890654726581355e-05,5.3821425440704637e-06
914,13,0.43676012262521036,-0.82837115307522857,0.82837115307522857,0.54978416912706651,-0.59822949754137722,0.59822949754137722,0.23014165553385135
915,4815,0.0078885063251138525,-4.8423484744525656,4.8423484744525656,0.050298280044320201,-2.9897843964109665,2.9897843964109665,1.8525640780415991
916,9290,0.68602983505262349,-0.37683416087161731,0.37683416087161731,0.6374711798896,-0.45024621098778267,0.45024621098778267,-0.073412050116165362
917,25,0.98832526945139498,-0.01174341532280756,0.01174341532280756,0.98965822123529379,-0.010395626534928978,0.010395626534928978,0.0013477887878785826
918,578,0.78051087446630485,-0.24780660643145455,0.24780660643145455,0.91126240373791145,-0.092924383968192373,0.092924383968192373,0.15488222246326216
919,15407,0.52690864851935426,-0.64072808793433522,0.64072808793433522,0.68791919610219587,-0.37408389547217219,0.37408389547217219,0.26664419246216303
920,3984,0.88404718775291924,-0.12324483795815046,0.12324483795815046,0.96797814646865055,-0.032545767922538715,0.032545767922538715,0.090699070035611742
921,527,0.99263004663453647,-0.0073972456496909826,0.0073972456496909826,0.99742807220076157,-0.0025752408874423214,0.0025752408874423214,0.0048220047622486613
922,264,0.43163376657823205,-0.84017781284231174,0.84017781284231174,0.55249135461742915,-0.59331749346391605,0.59331749346391605,0.2468603193783957
923,6727,0.70945550030450422,-0.3432575041453379,0.3432575041453379,0.75141680444337444,-0.2857947819143094,0.2857947819143094,0.057462722231028496
924,315,0.99970122893170754,-0.00029881570925988966,0.00029881570925988966,0.99993979178766967,-6.0210024917498337e-05,6.0210024917498337e-05,0.00023860568434239132
925,8336,0.27981475812198098,-1.2736274728880534,1.2736274728880534,0.43501174944826909,-0.83238223803231659,0.83238223803231659,0.44124523485573686
926,430,0.53690977432194209,-0.62192521661233569,0.62192521661233569,0.72838693072042837,-0.3169228737382675,0.3169228737382675,0.30500234287406819
927,649,0.49031257116311289,-0.71271219091651594,0.71271219091651594,0.51746583512012623,-0.65881177511351263,0.65881177511351263,0.05390041580300331
928,387,0.99335384585213415,-0.006668338177296511,0.006668338177296511,0.99843825697425992,-0.0015629638175869761,0.0015629638175869761,0.0051053743597095349
929,1511,0.99136115869489538,-0.0086763724011016865,0.0086763724011016865,0.99833608572350818,-0.0016653001193474288,0.0016653001193474288,0.0070110722817542572
930,311,0.69061974290644812,-0.37016590638615249,0.37016590638615249,0.78150712297222091,-0.2465310146743358,0.2465310146743358,0.12363489171181669
931,4726,0.57696240460819492,-0.54997817125506587,0.54997817125506587,0.6214756679370711,-0.47565851934150488,0.47565851934150488,0.074319651913560991
932,3495,0.79616867513741441,-0.22794421214715374,0.22794421214715374,0.88503768071050914,-0.1221250578065638,0.1221250578065638,0.10581915434058994
933,279,0.70060744792325957,-0.3558075374969818,0.3558075374969818,0.86667006973503147,-0.14309691703103852,0.14309691703103852,0.21271062046594327
934,3925,0.97367504200970612,-0.026677663440850923,0.026677663440850923,0.99444392475140053,-0.0055715676459489917,0.0055715676459489917,0.021106095794901931
935,315,0.9999062433951631,-9.3761000262098596e-05,9.3761000262098596e-05,0.99993349009282761,-6.6512119054297145e-05,6.6512119054297145e-05,2.7248881207801452e-05
936,57664,0.99999921497280775,-7.8502750040222939e-07,7.8502750040222939e-07,0.99999868511580459,-1.3148850599021674e-06,1.3148850599021674e-06,-5.29857559499938e-07
937,13,0.99907611418934594,-0.00092431285619742757,0.00092431285619742757,0.99944273453116783,-0.00055742079894296722,0.00055742079894296722,0.00036689205725446035
938,2435,0.57810043838194103,-0.54800765657892581,0.54800765657892581,0.80712784996121745,-0.21427319703821832,0.21427319703821832,0.33373445954070746
939,527,0.49966159285597167,-0.69382422399018917,0.69382422399018917,0.83231524987669692,-0.18354400382591829,0.18354400382591829,0.51028022016427088
940,539,0.57882927633196157,-0.54674770441905107,0.54674770441905107,0.87464453000758624,-0.13393772658688827,0.13393772658688827,0.41280997783216278
941,459,0.62436600224654348,-0.47101854049950265,0.47101854049950265,0.69509644682910787,-0.36370467062936329,0.36370467062936329,0.10731386987013936
942,73603,0.99992679017122976,-7.3212508740501091e-05,7.3212508740501091e-05,0.99997796097149139,-2.2039271371544777e-05,2.2039271371544777e-05,5.1173237368956311e-05
943,1160,0.99995135167921767,-4.8649504150233003e-05,4.8649504150233003e-05,0.99999706080289896,-2.9392014204479663e-06,2.9392014204479663e-06,4.5710302729785035e-05
944,323,0.40676066095238023,-0.89953032314071468,0.89953032314071468,0.54645621974276026,-0.60430108483481615,0.60430108483481615,0.29522923830589853
945,527,0.75956161438146119,-0.27501383531054224,0.27501383531054224,0.88736861057129623,-0.11949481301893253,0.11949481301893253,0.15551902229160972
946,10825,0.64454518244865378,-0.43921035440742889,0.43921035440742889,0.56427494031794545,-0.57221366343199687,0.57221366343199687,-0.13300330902456797
947,311,0.99755428024611348,-0.002448715411800377,0.002448715411800377,0.99956702691195309,-0.00043306684795899487,0.00043306684795899487,0.0020156485638413821
948,3493,0.90389880083760132,-0.10103787083248375,0.10103787083248375,0.96918678122087065,-0.03129792898866722,0.03129792898866722,0.06973994184381653
949,264,0.9963251738406016,-0.0036815949208184721,0.0036815949208184721,0.99882433683769822,-0.0011763547963763138,0.0011763547963763138,0.0025052401244421586
950,6041,0.99820854393636771,-0.001793062640073726,0.001793062640073726,0.9993533098245817,-0.00064689936970395315,0.00064689936970395315,0.001146163270369773
951,1486,0.99999877125183023,-1.2287489246481678e-06,1.2287489246481678e-06,0.99999770297604773,-2.2970265904363764e-06,2.2970265904363764e-06,-1.0682776657882086e-06
952,369,0.99999993378291518,-6.6217086952874926e-08,6.6217086952874926e-08,0.99999987678744928,-1.2321255833717623e-07,1.2321255833717623e-07,-5.69954713843013e-08
953,4726,0.96695658162166542,-0.033601684617889323,0.033601684617889323,0.9889177081664392,-0.011144157933119157,0.011144157933119157,0.022457526684770166
954,3495,0.36191799892237447,-1.0163376151303032,1.0163376151303032,0.44678570408885376,-0.80567620851909383,0.80567620851909383,0.21066140661120936
955,13,0.98042605552673023,-0.01976805125667298,0.01976805125667298,0.99803601856914492,-0.0019659125712823667,0.0019659125712823667,0.017802138685390614
956,4815,0.013385905271588687,-4.3135529710066969,4.3135529710066969,0.11016713901186558,-2.2057566208167239,2.2057566208167239,2.107796350189973
957,2028,0.15819011861382282,-1.8439576869532133,1.8439576869532133,0.17623733732137536,-1.7359236848558379,1.7359236848558379,0.10803400209737535
958,2077,0.43915144070498929,-0.82291095795721847,0.82291095795721847,0.38193316435986646,-0.96250964809199624,0.96250964809199624,-0.13959869013477777
959,374,0.39521473944418517,-0.92832601763947276,0.92832601763947276,0.48272133598596639,-0.72831573595430443,0.72831573595430443,0.20001028168516832
960,3196,0.43187906875715348,-0.83960966335921883,0.83960966335921883,0.79696906186831784,-0.22693941917834554,0.22693941917834554,0.61267024418087335
961,389,0.9991952170048064,-0.00080510700687938584,0.00080510700687938584,0.99866259906849997,-0.0013382960503033339,0.0013382960503033339,-0.00053318904342394802
962,279,0.71780962608668886,-0.3315508898170505,0.3315508898170505,0.8240845360958059,-0.19348216198562151,0.19348216198562151,0.13806872783142898
963,3984,0.49541388171534428,-0.70236174109349758,0.70236174109349758,0.45218209038737728,-0.79367032543479965,0.79367032543479965,-0.091308584341302068
964,1495,0.72981701105673702,-0.31496144604791387,0.31496144604791387,0.9386769102522915,-0.06328393752103717,0.06328393752103717,0.2516775085268767
965,323,0.92066496011569099,-0.082659087286249031,0.082659087286249031,0.93940448454615022,-0.062509131559727801,0.062509131559727801,0.020149955726521229
966,1587,0.45648306909954339,-0.78420366813536191,0.78420366813536191,0.48245031569521879,-0.72887733615754025,0.72887733615754025,0.055326331977821663
967,539,0.99999676547683036,-3.2345284007313937e-06,3.2345284007313937e-06,0.9999747092043012,-2.529111551640026e-05,2.529111551640026e-05,-2.2056587115668867e-05
968,2997,0.74786817027277352,-0.29052855949111117,0.29052855949111117,0.81013248605218613,-0.21055748166323585,0.21055748166323585,0.079971077827875325
969,904,0.52347923633237292,-0.64725791262458165,0.64725791262458165,0.7976417449091483,-0.2260957235532137,0.2260957235532137,0.42116218907136793
970,5217,0.2917727563501562,-1.2317800113708768,1.2317800113708768,0.47171003460389693,-0.75139081564302557,0.75139081564302557,0.48038919572785121
971,2038,0.83737228515408124,-0.17748652224992237,0.17748652224992237,0.90076107532781746,-0.10451523375612297,0.10451523375612297,0.072971288493799399
972,477,0.57073176614626553,-0.56083594126386727,0.56083594126386727,0.69352795169346759,-0.36596373478574723,0.36596373478574723,0.19487220647812004
973,8336,0.19625169605818016,-1.6283572800222881,1.6283572800222881,0.22116789350100813,-1.5088331667900925,1.5088331667900925,0.11952411323219558
974,430,0.33730131593976842,-1.0867786355294111,1.0867786355294111,0.41426351162801267,-0.88125300612105928,0.88125300612105928,0.20552562940835184
975,1253,0.78665952186859556,-0.2399597520422653,0.2399597520422653,0.91326801626022847,-0.090725885868998976,0.090725885868998976,0.14923386617326634
976,387,0.68209901249986449,-0.38258045205764624,0.38258045205764624,0.69058387026156975,-0.37021785042183919,0.37021785042183919,0.012362601635807047
977,2561,0.62555916465898709,-0.46910936576416162,0.46910936576416162,0.82853069574852067,-0.18810139301485651,0.18810139301485651,0.28100797274930511
978,13,0.83290385511233522,-0.18283706350991002,0.18283706350991002,0.93502997639243113,-0.067176689894610356,0.067176689894610356,0.11566037361529967
979,1442,0.39397187120490973,-0.93147576511373609,0.93147576511373609,0.45769304079292567,-0.78155653617283849,0.78155653617283849,0.1499192289408976
980,499,0.98194005997039668,-0.018225011217293651,0.018225011217293651,0.99858130246784904,-0.0014197048363142086,0.0014197048363142086,0.016805306380979441
981,617,0.39875853796957517,-0.91939921327638763,0.91939921327638763,0.67208547399158813,-0.39736975310752387,0.39736975310752387,0.52202946016886376
982,904,0.99709106453216301,-0.0029131746436034472,0.0029131746436034472,0.99904084049823427,-0.00095961978959042808,0.00095961978959042808,0.0019535548540130189
983,3230,0.70028633843674948,-0.3562659726692417,0.3562659726692417,0.86658408321585223,-0.14319613677801374,0.14319613677801374,0.21306983589122797
984,4860,0.97946299717686947,-0.020750819568017061,0.020750819568017061,0.99810676083592276,-0.0018950336065736567,0.0018950336065736567,0.018855785961443404
985,477,0.99845406386695645,-0.0015471323252907719,0.0015471323252907719,0.99922411232374309,-0.00077618883288592226,0.00077618883288592226,0.0007709434924048496
986,1053,0.44226284344284084,-0.81585090522692216,0.81585090522692216,0.44941031091222106,-0.79981897576420269,0.79981897576420269,0.016031929462719474
987,1093,0.99999958842960157,-4.115704831535418e-07,4.115704831535418e-07,0.99999901874560526,-9.8125487620421227e-07,9.8125487620421227e-07,-5.6968439305067041e-07
988,4726,0.46338184543027533,-0.76920384463891889,0.76920384463891889,0.55582226881680152,-0.58730669623526743,0.58730669623526743,0.18189714840365145
989,64784,0.90490948226202406,-0.099920359884478088,0.099920359884478088,0.88292468500054666,-0.12451537646607248,0.12451537646607248,-0.024595016581594395
990,389,0.83227975425798983,-0.18358665157942505,0.18358665157942505,0.92407087341731076,-0.078966507449377304,0.078966507449377304,0.10462014413004775
991,904,0.99517989466792889,-0.0048317595044174528,0.0048317595044174528,0.99829748108038796,-0.0017039698520082418,0.0017039698520082418,0.003127789652409211
992,315,0.64467245764306746,-0.43901290877704158,0.43901290877704158,0.76729394002182238,-0.26488531762480189,0.26488531762480189,0.17412759115223969
993,279,0.99998201648648344,-1.7983675221935202e-05,1.7983675221935202e-05,0.9999978775953724,-2.1224068799143169e-06,2.1224068799143169e-06,1.5861268342020885e-05
994,3585,0.98679580266654598,-0.013292147815363298,0.013292147815363298,0.99146231025295251,-0.0085743446011195979,0.0085743446011195979,0.0047178032142437005
995,9932,0.88802256064474527,-0.11875813018122733,0.11875813018122733,0.91170528208419999,-0.092438496743261142,0.092438496743261142,0.026319633437966186
996,11,0.96347420017588004,-0.037209568677845278,0.037209568677845278,0.97907995103910983,-0.021141973760466549,0.021141973760466549,0.01606759491737873
997,4587,0.94757517233895172,-0.053849007611714579,0.053849007611714579,0.93642815788518396,-0.065682473457400178,0.065682473457400178,-0.011833465845685599
998,1095,0.66253252573292976,-0.41168562688097005,0.41168562688097005,0.87730989471870746,-0.1308949913080649,0.1308949913080649,0.28079063557290518
999,757,0.99999801426185353,-1.9857401180664205e-06,1.9857401180664205e-06,0.99999813702927376,-1.8629724615746769e-06,1.8629724615746769e-06,1.227676564917436e-07
1000,1440,0.99999557883848267,-4.4211712907481613e-06,4.4211712907481613e-06,0.99997766738963012,-2.233285974630245e-05,2.233285974630245e-05,-1.7911688455554289e-05
1001,13,0.7724657324377765,-0.25816763049798874,0.25816763049798874,0.75445929136587253,-0.28175395668195119,0.28175395668195119,-0.023586326183962447
1002,4815,0.093933191933918497,-2.3651714735034943,2.3651714735034943,0.35075672655462803,-1.0476623825508735,1.0476623825508735,1.3175090909526208
1003,13699,0.32208421116516395,-1.1329422422718718,1.1329422422718718,0.43408405575498915,-0.83451708677985925,0.83451708677985925,0.29842515549201254
1004,11,0.98915055415762565,-0.01090873027200466,0.01090873027200466,0.98323418122099071,-0.016907956056954894,0.016907956056954894,-0.0059992257849502337
1005,4587,0.70738901109531649,-0.34617453654781699,0.34617453654781699,0.71393044647718218,-0.33696973528509849,0.33696973528509849,0.0092048012627184983
1006,5296,0.99290564149993965,-0.0071196431177194012,0.0071196431177194012,0.99294299785902018,-0.0070820205533964299,0.0070820205533964299,3.7622564322971341e-05
1007,430,0.99999159087326339,-8.4091620934957611e-06,8.4091620934957611e-06,0.99997309289532721,-2.6907466675401991e-05,2.6907466675401991e-05,-1.849830458190623e-05
1008,279,0.76216514493704224,-0.27159202113793646,0.27159202113793646,0.91031582237196773,-0.093963682130169937,0.093963682130169937,0.17762833900776653
1009,1495,0.18693078748820371,-1.6770168510229426,1.6770168510229426,0.25146216638374697,-1.3804627326321219,1.3804627326321219,0.29655411839082069
1010,3984,0.36572977439255755,-1.0058605396060072,1.0058605396060072,0.36515453062032144,-1.0074346434335735,1.0074346434335735,-0.0015741038275662866
1011,374,0.57571819834066984,-0.55213697699458231,0.55213697699458231,0.50370711849476479,-0.68576029392069593,0.68576029392069593,-0.13362331692611362
1012,264,0.77854451792803503,-0.25032910510664325,0.25032910510664325,0.87893206369461307,-0.12904767245834653,0.12904767245834653,0.12128143264829672
1013,4689,0.16749526140829263,-1.7868002182169338,1.7868002182169338,0.37635241347877735,-0.97722930466503777,0.97722930466503777,0.80957091355189603
1014,24131,0.83172677565551068,-0.1842512867390767,0.1842512867390767,0.85597833409269652,-0.15551021380008778,0.15551021380008778,0.028741072938988921
1015,315,0.99732542785822076,-0.0026781552000412325,0.0026781552000412325,0.99931745547366946,-0.00068277756589175682,0.00068277756589175682,0.0019953776341494756
1016,279,0.94737937426543339,-0.054055659612487893,0.054055659612487893,0.95113489674644658,-0.050099379233819165,0.050099379233819165,0.0039562803786687278
1017,3925,0.99930049772735796,-0.00069974703850629149,0.00069974703850629149,0.99969553207773021,-0.00030451428203786613,0.00030451428203786613,0.00039523275646842536
1018,315,0.99999852834524527,-1.4716558376626417e-06,1.4716558376626417e-06,0.99999691700720406,-3.0829975483436836e-06,3.0829975483436836e-06,-1.6113417106810418e-06
1019,57664,0.99999335801746314,-6.6420045949639426e-06,6.6420045949639426e-06,0.99999332708174915,-6.6729405148914491e-06,6.6729405148914491e-06,-3.0935919927506534e-08
1020,323,0.50025707885325166,-0.69263315498722589,0.69263315498722589,0.69198315453445214,-0.36819366681907312,0.36819366681907312,0.32443948816815277
1021,1253,0.78909638860574882,-0.23686680006459543,0.23686680006459543,0.95202513397221478,-0.049163843307960066,0.049163843307960066,0.18770295675663537
1022,539,0.9895420971452511,-0.010512970988744491,0.010512970988744491,0.99205145754671709,-0.0079803005156646838,0.0079803005156646838,0.002532670473079807
1023,387,0.52828878381291267,-0.63811220575290961,0.63811220575290961,0.53995979967463903,-0.61626058724195176,0.61626058724195176,0.021851618510957849
