token_index,token_id,probability,logprob,nll,reference_probability,reference_logprob,reference_nll,nll_drift
0,1692,0.68149109085317183,-0.38347210078034449,0.38347210078034449,0.68149109085317183,-0.38347210078034449,0.38347210078034449,0
1,10746,0.99985389912084421,-0.00014611155292883736,0.00014611155292883736,0.99985389912084421,-0.00014611155292883736,0.00014611155292883736,0
2,374,0.50814011649621138,-0.67699804956053178,0.67699804956053178,0.50814011649621138,-0.67699804956053178,0.67699804956053178,0
3,279,0.83926685128786027,-0.17522656433893147,0.17522656433893147,0.83926685128786027,-0.17522656433893147,0.17522656433893147,0
4,6864,0.99994012703615798,-5.9874756299444874e-05,5.9874756299444874e-05,0.99994012703615798,-5.9874756299444874e-05,5.9874756299444874e-05,0
5,3363,0.9987246464428241,-0.0012761675126514503,0.0012761675126514503,0.9987246464428241,-0.0012761675126514503,0.0012761675126514503,0
6,315,0.99998608375436393,-1.3916342467966598e-05,1.3916342467966598e-05,0.99998608375436393,-1.3916342467966598e-05,1.3916342467966598e-05,0
7,279,0.99999220844905534,-7.7915812989809359e-06,7.7915812989809359e-06,0.99999220844905534,-7.7915812989809359e-06,7.7915812989809359e-06,0
8,26363,0.99999554125235379,-4.4587575864749598e-06,4.4587575864749598e-06,0.99999554125235379,-4.4587575864749598e-06,4.4587575864749598e-06,0
9,11,0.96319633101754754,-0.037498013594358275,0.037498013594358275,0.96319633101754754,-0.037498013594358275,0.037498013594358275,0
10,18538,0.99551855869077777,-0.0044915130692582449,0.0044915130692582449,0.99551855869077777,-0.0044915130692582449,0.0044915130692582449,0
11,389,0.96700646786862032,-0.033550094959049585,0.033550094959049585,0.96700646786862032,-0.033550094959049585,0.033550094959049585,0
12,5651,0.99998789945358968,-1.2100619622511085e-05,1.2100619622511085e-05,0.99998789945358968,-1.2100619622511085e-05,1.2100619622511085e-05,0
13,220,0.99999814364137241,-1.8563603505776721e-06,1.8563603505776721e-06,0.99999814364137241,-1.8563603505776721e-06,1.8563603505776721e-06,0
14,1187,0.99999090167715687,-9.0983642331120143e-06,9.0983642331120143e-06,0.99999090167715687,-9.0983642331120143e-06,9.0983642331120143e-06,0
15,11,0.99999655320736125,-3.4467985789189908e-06,3.4467985789189908e-06,0.99999655320736125,-3.4467985789189908e-06,3.4467985789189908e-06,0
16,220,0.99999347698287766,-6.5230383973529513e-06,6.5230383973529513e-06,0.99999347698287766,-6.5230383973529513e-06,6.5230383973529513e-06,0
17,10895,0.9999998661034234,-1.338965855144515e-07,1.338965855144515e-07,0.9999998661034234,-1.338965855144515e-07,1.338965855144515e-07,0
18,16,0.99999975651087381,-2.4348915583729612e-07,2.4348915583729612e-07,0.99999975651087381,-2.4348915583729612e-07,2.4348915583729612e-07,0
19,11,0.96607675751152278,-0.0345119888046687,0.0345119888046687,0.96607675751152278,-0.0345119888046687,0.0345119888046687,0
20,555,0.99999201625182943,-7.9837800409039749e-06,7.9837800409039749e-06,0.99999201625182943,-7.9837800409039749e-06,7.9837800409039749e-06,0
21,15506,0.99976594028929278,-0.00023408710695630377,0.00023408710695630377,0.99976594028929278,-0.00023408710695630377,0.00023408710695630377,0
22,39879,0.99928380646989823,-0.00071645011920704906,0.00071645011920704906,0.99928380646989823,-0.00071645011920704906,0.00071645011920704906,0
23,380,0.99999879715361883,-1.2028471045870782e-06,1.2028471045870782e-06,0.99999879715361883,-1.2028471045870782e-06,1.2028471045870782e-06,0
24,5477,0.99998486614941184,-1.5133965106028905e-05,1.5133965106028905e-05,0.99998486614941184,-1.5133965106028905e-05,1.5133965106028905e-05,0
25,46991,0.99999485769317487,-5.1423200467870181e-06,5.1423200467870181e-06,0.99999485769317487,-5.1423200467870181e-06,5.1423200467870181e-06,0
26,92075,0.9998823555709393,-0.00011765134970935153,0.00011765134970935153,0.9998823555709393,-0.00011765134970935153,0.00011765134970935153,0
27,409,0.99999789048574306,-2.1095164820182148e-06,2.1095164820182148e-06,0.99999789048574306,-2.1095164820182148e-06,2.1095164820182148e-06,0
28,7765,0.99999384247121048,-6.1575477472313251e-06,6.1575477472313251e-06,0.99999384247121048,-6.1575477472313251e-06,6.1575477472313251e-06,0
29,1394,0.99995547767487414,-4.4523316274053822e-05,4.4523316274053822e-05,0.99995547767487414,-4.4523316274053822e-05,4.4523316274053822e-05,0
30,2554,0.99999874738452255,-1.2526162620080453e-06,1.2526162620080453e-06,0.99999874738452255,-1.2526162620080453e-06,1.2526162620080453e-06,0
31,13,0.99980762272795165,-0.0001923957789292828,0.0001923957789292828,0.99980762272795165,-0.0001923957789292828,0.0001923957789292828,0
32,1102,0.99505394308990203,-0.004958329132373227,0.004958329132373227,0.99505394308990203,-0.004958329132373227,0.004958329132373227,0
33,374,0.99646411101826515,-0.0035421550121996497,0.0035421550121996497,0.99646411101826515,-0.0035421550121996497,0.0035421550121996497,0
34,832,0.99967575220989358,-0.0003243003697873479,0.0003243003697873479,0.99967575220989358,-0.0003243003697873479,0.0003243003697873479,0
35,315,0.99999755513706401,-2.4448659246333889e-06,2.4448659246333889e-06,0.99999755513706401,-2.4448659246333889e-06,2.4448659246333889e-06,0
36,279,0.99999900993940416,-9.9006108594543957e-07,9.9006108594543957e-07,0.99999900993940416,-9.9006108594543957e-07,9.9006108594543957e-07,0
37,24417,0.99999200145571732,-7.9985762712549958e-06,7.9985762712549958e-06,0.99999200145571732,-7.9985762712549958e-06,7.9985762712549958e-06,0
38,9919,0.99999283106313963,-7.1689625572955873e-06,7.1689625572955873e-06,0.99999283106313963,-7.1689625572955873e-06,7.1689625572955873e-06,0
39,304,0.99999910299486305,-8.970055392151644e-07,8.970055392151644e-07,0.99999910299486305,-8.970055392151644e-07,8.970055392151644e-07,0
40,279,0.99999884163322839,-1.1583674425219058e-06,1.1583674425219058e-06,0.99999884163322839,-1.1583674425219058e-06,1.1583674425219058e-06,0
41,3224,0.99951496816769669,-0.00048514949829188918,0.00048514949829188918,0.99951496816769669,-0.00048514949829188918,0.00048514949829188918,0
42,323,0.99856947402100549,-0.001431550158142611,0.001431550158142611,0.99856947402100549,-0.001431550158142611,0.001431550158142611,0
43,574,0.999056279248551,-0.00094416633623781903,0.00094416633623781903,0.999056279248551,-0.00094416633623781903,0.00094416633623781903,0
44,279,0.99992843888490712,-7.1563675711621455e-05,7.1563675711621455e-05,0.99992843888490712,-7.1563675711621455e-05,7.1563675711621455e-05,0
45,10954,0.9999937306625849,-6.2693570675316367e-06,6.2693570675316367e-06,0.9999937306625849,-6.2693570675316367e-06,6.2693570675316367e-06,0
46,315,0.99999913041087185,-8.6958950622944381e-07,8.6958950622944381e-07,0.99999913041087185,-8.6958950622944381e-07,8.6958950622944381e-07,0
47,2410,0.99999600042015102,-3.9995878472652309e-06,3.9995878472652309e-06,0.99999600042015102,-3.9995878472652309e-06,3.9995878472652309e-06,0
48,369,0.99999259392467632,-7.4061027487791368e-06,7.4061027487791368e-06,0.99999259392467632,-7.4061027487791368e-06,7.4061027487791368e-06,0
49,1455,0.99999161138596415,-8.3886492205197647e-06,8.3886492205197647e-06,0.99999161138596415,-8.3886492205197647e-06,8.3886492205197647e-06,0
50,315,0.9999961122690556,-3.8877385015964296e-06,3.8877385015964296e-06,0.9999961122690556,-3.8877385015964296e-06,3.8877385015964296e-06,0
51,279,0.99999312430198972,-6.8757216479665547e-06,6.8757216479665547e-06,0.99999312430198972,-6.8757216479665547e-06,6.8757216479665547e-06,0
52,37683,0.99993138308055241,-6.8619273696110915e-05,6.8619273696110915e-05,0.99993138308055241,-6.8619273696110915e-05,6.8619273696110915e-05,0
53,5718,0.99335221470551827,-0.0066699802386444617,0.0066699802386444617,0.99335221470551827,-0.0066699802386444617,0.0066699802386444617,0
54,315,0.99995432865764533,-4.5672385322132998e-05,4.5672385322132998e-05,0.99995432865764533,-4.5672385322132998e-05,4.5672385322132998e-05,0
55,279,0.99999796000826557,-2.0399938151972262e-06,2.0399938151972262e-06,0.99999796000826557,-2.0399938151972262e-06,2.0399938151972262e-06,0
56,26363,0.9999890332526733,-1.0966807461953225e-05,1.0966807461953225e-05,0.9999890332526733,-1.0966807461953225e-05,1.0966807461953225e-05,0
57,13,0.97493779411252801,-0.02538161092988225,0.02538161092988225,0.97493779411252801,-0.02538161092988225,0.02538161092988225,0
58,57664,0.83436845869737919,-0.18108017718769442,0.18108017718769442,0.83436845869737919,-0.18108017718769442,0.18108017718769442,0
59,374,0.99643698144057335,-0.0035693812280877544,0.0035693812280877544,0.99643698144057335,-0.0035693812280877544,0.0035693812280877544,0
60,31183,0.92415651400037835,-0.07887383423858961,0.07887383423858961,0.92415651400037835,-0.07887383423858961,0.07887383423858961,0
61,389,0.99999514120519928,-4.858806604706222e-06,4.858806604706222e-06,0.99999514120519928,-4.858806604706222e-06,4.858806604706222e-06,0
62,279,0.9999989331949023,-1.066805666756992e-06,1.066805666756992e-06,0.9999989331949023,-1.066805666756992e-06,1.066805666756992e-06,0
63,24024,0.99997427630223246,-2.5724028627556244e-05,2.5724028627556244e-05,0.99997427630223246,-2.5724028627556244e-05,2.5724028627556244e-05,0
64,31284,0.99999430806484124,-5.6919513578784938e-06,5.6919513578784938e-06,0.99999430806484124,-5.6919513578784938e-06,5.6919513578784938e-06,0
65,315,0.99999935403646911,-6.459637394747192e-07,6.459637394747192e-07,0.99999935403646911,-6.459637394747192e-07,6.459637394747192e-07,0
66,57664,0.99999626617180115,-3.7338351695919957e-06,3.7338351695919957e-06,0.99999626617180115,-3.7338351695919957e-06,3.7338351695919957e-06,0
67,9332,0.99999745741509438,-2.5425881379558967e-06,2.5425881379558967e-06,0.99999745741509438,-2.5425881379558967e-06,2.5425881379558967e-06,0
68,323,0.99993006497681269,-6.9937468755040377e-05,6.9937468755040377e-05,0.99993006497681269,-6.9937468755040377e-05,6.9937468755040377e-05,0
69,5727,0.99990166250830426,-9.8342327143845367e-05,9.8342327143845367e-05,0.99990166250830426,-9.8342327143845367e-05,9.8342327143845367e-05,0
70,264,0.99994760669459115,-5.2394677986023226e-05,5.2394677986023226e-05,0.99994760669459115,-5.2394677986023226e-05,5.2394677986023226e-05,0
71,49068,0.99993169701748985,-6.8305315265102521e-05,6.8305315265102521e-05,0.99993169701748985,-6.8305315265102521e-05,6.8305315265102521e-05,0
72,315,0.99999660900313925,-3.3910026102096984e-06,3.3910026102096984e-06,0.99999660900313925,-3.3910026102096984e-06,3.3910026102096984e-06,0
73,61024,0.99991689118314064,-8.3112270588471551e-05,8.3112270588471551e-05,0.99991689118314064,-8.3112270588471551e-05,8.3112270588471551e-05,0
74,11,0.99993598225131797,-6.4019797905550495e-05,6.4019797905550495e-05,0.99993598225131797,-6.4019797905550495e-05,6.4019797905550495e-05,0
75,1063,0.99987818704508968,-0.00012182037471088589,0.00012182037471088589,0.99987818704508968,-0.00012182037471088589,0.00012182037471088589,0
76,315,0.99997988213523137,-2.0118067135539613e-05,2.0118067135539613e-05,0.99997988213523137,-2.0118067135539613e-05,2.0118067135539613e-05,0
77,902,0.99999773597905584,-2.2640235070504185e-06,2.2640235070504185e-06,0.99999773597905584,-2.2640235070504185e-06,2.2640235070504185e-06,0
78,2457,0.99999712631558979,-2.8736885392235567e-06,2.8736885392235567e-06,0.99999712631558979,-2.8736885392235567e-06,2.8736885392235567e-06,0
79,1203,0.99999933039187783,-6.6960834640378781e-07,6.6960834640378781e-07,0.99999933039187783,-6.6960834640378781e-07,6.6960834640378781e-07,0
80,311,0.99999938345851325,-6.1654167683166875e-07,6.1654167683166875e-07,0.99999938345851325,-6.1654167683166875e-07,6.1654167683166875e-07,0
81,279,0.99999837506555822,-1.6249357620141688e-06,1.6249357620141688e-06,0.99999837506555822,-1.6249357620141688e-06,1.6249357620141688e-06,0
82,220,0.99999767832620523,-2.3216764898093894e-06,2.3216764898093894e-06,0.99999767832620523,-2.3216764898093894e-06,2.3216764898093894e-06,0
83,845,0.99999673422889934,-3.2657764332506465e-06,3.2657764332506465e-06,0.99999673422889934,-3.2657764332506465e-06,3.2657764332506465e-06,0
84,339,0.99999777640470755,-2.223597764632763e-06,2.223597764632763e-06,0.99999777640470755,-2.223597764632763e-06,2.223597764632763e-06,0
85,9478,0.99998456997545859,-1.5430143585455608e-05,1.5430143585455608e-05,0.99998456997545859,-1.5430143585455608e-05,1.5430143585455608e-05,0
86,11,0.99725328471624231,-0.002750494427924347,0.002750494427924347,0.99725328471624231,-0.002750494427924347,0.002750494427924347,0
87,1778,0.99999116939484733,-8.8306441427015635e-06,8.8306441427015635e-06,0.99999116939484733,-8.8306441427015635e-06,8.8306441427015635e-06,0
88,439,0.99999971888100814,-2.8111903139670396e-07,2.8111903139670396e-07,0.99999971888100814,-2.8111903139670396e-07,2.8111903139670396e-07,0
89,279,0.99999795679145453,-2.0432106327701526e-06,2.0432106327701526e-06,0.99999795679145453,-2.0432106327701526e-06,2.0432106327701526e-06,0
90,15506,0.99988904970266468,-0.00011095645277483513,0.00011095645277483513,0.99988904970266468,-0.00011095645277483513,0.00011095645277483513,0
91,37683,0.999933039008989,-6.6963232998224083e-05,6.6963232998224083e-05,0.999933039008989,-6.6963232998224083e-05,6.6963232998224083e-05,0
92,11639,0.99441824388626687,-0.0055973923265528278,0.0055973923265528278,0.99441824388626687,-0.0055973923265528278,0.0055973923265528278,0
93,468,0.9999924653298895,-7.5346984962847993e-06,7.5346984962847993e-06,0.9999924653298895,-7.5346984962847993e-06,7.5346984962847993e-06,0
94,4841,0.99999783867997738,-2.1613223582245645e-06,2.1613223582245645e-06,0.99999783867997738,-2.1613223582245645e-06,2.1613223582245645e-06,0
95,4409,0.99999806626629961,-1.9337355700620776e-06,1.9337355700620776e-06,0.99999806626629961,-1.9337355700620776e-06,1.9337355700620776e-06,0
96,315,0.99999957750817314,-4.224919161310813e-07,4.224919161310813e-07,0.99999957750817314,-4.224919161310813e-07,4.224919161310813e-07,0
97,61894,0.99999719149940103,-2.8085045428098999e-06,2.8085045428098999e-06,0.99999719149940103,-2.8085045428098999e-06,2.8085045428098999e-06,0
98,309,0.99999996965314253,-3.0346857899098624e-08,3.0346857899098624e-08,0.99999996965314253,-3.0346857899098624e-08,3.0346857899098624e-08,0
99,44486,0.99973431757124176,-0.00026571772858718907,0.00026571772858718907,0.99973431757124176,-0.00026571772858718907,0.00026571772858718907,0
100,382,0.98371199741624626,-0.016422110323254639,0.016422110323254639,0.98371199741624626,-0.016422110323254639,0.016422110323254639,0
101,1692,0.99490833324573791,-0.0051046734587512424,0.0051046734587512424,0.99490833324573791,-0.0051046734587512424,0.0051046734587512424,0
102,10746,0.99994424012517991,-5.576142945969896e-05,5.576142945969896e-05,0.99994424012517991,-5.576142945969896e-05,5.576142945969896e-05,0
103,374,0.87030507979452654,-0.13891146237212049,0.13891146237212049,0.87030507979452654,-0.13891146237212049,0.13891146237212049,0
104,279,0.99981811933662235,-0.00018189720567140882,0.00018189720567140882,0.99981811933662235,-0.00018189720567140882,0.00018189720567140882,0
105,2132,0.9999939729875239,-6.0270306385637009e-06,6.0270306385637009e-06,0.9999939729875239,-6.0270306385637009e-06,6.0270306385637009e-06,0
106,1455,0.9972823432617175,-0.0027213562715840299,0.0027213562715840299,0.9972823432617175,-0.0027213562715840299,0.0027213562715840299,0
107,95551,0.99997736532828374,-2.2634927884294821e-05,2.2634927884294821e-05,0.99997736532828374,-2.2634927884294821e-05,2.2634927884294821e-05,0
108,3363,0.99999759177312342,-2.408229776377756e-06,2.408229776377756e-06,0.99999759177312342,-2.408229776377756e-06,2.408229776377756e-06,0
109,304,0.99999941581256757,-5.8418760307355346e-07,5.8418760307355346e-07,0.99999941581256757,-5.8418760307355346e-07,5.8418760307355346e-07,0
110,279,0.9999997995501666,-2.0044985349850856e-07,2.0044985349850856e-07,0.9999997995501666,-2.0044985349850856e-07,2.0044985349850856e-07,0
111,26363,0.99998505958716599,-1.4940524443037774e-05,1.4940524443037774e-05,0.99998505958716599,-1.4940524443037774e-05,1.4940524443037774e-05,0
112,1306,0.93672842075389939,-0.065361877865220325,0.065361877865220325,0.93672842075389939,-0.065361877865220325,0.065361877865220325,0
113,279,0.93284567057928514,-0.069515503843360985,0.069515503843360985,0.93284567057928514,-0.069515503843360985,0.069515503843360985,0
114,4846,0.99999939631273949,-6.036874427811032e-07,6.036874427811032e-07,0.99999939631273949,-6.036874427811032e-07,6.036874427811032e-07,0
115,6864,0.99999761444970592,-2.3855531395397658e-06,2.3855531395397658e-06,0.99999761444970592,-2.3855531395397658e-06,2.3855531395397658e-06,0
116,9605,0.99993112317875499,-6.887919336215905e-05,6.887919336215905e-05,0.99993112317875499,-6.887919336215905e-05,6.887919336215905e-05,0
117,52719,0.99999935863133438,-6.4136887128204997e-07,6.4136887128204997e-07,0.99999935863133438,-6.4136887128204997e-07,6.4136887128204997e-07,0
118,4409,0.99999596547345226,-4.0345346864137908e-06,4.0345346864137908e-06,0.99999596547345226,-4.0345346864137908e-06,4.0345346864137908e-06,0
119,11,0.7035581041962049,-0.35160481280887856,0.35160481280887856,0.7035581041962049,-0.35160481280887856,0.35160481280887856,0
120,449,0.99993142270458846,-6.8579646941763678e-05,6.8579646941763678e-05,0.99993142270458846,-6.8579646941763678e-05,6.8579646941763678e-05,0
121,264,0.99996596758192158,-3.4032997194347958e-05,3.4032997194347958e-05,0.99996596758192158,-3.4032997194347958e-05,3.4032997194347958e-05,0
122,7187,0.99999116395671306,-8.8360823249744282e-06,8.8360823249744282e-06,0.99999116395671306,-8.8360823249744282e-06,8.8360823249744282e-06,0
123,315,0.99998796763006037,-1.2032442329137821e-05,1.2032442329137821e-05,0.99998796763006037,-1.2032442329137821e-05,1.2032442329137821e-05,0
124,220,0.99701346839472893,-0.0029910001900499178,0.0029910001900499178,0.99701346839472893,-0.0029910001900499178,0.0029910001900499178,0
125,16,0.99936204098242865,-0.00063816260001480992,0.00063816260001480992,0.99936204098242865,-0.00063816260001480992,0.00063816260001480992,0
126,11,0.98510796972069503,-0.015004029887576372,0.015004029887576372,0.98510796972069503,-0.015004029887576372,0.015004029887576372,0
127,19423,0.99922954926152463,-0.00077074768817878188,0.00077074768817878188,0.99922954926152463,-0.00077074768817878188,0.00077074768817878188,0
128,11,0.99999017681234093,-9.8232359068574005e-06,9.8232359068574005e-06,0.99999017681234093,-9.8232359068574005e-06,9.8232359068574005e-06,0
129,10410,0.99744133478171459,-0.0025619441965343266,0.0025619441965343266,0.99744133478171459,-0.0025619441965343266,0.0025619441965343266,0
130,304,0.9995941166955109,-0.00040596569741294482,0.00040596569741294482,0.9995941166955109,-0.00040596569741294482,0.00040596569741294482,0
131,220,0.99999256744994602,-7.4325776755567804e-06,7.4325776755567804e-06,0.99999256744994602,-7.4325776755567804e-06,7.4325776755567804e-06,0
132,679,0.99999488561271921,-5.1144003592999681e-06,5.1144003592999681e-06,0.99999488561271921,-5.1144003592999681e-06,5.1144003592999681e-06,0
133,20,0.99999495090092638,-5.0491118203270536e-06,5.0491118203270536e-06,0.99999495090092638,-5.0491118203270536e-06,5.0491118203270536e-06,0
134,13,0.99915588811553346,-0.00084446834751389648,0.00084446834751389648,0.99915588811553346,-0.00084446834751389648,0.00084446834751389648,0
135,24586,0.87569518282890368,-0.13273721340673417,0.13273721340673417,0.87569518282890368,-0.13273721340673417,0.13273721340673417,0
136,311,0.99999895470309097,-1.0452974553881386e-06,1.0452974553881386e-06,0.99999895470309097,-1.0452974553881386e-06,1.0452974553881386e-06,0
137,1202,0.99998952068753522,-1.0479367373177248e-05,1.0479367373177248e-05,0.99998952068753522,-1.0479367373177248e-05,1.0479367373177248e-05,0
138,2678,0.99998391746685722,-1.60826624680599e-05,1.60826624680599e-05,0.99998391746685722,-1.60826624680599e-05,1.60826624680599e-05,0
139,4363,0.99999711649051015,-2.8835136472010827e-06,2.8835136472010827e-06,0.99999711649051015,-2.8835136472010827e-06,2.8835136472010827e-06,0
140,3158,0.99999889885638538,-1.1011442208385906e-06,1.1011442208385906e-06,0.99999889885638538,-1.1011442208385906e-06,1.1011442208385906e-06,0
141,323,0.99976991155593276,-0.00023011491847437404,0.00023011491847437404,0.99976991155593276,-0.00023011491847437404,0.00023011491847437404,0
142,6908,0.99935284821792292,-0.00064736127517908324,0.00064736127517908324,0.99935284821792292,-0.00064736127517908324,0.00064736127517908324,0
143,7187,0.99999670829798193,-3.2917074357289288e-06,3.2917074357289288e-06,0.99999670829798193,-3.2917074357289288e-06,3.2917074357289288e-06,0
144,11,0.99997373246708987,-2.6267877907792813e-05,2.6267877907792813e-05,0.99997373246708987,-2.6267877907792813e-05,2.6267877907792813e-05,0
145,57664,0.99992931831093212,-7.068418713615842e-05,7.068418713615842e-05,0.99992931831093212,-7.068418713615842e-05,7.068418713615842e-05,0
146,374,0.99999069462546697,-9.3054178283415395e-06,9.3054178283415395e-06,0.99999069462546697,-9.3054178283415395e-06,9.3054178283415395e-06,0
147,27458,0.99868101300693657,-0.0013198576220571307,0.0013198576220571307,0.99868101300693657,-0.0013198576220571307,0.0013198576220571307,0
148,439,0.99999744792986689,-2.5520733896918506e-06,2.5520733896918506e-06,0.99999744792986689,-2.5520733896918506e-06,2.5520733896918506e-06,0
149,832,0.99999950576764784,-4.9423247427124221e-07,4.9423247427124221e-07,0.99999950576764784,-4.9423247427124221e-07,4.9423247427124221e-07,0
150,315,0.99999793050259655,-2.0694995448258769e-06,2.0694995448258769e-06,0.99999793050259655,-2.0694995448258769e-06,2.0694995448258769e-06,0
151,279,0.99999909223965355,-9.0776075843951329e-07,9.0776075843951329e-07,0.99999909223965355,-9.0776075843951329e-07,9.0776075843951329e-07,0
152,1455,0.99999840592920397,-1.5940720665742636e-06,1.5940720665742636e-06,0.99999840592920397,-1.5940720665742636e-06,1.5940720665742636e-06,0
153,97617,0.99999557643802339,-4.4235717606134258e-06,4.4235717606134258e-06,0.99999557643802339,-4.4235717606134258e-06,4.4235717606134258e-06,0
154,35459,0.99999833863412324,-1.6613672568135848e-06,1.6613672568135848e-06,0.99999833863412324,-1.6613672568135848e-06,1.6613672568135848e-06,0
155,9919,0.99999600857282356,-3.9914351422433884e-06,3.9914351422433884e-06,0.99999600857282356,-3.9914351422433884e-06,3.9914351422433884e-06,0
156,304,0.99999934434629889,-6.556539160465949e-07,6.556539160465949e-07,0.99999934434629889,-6.556539160465949e-07,6.556539160465949e-07,0
157,279,0.99999952526535441,-4.7473475828337632e-07,4.7473475828337632e-07,0.99999952526535441,-4.7473475828337632e-07,4.7473475828337632e-07,0
158,1917,0.99999718405126592,-2.8159526988280284e-06,2.8159526988280284e-06,0.99999718405126592,-2.8159526988280284e-06,2.8159526988280284e-06,0
159,11,0.96777493666313696,-0.032755722185849358,0.032755722185849358,0.96777493666313696,-0.032755722185849358,0.032755722185849358,0
160,449,0.99998896630646006,-1.1033754411575447e-05,1.1033754411575447e-05,0.99998896630646006,-1.1033754411575447e-05,1.1033754411575447e-05,0
161,220,0.99978127190047128,-0.0002187520240082102,0.0002187520240082102,0.99978127190047128,-0.0002187520240082102,0.0002187520240082102,0
162,2983,0.99950708776100017,-0.0004930337601720331,0.0004930337601720331,0.99950708776100017,-0.0004930337601720331,0.0004930337601720331,0
163,11,0.99999102684767716,-8.9731925817789679e-06,8.9731925817789679e-06,0.99999102684767716,-8.9731925817789679e-06,8.9731925817789679e-06,0
164,20907,0.99998548771880102,-1.4512386503092429e-05,1.4512386503092429e-05,0.99998548771880102,-1.4512386503092429e-05,1.4512386503092429e-05,0
165,1274,0.99999311099374344,-6.8890299858428175e-06,6.8890299858428175e-06,0.99999311099374344,-6.8890299858428175e-06,6.8890299858428175e-06,0
166,824,0.99999944734320023,-5.5265695247570877e-07,5.5265695247570877e-07,0.99999944734320023,-5.5265695247570877e-07,5.5265695247570877e-07,0
167,9518,0.99999832564401092,-1.6743573907656543e-06,1.6743573907656543e-06,0.99999832564401092,-1.6743573907656543e-06,1.6743573907656543e-06,0
168,15395,0.99998023085064258,-1.9769344769671488e-05,1.9769344769671488e-05,0.99998023085064258,-1.9769344769671488e-05,1.9769344769671488e-05,0
169,21037,0.9999992961061982,-7.0389404956019769e-07,7.0389404956019769e-07,0.9999992961061982,-7.0389404956019769e-07,7.0389404956019769e-07,0
170,382,0.94742438723645916,-0.054008147598897056,0.054008147598897056,0.94742438723645916,-0.054008147598897056,0.054008147598897056,0
171,1692,0.97716205250562682,-0.023102773236699022,0.023102773236699022,0.97716205250562682,-0.023102773236699022,0.023102773236699022,0
172,10746,0.99995620110151029,-4.3799857689467366e-05,4.3799857689467366e-05,0.99995620110151029,-4.3799857689467366e-05,4.3799857689467366e-05,0
173,706,0.95107191972272032,-0.050165593930564002,0.050165593930564002,0.95107191972272032,-0.050165593930564002,0.050165593930564002,0
174,4848,0.76119866911787437,-0.27286089196173097,0.27286089196173097,0.76119866911787437,-0.27286089196173097,0.27286089196173097,0
175,18740,0.99999348391770471,-6.5161035250363692e-06,6.5161035250363692e-06,0.99999348391770471,-6.5161035250363692e-06,6.5161035250363692e-06,0
176,27536,0.999998716121968,-1.2838788561743438e-06,1.2838788561743438e-06,0.999998716121968,-1.2838788561743438e-06,1.2838788561743438e-06,0
177,369,0.99998252334196092,-1.7476810757633518e-05,1.7476810757633518e-05,0.99998252334196092,-1.7476810757633518e-05,1.7476810757633518e-05,0
178,279,0.99999964799284391,-3.5200721803663635e-07,3.5200721803663635e-07,0.99999964799284391,-3.5200721803663635e-07,3.5200721803663635e-07,0
179,4827,0.99997958146044008,-2.0418748021136643e-05,2.0418748021136643e-05,0.99997958146044008,-2.0418748021136643e-05,2.0418748021136643e-05,0
180,3838,0.99999398778134185,-6.012236731589652e-06,6.012236731589652e-06,0.99999398778134185,-6.012236731589652e-06,6.012236731589652e-06,0
181,315,0.99999923171737504,-7.6828292013949627e-07,7.6828292013949627e-07,0.99999923171737504,-7.6828292013949627e-07,7.6828292013949627e-07,0
182,279,0.99999791520676673,-2.0847954064948201e-06,2.0847954064948201e-06,0.99999791520676673,-2.0847954064948201e-06,2.0847954064948201e-06,0
183,57281,0.99994010443887393,-5.9897354936828795e-05,5.9897354936828795e-05,0.99994010443887393,-5.9897354936828795e-05,5.9897354936828795e-05,0
184,8151,0.99999229436884507,-7.705660843419688e-06,7.705660843419688e-06,0.99999229436884507,-7.705660843419688e-06,7.705660843419688e-06,0
185,13,0.55455845286102579,-0.58958306230835134,0.58958306230835134,0.55455845286102579,-0.58958306230835134,0.58958306230835134,0
186,578,0.78555783487642561,-0.2413611958919431,0.2413611958919431,0.78555783487642561,-0.2413611958919431,0.2413611958919431,0
187,3363,0.99999678576298623,-3.2142421794915754e-06,3.2142421794915754e-06,0.99999678576298623,-3.2142421794915754e-06,3.2142421794915754e-06,0
188,374,0.99997443434437894,-2.5565982428040632e-05,2.5565982428040632e-05,0.99997443434437894,-2.5565982428040632e-05,2.5565982428040632e-05,0
189,24306,0.99566371722752423,-0.0043457117141948018,0.0043457117141948018,0.99566371722752423,-0.0043457117141948018,0.0043457117141948018,0
190,315,0.99999902881202662,-9.7118844501719585e-07,9.7118844501719585e-07,0.99999902881202662,-9.7118844501719585e-07,9.7118844501719585e-07,0
191,220,0.99997674478800402,-2.3255482402650961e-05,2.3255482402650961e-05,0.99997674478800402,-2.3255482402650961e-05,2.3255482402650961e-05,0
192,845,0.99999954631076982,-4.5368933310262312e-07,4.5368933310262312e-07,0.99999954631076982,-4.5368933310262312e-07,4.5368933310262312e-07,0
193,27536,0.99994694135556539,-5.3060052094309799e-05,5.3060052094309799e-05,0.99994694135556539,-5.3060052094309799e-05,5.3060052094309799e-05,0
194,11,0.99178019718306265,-0.0082537716690242197,0.0082537716690242197,0.99178019718306265,-0.0082537716690242197,0.0082537716690242197,0
195,32125,0.99833506608498102,-0.0016663214578148777,0.0016663214578148777,0.99833506608498102,-0.0016663214578148777,0.0016663214578148777,0
196,25,0.83694968388627777,-0.17799132513083998,0.17799132513083998,0.83694968388627777,-0.17799132513083998,0.17799132513083998,0
197,30444,0.99905871128260304,-0.00094173200781967311,0.00094173200781967311,0.99905871128260304,-0.00094173200781967311,0.00094173200781967311,0
198,36071,0.99999893130897199,-1.0686915990409078e-06,1.0686915990409078e-06,0.99999893130897199,-1.0686915990409078e-06,1.0686915990409078e-06,0
199,11,0.99999650749157454,-3.4925145243135794e-06,3.4925145243135794e-06,0.99999650749157454,-3.4925145243135794e-06,3.4925145243135794e-06,0
200,9939,0.99997251882884786,-2.7481548766464151e-05,2.7481548766464151e-05,0.99997251882884786,-2.7481548766464151e-05,2.7481548766464151e-05,0
201,1800,0.99999949310037328,-5.0689975514958817e-07,5.0689975514958817e-07,0.99999949310037328,-5.0689975514958817e-07,5.0689975514958817e-07,0
202,64,0.99999990940821792,-9.0591786188147166e-08,9.0591786188147166e-08,0.99999990940821792,-9.0591786188147166e-08,9.0591786188147166e-08,0
203,11,0.99999901788589529,-9.8211458699546198e-07,9.8211458699546198e-07,0.99999901788589529,-9.8211458699546198e-07,9.8211458699546198e-07,0
204,61894,0.99999623248518366,-3.767521913425848e-06,3.767521913425848e-06,0.99999623248518366,-3.767521913425848e-06,3.767521913425848e-06,0
205,309,0.99999997629880821,-2.3701192061200542e-08,2.3701192061200542e-08,0.99999997629880821,-2.3701192061200542e-08,2.3701192061200542e-08,0
206,44486,0.99998690590260753,-1.3094183120910136e-05,1.3094183120910136e-05,0.99998690590260753,-1.3094183120910136e-05,1.3094183120910136e-05,0
207,11,0.99999619901810388,-3.8009891199041828e-06,3.8009891199041828e-06,0.99999619901810388,-3.8009891199041828e-06,3.8009891199041828e-06,0
208,8560,0.99999916212513529,-8.3787521568846683e-07,8.3787521568846683e-07,0.99999916212513529,-8.3787521568846683e-07,8.3787521568846683e-07,0
209,349,0.9999997003156883,-2.9968435661148078e-07,2.9968435661148078e-07,0.9999997003156883,-2.9968435661148078e-07,2.9968435661148078e-07,0
210,11,0.99999594221418353,-4.0577940493294749e-06,4.0577940493294749e-06,0.99999594221418353,-4.0577940493294749e-06,4.0577940493294749e-06,0
211,12925,0.99999668282681786,-3.3171786839371255e-06,3.3171786839371255e-06,0.99999668282681786,-3.3171786839371255e-06,3.3171786839371255e-06,0
212,78,0.99999989428181857,-1.0571818705632061e-07,1.0571818705632061e-07,0.99999989428181857,-1.0571818705632061e-07,1.0571818705632061e-07,0
213,11,0.99999476161008116,-5.2384036392050471e-06,5.2384036392050471e-06,0.99999476161008116,-5.2384036392050471e-06,5.2384036392050471e-06,0
214,34606,0.99999707454477216,-2.9254595069467487e-06,2.9254595069467487e-06,0.99999707454477216,-2.9254595069467487e-06,2.9254595069467487e-06,0
215,582,0.99999601335485921,-3.9866530874712341e-06,3.9866530874712341e-06,0.99999601335485921,-3.9866530874712341e-06,3.9866530874712341e-06,0
216,276,0.99999984697536848,-1.5302464323921543e-07,1.5302464323921543e-07,0.99999984697536848,-1.5302464323921543e-07,1.5302464323921543e-07,0
217,11,0.99999908866426612,-9.1133614916840213e-07,9.1133614916840213e-07,0.99999908866426612,-9.1133614916840213e-07,9.1133614916840213e-07,0
218,5896,0.99999791254648362,-2.0874556951522646e-06,2.0874556951522646e-06,0.99999791254648362,-2.0874556951522646e-06,2.0874556951522646e-06,0
219,12299,0.99999667489629418,-3.3251092340163748e-06,3.3251092340163748e-06,0.99999667489629418,-3.3251092340163748e-06,3.3251092340163748e-06,0
220,11,0.99999809133604345,-1.9086657780224411e-06,1.9086657780224411e-06,0.99999809133604345,-1.9086657780224411e-06,1.9086657780224411e-06,0
221,42215,0.99994357578056003,-5.6425811346095922e-05,5.6425811346095922e-05,0.99994357578056003,-5.6425811346095922e-05,5.6425811346095922e-05,0
222,66652,0.99999737498457586,-2.6250188694854642e-06,2.6250188694854642e-06,0.99999737498457586,-2.6250188694854642e-06,2.6250188694854642e-06,0
223,11,0.99999344088537945,-6.5591361316243636e-06,6.5591361316243636e-06,0.99999344088537945,-6.5591361316243636e-06,6.5591361316243636e-06,0
224,91274,0.99999456525626851,-5.4347584997603268e-06,5.4347584997603268e-06,0.99999456525626851,-5.4347584997603268e-06,5.4347584997603268e-06,0
225,278,0.99999812939989186,-1.8706018577689539e-06,1.8706018577689539e-06,0.99999812939989186,-1.8706018577689539e-06,1.8706018577689539e-06,0
226,511,0.99999990179061149,-9.8209393346859475e-08,9.8209393346859475e-08,0.99999990179061149,-9.8209393346859475e-08,9.8209393346859475e-08,0
227,11,0.99999703864524281,-2.9613591420149734e-06,2.9613591420149734e-06,0.99999703864524281,-2.9613591420149734e-06,2.9613591420149734e-06,0
228,5960,0.99999895491253299,-1.0450880131436737e-06,1.0450880131436737e-06,0.99999895491253299,-1.0450880131436737e-06,1.0450880131436737e-06,0
229,96446,0.99985847791600102,-0.00014153209919404497,0.00014153209919404497,0.99985847791600102,-0.00014153209919404497,0.00014153209919404497,0
230,11,0.99999807713498068,-1.9228668679875426e-06,1.9228668679875426e-06,0.99999807713498068,-1.9228668679875426e-06,1.9228668679875426e-06,0
231,5960,0.99999912195562413,-8.7804476133125283e-07,8.7804476133125283e-07,0.99999912195562413,-8.7804476133125283e-07,8.7804476133125283e-07,0
232,46991,0.99999753348038289,-2.4665226589254604e-06,2.4665226589254604e-06,0.99999753348038289,-2.4665226589254604e-06,2.4665226589254604e-06,0
233,11,0.99999878892569349,-1.2110750398703201e-06,1.2110750398703201e-06,0.99999878892569349,-1.2110750398703201e-06,1.2110750398703201e-06,0
234,5960,0.9999986899918295,-1.3100090285059511e-06,1.3100090285059511e-06,0.9999986899918295,-1.3100090285059511e-06,1.3100090285059511e-06,0
235,52836,0.99998463397717008,-1.5366140888409742e-05,1.5366140888409742e-05,0.99998463397717008,-1.5366140888409742e-05,1.5366140888409742e-05,0
236,11,0.99999915322837718,-8.4677198129052012e-07,8.4677198129052012e-07,0.99999915322837718,-8.4677198129052012e-07,8.4677198129052012e-07,0
237,16376,0.99999099104938849,-9.0089911923939879e-06,9.0089911923939879e-06,0.99999099104938849,-9.0089911923939879e-06,9.0089911923939879e-06,0
238,33238,0.99998560508687673,-1.4395016730988062e-05,1.4395016730988062e-05,0.99998560508687673,-1.4395016730988062e-05,1.4395016730988062e-05,0
239,11,0.99999882280383656,-1.1771968563215875e-06,1.1771968563215875e-06,0.99999882280383656,-1.1771968563215875e-06,1.1771968563215875e-06,0
240,16376,0.99995672451371798,-4.3276422692899837e-05,4.3276422692899837e-05,0.99995672451371798,-4.3276422692899837e-05,4.3276422692899837e-05,0
241,21510,0.9999991978540439,-8.0214627786836035e-07,8.0214627786836035e-07,0.9999991978540439,-8.0214627786836035e-07,8.0214627786836035e-07,0
242,11,0.99999873809542972,-1.261905366472163e-06,1.261905366472163e-06,0.99999873809542972,-1.261905366472163e-06,1.261905366472163e-06,0
243,16376,0.99959685528560516,-0.00040322599907224074,0.00040322599907224074,0.99959685528560516,-0.00040322599907224074,0.00040322599907224074,0
244,55965,0.99994648890466309,-5.3512527106679321e-05,5.3512527106679321e-05,0.99994648890466309,-5.3512527106679321e-05,5.3512527106679321e-05,0
245,11,0.9998616183829544,-0.00013839119266495712,0.00013839119266495712,0.9998616183829544,-0.00013839119266495712,0.00013839119266495712,0
246,323,0.99999834401719112,-1.6559841799874424e-06,1.6559841799874424e-06,0.99999834401719112,-1.6559841799874424e-06,1.6559841799874424e-06,0
247,350,0.99999866835723861,-1.3316436480033892e-06,1.3316436480033892e-06,0.99999866835723861,-1.3316436480033892e-06,1.3316436480033892e-06,0
248,36071,0.99999902504497751,-9.7495549779613983e-07,9.7495549779613983e-07,0.99999902504497751,-9.7495549779613983e-07,9.7495549779613983e-07,0
249,382,0.99989105029235281,-0.0001089556430976654,0.0001089556430976654,0.99989105029235281,-0.0001089556430976654,0.0001089556430976654,0
250,791,0.99080583377645126,-0.0092366934387160711,0.0092366934387160711,0.99080583377645126,-0.0092366934387160711,0.0092366934387160711,0
251,15422,0.9743123963734488,-0.0260232912678817,0.0260232912678817,0.9743123963734488,-0.0260232912678817,0.0260232912678817,0
252,315,0.99999993406956589,-6.5930436268641001e-08,6.5930436268641001e-08,0.99999993406956589,-6.5930436268641001e-08,6.5930436268641001e-08,0
253,350,0.99999823795778164,-1.7620437708058595e-06,1.7620437708058595e-06,0.99999823795778164,-1.7620437708058595e-06,1.7620437708058595e-06,0
254,36071,0.9999960740047984,-3.9260029082923188e-06,3.9260029082923188e-06,0.9999960740047984,-3.9260029082923188e-06,3.9260029082923188e-06,0
255,3131,0.99994609907212706,-5.3902380580167431e-05,5.3902380580167431e-05,0.99994609907212706,-5.3902380580167431e-05,5.3902380580167431e-05,0
256,21989,0.99998986023399417,-1.0139817413579023e-05,1.0139817413579023e-05,0.99998986023399417,-1.0139817413579023e-05,1.0139817413579023e-05,0
257,304,0.99964821430746575,-0.00035184758363638328,0.00035184758363638328,0.99964821430746575,-0.00035184758363638328,0.00035184758363638328,0
258,279,0.99999978403628664,-2.1596373666616786e-07,2.1596373666616786e-07,0.99999978403628664,-2.1596373666616786e-07,2.1596373666616786e-07,0
259,53851,0.99998154372017278,-1.8456450146408932e-05,1.8456450146408932e-05,0.99998154372017278,-1.8456450146408932e-05,1.8456450146408932e-05,0
260,315,0.9999998717350409,-1.2826496730369483e-07,1.2826496730369483e-07,0.9999998717350409,-1.2826496730369483e-07,1.2826496730369483e-07,0
261,57664,0.99999960486421458,-3.9513586345599887e-07,3.9513586345599887e-07,0.99999960486421458,-3.9513586345599887e-07,3.9513586345599887e-07,0
262,1603,0.9952481348359935,-0.0047631911692857121,0.0047631911692857121,0.9952481348359935,-0.0047631911692857121,0.0047631911692857121,0
263,433,0.99999920732847014,-7.9267184396975762e-07,7.9267184396975762e-07,0.99999920732847014,-7.9267184396975762e-07,7.9267184396975762e-07,0
264,27851,0.99960318631890277,-0.00039689243247977734,0.00039689243247977734,0.99960318631890277,-0.00039689243247977734,0.00039689243247977734,0
265,6244,0.99999575274203301,-4.2472669865794521e-06,4.2472669865794521e-06,0.99999575274203301,-4.2472669865794521e-06,4.2472669865794521e-06,0
266,264,0.99999867803932363,-1.3219615501808674e-06,1.3219615501808674e-06,0.99999867803932363,-1.3219615501808674e-06,1.3219615501808674e-06,0
267,17271,0.99999450314749505,-5.4968676127525817e-06,5.4968676127525817e-06,0.99999450314749505,-5.4968676127525817e-06,5.4968676127525817e-06,0
268,315,0.99999891268895758,-1.087311633577756e-06,1.087311633577756e-06,0.99999891268895758,-1.087311633577756e-06,1.087311633577756e-06,0
269,279,0.99999923802874346,-7.6197154688168102e-07,7.6197154688168102e-07,0.99999923802874346,-7.6197154688168102e-07,7.6197154688168102e-07,0
270,36142,0.99999594781997336,-4.0521882367095672e-06,4.0521882367095672e-06,0.99999594781997336,-4.0521882367095672e-06,4.0521882367095672e-06,0
271,31779,0.9999896630954157,-1.0336958010510362e-05,1.0336958010510362e-05,0.9999896630954157,-1.0336958010510362e-05,1.0336958010510362e-05,0
272,391,0.99997655014892073,-2.3450126031368749e-05,2.3450126031368749e-05,0.99997655014892073,-2.3450126031368749e-05,2.3450126031368749e-05,0
273,1494,0.99999998368750243,-1.6312497663939831e-08,1.6312497663939831e-08,0.99999998368750243,-1.6312497663939831e-08,1.6312497663939831e-08,0
274,275,0.99999982576429536,-1.7423571977196763e-07,1.7423571977196763e-07,0.99999982576429536,-1.7423571977196763e-07,1.7423571977196763e-07,0
275,21080,0.99999944004379504,-5.5995636171102235e-07,5.5995636171102235e-07,0.99999944004379504,-5.5995636171102235e-07,5.5995636171102235e-07,0
276,13,0.99991131342621575,-8.8690506670941835e-05,8.8690506670941835e-05,0.99991131342621575,-8.8690506670941835e-05,8.8690506670941835e-05,0
277,12220,0.99991105270507297,-8.8951250972221286e-05,8.8951250972221286e-05,0.99991105270507297,-8.8951250972221286e-05,8.8951250972221286e-05,0
278,279,0.99999977713114563,-2.2286887916320387e-07,2.2286887916320387e-07,0.99999977713114563,-2.2286887916320387e-07,2.2286887916320387e-07,0
279,3320,0.99999308173828594,-6.9182856453822039e-06,6.9182856453822039e-06,0.99999308173828594,-6.9182856453822039e-06,6.9182856453822039e-06,0
280,96323,0.99997376002381444,-2.6240320459775726e-05,2.6240320459775726e-05,0.99997376002381444,-2.6240320459775726e-05,2.6240320459775726e-05,0
281,30215,0.99996722742561706,-3.2773111415489037e-05,3.2773111415489037e-05,0.99996722742561706,-3.2773111415489037e-05,3.2773111415489037e-05,0
282,315,0.99998396911905574,-1.6031009440259229e-05,1.6031009440259229e-05,0.99998396911905574,-1.6031009440259229e-05,1.6031009440259229e-05,0
283,279,0.99999978417525459,-2.1582476874791029e-07,2.1582476874791029e-07,0.99999978417525459,-2.1582476874791029e-07,2.1582476874791029e-07,0
284,26363,0.99999901369143207,-9.863090543040626e-07,9.863090543040626e-07,0.99999901369143207,-9.863090543040626e-07,9.863090543040626e-07,0
285,11,0.99999583562140359,-4.1643872674602125e-06,4.1643872674602125e-06,0.99999583562140359,-4.1643872674602125e-06,4.1643872674602125e-06,0
286,76086,0.99999077286914306,-9.2271734272245872e-06,9.2271734272245872e-06,0.99999077286914306,-9.2271734272245872e-06,9.2271734272245872e-06,0
287,426,0.99999685408775152,-3.1459171968285455e-06,3.1459171968285455e-06,0.99999685408775152,-3.1459171968285455e-06,3.1459171968285455e-06,0
288,23427,0.9999999793066976,-2.0693302634933309e-08,2.0693302634933309e-08,0.9999999793066976,-2.0693302634933309e-08,2.0693302634933309e-08,0
289,19870,0.99999916622425933,-8.3377608830206141e-07,8.3377608830206141e-07,0.99999916622425933,-8.3377608830206141e-07,8.3377608830206141e-07,0
290,315,0.9999990527833692,-9.4721707935876274e-07,9.4721707935876274e-07,0.9999990527833692,-9.4721707935876274e-07,9.4721707935876274e-07,0
291,3320,0.9999969227858474,-3.0772188872738614e-06,3.0772188872738614e-06,0.9999969227858474,-3.0772188872738614e-06,3.0772188872738614e-06,0
292,96323,0.99999944950108222,-5.5049906935027107e-07,5.5049906935027107e-07,0.99999944950108222,-5.5049906935027107e-07,5.5049906935027107e-07,0
293,17439,0.99999165194346029,-8.3480913848835001e-06,8.3480913848835001e-06,0.99999165194346029,-8.3480913848835001e-06,8.3480913848835001e-06,0
294,24082,0.99994995412442556,-5.004712791103718e-05,5.004712791103718e-05,0.99994995412442556,-5.004712791103718e-05,5.004712791103718e-05,0
295,664,0.99999944780542238,-5.521947300264966e-07,5.521947300264966e-07,0.99999944780542238,-5.521947300264966e-07,5.521947300264966e-07,0
296,647,0.99999998780499666,-1.2195003377150425e-08,1.2195003377150425e-08,0.99999998780499666,-1.2195003377150425e-08,1.2195003377150425e-08,0
297,320,0.99239422430629487,-0.0076348471065630667,0.0076348471065630667,0.99239422430629487,-0.0076348471065630667,0.0076348471065630667,0
298,64,0.99995270528176328,-4.7295836667120283e-05,4.7295836667120283e-05,0.99995270528176328,-4.7295836667120283e-05,4.7295836667120283e-05,0
299,14458,0.99999931560587052,-6.8439436368506654e-07,6.8439436368506654e-07,0.99999931560587052,-6.8439436368506654e-07,6.8439436368506654e-07,0
300,304,0.99999991630825613,-8.3691747360714342e-08,8.3691747360714342e-08,0.99999991630825613,-8.3691747360714342e-08,8.3691747360714342e-08,0
301,6617,0.99999521713626538,-4.7828751725780192e-06,4.7828751725780192e-06,0.99999521713626538,-4.7828751725780192e-06,4.7828751725780192e-06,0
302,11477,0.99981561851911926,-0.00018439848123575546,0.00018439848123575546,0.99981561851911926,-0.00018439848123575546,0.00018439848123575546,0
303,57664,0.99999843848598247,-1.561515236751293e-06,1.561515236751293e-06,0.99999843848598247,-1.561515236751293e-06,1.561515236751293e-06,0
304,8,0.99999355959641867,-6.4404243207966492e-06,6.4404243207966492e-06,0.99999355959641867,-6.4404243207966492e-06,6.4404243207966492e-06,0
305,323,0.99999831827680175,-1.6817246123371632e-06,1.6817246123371632e-06,0.99999831827680175,-1.6817246123371632e-06,1.6817246123371632e-06,0
306,28379,0.99995334487230303,-4.665621608131008e-05,4.665621608131008e-05,0.99995334487230303,-4.665621608131008e-05,4.665621608131008e-05,0
307,433,0.9999995615364452,-4.3846365096257992e-07,4.3846365096257992e-07,0.9999995615364452,-4.3846365096257992e-07,4.3846365096257992e-07,0
308,3297,0.99999789691766872,-2.1030845428176391e-06,2.1030845428176391e-06,0.99999789691766872,-2.1030845428176391e-06,2.1030845428176391e-06,0
309,8551,0.99837180990911789,-0.00162951703290634,0.00162951703290634,0.99837180990911789,-0.00162951703290634,0.00162951703290634,0
310,6496,0.9997397839627471,-0.00026024989932036443,0.00026024989932036443,0.9997397839627471,-0.00026024989932036443,0.00026024989932036443,0
311,11,0.99995998637716199,-4.0014423404388488e-05,4.0014423404388488e-05,0.99995998637716199,-4.0014423404388488e-05,4.0014423404388488e-05,0
312,264,0.99997860399732907,-2.1396231568618539e-05,2.1396231568618539e-05,0.99997860399732907,-2.1396231568618539e-05,2.1396231568618539e-05,0
313,12633,0.999982474626677,-1.7525526894146192e-05,1.7525526894146192e-05,0.999982474626677,-1.7525526894146192e-05,1.7525526894146192e-05,0
314,32051,0.99999976253044398,-2.3746958422264652e-07,2.3746958422264652e-07,0.99999976253044398,-2.3746958422264652e-07,2.3746958422264652e-07,0
315,4751,0.99999946860448052,-5.3139566061535698e-07,5.3139566061535698e-07,0.99999946860448052,-5.3139566061535698e-07,5.3139566061535698e-07,0
316,22797,0.99999146546123663,-8.5345751827384403e-06,8.5345751827384403e-06,0.99999146546123663,-8.5345751827384403e-06,8.5345751827384403e-06,0
317,311,0.99999966711430099,-3.3288575439970269e-07,3.3288575439970269e-07,0.99999966711430099,-3.3288575439970269e-07,3.3288575439970269e-07,0
318,279,0.99999970426140172,-2.9573864203203772e-07,2.9573864203203772e-07,0.99999970426140172,-2.9573864203203772e-07,2.9573864203203772e-07,0
319,9546,0.99999966442439314,-3.3557566312902518e-07,3.3557566312902518e-07,0.99999966442439314,-3.3557566312902518e-07,3.3557566312902518e-07,0
320,315,0.99999951446932223,-4.8553079560426765e-07,4.8553079560426765e-07,0.99999951446932223,-4.8553079560426765e-07,4.8553079560426765e-07,0
321,279,0.99999964151230203,-3.5848776227827998e-07,3.5848776227827998e-07,0.99999964151230203,-3.5848776227827998e-07,3.5848776227827998e-07,0
322,452,0.99998657944260205,-1.3420647454468171e-05,1.3420647454468171e-05,0.99998657944260205,-1.3420647454468171e-05,1.3420647454468171e-05,0
323,10746,0.99999728343350369,-2.7165701861913634e-06,2.7165701861913634e-06,0.99999728343350369,-2.7165701861913634e-06,2.7165701861913634e-06,0
324,14362,0.99999747583638887,-2.52416679687562e-06,2.52416679687562e-06,0.99999747583638887,-2.52416679687562e-06,2.52416679687562e-06,0
325,392,0.99999961709503415,-3.8290503919779409e-07,3.8290503919779409e-07,0.99999961709503415,-3.8290503919779409e-07,3.8290503919779409e-07,0
326,13,0.61051547815520602,-0.49345163250918495,0.49345163250918495,0.61051547815520602,-0.49345163250918495,0.49345163250918495,0
327,3297,0.99995618260313168,-4.3818356878548949e-05,4.3818356878548949e-05,0.99995618260313168,-4.3818356878548949e-05,4.3818356878548949e-05,0
328,121513,0.9995246323483703,-0.00047548067465154543,0.00047548067465154543,0.9995246323483703,-0.00047548067465154543,0.00047548067465154543,0
329,574,0.99999932003194314,-6.7996828808972599e-07,6.7996828808972599e-07,0.99999932003194314,-6.7996828808972599e-07,6.7996828808972599e-07,0
330,264,0.99999798479468394,-2.015207346616919e-06,2.015207346616919e-06,0.99999798479468394,-2.015207346616919e-06,2.015207346616919e-06,0
331,348,0.99999988810151808,-1.1189848820971665e-07,1.1189848820971665e-07,0.99999988810151808,-1.1189848820971665e-07,1.1189848820971665e-07,0
332,395,0.9999997445718114,-2.5542822125957146e-07,2.5542822125957146e-07,0.9999997445718114,-2.5542822125957146e-07,2.5542822125957146e-07,0
333,278,0.99999993457896574,-6.5421036446465732e-08,6.5421036446465732e-08,0.99999993457896574,-6.5421036446465732e-08,6.5421036446465732e-08,0
334,1614,0.99999965154535042,-3.4845471032716003e-07,3.4845471032716003e-07,0.99999965154535042,-3.4845471032716003e-07,3.4845471032716003e-07,0
335,315,0.9999999556698469,-4.4330154119719911e-08,4.4330154119719911e-08,0.9999999556698469,-4.4330154119719911e-08,4.4330154119719911e-08,0
336,3320,0.99999848577597295,-1.5142251734479961e-06,1.5142251734479961e-06,0.99999848577597295,-1.5142251734479961e-06,1.5142251734479961e-06,0
337,96323,0.99999010261409849,-9.8974348809400073e-06,9.8974348809400073e-06,0.99999010261409849,-9.8974348809400073e-06,9.8974348809400073e-06,0
338,11,0.99994883519864486,-5.1166110318233394e-05,5.1166110318233394e-05,0.99994883519864486,-5.1166110318233394e-05,5.1166110318233394e-05,0
339,9749,0.99999731505654332,-2.6849470611032489e-06,2.6849470611032489e-06,0.99999731505654332,-2.6849470611032489e-06,2.6849470611032489e-06,0
340,311,0.99999945653452871,-5.4346561893399546e-07,5.4346561893399546e-07,0.99999945653452871,-5.4346561893399546e-07,5.4346561893399546e-07,0
341,98887,0.99981393697371201,-0.00018608033816032028,0.00018608033816032028,0.99981393697371201,-0.00018608033816032028,0.00018608033816032028,0
342,350,0.99999828291312165,-1.7170883525722755e-06,1.7170883525722755e-06,0.99999828291312165,-1.7170883525722755e-06,1.7170883525722755e-06,0
343,36071,0.99999911995973911,-8.8004064814231361e-07,8.8004064814231361e-07,0.99999911995973911,-8.8004064814231361e-07,8.8004064814231361e-07,0
344,382,0.78078380983819173,-0.24745697944891129,0.24745697944891129,0.78078380983819173,-0.24745697944891129,0.24745697944891129,0
345,644,0.98969927288344195,-0.010354146763562716,0.010354146763562716,0.98969927288344195,-0.010354146763562716,0.010354146763562716,0
346,220,0.99996985473305211,-3.01457213255747e-05,3.01457213255747e-05,0.99996985473305211,-3.01457213255747e-05,3.01457213255747e-05,0
347,10895,0.99999971939252175,-2.8060751759805546e-07,2.8060751759805546e-07,0.99999971939252175,-2.8060751759805546e-07,2.8060751759805546e-07,0
348,16,0.99999984693025346,-1.5306975825513935e-07,1.5306975825513935e-07,0.99999984693025346,-1.5306975825513935e-07,1.5306975825513935e-07,0
349,11,0.99860656875557963,-0.0013944029725325691,0.0013944029725325691,0.99860656875557963,-0.0013944029725325691,0.0013944029725325691,0
350,15506,0.99994845144533595,-5.1549883336400456e-05,5.1549883336400456e-05,0.99994845144533595,-5.1549883336400456e-05,5.1549883336400456e-05,0
351,1221,0.97986797233393896,-0.020337438501583351,0.020337438501583351,0.97986797233393896,-0.020337438501583351,0.020337438501583351,0
352,56409,0.99998732103459498,-1.2679045783765729e-05,1.2679045783765729e-05,0.99998732103459498,-1.2679045783765729e-05,1.2679045783765729e-05,0
353,67987,0.99997726115132457,-2.2739107206916772e-05,2.2739107206916772e-05,0.99997726115132457,-2.2739107206916772e-05,2.2739107206916772e-05,0
354,11721,0.99999540766371353,-4.5923468313133033e-06,4.5923468313133033e-06,0.99999540766371353,-4.5923468313133033e-06,4.5923468313133033e-06,0
355,505,0.99998375892916946,-1.6241202718156351e-05,1.6241202718156351e-05,0.99998375892916946,-1.6241202718156351e-05,1.6241202718156351e-05,0
356,12550,0.99999891434856192,-1.0856520273743123e-06,1.0856520273743123e-06,0.99999891434856192,-1.0856520273743123e-06,1.0856520273743123e-06,0
357,11,0.98285988706693983,-0.017288705040037499,0.017288705040037499,0.98285988706693983,-0.017288705040037499,0.017288705040037499,0
358,505,0.99761399455829092,-0.0023888564886715546,0.0023888564886715546,0.99761399455829092,-0.0023888564886715546,0.0023888564886715546,0
359,4028,0.99999944745511371,-5.5254503894804555e-07,5.5254503894804555e-07,0.99999944745511371,-5.5254503894804555e-07,5.5254503894804555e-07,0
360,279,0.99999983824404981,-1.6175596330862374e-07,1.6175596330862374e-07,0.99999983824404981,-1.6175596330862374e-07,1.6175596330862374e-07,0
361,16867,0.99999936132598699,-6.3867421695283973e-07,6.3867421695283973e-07,0.99999936132598699,-6.3867421695283973e-07,6.3867421695283973e-07,0
362,11,0.99999172708444961,-8.2729497711425415e-06,8.2729497711425415e-06,0.99999172708444961,-8.2729497711425415e-06,8.2729497711425415e-06,0
363,323,0.99999960814371625,-3.9185636052272975e-07,3.9185636052272975e-07,0.99999960814371625,-3.9185636052272975e-07,3.9185636052272975e-07,0
364,18538,0.99998232575285462,-1.7674403336758595e-05,1.7674403336758595e-05,0.99998232575285462,-1.7674403336758595e-05,1.7674403336758595e-05,0
365,3118,0.99997044033986693,-2.9560097028464719e-05,2.9560097028464719e-05,0.99997044033986693,-2.9560097028464719e-05,2.9560097028464719e-05,0
366,11477,0.99999965566918525,-3.4433087403987482e-07,3.4433087403987482e-07,0.99999965566918525,-3.4433087403987482e-07,3.4433087403987482e-07,0
367,57664,0.99999970980838071,-2.9019166145021566e-07,2.9019166145021566e-07,0.99999970980838071,-2.9019166145021566e-07,2.9019166145021566e-07,0
368,304,0.99999681074174829,-3.1892633374258839e-06,3.1892633374258839e-06,0.99999681074174829,-3.1892633374258839e-06,3.1892633374258839e-06,0
369,1148,0.99999976846014971,-2.3153987711119613e-07,2.3153987711119613e-07,0.99999976846014971,-2.3153987711119613e-07,2.3153987711119613e-07,0
370,3432,0.99969841230234446,-0.00030163318437092276,0.00030163318437092276,0.99969841230234446,-0.00030163318437092276,0.00030163318437092276,0
371,374,0.99999990301332276,-9.6986681978579719e-08,9.6986681978579719e-08,0.99999990301332276,-9.6986681978579719e-08,9.6986681978579719e-08,0
372,61894,0.9999641647384544,-3.5835903643896362e-05,3.5835903643896362e-05,0.9999641647384544,-3.5835903643896362e-05,3.5835903643896362e-05,0
373,309,0.99999999102529757,-8.9747024964177724e-09,8.9747024964177724e-09,0.99999999102529757,-8.9747024964177724e-09,8.9747024964177724e-09,0
374,44486,0.99999704723426186,-2.9527700975136147e-06,2.9527700975136147e-06,0.99999704723426186,-2.9527700975136147e-06,2.9527700975136147e-06,0
375,13,0.99998473612291561,-1.5263993578566555e-05,1.5263993578566555e-05,0.99998473612291561,-1.5263993578566555e-05,1.5263993578566555e-05,0
376,15506,0.99997706411585507,-2.2936147176347737e-05,2.2936147176347737e-05,0.99997706411585507,-2.2936147176347737e-05,2.2936147176347737e-05,0
377,86316,0.9999917821841533,-8.2178496131721635e-06,8.2178496131721635e-06,0.9999917821841533,-8.2178496131721635e-06,8.2178496131721635e-06,0
378,5246,0.99999719510287099,-2.8049010627508908e-06,2.8049010627508908e-06,0.99999719510287099,-2.8049010627508908e-06,2.8049010627508908e-06,0
379,9052,0.99998354877853479,-1.6451356788067111e-05,1.6451356788067111e-05,0.99998354877853479,-1.6451356788067111e-05,1.6451356788067111e-05,0
380,1534,0.99999978538145362,-2.1461856942285258e-07,2.1461856942285258e-07,0.99999978538145362,-2.1461856942285258e-07,2.1461856942285258e-07,0
381,279,0.9999990307692902,-9.6923117945693689e-07,9.6923117945693689e-07,0.9999990307692902,-9.6923117945693689e-07,9.6923117945693689e-07,0
382,3363,0.99999844268033533,-1.5573208773263984e-06,1.5573208773263984e-06,0.99999844268033533,-1.5573208773263984e-06,1.5573208773263984e-06,0
383,323,0.99988197156153491,-0.00011803540436936695,0.00011803540436936695,0.99988197156153491,-0.00011803540436936695,0.00011803540436936695,0
384,32762,0.99999506462002041,-4.9353921585902404e-06,4.9353921585902404e-06,0.99999506462002041,-4.9353921585902404e-06,4.9353921585902404e-06,0
385,350,0.99999862147544116,-1.3785255090391604e-06,1.3785255090391604e-06,0.99999862147544116,-1.3785255090391604e-06,1.3785255090391604e-06,0
386,36071,0.9999989810876958,-1.0189128232736324e-06,1.0189128232736324e-06,0.9999989810876958,-1.0189128232736324e-06,1.0189128232736324e-06,0
387,1234,0.99999984238005024,-1.5761996220579372e-07,1.5761996220579372e-07,0.99999984238005024,-1.5761996220579372e-07,1.5761996220579372e-07,0
388,57664,0.99999962441918455,-3.7558088602703207e-07,3.7558088602703207e-07,0.99999962441918455,-3.7558088602703207e-07,3.7558088602703207e-07,0
389,323,0.99824062190603291,-0.0017609276173376008,0.0017609276173376008,0.99824062190603291,-0.0017609276173376008,0.0017609276173376008,0
390,1243,0.9999961217876483,-3.8782198720354852e-06,3.8782198720354852e-06,0.9999961217876483,-3.8782198720354852e-06,3.8782198720354852e-06,0
391,5918,0.99999504786368132,-4.9521485806004676e-06,4.9521485806004676e-06,0.99999504786368132,-4.9521485806004676e-06,4.9521485806004676e-06,0
392,1063,0.99999947730819028,-5.2269194634584619e-07,5.2269194634584619e-07,0.99999947730819028,-5.2269194634584619e-07,5.2269194634584619e-07,0
393,315,0.99999973391266583,-2.6608736959742442e-07,2.6608736959742442e-07,0.99999973391266583,-2.6608736959742442e-07,2.6608736959742442e-07,0
394,279,0.99999987548091895,-1.2451908883677967e-07,1.2451908883677967e-07,0.99999987548091895,-1.2451908883677967e-07,1.2451908883677967e-07,0
395,24417,0.99999974964181571,-2.5035821568295447e-07,2.5035821568295447e-07,0.99999974964181571,-2.5035821568295447e-07,2.5035821568295447e-07,0
396,31012,0.99999349401156379,-6.5060096002263866e-06,6.5060096002263866e-06,0.99999349401156379,-6.5060096002263866e-06,6.5060096002263866e-06,0
397,304,0.9999996764361877,-3.2356386464615983e-07,3.2356386464615983e-07,0.9999996764361877,-3.2356386464615983e-07,3.2356386464615983e-07,0
398,279,0.99999956164016413,-4.3835993197468963e-07,4.3835993197468963e-07,0.99999956164016413,-4.3835993197468963e-07,4.3835993197468963e-07,0
399,3224,0.99999762030404205,-2.379698789383902e-06,2.379698789383902e-06,0.99999762030404205,-2.379698789383902e-06,2.379698789383902e-06,0
400,11,0.99999834325407566,-1.656747296736666e-06,1.656747296736666e-06,0.99999834325407566,-1.656747296736666e-06,1.656747296736666e-06,0
401,2737,0.99999613414848565,-3.8658589867314907e-06,3.8658589867314907e-06,0.99999613414848565,-3.8658589867314907e-06,3.8658589867314907e-06,0
402,5960,0.99998820018424617,-1.1799885372199512e-05,1.1799885372199512e-05,0.99998820018424617,-1.1799885372199512e-05,1.1799885372199512e-05,0
403,4701,0.99999384907266164,-6.1509462554268449e-06,6.1509462554268449e-06,0.99999384907266164,-6.1509462554268449e-06,6.1509462554268449e-06,0
404,45335,0.99999836801219555,-1.631989136181326e-06,1.631989136181326e-06,0.99999836801219555,-1.631989136181326e-06,1.631989136181326e-06,0
405,9441,0.99999558411373668,-4.4158960134164422e-06,4.4158960134164422e-06,0.99999558411373668,-4.4158960134164422e-06,4.4158960134164422e-06,0
406,13,0.96141658911326977,-0.039347468508601359,0.039347468508601359,0.96141658911326977,-0.039347468508601359,0.039347468508601359,0
407,578,0.99995915651945533,-4.0844314662382756e-05,4.0844314662382756e-05,0.99995915651945533,-4.0844314662382756e-05,4.0844314662382756e-05,0
408,1221,0.99998943905264559,-1.0561003121601557e-05,1.0561003121601557e-05,0.99998943905264559,-1.0561003121601557e-05,1.0561003121601557e-05,0
409,56409,0.99995684511461314,-4.3155816585764064e-05,4.3155816585764064e-05,0.99995684511461314,-4.3155816585764064e-05,4.3155816585764064e-05,0
410,67987,0.99998368638645363,-1.6313746614816065e-05,1.6313746614816065e-05,0.99998368638645363,-1.6313746614816065e-05,1.6313746614816065e-05,0
411,28379,0.99992140725177148,-7.8595836800377921e-05,7.8595836800377921e-05,0.99992140725177148,-7.8595836800377921e-05,7.8595836800377921e-05,0
412,279,0.9999997640745405,-2.3592548729366024e-07,2.3592548729366024e-07,0.9999997640745405,-2.3592548729366024e-07,2.3592548729366024e-07,0
413,3158,0.99999959225391732,-4.0774616585861617e-07,4.0774616585861617e-07,0.99999959225391732,-4.0774616585861617e-07,4.0774616585861617e-07,0
414,88858,0.99984324385975654,-0.00015676842777129628,0.00015676842777129628,0.99984324385975654,-0.00015676842777129628,0.00015676842777129628,0
415,1050,0.99999758772175595,-2.4122811536165463e-06,2.4122811536165463e-06,0.99999758772175595,-2.4122811536165463e-06,2.4122811536165463e-06,0
416,3394,0.99999947636215669,-5.2363798043491815e-07,5.2363798043491815e-07,0.99999947636215669,-5.2363798043491815e-07,5.2363798043491815e-07,0
417,409,0.99999998571939819,-1.4280601932265628e-08,1.4280601932265628e-08,0.99999998571939819,-1.4280601932265628e-08,1.4280601932265628e-08,0
418,11514,0.99996426013318795,-3.5740505496324297e-05,3.5740505496324297e-05,0.99996426013318795,-3.5740505496324297e-05,3.5740505496324297e-05,0
419,6374,0.99999810700567793,-1.8929961138210435e-06,1.8929961138210435e-06,0.99999810700567793,-1.8929961138210435e-06,1.8929961138210435e-06,0
420,320,0.9999989652418757,-1.0347586596325895e-06,1.0347586596325895e-06,0.9999989652418757,-1.0347586596325895e-06,1.0347586596325895e-06,0
421,3648,0.99999944298840682,-5.5701174835926158e-07,5.5701174835926158e-07,0.99999944298840682,-5.5701174835926158e-07,5.5701174835926158e-07,0
422,15422,0.99999919761929112,-8.023810307858698e-07,8.023810307858698e-07,0.99999919761929112,-8.023810307858698e-07,8.023810307858698e-07,0
423,315,0.99999993598061787,-6.4019384187439195e-08,6.4019384187439195e-08,0.99999993598061787,-6.4019384187439195e-08,6.4019384187439195e-08,0
424,11514,0.99999201747354904,-7.9825583115029975e-06,7.9825583115029975e-06,0.99999201747354904,-7.9825583115029975e-06,7.9825583115029975e-06,0
425,4618,0.99998235738001451,-1.7642775618378011e-05,1.7642775618378011e-05,0.99998235738001451,-1.7642775618378011e-05,1.7642775618378011e-05,0
426,8,0.99999714150691288,-2.8584971726336418e-06,2.8584971726336418e-06,0.99999714150691288,-2.8584971726336418e-06,2.8584971726336418e-06,0
427,323,0.99999860863363332,-1.3913673346203811e-06,1.3913673346203811e-06,0.99999860863363332,-1.3913673346203811e-06,1.3913673346203811e-06,0
428,66663,0.99999578213725382,-4.217871641383549e-06,4.217871641383549e-06,0.99999578213725382,-4.217871641383549e-06,4.217871641383549e-06,0
429,279,0.99999952841641837,-4.7158369281141811e-07,4.7158369281141811e-07,0.99999952841641837,-4.7158369281141811e-07,4.7158369281141811e-07,0
430,836,0.99999966921090389,-3.3078915087186732e-07,3.3078915087186732e-07,0.99999966921090389,-3.3078915087186732e-07,3.3078915087186732e-07,0
431,311,0.99999997705926547,-2.2940734826210913e-08,2.2940734826210913e-08,0.99999997705926547,-2.2940734826210913e-08,2.2940734826210913e-08,0
432,57664,0.99999923747679487,-7.6252349583605297e-07,7.6252349583605297e-07,0.99999923747679487,-7.6252349583605297e-07,7.6252349583605297e-07,0
433,382,0.99990509790996362,-9.4906593524641926e-05,9.4906593524641926e-05,0.99990509790996362,-9.4906593524641926e-05,9.4906593524641926e-05,0
434,1692,0.99996237122901188,-3.7629478968062703e-05,3.7629478968062703e-05,0.99996237122901188,-3.7629478968062703e-05,3.7629478968062703e-05,0
435,10746,0.99998685424242073,-1.3145843985491792e-05,1.3145843985491792e-05,0.99998685424242073,-1.3145843985491792e-05,1.3145843985491792e-05,0
436,6244,0.99999710464584846,-2.8953583430621845e-06,2.8953583430621845e-06,0.99999710464584846,-2.8953583430621845e-06,2.8953583430621845e-06,0
437,279,0.99999960664013265,-3.9335994474462267e-07,3.9335994474462267e-07,0.99999960664013265,-3.9335994474462267e-07,3.9335994474462267e-07,0
438,4219,0.9999992336197705,-7.6638052313828189e-07,7.6638052313828189e-07,0.9999992336197705,-7.6638052313828189e-07,7.6638052313828189e-07,0
439,315,0.99999983085995736,-1.6914005697803417e-07,1.6914005697803417e-07,0.99999983085995736,-1.6914005697803417e-07,1.6914005697803417e-07,0
440,15506,0.99999952903042955,-4.7096968137043868e-07,4.7096968137043868e-07,0.99999952903042955,-4.7096968137043868e-07,4.7096968137043868e-07,0
441,5820,0.99999862825889341,-1.3717420474712238e-06,1.3717420474712238e-06,0.99999862825889341,-1.3717420474712238e-06,1.3717420474712238e-06,0
442,304,0.99999983874720999,-1.6125280298765425e-07,1.6125280298765425e-07,0.99999983874720999,-1.6125280298765425e-07,1.6125280298765425e-07,0
443,279,0.9999998277994161,-1.7220059871975663e-07,1.7220059871975663e-07,0.9999998277994161,-1.7220059871975663e-07,1.7220059871975663e-07,0
444,13759,0.99999882309516508,-1.1769055274814969e-06,1.1769055274814969e-06,0.99999882309516508,-1.1769055274814969e-06,1.1769055274814969e-06,0
445,6460,0.99999824115181513,-1.7588497316223798e-06,1.7588497316223798e-06,0.99999824115181513,-1.7588497316223798e-06,1.7588497316223798e-06,0
446,323,0.9999904925331935,-9.5075120027709272e-06,9.5075120027709272e-06,0.9999904925331935,-9.5075120027709272e-06,9.5075120027709272e-06,0
447,832,0.99999946749562585,-5.3250451592149376e-07,5.3250451592149376e-07,0.99999946749562585,-5.3250451592149376e-07,5.3250451592149376e-07,0
448,842,0.99999969573737113,-3.0426267517433046e-07,3.0426267517433046e-07,0.99999969573737113,-3.0426267517433046e-07,3.0426267517433046e-07,0
449,315,0.99999980746422379,-1.9253579475757631e-07,1.9253579475757631e-07,0.99999980746422379,-1.9253579475757631e-07,1.9253579475757631e-07,0
450,279,0.99999989182974558,-1.0817026022727563e-07,1.0817026022727563e-07,0.99999989182974558,-1.0817026022727563e-07,1.0817026022727563e-07,0
451,57664,0.99999961810116988,-3.8189890307510052e-07,3.8189890307510052e-07,0.99999961810116988,-3.8189890307510052e-07,3.8189890307510052e-07,0
452,6830,0.99984174342623422,-0.00015826909765871138,0.00015826909765871138,0.99984174342623422,-0.00015826909765871138,0.00015826909765871138,0
453,11600,0.99989428067328812,-0.00010572491539376934,0.00010572491539376934,0.99989428067328812,-0.00010572491539376934,0.00010572491539376934,0
454,360,0.99999997360262194,-2.6397378378927808e-08,2.6397378378927808e-08,0.99999997360262194,-2.6397378378927808e-08,2.6397378378927808e-08,0
455,1030,0.99999957309339549,-4.2690669568544535e-07,4.2690669568544535e-07,0.99999957309339549,-4.2690669568544535e-07,4.2690669568544535e-07,0
456,480,0.99996112429173412,-3.8876463945832773e-05,3.8876463945832773e-05,0.99996112429173412,-3.8876463945832773e-05,3.8876463945832773e-05,0
457,5164,0.99999922386669682,-7.761336043971855e-07,7.761336043971855e-07,0.99999922386669682,-7.761336043971855e-07,7.761336043971855e-07,0
458,263,0.99999966150319253,-3.3849686475761171e-07,3.3849686475761171e-07,0.99999966150319253,-3.3849686475761171e-07,3.3849686475761171e-07,0
459,6696,0.99999926077828438,-7.3922198884481932e-07,7.3922198884481932e-07,0.99999926077828438,-7.3922198884481932e-07,7.3922198884481932e-07,0
460,6149,0.99999970605150534,-2.9394853782872438e-07,2.9394853782872438e-07,0.99999970605150534,-2.9394853782872438e-07,2.9394853782872438e-07,0
461,11,0.99999954050646256,-4.594936430385458e-07,4.594936430385458e-07,0.99999954050646256,-4.594936430385458e-07,4.594936430385458e-07,0
462,31799,0.99999474133361621,-5.2586802106746162e-06,5.2586802106746162e-06,0.99999474133361621,-5.2586802106746162e-06,5.2586802106746162e-06,0
463,15506,0.99999651413693569,-3.4858691399430703e-06,3.4858691399430703e-06,0.99999651413693569,-3.4858691399430703e-06,3.4858691399430703e-06,0
464,5270,0.99999803638340135,-1.9636185265591821e-06,1.9636185265591821e-06,0.99999803638340135,-1.9636185265591821e-06,1.9636185265591821e-06,0
465,449,0.9999997896495193,-2.1035050287473531e-07,2.1035050287473531e-07,0.9999997896495193,-2.1035050287473531e-07,2.1035050287473531e-07,0
466,13936,0.99999382237045487,-6.1776486267851334e-06,6.1776486267851334e-06,0.99999382237045487,-6.1776486267851334e-06,6.1776486267851334e-06,0
467,11,0.99999359479455263,-6.4052259608244496e-06,6.4052259608244496e-06,0.99999359479455263,-6.4052259608244496e-06,6.4052259608244496e-06,0
468,832,0.99999947221438268,-5.2778575659739344e-07,5.2778575659739344e-07,0.99999947221438268,-5.2778575659739344e-07,5.2778575659739344e-07,0
469,315,0.99999996467604257,-3.5323958023135632e-08,3.5323958023135632e-08,0.99999996467604257,-3.5323958023135632e-08,3.5323958023135632e-08,0
470,279,0.99999996610137831,-3.3898622223120664e-08,3.3898622223120664e-08,0.99999996610137831,-3.3898622223120664e-08,3.3898622223120664e-08,0
471,30758,0.99999964236289118,-3.5763717276204423e-07,3.5763717276204423e-07,0.99999964236289118,-3.5763717276204423e-07,3.5763717276204423e-07,0
472,10507,0.99999674534835481,-3.2546569415375935e-06,3.2546569415375935e-06,0.99999674534835481,-3.2546569415375935e-06,3.2546569415375935e-06,0
473,315,0.99999985523963753,-1.4476037298033686e-07,1.4476037298033686e-07,0.99999985523963753,-1.4476037298033686e-07,1.4476037298033686e-07,0
474,81069,0.99996896565822047,-3.1034823354640423e-05,3.1034823354640423e-05,0.99996896565822047,-3.1034823354640423e-05,3.1034823354640423e-05,0
475,13,0.99999188833044494,-8.1117024548070847e-06,8.1117024548070847e-06,0.99999188833044494,-8.1117024548070847e-06,8.1117024548070847e-06,0
476,24586,0.99997206507424863,-2.7935315938670231e-05,2.7935315938670231e-05,0.99997206507424863,-2.7935315938670231e-05,2.7935315938670231e-05,0
477,311,0.99999992659095926,-7.3409043480699644e-08,7.3409043480699644e-08,0.99999992659095926,-7.3409043480699644e-08,7.3409043480699644e-08,0
478,279,0.98135778348862812,-0.018818172872088829,0.018818172872088829,0.98135778348862812,-0.018818172872088829,0.018818172872088829,0
479,8792,0.9999972637236002,-2.7362801434102528e-06,2.7362801434102528e-06,0.9999972637236002,-2.7362801434102528e-06,2.7362801434102528e-06,0
480,3813,0.99999871665487061,-1.28334595291519e-06,1.28334595291519e-06,0.99999871665487061,-1.28334595291519e-06,1.28334595291519e-06,0
481,304,0.99999919438849871,-8.0561182581774877e-07,8.0561182581774877e-07,0.99999919438849871,-8.0561182581774877e-07,8.0561182581774877e-07,0
482,279,0.99999962155406608,-3.7844600553207033e-07,3.7844600553207033e-07,0.99999962155406608,-3.7844600553207033e-07,3.7844600553207033e-07,0
483,16867,0.99999893813492591,-1.0618656378553264e-06,1.0618656378553264e-06,0.99999893813492591,-1.0618656378553264e-06,1.0618656378553264e-06,0
484,9581,0.99996802741832735,-3.1973092806572425e-05,3.1973092806572425e-05,0.99996802741832735,-3.1973092806572425e-05,3.1973092806572425e-05,0
485,6696,0.99999701583180367,-2.9841726490027028e-06,2.9841726490027028e-06,0.99999701583180367,-2.9841726490027028e-06,2.9841726490027028e-06,0
486,11543,0.99999942132031672,-5.7867985069100368e-07,5.7867985069100368e-07,0.99999942132031672,-5.7867985069100368e-07,5.7867985069100368e-07,0
487,11,0.99999980204950434,-1.9795051526040441e-07,1.9795051526040441e-07,0.99999980204950434,-1.9795051526040441e-07,1.9795051526040441e-07,0
488,57664,0.99999900724565094,-9.9275484182438183e-07,9.9275484182438183e-07,0.99999900724565094,-9.9275484182438183e-07,9.9275484182438183e-07,0
489,4036,0.99999807359570347,-1.9264061520360889e-06,1.9264061520360889e-06,0.99999807359570347,-1.9264061520360889e-06,1.9264061520360889e-06,0
490,279,0.99999975283798181,-2.4716204870314531e-07,2.4716204870314531e-07,0.99999975283798181,-2.4716204870314531e-07,2.4716204870314531e-07,0
491,1647,0.99999402210659194,-5.977911275727511e-06,5.977911275727511e-06,0.99999402210659194,-5.977911275727511e-06,5.977911275727511e-06,0
492,25840,0.99999246353327398,-7.5364951253585378e-06,7.5364951253585378e-06,0.99999246353327398,-7.5364951253585378e-06,7.5364951253585378e-06,0
493,315,0.99999498437938517,-5.015633193068726e-06,5.015633193068726e-06,0.99999498437938517,-5.015633193068726e-06,5.015633193068726e-06,0
494,279,0.99999833217646972,-1.6678249211255286e-06,1.6678249211255286e-06,0.99999833217646972,-1.6678249211255286e-06,1.6678249211255286e-06,0
495,330,0.99958317370467986,-0.00041691319154826692,0.00041691319154826692,0.99958317370467986,-0.00041691319154826692,0.00041691319154826692,0
496,92140,0.99985062440403005,-0.00014938675361539009,0.00014938675361539009,0.99985062440403005,-0.00014938675361539009,0.00014938675361539009,0
497,75,0.99999998134037693,-1.8659623227882365e-08,1.8659623227882365e-08,0.99999998134037693,-1.8659623227882365e-08,1.8659623227882365e-08,0
498,315,0.9999999709649523,-2.903504816612748e-08,2.903504816612748e-08,0.9999999709649523,-2.903504816612748e-08,2.903504816612748e-08,0
499,279,0.9999994987765336,-5.0122359202904232e-07,5.0122359202904232e-07,0.9999994987765336,-5.0122359202904232e-07,5.0122359202904232e-07,0
500,62574,0.9999936837106792,-6.3163092686257339e-06,6.3163092686257339e-06,0.9999936837106792,-6.3163092686257339e-06,6.3163092686257339e-06,0
501,2266,0.31624167982505802,-1.1512485481400625,1.1512485481400625,0.31624167982505802,-1.1512485481400625,1.1512485481400625,0
502,62897,0.99992370507341966,-7.6297837186287137e-05,7.6297837186287137e-05,0.99992370507341966,-7.6297837186287137e-05,7.6297837186287137e-05,0
503,6037,0.99999821126665422,-1.7887349455399898e-06,1.7887349455399898e-06,0.99999821126665422,-1.7887349455399898e-06,1.7887349455399898e-06,0
504,315,0.99999971281188194,-2.8718815931543275e-07,2.8718815931543275e-07,0.99999971281188194,-2.8718815931543275e-07,2.8718815931543275e-07,0
505,57664,0.99999975622637371,-2.4377365596915825e-07,2.4377365596915825e-07,0.99999975622637371,-2.4377365596915825e-07,2.4377365596915825e-07,0
506,323,0.99999972566733697,-2.7433270067446544e-07,2.7433270067446544e-07,0.99999972566733697,-2.7433270067446544e-07,2.7433270067446544e-07,0
507,279,0.9999999037861117,-9.6213892887238831e-08,9.6213892887238831e-08,0.9999999037861117,-9.6213892887238831e-08,9.6213892887238831e-08,0
508,4553,0.99999971856905534,-2.8143098421690922e-07,2.8143098421690922e-07,0.99999971856905534,-2.8143098421690922e-07,2.8143098421690922e-07,0
509,57281,0.99999200455297077,-7.9954789929434354e-06,7.9954789929434354e-06,0.99999200455297077,-7.9954789929434354e-06,7.9954789929434354e-06,0
510,5438,0.99999977600374601,-2.2399627908452353e-07,2.2399627908452353e-07,0.99999977600374601,-2.2399627908452353e-07,2.2399627908452353e-07,0
511,82179,0.99999992607277155,-7.3927231157485317e-08,7.3927231157485317e-08,0.99999992607277155,-7.3927231157485317e-08,7.3927231157485317e-08,0
512,6438,0.99999982322044023,-1.7677957534022655e-07,1.7677957534022655e-07,0.99999982322044023,-1.7677957534022655e-07,1.7677957534022655e-07,0
513,36513,0.99998605550699304,-1.3944590232272209e-05,1.3944590232272209e-05,0.99998605550699304,-1.3944590232272209e-05,1.3944590232272209e-05,0
514,369,0.99999978036810377,-2.1963192029012344e-07,2.1963192029012344e-07,0.99999978036810377,-2.1963192029012344e-07,2.1963192029012344e-07,0
515,927,0.99999999129397177,-8.7060283047890575e-09,8.7060283047890575e-09,0.99999999129397177,-8.7060283047890575e-09,8.7060283047890575e-09,0
516,2380,0.99999962806816822,-3.7193190094452753e-07,3.7193190094452753e-07,0.99999962806816822,-3.7193190094452753e-07,3.7193190094452753e-07,0
517,24552,0.99999906616213996,-9.3383829609293409e-07,9.3383829609293409e-07,0.99999906616213996,-9.3383829609293409e-07,9.3383829609293409e-07,0
518,11,0.99962055373563807,-0.00037951827231169784,0.00037951827231169784,0.99962055373563807,-0.00037951827231169784,0.00037951827231169784,0
519,3156,0.9999966891390798,-3.3108664010654294e-06,3.3108664010654294e-06,0.9999966891390798,-3.3108664010654294e-06,3.3108664010654294e-06,0
520,220,0.99999812445865643,-1.8755431023641682e-06,1.8755431023641682e-06,0.99999812445865643,-1.8755431023641682e-06,1.8755431023641682e-06,0
521,9378,0.99999996508655753,-3.4913443082190011e-08,3.4913443082190011e-08,0.99999996508655753,-3.4913443082190011e-08,3.4913443082190011e-08,0
522,23,0.99999996886786324,-3.1132137272023716e-08,3.1132137272023716e-08,0.99999996886786324,-3.1132137272023716e-08,3.1132137272023716e-08,0
523,13,0.99999581032265827,-4.189686118493094e-06,4.189686118493094e-06,0.99999581032265827,-4.189686118493094e-06,4.189686118493094e-06,0
524,2468,0.99751910419593537,-0.0024839783253915622,0.0024839783253915622,0.99751910419593537,-0.0024839783253915622,0.0024839783253915622,0
525,2204,0.99999758672026562,-2.4132826463092252e-06,2.4132826463092252e-06,0.99999758672026562,-2.4132826463092252e-06,2.4132826463092252e-06,0
526,3115,0.99999940099947815,-5.9900070127348259e-07,5.9900070127348259e-07,0.99999940099947815,-5.9900070127348259e-07,5.9900070127348259e-07,0
527,2391,0.99999592474768229,-4.0752606215439069e-06,4.0752606215439069e-06,0.99999592474768229,-4.0752606215439069e-06,4.0752606215439069e-06,0
528,279,0.99999938773037356,-6.122698139283439e-07,6.122698139283439e-07,0.99999938773037356,-6.122698139283439e-07,6.122698139283439e-07,0
529,1317,0.99999912335263685,-8.7664774738670578e-07,8.7664774738670578e-07,0.99999912335263685,-8.7664774738670578e-07,8.7664774738670578e-07,0
530,15506,0.99999736413288964,-2.6358705842223386e-06,2.6358705842223386e-06,0.99999736413288964,-2.6358705842223386e-06,2.6358705842223386e-06,0
531,4261,0.99999958589080207,-4.141092837188066e-07,4.141092837188066e-07,0.99999958589080207,-4.141092837188066e-07,4.141092837188066e-07,0
532,11,0.992781416346186,-0.0072447636934162571,0.0072447636934162571,0.992781416346186,-0.0072447636934162571,0.0072447636934162571,0
533,1070,0.99998913046173632,-1.0869597337551058e-05,1.0869597337551058e-05,0.99998913046173632,-1.0869597337551058e-05,1.0869597337551058e-05,0
534,1051,0.99999968722741472,-3.1277263417312754e-07,3.1277263417312754e-07,0.99999968722741472,-3.1277263417312754e-07,3.1277263417312754e-07,0
535,2254,0.99999886377120273,-1.1362294427300142e-06,1.1362294427300142e-06,0.99999886377120273,-1.1362294427300142e-06,1.1362294427300142e-06,0
536,5891,0.99998362376234728,-1.6376371744792556e-05,1.6376371744792556e-05,0.99998362376234728,-1.6376371744792556e-05,1.6376371744792556e-05,0
537,337,0.99999898371723062,-1.0162832858082602e-06,1.0162832858082602e-06,0.99999898371723062,-1.0162832858082602e-06,1.0162832858082602e-06,0
538,2641,0.99999991687437673,-8.3125626702064363e-08,8.3125626702064363e-08,0.99999991687437673,-8.3125626702064363e-08,8.3125626702064363e-08,0
539,11,0.99999991364521146,-8.6354792252050278e-08,8.6354792252050278e-08,0.99999991364521146,-8.6354792252050278e-08,8.6354792252050278e-08,0
540,8620,0.99999512205989538,-4.8779520018031799e-06,4.8779520018031799e-06,0.99999512205989538,-4.8779520018031799e-06,4.8779520018031799e-06,0
541,1672,0.9999982043212966,-1.7956803155837858e-06,1.7956803155837858e-06,0.9999982043212966,-1.7956803155837858e-06,1.7956803155837858e-06,0
542,852,0.99999349035134422,-6.509669843606477e-06,6.509669843606477e-06,0.99999349035134422,-6.509669843606477e-06,6.509669843606477e-06,0
543,5247,0.99999616386541001,-3.8361419479893677e-06,3.8361419479893677e-06,0.99999616386541001,-3.8361419479893677e-06,3.8361419479893677e-06,0
544,11,0.99999916838575797,-8.3161458779146206e-07,8.3161458779146206e-07,0.99999916838575797,-8.3161458779146206e-07,8.3161458779146206e-07,0
545,11191,0.99999919061946996,-8.0938085763625711e-07,8.0938085763625711e-07,0.99999919061946996,-8.0938085763625711e-07,8.0938085763625711e-07,0
546,55066,0.99999742084355181,-2.5791597741671342e-06,2.5791597741671342e-06,0.99999742084355181,-2.5791597741671342e-06,2.5791597741671342e-06,0
547,8951,0.99999914188296668,-8.58117401548039e-07,8.58117401548039e-07,0.99999914188296668,-8.58117401548039e-07,8.58117401548039e-07,0
548,11,0.99999952776830703,-4.7223180451407469e-07,4.7223180451407469e-07,0.99999952776830703,-4.7223180451407469e-07,4.7223180451407469e-07,0
549,2294,0.99999936018929414,-6.3981091052046244e-07,6.3981091052046244e-07,0.99999936018929414,-6.3981091052046244e-07,6.3981091052046244e-07,0
550,66579,0.99999677054105307,-3.2294641616395917e-06,3.2294641616395917e-06,0.99999677054105307,-3.2294641616395917e-06,3.2294641616395917e-06,0
551,11,0.99999904473049772,-9.5526995850034475e-07,9.5526995850034475e-07,0.99999904473049772,-9.5526995850034475e-07,9.5526995850034475e-07,0
552,24113,0.99999962788463737,-3.7211543184445047e-07,3.7211543184445047e-07,0.99999962788463737,-3.7211543184445047e-07,3.7211543184445047e-07,0
553,52581,0.99998747292576651,-1.2527152697968076e-05,1.2527152697968076e-05,0.99998747292576651,-1.2527152697968076e-05,1.2527152697968076e-05,0
554,323,0.82071134705000592,-0.19758381837892613,0.19758381837892613,0.82071134705000592,-0.19758381837892613,0.19758381837892613,0
555,30215,0.99999360688534678,-6.393135089287618e-06,6.393135089287618e-06,0.99999360688534678,-6.393135089287618e-06,6.393135089287618e-06,0
556,13865,0.99999822319477527,-1.7768068032371666e-06,1.7768068032371666e-06,0.99999822319477527,-1.7768068032371666e-06,1.7768068032371666e-06,0
557,11,0.99999901192441509,-9.8807607308957081e-07,9.8807607308957081e-07,0.99999901192441509,-9.8807607308957081e-07,9.8807607308957081e-07,0
558,323,0.99999989225257468,-1.0774743116786146e-07,1.0774743116786146e-07,0.99999989225257468,-1.0774743116786146e-07,1.0774743116786146e-07,0
559,264,0.99999954239988642,-4.5760021826827065e-07,4.5760021826827065e-07,0.99999954239988642,-4.5760021826827065e-07,4.5760021826827065e-07,0
560,8013,0.99999770032638413,-2.2996762601585917e-06,2.2996762601585917e-06,0.99999770032638413,-2.2996762601585917e-06,2.2996762601585917e-06,0
561,30747,0.9999651942950506,-3.4806310681993964e-05,3.4806310681993964e-05,0.9999651942950506,-3.4806310681993964e-05,3.4806310681993964e-05,0
562,315,0.99999982914129648,-1.7085871812125315e-07,1.7085871812125315e-07,0.99999982914129648,-1.7085871812125315e-07,1.7085871812125315e-07,0
563,279,0.9999997975395708,-2.0246044967158054e-07,2.0246044967158054e-07,0.9999997975395708,-2.0246044967158054e-07,2.0246044967158054e-07,0
564,3363,0.99999888408599902,-1.1159146235751771e-06,1.1159146235751771e-06,0.99999888408599902,-1.1159146235751771e-06,1.1159146235751771e-06,0
565,2391,0.99999556011637214,-4.4398934841945704e-06,4.4398934841945704e-06,0.99999556011637214,-4.4398934841945704e-06,4.4398934841945704e-06,0
566,872,0.99999767504422032,-2.3249584824114146e-06,2.3249584824114146e-06,0.99999767504422032,-2.3249584824114146e-06,2.3249584824114146e-06,0
567,46025,0.99999796199490143,-2.0380071752875403e-06,2.0380071752875403e-06,0.99999796199490143,-2.0380071752875403e-06,2.0380071752875403e-06,0
568,4879,0.99998736504519292,-1.2635034628767619e-05,1.2635034628767619e-05,0.99998736504519292,-1.2635034628767619e-05,1.2635034628767619e-05,0
569,311,0.99999952419814708,-4.7580196609788053e-07,4.7580196609788053e-07,0.99999952419814708,-4.7580196609788053e-07,4.7580196609788053e-07,0
570,51630,0.99992271255024467,-7.7290436584133808e-05,7.7290436584133808e-05,0.99992271255024467,-7.7290436584133808e-05,7.7290436584133808e-05,0
571,279,0.99999971436067925,-2.8563936155822867e-07,2.8563936155822867e-07,0.99999971436067925,-2.8563936155822867e-07,2.8563936155822867e-07,0
572,26363,0.99999908574594609,-9.1425447186371652e-07,9.1425447186371652e-07,0.99999908574594609,-9.1425447186371652e-07,9.1425447186371652e-07,0
573,13,0.96712085999859609,-0.033431806852097186,0.033431806852097186,0.96712085999859609,-0.033431806852097186,0.033431806852097186,0
574,7365,0.99986120918983312,-0.0001388004425026875,0.0001388004425026875,0.99986120918983312,-0.0001388004425026875,0.0001388004425026875,0
575,574,0.99999921625311738,-7.8374718977200084e-07,7.8374718977200084e-07,0.99999921625311738,-7.8374718977200084e-07,7.8374718977200084e-07,0
576,6118,0.99998828585432731,-1.1714214283804768e-05,1.1714214283804768e-05,0.99998828585432731,-1.1714214283804768e-05,1.1714214283804768e-05,0
577,6288,0.99999341292671151,-6.5870949833782071e-06,6.5870949833782071e-06,0.99999341292671151,-6.5870949833782071e-06,6.5870949833782071e-06,0
578,28101,0.9999913160899524,-8.6839477529184764e-06,8.6839477529184764e-06,0.9999913160899524,-8.6839477529184764e-06,8.6839477529184764e-06,0
579,11,0.9473883107434028,-0.054046226817068971,0.054046226817068971,0.9473883107434028,-0.054046226817068971,0.054046226817068971,0
580,323,0.9999997842650693,-2.1573495394504438e-07,2.1573495394504438e-07,0.9999997842650693,-2.1573495394504438e-07,2.1573495394504438e-07,0
581,279,0.99999962149420485,-3.7850586673650061e-07,3.7850586673650061e-07,0.99999962149420485,-3.7850586673650061e-07,3.7850586673650061e-07,0
582,3363,0.99999726810351952,-2.7319002120884573e-06,2.7319002120884573e-06,0.99999726810351952,-2.7319002120884573e-06,2.7319002120884573e-06,0
583,6052,0.99999630412691509,-3.6958799146533057e-06,3.6958799146533057e-06,0.99999630412691509,-3.6958799146533057e-06,3.6958799146533057e-06,0
584,311,0.99999977711983223,-2.2288019255534794e-07,2.2288019255534794e-07,0.99999977711983223,-2.2288019255534794e-07,2.2288019255534794e-07,0
585,279,0.99999278907548195,-7.21095051693724e-06,7.21095051693724e-06,0.99999278907548195,-7.21095051693724e-06,7.21095051693724e-06,0
586,2626,0.99999656782551205,-3.432180377922093e-06,3.432180377922093e-06,0.99999656782551205,-3.432180377922093e-06,3.432180377922093e-06,0
587,315,0.9999998611257459,-1.3887426377127123e-07,1.3887426377127123e-07,0.9999998611257459,-1.3887426377127123e-07,1.3887426377127123e-07,0
588,6696,0.99999816355130833,-1.8364503779206645e-06,1.8364503779206645e-06,0.99999816355130833,-1.8364503779206645e-06,1.8364503779206645e-06,0
589,382,0.99886638255111948,-0.0011342604791535595,0.0011342604791535595,0.99886638255111948,-0.0011342604791535595,0.0011342604791535595,0
590,644,0.99998610633697049,-1.3893759547369764e-05,1.3893759547369764e-05,0.99998610633697049,-1.3893759547369764e-05,1.3893759547369764e-05,0
591,279,0.99999757267748723,-2.4273254587625506e-06,2.4273254587625506e-06,0.99999757267748723,-2.4273254587625506e-06,2.4273254587625506e-06,0
592,220,0.99999977343172053,-2.2656830509679883e-07,2.2656830509679883e-07,0.99999977343172053,-2.2656830509679883e-07,2.2656830509679883e-07,0
593,777,0.99999997961195231,-2.0388047930805785e-08,2.0388047930805785e-08,0.99999997961195231,-2.0388047930805785e-08,2.0388047930805785e-08,0
594,339,0.99999983652642321,-1.634735901809328e-07,1.634735901809328e-07,0.99999983652642321,-1.634735901809328e-07,1.634735901809328e-07,0
595,9478,0.99999650320241107,-3.4968037027691989e-06,3.4968037027691989e-06,0.99999650320241107,-3.4968037027691989e-06,3.4968037027691989e-06,0
596,11,0.99979854659255363,-0.00020147370190970394,0.00020147370190970394,0.99979854659255363,-0.00020147370190970394,0.00020147370190970394,0
597,57664,0.99999959047735631,-4.0952272758535606e-07,4.0952272758535606e-07,0.99999959047735631,-4.0952272758535606e-07,4.0952272758535606e-07,0
598,574,0.99999920249340268,-7.9750691535452371e-07,7.9750691535452371e-07,0.99999920249340268,-7.9750691535452371e-07,7.9750691535452371e-07,0
599,832,0.99999984833527644,-1.5166473503828517e-07,1.5166473503828517e-07,0.99999984833527644,-1.5166473503828517e-07,1.5166473503828517e-07,0
600,315,0.99999996570665528,-3.4293345352722296e-08,3.4293345352722296e-08,0.99999996570665528,-3.4293345352722296e-08,3.4293345352722296e-08,0
601,279,0.99999993440281842,-6.5597183753879695e-08,6.5597183753879695e-08,0.99999993440281842,-6.5597183753879695e-08,6.5597183753879695e-08,0
602,1455,0.99999991714462366,-8.285537978855171e-08,8.285537978855171e-08,0.99999991714462366,-8.285537978855171e-08,8.285537978855171e-08,0
603,6617,0.99999917509758818,-8.2490275204563778e-07,8.2490275204563778e-07,0.99999917509758818,-8.2490275204563778e-07,8.2490275204563778e-07,0
604,9919,0.99999945959539649,-5.4040474948066273e-07,5.4040474948066273e-07,0.99999945959539649,-5.4040474948066273e-07,5.4040474948066273e-07,0
605,304,0.99999994889891708,-5.1101084279598511e-08,5.1101084279598511e-08,0.99999994889891708,-5.1101084279598511e-08,5.1101084279598511e-08,0
606,13936,0.99999818861503798,-1.8113866026163554e-06,1.8113866026163554e-06,0.99999818861503798,-1.8113866026163554e-06,1.8113866026163554e-06,0
607,13,0.99999726731552774,-2.7326882060482283e-06,2.7326882060482283e-06,0.99999726731552774,-2.7326882060482283e-06,2.7326882060482283e-06,0
608,13538,0.9999926954252284,-7.3046014501463642e-06,7.3046014501463642e-06,0.9999926954252284,-7.3046014501463642e-06,7.3046014501463642e-06,0
609,279,0.99999987880266517,-1.2119734214527858e-07,1.2119734214527858e-07,0.99999987880266517,-1.2119734214527858e-07,1.2119734214527858e-07,0
610,15506,0.99999296404328741,-7.0359814650776823e-06,7.0359814650776823e-06,0.99999296404328741,-7.0359814650776823e-06,7.0359814650776823e-06,0
611,24145,0.99442489959722291,-0.005590699278910637,0.005590699278910637,0.99442489959722291,-0.005590699278910637,0.005590699278910637,0
612,5111,0.99999662595732053,-3.3740483715907865e-06,3.3740483715907865e-06,0.99999662595732053,-3.3740483715907865e-06,3.3740483715907865e-06,0
613,11,0.9999997514680925,-2.4853193834285247e-07,2.4853193834285247e-07,0.9999997514680925,-2.4853193834285247e-07,2.4853193834285247e-07,0
614,57664,0.99999925888195873,-7.4111831586883381e-07,7.4111831586883381e-07,0.99999925888195873,-7.4111831586883381e-07,7.4111831586883381e-07,0
615,5602,0.99999964051419066,-3.5948587395743571e-07,3.5948587395743571e-07,0.99999964051419066,-3.5948587395743571e-07,3.5948587395743571e-07,0
616,279,0.99999980732915716,-1.9267086135611345e-07,1.9267086135611345e-07,0.99999980732915716,-1.9267086135611345e-07,1.9267086135611345e-07,0
617,10205,0.99999982464192316,-1.7535809221505321e-07,1.7535809221505321e-07,0.99999982464192316,-1.7535809221505321e-07,1.7535809221505321e-07,0
618,315,0.99999983165325002,-1.6834676412504121e-07,1.6834676412504121e-07,0.99999983165325002,-1.6834676412504121e-07,1.6834676412504121e-07,0
619,279,0.99999979993546162,-2.0006455844653171e-07,2.0006455844653171e-07,0.99999979993546162,-2.0006455844653171e-07,2.0006455844653171e-07,0
620,57281,0.99999848619164788,-1.5138094979171773e-06,1.5138094979171773e-06,0.99999848619164788,-1.5138094979171773e-06,1.5138094979171773e-06,0
621,22910,0.999999535970992,-4.6402911560674296e-07,4.6402911560674296e-07,0.999999535970992,-4.6402911560674296e-07,4.6402911560674296e-07,0
622,13,0.99994532144300252,-5.46800519242896e-05,5.46800519242896e-05,0.99994532144300252,-5.46800519242896e-05,5.46800519242896e-05,0
623,9636,0.99999530865658115,-4.6913544232688491e-06,4.6913544232688491e-06,0.99999530865658115,-4.6913544232688491e-06,4.6913544232688491e-06,0
624,279,0.99985786170211788,-0.00014214840048736179,0.00014214840048736179,0.99985786170211788,-0.00014214840048736179,0.00014214840048736179,0
625,3778,0.9999993374622167,-6.6253800280632995e-07,6.6253800280632995e-07,0.9999993374622167,-6.6253800280632995e-07,6.6253800280632995e-07,0
626,6037,0.99999914096584253,-8.5903452646932766e-07,8.5903452646932766e-07,0.99999914096584253,-8.5903452646932766e-07,8.5903452646932766e-07,0
627,2768,0.99997568774969525,-2.4312545852245338e-05,2.4312545852245338e-05,0.99997568774969525,-2.4312545852245338e-05,2.4312545852245338e-05,0
628,279,0.99999967970871739,-3.2029133389857621e-07,3.2029133389857621e-07,0.99999967970871739,-3.2029133389857621e-07,3.2029133389857621e-07,0
629,15506,0.9999946393411645,-5.3606732038524189e-06,5.3606732038524189e-06,0.9999946393411645,-5.3606732038524189e-06,5.3606732038524189e-06,0
630,24145,0.99998497905810868,-1.5021054706780876e-05,1.5021054706780876e-05,0.99998497905810868,-1.5021054706780876e-05,1.5021054706780876e-05,0
631,5111,0.9999977576591571,-2.2423433569304084e-06,2.2423433569304084e-06,0.9999977576591571,-2.2423433569304084e-06,2.2423433569304084e-06,0
632,11,0.99999885269498012,-1.1473056780023718e-06,1.1473056780023718e-06,0.99999885269498012,-1.1473056780023718e-06,1.1473056780023718e-06,0
633,279,0.99999879883917975,-1.2011615415922412e-06,1.2011615415922412e-06,0.99999879883917975,-1.2011615415922412e-06,1.2011615415922412e-06,0
634,3723,0.99999789371323344,-2.1062889847796696e-06,2.1062889847796696e-06,0.99999789371323344,-2.1062889847796696e-06,2.1062889847796696e-06,0
635,4273,0.99999559041737485,-4.4095923474437906e-06,4.4095923474437906e-06,0.99999559041737485,-4.4095923474437906e-06,4.4095923474437906e-06,0
636,5614,0.99998328053914998,-1.6719600621775494e-05,1.6719600621775494e-05,0.99998328053914998,-1.6719600621775494e-05,1.6719600621775494e-05,0
637,279,0.99999974224607024,-2.5775396292824786e-07,2.5775396292824786e-07,0.99999974224607024,-2.5775396292824786e-07,2.5775396292824786e-07,0
638,4033,0.9999995393182799,-4.6068182626546989e-07,4.6068182626546989e-07,0.9999995393182799,-4.6068182626546989e-07,4.6068182626546989e-07,0
639,4221,0.99999866425328221,-1.3357476099180967e-06,1.3357476099180967e-06,0.99999866425328221,-1.3357476099180967e-06,1.3357476099180967e-06,0
640,505,0.99999969845498493,-3.0154506053150965e-07,3.0154506053150965e-07,0.99999969845498493,-3.0154506053150965e-07,3.0154506053150965e-07,0
641,15506,0.99999743558262222,-2.5644206659472576e-06,2.5644206659472576e-06,0.99999743558262222,-2.5644206659472576e-06,2.5644206659472576e-06,0
642,311,0.99999994663111402,-5.3368887439639355e-08,5.3368887439639355e-08,0.99999994663111402,-5.3368887439639355e-08,5.3368887439639355e-08,0
643,6498,0.99999857239253387,-1.4276084851341701e-06,1.4276084851341701e-06,0.99999857239253387,-1.4276084851341701e-06,1.4276084851341701e-06,0
644,323,0.99999393370953382,-6.0663088662075752e-06,6.0663088662075752e-06,0.99999393370953382,-6.0663088662075752e-06,6.0663088662075752e-06,0
645,1903,0.9999992721098574,-7.2789040749057754e-07,7.2789040749057754e-07,0.9999992721098574,-7.2789040749057754e-07,7.2789040749057754e-07,0
646,1063,0.99999901215116882,-9.8784931914259986e-07,9.8784931914259986e-07,0.99999901215116882,-9.8784931914259986e-07,9.8784931914259986e-07,0
647,4442,0.99999908295086082,-9.1704955968575646e-07,9.1704955968575646e-07,0.99999908295086082,-9.1704955968575646e-07,9.1704955968575646e-07,0
648,304,0.99999979318347887,-2.0681654248812513e-07,2.0681654248812513e-07,0.99999979318347887,-2.0681654248812513e-07,2.0681654248812513e-07,0
649,6873,0.99999910702792971,-8.9297246894985442e-07,8.9297246894985442e-07,0.99999910702792971,-8.9297246894985442e-07,8.9297246894985442e-07,0
650,11,0.99999989786344501,-1.0213656021151889e-07,1.0213656021151889e-07,0.99999989786344501,-1.0213656021151889e-07,1.0213656021151889e-07,0
651,2254,0.99999840535372897,-1.5946475424340896e-06,1.5946475424340896e-06,0.99999840535372897,-1.5946475424340896e-06,1.5946475424340896e-06,0
652,7016,0.99999827524129381,-1.7247601936325874e-06,1.7247601936325874e-06,0.99999827524129381,-1.7247601936325874e-06,1.7247601936325874e-06,0
653,11,0.99952484560691157,-0.00047526731470864117,0.00047526731470864117,0.99952484560691157,-0.00047526731470864117,0.00047526731470864117,0
654,323,0.99999999039159981,-9.6084002514619872e-09,9.6084002514619872e-09,0.99999999039159981,-9.6084002514619872e-09,9.6084002514619872e-09,0
655,16036,0.99999859245140998,-1.4075495806101845e-06,1.4075495806101845e-06,0.99999859245140998,-1.4075495806101845e-06,1.4075495806101845e-06,0
656,9293,0.99999926230887759,-7.3769139454691876e-07,7.3769139454691876e-07,0.99999926230887759,-7.3769139454691876e-07,7.3769139454691876e-07,0
657,382,0.99263564457078268,-0.0073916061665013936,0.0073916061665013936,0.99263564457078268,-0.0073916061665013936,0.0073916061665013936,0
658,92459,0.99970725974188468,-0.00029278311490881675,0.00029278311490881675,0.99970725974188468,-0.00029278311490881675,0.00029278311490881675,0
659,279,0.99999996387778567,-3.6122215010663063e-08,3.6122215010663063e-08,0.99999996387778567,-3.6122215010663063e-08,3.6122215010663063e-08,0
660,842,0.99999977844226651,-2.2155775802090774e-07,2.2155775802090774e-07,0.99999977844226651,-2.2155775802090774e-07,2.2155775802090774e-07,0
661,315,0.9999999945287732,-5.4712267899756688e-09,5.4712267899756688e-09,0.9999999945287732,-5.4712267899756688e-09,5.4712267899756688e-09,0
662,4435,0.99999854701561919,-1.4529854364282368e-06,1.4529854364282368e-06,0.99999854701561919,-1.4529854364282368e-06,1.4529854364282368e-06,0
663,5111,0.99999965422999326,-3.4577006653028792e-07,3.4577006653028792e-07,0.99999965422999326,-3.4577006653028792e-07,3.4577006653028792e-07,0
664,8105,0.99999554840634319,-4.4516035652198093e-06,4.4516035652198093e-06,0.99999554840634319,-4.4516035652198093e-06,4.4516035652198093e-06,0
665,11,0.99999934739316365,-6.5260704928234907e-07,6.5260704928234907e-07,0.99999934739316365,-6.5260704928234907e-07,6.5260704928234907e-07,0
666,2391,0.99999759747859807,-2.4025242880308268e-06,2.4025242880308268e-06,0.99999759747859807,-2.4025242880308268e-06,2.4025242880308268e-06,0
667,279,0.99999989846952386,-1.0153048130844478e-07,1.0153048130844478e-07,0.99999989846952386,-1.0153048130844478e-07,1.0153048130844478e-07,0
668,16506,0.99998973166452887,-1.0268388190820377e-05,1.0268388190820377e-05,0.99998973166452887,-1.0268388190820377e-05,1.0268388190820377e-05,0
669,315,0.99999995835519395,-4.1644806957280828e-08,4.1644806957280828e-08,0.99999995835519395,-4.1644806957280828e-08,4.1644806957280828e-08,0
670,57664,0.99999813605605903,-1.8639456781558879e-06,1.8639456781558879e-06,0.99999813605605903,-1.8639456781558879e-06,1.8639456781558879e-06,0
671,11,0.99934312238603717,-0.00065709345258756538,0.00065709345258756538,0.99934312238603717,-0.00065709345258756538,0.00065709345258756538,0
672,1455,0.99999682219288066,-3.1778121685638558e-06,3.1778121685638558e-06,0.99999682219288066,-3.1778121685638558e-06,3.1778121685638558e-06,0
673,315,0.99999996344173603,-3.6558264635656458e-08,3.6558264635656458e-08,0.99999996344173603,-3.6558264635656458e-08,3.6558264635656458e-08,0
674,279,0.99999993265752096,-6.7342481322022597e-08,6.7342481322022597e-08,0.99999993265752096,-6.7342481322022597e-08,6.7342481322022597e-08,0
675,3363,0.99999910571408634,-8.9428631347466643e-07,8.9428631347466643e-07,0.99999910571408634,-8.9428631347466643e-07,8.9428631347466643e-07,0
676,574,0.99999937223962898,-6.2776056810665961e-07,6.2776056810665961e-07,0.99999937223962898,-6.2776056810665961e-07,6.2776056810665961e-07,0
677,68461,0.99996668147247436,-3.3319082600137278e-05,3.3319082600137278e-05,0.99996668147247436,-3.3319082600137278e-05,3.3319082600137278e-05,0
678,555,0.99999979752472179,-2.0247529867948386e-07,2.0247529867948386e-07,0.99999979752472179,-2.0247529867948386e-07,2.0247529867948386e-07,0
679,37295,0.99988261584417815,-0.00011739104588101321,0.00011739104588101321,0.99988261584417815,-0.00011739104588101321,0.00011739104588101321,0
680,41884,0.9999994144938682,-5.8550630322854933e-07,5.8550630322854933e-07,0.9999994144938682,-5.8550630322854933e-07,5.8550630322854933e-07,0
681,86562,0.99998473548801592,-1.5264628487881287e-05,1.5264628487881287e-05,0.99998473548801592,-1.5264628487881287e-05,1.5264628487881287e-05,0
682,479,0.99999934648802047,-6.5351219309510925e-07,6.5351219309510925e-07,0.99999934648802047,-6.5351219309510925e-07,6.5351219309510925e-07,0
683,555,0.99999970346818512,-2.9653185884473927e-07,2.9653185884473927e-07,0.99999970346818512,-2.9653185884473927e-07,2.9653185884473927e-07,0
684,279,0.99999983214989285,-1.6785012125953778e-07,1.6785012125953778e-07,0.99999983214989285,-1.6785012125953778e-07,1.6785012125953778e-07,0
685,3723,0.99999867472183657,-1.3252790416233647e-06,1.3252790416233647e-06,0.99999867472183657,-1.3252790416233647e-06,1.3252790416233647e-06,0
686,4273,0.99999679000462371,-3.2100005283191179e-06,3.2100005283191179e-06,0.99999679000462371,-3.2100005283191179e-06,3.2100005283191179e-06,0
687,6690,0.99999963251375257,-3.6748631491234055e-07,3.6748631491234055e-07,0.99999963251375257,-3.6748631491234055e-07,3.6748631491234055e-07,0
688,11994,0.9999992588675638,-7.4113271078785812e-07,7.4113271078785812e-07,0.9999992588675638,-7.4113271078785812e-07,7.4113271078785812e-07,0
689,13,0.99999436952976617,-5.6304860850325057e-06,5.6304860850325057e-06,0.99999436952976617,-5.6304860850325057e-06,5.6304860850325057e-06,0
690,1666,0.99999509753787186,-4.9024741452154307e-06,4.9024741452154307e-06,0.99999509753787186,-4.9024741452154307e-06,4.9024741452154307e-06,0
691,264,0.99999997986102795,-2.013897228685814e-08,2.013897228685814e-08,0.99999997986102795,-2.013897228685814e-08,2.013897228685814e-08,0
692,1121,0.99999720028396455,-2.7997199546279562e-06,2.7997199546279562e-06,0.99999720028396455,-2.7997199546279562e-06,2.7997199546279562e-06,0
693,11,0.99999992162861029,-7.8371392746418205e-08,7.8371392746418205e-08,0.99999992162861029,-7.8371392746418205e-08,7.8371392746418205e-08,0
694,12309,0.99999435921455138,-5.640801357932934e-06,5.640801357932934e-06,0.99999435921455138,-5.640801357932934e-06,5.640801357932934e-06,0
695,2697,0.99999829445898791,-1.7055424665439424e-06,1.7055424665439424e-06,0.99999829445898791,-1.7055424665439424e-06,1.7055424665439424e-06,0
696,8625,0.99999936091792729,-6.3908227694439391e-07,6.3908227694439391e-07,0.99999936091792729,-6.3908227694439391e-07,6.3908227694439391e-07,0
697,315,0.99999993787019725,-6.2129804702726093e-08,6.2129804702726093e-08,0.99999993787019725,-6.2129804702726093e-08,6.2129804702726093e-08,0
698,57664,0.99999912997536233,-8.7002501614512813e-07,8.7002501614512813e-07,0.99999912997536233,-8.7002501614512813e-07,8.7002501614512813e-07,0
699,596,0.99991129440549809,-8.8709529075880824e-05,8.8709529075880824e-05,0.99991129440549809,-8.8709529075880824e-05,8.8709529075880824e-05,0
700,864,0.99997792332669755,-2.2076916995765237e-05,2.2076916995765237e-05,0.99997792332669755,-2.2076916995765237e-05,2.2076916995765237e-05,0
701,11710,0.98941132671969589,-0.010645132184827804,0.010645132184827804,0.98941132671969589,-0.010645132184827804,0.010645132184827804,0
702,323,0.99999978188228311,-2.181177407289582e-07,2.181177407289582e-07,0.99999978188228311,-2.181177407289582e-07,2.181177407289582e-07,0
703,37683,0.99999926190384503,-7.380964273662034e-07,7.380964273662034e-07,0.99999926190384503,-7.380964273662034e-07,7.380964273662034e-07,0
704,18112,0.99999848631157784,-1.5136895678107987e-06,1.5136895678107987e-06,0.99999848631157784,-1.5136895678107987e-06,1.5136895678107987e-06,0
705,11,0.99999135943471051,-8.6406026194276748e-06,8.6406026194276748e-06,0.99999135943471051,-8.6406026194276748e-06,8.6406026194276748e-06,0
706,8051,0.99998491901107722,-1.5081102642000216e-05,1.5081102642000216e-05,0.99998491901107722,-1.5081102642000216e-05,1.5081102642000216e-05,0
707,1070,0.99999964875574532,-3.5124431634106787e-07,3.5124431634106787e-07,0.99999964875574532,-3.5124431634106787e-07,3.5124431634106787e-07,0
708,527,0.99999963075308607,-3.6924698209751939e-07,3.6924698209751939e-07,0.99999963075308607,-3.6924698209751939e-07,3.6924698209751939e-07,0
709,14529,0.99999991123051279,-8.8769491147947777e-08,8.8769491147947777e-08,0.99999991123051279,-8.8769491147947777e-08,8.8769491147947777e-08,0
710,35093,0.999997603598894,-2.396403977358682e-06,2.396403977358682e-06,0.999997603598894,-2.396403977358682e-06,2.396403977358682e-06,0
711,7224,0.99999570968535045,-4.2903238529256164e-06,4.2903238529256164e-06,0.99999570968535045,-4.2903238529256164e-06,4.2903238529256164e-06,0
712,11,0.99999987599413787,-1.2400586987771834e-07,1.2400586987771834e-07,0.99999987599413787,-1.2400586987771834e-07,1.2400586987771834e-07,0
713,5423,0.99999368332775707,-6.3166921932304065e-06,6.3166921932304065e-06,0.99999368332775707,-6.3166921932304065e-06,6.3166921932304065e-06,0
714,2949,0.99999966639801241,-3.3360204318909473e-07,3.3360204318909473e-07,0.99999966639801241,-3.3360204318909473e-07,3.3360204318909473e-07,0
715,279,0.99999997578847621,-2.4211524047856798e-08,2.4211524047856798e-08,0.99999997578847621,-2.4211524047856798e-08,2.4211524047856798e-08,0
716,2362,0.99999983806502835,-1.6193498474396928e-07,1.6193498474396928e-07,0.99999983806502835,-1.6193498474396928e-07,1.6193498474396928e-07,0
717,289,0.99999003994463964,-9.9601049619936792e-06,9.9601049619936792e-06,0.99999003994463964,-9.9601049619936792e-06,9.9601049619936792e-06,0
718,4841,0.99999925818127389,-7.4181900130300024e-07,7.4181900130300024e-07,0.99999925818127389,-7.4181900130300024e-07,7.4181900130300024e-07,0
719,3363,0.99999902731337498,-9.7268709809440248e-07,9.7268709809440248e-07,0.99999902731337498,-9.7268709809440248e-07,9.7268709809440248e-07,0
720,11,0.99999987870673401,-1.2129327339658076e-07,1.2129327339658076e-07,0.99999987870673401,-1.2129327339658076e-07,1.2129327339658076e-07,0
721,61894,0.99999932832466065,-6.716755649681982e-07,6.716755649681982e-07,0.99999932832466065,-6.716755649681982e-07,6.716755649681982e-07,0
722,309,0.99999997322342571,-2.677657459881764e-08,2.677657459881764e-08,0.99999997322342571,-2.677657459881764e-08,2.677657459881764e-08,0
723,44486,0.99998556164261265,-1.443846162138963e-05,1.443846162138963e-05,0.99998556164261265,-1.443846162138963e-05,1.443846162138963e-05,0
724,13,0.97606866008824511,-0.024222346592309974,0.024222346592309974,0.97606866008824511,-0.024222346592309974,0.024222346592309974,0
725,4815,2.3589586912582307e-05,-10.654705175822119,10.654705175822119,2.3589586912582307e-05,-10.654705175822119,10.654705175822119,0
726,2028,0.21822222277941625,-1.5222413648506121,1.5222413648506121,0.21822222277941625,-1.5222413648506121,1.5222413648506121,0
727,374,0.43234352470187531,-0.83853481066975444,0.83853481066975444,0.43234352470187531,-0.83853481066975444,0.83853481066975444,0
728,264,0.65507270890545188,-0.42300904354506913,0.42300904354506913,0.65507270890545188,-0.42300904354506913,0.42300904354506913,0
729,10015,0.39711124216204668,-0.92353883058828767,0.92353883058828767,0.39711124216204668,-0.92353883058828767,0.92353883058828767,0
730,3925,0.72215183812304995,-0.32551986009021211,0.32551986009021211,0.72215183812304995,-0.32551986009021211,0.32551986009021211,0
731,315,0.99822731090535821,-0.0017742621672755775,0.0017742621672755775,0.99822731090535821,-0.0017742621672755775,0.0017742621672755775,0
732,57664,0.98421646979381305,-0.015909416496194765,0.015909416496194765,0.98421646979381305,-0.015909416496194765,0.015909416496194765,0
733,11,0.8372979889861647,-0.17757525155874518,0.17757525155874518,0.8372979889861647,-0.17757525155874518,0.17757525155874518,0
734,505,0.40363360769193946,-0.90724772416778665,0.90724772416778665,0.40363360769193946,-0.90724772416778665,0.90724772416778665,0
735,1202,0.99671420619333784,-0.0032912038813093071,0.0032912038813093071,0.99671420619333784,-0.0032912038813093071,0.0032912038813093071,0
736,36330,0.98175362845564029,-0.018414889624924449,0.018414889624924449,0.98175362845564029,-0.018414889624924449,0.018414889624924449,0
737,555,0.83570260581352074,-0.17948246385884598,0.17948246385884598,0.83570260581352074,-0.17948246385884598,0.17948246385884598,0
738,15506,0.88939315193225033,-0.11721590058410368,0.11721590058410368,0.88939315193225033,-0.11721590058410368,0.11721590058410368,0
739,39879,0.91466617197865363,-0.089196119644281494,0.089196119644281494,0.91466617197865363,-0.089196119644281494,0.089196119644281494,0
740,380,0.99999961367748202,-3.8632259256704903e-07,3.8632259256704903e-07,0.99999961367748202,-3.8632259256704903e-07,3.8632259256704903e-07,0
741,67987,0.95592625963442768,-0.045074503179348066,0.045074503179348066,0.95592625963442768,-0.045074503179348066,0.045074503179348066,0
742,304,0.68959136484368655,-0.37165608168946712,0.37165608168946712,0.68959136484368655,-0.37165608168946712,0.37165608168946712,0
743,220,0.99348168605123222,-0.0065396509284309451,0.0065396509284309451,0.99348168605123222,-0.0065396509284309451,0.0065396509284309451,0
744,10895,0.9999997939507268,-2.0604929438158917e-07,2.0604929438158917e-07,0.9999997939507268,-2.0604929438158917e-07,2.0604929438158917e-07,0
745,16,0.99999985105487443,-1.4894513667864614e-07,1.4894513667864614e-07,0.99999985105487443,-1.4894513667864614e-07,1.4894513667864614e-07,0
746,311,0.99782939054692144,-0.0021729686403117246,0.0021729686403117246,0.99782939054692144,-0.0021729686403117246,0.0021729686403117246,0
747,279,0.51118701037743652,-0.67101978630144077,0.67101978630144077,0.51118701037743652,-0.67101978630144077,0.67101978630144077,0
748,3118,0.99395512915644946,-0.0060632150381928103,0.0060632150381928103,0.99395512915644946,-0.0060632150381928103,0.0060632150381928103,0
749,1938,0.99980653203207959,-0.00019348668526193778,0.00019348668526193778,0.99980653203207959,-0.00019348668526193778,0.00019348668526193778,0
750,13,0.97673252854734571,-0.023542432540087369,0.023542432540087369,0.97673252854734571,-0.023542432540087369,0.023542432540087369,0
751,578,0.10993044097059707,-2.2079074680231066,2.2079074680231066,0.10993044097059707,-2.2079074680231066,2.2079074680231066,0
752,3363,0.99998606252917621,-1.3937567951270467e-05,1.3937567951270467e-05,0.99998606252917621,-1.3937567951270467e-05,1.3937567951270467e-05,0
753,706,0.9993220925128895,-0.00067813737028992913,0.00067813737028992913,0.9993220925128895,-0.00067813737028992913,0.00067813737028992913,0
754,264,0.76354627136036934,-0.26978155188952063,0.26978155188952063,0.76354627136036934,-0.26978155188952063,0.26978155188952063,0
755,9257,0.99557724037039708,-0.0044325689645456964,0.0044325689645456964,0.99557724037039708,-0.0044325689645456964,0.0044325689645456964,0
756,323,0.99399916263846955,-0.0060189147419444132,0.0060189147419444132,0.99399916263846955,-0.0060189147419444132,0.0060189147419444132,0
757,6485,0.8936521905962419,-0.11243862805770941,0.11243862805770941,0.8936521905962419,-0.11243862805770941,0.11243862805770941,0
758,3925,0.98997127950854258,-0.010079346871748667,0.010079346871748667,0.98997127950854258,-0.010079346871748667,0.010079346871748667,0
759,11,0.99986636550707864,-0.00013364342280576842,0.00013364342280576842,0.99986636550707864,-0.00013364342280576842,0.00013364342280576842,0
760,449,0.83999813703052917,-0.17435560496803579,0.17435560496803579,0.83999813703052917,-0.17435560496803579,0.17435560496803579,0
761,5370,0.57851845442194949,-0.54728483238712078,0.54728483238712078,0.57851845442194949,-0.54728483238712078,0.54728483238712078,0
762,27833,0.63955294210792213,-0.44698587466911716,0.44698587466911716,0.63955294210792213,-0.44698587466911716,0.44698587466911716,0
763,323,0.99957367526135144,-0.00042641564087684078,0.00042641564087684078,0.99957367526135144,-0.00042641564087684078,0.00042641564087684078,0
764,991,0.98250844919794844,-0.017646335583129457,0.017646335583129457,0.98250844919794844,-0.017646335583129457,0.017646335583129457,0
765,19505,0.99999840487765801,-1.5951236141895525e-06,1.5951236141895525e-06,0.99999840487765801,-1.5951236141895525e-06,1.5951236141895525e-06,0
766,9564,0.79427339167852251,-0.23032755498696936,0.23032755498696936,0.79427339167852251,-0.23032755498696936,0.23032755498696936,0
767,872,0.99999128499155787,-8.7150464180234527e-06,8.7150464180234527e-06,0.99999128499155787,-8.7150464180234527e-06,8.7150464180234527e-06,0
768,1906,0.9988334124601973,-0.0011672685327234283,0.0011672685327234283,0.9988334124601973,-0.0011672685327234283,0.0011672685327234283,0
769,389,0.99812668766486401,-0.0018750691791096436,0.0018750691791096436,0.99812668766486401,-0.0018750691791096436,0.0018750691791096436,0
770,279,0.73502436798946957,-0.30785162659170351,0.30785162659170351,0.73502436798946957,-0.30785162659170351,0.30785162659170351,0
771,3363,0.99831177048759034,-0.0016896561777714717,0.0016896561777714717,0.99831177048759034,-0.0016896561777714717,0.0016896561777714717,0
772,13,0.8928339054370682,-0.11335471155616669,0.11335471155616669,0.8928339054370682,-0.11335471155616669,0.11335471155616669,0
773,5659,0.56674782940080615,-0.56784081950777698,0.56784081950777698,0.56674782940080615,-0.56784081950777698,0.56784081950777698,0
774,1202,0.72993912993655463,-0.31479413196486522,0.31479413196486522,0.72993912993655463,-0.31479413196486522,0.31479413196486522,0
775,4216,0.8096209633566066,-0.21118908731009678,0.21118908731009678,0.8096209633566066,-0.21118908731009678,0.21118908731009678,0
776,2919,0.99528832065152406,-0.0047228142995978254,0.0047228142995978254,0.99528832065152406,-0.0047228142995978254,0.0047228142995978254,0
777,439,0.99999665791451353,-3.3420910712967246e-06,3.3420910712967246e-06,0.99999665791451353,-3.3420910712967246e-06,3.3420910712967246e-06,0
778,264,0.99898520171463989,-0.001015313541757182,0.001015313541757182,0.99898520171463989,-0.001015313541757182,0.001015313541757182,0
779,348,0.50042456124602042,-0.69229841836846251,0.69229841836846251,0.50042456124602042,-0.69229841836846251,0.69229841836846251,0
780,395,0.999993848837051,-6.1511818675062632e-06,6.1511818675062632e-06,0.999993848837051,-6.1511818675062632e-06,6.1511818675062632e-06,0
781,278,0.99999998273791035,-1.7262089830662856e-08,1.7262089830662856e-08,0.99999998273791035,-1.7262089830662856e-08,1.7262089830662856e-08,0
782,1614,0.99999838192913537,-1.6180721736769578e-06,1.6180721736769578e-06,0.99999838192913537,-1.6180721736769578e-06,1.6180721736769578e-06,0
783,315,0.99997452053131475,-2.5479793292462127e-05,2.5479793292462127e-05,0.99997452053131475,-2.5479793292462127e-05,2.5479793292462127e-05,0
784,3320,0.98895108819226329,-0.011110404404180685,0.011110404404180685,0.98895108819226329,-0.011110404404180685,0.011110404404180685,0
785,96323,0.99999801865320559,-1.9813487572866242e-06,1.9813487572866242e-06,0.99999801865320559,-1.9813487572866242e-06,1.9813487572866242e-06,0
786,311,0.99919983150421021,-0.00080048880147769587,0.00080048880147769587,0.99919983150421021,-0.00080048880147769587,0.00080048880147769587,0
787,1202,0.99992903820943846,-7.0964308468554946e-05,7.0964308468554946e-05,0.99992903820943846,-7.0964308468554946e-05,7.0964308468554946e-05,0
788,1510,0.85733611877396965,-0.15392523333926311,0.15392523333926311,0.85733611877396965,-0.15392523333926311,0.15392523333926311,0
789,2704,0.99993772375959078,-6.2278179654816769e-05,6.2278179654816769e-05,0.99993772375959078,-6.2278179654816769e-05,6.2278179654816769e-05,0
790,439,0.99999953733261315,-4.6266749386723776e-07,4.6266749386723776e-07,0.99999953733261315,-4.6266749386723776e-07,4.6266749386723776e-07,0
791,279,0.72432630718935376,-0.32251328759361991,0.32251328759361991,0.72432630718935376,-0.32251328759361991,0.32251328759361991,0
792,6864,0.99940620958403747,-0.00059396677931028365,0.00059396677931028365,0.99940620958403747,-0.00059396677931028365,0.00059396677931028365,0
793,315,0.96048948043407012,-0.040312249010419389,0.040312249010419389,0.96048948043407012,-0.040312249010419389,0.040312249010419389,0
794,279,0.99999526128321037,-4.7387280174353744e-06,4.7387280174353744e-06,0.99999526128321037,-4.7387280174353744e-06,4.7387280174353744e-06,0
795,26363,0.99995190239161036,-4.8098765116668467e-05,4.8098765116668467e-05,0.99995190239161036,-4.8098765116668467e-05,4.8098765116668467e-05,0
796,11,0.9999367818338144,-6.3220164538114017e-05,6.3220164538114017e-05,0.9999367818338144,-6.3220164538114017e-05,6.3220164538114017e-05,0
797,57664,0.99998725179551584,-1.2748285743194911e-05,1.2748285743194911e-05,0.99998725179551584,-1.2748285743194911e-05,1.2748285743194911e-05,0
798,706,0.99979112172967755,-0.00020890008842663392,0.00020890008842663392,0.99979112172967755,-0.00020890008842663392,0.00020890008842663392,0
799,64238,0.45093987730316248,-0.79642125811507847,0.79642125811507847,0.45093987730316248,-0.79642125811507847,0.79642125811507847,0
800,1690,0.57303665925532155,-0.55680558655590873,0.55680558655590873,0.57303665925532155,-0.55680558655590873,0.55680558655590873,0
801,54070,0.85985340961834245,-0.15099335819566614,0.15099335819566614,0.85985340961834245,-0.15099335819566614,0.15099335819566614,0
802,323,0.76078632862447759,-0.27340273764890527,0.27340273764890527,0.76078632862447759,-0.27340273764890527,0.27340273764890527,0
803,706,0.85034036768653076,-0.16211857707711216,0.16211857707711216,0.85034036768653076,-0.16211857707711216,0.16211857707711216,0
804,1027,0.51700067278403894,-0.65971110315146198,0.65971110315146198,0.51700067278403894,-0.65971110315146198,0.65971110315146198,0
805,27367,0.98227194601366075,-0.01788707819844302,0.01788707819844302,0.98227194601366075,-0.01788707819844302,0.01788707819844302,0
806,555,0.9999998877316385,-1.1226836785069734e-07,1.1226836785069734e-07,0.9999998877316385,-1.1226836785069734e-07,1.1226836785069734e-07,0
807,5370,0.92274857640254504,-0.080398479850195576,0.080398479850195576,0.92274857640254504,-0.080398479850195576,0.080398479850195576,0
808,13970,0.68125292550477323,-0.3838216386949706,0.3838216386949706,0.68125292550477323,-0.3838216386949706,0.3838216386949706,0
809,4455,0.99996104588380297,-3.8954874928290238e-05,3.8954874928290238e-05,0.99996104588380297,-3.8954874928290238e-05,3.8954874928290238e-05,0
810,13,0.98375938116981543,-0.016373943164032904,0.016373943164032904,0.98375938116981543,-0.016373943164032904,0.016373943164032904,0
811,11450,0.027414929139765259,-3.5966675548544242,3.5966675548544242,0.027414929139765259,-3.5966675548544242,3.5966675548544242,0
812,11,0.99999927322598814,-7.2677427600468032e-07,7.2677427600468032e-07,0.99999927322598814,-7.2677427600468032e-07,7.2677427600468032e-07,0
813,57664,0.97413354862672474,-0.026206871159010117,0.026206871159010117,0.97413354862672474,-0.026206871159010117,0.026206871159010117,0
814,374,0.98208379025336912,-0.018078648144143949,0.018078648144143949,0.98208379025336912,-0.018078648144143949,0.018078648144143949,0
815,264,0.99964489368358944,-0.00035516938158891939,0.00035516938158891939,0.99964489368358944,-0.00035516938158891939,0.00035516938158891939,0
816,90256,0.70446589177162044,-0.35031536361796256,0.35031536361796256,0.70446589177162044,-0.35031536361796256,0.35031536361796256,0
817,2322,0.99151402126664301,-0.0085221896531454122,0.0085221896531454122,0.99151402126664301,-0.0085221896531454122,0.0085221896531454122,0
818,55422,0.99999975847152711,-2.4152850200719479e-07,2.4152850200719479e-07,0.99999975847152711,-2.4152850200719479e-07,2.4152850200719479e-07,0
819,449,0.97511584889885405,-0.02519899565931363,0.02519899565931363,0.97511584889885405,-0.02519899565931363,0.02519899565931363,0
820,264,0.99999050601805872,-9.4940270094254199e-06,9.4940270094254199e-06,0.99999050601805872,-9.4940270094254199e-06,9.4940270094254199e-06,0
821,9257,0.3545339071602201,-1.0369512897412663,1.0369512897412663,0.3545339071602201,-1.0369512897412663,1.0369512897412663,0
822,13042,0.90606915339842098,-0.098639647597682914,0.098639647597682914,0.90606915339842098,-0.098639647597682914,0.098639647597682914,0
823,28948,0.99978872003476671,-0.00021130228798946395,0.00021130228798946395,0.99978872003476671,-0.00021130228798946395,0.00021130228798946395,0
824,323,0.98369839182651864,-0.016435941285825879,0.016435941285825879,0.98369839182651864,-0.016435941285825879,0.016435941285825879,0
825,264,0.99996940868671336,-3.0591781210391182e-05,3.0591781210391182e-05,0.99996940868671336,-3.0591781210391182e-05,3.0591781210391182e-05,0
826,20955,0.30741096583843297,-1.1795697756497749,1.1795697756497749,0.30741096583843297,-1.1795697756497749,1.1795697756497749,0
827,315,0.99999983525465708,-1.6474535644213635e-07,1.6474535644213635e-07,0.99999983525465708,-1.6474535644213635e-07,1.6474535644213635e-07,0
828,2362,0.58754537341300317,-0.53180180460472759,0.53180180460472759,0.58754537341300317,-0.53180180460472759,0.53180180460472759,0
829,323,0.99999952667784808,-4.7332226394309417e-07,4.7332226394309417e-07,0.99999952667784808,-4.7332226394309417e-07,4.7332226394309417e-07,0
830,502,0.99975253123870278,-0.00024749938674380266,0.00024749938674380266,0.99975253123870278,-0.00024749938674380266,0.00024749938674380266,0
831,18112,0.97332718121309336,-0.027034993079374299,0.027034993079374299,0.97332718121309336,-0.027034993079374299,0.027034993079374299,0
832,13,0.9993515425094005,-0.00064866783009376501,0.00064866783009376501,0.9993515425094005,-0.00064866783009376501,0.00064866783009376501,0
833,4815,0.0058715147123654596,-5.1376426354370865,5.1376426354370865,0.0058715147123654596,-5.1376426354370865,5.1376426354370865,0
834,32812,0.16636763748036978,-1.7935552558057957,1.7935552558057957,0.16636763748036978,-1.7935552558057957,1.7935552558057957,0
835,512,0.48718366943692459,-0.71911408236636642,0.71911408236636642,0.48718366943692459,-0.71911408236636642,0.71911408236636642,0
836,16,0.55205966086156444,-0.59409915727445139,0.59409915727445139,0.55205966086156444,-0.59409915727445139,0.59409915727445139,0
837,13,0.9992581865950444,-0.00074208868466538104,0.00074208868466538104,0.9992581865950444,-0.00074208868466538104,0.00074208868466538104,0
838,330,0.5870733787130098,-0.53260546064128023,0.53260546064128023,0.5870733787130098,-0.53260546064128023,0.53260546064128023,0
839,1692,0.95480228558190672,-0.046250990739528229,0.046250990739528229,0.95480228558190672,-0.046250990739528229,0.046250990739528229,0
840,10746,0.99980875613338505,-0.00019126215605513224,0.00019126215605513224,0.99980875613338505,-0.00019126215605513224,0.00019126215605513224,0
841,3343,0.45764301179115635,-0.78166584903488057,0.78166584903488057,0.45764301179115635,-0.78166584903488057,0.78166584903488057,0
842,27685,0.54843522208702022,-0.60068610635604158,0.60068610635604158,0.54843522208702022,-0.60068610635604158,0.60068610635604158,0
843,13,0.77469784973114986,-0.25528219696301557,0.25528219696301557,0.77469784973114986,-0.25528219696301557,0.25528219696301557,0
844,58891,0.6114796169493254,-0.49187365728155757,0.49187365728155757,0.6114796169493254,-0.49187365728155757,0.49187365728155757,0
845,220,0.96297393199109349,-0.037728937133895142,0.037728937133895142,0.96297393199109349,-0.037728937133895142,0.037728937133895142,0
846,2366,0.97150484128250014,-0.028909026870316601,0.028909026870316601,0.97150484128250014,-0.028909026870316601,0.028909026870316601,0
847,18,0.94418645173320925,-0.057431619910401056,0.057431619910401056,0.94418645173320925,-0.057431619910401056,0.057431619910401056,0
848,12,0.99992568278194749,-7.4319979713756632e-05,7.4319979713756632e-05,0.99992568278194749,-7.4319979713756632e-05,7.4319979713756632e-05,0
849,2437,0.84779754720923139,-0.16511341319207015,0.16511341319207015,0.84779754720923139,-0.16511341319207015,0.16511341319207015,0
850,12,0.99998714975742653,-1.2850325138597202e-05,1.2850325138597202e-05,0.99998714975742653,-1.2850325138597202e-05,1.2850325138597202e-05,0
851,508,0.93039854876574501,-0.072142237574959703,0.072142237574959703,0.93039854876574501,-0.072142237574959703,0.072142237574959703,0
852,627,0.99132228324166682,-0.0087155873886395861,0.0087155873886395861,0.99132228324166682,-0.0087155873886395861,0.0087155873886395861,0
853,17,0.99992960774970052,-7.0394727950219029e-05,7.0394727950219029e-05,0.99992960774970052,-7.0394727950219029e-05,7.0394727950219029e-05,0
854,13,0.99997677757910564,-2.3222690538986797e-05,2.3222690538986797e-05,0.99997677757910564,-2.3222690538986797e-05,2.3222690538986797e-05,0
855,330,0.9988737139790137,-0.0011269207577283694,0.0011269207577283694,0.9988737139790137,-0.0011269207577283694,0.0011269207577283694,0
856,13730,0.82040697281038399,-0.19795475353872349,0.19795475353872349,0.82040697281038399,-0.19795475353872349,0.19795475353872349,0
857,315,0.99998988055384685,-1.0119497355055244e-05,1.0119497355055244e-05,0.99998988055384685,-1.0119497355055244e-05,1.0119497355055244e-05,0
858,57664,0.99990629784860863,-9.370654171224578e-05,9.370654171224578e-05,0.99990629784860863,-9.370654171224578e-05,9.370654171224578e-05,0
859,3343,0.99977837342498033,-0.00022165113781833079,0.00022165113781833079,0.99977837342498033,-0.00022165113781833079,0.00022165113781833079,0
860,57664,0.37745898392447436,-0.97429336805179512,0.97429336805179512,0.37745898392447436,-0.97429336805179512,0.97429336805179512,0
861,52652,0.27043987439799388,-1.3077054811955247,1.3077054811955247,0.27043987439799388,-1.3077054811955247,1.3077054811955247,0
862,13,0.73223588060831257,-0.31165257566120524,0.31165257566120524,0.73223588060831257,-0.31165257566120524,0.31165257566120524,0
863,58891,0.99771169901203161,-0.0022909231496347003,0.0022909231496347003,0.99771169901203161,-0.0022909231496347003,0.0022909231496347003,0
864,220,0.99998346629410273,-1.6533842580536686e-05,1.6533842580536686e-05,0.99998346629410273,-1.6533842580536686e-05,1.6533842580536686e-05,0
865,2366,0.99999209057762706,-7.9094536525336581e-06,7.9094536525336581e-06,0.99999209057762706,-7.9094536525336581e-06,7.9094536525336581e-06,0
866,18,0.99993274531329779,-6.7256948400083112e-05,6.7256948400083112e-05,0.99993274531329779,-6.7256948400083112e-05,6.7256948400083112e-05,0
867,12,0.99999805468133252,-1.9453205596534207e-06,1.9453205596534207e-06,0.99999805468133252,-1.9453205596534207e-06,1.9453205596534207e-06,0
868,2437,0.99996937889920379,-3.0621569631653042e-05,3.0621569631653042e-05,0.99996937889920379,-3.0621569631653042e-05,3.0621569631653042e-05,0
869,12,0.99999810294209424,-1.8970597051332553e-06,1.8970597051332553e-06,0.99999810294209424,-1.8970597051332553e-06,1.8970597051332553e-06,0
870,508,0.99997644106976069,-2.3559207755233887e-05,2.3559207755233887e-05,0.99997644106976069,-2.3559207755233887e-05,2.3559207755233887e-05,0
871,627,0.98262337174645698,-0.017529373914283945,0.017529373914283945,0.98262337174645698,-0.017529373914283945,0.017529373914283945,0
872,18,0.99993722893527082,-6.2773034914964031e-05,6.2773034914964031e-05,0.99993722893527082,-6.2773034914964031e-05,6.2773034914964031e-05,0
873,13,0.99997995788383531,-2.0042317010564953e-05,2.0042317010564953e-05,0.99997995788383531,-2.0042317010564953e-05,2.0042317010564953e-05,0
874,330,0.99985970492469245,-0.00014030491758217824,0.00014030491758217824,0.99985970492469245,-0.00014030491758217824,0.00014030491758217824,0
875,1692,0.96205875353540171,-0.038679755820268974,0.038679755820268974,0.96205875353540171,-0.038679755820268974,0.038679755820268974,0
876,10746,0.99994533631870386,-5.4665175409613598e-05,5.4665175409613598e-05,0.99994533631870386,-5.4665175409613598e-05,5.4665175409613598e-05,0
877,25,0.76151166905442591,-0.27244978298963907,0.27244978298963907,0.76151166905442591,-0.27244978298963907,0.27244978298963907,0
878,362,0.86274020164070508,-0.14764167419317056,0.14764167419317056,0.86274020164070508,-0.14764167419317056,0.14764167419317056,0
879,37618,0.53325863137136409,-0.62874873541124976,0.62874873541124976,0.53325863137136409,-0.62874873541124976,0.62874873541124976,0
880,11346,0.99995664108306492,-4.33598569600972e-05,4.33598569600972e-05,0.99995664108306492,-4.33598569600972e-05,4.33598569600972e-05,0
881,3343,0.99972744197059538,-0.00027259518009492876,0.00027259518009492876,0.99972744197059538,-0.00027259518009492876,0.00027259518009492876,0
882,57281,0.69902300686186813,-0.35807162332450287,0.35807162332450287,0.69902300686186813,-0.35807162332450287,0.35807162332450287,0
883,11346,0.24310503422370841,-1.4142616894264779,1.4142616894264779,0.24310503422370841,-1.4142616894264779,1.4142616894264779,0
884,13,0.99071562440590721,-0.0093277440505920607,0.0093277440505920607,0.99071562440590721,-0.0093277440505920607,0.0093277440505920607,0
885,58891,0.9994237747726562,-0.00057639130890342616,0.00057639130890342616,0.9994237747726562,-0.00057639130890342616,0.00057639130890342616,0
886,220,0.9999779612092714,-2.2039033586331426e-05,2.2039033586331426e-05,0.9999779612092714,-2.2039033586331426e-05,2.2039033586331426e-05,0
887,2366,0.99999828980881666,-1.7101926457263012e-06,1.7101926457263012e-06,0.99999828980881666,-1.7101926457263012e-06,1.7101926457263012e-06,0
888,18,0.99999460603575641,-5.3939787911240016e-06,5.3939787911240016e-06,0.99999460603575641,-5.3939787911240016e-06,5.3939787911240016e-06,0
889,12,0.99999436415271081,-5.6358631706060391e-06,5.6358631706060391e-06,0.99999436415271081,-5.6358631706060391e-06,5.6358631706060391e-06,0
890,2437,0.9999900679890813,-9.9320602414962997e-06,9.9320602414962997e-06,0.9999900679890813,-9.9320602414962997e-06,9.9320602414962997e-06,0
891,12,0.99999868894654731,-1.3110543121057647e-06,1.3110543121057647e-06,0.99999868894654731,-1.3110543121057647e-06,1.3110543121057647e-06,0
892,508,0.99997810336547222,-2.1896874262611692e-05,2.1896874262611692e-05,0.99997810336547222,-2.1896874262611692e-05,2.1896874262611692e-05,0
893,627,0.51161278076898464,-0.67018722763291649,0.67018722763291649,0.51161278076898464,-0.67018722763291649,0.67018722763291649,0
894,19,0.99947994785593131,-0.00052018741808665847,0.00052018741808665847,0.99947994785593131,-0.00052018741808665847,0.00052018741808665847,0
895,13,0.99996048609155641,-3.9514689138644507e-05,3.9514689138644507e-05,0.99996048609155641,-3.9514689138644507e-05,3.9514689138644507e-05,0
896,330,0.99988710571855743,-0.00011290065448162815,0.00011290065448162815,0.99988710571855743,-0.00011290065448162815,0.00011290065448162815,0
897,791,0.73517519759829264,-0.30764644409419417,0.30764644409419417,0.73517519759829264,-0.30764644409419417,0.30764644409419417,0
898,11346,0.30488365773661602,-1.1878250251891815,1.1878250251891815,0.30488365773661602,-1.1878250251891815,1.1878250251891815,0
899,315,0.99999272909917547,-7.2709272576520309e-06,7.2709272576520309e-06,0.99999272909917547,-7.2709272576520309e-06,7.2709272576520309e-06,0
900,57664,0.98112334782267485,-0.019057090498687156,0.019057090498687156,0.98112334782267485,-0.019057090498687156,0.019057090498687156,0
901,3343,0.973906627434177,-0.026439844992263414,0.026439844992263414,0.973906627434177,-0.026439844992263414,0.026439844992263414,0
902,57664,0.66922858364661841,-0.40162959762172934,0.40162959762172934,0.66922858364661841,-0.40162959762172934,0.40162959762172934,0
903,41143,0.22380301072264505,-1.4969890304573328,1.4969890304573328,0.22380301072264505,-1.4969890304573328,1.4969890304573328,0
904,13581,0.88013019607754206,-0.12768543236530386,0.12768543236530386,0.88013019607754206,-0.12768543236530386,0.12768543236530386,0
905,13,0.99996956881151089,-3.043165152713678e-05,3.043165152713678e-05,0.99996956881151089,-3.043165152713678e-05,3.043165152713678e-05,0
906,58891,0.99952867743202067,-0.00047143367537387358,0.00047143367537387358,0.99952867743202067,-0.00047143367537387358,0.00047143367537387358,0
907,220,0.99997747780573798,-2.2522447890464462e-05,2.2522447890464462e-05,0.99997747780573798,-2.2522447890464462e-05,2.2522447890464462e-05,0
908,2366,0.99999803906788076,-1.9609340418632319e-06,1.9609340418632319e-06,0.99999803906788076,-1.9609340418632319e-06,1.9609340418632319e-06,0
909,18,0.99999623626496059,-3.763742122301582e-06,3.763742122301582e-06,0.99999623626496059,-3.763742122301582e-06,3.763742122301582e-06,0
910,12,0.99999390391696785,-6.0961016133778087e-06,6.0961016133778087e-06,0.99999390391696785,-6.0961016133778087e-06,6.0961016133778087e-06,0
911,2437,0.99998915590594051,-1.0844152857054064e-05,1.0844152857054064e-05,0.99998915590594051,-1.0844152857054064e-05,1.0844152857054064e-05,0
912,12,0.99999539829984996,-4.6017107378827606e-06,4.6017107378827606e-06,0.99999539829984996,-4.6017107378827606e-06,4.6017107378827606e-06,0
913,508,0.99998610944174815,-1.3890654726581355e-05,1.3890654726581355e-05,0.99998610944174815,-1.3890654726581355e-05,1.3890654726581355e-05,0
914,13,0.54978416912706651,-0.59822949754137722,0.59822949754137722,0.54978416912706651,-0.59822949754137722,0.59822949754137722,0
915,4815,0.050298280044320201,-2.9897843964109665,2.9897843964109665,0.050298280044320201,-2.9897843964109665,2.9897843964109665,0
916,9290,0.6374711798896,-0.45024621098778267,0.45024621098778267,0.6374711798896,-0.45024621098778267,0.45024621098778267,0
917,25,0.98965822123529379,-0.010395626534928978,0.010395626534928978,0.98965822123529379,-0.010395626534928978,0.010395626534928978,0
918,578,0.91126240373791145,-0.092924383968192373,0.092924383968192373,0.91126240373791145,-0.092924383968192373,0.092924383968192373,0
919,15407,0.68791919610219587,-0.37408389547217219,0.37408389547217219,0.68791919610219587,-0.37408389547217219,0.37408389547217219,0
920,3984,0.96797814646865055,-0.032545767922538715,0.032545767922538715,0.96797814646865055,-0.032545767922538715,0.032545767922538715,0
921,527,0.99742807220076157,-0.0025752408874423214,0.0025752408874423214,0.99742807220076157,-0.0025752408874423214,0.0025752408874423214,0
922,264,0.55249135461742915,-0.59331749346391605,0.59331749346391605,0.55249135461742915,-0.59331749346391605,0.59331749346391605,0
923,6727,0.75141680444337444,-0.2857947819143094,0.2857947819143094,0.75141680444337444,-0.2857947819143094,0.2857947819143094,0
924,315,0.99993979178766967,-6.0210024917498337e-05,6.0210024917498337e-05,0.99993979178766967,-6.0210024917498337e-05,6.0210024917498337e-05,0
925,8336,0.43501174944826909,-0.83238223803231659,0.83238223803231659,0.43501174944826909,-0.83238223803231659,0.83238223803231659,0
926,430,0.72838693072042837,-0.3169228737382675,0.3169228737382675,0.72838693072042837,-0.3169228737382675,0.3169228737382675,0
927,649,0.51746583512012623,-0.65881177511351263,0.65881177511351263,0.51746583512012623,-0.65881177511351263,0.65881177511351263,0
928,387,0.99843825697425992,-0.0015629638175869761,0.0015629638175869761,0.99843825697425992,-0.0015629638175869761,0.0015629638175869761,0
929,1511,0.99833608572350818,-0.0016653001193474288,0.0016653001193474288,0.99833608572350818,-0.0016653001193474288,0.0016653001193474288,0
930,311,0.78150712297222091,-0.2465310146743358,0.2465310146743358,0.78150712297222091,-0.2465310146743358,0.2465310146743358,0
931,4726,0.6214756679370711,-0.47565851934150488,0.47565851934150488,0.6214756679370711,-0.47565851934150488,0.47565851934150488,0
932,3495,0.88503768071050914,-0.1221250578065638,0.1221250578065638,0.88503768071050914,-0.1221250578065638,0.1221250578065638,0
933,279,0.86667006973503147,-0.14309691703103852,0.14309691703103852,0.86667006973503147,-0.14309691703103852,0.14309691703103852,0
934,3925,0.99444392475140053,-0.0055715676459489917,0.0055715676459489917,0.99444392475140053,-0.0055715676459489917,0.0055715676459489917,0
935,315,0.99993349009282761,-6.6512119054297145e-05,6.6512119054297145e-05,0.99993349009282761,-6.6512119054297145e-05,6.6512119054297145e-05,0
936,57664,0.99999868511580459,-1.3148850599021674e-06,1.3148850599021674e-06,0.99999868511580459,-1.3148850599021674e-06,1.3148850599021674e-06,0
937,13,0.99944273453116783,-0.00055742079894296722,0.00055742079894296722,0.99944273453116783,-0.00055742079894296722,0.00055742079894296722,0
938,2435,0.80712784996121745,-0.21427319703821832,0.21427319703821832,0.80712784996121745,-0.21427319703821832,0.21427319703821832,0
939,527,0.83231524987669692,-0.18354400382591829,0.18354400382591829,0.83231524987669692,-0.18354400382591829,0.18354400382591829,0
940,539,0.87464453000758624,-0.13393772658688827,0.13393772658688827,0.87464453000758624,-0.13393772658688827,0.13393772658688827,0
941,459,0.69509644682910787,-0.36370467062936329,0.36370467062936329,0.69509644682910787,-0.36370467062936329,0.36370467062936329,0
942,73603,0.99997796097149139,-2.2039271371544777e-05,2.2039271371544777e-05,0.99997796097149139,-2.2039271371544777e-05,2.2039271371544777e-05,0
943,1160,0.99999706080289896,-2.9392014204479663e-06,2.9392014204479663e-06,0.99999706080289896,-2.9392014204479663e-06,2.9392014204479663e-06,0
944,323,0.54645621974276026,-0.60430108483481615,0.60430108483481615,0.54645621974276026,-0.60430108483481615,0.60430108483481615,0
945,527,0.88736861057129623,-0.11949481301893253,0.11949481301893253,0.88736861057129623,-0.11949481301893253,0.11949481301893253,0
946,10825,0.56427494031794545,-0.57221366343199687,0.57221366343199687,0.56427494031794545,-0.57221366343199687,0.57221366343199687,0
947,311,0.99956702691195309,-0.00043306684795899487,0.00043306684795899487,0.99956702691195309,-0.00043306684795899487,0.00043306684795899487,0
948,3493,0.96918678122087065,-0.03129792898866722,0.03129792898866722,0.96918678122087065,-0.03129792898866722,0.03129792898866722,0
949,264,0.99882433683769822,-0.0011763547963763138,0.0011763547963763138,0.99882433683769822,-0.0011763547963763138,0.0011763547963763138,0
950,6041,0.9993533098245817,-0.00064689936970395315,0.00064689936970395315,0.9993533098245817,-0.00064689936970395315,0.00064689936970395315,0
951,1486,0.99999770297604773,-2.2970265904363764e-06,2.2970265904363764e-06,0.99999770297604773,-2.2970265904363764e-06,2.2970265904363764e-06,0
952,369,0.99999987678744928,-1.2321255833717623e-07,1.2321255833717623e-07,0.99999987678744928,-1.2321255833717623e-07,1.2321255833717623e-07,0
953,4726,0.9889177081664392,-0.011144157933119157,0.011144157933119157,0.9889177081664392,-0.011144157933119157,0.011144157933119157,0
954,3495,0.44678570408885376,-0.80567620851909383,0.80567620851909383,0.44678570408885376,-0.80567620851909383,0.80567620851909383,0
955,13,0.99803601856914492,-0.0019659125712823667,0.0019659125712823667,0.99803601856914492,-0.0019659125712823667,0.0019659125712823667,0
956,4815,0.11016713901186558,-2.2057566208167239,2.2057566208167239,0.11016713901186558,-2.2057566208167239,2.2057566208167239,0
957,2028,0.17623733732137536,-1.7359236848558379,1.7359236848558379,0.17623733732137536,-1.7359236848558379,1.7359236848558379,0
958,2077,0.38193316435986646,-0.96250964809199624,0.96250964809199624,0.38193316435986646,-0.96250964809199624,0.96250964809199624,0
959,374,0.48272133598596639,-0.72831573595430443,0.72831573595430443,0.48272133598596639,-0.72831573595430443,0.72831573595430443,0
960,3196,0.79696906186831784,-0.22693941917834554,0.22693941917834554,0.79696906186831784,-0.22693941917834554,0.22693941917834554,0
961,389,0.99866259906849997,-0.0013382960503033339,0.0013382960503033339,0.99866259906849997,-0.0013382960503033339,0.0013382960503033339,0
962,279,0.8240845360958059,-0.19348216198562151,0.19348216198562151,0.8240845360958059,-0.19348216198562151,0.19348216198562151,0
963,3984,0.45218209038737728,-0.79367032543479965,0.79367032543479965,0.45218209038737728,-0.79367032543479965,0.79367032543479965,0
964,1495,0.9386769102522915,-0.06328393752103717,0.06328393752103717,0.9386769102522915,-0.06328393752103717,0.06328393752103717,0
965,323,0.93940448454615022,-0.062509131559727801,0.062509131559727801,0.93940448454615022,-0.062509131559727801,0.062509131559727801,0
966,1587,0.48245031569521879,-0.72887733615754025,0.72887733615754025,0.48245031569521879,-0.72887733615754025,0.72887733615754025,0
967,539,0.9999747092043012,-2.529111551640026e-05,2.529111551640026e-05,0.9999747092043012,-2.529111551640026e-05,2.529111551640026e-05,0
968,2997,0.81013248605218613,-0.21055748166323585,0.21055748166323585,0.81013248605218613,-0.21055748166323585,0.21055748166323585,0
969,904,0.7976417449091483,-0.2260957235532137,0.2260957235532137,0.7976417449091483,-0.2260957235532137,0.2260957235532137,0
970,5217,0.47171003460389693,-0.75139081564302557,0.75139081564302557,0.47171003460389693,-0.75139081564302557,0.75139081564302557,0
971,2038,0.90076107532781746,-0.10451523375612297,0.10451523375612297,0.90076107532781746,-0.10451523375612297,0.10451523375612297,0
972,477,0.69352795169346759,-0.36596373478574723,0.36596373478574723,0.69352795169346759,-0.36596373478574723,0.36596373478574723,0
973,8336,0.22116789350100813,-1.5088331667900925,1.5088331667900925,0.22116789350100813,-1.5088331667900925,1.5088331667900925,0
974,430,0.41426351162801267,-0.88125300612105928,0.88125300612105928,0.41426351162801267,-0.88125300612105928,0.88125300612105928,0
975,1253,0.91326801626022847,-0.090725885868998976,0.090725885868998976,0.91326801626022847,-0.090725885868998976,0.090725885868998976,0
976,387,0.69058387026156975,-0.37021785042183919,0.37021785042183919,0.69058387026156975,-0.37021785042183919,0.37021785042183919,0
977,2561,0.82853069574852067,-0.18810139301485651,0.18810139301485651,0.82853069574852067,-0.18810139301485651,0.18810139301485651,0
978,13,0.93502997639243113,-0.067176689894610356,0.067176689894610356,0.93502997639243113,-0.067176689894610356,0.067176689894610356,0
979,1442,0.45769304079292567,-0.78155653617283849,0.78155653617283849,0.45769304079292567,-0.78155653617283849,0.78155653617283849,0
980,499,0.99858130246784904,-0.0014197048363142086,0.0014197048363142086,0.99858130246784904,-0.0014197048363142086,0.0014197048363142086,0
981,617,0.67208547399158813,-0.39736975310752387,0.39736975310752387,0.67208547399158813,-0.39736975310752387,0.39736975310752387,0
982,904,0.99904084049823427,-0.00095961978959042808,0.00095961978959042808,0.99904084049823427,-0.00095961978959042808,0.00095961978959042808,0
983,3230,0.86658408321585223,-0.14319613677801374,0.14319613677801374,0.86658408321585223,-0.14319613677801374,0.14319613677801374,0
984,4860,0.99810676083592276,-0.0018950336065736567,0.0018950336065736567,0.99810676083592276,-0.0018950336065736567,0.0018950336065736567,0
985,477,0.99922411232374309,-0.00077618883288592226,0.00077618883288592226,0.99922411232374309,-0.00077618883288592226,0.00077618883288592226,0
986,1053,0.44941031091222106,-0.79981897576420269,0.79981897576420269,0.44941031091222106,-0.79981897576420269,0.79981897576420269,0
987,1093,0.99999901874560526,-9.8125487620421227e-07,9.8125487620421227e-07,0.99999901874560526,-9.8125487620421227e-07,9.8125487620421227e-07,0
988,4726,0.55582226881680152,-0.58730669623526743,0.58730669623526743,0.55582226881680152,-0.58730669623526743,0.58730669623526743,0
989,64784,0.88292468500054666,-0.12451537646607248,0.12451537646607248,0.88292468500054666,-0.12451537646607248,0.12451537646607248,0
990,389,0.92407087341731076,-0.078966507449377304,0.078966507449377304,0.92407087341731076,-0.078966507449377304,0.078966507449377304,0
991,904,0.99829748108038796,-0.0017039698520082418,0.0017039698520082418,0.99829748108038796,-0.0017039698520082418,0.0017039698520082418,0
992,315,0.76729394002182238,-0.26488531762480189,0.26488531762480189,0.76729394002182238,-0.26488531762480189,0.26488531762480189,0
993,279,0.9999978775953724,-2.1224068799143169e-06,2.1224068799143169e-06,0.9999978775953724,-2.1224068799143169e-06,2.1224068799143169e-06,0
994,3585,0.99146231025295251,-0.0085743446011195979,0.0085743446011195979,0.99146231025295251,-0.0085743446011195979,0.0085743446011195979,0
995,9932,0.91170528208419999,-0.092438496743261142,0.092438496743261142,0.91170528208419999,-0.092438496743261142,0.092438496743261142,0
996,11,0.97907995103910983,-0.021141973760466549,0.021141973760466549,0.97907995103910983,-0.021141973760466549,0.021141973760466549,0
997,4587,0.93642815788518396,-0.065682473457400178,0.065682473457400178,0.93642815788518396,-0.065682473457400178,0.065682473457400178,0
998,1095,0.87730989471870746,-0.1308949913080649,0.1308949913080649,0.87730989471870746,-0.1308949913080649,0.1308949913080649,0
999,757,0.99999813702927376,-1.8629724615746769e-06,1.8629724615746769e-06,0.99999813702927376,-1.8629724615746769e-06,1.8629724615746769e-06,0
1000,1440,0.99997766738963012,-2.233285974630245e-05,2.233285974630245e-05,0.99997766738963012,-2.233285974630245e-05,2.233285974630245e-05,0
1001,13,0.75445929136587253,-0.28175395668195119,0.28175395668195119,0.75445929136587253,-0.28175395668195119,0.28175395668195119,0
1002,4815,0.35075672655462803,-1.0476623825508735,1.0476623825508735,0.35075672655462803,-1.0476623825508735,1.0476623825508735,0
1003,13699,0.43408405575498915,-0.83451708677985925,0.83451708677985925,0.43408405575498915,-0.83451708677985925,0.83451708677985925,0
1004,11,0.98323418122099071,-0.016907956056954894,0.016907956056954894,0.98323418122099071,-0.016907956056954894,0.016907956056954894,0
1005,4587,0.71393044647718218,-0.33696973528509849,0.33696973528509849,0.71393044647718218,-0.33696973528509849,0.33696973528509849,0
1006,5296,0.99294299785902018,-0.0070820205533964299,0.0070820205533964299,0.99294299785902018,-0.0070820205533964299,0.0070820205533964299,0
1007,430,0.99997309289532721,-2.6907466675401991e-05,2.6907466675401991e-05,0.99997309289532721,-2.6907466675401991e-05,2.6907466675401991e-05,0
1008,279,0.91031582237196773,-0.093963682130169937,0.093963682130169937,0.91031582237196773,-0.093963682130169937,0.093963682130169937,0
1009,1495,0.25146216638374697,-1.3804627326321219,1.3804627326321219,0.25146216638374697,-1.3804627326321219,1.3804627326321219,0
1010,3984,0.36515453062032144,-1.0074346434335735,1.0074346434335735,0.36515453062032144,-1.0074346434335735,1.0074346434335735,0
1011,374,0.50370711849476479,-0.68576029392069593,0.68576029392069593,0.50370711849476479,-0.68576029392069593,0.68576029392069593,0
1012,264,0.87893206369461307,-0.12904767245834653,0.12904767245834653,0.87893206369461307,-0.12904767245834653,0.12904767245834653,0
1013,4689,0.37635241347877735,-0.97722930466503777,0.97722930466503777,0.37635241347877735,-0.97722930466503777,0.97722930466503777,0
1014,24131,0.85597833409269652,-0.15551021380008778,0.15551021380008778,0.85597833409269652,-0.15551021380008778,0.15551021380008778,0
1015,315,0.99931745547366946,-0.00068277756589175682,0.00068277756589175682,0.99931745547366946,-0.00068277756589175682,0.00068277756589175682,0
1016,279,0.95113489674644658,-0.050099379233819165,0.050099379233819165,0.95113489674644658,-0.050099379233819165,0.050099379233819165,0
1017,3925,0.99969553207773021,-0.00030451428203786613,0.00030451428203786613,0.99969553207773021,-0.00030451428203786613,0.00030451428203786613,0
1018,315,0.99999691700720406,-3.0829975483436836e-06,3.0829975483436836e-06,0.99999691700720406,-3.0829975483436836e-06,3.0829975483436836e-06,0
1019,57664,0.99999332708174915,-6.6729405148914491e-06,6.6729405148914491e-06,0.99999332708174915,-6.6729405148914491e-06,6.6729405148914491e-06,0
1020,323,0.69198315453445214,-0.36819366681907312,0.36819366681907312,0.69198315453445214,-0.36819366681907312,0.36819366681907312,0
1021,1253,0.95202513397221478,-0.049163843307960066,0.049163843307960066,0.95202513397221478,-0.049163843307960066,0.049163843307960066,0
1022,539,0.99205145754671709,-0.0079803005156646838,0.0079803005156646838,0.99205145754671709,-0.0079803005156646838,0.0079803005156646838,0
1023,387,0.53995979967463903,-0.61626058724195176,0.61626058724195176,0.53995979967463903,-0.61626058724195176,0.61626058724195176,0
